id,id_dr,scenario,date,value
1,1,1,2023-11-01 00:00:00,0
2,1,1,2024-11-01 00:00:00,0
3,1,1,2025-11-01 00:00:00,0
4,1,1,2026-11-01 00:00:00,0
5,1,1,2027-11-01 00:00:00,0
6,1,1,2028-11-01 00:00:00,0
7,1,1,2029-11-01 00:00:00,0
8,1,1,2030-11-01 00:00:00,0
9,1,1,2031-11-01 00:00:00,0
10,1,1,2032-11-01 00:00:00,0
11,1,1,2033-11-01 00:00:00,0
12,1,1,2034-11-01 00:00:00,0
13,1,1,2035-11-01 00:00:00,0
14,1,1,2036-11-01 00:00:00,0
15,1,1,2037-11-01 00:00:00,0
16,1,1,2038-11-01 00:00:00,0
17,1,1,2039-11-01 00:00:00,0
18,1,1,2040-11-01 00:00:00,0
19,1,1,2041-11-01 00:00:00,0
20,1,1,2042-11-01 00:00:00,0
21,1,1,2043-11-01 00:00:00,0
22,1,1,2044-11-01 00:00:00,0
23,1,1,2045-11-01 00:00:00,0
24,1,1,2046-11-01 00:00:00,0
25,1,1,2047-11-01 00:00:00,0
26,1,1,2048-11-01 00:00:00,0
27,1,1,2049-11-01 00:00:00,0
28,1,1,2050-11-01 00:00:00,0
29,1,1,2051-11-01 00:00:00,0
30,1,1,2052-11-01 00:00:00,0
31,1,1,2053-11-01 00:00:00,0
32,1,1,2024-04-01 00:00:00,0
33,1,1,2025-04-01 00:00:00,0
34,1,1,2026-04-01 00:00:00,0
35,1,1,2027-04-01 00:00:00,0
36,1,1,2028-04-01 00:00:00,0
37,1,1,2029-04-01 00:00:00,0
38,1,1,2030-04-01 00:00:00,0
39,1,1,2031-04-01 00:00:00,0
40,1,1,2032-04-01 00:00:00,0
41,1,1,2033-04-01 00:00:00,0
42,1,1,2034-04-01 00:00:00,0
43,1,1,2035-04-01 00:00:00,0
44,1,1,2036-04-01 00:00:00,0
45,1,1,2037-04-01 00:00:00,0
46,1,1,2038-04-01 00:00:00,0
47,1,1,2039-04-01 00:00:00,0
48,1,1,2040-04-01 00:00:00,0
49,1,1,2041-04-01 00:00:00,0
50,1,1,2042-04-01 00:00:00,0
51,1,1,2043-04-01 00:00:00,0
52,1,1,2044-04-01 00:00:00,0
53,1,1,2045-04-01 00:00:00,0
54,1,1,2046-04-01 00:00:00,0
55,1,1,2047-04-01 00:00:00,0
56,1,1,2048-04-01 00:00:00,0
57,1,1,2049-04-01 00:00:00,0
58,1,1,2050-04-01 00:00:00,0
59,1,1,2051-04-01 00:00:00,0
60,1,1,2052-04-01 00:00:00,0
61,1,1,2053-04-01 00:00:00,0
62,1,1,2054-04-01 00:00:00,0
63,1,2,2023-11-01 00:00:00,0
64,1,2,2024-11-01 00:00:00,0
65,1,2,2025-11-01 00:00:00,0
66,1,2,2026-11-01 00:00:00,0
67,1,2,2027-11-01 00:00:00,0
68,1,2,2028-11-01 00:00:00,0
69,1,2,2029-11-01 00:00:00,0
70,1,2,2030-11-01 00:00:00,0
71,1,2,2031-11-01 00:00:00,0
72,1,2,2032-11-01 00:00:00,0
73,1,2,2033-11-01 00:00:00,0
74,1,2,2034-11-01 00:00:00,0
75,1,2,2035-11-01 00:00:00,0
76,1,2,2036-11-01 00:00:00,0
77,1,2,2037-11-01 00:00:00,0
78,1,2,2038-11-01 00:00:00,0
79,1,2,2039-11-01 00:00:00,0
80,1,2,2040-11-01 00:00:00,0
81,1,2,2041-11-01 00:00:00,0
82,1,2,2042-11-01 00:00:00,0
83,1,2,2043-11-01 00:00:00,0
84,1,2,2044-11-01 00:00:00,0
85,1,2,2045-11-01 00:00:00,0
86,1,2,2046-11-01 00:00:00,0
87,1,2,2047-11-01 00:00:00,0
88,1,2,2048-11-01 00:00:00,0
89,1,2,2049-11-01 00:00:00,0
90,1,2,2050-11-01 00:00:00,0
91,1,2,2051-11-01 00:00:00,0
92,1,2,2052-11-01 00:00:00,0
93,1,2,2053-11-01 00:00:00,0
94,1,2,2024-04-01 00:00:00,0
95,1,2,2025-04-01 00:00:00,0
96,1,2,2026-04-01 00:00:00,0
97,1,2,2027-04-01 00:00:00,0
98,1,2,2028-04-01 00:00:00,0
99,1,2,2029-04-01 00:00:00,0
100,1,2,2030-04-01 00:00:00,0
101,1,2,2031-04-01 00:00:00,0
102,1,2,2032-04-01 00:00:00,0
103,1,2,2033-04-01 00:00:00,0
104,1,2,2034-04-01 00:00:00,0
105,1,2,2035-04-01 00:00:00,0
106,1,2,2036-04-01 00:00:00,0
107,1,2,2037-04-01 00:00:00,0
108,1,2,2038-04-01 00:00:00,0
109,1,2,2039-04-01 00:00:00,0
110,1,2,2040-04-01 00:00:00,0
111,1,2,2041-04-01 00:00:00,0
112,1,2,2042-04-01 00:00:00,0
113,1,2,2043-04-01 00:00:00,0
114,1,2,2044-04-01 00:00:00,0
115,1,2,2045-04-01 00:00:00,0
116,1,2,2046-04-01 00:00:00,0
117,1,2,2047-04-01 00:00:00,0
118,1,2,2048-04-01 00:00:00,0
119,1,2,2049-04-01 00:00:00,0
120,1,2,2050-04-01 00:00:00,0
121,1,2,2051-04-01 00:00:00,0
122,1,2,2052-04-01 00:00:00,0
123,1,2,2053-04-01 00:00:00,0
124,1,2,2054-04-01 00:00:00,0
125,1,3,2023-11-01 00:00:00,0
126,1,3,2024-11-01 00:00:00,0
127,1,3,2025-11-01 00:00:00,0
128,1,3,2026-11-01 00:00:00,0
129,1,3,2027-11-01 00:00:00,0
130,1,3,2028-11-01 00:00:00,0
131,1,3,2029-11-01 00:00:00,0
132,1,3,2030-11-01 00:00:00,0
133,1,3,2031-11-01 00:00:00,0
134,1,3,2032-11-01 00:00:00,0
135,1,3,2033-11-01 00:00:00,0
136,1,3,2034-11-01 00:00:00,0
137,1,3,2035-11-01 00:00:00,0
138,1,3,2036-11-01 00:00:00,0
139,1,3,2037-11-01 00:00:00,0
140,1,3,2038-11-01 00:00:00,0
141,1,3,2039-11-01 00:00:00,0
142,1,3,2040-11-01 00:00:00,0
143,1,3,2041-11-01 00:00:00,0
144,1,3,2042-11-01 00:00:00,0
145,1,3,2043-11-01 00:00:00,0
146,1,3,2044-11-01 00:00:00,0
147,1,3,2045-11-01 00:00:00,0
148,1,3,2046-11-01 00:00:00,0
149,1,3,2047-11-01 00:00:00,0
150,1,3,2048-11-01 00:00:00,0
151,1,3,2049-11-01 00:00:00,0
152,1,3,2050-11-01 00:00:00,0
153,1,3,2051-11-01 00:00:00,0
154,1,3,2052-11-01 00:00:00,0
155,1,3,2053-11-01 00:00:00,0
156,1,3,2024-04-01 00:00:00,0
157,1,3,2025-04-01 00:00:00,0
158,1,3,2026-04-01 00:00:00,0
159,1,3,2027-04-01 00:00:00,0
160,1,3,2028-04-01 00:00:00,0
161,1,3,2029-04-01 00:00:00,0
162,1,3,2030-04-01 00:00:00,0
163,1,3,2031-04-01 00:00:00,0
164,1,3,2032-04-01 00:00:00,0
165,1,3,2033-04-01 00:00:00,0
166,1,3,2034-04-01 00:00:00,0
167,1,3,2035-04-01 00:00:00,0
168,1,3,2036-04-01 00:00:00,0
169,1,3,2037-04-01 00:00:00,0
170,1,3,2038-04-01 00:00:00,0
171,1,3,2039-04-01 00:00:00,0
172,1,3,2040-04-01 00:00:00,0
173,1,3,2041-04-01 00:00:00,0
174,1,3,2042-04-01 00:00:00,0
175,1,3,2043-04-01 00:00:00,0
176,1,3,2044-04-01 00:00:00,0
177,1,3,2045-04-01 00:00:00,0
178,1,3,2046-04-01 00:00:00,0
179,1,3,2047-04-01 00:00:00,0
180,1,3,2048-04-01 00:00:00,0
181,1,3,2049-04-01 00:00:00,0
182,1,3,2050-04-01 00:00:00,0
183,1,3,2051-04-01 00:00:00,0
184,1,3,2052-04-01 00:00:00,0
185,1,3,2053-04-01 00:00:00,0
186,1,3,2054-04-01 00:00:00,0
187,2,1,2023-11-01 00:00:00,0
188,2,1,2024-11-01 00:00:00,0
189,2,1,2025-11-01 00:00:00,0
190,2,1,2026-11-01 00:00:00,0
191,2,1,2027-11-01 00:00:00,0
192,2,1,2028-11-01 00:00:00,0
193,2,1,2029-11-01 00:00:00,0
194,2,1,2030-11-01 00:00:00,0
195,2,1,2031-11-01 00:00:00,0
196,2,1,2032-11-01 00:00:00,0
197,2,1,2033-11-01 00:00:00,0
198,2,1,2034-11-01 00:00:00,0
199,2,1,2035-11-01 00:00:00,0
200,2,1,2036-11-01 00:00:00,0
201,2,1,2037-11-01 00:00:00,0
202,2,1,2038-11-01 00:00:00,0
203,2,1,2039-11-01 00:00:00,0
204,2,1,2040-11-01 00:00:00,0
205,2,1,2041-11-01 00:00:00,0
206,2,1,2042-11-01 00:00:00,0
207,2,1,2043-11-01 00:00:00,0
208,2,1,2044-11-01 00:00:00,0
209,2,1,2045-11-01 00:00:00,0
210,2,1,2046-11-01 00:00:00,0
211,2,1,2047-11-01 00:00:00,0
212,2,1,2048-11-01 00:00:00,0
213,2,1,2049-11-01 00:00:00,0
214,2,1,2050-11-01 00:00:00,0
215,2,1,2051-11-01 00:00:00,0
216,2,1,2052-11-01 00:00:00,0
217,2,1,2053-11-01 00:00:00,0
218,2,1,2024-04-01 00:00:00,0
219,2,1,2025-04-01 00:00:00,0
220,2,1,2026-04-01 00:00:00,0
221,2,1,2027-04-01 00:00:00,0
222,2,1,2028-04-01 00:00:00,0
223,2,1,2029-04-01 00:00:00,0
224,2,1,2030-04-01 00:00:00,0
225,2,1,2031-04-01 00:00:00,0
226,2,1,2032-04-01 00:00:00,0
227,2,1,2033-04-01 00:00:00,0
228,2,1,2034-04-01 00:00:00,0
229,2,1,2035-04-01 00:00:00,0
230,2,1,2036-04-01 00:00:00,0
231,2,1,2037-04-01 00:00:00,0
232,2,1,2038-04-01 00:00:00,0
233,2,1,2039-04-01 00:00:00,0
234,2,1,2040-04-01 00:00:00,0
235,2,1,2041-04-01 00:00:00,0
236,2,1,2042-04-01 00:00:00,0
237,2,1,2043-04-01 00:00:00,0
238,2,1,2044-04-01 00:00:00,0
239,2,1,2045-04-01 00:00:00,0
240,2,1,2046-04-01 00:00:00,0
241,2,1,2047-04-01 00:00:00,0
242,2,1,2048-04-01 00:00:00,0
243,2,1,2049-04-01 00:00:00,0
244,2,1,2050-04-01 00:00:00,0
245,2,1,2051-04-01 00:00:00,0
246,2,1,2052-04-01 00:00:00,0
247,2,1,2053-04-01 00:00:00,0
248,2,1,2054-04-01 00:00:00,0
249,2,2,2023-11-01 00:00:00,0
250,2,2,2024-11-01 00:00:00,0
251,2,2,2025-11-01 00:00:00,0
252,2,2,2026-11-01 00:00:00,0
253,2,2,2027-11-01 00:00:00,0
254,2,2,2028-11-01 00:00:00,0
255,2,2,2029-11-01 00:00:00,0
256,2,2,2030-11-01 00:00:00,0
257,2,2,2031-11-01 00:00:00,0
258,2,2,2032-11-01 00:00:00,0
259,2,2,2033-11-01 00:00:00,0
260,2,2,2034-11-01 00:00:00,0
261,2,2,2035-11-01 00:00:00,0
262,2,2,2036-11-01 00:00:00,0
263,2,2,2037-11-01 00:00:00,0
264,2,2,2038-11-01 00:00:00,0
265,2,2,2039-11-01 00:00:00,0
266,2,2,2040-11-01 00:00:00,0
267,2,2,2041-11-01 00:00:00,0
268,2,2,2042-11-01 00:00:00,0
269,2,2,2043-11-01 00:00:00,0
270,2,2,2044-11-01 00:00:00,0
271,2,2,2045-11-01 00:00:00,0
272,2,2,2046-11-01 00:00:00,0
273,2,2,2047-11-01 00:00:00,0
274,2,2,2048-11-01 00:00:00,0
275,2,2,2049-11-01 00:00:00,0
276,2,2,2050-11-01 00:00:00,0
277,2,2,2051-11-01 00:00:00,0
278,2,2,2052-11-01 00:00:00,0
279,2,2,2053-11-01 00:00:00,0
280,2,2,2024-04-01 00:00:00,0
281,2,2,2025-04-01 00:00:00,0
282,2,2,2026-04-01 00:00:00,0
283,2,2,2027-04-01 00:00:00,0
284,2,2,2028-04-01 00:00:00,0
285,2,2,2029-04-01 00:00:00,0
286,2,2,2030-04-01 00:00:00,0
287,2,2,2031-04-01 00:00:00,0
288,2,2,2032-04-01 00:00:00,0
289,2,2,2033-04-01 00:00:00,0
290,2,2,2034-04-01 00:00:00,0
291,2,2,2035-04-01 00:00:00,0
292,2,2,2036-04-01 00:00:00,0
293,2,2,2037-04-01 00:00:00,0
294,2,2,2038-04-01 00:00:00,0
295,2,2,2039-04-01 00:00:00,0
296,2,2,2040-04-01 00:00:00,0
297,2,2,2041-04-01 00:00:00,0
298,2,2,2042-04-01 00:00:00,0
299,2,2,2043-04-01 00:00:00,0
300,2,2,2044-04-01 00:00:00,0
301,2,2,2045-04-01 00:00:00,0
302,2,2,2046-04-01 00:00:00,0
303,2,2,2047-04-01 00:00:00,0
304,2,2,2048-04-01 00:00:00,0
305,2,2,2049-04-01 00:00:00,0
306,2,2,2050-04-01 00:00:00,0
307,2,2,2051-04-01 00:00:00,0
308,2,2,2052-04-01 00:00:00,0
309,2,2,2053-04-01 00:00:00,0
310,2,2,2054-04-01 00:00:00,0
311,2,3,2023-11-01 00:00:00,0
312,2,3,2024-11-01 00:00:00,0
313,2,3,2025-11-01 00:00:00,0
314,2,3,2026-11-01 00:00:00,0
315,2,3,2027-11-01 00:00:00,0
316,2,3,2028-11-01 00:00:00,0
317,2,3,2029-11-01 00:00:00,0
318,2,3,2030-11-01 00:00:00,0
319,2,3,2031-11-01 00:00:00,0
320,2,3,2032-11-01 00:00:00,0
321,2,3,2033-11-01 00:00:00,0
322,2,3,2034-11-01 00:00:00,0
323,2,3,2035-11-01 00:00:00,0
324,2,3,2036-11-01 00:00:00,0
325,2,3,2037-11-01 00:00:00,0
326,2,3,2038-11-01 00:00:00,0
327,2,3,2039-11-01 00:00:00,0
328,2,3,2040-11-01 00:00:00,0
329,2,3,2041-11-01 00:00:00,0
330,2,3,2042-11-01 00:00:00,0
331,2,3,2043-11-01 00:00:00,0
332,2,3,2044-11-01 00:00:00,0
333,2,3,2045-11-01 00:00:00,0
334,2,3,2046-11-01 00:00:00,0
335,2,3,2047-11-01 00:00:00,0
336,2,3,2048-11-01 00:00:00,0
337,2,3,2049-11-01 00:00:00,0
338,2,3,2050-11-01 00:00:00,0
339,2,3,2051-11-01 00:00:00,0
340,2,3,2052-11-01 00:00:00,0
341,2,3,2053-11-01 00:00:00,0
342,2,3,2024-04-01 00:00:00,0
343,2,3,2025-04-01 00:00:00,0
344,2,3,2026-04-01 00:00:00,0
345,2,3,2027-04-01 00:00:00,0
346,2,3,2028-04-01 00:00:00,0
347,2,3,2029-04-01 00:00:00,0
348,2,3,2030-04-01 00:00:00,0
349,2,3,2031-04-01 00:00:00,0
350,2,3,2032-04-01 00:00:00,0
351,2,3,2033-04-01 00:00:00,0
352,2,3,2034-04-01 00:00:00,0
353,2,3,2035-04-01 00:00:00,0
354,2,3,2036-04-01 00:00:00,0
355,2,3,2037-04-01 00:00:00,0
356,2,3,2038-04-01 00:00:00,0
357,2,3,2039-04-01 00:00:00,0
358,2,3,2040-04-01 00:00:00,0
359,2,3,2041-04-01 00:00:00,0
360,2,3,2042-04-01 00:00:00,0
361,2,3,2043-04-01 00:00:00,0
362,2,3,2044-04-01 00:00:00,0
363,2,3,2045-04-01 00:00:00,0
364,2,3,2046-04-01 00:00:00,0
365,2,3,2047-04-01 00:00:00,0
366,2,3,2048-04-01 00:00:00,0
367,2,3,2049-04-01 00:00:00,0
368,2,3,2050-04-01 00:00:00,0
369,2,3,2051-04-01 00:00:00,0
370,2,3,2052-04-01 00:00:00,0
371,2,3,2053-04-01 00:00:00,0
372,2,3,2054-04-01 00:00:00,0
373,3,1,2023-11-01 00:00:00,0.3073539093006531
374,3,1,2024-11-01 00:00:00,0.31302621848659434
375,3,1,2025-11-01 00:00:00,0.31889525515875317
376,3,1,2026-11-01 00:00:00,0.32679714252182734
377,3,1,2027-11-01 00:00:00,0.4555224943368865
378,3,1,2028-11-01 00:00:00,0.6254950424289055
379,3,1,2029-11-01 00:00:00,0.7761555089572286
380,3,1,2030-11-01 00:00:00,0.8403870332072797
381,3,1,2031-11-01 00:00:00,0.9045529816285917
382,3,1,2032-11-01 00:00:00,0.9686861421355341
383,3,1,2033-11-01 00:00:00,0.9766536053273475
384,3,1,2034-11-01 00:00:00,0.9853424026352919
385,3,1,2035-11-01 00:00:00,0.9923262283960173
386,3,1,2036-11-01 00:00:00,1.0012117531901796
387,3,1,2037-11-01 00:00:00,1.0089824888957755
388,3,1,2038-11-01 00:00:00,1.0188844390353953
389,3,1,2039-11-01 00:00:00,1.0266879626553607
390,3,1,2040-11-01 00:00:00,1.0371473073392639
391,3,1,2041-11-01 00:00:00,1.038885066800853
392,3,1,2042-11-01 00:00:00,1.0422622219809219
393,3,1,2043-11-01 00:00:00,1.0481312586530807
394,3,1,2044-11-01 00:00:00,1.0462295596196436
395,3,1,2045-11-01 00:00:00,1.0488198048548423
396,3,1,2046-11-01 00:00:00,1.0508526555457576
397,3,1,2047-11-01 00:00:00,1.0494099873134952
398,3,1,2048-11-01 00:00:00,1.0529510820654122
399,3,1,2049-11-01 00:00:00,1.0568856317897644
400,3,1,2050-11-01 00:00:00,1.064426852094773
401,3,1,2051-11-01 00:00:00,1.081837234625032
402,3,1,2052-11-01 00:00:00,1.0936736717124584
403,3,1,2053-11-01 00:00:00,1.1079036265488658
404,3,1,2024-04-01 00:00:00,0.3073539093006531
405,3,1,2025-04-01 00:00:00,0.3123704601992023
406,3,1,2026-04-01 00:00:00,0.3200428321616893
407,3,1,2027-04-01 00:00:00,0.32669877877871856
408,3,1,2028-04-01 00:00:00,0.33207599673533333
409,3,1,2029-04-01 00:00:00,0.3204690750484941
410,3,1,2030-04-01 00:00:00,0.316600101152881
411,3,1,2031-04-01 00:00:00,0.31945264970303644
412,3,1,2032-04-01 00:00:00,0.3218133795376478
413,3,1,2033-04-01 00:00:00,0.32355113899923676
414,3,1,2034-04-01 00:00:00,0.3260758084056961
415,3,1,2035-04-01 00:00:00,0.3287316294696339
416,3,1,2036-04-01 00:00:00,0.3313546626192021
417,3,1,2037-04-01 00:00:00,0.33355145288196547
418,3,1,2038-04-01 00:00:00,0.3365351530895993
419,3,1,2039-04-01 00:00:00,0.33876473126673223
420,3,1,2040-04-01 00:00:00,0.34168285564562684
421,3,1,2041-04-01 00:00:00,0.3434534030215854
422,3,1,2042-04-01 00:00:00,0.34512558665443516
423,3,1,2043-04-01 00:00:00,0.34617479991426237
424,3,1,2044-04-01 00:00:00,0.3451583745688047
425,3,1,2045-04-01 00:00:00,0.343978009651499
426,3,1,2046-04-01 00:00:00,0.34424031296645585
427,3,1,2047-04-01 00:00:00,0.34545346579813113
428,3,1,2048-04-01 00:00:00,0.3462403757430016
429,3,1,2049-04-01 00:00:00,0.3464043153148496
430,3,1,2050-04-01 00:00:00,0.3475518923177857
431,3,1,2051-04-01 00:00:00,0.34951916717996184
432,3,1,2052-04-01 00:00:00,0.3547652334790982
433,3,1,2053-04-01 00:00:00,0.35912602609025535
434,3,1,2054-04-01 00:00:00,0.36312615164334683
435,3,2,2023-11-01 00:00:00,0.3073539093006531
436,3,2,2024-11-01 00:00:00,0.32096089376403814
437,3,2,2025-11-01 00:00:00,0.3357810310590984
438,3,2,2026-11-01 00:00:00,0.3534865048186837
439,3,2,2027-11-01 00:00:00,0.45735861754158424
440,3,2,2028-11-01 00:00:00,0.6280197118353648
441,3,2,2029-11-01 00:00:00,0.7804179378252769
442,3,2,2030-11-01 00:00:00,0.8849458088355694
443,3,2,2031-11-01 00:00:00,0.9894408919314923
444,3,2,2032-11-01 00:00:00,1.0939031871130456
445,3,2,2033-11-01 00:00:00,1.106067503344168
446,3,2,2034-11-01 00:00:00,1.1187236382908348
447,3,2,2035-11-01 00:00:00,1.1305272874638916
448,3,2,2036-11-01 00:00:00,1.1465605775906271
449,3,2,2037-11-01 00:00:00,1.1613479269713178
450,3,2,2038-11-01 00:00:00,1.1708564221385027
451,3,2,2039-11-01 00:00:00,1.1776763083273798
452,3,2,2040-11-01 00:00:00,1.189381593757328
453,3,2,2041-11-01 00:00:00,1.1957752370594004
454,3,2,2042-11-01 00:00:00,1.2059722784283469
455,3,2,2043-11-01 00:00:00,1.2143004086782259
456,3,2,2044-11-01 00:00:00,1.2118085271861359
457,3,2,2045-11-01 00:00:00,1.2138085899626816
458,3,2,2046-11-01 00:00:00,1.2122019821585712
459,3,2,2047-11-01 00:00:00,1.2123331338160497
460,3,2,2048-11-01 00:00:00,1.219054656261818
461,3,2,2049-11-01 00:00:00,1.2217104773257559
462,3,2,2050-11-01 00:00:00,1.2318091549515935
463,3,2,2051-11-01 00:00:00,1.2536459059217488
464,3,2,2052-11-01 00:00:00,1.2717776225681388
465,3,2,2053-11-01 00:00:00,1.2917782503335964
466,3,2,2024-04-01 00:00:00,0.3073539093006531
467,3,2,2025-04-01 00:00:00,0.319485437617406
468,3,2,2026-04-01 00:00:00,0.33489575737111915
469,3,2,2027-04-01 00:00:00,0.35204383658642124
470,3,2,2028-04-01 00:00:00,0.3695197949454193
471,3,2,2029-04-01 00:00:00,0.387192480790635
472,3,2,2030-04-01 00:00:00,0.4040454687766107
473,3,2,2031-04-01 00:00:00,0.4201443347320854
474,3,2,2032-04-01 00:00:00,0.4348988961984065
475,3,2,2033-04-01 00:00:00,0.4483091531755739
476,3,2,2034-04-01 00:00:00,0.4616210464096325
477,3,2,2035-04-01 00:00:00,0.47565427375982233
478,3,2,2036-04-01 00:00:00,0.49185150345840595
479,3,2,2037-04-01 00:00:00,0.5069995198971623
480,3,2,2038-04-01 00:00:00,0.521295050562309
481,3,2,2039-04-01 00:00:00,0.5330659118209963
482,3,2,2040-04-01 00:00:00,0.5458204105107716
483,3,2,2041-04-01 00:00:00,0.5608044873776799
484,3,2,2042-04-01 00:00:00,0.5768049895900458
485,3,2,2043-04-01 00:00:00,0.5905431257109093
486,3,2,2044-04-01 00:00:00,0.6004450758505292
487,3,2,2045-04-01 00:00:00,0.6089043577578866
488,3,2,2046-04-01 00:00:00,0.6191669749555722
489,3,2,2047-04-01 00:00:00,0.6310689878717378
490,3,2,2048-04-01 00:00:00,0.6430365766166427
491,3,2,2049-04-01 00:00:00,0.6531024663281106
492,3,2,2050-04-01 00:00:00,0.6647421759293196
493,3,2,2051-04-01 00:00:00,0.6698570905709775
494,3,2,2052-04-01 00:00:00,0.6797262527962279
495,3,2,2053-04-01 00:00:00,0.6883166863610637
496,3,2,2054-04-01 00:00:00,0.6969071199258996
497,3,3,2023-11-01 00:00:00,0.3073539093006531
498,3,3,2024-11-01 00:00:00,0.34535510205502234
499,3,3,2025-11-01 00:00:00,0.3854219334146765
500,3,3,2026-11-01 00:00:00,0.4274560396365068
501,3,3,2027-11-01 00:00:00,0.4688343875709451
502,3,3,2028-11-01 00:00:00,0.6338559605931541
503,3,3,2029-11-01 00:00:00,0.7876312789865895
504,3,3,2030-11-01 00:00:00,0.9144549317682116
505,3,3,2031-11-01 00:00:00,1.0413441603785731
506,3,3,2032-11-01 00:00:00,1.1682333889889345
507,3,3,2033-11-01 00:00:00,1.1908898378183295
508,3,3,2034-11-01 00:00:00,1.211644587614288
509,3,3,2035-11-01 00:00:00,1.2272516348542188
510,3,3,2036-11-01 00:00:00,1.2466292922466538
511,3,3,2037-11-01 00:00:00,1.2659413738103495
512,3,3,2038-11-01 00:00:00,1.2782368416989505
513,3,3,2039-11-01 00:00:00,1.2891552171840281
514,3,3,2040-11-01 00:00:00,1.3036474753353924
515,3,3,2041-11-01 00:00:00,1.3104345736099001
516,3,3,2042-11-01 00:00:00,1.318861067602888
517,3,3,2043-11-01 00:00:00,1.3290581089718343
518,3,3,2044-11-01 00:00:00,1.3267957428803319
519,3,3,2045-11-01 00:00:00,1.363387055316808
520,3,3,2046-11-01 00:00:00,1.399912791924545
521,3,3,2047-11-01 00:00:00,1.4300448852302097
522,3,3,2048-11-01 00:00:00,1.4651935294344236
523,3,3,2049-11-01 00:00:00,1.4989978691494836
524,3,3,2050-11-01 00:00:00,1.5066046652832314
525,3,3,2051-11-01 00:00:00,1.5311956010604333
526,3,3,2052-11-01 00:00:00,1.5595243590757697
527,3,3,2053-11-01 00:00:00,1.5915581514148713
528,3,3,2024-04-01 00:00:00,0.3073539093006531
529,3,3,2025-04-01 00:00:00,0.3432894634497374
530,3,3,2026-04-01 00:00:00,0.38201199032023786
531,3,3,2027-04-01 00:00:00,0.41988203141712865
532,3,3,2028-04-01 00:00:00,0.45968655946182596
533,3,3,2029-04-01 00:00:00,0.5025403635428963
534,3,3,2030-04-01 00:00:00,0.548836898632775
535,3,3,2031-04-01 00:00:00,0.597330223985417
536,3,3,2032-04-01 00:00:00,0.6439546382189916
537,3,3,2033-04-01 00:00:00,0.6911364469968495
538,3,3,2034-04-01 00:00:00,0.7359903138544656
539,3,3,2035-04-01 00:00:00,0.7830737588892147
540,3,3,2036-04-01 00:00:00,0.832288418357988
541,3,3,2037-04-01 00:00:00,0.8800276216801289
542,3,3,2038-04-01 00:00:00,0.9275700975160525
543,3,3,2039-04-01 00:00:00,0.9705550532546013
544,3,3,2040-04-01 00:00:00,1.0166548608582624
545,3,3,2041-04-01 00:00:00,1.0653777016114916
546,3,3,2042-04-01 00:00:00,1.11416611819346
547,3,3,2043-04-01 00:00:00,1.1588232575648585
548,3,3,2044-04-01 00:00:00,1.1977425119215765
549,3,3,2045-04-01 00:00:00,1.2334485506700736
550,3,3,2046-04-01 00:00:00,1.267220102470764
551,3,3,2047-04-01 00:00:00,1.300204744326584
552,3,3,2048-04-01 00:00:00,1.330894232176532
553,3,3,2049-04-01 00:00:00,1.3551900767244074
554,3,3,2050-04-01 00:00:00,1.3845024721708319
555,3,3,2051-04-01 00:00:00,1.3913879341884485
556,3,3,2052-04-01 00:00:00,1.4088966804618162
557,3,3,2053-04-01 00:00:00,1.4342745261838885
558,3,3,2054-04-01 00:00:00,1.4599474631352871
559,4,1,2023-11-01 00:00:00,0.0032787914369602424
560,4,1,2024-11-01 00:00:00,0.0033443672656994342
561,4,1,2025-11-01 00:00:00,0.003409943094438626
562,4,1,2026-11-01 00:00:00,0.003508306837547437
563,4,1,2027-11-01 00:00:00,0.004885399241070698
564,4,1,2028-11-01 00:00:00,0.0066887345313988685
565,4,1,2029-11-01 00:00:00,0.008295342335509418
566,4,1,2030-11-01 00:00:00,0.008951100622901522
567,4,1,2031-11-01 00:00:00,0.009639646824663105
568,4,1,2032-11-01 00:00:00,0.010328193026424688
569,4,1,2033-11-01 00:00:00,0.010426556769533593
570,4,1,2034-11-01 00:00:00,0.010524920512642498
571,4,1,2035-11-01 00:00:00,0.010590496341381643
572,4,1,2036-11-01 00:00:00,0.01068886008449036
573,4,1,2037-11-01 00:00:00,0.010754435913229506
574,4,1,2038-11-01 00:00:00,0.01085279965633841
575,4,1,2039-11-01 00:00:00,0.010951163399447314
576,4,1,2040-11-01 00:00:00,0.011082315056925604
577,4,1,2041-11-01 00:00:00,0.011082315056925604
578,4,1,2042-11-01 00:00:00,0.011115102971295176
579,4,1,2043-11-01 00:00:00,0.011180678800034323
580,4,1,2044-11-01 00:00:00,0.011180678800034509
581,4,1,2045-11-01 00:00:00,0.011180678800034509
582,4,1,2046-11-01 00:00:00,0.011180678800034509
583,4,1,2047-11-01 00:00:00,0.011180678800034509
584,4,1,2048-11-01 00:00:00,0.011213466714404081
585,4,1,2049-11-01 00:00:00,0.011279042543143226
586,4,1,2050-11-01 00:00:00,0.011344618371882558
587,4,1,2051-11-01 00:00:00,0.01154134585810018
588,4,1,2052-11-01 00:00:00,0.011672497515578471
589,4,1,2053-11-01 00:00:00,0.011803649173056947
590,4,1,2024-04-01 00:00:00,0.0032787914369602424
591,4,1,2025-04-01 00:00:00,0.0033115793513298617
592,4,1,2026-04-01 00:00:00,0.0034099430944386725
593,4,1,2027-04-01 00:00:00,0.003508306837547437
594,4,1,2028-04-01 00:00:00,0.0035410947519170562
595,4,1,2029-04-01 00:00:00,0.0034099430944386725
596,4,1,2030-04-01 00:00:00,0.0033771551800690536
597,4,1,2031-04-01 00:00:00,0.003409943094438626
598,4,1,2032-04-01 00:00:00,0.003409943094438626
599,4,1,2033-04-01 00:00:00,0.003442731008808245
600,4,1,2034-04-01 00:00:00,0.0034755189231778644
601,4,1,2035-04-01 00:00:00,0.003508306837547437
602,4,1,2036-04-01 00:00:00,0.0035410947519170562
603,4,1,2037-04-01 00:00:00,0.0035410947519170562
604,4,1,2038-04-01 00:00:00,0.0035738826662866756
605,4,1,2039-04-01 00:00:00,0.0036066705806562945
606,4,1,2040-04-01 00:00:00,0.003639458495025867
607,4,1,2041-04-01 00:00:00,0.003639458495025867
608,4,1,2042-04-01 00:00:00,0.003705034323765059
609,4,1,2043-04-01 00:00:00,0.003705034323765059
610,4,1,2044-04-01 00:00:00,0.0036722464093954864
611,4,1,2045-04-01 00:00:00,0.0036722464093954864
612,4,1,2046-04-01 00:00:00,0.0036722464093954864
613,4,1,2047-04-01 00:00:00,0.0036722464093954864
614,4,1,2048-04-01 00:00:00,0.0037050343237651057
615,4,1,2049-04-01 00:00:00,0.003705034323765059
616,4,1,2050-04-01 00:00:00,0.0037378222381346782
617,4,1,2051-04-01 00:00:00,0.0037050343237651057
618,4,1,2052-04-01 00:00:00,0.00380339806687387
619,4,1,2053-04-01 00:00:00,0.003836185981243489
620,4,1,2054-04-01 00:00:00,0.0038689738956131084
621,4,2,2023-11-01 00:00:00,0.0032787914369602424
622,4,2,2024-11-01 00:00:00,0.0034099430944386725
623,4,2,2025-11-01 00:00:00,0.0035738826662866756
624,4,2,2026-11-01 00:00:00,0.0037706101525042507
625,4,2,2027-11-01 00:00:00,0.004885399241070698
626,4,2,2028-11-01 00:00:00,0.006688734531398961
627,4,2,2029-11-01 00:00:00,0.00832813024987899
628,4,2,2030-11-01 00:00:00,0.009442919338445483
629,4,2,2031-11-01 00:00:00,0.01055770842701207
630,4,2,2032-11-01 00:00:00,0.011672497515578471
631,4,2,2033-11-01 00:00:00,0.011803649173056947
632,4,2,2034-11-01 00:00:00,0.011934800830535237
633,4,2,2035-11-01 00:00:00,0.012065952488013714
634,4,2,2036-11-01 00:00:00,0.012229892059861764
635,4,2,2037-11-01 00:00:00,0.012393831631709814
636,4,2,2038-11-01 00:00:00,0.012459407460448772
637,4,2,2039-11-01 00:00:00,0.012590559117927249
638,4,2,2040-11-01 00:00:00,0.012688922861036152
639,4,2,2041-11-01 00:00:00,0.012754498689775299
640,4,2,2042-11-01 00:00:00,0.012852862432884202
641,4,2,2043-11-01 00:00:00,0.01295122617599292
642,4,2,2044-11-01 00:00:00,0.012918438261623347
643,4,2,2045-11-01 00:00:00,0.01295122617599292
644,4,2,2046-11-01 00:00:00,0.012918438261623347
645,4,2,2047-11-01 00:00:00,0.01295122617599292
646,4,2,2048-11-01 00:00:00,0.013016802004732065
647,4,2,2049-11-01 00:00:00,0.013016802004732065
648,4,2,2050-11-01 00:00:00,0.013147953662210542
649,4,2,2051-11-01 00:00:00,0.013377469062797737
650,4,2,2052-11-01 00:00:00,0.01357419654901536
651,4,2,2053-11-01 00:00:00,0.01377092403523298
652,4,2,2024-04-01 00:00:00,0.0032787914369602424
653,4,2,2025-04-01 00:00:00,0.0034099430944386725
654,4,2,2026-04-01 00:00:00,0.0035738826662866756
655,4,2,2027-04-01 00:00:00,0.0037378222381346782
656,4,2,2028-04-01 00:00:00,0.0039345497243523
657,4,2,2029-04-01 00:00:00,0.004131277210569876
658,4,2,2030-04-01 00:00:00,0.004295216782417925
659,4,2,2031-04-01 00:00:00,0.004491944268635547
660,4,2,2032-04-01 00:00:00,0.004623095926114024
661,4,2,2033-04-01 00:00:00,0.0047542475835924075
662,4,2,2034-04-01 00:00:00,0.004950975069810029
663,4,2,2035-04-01 00:00:00,0.00504933881291884
664,4,2,2036-04-01 00:00:00,0.005246066299136463
665,4,2,2037-04-01 00:00:00,0.005410005870984419
666,4,2,2038-04-01 00:00:00,0.005573945442832374
667,4,2,2039-04-01 00:00:00,0.005672309185941186
668,4,2,2040-04-01 00:00:00,0.005803460843419663
669,4,2,2041-04-01 00:00:00,0.0060001883296372845
670,4,2,2042-04-01 00:00:00,0.006164127901485334
671,4,2,2043-04-01 00:00:00,0.0062952795589636245
672,4,2,2044-04-01 00:00:00,0.0063936433020725285
673,4,2,2045-04-01 00:00:00,0.006492007045181246
674,4,2,2046-04-01 00:00:00,0.0066231587026597235
675,4,2,2047-04-01 00:00:00,0.006754310360138107
676,4,2,2048-04-01 00:00:00,0.0068526741032469175
677,4,2,2049-04-01 00:00:00,0.006983825760725301
678,4,2,2050-04-01 00:00:00,0.0070821895038341125
679,4,2,2051-04-01 00:00:00,0.0071477653325732575
680,4,2,2052-04-01 00:00:00,0.0072461290756821615
681,4,2,2053-04-01 00:00:00,0.00734449281879088
682,4,2,2054-04-01 00:00:00,0.007410068647530118
683,4,3,2023-11-01 00:00:00,0.0032787914369602424
684,4,3,2024-11-01 00:00:00,0.003705034323765059
685,4,3,2025-11-01 00:00:00,0.004098489296200303
686,4,3,2026-11-01 00:00:00,0.004557520097374692
687,4,3,2027-11-01 00:00:00,0.004983762984179509
688,4,3,2028-11-01 00:00:00,0.006754310360138107
689,4,3,2029-11-01 00:00:00,0.008393706078618227
690,4,3,2030-11-01 00:00:00,0.009770798482141583
691,4,3,2031-11-01 00:00:00,0.011115102971295176
692,4,3,2032-11-01 00:00:00,0.012459407460448959
693,4,3,2033-11-01 00:00:00,0.012688922861036152
694,4,3,2034-11-01 00:00:00,0.012918438261623347
695,4,3,2035-11-01 00:00:00,0.01311516574784097
696,4,3,2036-11-01 00:00:00,0.013311893234058592
697,4,3,2037-11-01 00:00:00,0.013508620720276214
698,4,3,2038-11-01 00:00:00,0.013639772377754504
699,4,3,2039-11-01 00:00:00,0.013738136120863408
700,4,3,2040-11-01 00:00:00,0.013902075692711272
701,4,3,2041-11-01 00:00:00,0.014000439435820175
702,4,3,2042-11-01 00:00:00,0.01406601526455932
703,4,3,2043-11-01 00:00:00,0.014164379007668225
704,4,3,2044-11-01 00:00:00,0.014131591093298652
705,4,3,2045-11-01 00:00:00,0.014525046065733896
706,4,3,2046-11-01 00:00:00,0.01491850103816914
707,4,3,2047-11-01 00:00:00,0.015279168096234811
708,4,3,2048-11-01 00:00:00,0.015607047239930723
709,4,3,2049-11-01 00:00:00,0.01600050221236597
710,4,3,2050-11-01 00:00:00,0.016066078041105113
711,4,3,2051-11-01 00:00:00,0.01636116927043164
712,4,3,2052-11-01 00:00:00,0.016656260499758165
713,4,3,2053-11-01 00:00:00,0.016984139643453893
714,4,3,2024-04-01 00:00:00,0.0032787914369602424
715,4,3,2025-04-01 00:00:00,0.00367224640939544
716,4,3,2026-04-01 00:00:00,0.004065701381830684
717,4,3,2027-04-01 00:00:00,0.004491944268635547
718,4,3,2028-04-01 00:00:00,0.004885399241070791
719,4,3,2029-04-01 00:00:00,0.00534443004224518
720,4,3,2030-04-01 00:00:00,0.005869036672158901
721,4,3,2031-04-01 00:00:00,0.006360855387702862
722,4,3,2032-04-01 00:00:00,0.0068526741032469175
723,4,3,2033-04-01 00:00:00,0.007377280733160545
724,4,3,2034-04-01 00:00:00,0.007836311534335028
725,4,3,2035-04-01 00:00:00,0.008360918164248563
726,4,3,2036-04-01 00:00:00,0.008885524794162283
727,4,3,2037-04-01 00:00:00,0.009377343509706338
728,4,3,2038-04-01 00:00:00,0.009901950139620058
729,4,3,2039-04-01 00:00:00,0.010360980940794448
730,4,3,2040-04-01 00:00:00,0.01085279965633841
731,4,3,2041-04-01 00:00:00,0.011344618371882371
732,4,3,2042-04-01 00:00:00,0.011869225001796092
733,4,3,2043-04-01 00:00:00,0.012361043717340054
734,4,3,2044-04-01 00:00:00,0.012787286604144871
735,4,3,2045-04-01 00:00:00,0.013147953662210542
736,4,3,2046-04-01 00:00:00,0.013508620720276214
737,4,3,2047-04-01 00:00:00,0.0138692877783417
738,4,3,2048-04-01 00:00:00,0.014197166922037797
739,4,3,2049-04-01 00:00:00,0.01445947023699475
740,4,3,2050-04-01 00:00:00,0.014787349380690663
741,4,3,2051-04-01 00:00:00,0.014852925209429808
742,4,3,2052-04-01 00:00:00,0.015016864781277858
743,4,3,2053-04-01 00:00:00,0.015311956010604384
744,4,3,2054-04-01 00:00:00,0.015574259325561151
745,5,1,2023-11-01 00:00:00,0
746,5,1,2024-11-01 00:00:00,0
747,5,1,2025-11-01 00:00:00,0
748,5,1,2026-11-01 00:00:00,0
749,5,1,2027-11-01 00:00:00,0
750,5,1,2028-11-01 00:00:00,0
751,5,1,2029-11-01 00:00:00,0
752,5,1,2030-11-01 00:00:00,0
753,5,1,2031-11-01 00:00:00,0
754,5,1,2032-11-01 00:00:00,0
755,5,1,2033-11-01 00:00:00,0
756,5,1,2034-11-01 00:00:00,0
757,5,1,2035-11-01 00:00:00,0
758,5,1,2036-11-01 00:00:00,0
759,5,1,2037-11-01 00:00:00,0
760,5,1,2038-11-01 00:00:00,0
761,5,1,2039-11-01 00:00:00,0
762,5,1,2040-11-01 00:00:00,0
763,5,1,2041-11-01 00:00:00,0
764,5,1,2042-11-01 00:00:00,0
765,5,1,2043-11-01 00:00:00,0
766,5,1,2044-11-01 00:00:00,0
767,5,1,2045-11-01 00:00:00,0
768,5,1,2046-11-01 00:00:00,0
769,5,1,2047-11-01 00:00:00,0
770,5,1,2048-11-01 00:00:00,0
771,5,1,2049-11-01 00:00:00,0
772,5,1,2050-11-01 00:00:00,0
773,5,1,2051-11-01 00:00:00,0
774,5,1,2052-11-01 00:00:00,0
775,5,1,2053-11-01 00:00:00,0
776,5,1,2024-04-01 00:00:00,0
777,5,1,2025-04-01 00:00:00,0
778,5,1,2026-04-01 00:00:00,0
779,5,1,2027-04-01 00:00:00,0
780,5,1,2028-04-01 00:00:00,0
781,5,1,2029-04-01 00:00:00,0
782,5,1,2030-04-01 00:00:00,0
783,5,1,2031-04-01 00:00:00,0
784,5,1,2032-04-01 00:00:00,0
785,5,1,2033-04-01 00:00:00,0
786,5,1,2034-04-01 00:00:00,0
787,5,1,2035-04-01 00:00:00,0
788,5,1,2036-04-01 00:00:00,0
789,5,1,2037-04-01 00:00:00,0
790,5,1,2038-04-01 00:00:00,0
791,5,1,2039-04-01 00:00:00,0
792,5,1,2040-04-01 00:00:00,0
793,5,1,2041-04-01 00:00:00,0
794,5,1,2042-04-01 00:00:00,0
795,5,1,2043-04-01 00:00:00,0
796,5,1,2044-04-01 00:00:00,0
797,5,1,2045-04-01 00:00:00,0
798,5,1,2046-04-01 00:00:00,0
799,5,1,2047-04-01 00:00:00,0
800,5,1,2048-04-01 00:00:00,0
801,5,1,2049-04-01 00:00:00,0
802,5,1,2050-04-01 00:00:00,0
803,5,1,2051-04-01 00:00:00,0
804,5,1,2052-04-01 00:00:00,0
805,5,1,2053-04-01 00:00:00,0
806,5,1,2054-04-01 00:00:00,0
807,5,2,2023-11-01 00:00:00,0
808,5,2,2024-11-01 00:00:00,0
809,5,2,2025-11-01 00:00:00,0
810,5,2,2026-11-01 00:00:00,0
811,5,2,2027-11-01 00:00:00,0
812,5,2,2028-11-01 00:00:00,0
813,5,2,2029-11-01 00:00:00,0
814,5,2,2030-11-01 00:00:00,0
815,5,2,2031-11-01 00:00:00,0
816,5,2,2032-11-01 00:00:00,0
817,5,2,2033-11-01 00:00:00,0
818,5,2,2034-11-01 00:00:00,0
819,5,2,2035-11-01 00:00:00,0
820,5,2,2036-11-01 00:00:00,0
821,5,2,2037-11-01 00:00:00,0
822,5,2,2038-11-01 00:00:00,0
823,5,2,2039-11-01 00:00:00,0
824,5,2,2040-11-01 00:00:00,0
825,5,2,2041-11-01 00:00:00,0
826,5,2,2042-11-01 00:00:00,0
827,5,2,2043-11-01 00:00:00,0
828,5,2,2044-11-01 00:00:00,0
829,5,2,2045-11-01 00:00:00,0
830,5,2,2046-11-01 00:00:00,0
831,5,2,2047-11-01 00:00:00,0
832,5,2,2048-11-01 00:00:00,0
833,5,2,2049-11-01 00:00:00,0
834,5,2,2050-11-01 00:00:00,0
835,5,2,2051-11-01 00:00:00,0
836,5,2,2052-11-01 00:00:00,0
837,5,2,2053-11-01 00:00:00,0
838,5,2,2024-04-01 00:00:00,0
839,5,2,2025-04-01 00:00:00,0
840,5,2,2026-04-01 00:00:00,0
841,5,2,2027-04-01 00:00:00,0
842,5,2,2028-04-01 00:00:00,0
843,5,2,2029-04-01 00:00:00,0
844,5,2,2030-04-01 00:00:00,0
845,5,2,2031-04-01 00:00:00,0
846,5,2,2032-04-01 00:00:00,0
847,5,2,2033-04-01 00:00:00,0
848,5,2,2034-04-01 00:00:00,0
849,5,2,2035-04-01 00:00:00,0
850,5,2,2036-04-01 00:00:00,0
851,5,2,2037-04-01 00:00:00,0
852,5,2,2038-04-01 00:00:00,0
853,5,2,2039-04-01 00:00:00,0
854,5,2,2040-04-01 00:00:00,0
855,5,2,2041-04-01 00:00:00,0
856,5,2,2042-04-01 00:00:00,0
857,5,2,2043-04-01 00:00:00,0
858,5,2,2044-04-01 00:00:00,0
859,5,2,2045-04-01 00:00:00,0
860,5,2,2046-04-01 00:00:00,0
861,5,2,2047-04-01 00:00:00,0
862,5,2,2048-04-01 00:00:00,0
863,5,2,2049-04-01 00:00:00,0
864,5,2,2050-04-01 00:00:00,0
865,5,2,2051-04-01 00:00:00,0
866,5,2,2052-04-01 00:00:00,0
867,5,2,2053-04-01 00:00:00,0
868,5,2,2054-04-01 00:00:00,0
869,5,3,2023-11-01 00:00:00,0
870,5,3,2024-11-01 00:00:00,0
871,5,3,2025-11-01 00:00:00,0
872,5,3,2026-11-01 00:00:00,0
873,5,3,2027-11-01 00:00:00,0
874,5,3,2028-11-01 00:00:00,0
875,5,3,2029-11-01 00:00:00,0
876,5,3,2030-11-01 00:00:00,0
877,5,3,2031-11-01 00:00:00,0
878,5,3,2032-11-01 00:00:00,0
879,5,3,2033-11-01 00:00:00,0
880,5,3,2034-11-01 00:00:00,0
881,5,3,2035-11-01 00:00:00,0
882,5,3,2036-11-01 00:00:00,0
883,5,3,2037-11-01 00:00:00,0
884,5,3,2038-11-01 00:00:00,0
885,5,3,2039-11-01 00:00:00,0
886,5,3,2040-11-01 00:00:00,0
887,5,3,2041-11-01 00:00:00,0
888,5,3,2042-11-01 00:00:00,0
889,5,3,2043-11-01 00:00:00,0
890,5,3,2044-11-01 00:00:00,0
891,5,3,2045-11-01 00:00:00,0
892,5,3,2046-11-01 00:00:00,0
893,5,3,2047-11-01 00:00:00,0
894,5,3,2048-11-01 00:00:00,0
895,5,3,2049-11-01 00:00:00,0
896,5,3,2050-11-01 00:00:00,0
897,5,3,2051-11-01 00:00:00,0
898,5,3,2052-11-01 00:00:00,0
899,5,3,2053-11-01 00:00:00,0
900,5,3,2024-04-01 00:00:00,0
901,5,3,2025-04-01 00:00:00,0
902,5,3,2026-04-01 00:00:00,0
903,5,3,2027-04-01 00:00:00,0
904,5,3,2028-04-01 00:00:00,0
905,5,3,2029-04-01 00:00:00,0
906,5,3,2030-04-01 00:00:00,0
907,5,3,2031-04-01 00:00:00,0
908,5,3,2032-04-01 00:00:00,0
909,5,3,2033-04-01 00:00:00,0
910,5,3,2034-04-01 00:00:00,0
911,5,3,2035-04-01 00:00:00,0
912,5,3,2036-04-01 00:00:00,0
913,5,3,2037-04-01 00:00:00,0
914,5,3,2038-04-01 00:00:00,0
915,5,3,2039-04-01 00:00:00,0
916,5,3,2040-04-01 00:00:00,0
917,5,3,2041-04-01 00:00:00,0
918,5,3,2042-04-01 00:00:00,0
919,5,3,2043-04-01 00:00:00,0
920,5,3,2044-04-01 00:00:00,0
921,5,3,2045-04-01 00:00:00,0
922,5,3,2046-04-01 00:00:00,0
923,5,3,2047-04-01 00:00:00,0
924,5,3,2048-04-01 00:00:00,0
925,5,3,2049-04-01 00:00:00,0
926,5,3,2050-04-01 00:00:00,0
927,5,3,2051-04-01 00:00:00,0
928,5,3,2052-04-01 00:00:00,0
929,5,3,2053-04-01 00:00:00,0
930,5,3,2054-04-01 00:00:00,0
931,6,1,2023-11-01 00:00:00,0
932,6,1,2024-11-01 00:00:00,0
933,6,1,2025-11-01 00:00:00,0
934,6,1,2026-11-01 00:00:00,0
935,6,1,2027-11-01 00:00:00,0
936,6,1,2028-11-01 00:00:00,0
937,6,1,2029-11-01 00:00:00,0
938,6,1,2030-11-01 00:00:00,0
939,6,1,2031-11-01 00:00:00,0
940,6,1,2032-11-01 00:00:00,0
941,6,1,2033-11-01 00:00:00,0
942,6,1,2034-11-01 00:00:00,0
943,6,1,2035-11-01 00:00:00,0
944,6,1,2036-11-01 00:00:00,0
945,6,1,2037-11-01 00:00:00,0
946,6,1,2038-11-01 00:00:00,0
947,6,1,2039-11-01 00:00:00,0
948,6,1,2040-11-01 00:00:00,0
949,6,1,2041-11-01 00:00:00,0
950,6,1,2042-11-01 00:00:00,0
951,6,1,2043-11-01 00:00:00,0
952,6,1,2044-11-01 00:00:00,0
953,6,1,2045-11-01 00:00:00,0
954,6,1,2046-11-01 00:00:00,0
955,6,1,2047-11-01 00:00:00,0
956,6,1,2048-11-01 00:00:00,0
957,6,1,2049-11-01 00:00:00,0
958,6,1,2050-11-01 00:00:00,0
959,6,1,2051-11-01 00:00:00,0
960,6,1,2052-11-01 00:00:00,0
961,6,1,2053-11-01 00:00:00,0
962,6,1,2024-04-01 00:00:00,0
963,6,1,2025-04-01 00:00:00,0
964,6,1,2026-04-01 00:00:00,0
965,6,1,2027-04-01 00:00:00,0
966,6,1,2028-04-01 00:00:00,0
967,6,1,2029-04-01 00:00:00,0
968,6,1,2030-04-01 00:00:00,0
969,6,1,2031-04-01 00:00:00,0
970,6,1,2032-04-01 00:00:00,0
971,6,1,2033-04-01 00:00:00,0
972,6,1,2034-04-01 00:00:00,0
973,6,1,2035-04-01 00:00:00,0
974,6,1,2036-04-01 00:00:00,0
975,6,1,2037-04-01 00:00:00,0
976,6,1,2038-04-01 00:00:00,0
977,6,1,2039-04-01 00:00:00,0
978,6,1,2040-04-01 00:00:00,0
979,6,1,2041-04-01 00:00:00,0
980,6,1,2042-04-01 00:00:00,0
981,6,1,2043-04-01 00:00:00,0
982,6,1,2044-04-01 00:00:00,0
983,6,1,2045-04-01 00:00:00,0
984,6,1,2046-04-01 00:00:00,0
985,6,1,2047-04-01 00:00:00,0
986,6,1,2048-04-01 00:00:00,0
987,6,1,2049-04-01 00:00:00,0
988,6,1,2050-04-01 00:00:00,0
989,6,1,2051-04-01 00:00:00,0
990,6,1,2052-04-01 00:00:00,0
991,6,1,2053-04-01 00:00:00,0
992,6,1,2054-04-01 00:00:00,0
993,6,2,2023-11-01 00:00:00,0
994,6,2,2024-11-01 00:00:00,0
995,6,2,2025-11-01 00:00:00,0
996,6,2,2026-11-01 00:00:00,0
997,6,2,2027-11-01 00:00:00,0
998,6,2,2028-11-01 00:00:00,0
999,6,2,2029-11-01 00:00:00,0
1000,6,2,2030-11-01 00:00:00,0
1001,6,2,2031-11-01 00:00:00,0
1002,6,2,2032-11-01 00:00:00,0
1003,6,2,2033-11-01 00:00:00,0
1004,6,2,2034-11-01 00:00:00,0
1005,6,2,2035-11-01 00:00:00,0
1006,6,2,2036-11-01 00:00:00,0
1007,6,2,2037-11-01 00:00:00,0
1008,6,2,2038-11-01 00:00:00,0
1009,6,2,2039-11-01 00:00:00,0
1010,6,2,2040-11-01 00:00:00,0
1011,6,2,2041-11-01 00:00:00,0
1012,6,2,2042-11-01 00:00:00,0
1013,6,2,2043-11-01 00:00:00,0
1014,6,2,2044-11-01 00:00:00,0
1015,6,2,2045-11-01 00:00:00,0
1016,6,2,2046-11-01 00:00:00,0
1017,6,2,2047-11-01 00:00:00,0
1018,6,2,2048-11-01 00:00:00,0
1019,6,2,2049-11-01 00:00:00,0
1020,6,2,2050-11-01 00:00:00,0
1021,6,2,2051-11-01 00:00:00,0
1022,6,2,2052-11-01 00:00:00,0
1023,6,2,2053-11-01 00:00:00,0
1024,6,2,2024-04-01 00:00:00,0
1025,6,2,2025-04-01 00:00:00,0
1026,6,2,2026-04-01 00:00:00,0
1027,6,2,2027-04-01 00:00:00,0
1028,6,2,2028-04-01 00:00:00,0
1029,6,2,2029-04-01 00:00:00,0
1030,6,2,2030-04-01 00:00:00,0
1031,6,2,2031-04-01 00:00:00,0
1032,6,2,2032-04-01 00:00:00,0
1033,6,2,2033-04-01 00:00:00,0
1034,6,2,2034-04-01 00:00:00,0
1035,6,2,2035-04-01 00:00:00,0
1036,6,2,2036-04-01 00:00:00,0
1037,6,2,2037-04-01 00:00:00,0
1038,6,2,2038-04-01 00:00:00,0
1039,6,2,2039-04-01 00:00:00,0
1040,6,2,2040-04-01 00:00:00,0
1041,6,2,2041-04-01 00:00:00,0
1042,6,2,2042-04-01 00:00:00,0
1043,6,2,2043-04-01 00:00:00,0
1044,6,2,2044-04-01 00:00:00,0
1045,6,2,2045-04-01 00:00:00,0
1046,6,2,2046-04-01 00:00:00,0
1047,6,2,2047-04-01 00:00:00,0
1048,6,2,2048-04-01 00:00:00,0
1049,6,2,2049-04-01 00:00:00,0
1050,6,2,2050-04-01 00:00:00,0
1051,6,2,2051-04-01 00:00:00,0
1052,6,2,2052-04-01 00:00:00,0
1053,6,2,2053-04-01 00:00:00,0
1054,6,2,2054-04-01 00:00:00,0
1055,6,3,2023-11-01 00:00:00,0
1056,6,3,2024-11-01 00:00:00,0
1057,6,3,2025-11-01 00:00:00,0
1058,6,3,2026-11-01 00:00:00,0
1059,6,3,2027-11-01 00:00:00,0
1060,6,3,2028-11-01 00:00:00,0
1061,6,3,2029-11-01 00:00:00,0
1062,6,3,2030-11-01 00:00:00,0
1063,6,3,2031-11-01 00:00:00,0
1064,6,3,2032-11-01 00:00:00,0
1065,6,3,2033-11-01 00:00:00,0
1066,6,3,2034-11-01 00:00:00,0
1067,6,3,2035-11-01 00:00:00,0
1068,6,3,2036-11-01 00:00:00,0
1069,6,3,2037-11-01 00:00:00,0
1070,6,3,2038-11-01 00:00:00,0
1071,6,3,2039-11-01 00:00:00,0
1072,6,3,2040-11-01 00:00:00,0
1073,6,3,2041-11-01 00:00:00,0
1074,6,3,2042-11-01 00:00:00,0
1075,6,3,2043-11-01 00:00:00,0
1076,6,3,2044-11-01 00:00:00,0
1077,6,3,2045-11-01 00:00:00,0
1078,6,3,2046-11-01 00:00:00,0
1079,6,3,2047-11-01 00:00:00,0
1080,6,3,2048-11-01 00:00:00,0
1081,6,3,2049-11-01 00:00:00,0
1082,6,3,2050-11-01 00:00:00,0
1083,6,3,2051-11-01 00:00:00,0
1084,6,3,2052-11-01 00:00:00,0
1085,6,3,2053-11-01 00:00:00,0
1086,6,3,2024-04-01 00:00:00,0
1087,6,3,2025-04-01 00:00:00,0
1088,6,3,2026-04-01 00:00:00,0
1089,6,3,2027-04-01 00:00:00,0
1090,6,3,2028-04-01 00:00:00,0
1091,6,3,2029-04-01 00:00:00,0
1092,6,3,2030-04-01 00:00:00,0
1093,6,3,2031-04-01 00:00:00,0
1094,6,3,2032-04-01 00:00:00,0
1095,6,3,2033-04-01 00:00:00,0
1096,6,3,2034-04-01 00:00:00,0
1097,6,3,2035-04-01 00:00:00,0
1098,6,3,2036-04-01 00:00:00,0
1099,6,3,2037-04-01 00:00:00,0
1100,6,3,2038-04-01 00:00:00,0
1101,6,3,2039-04-01 00:00:00,0
1102,6,3,2040-04-01 00:00:00,0
1103,6,3,2041-04-01 00:00:00,0
1104,6,3,2042-04-01 00:00:00,0
1105,6,3,2043-04-01 00:00:00,0
1106,6,3,2044-04-01 00:00:00,0
1107,6,3,2045-04-01 00:00:00,0
1108,6,3,2046-04-01 00:00:00,0
1109,6,3,2047-04-01 00:00:00,0
1110,6,3,2048-04-01 00:00:00,0
1111,6,3,2049-04-01 00:00:00,0
1112,6,3,2050-04-01 00:00:00,0
1113,6,3,2051-04-01 00:00:00,0
1114,6,3,2052-04-01 00:00:00,0
1115,6,3,2053-04-01 00:00:00,0
1116,6,3,2054-04-01 00:00:00,0
1117,7,1,2023-11-01 00:00:00,0.13674473850068314
1118,7,1,2024-11-01 00:00:00,0.1392684039327952
1119,7,1,2025-11-01 00:00:00,0.141879595333651
1120,7,1,2026-11-01 00:00:00,0.14539522174485908
1121,7,1,2027-11-01 00:00:00,0.20266638062619918
1122,7,1,2028-11-01 00:00:00,0.27828881762081636
1123,7,1,2029-11-01 00:00:00,0.3453191220170868
1124,7,1,2030-11-01 00:00:00,0.3738963508119277
1125,7,1,2031-11-01 00:00:00,0.4024444042838539
1126,7,1,2032-11-01 00:00:00,0.4309778700943229
1127,7,1,2033-11-01 00:00:00,0.4345226718284456
1128,7,1,2034-11-01 00:00:00,0.43838840211462876
1129,7,1,2035-11-01 00:00:00,0.4414955740050326
1130,7,1,2036-11-01 00:00:00,0.44544883025995957
1131,7,1,2037-11-01 00:00:00,0.4489061060253385
1132,7,1,2038-11-01 00:00:00,0.45331157978544157
1133,7,1,2039-11-01 00:00:00,0.45678344321227776
1134,7,1,2040-11-01 00:00:00,0.46143690721715486
1135,7,1,2041-11-01 00:00:00,0.4622100532743915
1136,7,1,2042-11-01 00:00:00,0.46371258240449287
1137,7,1,2043-11-01 00:00:00,0.4663237738053487
1138,7,1,2044-11-01 00:00:00,0.4654776894408255
1139,7,1,2045-11-01 00:00:00,0.46663011469595184
1140,7,1,2046-11-01 00:00:00,0.46753454970630415
1141,7,1,2047-11-01 00:00:00,0.4668926926021832
1142,7,1,2048-11-01 00:00:00,0.46846816003957104
1143,7,1,2049-11-01 00:00:00,0.4702186794144464
1144,7,1,2050-11-01 00:00:00,0.47357384154962423
1145,7,1,2051-11-01 00:00:00,0.4813198897834479
1146,7,1,2052-11-01 00:00:00,0.4865860355695314
1147,7,1,2053-11-01 00:00:00,0.4929170806419974
1148,7,1,2024-04-01 00:00:00,0.13674473850068314
1149,7,1,2025-04-01 00:00:00,0.13897665070364928
1150,7,1,2026-04-01 00:00:00,0.1423901634846563
1151,7,1,2027-04-01 00:00:00,0.1453514587604872
1152,7,1,2028-04-01 00:00:00,0.14774383523948356
1153,7,1,2029-04-01 00:00:00,0.14257980308360113
1154,7,1,2030-04-01 00:00:00,0.14085845903164035
1155,7,1,2031-04-01 00:00:00,0.142127585578425
1156,7,1,2032-04-01 00:00:00,0.14317789720335025
1157,7,1,2033-04-01 00:00:00,0.1439510432605869
1158,7,1,2034-04-01 00:00:00,0.1450742931927986
1159,7,1,2035-04-01 00:00:00,0.1462558937708395
1160,7,1,2036-04-01 00:00:00,0.14742290668742308
1161,7,1,2037-04-01 00:00:00,0.14840028000506186
1162,7,1,2038-04-01 00:00:00,0.1497277571976757
1163,7,1,2039-04-01 00:00:00,0.15071971817677174
1164,7,1,2040-04-01 00:00:00,0.152018020046471
1165,7,1,2041-04-01 00:00:00,0.15280575376516492
1166,7,1,2042-04-01 00:00:00,0.15354972449948698
1167,7,1,2043-04-01 00:00:00,0.15401652966612042
1168,7,1,2044-04-01 00:00:00,0.15356431216094427
1169,7,1,2045-04-01 00:00:00,0.15303915634848164
1170,7,1,2046-04-01 00:00:00,0.15315585764014
1171,7,1,2047-04-01 00:00:00,0.15369560111405992
1172,7,1,2048-04-01 00:00:00,0.154045704989035
1173,7,1,2049-04-01 00:00:00,0.1541186432963215
1174,7,1,2050-04-01 00:00:00,0.1546292114473268
1175,7,1,2051-04-01 00:00:00,0.15550447113476448
1176,7,1,2052-04-01 00:00:00,0.1578384969679317
1177,7,1,2053-04-01 00:00:00,0.15977865594175195
1178,7,1,2054-04-01 00:00:00,0.1615583506395419
1179,7,2,2023-11-01 00:00:00,0.13674473850068314
1180,7,2,2024-11-01 00:00:00,0.14279861800546056
1181,7,2,2025-11-01 00:00:00,0.1493922409841579
1182,7,2,2026-11-01 00:00:00,0.15726957817109719
1183,7,2,2027-11-01 00:00:00,0.2034832896678077
1184,7,2,2028-11-01 00:00:00,0.27941206755302805
1185,7,2,2029-11-01 00:00:00,0.34721551800653516
1186,7,2,2030-11-01 00:00:00,0.39372098273239153
1187,7,2,2031-11-01 00:00:00,0.4402118597967906
1188,7,2,2032-11-01 00:00:00,0.48668814919973247
1189,7,2,2033-11-01 00:00:00,0.4921001716003889
1190,7,2,2034-11-01 00:00:00,0.4977310089229047
1191,7,2,2035-11-01 00:00:00,0.502982567047531
1192,7,2,2036-11-01 00:00:00,0.5101159335001482
1193,7,2,2037-11-01 00:00:00,0.5166949688173882
1194,7,2,2038-11-01 00:00:00,0.5209253906400039
1195,7,2,2039-11-01 00:00:00,0.5239596242231211
1196,7,2,2040-11-01 00:00:00,0.5291674193633754
1197,7,2,2041-11-01 00:00:00,0.532012013347548
1198,7,2,2042-11-01 00:00:00,0.5365487760607667
1199,7,2,2043-11-01 00:00:00,0.5402540420709196
1200,7,2,2044-11-01 00:00:00,0.5391453798001652
1201,7,2,2045-11-01 00:00:00,0.5400352271490602
1202,7,2,2046-11-01 00:00:00,0.5393204317376528
1203,7,2,2047-11-01 00:00:00,0.5393787823834819
1204,7,2,2048-11-01 00:00:00,0.5423692529822274
1205,7,2,2049-11-01 00:00:00,0.5435508535602683
1206,7,2,2050-11-01 00:00:00,0.5480438532891152
1207,7,2,2051-11-01 00:00:00,0.5577592358196737
1208,7,2,2052-11-01 00:00:00,0.5658262126055578
1209,7,2,2053-11-01 00:00:00,0.5747246860945077
1210,7,2,2024-04-01 00:00:00,0.13674473850068314
1211,7,2,2025-04-01 00:00:00,0.1421421732398823
1212,7,2,2026-04-01 00:00:00,0.14899837412481093
1213,7,2,2027-04-01 00:00:00,0.15662772106697623
1214,7,2,2028-04-01 00:00:00,0.16440294462371444
1215,7,2,2029-04-01 00:00:00,0.17226569414919643
1216,7,2,2030-04-01 00:00:00,0.17976375213824605
1217,7,2,2031-04-01 00:00:00,0.18692629391377788
1218,7,2,2032-04-01 00:00:00,0.19349074156956061
1219,7,2,2033-04-01 00:00:00,0.19945709510559426
1220,7,2,2034-04-01 00:00:00,0.20537968565725603
1221,7,2,2035-04-01 00:00:00,0.2116232047609783
1222,7,2,2036-04-01 00:00:00,0.218829509520882
1223,7,2,2037-04-01 00:00:00,0.22556900911415229
1224,7,2,2038-04-01 00:00:00,0.23192922950953293
1225,7,2,2039-04-01 00:00:00,0.23716619997270183
1226,7,2,2040-04-01 00:00:00,0.24284080027958954
1227,7,2,2041-04-01 00:00:00,0.24950736156557335
1228,7,2,2042-04-01 00:00:00,0.2566261403567333
1229,7,2,2043-04-01 00:00:00,0.26273837050733995
1230,7,2,2044-04-01 00:00:00,0.267143844267443
1231,7,2,2045-04-01 00:00:00,0.2709074609234251
1232,7,2,2046-04-01 00:00:00,0.2754733989595584
1233,7,2,2047-04-01 00:00:00,0.2807687200685565
1234,7,2,2048-04-01 00:00:00,0.2860932165004692
1235,7,2,2049-04-01 00:00:00,0.29057162856785873
1236,7,2,2050-04-01 00:00:00,0.2957502483851985
1237,7,2,2051-04-01 00:00:00,0.2980259235725365
1238,7,2,2052-04-01 00:00:00,0.3024168096711823
1239,7,2,2053-04-01 00:00:00,0.30623877697299356
1240,7,2,2054-04-01 00:00:00,0.31006074427480484
1241,7,3,2023-11-01 00:00:00,0.13674473850068314
1242,7,3,2024-11-01 00:00:00,0.15365183812968802
1243,7,3,2025-11-01 00:00:00,0.1714779604305025
1244,7,3,2026-11-01 00:00:00,0.19017934241875467
1245,7,3,2027-11-01 00:00:00,0.20858897117786096
1246,7,3,2028-11-01 00:00:00,0.28200867129242657
1247,7,3,2029-11-01 00:00:00,0.35042480352714006
1248,7,3,2030-11-01 00:00:00,0.406849878043957
1249,7,3,2031-11-01 00:00:00,0.46330412788368863
1250,7,3,2032-11-01 00:00:00,0.5197583777234202
1251,7,3,2033-11-01 00:00:00,0.529838451790411
1252,7,3,2034-11-01 00:00:00,0.5390724414928788
1253,7,3,2035-11-01 00:00:00,0.5460161683465512
1254,7,3,2036-11-01 00:00:00,0.5546374762678125
1255,7,3,2037-11-01 00:00:00,0.5632296088661592
1256,7,3,2038-11-01 00:00:00,0.5686999819126449
1257,7,3,2039-11-01 00:00:00,0.573557673177924
1258,7,3,2040-11-01 00:00:00,0.5800054195420485
1259,7,3,2041-11-01 00:00:00,0.5830250654637086
1260,7,3,2042-11-01 00:00:00,0.5867740944582334
1261,7,3,2043-11-01 00:00:00,0.5913108571714522
1262,7,3,2044-11-01 00:00:00,0.5903043085308988
1263,7,3,2045-11-01 00:00:00,0.6065841387172399
1264,7,3,2046-11-01 00:00:00,0.6228347935806665
1265,7,3,2047-11-01 00:00:00,0.6362408544599206
1266,7,3,2048-11-01 00:00:00,0.6518788275421409
1267,7,3,2049-11-01 00:00:00,0.6669187065046119
1268,7,3,2050-11-01 00:00:00,0.6703030439627043
1269,7,3,2051-11-01 00:00:00,0.6812437900556756
1270,7,3,2052-11-01 00:00:00,0.6938475295547785
1271,7,3,2053-11-01 00:00:00,0.7080996747985557
1272,7,3,2024-04-01 00:00:00,0.13674473850068314
1273,7,3,2025-04-01 00:00:00,0.15273281545787845
1274,7,3,2026-04-01 00:00:00,0.16996084363894384
1275,7,3,2027-04-01 00:00:00,0.18680959262211955
1276,7,3,2028-04-01 00:00:00,0.20451901363127561
1277,7,3,2029-04-01 00:00:00,0.2235850871559602
1278,7,3,2030-04-01 00:00:00,0.24418286513366066
1279,7,3,2031-04-01 00:00:00,0.265758016429
1280,7,3,2032-04-01 00:00:00,0.28650167102127344
1281,7,3,2033-04-01 00:00:00,0.3074933158583209
1282,7,3,2034-04-01 00:00:00,0.32744923673190046
1283,7,3,2035-04-01 00:00:00,0.34839711858457606
1284,7,3,2036-04-01 00:00:00,0.37029319843197583
1285,7,3,2037-04-01 00:00:00,0.39153283351379725
1286,7,3,2038-04-01 00:00:00,0.412684942626875
1287,7,3,2039-04-01 00:00:00,0.43180936679738874
1288,7,3,2040-04-01 00:00:00,0.45231961880634547
1289,7,3,2041-04-01 00:00:00,0.47399688373188587
1290,7,3,2042-04-01 00:00:00,0.4957033239803408
1291,7,3,2043-04-01 00:00:00,0.5155717188851765
1292,7,3,2044-04-01 00:00:00,0.5328872730349857
1293,7,3,2045-04-01 00:00:00,0.5487732363619799
1294,7,3,2046-04-01 00:00:00,0.5637985276629938
1295,7,3,2047-04-01 00:00:00,0.5784737150890326
1296,7,3,2048-04-01 00:00:00,0.5921277662130606
1297,7,3,2049-04-01 00:00:00,0.6029372233529161
1298,7,3,2050-04-01 00:00:00,0.6159785926957378
1299,7,3,2051-04-01 00:00:00,0.6190420016017698
1300,7,3,2052-04-01 00:00:00,0.6268318128199654
1301,7,3,2053-04-01 00:00:00,0.6381226627879116
1302,7,3,2054-04-01 00:00:00,0.6495448017089737
1303,8,1,2023-11-01 00:00:00,0.0014587661457294981
1304,8,1,2024-11-01 00:00:00,0.0014879414686440823
1305,8,1,2025-11-01 00:00:00,0.0015171167915586665
1306,8,1,2026-11-01 00:00:00,0.0015608797759305531
1307,8,1,2027-11-01 00:00:00,0.002173561557136924
1308,8,1,2028-11-01 00:00:00,0.0029758829372881646
1309,8,1,2029-11-01 00:00:00,0.003690678348695632
1310,8,1,2030-11-01 00:00:00,0.0039824315778415565
1311,8,1,2031-11-01 00:00:00,0.004288772468444721
1312,8,1,2032-11-01 00:00:00,0.004595113359047886
1313,8,1,2033-11-01 00:00:00,0.004638876343419814
1314,8,1,2034-11-01 00:00:00,0.004682639327791742
1315,8,1,2035-11-01 00:00:00,0.004711814650706306
1316,8,1,2036-11-01 00:00:00,0.004755577635078151
1317,8,1,2037-11-01 00:00:00,0.004784752957992714
1318,8,1,2038-11-01 00:00:00,0.004828515942364642
1319,8,1,2039-11-01 00:00:00,0.00487227892673657
1320,8,1,2040-11-01 00:00:00,0.004930629572565697
1321,8,1,2041-11-01 00:00:00,0.004930629572565697
1322,8,1,2042-11-01 00:00:00,0.004945217234022979
1323,8,1,2043-11-01 00:00:00,0.004974392556937542
1324,8,1,2044-11-01 00:00:00,0.004974392556937626
1325,8,1,2045-11-01 00:00:00,0.004974392556937626
1326,8,1,2046-11-01 00:00:00,0.004974392556937626
1327,8,1,2047-11-01 00:00:00,0.004974392556937626
1328,8,1,2048-11-01 00:00:00,0.004988980218394907
1329,8,1,2049-11-01 00:00:00,0.00501815554130947
1330,8,1,2050-11-01 00:00:00,0.005047330864224117
1331,8,1,2051-11-01 00:00:00,0.00513485683296789
1332,8,1,2052-11-01 00:00:00,0.005193207478797017
1333,8,1,2053-11-01 00:00:00,0.005251558124626227
1334,8,1,2024-04-01 00:00:00,0.0014587661457294981
1335,8,1,2025-04-01 00:00:00,0.0014733538071868006
1336,8,1,2026-04-01 00:00:00,0.0015171167915586873
1337,8,1,2027-04-01 00:00:00,0.0015608797759305531
1338,8,1,2028-04-01 00:00:00,0.0015754674373878554
1339,8,1,2029-04-01 00:00:00,0.0015171167915586873
1340,8,1,2030-04-01 00:00:00,0.0015025291301013848
1341,8,1,2031-04-01 00:00:00,0.0015171167915586665
1342,8,1,2032-04-01 00:00:00,0.0015171167915586665
1343,8,1,2033-04-01 00:00:00,0.001531704453015969
1344,8,1,2034-04-01 00:00:00,0.0015462921144732712
1345,8,1,2035-04-01 00:00:00,0.0015608797759305531
1346,8,1,2036-04-01 00:00:00,0.0015754674373878554
1347,8,1,2037-04-01 00:00:00,0.0015754674373878554
1348,8,1,2038-04-01 00:00:00,0.001590055098845158
1349,8,1,2039-04-01 00:00:00,0.0016046427603024604
1350,8,1,2040-04-01 00:00:00,0.001619230421759742
1351,8,1,2041-04-01 00:00:00,0.001619230421759742
1352,8,1,2042-04-01 00:00:00,0.0016484057446743262
1353,8,1,2043-04-01 00:00:00,0.0016484057446743262
1354,8,1,2044-04-01 00:00:00,0.0016338180832170446
1355,8,1,2045-04-01 00:00:00,0.0016338180832170446
1356,8,1,2046-04-01 00:00:00,0.0016338180832170446
1357,8,1,2047-04-01 00:00:00,0.0016338180832170446
1358,8,1,2048-04-01 00:00:00,0.001648405744674347
1359,8,1,2049-04-01 00:00:00,0.0016484057446743262
1360,8,1,2050-04-01 00:00:00,0.0016629934061316287
1361,8,1,2051-04-01 00:00:00,0.001648405744674347
1362,8,1,2052-04-01 00:00:00,0.001692168729046213
1363,8,1,2053-04-01 00:00:00,0.0017067563905035154
1364,8,1,2054-04-01 00:00:00,0.0017213440519608177
1365,8,2,2023-11-01 00:00:00,0.0014587661457294981
1366,8,2,2024-11-01 00:00:00,0.0015171167915586873
1367,8,2,2025-11-01 00:00:00,0.001590055098845158
1368,8,2,2026-11-01 00:00:00,0.0016775810675889104
1369,8,2,2027-11-01 00:00:00,0.002173561557136924
1370,8,2,2028-11-01 00:00:00,0.0029758829372882063
1371,8,2,2029-11-01 00:00:00,0.0037052660101529137
1372,8,2,2030-11-01 00:00:00,0.004201246499700948
1373,8,2,2031-11-01 00:00:00,0.0046972269892490235
1374,8,2,2032-11-01 00:00:00,0.005193207478797017
1375,8,2,2033-11-01 00:00:00,0.005251558124626227
1376,8,2,2034-11-01 00:00:00,0.0053099087704553535
1377,8,2,2035-11-01 00:00:00,0.0053682594162845635
1378,8,2,2036-11-01 00:00:00,0.005441197723571055
1379,8,2,2037-11-01 00:00:00,0.005514136030857546
1380,8,2,2038-11-01 00:00:00,0.005543311353772027
1381,8,2,2039-11-01 00:00:00,0.005601661999601236
1382,8,2,2040-11-01 00:00:00,0.005645424983973165
1383,8,2,2041-11-01 00:00:00,0.005674600306887728
1384,8,2,2042-11-01 00:00:00,0.005718363291259656
1385,8,2,2043-11-01 00:00:00,0.005762126275631501
1386,8,2,2044-11-01 00:00:00,0.005747538614174219
1387,8,2,2045-11-01 00:00:00,0.005762126275631501
1388,8,2,2046-11-01 00:00:00,0.005747538614174219
1389,8,2,2047-11-01 00:00:00,0.005762126275631501
1390,8,2,2048-11-01 00:00:00,0.005791301598546065
1391,8,2,2049-11-01 00:00:00,0.005791301598546065
1392,8,2,2050-11-01 00:00:00,0.005849652244375275
1393,8,2,2051-11-01 00:00:00,0.005951765874576329
1394,8,2,2052-11-01 00:00:00,0.006039291843320103
1395,8,2,2053-11-01 00:00:00,0.006126817812063876
1396,8,2,2024-04-01 00:00:00,0.0014587661457294981
1397,8,2,2025-04-01 00:00:00,0.0015171167915586873
1398,8,2,2026-04-01 00:00:00,0.001590055098845158
1399,8,2,2027-04-01 00:00:00,0.0016629934061316287
1400,8,2,2028-04-01 00:00:00,0.0017505193748754018
1401,8,2,2029-04-01 00:00:00,0.0018380453436191544
1402,8,2,2030-04-01 00:00:00,0.0019109836509056458
1403,8,2,2031-04-01 00:00:00,0.001998509619649419
1404,8,2,2032-04-01 00:00:00,0.002056860265478629
1405,8,2,2033-04-01 00:00:00,0.002115210911307797
1406,8,2,2034-04-01 00:00:00,0.0022027368800515705
1407,8,2,2035-04-01 00:00:00,0.002246499864423457
1408,8,2,2036-04-01 00:00:00,0.00233402583316723
1409,8,2,2037-04-01 00:00:00,0.00240696414045368
1410,8,2,2038-04-01 00:00:00,0.00247990244774013
1411,8,2,2039-04-01 00:00:00,0.0025236654321120168
1412,8,2,2040-04-01 00:00:00,0.0025820160779412267
1413,8,2,2041-04-01 00:00:00,0.002669542046685
1414,8,2,2042-04-01 00:00:00,0.0027424803539714913
1415,8,2,2043-04-01 00:00:00,0.002800830999800618
1416,8,2,2044-04-01 00:00:00,0.0028445939841725463
1417,8,2,2045-04-01 00:00:00,0.0028883569685443913
1418,8,2,2046-04-01 00:00:00,0.0029467076143736013
1419,8,2,2047-04-01 00:00:00,0.0030050582602027696
1420,8,2,2048-04-01 00:00:00,0.0030488212445746563
1421,8,2,2049-04-01 00:00:00,0.0031071718904038246
1422,8,2,2050-04-01 00:00:00,0.003150934874775711
1423,8,2,2051-04-01 00:00:00,0.0031801101976902746
1424,8,2,2052-04-01 00:00:00,0.0032238731820622025
1425,8,2,2053-04-01 00:00:00,0.0032676361664340475
1426,8,2,2054-04-01 00:00:00,0.0032968114893486525
1427,8,3,2023-11-01 00:00:00,0.0014587661457294981
1428,8,3,2024-11-01 00:00:00,0.0016484057446743262
1429,8,3,2025-11-01 00:00:00,0.0018234576821618727
1430,8,3,2026-11-01 00:00:00,0.0020276849425639827
1431,8,3,2027-11-01 00:00:00,0.0022173245415088106
1432,8,3,2028-11-01 00:00:00,0.0030050582602027696
1433,8,3,2029-11-01 00:00:00,0.0037344413330675187
1434,8,3,2030-11-01 00:00:00,0.004347123114273931
1435,8,3,2031-11-01 00:00:00,0.004945217234022979
1436,8,3,2032-11-01 00:00:00,0.005543311353772109
1437,8,3,2033-11-01 00:00:00,0.005645424983973165
1438,8,3,2034-11-01 00:00:00,0.005747538614174219
1439,8,3,2035-11-01 00:00:00,0.005835064582917993
1440,8,3,2036-11-01 00:00:00,0.005922590551661766
1441,8,3,2037-11-01 00:00:00,0.006010116520405539
1442,8,3,2038-11-01 00:00:00,0.006068467166234666
1443,8,3,2039-11-01 00:00:00,0.006112230150606594
1444,8,3,2040-11-01 00:00:00,0.006185168457893003
1445,8,3,2041-11-01 00:00:00,0.0062289314422649305
1446,8,3,2042-11-01 00:00:00,0.006258106765179494
1447,8,3,2043-11-01 00:00:00,0.006301869749551422
1448,8,3,2044-11-01 00:00:00,0.00628728208809414
1449,8,3,2045-11-01 00:00:00,0.006462334025581687
1450,8,3,2046-11-01 00:00:00,0.006637385963069233
1451,8,3,2047-11-01 00:00:00,0.006797850239099498
1452,8,3,2048-11-01 00:00:00,0.006943726853672398
1453,8,3,2049-11-01 00:00:00,0.007118778791159944
1454,8,3,2050-11-01 00:00:00,0.007147954114074507
1455,8,3,2051-11-01 00:00:00,0.007279243067190209
1456,8,3,2052-11-01 00:00:00,0.007410532020305911
1457,8,3,2053-11-01 00:00:00,0.007556408634878727
1458,8,3,2024-04-01 00:00:00,0.0014587661457294981
1459,8,3,2025-04-01 00:00:00,0.0016338180832170238
1460,8,3,2026-04-01 00:00:00,0.0018088700207045702
1461,8,3,2027-04-01 00:00:00,0.001998509619649419
1462,8,3,2028-04-01 00:00:00,0.0021735615571369655
1463,8,3,2029-04-01 00:00:00,0.0023777888175390755
1464,8,3,2030-04-01 00:00:00,0.0026111914008558317
1465,8,3,2031-04-01 00:00:00,0.002830006322715223
1466,8,3,2032-04-01 00:00:00,0.0030488212445746563
1467,8,3,2033-04-01 00:00:00,0.003282223827891371
1468,8,3,2034-04-01 00:00:00,0.003486451088293522
1469,8,3,2035-04-01 00:00:00,0.0037198536716101954
1470,8,3,2036-04-01 00:00:00,0.0039532562549269516
1471,8,3,2037-04-01 00:00:00,0.004172071176786384
1472,8,3,2038-04-01 00:00:00,0.004405473760103141
1473,8,3,2039-04-01 00:00:00,0.004609701020505251
1474,8,3,2040-04-01 00:00:00,0.004828515942364642
1475,8,3,2041-04-01 00:00:00,0.0050473308642240335
1476,8,3,2042-04-01 00:00:00,0.00528073344754079
1477,8,3,2043-04-01 00:00:00,0.005499548369400181
1478,8,3,2044-04-01 00:00:00,0.005689187968345009
1479,8,3,2045-04-01 00:00:00,0.005849652244375275
1480,8,3,2046-04-01 00:00:00,0.006010116520405539
1481,8,3,2047-04-01 00:00:00,0.0061705807964357205
1482,8,3,2048-04-01 00:00:00,0.006316457411008704
1483,8,3,2049-04-01 00:00:00,0.006433158702667124
1484,8,3,2050-04-01 00:00:00,0.006579035317240024
1485,8,3,2051-04-01 00:00:00,0.006608210640154587
1486,8,3,2052-04-01 00:00:00,0.006681148947441078
1487,8,3,2053-04-01 00:00:00,0.0068124379005567795
1488,8,3,2054-04-01 00:00:00,0.006929139192215116
1489,9,1,2023-11-01 00:00:00,0
1490,9,1,2024-11-01 00:00:00,0
1491,9,1,2025-11-01 00:00:00,0
1492,9,1,2026-11-01 00:00:00,0
1493,9,1,2027-11-01 00:00:00,0
1494,9,1,2028-11-01 00:00:00,0
1495,9,1,2029-11-01 00:00:00,0
1496,9,1,2030-11-01 00:00:00,0
1497,9,1,2031-11-01 00:00:00,0
1498,9,1,2032-11-01 00:00:00,0
1499,9,1,2033-11-01 00:00:00,0
1500,9,1,2034-11-01 00:00:00,0
1501,9,1,2035-11-01 00:00:00,0
1502,9,1,2036-11-01 00:00:00,0
1503,9,1,2037-11-01 00:00:00,0
1504,9,1,2038-11-01 00:00:00,0
1505,9,1,2039-11-01 00:00:00,0
1506,9,1,2040-11-01 00:00:00,0
1507,9,1,2041-11-01 00:00:00,0
1508,9,1,2042-11-01 00:00:00,0
1509,9,1,2043-11-01 00:00:00,0
1510,9,1,2044-11-01 00:00:00,0
1511,9,1,2045-11-01 00:00:00,0
1512,9,1,2046-11-01 00:00:00,0
1513,9,1,2047-11-01 00:00:00,0
1514,9,1,2048-11-01 00:00:00,0
1515,9,1,2049-11-01 00:00:00,0
1516,9,1,2050-11-01 00:00:00,0
1517,9,1,2051-11-01 00:00:00,0
1518,9,1,2052-11-01 00:00:00,0
1519,9,1,2053-11-01 00:00:00,0
1520,9,1,2024-04-01 00:00:00,0
1521,9,1,2025-04-01 00:00:00,0
1522,9,1,2026-04-01 00:00:00,0
1523,9,1,2027-04-01 00:00:00,0
1524,9,1,2028-04-01 00:00:00,0
1525,9,1,2029-04-01 00:00:00,0
1526,9,1,2030-04-01 00:00:00,0
1527,9,1,2031-04-01 00:00:00,0
1528,9,1,2032-04-01 00:00:00,0
1529,9,1,2033-04-01 00:00:00,0
1530,9,1,2034-04-01 00:00:00,0
1531,9,1,2035-04-01 00:00:00,0
1532,9,1,2036-04-01 00:00:00,0
1533,9,1,2037-04-01 00:00:00,0
1534,9,1,2038-04-01 00:00:00,0
1535,9,1,2039-04-01 00:00:00,0
1536,9,1,2040-04-01 00:00:00,0
1537,9,1,2041-04-01 00:00:00,0
1538,9,1,2042-04-01 00:00:00,0
1539,9,1,2043-04-01 00:00:00,0
1540,9,1,2044-04-01 00:00:00,0
1541,9,1,2045-04-01 00:00:00,0
1542,9,1,2046-04-01 00:00:00,0
1543,9,1,2047-04-01 00:00:00,0
1544,9,1,2048-04-01 00:00:00,0
1545,9,1,2049-04-01 00:00:00,0
1546,9,1,2050-04-01 00:00:00,0
1547,9,1,2051-04-01 00:00:00,0
1548,9,1,2052-04-01 00:00:00,0
1549,9,1,2053-04-01 00:00:00,0
1550,9,1,2054-04-01 00:00:00,0
1551,9,2,2023-11-01 00:00:00,0
1552,9,2,2024-11-01 00:00:00,0
1553,9,2,2025-11-01 00:00:00,0
1554,9,2,2026-11-01 00:00:00,0
1555,9,2,2027-11-01 00:00:00,0
1556,9,2,2028-11-01 00:00:00,0
1557,9,2,2029-11-01 00:00:00,0
1558,9,2,2030-11-01 00:00:00,0
1559,9,2,2031-11-01 00:00:00,0
1560,9,2,2032-11-01 00:00:00,0
1561,9,2,2033-11-01 00:00:00,0
1562,9,2,2034-11-01 00:00:00,0
1563,9,2,2035-11-01 00:00:00,0
1564,9,2,2036-11-01 00:00:00,0
1565,9,2,2037-11-01 00:00:00,0
1566,9,2,2038-11-01 00:00:00,0
1567,9,2,2039-11-01 00:00:00,0
1568,9,2,2040-11-01 00:00:00,0
1569,9,2,2041-11-01 00:00:00,0
1570,9,2,2042-11-01 00:00:00,0
1571,9,2,2043-11-01 00:00:00,0
1572,9,2,2044-11-01 00:00:00,0
1573,9,2,2045-11-01 00:00:00,0
1574,9,2,2046-11-01 00:00:00,0
1575,9,2,2047-11-01 00:00:00,0
1576,9,2,2048-11-01 00:00:00,0
1577,9,2,2049-11-01 00:00:00,0
1578,9,2,2050-11-01 00:00:00,0
1579,9,2,2051-11-01 00:00:00,0
1580,9,2,2052-11-01 00:00:00,0
1581,9,2,2053-11-01 00:00:00,0
1582,9,2,2024-04-01 00:00:00,0
1583,9,2,2025-04-01 00:00:00,0
1584,9,2,2026-04-01 00:00:00,0
1585,9,2,2027-04-01 00:00:00,0
1586,9,2,2028-04-01 00:00:00,0
1587,9,2,2029-04-01 00:00:00,0
1588,9,2,2030-04-01 00:00:00,0
1589,9,2,2031-04-01 00:00:00,0
1590,9,2,2032-04-01 00:00:00,0
1591,9,2,2033-04-01 00:00:00,0
1592,9,2,2034-04-01 00:00:00,0
1593,9,2,2035-04-01 00:00:00,0
1594,9,2,2036-04-01 00:00:00,0
1595,9,2,2037-04-01 00:00:00,0
1596,9,2,2038-04-01 00:00:00,0
1597,9,2,2039-04-01 00:00:00,0
1598,9,2,2040-04-01 00:00:00,0
1599,9,2,2041-04-01 00:00:00,0
1600,9,2,2042-04-01 00:00:00,0
1601,9,2,2043-04-01 00:00:00,0
1602,9,2,2044-04-01 00:00:00,0
1603,9,2,2045-04-01 00:00:00,0
1604,9,2,2046-04-01 00:00:00,0
1605,9,2,2047-04-01 00:00:00,0
1606,9,2,2048-04-01 00:00:00,0
1607,9,2,2049-04-01 00:00:00,0
1608,9,2,2050-04-01 00:00:00,0
1609,9,2,2051-04-01 00:00:00,0
1610,9,2,2052-04-01 00:00:00,0
1611,9,2,2053-04-01 00:00:00,0
1612,9,2,2054-04-01 00:00:00,0
1613,9,3,2023-11-01 00:00:00,0
1614,9,3,2024-11-01 00:00:00,0
1615,9,3,2025-11-01 00:00:00,0
1616,9,3,2026-11-01 00:00:00,0
1617,9,3,2027-11-01 00:00:00,0
1618,9,3,2028-11-01 00:00:00,0
1619,9,3,2029-11-01 00:00:00,0
1620,9,3,2030-11-01 00:00:00,0
1621,9,3,2031-11-01 00:00:00,0
1622,9,3,2032-11-01 00:00:00,0
1623,9,3,2033-11-01 00:00:00,0
1624,9,3,2034-11-01 00:00:00,0
1625,9,3,2035-11-01 00:00:00,0
1626,9,3,2036-11-01 00:00:00,0
1627,9,3,2037-11-01 00:00:00,0
1628,9,3,2038-11-01 00:00:00,0
1629,9,3,2039-11-01 00:00:00,0
1630,9,3,2040-11-01 00:00:00,0
1631,9,3,2041-11-01 00:00:00,0
1632,9,3,2042-11-01 00:00:00,0
1633,9,3,2043-11-01 00:00:00,0
1634,9,3,2044-11-01 00:00:00,0
1635,9,3,2045-11-01 00:00:00,0
1636,9,3,2046-11-01 00:00:00,0
1637,9,3,2047-11-01 00:00:00,0
1638,9,3,2048-11-01 00:00:00,0
1639,9,3,2049-11-01 00:00:00,0
1640,9,3,2050-11-01 00:00:00,0
1641,9,3,2051-11-01 00:00:00,0
1642,9,3,2052-11-01 00:00:00,0
1643,9,3,2053-11-01 00:00:00,0
1644,9,3,2024-04-01 00:00:00,0
1645,9,3,2025-04-01 00:00:00,0
1646,9,3,2026-04-01 00:00:00,0
1647,9,3,2027-04-01 00:00:00,0
1648,9,3,2028-04-01 00:00:00,0
1649,9,3,2029-04-01 00:00:00,0
1650,9,3,2030-04-01 00:00:00,0
1651,9,3,2031-04-01 00:00:00,0
1652,9,3,2032-04-01 00:00:00,0
1653,9,3,2033-04-01 00:00:00,0
1654,9,3,2034-04-01 00:00:00,0
1655,9,3,2035-04-01 00:00:00,0
1656,9,3,2036-04-01 00:00:00,0
1657,9,3,2037-04-01 00:00:00,0
1658,9,3,2038-04-01 00:00:00,0
1659,9,3,2039-04-01 00:00:00,0
1660,9,3,2040-04-01 00:00:00,0
1661,9,3,2041-04-01 00:00:00,0
1662,9,3,2042-04-01 00:00:00,0
1663,9,3,2043-04-01 00:00:00,0
1664,9,3,2044-04-01 00:00:00,0
1665,9,3,2045-04-01 00:00:00,0
1666,9,3,2046-04-01 00:00:00,0
1667,9,3,2047-04-01 00:00:00,0
1668,9,3,2048-04-01 00:00:00,0
1669,9,3,2049-04-01 00:00:00,0
1670,9,3,2050-04-01 00:00:00,0
1671,9,3,2051-04-01 00:00:00,0
1672,9,3,2052-04-01 00:00:00,0
1673,9,3,2053-04-01 00:00:00,0
1674,9,3,2054-04-01 00:00:00,0
1675,10,1,2023-11-01 00:00:00,0
1676,10,1,2024-11-01 00:00:00,0
1677,10,1,2025-11-01 00:00:00,0
1678,10,1,2026-11-01 00:00:00,0
1679,10,1,2027-11-01 00:00:00,0
1680,10,1,2028-11-01 00:00:00,0
1681,10,1,2029-11-01 00:00:00,0
1682,10,1,2030-11-01 00:00:00,0
1683,10,1,2031-11-01 00:00:00,0
1684,10,1,2032-11-01 00:00:00,0
1685,10,1,2033-11-01 00:00:00,0
1686,10,1,2034-11-01 00:00:00,0
1687,10,1,2035-11-01 00:00:00,0
1688,10,1,2036-11-01 00:00:00,0
1689,10,1,2037-11-01 00:00:00,0
1690,10,1,2038-11-01 00:00:00,0
1691,10,1,2039-11-01 00:00:00,0
1692,10,1,2040-11-01 00:00:00,0
1693,10,1,2041-11-01 00:00:00,0
1694,10,1,2042-11-01 00:00:00,0
1695,10,1,2043-11-01 00:00:00,0
1696,10,1,2044-11-01 00:00:00,0
1697,10,1,2045-11-01 00:00:00,0
1698,10,1,2046-11-01 00:00:00,0
1699,10,1,2047-11-01 00:00:00,0
1700,10,1,2048-11-01 00:00:00,0
1701,10,1,2049-11-01 00:00:00,0
1702,10,1,2050-11-01 00:00:00,0
1703,10,1,2051-11-01 00:00:00,0
1704,10,1,2052-11-01 00:00:00,0
1705,10,1,2053-11-01 00:00:00,0
1706,10,1,2024-04-01 00:00:00,0
1707,10,1,2025-04-01 00:00:00,0
1708,10,1,2026-04-01 00:00:00,0
1709,10,1,2027-04-01 00:00:00,0
1710,10,1,2028-04-01 00:00:00,0
1711,10,1,2029-04-01 00:00:00,0
1712,10,1,2030-04-01 00:00:00,0
1713,10,1,2031-04-01 00:00:00,0
1714,10,1,2032-04-01 00:00:00,0
1715,10,1,2033-04-01 00:00:00,0
1716,10,1,2034-04-01 00:00:00,0
1717,10,1,2035-04-01 00:00:00,0
1718,10,1,2036-04-01 00:00:00,0
1719,10,1,2037-04-01 00:00:00,0
1720,10,1,2038-04-01 00:00:00,0
1721,10,1,2039-04-01 00:00:00,0
1722,10,1,2040-04-01 00:00:00,0
1723,10,1,2041-04-01 00:00:00,0
1724,10,1,2042-04-01 00:00:00,0
1725,10,1,2043-04-01 00:00:00,0
1726,10,1,2044-04-01 00:00:00,0
1727,10,1,2045-04-01 00:00:00,0
1728,10,1,2046-04-01 00:00:00,0
1729,10,1,2047-04-01 00:00:00,0
1730,10,1,2048-04-01 00:00:00,0
1731,10,1,2049-04-01 00:00:00,0
1732,10,1,2050-04-01 00:00:00,0
1733,10,1,2051-04-01 00:00:00,0
1734,10,1,2052-04-01 00:00:00,0
1735,10,1,2053-04-01 00:00:00,0
1736,10,1,2054-04-01 00:00:00,0
1737,10,2,2023-11-01 00:00:00,0
1738,10,2,2024-11-01 00:00:00,0
1739,10,2,2025-11-01 00:00:00,0
1740,10,2,2026-11-01 00:00:00,0
1741,10,2,2027-11-01 00:00:00,0
1742,10,2,2028-11-01 00:00:00,0
1743,10,2,2029-11-01 00:00:00,0
1744,10,2,2030-11-01 00:00:00,0
1745,10,2,2031-11-01 00:00:00,0
1746,10,2,2032-11-01 00:00:00,0
1747,10,2,2033-11-01 00:00:00,0
1748,10,2,2034-11-01 00:00:00,0
1749,10,2,2035-11-01 00:00:00,0
1750,10,2,2036-11-01 00:00:00,0
1751,10,2,2037-11-01 00:00:00,0
1752,10,2,2038-11-01 00:00:00,0
1753,10,2,2039-11-01 00:00:00,0
1754,10,2,2040-11-01 00:00:00,0
1755,10,2,2041-11-01 00:00:00,0
1756,10,2,2042-11-01 00:00:00,0
1757,10,2,2043-11-01 00:00:00,0
1758,10,2,2044-11-01 00:00:00,0
1759,10,2,2045-11-01 00:00:00,0
1760,10,2,2046-11-01 00:00:00,0
1761,10,2,2047-11-01 00:00:00,0
1762,10,2,2048-11-01 00:00:00,0
1763,10,2,2049-11-01 00:00:00,0
1764,10,2,2050-11-01 00:00:00,0
1765,10,2,2051-11-01 00:00:00,0
1766,10,2,2052-11-01 00:00:00,0
1767,10,2,2053-11-01 00:00:00,0
1768,10,2,2024-04-01 00:00:00,0
1769,10,2,2025-04-01 00:00:00,0
1770,10,2,2026-04-01 00:00:00,0
1771,10,2,2027-04-01 00:00:00,0
1772,10,2,2028-04-01 00:00:00,0
1773,10,2,2029-04-01 00:00:00,0
1774,10,2,2030-04-01 00:00:00,0
1775,10,2,2031-04-01 00:00:00,0
1776,10,2,2032-04-01 00:00:00,0
1777,10,2,2033-04-01 00:00:00,0
1778,10,2,2034-04-01 00:00:00,0
1779,10,2,2035-04-01 00:00:00,0
1780,10,2,2036-04-01 00:00:00,0
1781,10,2,2037-04-01 00:00:00,0
1782,10,2,2038-04-01 00:00:00,0
1783,10,2,2039-04-01 00:00:00,0
1784,10,2,2040-04-01 00:00:00,0
1785,10,2,2041-04-01 00:00:00,0
1786,10,2,2042-04-01 00:00:00,0
1787,10,2,2043-04-01 00:00:00,0
1788,10,2,2044-04-01 00:00:00,0
1789,10,2,2045-04-01 00:00:00,0
1790,10,2,2046-04-01 00:00:00,0
1791,10,2,2047-04-01 00:00:00,0
1792,10,2,2048-04-01 00:00:00,0
1793,10,2,2049-04-01 00:00:00,0
1794,10,2,2050-04-01 00:00:00,0
1795,10,2,2051-04-01 00:00:00,0
1796,10,2,2052-04-01 00:00:00,0
1797,10,2,2053-04-01 00:00:00,0
1798,10,2,2054-04-01 00:00:00,0
1799,10,3,2023-11-01 00:00:00,0
1800,10,3,2024-11-01 00:00:00,0
1801,10,3,2025-11-01 00:00:00,0
1802,10,3,2026-11-01 00:00:00,0
1803,10,3,2027-11-01 00:00:00,0
1804,10,3,2028-11-01 00:00:00,0
1805,10,3,2029-11-01 00:00:00,0
1806,10,3,2030-11-01 00:00:00,0
1807,10,3,2031-11-01 00:00:00,0
1808,10,3,2032-11-01 00:00:00,0
1809,10,3,2033-11-01 00:00:00,0
1810,10,3,2034-11-01 00:00:00,0
1811,10,3,2035-11-01 00:00:00,0
1812,10,3,2036-11-01 00:00:00,0
1813,10,3,2037-11-01 00:00:00,0
1814,10,3,2038-11-01 00:00:00,0
1815,10,3,2039-11-01 00:00:00,0
1816,10,3,2040-11-01 00:00:00,0
1817,10,3,2041-11-01 00:00:00,0
1818,10,3,2042-11-01 00:00:00,0
1819,10,3,2043-11-01 00:00:00,0
1820,10,3,2044-11-01 00:00:00,0
1821,10,3,2045-11-01 00:00:00,0
1822,10,3,2046-11-01 00:00:00,0
1823,10,3,2047-11-01 00:00:00,0
1824,10,3,2048-11-01 00:00:00,0
1825,10,3,2049-11-01 00:00:00,0
1826,10,3,2050-11-01 00:00:00,0
1827,10,3,2051-11-01 00:00:00,0
1828,10,3,2052-11-01 00:00:00,0
1829,10,3,2053-11-01 00:00:00,0
1830,10,3,2024-04-01 00:00:00,0
1831,10,3,2025-04-01 00:00:00,0
1832,10,3,2026-04-01 00:00:00,0
1833,10,3,2027-04-01 00:00:00,0
1834,10,3,2028-04-01 00:00:00,0
1835,10,3,2029-04-01 00:00:00,0
1836,10,3,2030-04-01 00:00:00,0
1837,10,3,2031-04-01 00:00:00,0
1838,10,3,2032-04-01 00:00:00,0
1839,10,3,2033-04-01 00:00:00,0
1840,10,3,2034-04-01 00:00:00,0
1841,10,3,2035-04-01 00:00:00,0
1842,10,3,2036-04-01 00:00:00,0
1843,10,3,2037-04-01 00:00:00,0
1844,10,3,2038-04-01 00:00:00,0
1845,10,3,2039-04-01 00:00:00,0
1846,10,3,2040-04-01 00:00:00,0
1847,10,3,2041-04-01 00:00:00,0
1848,10,3,2042-04-01 00:00:00,0
1849,10,3,2043-04-01 00:00:00,0
1850,10,3,2044-04-01 00:00:00,0
1851,10,3,2045-04-01 00:00:00,0
1852,10,3,2046-04-01 00:00:00,0
1853,10,3,2047-04-01 00:00:00,0
1854,10,3,2048-04-01 00:00:00,0
1855,10,3,2049-04-01 00:00:00,0
1856,10,3,2050-04-01 00:00:00,0
1857,10,3,2051-04-01 00:00:00,0
1858,10,3,2052-04-01 00:00:00,0
1859,10,3,2053-04-01 00:00:00,0
1860,10,3,2054-04-01 00:00:00,0
1861,11,1,2023-11-01 00:00:00,0.18331838767238637
1862,11,1,2024-11-01 00:00:00,0.1867015838604942
1863,11,1,2025-11-01 00:00:00,0.1902021163325827
1864,11,1,2026-11-01 00:00:00,0.19491512373913752
1865,11,1,2027-11-01 00:00:00,0.2716921655571223
1866,11,1,2028-11-01 00:00:00,0.3730707149163767
1867,11,1,2029-11-01 00:00:00,0.4629307523982004
1868,11,1,2030-11-01 00:00:00,0.5012410491178724
1869,11,1,2031-11-01 00:00:00,0.5395122337428842
1870,11,1,2032-11-01 00:00:00,0.5777638623205658
1871,11,1,2033-11-01 00:00:00,0.5825159818217808
1872,11,1,2034-11-01 00:00:00,0.5876983343642581
1873,11,1,2035-11-01 00:00:00,0.5918637724455701
1874,11,1,2036-11-01 00:00:00,0.597163461272028
1875,11,1,2037-11-01 00:00:00,0.6017982444892624
1876,11,1,2038-11-01 00:00:00,0.6077041707829536
1877,11,1,2039-11-01 00:00:00,0.6123585100475182
1878,11,1,2040-11-01 00:00:00,0.618596889145821
1879,11,1,2041-11-01 00:00:00,0.6196333596543165
1880,11,1,2042-11-01 00:00:00,0.6216476325293171
1881,11,1,2043-11-01 00:00:00,0.6251481650014056
1882,11,1,2044-11-01 00:00:00,0.6240139142562595
1883,11,1,2045-11-01 00:00:00,0.6255588419953377
1884,11,1,2046-11-01 00:00:00,0.6267713169298041
1885,11,1,2047-11-01 00:00:00,0.6259108508472796
1886,11,1,2048-11-01 00:00:00,0.6280229039589307
1887,11,1,2049-11-01 00:00:00,0.630369629638543
1888,11,1,2050-11-01 00:00:00,0.6348675205244668
1889,11,1,2051-11-01 00:00:00,0.6452517816567516
1890,11,1,2052-11-01 00:00:00,0.6523115147429187
1891,11,1,2053-11-01 00:00:00,0.6607988392841835
1892,11,1,2024-04-01 00:00:00,0.18331838767238637
1893,11,1,2025-04-01 00:00:00,0.18631046291389217
1894,11,1,2026-04-01 00:00:00,0.19088657798913627
1895,11,1,2027-04-01 00:00:00,0.1948564555971472
1896,11,1,2028-04-01 00:00:00,0.1980636473592841
1897,11,1,2029-04-01 00:00:00,0.19114080660442762
1898,11,1,2030-04-01 00:00:00,0.18883319301947546
1899,11,1,2031-04-01 00:00:00,0.19053456913719444
1900,11,1,2032-04-01 00:00:00,0.19194260454496187
1901,11,1,2033-04-01 00:00:00,0.19297907505345732
1902,11,1,2034-04-01 00:00:00,0.19448489069787525
1903,11,1,2035-04-01 00:00:00,0.19606893053161362
1904,11,1,2036-04-01 00:00:00,0.19763341431802187
1905,11,1,2037-04-01 00:00:00,0.19894366948913877
1906,11,1,2038-04-01 00:00:00,0.20072326979617813
1907,11,1,2039-04-01 00:00:00,0.20205308101462513
1908,11,1,2040-04-01 00:00:00,0.2037935692270043
1909,11,1,2041-04-01 00:00:00,0.20484959578282988
1910,11,1,2042-04-01 00:00:00,0.20584695419666516
1911,11,1,2043-04-01 00:00:00,0.20647274771122845
1912,11,1,2044-04-01 00:00:00,0.20586651024399524
1913,11,1,2045-04-01 00:00:00,0.20516249254011154
1914,11,1,2046-04-01 00:00:00,0.20531894091875236
1915,11,1,2047-04-01 00:00:00,0.20604251466996618
1916,11,1,2048-04-01 00:00:00,0.20651185980588865
1917,11,1,2049-04-01 00:00:00,0.20660964004253918
1918,11,1,2050-04-01 00:00:00,0.2072941016990928
1919,11,1,2051-04-01 00:00:00,0.20846746453889894
1920,11,1,2052-04-01 00:00:00,0.21159643211171547
1921,11,1,2053-04-01 00:00:00,0.21419738640661917
1922,11,1,2054-04-01 00:00:00,0.21658322418089174
1923,11,2,2023-11-01 00:00:00,0.18331838767238637
1924,11,2,2024-11-01 00:00:00,0.19143414731437916
1925,11,2,2025-11-01 00:00:00,0.20027348070758577
1926,11,2,2026-11-01 00:00:00,0.21083374626584145
1927,11,2,2027-11-01 00:00:00,0.27278730420760805
1928,11,2,2028-11-01 00:00:00,0.3745765305607946
1929,11,2,2029-11-01 00:00:00,0.4654730385511138
1930,11,2,2030-11-01 00:00:00,0.5278177174394825
1931,11,2,2031-11-01 00:00:00,0.590142840280521
1932,11,2,2032-11-01 00:00:00,0.6524484070742295
1933,11,2,2033-11-01 00:00:00,0.6597037006336977
1934,11,2,2034-11-01 00:00:00,0.6672523349031175
1935,11,2,2035-11-01 00:00:00,0.6742925119419546
1936,11,2,2036-11-01 00:00:00,0.683855419086375
1937,11,2,2037-11-01 00:00:00,0.6926751964322515
1938,11,2,2038-11-01 00:00:00,0.6983464501579815
1939,11,2,2039-11-01 00:00:00,0.7024141080026429
1940,11,2,2040-11-01 00:00:00,0.7093956168994897
1941,11,2,2041-11-01 00:00:00,0.7132090461288597
1942,11,2,2042-11-01 00:00:00,0.7192909768485218
1943,11,2,2043-11-01 00:00:00,0.7242582128703681
1944,11,2,2044-11-01 00:00:00,0.7227719532732801
1945,11,2,2045-11-01 00:00:00,0.7239648721604165
1946,11,2,2046-11-01 00:00:00,0.7230066258412414
1947,11,2,2047-11-01 00:00:00,0.7230848500305619
1948,11,2,2048-11-01 00:00:00,0.727093839733233
1949,11,2,2049-11-01 00:00:00,0.7286778795669714
1950,11,2,2050-11-01 00:00:00,0.7347011421446431
1951,11,2,2051-11-01 00:00:00,0.7477254696664918
1952,11,2,2052-11-01 00:00:00,0.7585399638400387
1953,11,2,2053-11-01 00:00:00,0.7704691527114017
1954,11,2,2024-04-01 00:00:00,0.18331838767238637
1955,11,2,2025-04-01 00:00:00,0.19055412518452453
1956,11,2,2026-04-01 00:00:00,0.19974546742967297
1957,11,2,2027-04-01 00:00:00,0.2099732801833169
1958,11,2,2028-04-01 00:00:00,0.22039665341026185
1959,11,2,2029-04-01 00:00:00,0.23093736292118744
1960,11,2,2030-04-01 00:00:00,0.2409891712488604
1961,11,2,2031-04-01 00:00:00,0.250591190487941
1962,11,2,2032-04-01 00:00:00,0.2593914117864874
1963,11,2,2033-04-01 00:00:00,0.26738983514449954
1964,11,2,2034-04-01 00:00:00,0.2753295903605214
1965,11,2,2035-04-01 00:00:00,0.28369957861780554
1966,11,2,2036-04-01 00:00:00,0.2933602659988765
1967,11,2,2037-04-01 00:00:00,0.3023951598653841
1968,11,2,2038-04-01 00:00:00,0.31092159650130907
1969,11,2,2039-04-01 00:00:00,0.3179422174928161
1970,11,2,2040-04-01 00:00:00,0.3255495199042262
1971,11,2,2041-04-01 00:00:00,0.33448663353408326
1972,11,2,2042-04-01 00:00:00,0.34402998463117357
1973,11,2,2043-04-01 00:00:00,0.3522239684624868
1974,11,2,2044-04-01 00:00:00,0.3581298947561779
1975,11,2,2045-04-01 00:00:00,0.36317535496734454
1976,11,2,2046-04-01 00:00:00,0.3692963977816668
1977,11,2,2047-04-01 00:00:00,0.3763952429624942
1978,11,2,2048-04-01 00:00:00,0.3835332002379819
1979,11,2,2049-04-01 00:00:00,0.3895369067683235
1980,11,2,2050-04-01 00:00:00,0.3964793035705101
1981,11,2,2051-04-01 00:00:00,0.3995300469540062
1982,11,2,2052-04-01 00:00:00,0.4054164172003672
1983,11,2,2053-04-01 00:00:00,0.41054010160085425
1984,11,2,2054-04-01 00:00:00,0.41566378600134124
1985,11,3,2023-11-01 00:00:00,0.18331838767238637
1986,11,3,2024-11-01 00:00:00,0.20598384652797586
1987,11,3,2025-11-01 00:00:00,0.22988133636536184
1988,11,3,2026-11-01 00:00:00,0.254952189042554
1989,11,3,2027-11-01 00:00:00,0.27963192077314414
1990,11,3,2028-11-01 00:00:00,0.37805750698555296
1991,11,3,2029-11-01 00:00:00,0.4697753689637365
1992,11,3,2030-11-01 00:00:00,0.5454181600365752
1993,11,3,2031-11-01 00:00:00,0.6211000632040743
1994,11,3,2032-11-01 00:00:00,0.6967819663715732
1995,11,3,2033-11-01 00:00:00,0.7102951950766744
1996,11,3,2034-11-01 00:00:00,0.7226741730366297
1997,11,3,2035-11-01 00:00:00,0.7319828515657588
1998,11,3,2036-11-01 00:00:00,0.7435404755378496
1999,11,3,2037-11-01 00:00:00,0.7550589874152804
2000,11,3,2038-11-01 00:00:00,0.7623925051640691
2001,11,3,2039-11-01 00:00:00,0.7689046689249934
2002,11,3,2040-11-01 00:00:00,0.777548441844899
2003,11,3,2041-11-01 00:00:00,0.7815965436422303
2004,11,3,2042-11-01 00:00:00,0.7866224478060668
2005,11,3,2043-11-01 00:00:00,0.792704378525729
2006,11,3,2044-11-01 00:00:00,0.7913550112599518
2007,11,3,2045-11-01 00:00:00,0.8131795600803468
2008,11,3,2046-11-01 00:00:00,0.8349649968060816
2009,11,3,2047-11-01 00:00:00,0.8529370043024463
2010,11,3,2048-11-01 00:00:00,0.8739010870403169
2011,11,3,2049-11-01 00:00:00,0.8940633718376532
2012,11,3,2050-11-01 00:00:00,0.8986003748182371
2013,11,3,2051-11-01 00:00:00,0.9132674103158144
2014,11,3,2052-11-01 00:00:00,0.9301638352090235
2015,11,3,2053-11-01 00:00:00,0.9492700934505343
2016,11,3,2024-04-01 00:00:00,0.18331838767238637
2017,11,3,2025-04-01 00:00:00,0.20475181554617938
2018,11,3,2026-04-01 00:00:00,0.22784750744303114
2019,11,3,2027-04-01 00:00:00,0.2504347421093002
2020,11,3,2028-04-01 00:00:00,0.27417578356804534
2021,11,3,2029-04-01 00:00:00,0.29973553742849013
2022,11,3,2030-04-01 00:00:00,0.32734867625859565
2023,11,3,2031-04-01 00:00:00,0.35627207025981816
2024,11,3,2032-04-01 00:00:00,0.38408076956322473
2025,11,3,2033-04-01 00:00:00,0.41222192167124305
2026,11,3,2034-04-01 00:00:00,0.43897459441882414
2027,11,3,2035-04-01 00:00:00,0.46705707838485216
2028,11,3,2036-04-01 00:00:00,0.4964107054273369
2029,11,3,2037-04-01 00:00:00,0.524884310339967
2030,11,3,2038-04-01 00:00:00,0.5532405789686164
2031,11,3,2039-04-01 00:00:00,0.5788785570183816
2032,11,3,2040-04-01 00:00:00,0.6063743595645066
2033,11,3,2041-04-01 00:00:00,0.6354346458970398
2034,11,3,2042-04-01 00:00:00,0.6645340443242332
2035,11,3,2043-04-01 00:00:00,0.6911693807878336
2036,11,3,2044-04-01 00:00:00,0.714382408968666
2037,11,3,2045-04-01 00:00:00,0.7356789445111482
2038,11,3,2046-04-01 00:00:00,0.7558216732611545
2039,11,3,2047-04-01 00:00:00,0.7754950568752381
2040,11,3,2048-04-01 00:00:00,0.7937995171762147
2041,11,3,2049-04-01 00:00:00,0.808290548247821
2042,11,3,2050-04-01 00:00:00,0.8257736545609332
2043,11,3,2051-04-01 00:00:00,0.8298804245002549
2044,11,3,2052-04-01 00:00:00,0.8403233537745298
2045,11,3,2053-04-01 00:00:00,0.8554597344080297
2046,11,3,2054-04-01 00:00:00,0.8707721194675003
2047,12,1,2023-11-01 00:00:00,0.0019556047330103092
2048,12,1,2024-11-01 00:00:00,0.0019947168276705078
2049,12,1,2025-11-01 00:00:00,0.002033828922330706
2050,12,1,2026-11-01 00:00:00,0.0020924970643210177
2051,12,1,2027-11-01 00:00:00,0.002913851052185323
2052,12,1,2028-11-01 00:00:00,0.0039894336553410155
2053,12,1,2029-11-01 00:00:00,0.004947679974516085
2054,12,1,2030-11-01 00:00:00,0.0053388009211181794
2055,12,1,2031-11-01 00:00:00,0.005749477915050305
2056,12,1,2032-11-01 00:00:00,0.006160154908982429
2057,12,1,2033-11-01 00:00:00,0.006218823050972796
2058,12,1,2034-11-01 00:00:00,0.006277491192963164
2059,12,1,2035-11-01 00:00:00,0.0063166032876233345
2060,12,1,2036-11-01 00:00:00,0.00637527142961359
2061,12,1,2037-11-01 00:00:00,0.006414383524273761
2062,12,1,2038-11-01 00:00:00,0.006473051666264128
2063,12,1,2039-11-01 00:00:00,0.0065317198082544955
2064,12,1,2040-11-01 00:00:00,0.006609943997574836
2065,12,1,2041-11-01 00:00:00,0.006609943997574836
2066,12,1,2042-11-01 00:00:00,0.006629500044904922
2067,12,1,2043-11-01 00:00:00,0.006668612139565092
2068,12,1,2044-11-01 00:00:00,0.006668612139565203
2069,12,1,2045-11-01 00:00:00,0.006668612139565203
2070,12,1,2046-11-01 00:00:00,0.006668612139565203
2071,12,1,2047-11-01 00:00:00,0.006668612139565203
2072,12,1,2048-11-01 00:00:00,0.006688168186895289
2073,12,1,2049-11-01 00:00:00,0.006727280281555459
2074,12,1,2050-11-01 00:00:00,0.006766392376215741
2075,12,1,2051-11-01 00:00:00,0.006883728660196364
2076,12,1,2052-11-01 00:00:00,0.006961952849516706
2077,12,1,2053-11-01 00:00:00,0.007040177038837157
2078,12,1,2024-04-01 00:00:00,0.0019556047330103092
2079,12,1,2025-04-01 00:00:00,0.001975160780340422
2080,12,1,2026-04-01 00:00:00,0.002033828922330734
2081,12,1,2027-04-01 00:00:00,0.0020924970643210177
2082,12,1,2028-04-01 00:00:00,0.0021120531116511306
2083,12,1,2029-04-01 00:00:00,0.002033828922330734
2084,12,1,2030-04-01 00:00:00,0.0020142728750006207
2085,12,1,2031-04-01 00:00:00,0.002033828922330706
2086,12,1,2032-04-01 00:00:00,0.002033828922330706
2087,12,1,2033-04-01 00:00:00,0.002053384969660819
2088,12,1,2034-04-01 00:00:00,0.002072941016990932
2089,12,1,2035-04-01 00:00:00,0.0020924970643210177
2090,12,1,2036-04-01 00:00:00,0.0021120531116511306
2091,12,1,2037-04-01 00:00:00,0.0021120531116511306
2092,12,1,2038-04-01 00:00:00,0.0021316091589812436
2093,12,1,2039-04-01 00:00:00,0.002151165206311357
2094,12,1,2040-04-01 00:00:00,0.002170721253641442
2095,12,1,2041-04-01 00:00:00,0.002170721253641442
2096,12,1,2042-04-01 00:00:00,0.0022098333483016406
2097,12,1,2043-04-01 00:00:00,0.0022098333483016406
2098,12,1,2044-04-01 00:00:00,0.0021902773009715554
2099,12,1,2045-04-01 00:00:00,0.0021902773009715554
2100,12,1,2046-04-01 00:00:00,0.0021902773009715554
2101,12,1,2047-04-01 00:00:00,0.0021902773009715554
2102,12,1,2048-04-01 00:00:00,0.0022098333483016683
2103,12,1,2049-04-01 00:00:00,0.0022098333483016406
2104,12,1,2050-04-01 00:00:00,0.0022293893956317535
2105,12,1,2051-04-01 00:00:00,0.0022098333483016683
2106,12,1,2052-04-01 00:00:00,0.002268501490291952
2107,12,1,2053-04-01 00:00:00,0.002288057537622065
2108,12,1,2054-04-01 00:00:00,0.0023076135849521783
2109,12,2,2023-11-01 00:00:00,0.0019556047330103092
2110,12,2,2024-11-01 00:00:00,0.002033828922330734
2111,12,2,2025-11-01 00:00:00,0.0021316091589812436
2112,12,2,2026-11-01 00:00:00,0.002248945442961839
2113,12,2,2027-11-01 00:00:00,0.002913851052185323
2114,12,2,2028-11-01 00:00:00,0.003989433655341071
2115,12,2,2029-11-01 00:00:00,0.00496723602184617
2116,12,2,2030-11-01 00:00:00,0.005632141631069682
2117,12,2,2031-11-01 00:00:00,0.006297047240293249
2118,12,2,2032-11-01 00:00:00,0.006961952849516706
2119,12,2,2033-11-01 00:00:00,0.007040177038837157
2120,12,2,2034-11-01 00:00:00,0.007118401228157499
2121,12,2,2035-11-01 00:00:00,0.007196625417477951
2122,12,2,2036-11-01 00:00:00,0.007294405654128489
2123,12,2,2037-11-01 00:00:00,0.007392185890779027
2124,12,2,2038-11-01 00:00:00,0.007431297985439086
2125,12,2,2039-11-01 00:00:00,0.007509522174759539
2126,12,2,2040-11-01 00:00:00,0.007568190316749906
2127,12,2,2041-11-01 00:00:00,0.007607302411410076
2128,12,2,2042-11-01 00:00:00,0.007665970553400444
2129,12,2,2043-11-01 00:00:00,0.0077246386953907
2130,12,2,2044-11-01 00:00:00,0.007705082648060614
2131,12,2,2045-11-01 00:00:00,0.0077246386953907
2132,12,2,2046-11-01 00:00:00,0.007705082648060614
2133,12,2,2047-11-01 00:00:00,0.0077246386953907
2134,12,2,2048-11-01 00:00:00,0.00776375079005087
2135,12,2,2049-11-01 00:00:00,0.00776375079005087
2136,12,2,2050-11-01 00:00:00,0.007841974979371322
2137,12,2,2051-11-01 00:00:00,0.007978867310682031
2138,12,2,2052-11-01 00:00:00,0.008096203594662654
2139,12,2,2053-11-01 00:00:00,0.008213539878643277
2140,12,2,2024-04-01 00:00:00,0.0019556047330103092
2141,12,2,2025-04-01 00:00:00,0.002033828922330734
2142,12,2,2026-04-01 00:00:00,0.0021316091589812436
2143,12,2,2027-04-01 00:00:00,0.0022293893956317535
2144,12,2,2028-04-01 00:00:00,0.002346725679612377
2145,12,2,2029-04-01 00:00:00,0.002464061963592972
2146,12,2,2030-04-01 00:00:00,0.0025618422002435096
2147,12,2,2031-04-01 00:00:00,0.0026791784842241325
2148,12,2,2032-04-01 00:00:00,0.002757402673544585
2149,12,2,2033-04-01 00:00:00,0.0028356268628649817
2150,12,2,2034-04-01 00:00:00,0.0029529631468456045
2151,12,2,2035-04-01 00:00:00,0.0030116312888359164
2152,12,2,2036-04-01 00:00:00,0.0031289675728165393
2153,12,2,2037-04-01 00:00:00,0.0032267478094670215
2154,12,2,2038-04-01 00:00:00,0.0033245280461175037
2155,12,2,2039-04-01 00:00:00,0.003383196188107815
2156,12,2,2040-04-01 00:00:00,0.0034614203774282672
2157,12,2,2041-04-01 00:00:00,0.0035787566614088905
2158,12,2,2042-04-01 00:00:00,0.0036765368980594283
2159,12,2,2043-04-01 00:00:00,0.0037547610873797693
2160,12,2,2044-04-01 00:00:00,0.0038134292293701363
2161,12,2,2045-04-01 00:00:00,0.003872097371360392
2162,12,2,2046-04-01 00:00:00,0.003950321560680844
2163,12,2,2047-04-01 00:00:00,0.004028545750001241
2164,12,2,2048-04-01 00:00:00,0.004087213891991553
2165,12,2,2049-04-01 00:00:00,0.00416543808131195
2166,12,2,2050-04-01 00:00:00,0.004224106223302261
2167,12,2,2051-04-01 00:00:00,0.004263218317962432
2168,12,2,2052-04-01 00:00:00,0.004321886459952799
2169,12,2,2053-04-01 00:00:00,0.004380554601943055
2170,12,2,2054-04-01 00:00:00,0.004419666696603281
2171,12,3,2023-11-01 00:00:00,0.0019556047330103092
2172,12,3,2024-11-01 00:00:00,0.0022098333483016406
2173,12,3,2025-11-01 00:00:00,0.0024445059162628863
2174,12,3,2026-11-01 00:00:00,0.0027182905788843033
2175,12,3,2027-11-01 00:00:00,0.0029725191941756346
2176,12,3,2028-11-01 00:00:00,0.004028545750001241
2177,12,3,2029-11-01 00:00:00,0.005006348116506396
2178,12,3,2030-11-01 00:00:00,0.005827702104370757
2179,12,3,2031-11-01 00:00:00,0.006629500044904922
2180,12,3,2032-11-01 00:00:00,0.007431297985439197
2181,12,3,2033-11-01 00:00:00,0.007568190316749906
2182,12,3,2034-11-01 00:00:00,0.007705082648060614
2183,12,3,2035-11-01 00:00:00,0.007822418932041237
2184,12,3,2036-11-01 00:00:00,0.00793975521602186
2185,12,3,2037-11-01 00:00:00,0.008057091500002483
2186,12,3,2038-11-01 00:00:00,0.008135315689322823
2187,12,3,2039-11-01 00:00:00,0.008193983831313192
2188,12,3,2040-11-01 00:00:00,0.008291764067963617
2189,12,3,2041-11-01 00:00:00,0.008350432209953984
2190,12,3,2042-11-01 00:00:00,0.008389544304614156
2191,12,3,2043-11-01 00:00:00,0.008448212446604523
2192,12,3,2044-11-01 00:00:00,0.008428656399274438
2193,12,3,2045-11-01 00:00:00,0.008663328967235684
2194,12,3,2046-11-01 00:00:00,0.00889800153519693
2195,12,3,2047-11-01 00:00:00,0.00911311805582809
2196,12,3,2048-11-01 00:00:00,0.009308678529129054
2197,12,3,2049-11-01 00:00:00,0.0095433510970903
2198,12,3,2050-11-01 00:00:00,0.00958246319175047
2199,12,3,2051-11-01 00:00:00,0.00975846761772146
2200,12,3,2052-11-01 00:00:00,0.00993447204369245
2201,12,3,2053-11-01 00:00:00,0.010130032516993305
2202,12,3,2024-04-01 00:00:00,0.0019556047330103092
2203,12,3,2025-04-01 00:00:00,0.0021902773009715277
2204,12,3,2026-04-01 00:00:00,0.0024249498689327734
2205,12,3,2027-04-01 00:00:00,0.0026791784842241325
2206,12,3,2028-04-01 00:00:00,0.0029138510521853787
2207,12,3,2029-04-01 00:00:00,0.003187635714806795
2208,12,3,2030-04-01 00:00:00,0.0035005324720884935
2209,12,3,2031-04-01 00:00:00,0.0037938731820399956
2210,12,3,2032-04-01 00:00:00,0.004087213891991553
2211,12,3,2033-04-01 00:00:00,0.004400110649273196
2212,12,3,2034-04-01 00:00:00,0.004673895311894668
2213,12,3,2035-04-01 00:00:00,0.004986792069176255
2214,12,3,2036-04-01 00:00:00,0.005299688826457954
2215,12,3,2037-04-01 00:00:00,0.005593029536409511
2216,12,3,2038-04-01 00:00:00,0.005905926293691209
2217,12,3,2039-04-01 00:00:00,0.006179710956312626
2218,12,3,2040-04-01 00:00:00,0.006473051666264128
2219,12,3,2041-04-01 00:00:00,0.00676639237621563
2220,12,3,2042-04-01 00:00:00,0.0070792891334973285
2221,12,3,2043-04-01 00:00:00,0.00737262984344883
2222,12,3,2044-04-01 00:00:00,0.0076268584587401616
2223,12,3,2045-04-01 00:00:00,0.007841974979371322
2224,12,3,2046-04-01 00:00:00,0.008057091500002483
2225,12,3,2047-04-01 00:00:00,0.008272208020633533
2226,12,3,2048-04-01 00:00:00,0.008467768493934607
2227,12,3,2049-04-01 00:00:00,0.008624216872575512
2228,12,3,2050-04-01 00:00:00,0.008819777345876478
2229,12,3,2051-04-01 00:00:00,0.008858889440536647
2230,12,3,2052-04-01 00:00:00,0.008956669677187185
2231,12,3,2053-04-01 00:00:00,0.009132674103158175
2232,12,3,2054-04-01 00:00:00,0.009289122481798969
2233,13,1,2023-11-01 00:00:00,0
2234,13,1,2024-11-01 00:00:00,0
2235,13,1,2025-11-01 00:00:00,0
2236,13,1,2026-11-01 00:00:00,0
2237,13,1,2027-11-01 00:00:00,0
2238,13,1,2028-11-01 00:00:00,0
2239,13,1,2029-11-01 00:00:00,0
2240,13,1,2030-11-01 00:00:00,0
2241,13,1,2031-11-01 00:00:00,0
2242,13,1,2032-11-01 00:00:00,0
2243,13,1,2033-11-01 00:00:00,0
2244,13,1,2034-11-01 00:00:00,0
2245,13,1,2035-11-01 00:00:00,0
2246,13,1,2036-11-01 00:00:00,0
2247,13,1,2037-11-01 00:00:00,0
2248,13,1,2038-11-01 00:00:00,0
2249,13,1,2039-11-01 00:00:00,0
2250,13,1,2040-11-01 00:00:00,0
2251,13,1,2041-11-01 00:00:00,0
2252,13,1,2042-11-01 00:00:00,0
2253,13,1,2043-11-01 00:00:00,0
2254,13,1,2044-11-01 00:00:00,0
2255,13,1,2045-11-01 00:00:00,0
2256,13,1,2046-11-01 00:00:00,0
2257,13,1,2047-11-01 00:00:00,0
2258,13,1,2048-11-01 00:00:00,0
2259,13,1,2049-11-01 00:00:00,0
2260,13,1,2050-11-01 00:00:00,0
2261,13,1,2051-11-01 00:00:00,0
2262,13,1,2052-11-01 00:00:00,0
2263,13,1,2053-11-01 00:00:00,0
2264,13,1,2024-04-01 00:00:00,0
2265,13,1,2025-04-01 00:00:00,0
2266,13,1,2026-04-01 00:00:00,0
2267,13,1,2027-04-01 00:00:00,0
2268,13,1,2028-04-01 00:00:00,0
2269,13,1,2029-04-01 00:00:00,0
2270,13,1,2030-04-01 00:00:00,0
2271,13,1,2031-04-01 00:00:00,0
2272,13,1,2032-04-01 00:00:00,0
2273,13,1,2033-04-01 00:00:00,0
2274,13,1,2034-04-01 00:00:00,0
2275,13,1,2035-04-01 00:00:00,0
2276,13,1,2036-04-01 00:00:00,0
2277,13,1,2037-04-01 00:00:00,0
2278,13,1,2038-04-01 00:00:00,0
2279,13,1,2039-04-01 00:00:00,0
2280,13,1,2040-04-01 00:00:00,0
2281,13,1,2041-04-01 00:00:00,0
2282,13,1,2042-04-01 00:00:00,0
2283,13,1,2043-04-01 00:00:00,0
2284,13,1,2044-04-01 00:00:00,0
2285,13,1,2045-04-01 00:00:00,0
2286,13,1,2046-04-01 00:00:00,0
2287,13,1,2047-04-01 00:00:00,0
2288,13,1,2048-04-01 00:00:00,0
2289,13,1,2049-04-01 00:00:00,0
2290,13,1,2050-04-01 00:00:00,0
2291,13,1,2051-04-01 00:00:00,0
2292,13,1,2052-04-01 00:00:00,0
2293,13,1,2053-04-01 00:00:00,0
2294,13,1,2054-04-01 00:00:00,0
2295,13,2,2023-11-01 00:00:00,0
2296,13,2,2024-11-01 00:00:00,0
2297,13,2,2025-11-01 00:00:00,0
2298,13,2,2026-11-01 00:00:00,0
2299,13,2,2027-11-01 00:00:00,0
2300,13,2,2028-11-01 00:00:00,0
2301,13,2,2029-11-01 00:00:00,0
2302,13,2,2030-11-01 00:00:00,0
2303,13,2,2031-11-01 00:00:00,0
2304,13,2,2032-11-01 00:00:00,0
2305,13,2,2033-11-01 00:00:00,0
2306,13,2,2034-11-01 00:00:00,0
2307,13,2,2035-11-01 00:00:00,0
2308,13,2,2036-11-01 00:00:00,0
2309,13,2,2037-11-01 00:00:00,0
2310,13,2,2038-11-01 00:00:00,0
2311,13,2,2039-11-01 00:00:00,0
2312,13,2,2040-11-01 00:00:00,0
2313,13,2,2041-11-01 00:00:00,0
2314,13,2,2042-11-01 00:00:00,0
2315,13,2,2043-11-01 00:00:00,0
2316,13,2,2044-11-01 00:00:00,0
2317,13,2,2045-11-01 00:00:00,0
2318,13,2,2046-11-01 00:00:00,0
2319,13,2,2047-11-01 00:00:00,0
2320,13,2,2048-11-01 00:00:00,0
2321,13,2,2049-11-01 00:00:00,0
2322,13,2,2050-11-01 00:00:00,0
2323,13,2,2051-11-01 00:00:00,0
2324,13,2,2052-11-01 00:00:00,0
2325,13,2,2053-11-01 00:00:00,0
2326,13,2,2024-04-01 00:00:00,0
2327,13,2,2025-04-01 00:00:00,0
2328,13,2,2026-04-01 00:00:00,0
2329,13,2,2027-04-01 00:00:00,0
2330,13,2,2028-04-01 00:00:00,0
2331,13,2,2029-04-01 00:00:00,0
2332,13,2,2030-04-01 00:00:00,0
2333,13,2,2031-04-01 00:00:00,0
2334,13,2,2032-04-01 00:00:00,0
2335,13,2,2033-04-01 00:00:00,0
2336,13,2,2034-04-01 00:00:00,0
2337,13,2,2035-04-01 00:00:00,0
2338,13,2,2036-04-01 00:00:00,0
2339,13,2,2037-04-01 00:00:00,0
2340,13,2,2038-04-01 00:00:00,0
2341,13,2,2039-04-01 00:00:00,0
2342,13,2,2040-04-01 00:00:00,0
2343,13,2,2041-04-01 00:00:00,0
2344,13,2,2042-04-01 00:00:00,0
2345,13,2,2043-04-01 00:00:00,0
2346,13,2,2044-04-01 00:00:00,0
2347,13,2,2045-04-01 00:00:00,0
2348,13,2,2046-04-01 00:00:00,0
2349,13,2,2047-04-01 00:00:00,0
2350,13,2,2048-04-01 00:00:00,0
2351,13,2,2049-04-01 00:00:00,0
2352,13,2,2050-04-01 00:00:00,0
2353,13,2,2051-04-01 00:00:00,0
2354,13,2,2052-04-01 00:00:00,0
2355,13,2,2053-04-01 00:00:00,0
2356,13,2,2054-04-01 00:00:00,0
2357,13,3,2023-11-01 00:00:00,0
2358,13,3,2024-11-01 00:00:00,0
2359,13,3,2025-11-01 00:00:00,0
2360,13,3,2026-11-01 00:00:00,0
2361,13,3,2027-11-01 00:00:00,0
2362,13,3,2028-11-01 00:00:00,0
2363,13,3,2029-11-01 00:00:00,0
2364,13,3,2030-11-01 00:00:00,0
2365,13,3,2031-11-01 00:00:00,0
2366,13,3,2032-11-01 00:00:00,0
2367,13,3,2033-11-01 00:00:00,0
2368,13,3,2034-11-01 00:00:00,0
2369,13,3,2035-11-01 00:00:00,0
2370,13,3,2036-11-01 00:00:00,0
2371,13,3,2037-11-01 00:00:00,0
2372,13,3,2038-11-01 00:00:00,0
2373,13,3,2039-11-01 00:00:00,0
2374,13,3,2040-11-01 00:00:00,0
2375,13,3,2041-11-01 00:00:00,0
2376,13,3,2042-11-01 00:00:00,0
2377,13,3,2043-11-01 00:00:00,0
2378,13,3,2044-11-01 00:00:00,0
2379,13,3,2045-11-01 00:00:00,0
2380,13,3,2046-11-01 00:00:00,0
2381,13,3,2047-11-01 00:00:00,0
2382,13,3,2048-11-01 00:00:00,0
2383,13,3,2049-11-01 00:00:00,0
2384,13,3,2050-11-01 00:00:00,0
2385,13,3,2051-11-01 00:00:00,0
2386,13,3,2052-11-01 00:00:00,0
2387,13,3,2053-11-01 00:00:00,0
2388,13,3,2024-04-01 00:00:00,0
2389,13,3,2025-04-01 00:00:00,0
2390,13,3,2026-04-01 00:00:00,0
2391,13,3,2027-04-01 00:00:00,0
2392,13,3,2028-04-01 00:00:00,0
2393,13,3,2029-04-01 00:00:00,0
2394,13,3,2030-04-01 00:00:00,0
2395,13,3,2031-04-01 00:00:00,0
2396,13,3,2032-04-01 00:00:00,0
2397,13,3,2033-04-01 00:00:00,0
2398,13,3,2034-04-01 00:00:00,0
2399,13,3,2035-04-01 00:00:00,0
2400,13,3,2036-04-01 00:00:00,0
2401,13,3,2037-04-01 00:00:00,0
2402,13,3,2038-04-01 00:00:00,0
2403,13,3,2039-04-01 00:00:00,0
2404,13,3,2040-04-01 00:00:00,0
2405,13,3,2041-04-01 00:00:00,0
2406,13,3,2042-04-01 00:00:00,0
2407,13,3,2043-04-01 00:00:00,0
2408,13,3,2044-04-01 00:00:00,0
2409,13,3,2045-04-01 00:00:00,0
2410,13,3,2046-04-01 00:00:00,0
2411,13,3,2047-04-01 00:00:00,0
2412,13,3,2048-04-01 00:00:00,0
2413,13,3,2049-04-01 00:00:00,0
2414,13,3,2050-04-01 00:00:00,0
2415,13,3,2051-04-01 00:00:00,0
2416,13,3,2052-04-01 00:00:00,0
2417,13,3,2053-04-01 00:00:00,0
2418,13,3,2054-04-01 00:00:00,0
2419,14,1,2023-11-01 00:00:00,0
2420,14,1,2024-11-01 00:00:00,0
2421,14,1,2025-11-01 00:00:00,0
2422,14,1,2026-11-01 00:00:00,0
2423,14,1,2027-11-01 00:00:00,0
2424,14,1,2028-11-01 00:00:00,0
2425,14,1,2029-11-01 00:00:00,0
2426,14,1,2030-11-01 00:00:00,0
2427,14,1,2031-11-01 00:00:00,0
2428,14,1,2032-11-01 00:00:00,0
2429,14,1,2033-11-01 00:00:00,0
2430,14,1,2034-11-01 00:00:00,0
2431,14,1,2035-11-01 00:00:00,0
2432,14,1,2036-11-01 00:00:00,0
2433,14,1,2037-11-01 00:00:00,0
2434,14,1,2038-11-01 00:00:00,0
2435,14,1,2039-11-01 00:00:00,0
2436,14,1,2040-11-01 00:00:00,0
2437,14,1,2041-11-01 00:00:00,0
2438,14,1,2042-11-01 00:00:00,0
2439,14,1,2043-11-01 00:00:00,0
2440,14,1,2044-11-01 00:00:00,0
2441,14,1,2045-11-01 00:00:00,0
2442,14,1,2046-11-01 00:00:00,0
2443,14,1,2047-11-01 00:00:00,0
2444,14,1,2048-11-01 00:00:00,0
2445,14,1,2049-11-01 00:00:00,0
2446,14,1,2050-11-01 00:00:00,0
2447,14,1,2051-11-01 00:00:00,0
2448,14,1,2052-11-01 00:00:00,0
2449,14,1,2053-11-01 00:00:00,0
2450,14,1,2024-04-01 00:00:00,0
2451,14,1,2025-04-01 00:00:00,0
2452,14,1,2026-04-01 00:00:00,0
2453,14,1,2027-04-01 00:00:00,0
2454,14,1,2028-04-01 00:00:00,0
2455,14,1,2029-04-01 00:00:00,0
2456,14,1,2030-04-01 00:00:00,0
2457,14,1,2031-04-01 00:00:00,0
2458,14,1,2032-04-01 00:00:00,0
2459,14,1,2033-04-01 00:00:00,0
2460,14,1,2034-04-01 00:00:00,0
2461,14,1,2035-04-01 00:00:00,0
2462,14,1,2036-04-01 00:00:00,0
2463,14,1,2037-04-01 00:00:00,0
2464,14,1,2038-04-01 00:00:00,0
2465,14,1,2039-04-01 00:00:00,0
2466,14,1,2040-04-01 00:00:00,0
2467,14,1,2041-04-01 00:00:00,0
2468,14,1,2042-04-01 00:00:00,0
2469,14,1,2043-04-01 00:00:00,0
2470,14,1,2044-04-01 00:00:00,0
2471,14,1,2045-04-01 00:00:00,0
2472,14,1,2046-04-01 00:00:00,0
2473,14,1,2047-04-01 00:00:00,0
2474,14,1,2048-04-01 00:00:00,0
2475,14,1,2049-04-01 00:00:00,0
2476,14,1,2050-04-01 00:00:00,0
2477,14,1,2051-04-01 00:00:00,0
2478,14,1,2052-04-01 00:00:00,0
2479,14,1,2053-04-01 00:00:00,0
2480,14,1,2054-04-01 00:00:00,0
2481,14,2,2023-11-01 00:00:00,0
2482,14,2,2024-11-01 00:00:00,0
2483,14,2,2025-11-01 00:00:00,0
2484,14,2,2026-11-01 00:00:00,0
2485,14,2,2027-11-01 00:00:00,0
2486,14,2,2028-11-01 00:00:00,0
2487,14,2,2029-11-01 00:00:00,0
2488,14,2,2030-11-01 00:00:00,0
2489,14,2,2031-11-01 00:00:00,0
2490,14,2,2032-11-01 00:00:00,0
2491,14,2,2033-11-01 00:00:00,0
2492,14,2,2034-11-01 00:00:00,0
2493,14,2,2035-11-01 00:00:00,0
2494,14,2,2036-11-01 00:00:00,0
2495,14,2,2037-11-01 00:00:00,0
2496,14,2,2038-11-01 00:00:00,0
2497,14,2,2039-11-01 00:00:00,0
2498,14,2,2040-11-01 00:00:00,0
2499,14,2,2041-11-01 00:00:00,0
2500,14,2,2042-11-01 00:00:00,0
2501,14,2,2043-11-01 00:00:00,0
2502,14,2,2044-11-01 00:00:00,0
2503,14,2,2045-11-01 00:00:00,0
2504,14,2,2046-11-01 00:00:00,0
2505,14,2,2047-11-01 00:00:00,0
2506,14,2,2048-11-01 00:00:00,0
2507,14,2,2049-11-01 00:00:00,0
2508,14,2,2050-11-01 00:00:00,0
2509,14,2,2051-11-01 00:00:00,0
2510,14,2,2052-11-01 00:00:00,0
2511,14,2,2053-11-01 00:00:00,0
2512,14,2,2024-04-01 00:00:00,0
2513,14,2,2025-04-01 00:00:00,0
2514,14,2,2026-04-01 00:00:00,0
2515,14,2,2027-04-01 00:00:00,0
2516,14,2,2028-04-01 00:00:00,0
2517,14,2,2029-04-01 00:00:00,0
2518,14,2,2030-04-01 00:00:00,0
2519,14,2,2031-04-01 00:00:00,0
2520,14,2,2032-04-01 00:00:00,0
2521,14,2,2033-04-01 00:00:00,0
2522,14,2,2034-04-01 00:00:00,0
2523,14,2,2035-04-01 00:00:00,0
2524,14,2,2036-04-01 00:00:00,0
2525,14,2,2037-04-01 00:00:00,0
2526,14,2,2038-04-01 00:00:00,0
2527,14,2,2039-04-01 00:00:00,0
2528,14,2,2040-04-01 00:00:00,0
2529,14,2,2041-04-01 00:00:00,0
2530,14,2,2042-04-01 00:00:00,0
2531,14,2,2043-04-01 00:00:00,0
2532,14,2,2044-04-01 00:00:00,0
2533,14,2,2045-04-01 00:00:00,0
2534,14,2,2046-04-01 00:00:00,0
2535,14,2,2047-04-01 00:00:00,0
2536,14,2,2048-04-01 00:00:00,0
2537,14,2,2049-04-01 00:00:00,0
2538,14,2,2050-04-01 00:00:00,0
2539,14,2,2051-04-01 00:00:00,0
2540,14,2,2052-04-01 00:00:00,0
2541,14,2,2053-04-01 00:00:00,0
2542,14,2,2054-04-01 00:00:00,0
2543,14,3,2023-11-01 00:00:00,0
2544,14,3,2024-11-01 00:00:00,0
2545,14,3,2025-11-01 00:00:00,0
2546,14,3,2026-11-01 00:00:00,0
2547,14,3,2027-11-01 00:00:00,0
2548,14,3,2028-11-01 00:00:00,0
2549,14,3,2029-11-01 00:00:00,0
2550,14,3,2030-11-01 00:00:00,0
2551,14,3,2031-11-01 00:00:00,0
2552,14,3,2032-11-01 00:00:00,0
2553,14,3,2033-11-01 00:00:00,0
2554,14,3,2034-11-01 00:00:00,0
2555,14,3,2035-11-01 00:00:00,0
2556,14,3,2036-11-01 00:00:00,0
2557,14,3,2037-11-01 00:00:00,0
2558,14,3,2038-11-01 00:00:00,0
2559,14,3,2039-11-01 00:00:00,0
2560,14,3,2040-11-01 00:00:00,0
2561,14,3,2041-11-01 00:00:00,0
2562,14,3,2042-11-01 00:00:00,0
2563,14,3,2043-11-01 00:00:00,0
2564,14,3,2044-11-01 00:00:00,0
2565,14,3,2045-11-01 00:00:00,0
2566,14,3,2046-11-01 00:00:00,0
2567,14,3,2047-11-01 00:00:00,0
2568,14,3,2048-11-01 00:00:00,0
2569,14,3,2049-11-01 00:00:00,0
2570,14,3,2050-11-01 00:00:00,0
2571,14,3,2051-11-01 00:00:00,0
2572,14,3,2052-11-01 00:00:00,0
2573,14,3,2053-11-01 00:00:00,0
2574,14,3,2024-04-01 00:00:00,0
2575,14,3,2025-04-01 00:00:00,0
2576,14,3,2026-04-01 00:00:00,0
2577,14,3,2027-04-01 00:00:00,0
2578,14,3,2028-04-01 00:00:00,0
2579,14,3,2029-04-01 00:00:00,0
2580,14,3,2030-04-01 00:00:00,0
2581,14,3,2031-04-01 00:00:00,0
2582,14,3,2032-04-01 00:00:00,0
2583,14,3,2033-04-01 00:00:00,0
2584,14,3,2034-04-01 00:00:00,0
2585,14,3,2035-04-01 00:00:00,0
2586,14,3,2036-04-01 00:00:00,0
2587,14,3,2037-04-01 00:00:00,0
2588,14,3,2038-04-01 00:00:00,0
2589,14,3,2039-04-01 00:00:00,0
2590,14,3,2040-04-01 00:00:00,0
2591,14,3,2041-04-01 00:00:00,0
2592,14,3,2042-04-01 00:00:00,0
2593,14,3,2043-04-01 00:00:00,0
2594,14,3,2044-04-01 00:00:00,0
2595,14,3,2045-04-01 00:00:00,0
2596,14,3,2046-04-01 00:00:00,0
2597,14,3,2047-04-01 00:00:00,0
2598,14,3,2048-04-01 00:00:00,0
2599,14,3,2049-04-01 00:00:00,0
2600,14,3,2050-04-01 00:00:00,0
2601,14,3,2051-04-01 00:00:00,0
2602,14,3,2052-04-01 00:00:00,0
2603,14,3,2053-04-01 00:00:00,0
2604,14,3,2054-04-01 00:00:00,0
2605,15,1,2023-11-01 00:00:00,0.13175757744948174
2606,15,1,2024-11-01 00:00:00,0.13418920331877557
2607,15,1,2025-11-01 00:00:00,0.13670516303324723
2608,15,1,2026-11-01 00:00:00,0.14009257248122303
2609,15,1,2027-11-01 00:00:00,0.19527501850924364
2610,15,1,2028-11-01 00:00:00,0.2681394607428807
2611,15,1,2029-11-01 00:00:00,0.3327251305082283
2612,15,1,2030-11-01 00:00:00,0.36026013095878673
2613,15,1,2031-11-01 00:00:00,0.3877670201276192
2614,15,1,2032-11-01 00:00:00,0.4152598536555887
2615,15,1,2033-11-01 00:00:00,0.41867537438529046
2616,15,1,2034-11-01 00:00:00,0.4224001192139775
2617,15,1,2035-11-01 00:00:00,0.4253939707177901
2618,15,1,2036-11-01 00:00:00,0.4292030493916551
2619,15,1,2037-11-01 00:00:00,0.43253423627617904
2620,15,1,2038-11-01 00:00:00,0.43677903981679594
2621,15,1,2039-11-01 00:00:00,0.4401242823421828
2622,15,1,2040-11-01 00:00:00,0.44460803177747027
2623,15,1,2041-11-01 00:00:00,0.4453529807432077
2624,15,1,2042-11-01 00:00:00,0.4468007117520936
2625,15,1,2043-11-01 00:00:00,0.4493166714665653
2626,15,1,2044-11-01 00:00:00,0.448501444296513
2627,15,1,2045-11-01 00:00:00,0.4496118399246877
2628,15,1,2046-11-01 00:00:00,0.4504832896581918
2629,15,1,2047-11-01 00:00:00,0.44986484146022115
2630,15,1,2048-11-01 00:00:00,0.4513828506734219
2631,15,1,2049-11-01 00:00:00,0.45306952757697827
2632,15,1,2050-11-01 00:00:00,0.4563023249754614
2633,15,1,2051-11-01 00:00:00,0.46376587027369853
2634,15,1,2052-11-01 00:00:00,0.46883995662523076
2635,15,1,2053-11-01 00:00:00,0.47494010475975973
2636,15,1,2024-04-01 00:00:00,0.13175757744948174
2637,15,1,2025-04-01 00:00:00,0.13390809050151617
2638,15,1,2026-04-01 00:00:00,0.13719711046345118
2639,15,1,2027-04-01 00:00:00,0.1400504055586341
2640,15,1,2028-04-01 00:00:00,0.1423555306601612
2641,15,1,2029-04-01 00:00:00,0.13737983379466978
2642,15,1,2030-04-01 00:00:00,0.13572126817283933
2643,15,1,2031-04-01 00:00:00,0.13694410892791772
2644,15,1,2032-04-01 00:00:00,0.13795611507005157
2645,15,1,2033-04-01 00:00:00,0.138701064035789
2646,15,1,2034-04-01 00:00:00,0.1397833483822377
2647,15,1,2035-04-01 00:00:00,0.14092185529213827
2648,15,1,2036-04-01 00:00:00,0.14204630656117587
2649,15,1,2037-04-01 00:00:00,0.14298803449899486
2650,15,1,2038-04-01 00:00:00,0.14426709781752514
2651,15,1,2039-04-01 00:00:00,0.1452228813962071
2652,15,1,2040-04-01 00:00:00,0.14647383343301143
2653,15,1,2041-04-01 00:00:00,0.14723283803961182
2654,15,1,2042-04-01 00:00:00,0.1479496757236233
2655,15,1,2043-04-01 00:00:00,0.14839945623123835
2656,15,1,2044-04-01 00:00:00,0.14796373136448626
2657,15,1,2045-04-01 00:00:00,0.14745772829341935
2658,15,1,2046-04-01 00:00:00,0.1475701734203231
2659,15,1,2047-04-01 00:00:00,0.148090232132253
2660,15,1,2048-04-01 00:00:00,0.1484275675129643
2661,15,1,2049-04-01 00:00:00,0.14849784571727914
2662,15,1,2050-04-01 00:00:00,0.1489897931474831
2663,15,1,2051-04-01 00:00:00,0.1498331315992613
2664,15,1,2052-04-01 00:00:00,0.1520820341373365
2665,15,1,2053-04-01 00:00:00,0.15395143437211153
2666,15,1,2054-04-01 00:00:00,0.1556662225573939
2667,15,2,2023-11-01 00:00:00,0.13175757744948174
2668,15,2,2024-11-01 00:00:00,0.13759066840761433
2669,15,2,2025-11-01 00:00:00,0.1439438180776768
2670,15,2,2026-11-01 00:00:00,0.1515338641436807
2671,15,2,2027-11-01 00:00:00,0.19606213439756998
2672,15,2,2028-11-01 00:00:00,0.26922174508932933
2673,15,2,2029-11-01 00:00:00,0.3345523638204144
2674,15,2,2030-11-01 00:00:00,0.37936174689156305
2675,15,2,2031-11-01 00:00:00,0.4241570743218488
2676,15,2,2032-11-01 00:00:00,0.46893834611127155
2677,15,2,2033-11-01 00:00:00,0.4741529888714334
2678,15,2,2034-11-01 00:00:00,0.4795784662445399
2679,15,2,2035-11-01 00:00:00,0.48463849695520916
2680,15,2,2036-11-01 00:00:00,0.4915117053372015
2681,15,2,2037-11-01 00:00:00,0.49785079936640103
2682,15,2,2038-11-01 00:00:00,0.5019269352166624
2683,15,2,2039-11-01 00:00:00,0.5048505085161602
2684,15,2,2040-11-01 00:00:00,0.5098683723042405
2685,15,2,2041-11-01 00:00:00,0.5126092222725197
2686,15,2,2042-11-01 00:00:00,0.5169805265809033
2687,15,2,2043-11-01 00:00:00,0.5205506593600978
2688,15,2,2044-11-01 00:00:00,0.519482430654512
2689,15,2,2045-11-01 00:00:00,0.5203398247471532
2690,15,2,2046-11-01 00:00:00,0.5196510983448677
2691,15,2,2047-11-01 00:00:00,0.5197073209083196
2692,15,2,2048-11-01 00:00:00,0.5225887272852284
2693,15,2,2049-11-01 00:00:00,0.523727234195129
2694,15,2,2050-11-01 00:00:00,0.5280563715809238
2695,15,2,2051-11-01 00:00:00,0.537417428395662
2696,15,2,2052-11-01 00:00:00,0.5451901977928844
2697,15,2,2053-11-01 00:00:00,0.5537641387192962
2698,15,2,2024-04-01 00:00:00,0.13175757744948174
2699,15,2,2025-04-01 00:00:00,0.13695816456878068
2700,15,2,2026-04-01 00:00:00,0.14356431577437664
2701,15,2,2027-04-01 00:00:00,0.15091541594571
2702,15,2,2028-04-01 00:00:00,0.15840707252567307
2703,15,2,2029-04-01 00:00:00,0.16598306295081394
2704,15,2,2030-04-01 00:00:00,0.1732076623543806
2705,15,2,2031-04-01 00:00:00,0.18010898201809888
2706,15,2,2032-04-01 00:00:00,0.18643402040643542
2707,15,2,2033-04-01 00:00:00,0.1921827775193902
2708,15,2,2034-04-01 00:00:00,0.19788936770975607
2709,15,2,2035-04-01 00:00:00,0.2039051819991073
2710,15,2,2036-04-01 00:00:00,0.2108486685854145
2711,15,2,2037-04-01 00:00:00,0.2173423746641067
2712,15,2,2038-04-01 00:00:00,0.2234706340803617
2713,15,2,2039-04-01 00:00:00,0.22851660915016794
2714,15,2,2040-04-01 00:00:00,0.2339842534458633
2715,15,2,2041-04-01 00:00:00,0.24040768132024062
2716,15,2,2042-04-01 00:00:00,0.24726683406137004
2717,15,2,2043-04-01 00:00:00,0.25315614758295457
2718,15,2,2044-04-01 00:00:00,0.2574009511235715
2719,15,2,2045-04-01 00:00:00,0.2610273064662178
2720,15,2,2046-04-01 00:00:00,0.26542672205632745
2721,15,2,2047-04-01 00:00:00,0.2705289196895856
2722,15,2,2048-04-01 00:00:00,0.27565922860456965
2723,15,2,2049-04-01 00:00:00,0.2799743103495015
2724,15,2,2050-04-01 00:00:00,0.2849640628558559
2725,15,2,2051-04-01 00:00:00,0.2871567428304792
2726,15,2,2052-04-01 00:00:00,0.29138749073023323
2727,15,2,2053-04-01 00:00:00,0.2950700686363314
2728,15,2,2054-04-01 00:00:00,0.29875264654242956
2729,15,3,2023-11-01 00:00:00,0.13175757744948174
2730,15,3,2024-11-01 00:00:00,0.1480480652096641
2731,15,3,2025-11-01 00:00:00,0.16522405834421355
2732,15,3,2026-11-01 00:00:00,0.18324338993054123
2733,15,3,2027-11-01 00:00:00,0.20098160869960952
2734,15,3,2028-11-01 00:00:00,0.271723649162938
2735,15,3,2029-11-01 00:00:00,0.3376446048102678
2736,15,3,2030-11-01 00:00:00,0.39201182366823617
2737,15,3,2031-11-01 00:00:00,0.4464071538079305
2738,15,3,2032-11-01 00:00:00,0.5008024839476248
2739,15,3,2033-11-01 00:00:00,0.5105149317839371
2740,15,3,2034-11-01 00:00:00,0.5194121524501972
2741,15,3,2035-11-01 00:00:00,0.526102637500971
2742,15,3,2036-11-01 00:00:00,0.5344095212509863
2743,15,3,2037-11-01 00:00:00,0.5426882937192757
2744,15,3,2038-11-01 00:00:00,0.5479591590428895
2745,15,3,2039-11-01 00:00:00,0.5526396874502585
2746,15,3,2040-11-01 00:00:00,0.5588522807116914
2747,15,3,2041-11-01 00:00:00,0.5617617983703261
2748,15,3,2042-11-01 00:00:00,0.5653740980721095
2749,15,3,2043-11-01 00:00:00,0.5697454023804932
2750,15,3,2044-11-01 00:00:00,0.5687755631609482
2751,15,3,2045-11-01 00:00:00,0.5844616583640229
2752,15,3,2046-11-01 00:00:00,0.6001196422853715
2753,15,3,2047-11-01 00:00:00,0.613036776238441
2754,15,3,2048-11-01 00:00:00,0.628104423243545
2755,15,3,2049-11-01 00:00:00,0.6425957889732672
2756,15,3,2050-11-01 00:00:00,0.6458566976534762
2757,15,3,2051-11-01 00:00:00,0.6563984283007038
2758,15,3,2052-11-01 00:00:00,0.6685425020063099
2759,15,3,2053-11-01 00:00:00,0.6822748631294319
2760,15,3,2024-04-01 00:00:00,0.13175757744948174
2761,15,3,2025-04-01 00:00:00,0.147162559835297
2762,15,3,2026-04-01 00:00:00,0.16376227169446467
2763,15,3,2027-04-01 00:00:00,0.17999653689119516
2764,15,3,2028-04-01 00:00:00,0.19706008489884083
2765,15,3,2029-04-01 00:00:00,0.2154308075067428
2766,15,3,2030-04-01 00:00:00,0.23527737240525654
2767,15,3,2031-04-01 00:00:00,0.25606566524158936
2768,15,3,2032-04-01 00:00:00,0.27605278654873283
2769,15,3,2033-04-01 00:00:00,0.2962788537505468
2770,15,3,2034-04-01 00:00:00,0.3155069704510899
2771,15,3,2035-04-01 00:00:00,0.335690870730315
2772,15,3,2036-04-01 00:00:00,0.3567883876656331
2773,15,3,2037-04-01 00:00:00,0.37725340076211755
2774,15,3,2038-04-01 00:00:00,0.3976340800134242
2775,15,3,2039-04-01 00:00:00,0.416061025184778
2776,15,3,2040-04-01 00:00:00,0.43582325623811397
2777,15,3,2041-04-01 00:00:00,0.4567099385604876
2778,15,3,2042-04-01 00:00:00,0.47762473216458706
2779,15,3,2043-04-01 00:00:00,0.4967685150199524
2780,15,3,2044-04-01 00:00:00,0.5134525607242979
2781,15,3,2045-04-01 00:00:00,0.5287591536240723
2782,15,3,2046-04-01 00:00:00,0.5432364637129315
2783,15,3,2047-04-01 00:00:00,0.5573764384210794
2784,15,3,2048-04-01 00:00:00,0.5705325182688195
2785,15,3,2049-04-01 00:00:00,0.5809477481482803
2786,15,3,2050-04-01 00:00:00,0.5935134910797756
2787,15,3,2051-04-01 00:00:00,0.5964651756609993
2788,15,3,2052-04-01 00:00:00,0.6039708878818253
2789,15,3,2053-04-01 00:00:00,0.6148499539097642
2790,15,3,2054-04-01 00:00:00,0.6258555207054698
2791,16,1,2023-11-01 00:00:00,0.0014055640862970103
2792,16,1,2024-11-01 00:00:00,0.001433675368022945
2793,16,1,2025-11-01 00:00:00,0.0014617866497488796
2794,16,1,2026-11-01 00:00:00,0.0015039535723377915
2795,16,1,2027-11-01 00:00:00,0.002094290488582518
2796,16,1,2028-11-01 00:00:00,0.00286735073604589
2797,16,1,2029-11-01 00:00:00,0.003556077138331438
2798,16,1,2030-11-01 00:00:00,0.0038371899555908638
2799,16,1,2031-11-01 00:00:00,0.004132358413713207
2800,16,1,2032-11-01 00:00:00,0.00442752687183555
2801,16,1,2033-11-01 00:00:00,0.004469693794424502
2802,16,1,2034-11-01 00:00:00,0.004511860717013454
2803,16,1,2035-11-01 00:00:00,0.004539971998739369
2804,16,1,2036-11-01 00:00:00,0.004582138921328241
2805,16,1,2037-11-01 00:00:00,0.004610250203054156
2806,16,1,2038-11-01 00:00:00,0.004652417125643108
2807,16,1,2039-11-01 00:00:00,0.004694584048232059
2808,16,1,2040-11-01 00:00:00,0.004750806611683888
2809,16,1,2041-11-01 00:00:00,0.004750806611683888
2810,16,1,2042-11-01 00:00:00,0.004764862252546846
2811,16,1,2043-11-01 00:00:00,0.00479297353427276
2812,16,1,2044-11-01 00:00:00,0.00479297353427284
2813,16,1,2045-11-01 00:00:00,0.00479297353427284
2814,16,1,2046-11-01 00:00:00,0.00479297353427284
2815,16,1,2047-11-01 00:00:00,0.00479297353427284
2816,16,1,2048-11-01 00:00:00,0.004807029175135797
2817,16,1,2049-11-01 00:00:00,0.0048351404568617124
2818,16,1,2050-11-01 00:00:00,0.0048632517385877065
2819,16,1,2051-11-01 00:00:00,0.004947585583765531
2820,16,1,2052-11-01 00:00:00,0.00500380814721736
2821,16,1,2053-11-01 00:00:00,0.005060030710669269
2822,16,1,2024-04-01 00:00:00,0.0014055640862970103
2823,16,1,2025-04-01 00:00:00,0.0014196197271599876
2824,16,1,2026-04-01 00:00:00,0.0014617866497488995
2825,16,1,2027-04-01 00:00:00,0.0015039535723377915
2826,16,1,2028-04-01 00:00:00,0.0015180092132007687
2827,16,1,2029-04-01 00:00:00,0.0014617866497488995
2828,16,1,2030-04-01 00:00:00,0.0014477310088859222
2829,16,1,2031-04-01 00:00:00,0.0014617866497488796
2830,16,1,2032-04-01 00:00:00,0.0014617866497488796
2831,16,1,2033-04-01 00:00:00,0.0014758422906118568
2832,16,1,2034-04-01 00:00:00,0.0014898979314748341
2833,16,1,2035-04-01 00:00:00,0.0015039535723377915
2834,16,1,2036-04-01 00:00:00,0.0015180092132007687
2835,16,1,2037-04-01 00:00:00,0.0015180092132007687
2836,16,1,2038-04-01 00:00:00,0.001532064854063746
2837,16,1,2039-04-01 00:00:00,0.0015461204949267233
2838,16,1,2040-04-01 00:00:00,0.0015601761357896806
2839,16,1,2041-04-01 00:00:00,0.0015601761357896806
2840,16,1,2042-04-01 00:00:00,0.0015882874175156153
2841,16,1,2043-04-01 00:00:00,0.0015882874175156153
2842,16,1,2044-04-01 00:00:00,0.001574231776652658
2843,16,1,2045-04-01 00:00:00,0.001574231776652658
2844,16,1,2046-04-01 00:00:00,0.001574231776652658
2845,16,1,2047-04-01 00:00:00,0.001574231776652658
2846,16,1,2048-04-01 00:00:00,0.0015882874175156352
2847,16,1,2049-04-01 00:00:00,0.0015882874175156153
2848,16,1,2050-04-01 00:00:00,0.0016023430583785925
2849,16,1,2051-04-01 00:00:00,0.0015882874175156352
2850,16,1,2052-04-01 00:00:00,0.0016304543401045272
2851,16,1,2053-04-01 00:00:00,0.0016445099809675044
2852,16,1,2054-04-01 00:00:00,0.0016585656218304817
2853,16,2,2023-11-01 00:00:00,0.0014055640862970103
2854,16,2,2024-11-01 00:00:00,0.0014617866497488995
2855,16,2,2025-11-01 00:00:00,0.001532064854063746
2856,16,2,2026-11-01 00:00:00,0.0016163986992415499
2857,16,2,2027-11-01 00:00:00,0.002094290488582518
2858,16,2,2028-11-01 00:00:00,0.0028673507360459298
2859,16,2,2029-11-01 00:00:00,0.003570132779194395
2860,16,2,2030-11-01 00:00:00,0.004048024568535384
2861,16,2,2031-11-01 00:00:00,0.004525916357876411
2862,16,2,2032-11-01 00:00:00,0.00500380814721736
2863,16,2,2033-11-01 00:00:00,0.005060030710669269
2864,16,2,2034-11-01 00:00:00,0.0051162532741210985
2865,16,2,2035-11-01 00:00:00,0.005172475837573008
2866,16,2,2036-11-01 00:00:00,0.005242754041887874
2867,16,2,2037-11-01 00:00:00,0.005313032246202741
2868,16,2,2038-11-01 00:00:00,0.0053411435279285754
2869,16,2,2039-11-01 00:00:00,0.005397366091380485
2870,16,2,2040-11-01 00:00:00,0.005439533013969437
2871,16,2,2041-11-01 00:00:00,0.005467644295695351
2872,16,2,2042-11-01 00:00:00,0.005509811218284303
2873,16,2,2043-11-01 00:00:00,0.005551978140873175
2874,16,2,2044-11-01 00:00:00,0.005537922500010217
2875,16,2,2045-11-01 00:00:00,0.005551978140873175
2876,16,2,2046-11-01 00:00:00,0.005537922500010217
2877,16,2,2047-11-01 00:00:00,0.005551978140873175
2878,16,2,2048-11-01 00:00:00,0.005580089422599089
2879,16,2,2049-11-01 00:00:00,0.005580089422599089
2880,16,2,2050-11-01 00:00:00,0.005636311986050998
2881,16,2,2051-11-01 00:00:00,0.00573470147209178
2882,16,2,2052-11-01 00:00:00,0.005819035317269604
2883,16,2,2053-11-01 00:00:00,0.005903369162447427
2884,16,2,2024-04-01 00:00:00,0.0014055640862970103
2885,16,2,2025-04-01 00:00:00,0.0014617866497488995
2886,16,2,2026-04-01 00:00:00,0.001532064854063746
2887,16,2,2027-04-01 00:00:00,0.0016023430583785925
2888,16,2,2028-04-01 00:00:00,0.0016866769035564163
2889,16,2,2029-04-01 00:00:00,0.0017710107487342202
2890,16,2,2030-04-01 00:00:00,0.0018412889530490867
2891,16,2,2031-04-01 00:00:00,0.0019256227982269104
2892,16,2,2032-04-01 00:00:00,0.0019818453616788196
2893,16,2,2033-04-01 00:00:00,0.002038067925130689
2894,16,2,2034-04-01 00:00:00,0.0021224017703085126
2895,16,2,2035-04-01 00:00:00,0.0021645686928974247
2896,16,2,2036-04-01 00:00:00,0.0022489025380752485
2897,16,2,2037-04-01 00:00:00,0.002319180742390075
2898,16,2,2038-04-01 00:00:00,0.0023894589467049017
2899,16,2,2039-04-01 00:00:00,0.0024316258692938133
2900,16,2,2040-04-01 00:00:00,0.0024878484327457225
2901,16,2,2041-04-01 00:00:00,0.0025721822779235463
2902,16,2,2042-04-01 00:00:00,0.002642460482238413
2903,16,2,2043-04-01 00:00:00,0.0026986830456902423
2904,16,2,2044-04-01 00:00:00,0.0027408499682791943
2905,16,2,2045-04-01 00:00:00,0.002783016890868066
2906,16,2,2046-04-01 00:00:00,0.002839239454319975
2907,16,2,2047-04-01 00:00:00,0.0028954620177718444
2908,16,2,2048-04-01 00:00:00,0.0029376289403607566
2909,16,2,2049-04-01 00:00:00,0.002993851503812626
2910,16,2,2050-04-01 00:00:00,0.0030360184264015375
2911,16,2,2051-04-01 00:00:00,0.003064129708127452
2912,16,2,2052-04-01 00:00:00,0.003106296630716404
2913,16,2,2053-04-01 00:00:00,0.003148463553305276
2914,16,2,2054-04-01 00:00:00,0.0031765748350312305
2915,16,3,2023-11-01 00:00:00,0.0014055640862970103
2916,16,3,2024-11-01 00:00:00,0.0015882874175156153
2917,16,3,2025-11-01 00:00:00,0.0017569551078712629
2918,16,3,2026-11-01 00:00:00,0.001953734079952825
2919,16,3,2027-11-01 00:00:00,0.0021364574111714303
2920,16,3,2028-11-01 00:00:00,0.0028954620177718444
2921,16,3,2029-11-01 00:00:00,0.0035982440609203495
2922,16,3,2030-11-01 00:00:00,0.004188580977165116
2923,16,3,2031-11-01 00:00:00,0.004764862252546846
2924,16,3,2032-11-01 00:00:00,0.005341143527928655
2925,16,3,2033-11-01 00:00:00,0.005439533013969437
2926,16,3,2034-11-01 00:00:00,0.005537922500010217
2927,16,3,2035-11-01 00:00:00,0.005622256345188041
2928,16,3,2036-11-01 00:00:00,0.0057065901903658655
2929,16,3,2037-11-01 00:00:00,0.005790924035543689
2930,16,3,2038-11-01 00:00:00,0.005847146598995518
2931,16,3,2039-11-01 00:00:00,0.00588931352158447
2932,16,3,2040-11-01 00:00:00,0.005959591725899257
2933,16,3,2041-11-01 00:00:00,0.006001758648488209
2934,16,3,2042-11-01 00:00:00,0.006029869930214123
2935,16,3,2043-11-01 00:00:00,0.006072036852803075
2936,16,3,2044-11-01 00:00:00,0.006057981211940118
2937,16,3,2045-11-01 00:00:00,0.0062266489022957654
2938,16,3,2046-11-01 00:00:00,0.006395316592651413
2939,16,3,2047-11-01 00:00:00,0.0065499286421441035
2940,16,3,2048-11-01 00:00:00,0.006690485050773756
2941,16,3,2049-11-01 00:00:00,0.006859152741129404
2942,16,3,2050-11-01 00:00:00,0.006887264022855319
2943,16,3,2051-11-01 00:00:00,0.007013764790622094
2944,16,3,2052-11-01 00:00:00,0.00714026555838887
2945,16,3,2053-11-01 00:00:00,0.0072808219670184434
2946,16,3,2024-04-01 00:00:00,0.0014055640862970103
2947,16,3,2025-04-01 00:00:00,0.001574231776652638
2948,16,3,2026-04-01 00:00:00,0.0017428994670082856
2949,16,3,2027-04-01 00:00:00,0.0019256227982269104
2950,16,3,2028-04-01 00:00:00,0.002094290488582558
2951,16,3,2029-04-01 00:00:00,0.0022910694606641203
2952,16,3,2030-04-01 00:00:00,0.002515959714471677
2953,16,3,2031-04-01 00:00:00,0.002726794327416197
2954,16,3,2032-04-01 00:00:00,0.0029376289403607566
2955,16,3,2033-04-01 00:00:00,0.0031625191941682734
2956,16,3,2034-04-01 00:00:00,0.0033592981662498756
2957,16,3,2035-04-01 00:00:00,0.0035841884200573525
2958,16,3,2036-04-01 00:00:00,0.003809078673864909
2959,16,3,2037-04-01 00:00:00,0.0040199132868094685
2960,16,3,2038-04-01 00:00:00,0.004244803540617025
2961,16,3,2039-04-01 00:00:00,0.004441582512698588
2962,16,3,2040-04-01 00:00:00,0.004652417125643108
2963,16,3,2041-04-01 00:00:00,0.004863251738587627
2964,16,3,2042-04-01 00:00:00,0.005088141992395183
2965,16,3,2043-04-01 00:00:00,0.005298976605339703
2966,16,3,2044-04-01 00:00:00,0.005481699936558308
2967,16,3,2045-04-01 00:00:00,0.005636311986050998
2968,16,3,2046-04-01 00:00:00,0.005790924035543689
2969,16,3,2047-04-01 00:00:00,0.0059455360850363
2970,16,3,2048-04-01 00:00:00,0.006086092493666032
2971,16,3,2049-04-01 00:00:00,0.00619853762056985
2972,16,3,2050-04-01 00:00:00,0.006339094029199504
2973,16,3,2051-04-01 00:00:00,0.006367205310925418
2974,16,3,2052-04-01 00:00:00,0.006437483515240285
2975,16,3,2053-04-01 00:00:00,0.006563984283007061
2976,16,3,2054-04-01 00:00:00,0.006676429409910799
2977,17,1,2023-11-01 00:00:00,0
2978,17,1,2024-11-01 00:00:00,0
2979,17,1,2025-11-01 00:00:00,0
2980,17,1,2026-11-01 00:00:00,0
2981,17,1,2027-11-01 00:00:00,0
2982,17,1,2028-11-01 00:00:00,0
2983,17,1,2029-11-01 00:00:00,0
2984,17,1,2030-11-01 00:00:00,0
2985,17,1,2031-11-01 00:00:00,0
2986,17,1,2032-11-01 00:00:00,0
2987,17,1,2033-11-01 00:00:00,0
2988,17,1,2034-11-01 00:00:00,0
2989,17,1,2035-11-01 00:00:00,0
2990,17,1,2036-11-01 00:00:00,0
2991,17,1,2037-11-01 00:00:00,0
2992,17,1,2038-11-01 00:00:00,0
2993,17,1,2039-11-01 00:00:00,0
2994,17,1,2040-11-01 00:00:00,0
2995,17,1,2041-11-01 00:00:00,0
2996,17,1,2042-11-01 00:00:00,0
2997,17,1,2043-11-01 00:00:00,0
2998,17,1,2044-11-01 00:00:00,0
2999,17,1,2045-11-01 00:00:00,0
3000,17,1,2046-11-01 00:00:00,0
3001,17,1,2047-11-01 00:00:00,0
3002,17,1,2048-11-01 00:00:00,0
3003,17,1,2049-11-01 00:00:00,0
3004,17,1,2050-11-01 00:00:00,0
3005,17,1,2051-11-01 00:00:00,0
3006,17,1,2052-11-01 00:00:00,0
3007,17,1,2053-11-01 00:00:00,0
3008,17,1,2024-04-01 00:00:00,0
3009,17,1,2025-04-01 00:00:00,0
3010,17,1,2026-04-01 00:00:00,0
3011,17,1,2027-04-01 00:00:00,0
3012,17,1,2028-04-01 00:00:00,0
3013,17,1,2029-04-01 00:00:00,0
3014,17,1,2030-04-01 00:00:00,0
3015,17,1,2031-04-01 00:00:00,0
3016,17,1,2032-04-01 00:00:00,0
3017,17,1,2033-04-01 00:00:00,0
3018,17,1,2034-04-01 00:00:00,0
3019,17,1,2035-04-01 00:00:00,0
3020,17,1,2036-04-01 00:00:00,0
3021,17,1,2037-04-01 00:00:00,0
3022,17,1,2038-04-01 00:00:00,0
3023,17,1,2039-04-01 00:00:00,0
3024,17,1,2040-04-01 00:00:00,0
3025,17,1,2041-04-01 00:00:00,0
3026,17,1,2042-04-01 00:00:00,0
3027,17,1,2043-04-01 00:00:00,0
3028,17,1,2044-04-01 00:00:00,0
3029,17,1,2045-04-01 00:00:00,0
3030,17,1,2046-04-01 00:00:00,0
3031,17,1,2047-04-01 00:00:00,0
3032,17,1,2048-04-01 00:00:00,0
3033,17,1,2049-04-01 00:00:00,0
3034,17,1,2050-04-01 00:00:00,0
3035,17,1,2051-04-01 00:00:00,0
3036,17,1,2052-04-01 00:00:00,0
3037,17,1,2053-04-01 00:00:00,0
3038,17,1,2054-04-01 00:00:00,0
3039,17,2,2023-11-01 00:00:00,0
3040,17,2,2024-11-01 00:00:00,0
3041,17,2,2025-11-01 00:00:00,0
3042,17,2,2026-11-01 00:00:00,0
3043,17,2,2027-11-01 00:00:00,0
3044,17,2,2028-11-01 00:00:00,0
3045,17,2,2029-11-01 00:00:00,0
3046,17,2,2030-11-01 00:00:00,0
3047,17,2,2031-11-01 00:00:00,0
3048,17,2,2032-11-01 00:00:00,0
3049,17,2,2033-11-01 00:00:00,0
3050,17,2,2034-11-01 00:00:00,0
3051,17,2,2035-11-01 00:00:00,0
3052,17,2,2036-11-01 00:00:00,0
3053,17,2,2037-11-01 00:00:00,0
3054,17,2,2038-11-01 00:00:00,0
3055,17,2,2039-11-01 00:00:00,0
3056,17,2,2040-11-01 00:00:00,0
3057,17,2,2041-11-01 00:00:00,0
3058,17,2,2042-11-01 00:00:00,0
3059,17,2,2043-11-01 00:00:00,0
3060,17,2,2044-11-01 00:00:00,0
3061,17,2,2045-11-01 00:00:00,0
3062,17,2,2046-11-01 00:00:00,0
3063,17,2,2047-11-01 00:00:00,0
3064,17,2,2048-11-01 00:00:00,0
3065,17,2,2049-11-01 00:00:00,0
3066,17,2,2050-11-01 00:00:00,0
3067,17,2,2051-11-01 00:00:00,0
3068,17,2,2052-11-01 00:00:00,0
3069,17,2,2053-11-01 00:00:00,0
3070,17,2,2024-04-01 00:00:00,0
3071,17,2,2025-04-01 00:00:00,0
3072,17,2,2026-04-01 00:00:00,0
3073,17,2,2027-04-01 00:00:00,0
3074,17,2,2028-04-01 00:00:00,0
3075,17,2,2029-04-01 00:00:00,0
3076,17,2,2030-04-01 00:00:00,0
3077,17,2,2031-04-01 00:00:00,0
3078,17,2,2032-04-01 00:00:00,0
3079,17,2,2033-04-01 00:00:00,0
3080,17,2,2034-04-01 00:00:00,0
3081,17,2,2035-04-01 00:00:00,0
3082,17,2,2036-04-01 00:00:00,0
3083,17,2,2037-04-01 00:00:00,0
3084,17,2,2038-04-01 00:00:00,0
3085,17,2,2039-04-01 00:00:00,0
3086,17,2,2040-04-01 00:00:00,0
3087,17,2,2041-04-01 00:00:00,0
3088,17,2,2042-04-01 00:00:00,0
3089,17,2,2043-04-01 00:00:00,0
3090,17,2,2044-04-01 00:00:00,0
3091,17,2,2045-04-01 00:00:00,0
3092,17,2,2046-04-01 00:00:00,0
3093,17,2,2047-04-01 00:00:00,0
3094,17,2,2048-04-01 00:00:00,0
3095,17,2,2049-04-01 00:00:00,0
3096,17,2,2050-04-01 00:00:00,0
3097,17,2,2051-04-01 00:00:00,0
3098,17,2,2052-04-01 00:00:00,0
3099,17,2,2053-04-01 00:00:00,0
3100,17,2,2054-04-01 00:00:00,0
3101,17,3,2023-11-01 00:00:00,0
3102,17,3,2024-11-01 00:00:00,0
3103,17,3,2025-11-01 00:00:00,0
3104,17,3,2026-11-01 00:00:00,0
3105,17,3,2027-11-01 00:00:00,0
3106,17,3,2028-11-01 00:00:00,0
3107,17,3,2029-11-01 00:00:00,0
3108,17,3,2030-11-01 00:00:00,0
3109,17,3,2031-11-01 00:00:00,0
3110,17,3,2032-11-01 00:00:00,0
3111,17,3,2033-11-01 00:00:00,0
3112,17,3,2034-11-01 00:00:00,0
3113,17,3,2035-11-01 00:00:00,0
3114,17,3,2036-11-01 00:00:00,0
3115,17,3,2037-11-01 00:00:00,0
3116,17,3,2038-11-01 00:00:00,0
3117,17,3,2039-11-01 00:00:00,0
3118,17,3,2040-11-01 00:00:00,0
3119,17,3,2041-11-01 00:00:00,0
3120,17,3,2042-11-01 00:00:00,0
3121,17,3,2043-11-01 00:00:00,0
3122,17,3,2044-11-01 00:00:00,0
3123,17,3,2045-11-01 00:00:00,0
3124,17,3,2046-11-01 00:00:00,0
3125,17,3,2047-11-01 00:00:00,0
3126,17,3,2048-11-01 00:00:00,0
3127,17,3,2049-11-01 00:00:00,0
3128,17,3,2050-11-01 00:00:00,0
3129,17,3,2051-11-01 00:00:00,0
3130,17,3,2052-11-01 00:00:00,0
3131,17,3,2053-11-01 00:00:00,0
3132,17,3,2024-04-01 00:00:00,0
3133,17,3,2025-04-01 00:00:00,0
3134,17,3,2026-04-01 00:00:00,0
3135,17,3,2027-04-01 00:00:00,0
3136,17,3,2028-04-01 00:00:00,0
3137,17,3,2029-04-01 00:00:00,0
3138,17,3,2030-04-01 00:00:00,0
3139,17,3,2031-04-01 00:00:00,0
3140,17,3,2032-04-01 00:00:00,0
3141,17,3,2033-04-01 00:00:00,0
3142,17,3,2034-04-01 00:00:00,0
3143,17,3,2035-04-01 00:00:00,0
3144,17,3,2036-04-01 00:00:00,0
3145,17,3,2037-04-01 00:00:00,0
3146,17,3,2038-04-01 00:00:00,0
3147,17,3,2039-04-01 00:00:00,0
3148,17,3,2040-04-01 00:00:00,0
3149,17,3,2041-04-01 00:00:00,0
3150,17,3,2042-04-01 00:00:00,0
3151,17,3,2043-04-01 00:00:00,0
3152,17,3,2044-04-01 00:00:00,0
3153,17,3,2045-04-01 00:00:00,0
3154,17,3,2046-04-01 00:00:00,0
3155,17,3,2047-04-01 00:00:00,0
3156,17,3,2048-04-01 00:00:00,0
3157,17,3,2049-04-01 00:00:00,0
3158,17,3,2050-04-01 00:00:00,0
3159,17,3,2051-04-01 00:00:00,0
3160,17,3,2052-04-01 00:00:00,0
3161,17,3,2053-04-01 00:00:00,0
3162,17,3,2054-04-01 00:00:00,0
3163,18,1,2023-11-01 00:00:00,0
3164,18,1,2024-11-01 00:00:00,0
3165,18,1,2025-11-01 00:00:00,0
3166,18,1,2026-11-01 00:00:00,0
3167,18,1,2027-11-01 00:00:00,0
3168,18,1,2028-11-01 00:00:00,0
3169,18,1,2029-11-01 00:00:00,0
3170,18,1,2030-11-01 00:00:00,0
3171,18,1,2031-11-01 00:00:00,0
3172,18,1,2032-11-01 00:00:00,0
3173,18,1,2033-11-01 00:00:00,0
3174,18,1,2034-11-01 00:00:00,0
3175,18,1,2035-11-01 00:00:00,0
3176,18,1,2036-11-01 00:00:00,0
3177,18,1,2037-11-01 00:00:00,0
3178,18,1,2038-11-01 00:00:00,0
3179,18,1,2039-11-01 00:00:00,0
3180,18,1,2040-11-01 00:00:00,0
3181,18,1,2041-11-01 00:00:00,0
3182,18,1,2042-11-01 00:00:00,0
3183,18,1,2043-11-01 00:00:00,0
3184,18,1,2044-11-01 00:00:00,0
3185,18,1,2045-11-01 00:00:00,0
3186,18,1,2046-11-01 00:00:00,0
3187,18,1,2047-11-01 00:00:00,0
3188,18,1,2048-11-01 00:00:00,0
3189,18,1,2049-11-01 00:00:00,0
3190,18,1,2050-11-01 00:00:00,0
3191,18,1,2051-11-01 00:00:00,0
3192,18,1,2052-11-01 00:00:00,0
3193,18,1,2053-11-01 00:00:00,0
3194,18,1,2024-04-01 00:00:00,0
3195,18,1,2025-04-01 00:00:00,0
3196,18,1,2026-04-01 00:00:00,0
3197,18,1,2027-04-01 00:00:00,0
3198,18,1,2028-04-01 00:00:00,0
3199,18,1,2029-04-01 00:00:00,0
3200,18,1,2030-04-01 00:00:00,0
3201,18,1,2031-04-01 00:00:00,0
3202,18,1,2032-04-01 00:00:00,0
3203,18,1,2033-04-01 00:00:00,0
3204,18,1,2034-04-01 00:00:00,0
3205,18,1,2035-04-01 00:00:00,0
3206,18,1,2036-04-01 00:00:00,0
3207,18,1,2037-04-01 00:00:00,0
3208,18,1,2038-04-01 00:00:00,0
3209,18,1,2039-04-01 00:00:00,0
3210,18,1,2040-04-01 00:00:00,0
3211,18,1,2041-04-01 00:00:00,0
3212,18,1,2042-04-01 00:00:00,0
3213,18,1,2043-04-01 00:00:00,0
3214,18,1,2044-04-01 00:00:00,0
3215,18,1,2045-04-01 00:00:00,0
3216,18,1,2046-04-01 00:00:00,0
3217,18,1,2047-04-01 00:00:00,0
3218,18,1,2048-04-01 00:00:00,0
3219,18,1,2049-04-01 00:00:00,0
3220,18,1,2050-04-01 00:00:00,0
3221,18,1,2051-04-01 00:00:00,0
3222,18,1,2052-04-01 00:00:00,0
3223,18,1,2053-04-01 00:00:00,0
3224,18,1,2054-04-01 00:00:00,0
3225,18,2,2023-11-01 00:00:00,0
3226,18,2,2024-11-01 00:00:00,0
3227,18,2,2025-11-01 00:00:00,0
3228,18,2,2026-11-01 00:00:00,0
3229,18,2,2027-11-01 00:00:00,0
3230,18,2,2028-11-01 00:00:00,0
3231,18,2,2029-11-01 00:00:00,0
3232,18,2,2030-11-01 00:00:00,0
3233,18,2,2031-11-01 00:00:00,0
3234,18,2,2032-11-01 00:00:00,0
3235,18,2,2033-11-01 00:00:00,0
3236,18,2,2034-11-01 00:00:00,0
3237,18,2,2035-11-01 00:00:00,0
3238,18,2,2036-11-01 00:00:00,0
3239,18,2,2037-11-01 00:00:00,0
3240,18,2,2038-11-01 00:00:00,0
3241,18,2,2039-11-01 00:00:00,0
3242,18,2,2040-11-01 00:00:00,0
3243,18,2,2041-11-01 00:00:00,0
3244,18,2,2042-11-01 00:00:00,0
3245,18,2,2043-11-01 00:00:00,0
3246,18,2,2044-11-01 00:00:00,0
3247,18,2,2045-11-01 00:00:00,0
3248,18,2,2046-11-01 00:00:00,0
3249,18,2,2047-11-01 00:00:00,0
3250,18,2,2048-11-01 00:00:00,0
3251,18,2,2049-11-01 00:00:00,0
3252,18,2,2050-11-01 00:00:00,0
3253,18,2,2051-11-01 00:00:00,0
3254,18,2,2052-11-01 00:00:00,0
3255,18,2,2053-11-01 00:00:00,0
3256,18,2,2024-04-01 00:00:00,0
3257,18,2,2025-04-01 00:00:00,0
3258,18,2,2026-04-01 00:00:00,0
3259,18,2,2027-04-01 00:00:00,0
3260,18,2,2028-04-01 00:00:00,0
3261,18,2,2029-04-01 00:00:00,0
3262,18,2,2030-04-01 00:00:00,0
3263,18,2,2031-04-01 00:00:00,0
3264,18,2,2032-04-01 00:00:00,0
3265,18,2,2033-04-01 00:00:00,0
3266,18,2,2034-04-01 00:00:00,0
3267,18,2,2035-04-01 00:00:00,0
3268,18,2,2036-04-01 00:00:00,0
3269,18,2,2037-04-01 00:00:00,0
3270,18,2,2038-04-01 00:00:00,0
3271,18,2,2039-04-01 00:00:00,0
3272,18,2,2040-04-01 00:00:00,0
3273,18,2,2041-04-01 00:00:00,0
3274,18,2,2042-04-01 00:00:00,0
3275,18,2,2043-04-01 00:00:00,0
3276,18,2,2044-04-01 00:00:00,0
3277,18,2,2045-04-01 00:00:00,0
3278,18,2,2046-04-01 00:00:00,0
3279,18,2,2047-04-01 00:00:00,0
3280,18,2,2048-04-01 00:00:00,0
3281,18,2,2049-04-01 00:00:00,0
3282,18,2,2050-04-01 00:00:00,0
3283,18,2,2051-04-01 00:00:00,0
3284,18,2,2052-04-01 00:00:00,0
3285,18,2,2053-04-01 00:00:00,0
3286,18,2,2054-04-01 00:00:00,0
3287,18,3,2023-11-01 00:00:00,0
3288,18,3,2024-11-01 00:00:00,0
3289,18,3,2025-11-01 00:00:00,0
3290,18,3,2026-11-01 00:00:00,0
3291,18,3,2027-11-01 00:00:00,0
3292,18,3,2028-11-01 00:00:00,0
3293,18,3,2029-11-01 00:00:00,0
3294,18,3,2030-11-01 00:00:00,0
3295,18,3,2031-11-01 00:00:00,0
3296,18,3,2032-11-01 00:00:00,0
3297,18,3,2033-11-01 00:00:00,0
3298,18,3,2034-11-01 00:00:00,0
3299,18,3,2035-11-01 00:00:00,0
3300,18,3,2036-11-01 00:00:00,0
3301,18,3,2037-11-01 00:00:00,0
3302,18,3,2038-11-01 00:00:00,0
3303,18,3,2039-11-01 00:00:00,0
3304,18,3,2040-11-01 00:00:00,0
3305,18,3,2041-11-01 00:00:00,0
3306,18,3,2042-11-01 00:00:00,0
3307,18,3,2043-11-01 00:00:00,0
3308,18,3,2044-11-01 00:00:00,0
3309,18,3,2045-11-01 00:00:00,0
3310,18,3,2046-11-01 00:00:00,0
3311,18,3,2047-11-01 00:00:00,0
3312,18,3,2048-11-01 00:00:00,0
3313,18,3,2049-11-01 00:00:00,0
3314,18,3,2050-11-01 00:00:00,0
3315,18,3,2051-11-01 00:00:00,0
3316,18,3,2052-11-01 00:00:00,0
3317,18,3,2053-11-01 00:00:00,0
3318,18,3,2024-04-01 00:00:00,0
3319,18,3,2025-04-01 00:00:00,0
3320,18,3,2026-04-01 00:00:00,0
3321,18,3,2027-04-01 00:00:00,0
3322,18,3,2028-04-01 00:00:00,0
3323,18,3,2029-04-01 00:00:00,0
3324,18,3,2030-04-01 00:00:00,0
3325,18,3,2031-04-01 00:00:00,0
3326,18,3,2032-04-01 00:00:00,0
3327,18,3,2033-04-01 00:00:00,0
3328,18,3,2034-04-01 00:00:00,0
3329,18,3,2035-04-01 00:00:00,0
3330,18,3,2036-04-01 00:00:00,0
3331,18,3,2037-04-01 00:00:00,0
3332,18,3,2038-04-01 00:00:00,0
3333,18,3,2039-04-01 00:00:00,0
3334,18,3,2040-04-01 00:00:00,0
3335,18,3,2041-04-01 00:00:00,0
3336,18,3,2042-04-01 00:00:00,0
3337,18,3,2043-04-01 00:00:00,0
3338,18,3,2044-04-01 00:00:00,0
3339,18,3,2045-04-01 00:00:00,0
3340,18,3,2046-04-01 00:00:00,0
3341,18,3,2047-04-01 00:00:00,0
3342,18,3,2048-04-01 00:00:00,0
3343,18,3,2049-04-01 00:00:00,0
3344,18,3,2050-04-01 00:00:00,0
3345,18,3,2051-04-01 00:00:00,0
3346,18,3,2052-04-01 00:00:00,0
3347,18,3,2053-04-01 00:00:00,0
3348,18,3,2054-04-01 00:00:00,0
3349,19,1,2023-11-01 00:00:00,0.29922966307208315
3350,19,1,2024-11-01 00:00:00,0.3047520368411754
3351,19,1,2025-11-01 00:00:00,0.31046593802422456
3352,19,1,2026-11-01 00:00:00,0.3181589558181623
3353,19,1,2027-11-01 00:00:00,0.44348172701733
3354,19,1,2028-11-01 00:00:00,0.6089614126761395
3355,19,1,2029-11-01 00:00:00,0.7556394905315077
3356,19,1,2030-11-01 00:00:00,0.8181731911884536
3357,19,1,2031-11-01 00:00:00,0.8806430493740806
3358,19,1,2032-11-01 00:00:00,0.9430809863240479
3359,19,1,2033-11-01 00:00:00,0.9508378465893047
3360,19,1,2034-11-01 00:00:00,0.9592969740390701
3361,19,1,2035-11-01 00:00:00,0.966096197234542
3362,19,1,2036-11-01 00:00:00,0.9747468520982646
3363,19,1,2037-11-01 00:00:00,0.9823121849495644
3364,19,1,2038-11-01 00:00:00,0.991952398118731
3365,19,1,2039-11-01 00:00:00,0.9995496522056903
3366,19,1,2040-11-01 00:00:00,1.0097325263810684
3367,19,1,2041-11-01 00:00:00,1.0114243518710215
3368,19,1,2042-11-01 00:00:00,1.0147122391439491
3369,19,1,2043-11-01 00:00:00,1.0204261403269985
3370,19,1,2044-11-01 00:00:00,1.0185747086587478
3371,19,1,2045-11-01 00:00:00,1.0210964862758478
3372,19,1,2046-11-01 00:00:00,1.0230756028867363
3373,19,1,2047-11-01 00:00:00,1.0216710685177186
3374,19,1,2048-11-01 00:00:00,1.0251185619689438
3375,19,1,2049-11-01 00:00:00,1.0289491102480828
3376,19,1,2050-11-01 00:00:00,1.0362909944497662
3377,19,1,2051-11-01 00:00:00,1.0532411705849567
3378,19,1,2052-11-01 00:00:00,1.0647647366580335
3379,19,1,2053-11-01 00:00:00,1.0786185529342533
3380,19,1,2024-04-01 00:00:00,0.29922966307208315
3381,19,1,2025-04-01 00:00:00,0.30411361212798554
3382,19,1,2026-04-01 00:00:00,0.3115831812723068
3383,19,1,2027-04-01 00:00:00,0.3180631921111838
3384,19,1,2028-04-01 00:00:00,0.3232982747593406
3385,19,1,2029-04-01 00:00:00,0.3119981573358802
3386,19,1,2030-04-01 00:00:00,0.3082314515280601
3387,19,1,2031-04-01 00:00:00,0.31100859903043593
3388,19,1,2032-04-01 00:00:00,0.3133069279979194
3389,19,1,2033-04-01 00:00:00,0.31499875348787254
3390,19,1,2034-04-01 00:00:00,0.31745668863365345
3391,19,1,2035-04-01 00:00:00,0.32004230872207234
3392,19,1,2036-04-01 00:00:00,0.32259600757483176
3393,19,1,2037-04-01 00:00:00,0.32473473036401773
3394,19,1,2038-04-01 00:00:00,0.32763956280903156
3395,19,1,2039-04-01 00:00:00,0.329810206833877
3396,19,1,2040-04-01 00:00:00,0.3326511968075719
3397,19,1,2041-04-01 00:00:00,0.3343749435331845
3398,19,1,2042-04-01 00:00:00,0.3360029265518186
3399,19,1,2043-04-01 00:00:00,0.33702440609292234
3400,19,1,2044-04-01 00:00:00,0.33603484778747805
3401,19,1,2045-04-01 00:00:00,0.33488568330373636
3402,19,1,2046-04-01 00:00:00,0.3351410531890123
3403,19,1,2047-04-01 00:00:00,0.3363221389084135
3404,19,1,2048-04-01 00:00:00,0.33708824856424136
3405,19,1,2049-04-01 00:00:00,0.3372478547425388
3406,19,1,2050-04-01 00:00:00,0.33836509799062103
3407,19,1,2051-04-01 00:00:00,0.3402803721301906
3408,19,1,2052-04-01 00:00:00,0.3453877698357094
3409,19,1,2053-04-01 00:00:00,0.3496332941784219
3410,19,1,2054-04-01 00:00:00,0.35352768492888004
3411,19,2,2023-11-01 00:00:00,0.29922966307208315
3412,19,2,2024-11-01 00:00:00,0.3124769758707726
3413,19,2,2025-11-01 00:00:00,0.3269053743888632
3414,19,2,2026-11-01 00:00:00,0.3441428416449892
3415,19,2,2027-11-01 00:00:00,0.44526931621426163
3416,19,2,2028-11-01 00:00:00,0.6114193478219203
3417,19,2,2029-11-01 00:00:00,0.7597892511672417
3418,19,2,2030-11-01 00:00:00,0.8615541504497038
3419,19,2,2031-11-01 00:00:00,0.9632871284965067
3420,19,2,2032-11-01 00:00:00,1.06498818530765
3421,19,2,2033-11-01 00:00:00,1.0768309637373217
3422,19,2,2034-11-01 00:00:00,1.089152560701886
3423,19,2,2035-11-01 00:00:00,1.1006442055393033
3424,19,2,2036-11-01 00:00:00,1.116253689776795
3425,19,2,2037-11-01 00:00:00,1.1306501670592262
3426,19,2,2038-11-01 00:00:00,1.139907325400479
3427,19,2,2039-11-01 00:00:00,1.1465469424176535
3428,19,2,2040-11-01 00:00:00,1.1579428235480924
3429,19,2,2041-11-01 00:00:00,1.1641674645016933
3430,19,2,2042-11-01 00:00:00,1.1740949687917956
3431,19,2,2043-11-01 00:00:00,1.1822029626493067
3432,19,2,2044-11-01 00:00:00,1.1797769487391851
3433,19,2,2045-11-01 00:00:00,1.1817241441144142
3434,19,2,2046-11-01 00:00:00,1.1801600035670992
3435,19,2,2047-11-01 00:00:00,1.180287688509737
3436,19,2,2048-11-01 00:00:00,1.1868315418199331
3437,19,2,2049-11-01 00:00:00,1.189417161908352
3438,19,2,2050-11-01 00:00:00,1.1992489024914756
3439,19,2,2051-11-01 00:00:00,1.2205084454406978
3440,19,2,2052-11-01 00:00:00,1.238160888760397
3441,19,2,2053-11-01 00:00:00,1.2576328425126877
3442,19,2,2024-04-01 00:00:00,0.29922966307208315
3443,19,2,2025-04-01 00:00:00,0.3110405202660954
3444,19,2,2026-04-01 00:00:00,0.32604350102605695
3445,19,2,2027-04-01 00:00:00,0.34273830727597154
3446,19,2,2028-04-01 00:00:00,0.35975232588248107
3447,19,2,2029-04-01 00:00:00,0.37695787190294755
3448,19,2,2030-04-01 00:00:00,0.39336538703192675
3449,19,2,2031-04-01 00:00:00,0.4090387137407375
3450,19,2,2032-04-01 00:00:00,0.42340326978750914
3451,19,2,2033-04-01 00:00:00,0.43645905517224165
3452,19,2,2034-04-01 00:00:00,0.4494190768499956
3453,19,2,2035-04-01 00:00:00,0.46308136571225844
3454,19,2,2036-04-01 00:00:00,0.4788504561280477
3455,19,2,2037-04-01 00:00:00,0.4935980670027333
3456,19,2,2038-04-01 00:00:00,0.5075157257502722
3457,19,2,2039-04-01 00:00:00,0.51897544935203
3458,19,2,2040-04-01 00:00:00,0.5313928100235725
3459,19,2,2041-04-01 00:00:00,0.5459808147199606
3460,19,2,2042-04-01 00:00:00,0.561558377721793
3461,19,2,2043-04-01 00:00:00,0.5749333754631204
3462,19,2,2044-04-01 00:00:00,0.584573588632287
3463,19,2,2045-04-01 00:00:00,0.5928092674324362
3464,19,2,2046-04-01 00:00:00,0.6028006141938573
3465,19,2,2047-04-01 00:00:00,0.6143880227382531
3466,19,2,2048-04-01 00:00:00,0.626039273753968
3467,19,2,2049-04-01 00:00:00,0.6358390931014322
3468,19,2,2050-04-01 00:00:00,0.6471711317605521
3469,19,2,2051-04-01 00:00:00,0.6521508445234329
3470,19,2,2052-04-01 00:00:00,0.6617591364569401
3471,19,2,2053-04-01 00:00:00,0.6701225001997272
3472,19,2,2054-04-01 00:00:00,0.6784858639425142
3473,19,3,2023-11-01 00:00:00,0.29922966307208315
3474,19,3,2024-11-01 00:00:00,0.33622637520143506
3475,19,3,2025-11-01 00:00:00,0.37523412517733495
3476,19,3,2026-11-01 00:00:00,0.4161571492928044
3477,19,3,2027-11-01 00:00:00,0.456441748695084
3478,19,3,2028-11-01 00:00:00,0.61710132776931
3479,19,3,2029-11-01 00:00:00,0.76681192301233
3480,19,3,2030-11-01 00:00:00,0.8902832625432472
3481,19,3,2031-11-01 00:00:00,1.0138184445454834
3482,19,3,2032-11-01 00:00:00,1.1373536265477198
3483,19,3,2033-11-01 00:00:00,1.159411200388429
3484,19,3,2034-11-01 00:00:00,1.1796173425608878
3485,19,3,2035-11-01 00:00:00,1.1948118507348062
3486,19,3,2036-11-01 00:00:00,1.2136773010095663
3487,19,3,2037-11-01 00:00:00,1.2324789088130075
3488,19,3,2038-11-01 00:00:00,1.2444493721853171
3489,19,3,2039-11-01 00:00:00,1.2550791436599282
3490,19,3,2040-11-01 00:00:00,1.269188329821424
3491,19,3,2041-11-01 00:00:00,1.2757960256029388
3492,19,3,2042-11-01 00:00:00,1.2839997831674284
3493,19,3,2043-11-01 00:00:00,1.2939272874575307
3494,19,3,2044-11-01 00:00:00,1.2917247221970256
3495,19,3,2045-11-01 00:00:00,1.3273488211930193
3496,19,3,2046-11-01 00:00:00,1.362909077717694
3497,19,3,2047-11-01 00:00:00,1.3922446932887675
3498,19,3,2048-11-01 00:00:00,1.4264642579157436
3499,19,3,2049-11-01 00:00:00,1.4593750518806805
3500,19,3,2050-11-01 00:00:00,1.4667807785536828
3501,19,3,2051-11-01 00:00:00,1.4907217052983022
3502,19,3,2052-11-01 00:00:00,1.5183016529081037
3503,19,3,2053-11-01 00:00:00,1.549488700147428
3504,19,3,2024-04-01 00:00:00,0.29922966307208315
3505,19,3,2025-04-01 00:00:00,0.334215337354887
3506,19,3,2026-04-01 00:00:00,0.37191431666874775
3507,19,3,2027-04-01 00:00:00,0.4087833438554616
3508,19,3,2028-04-01 00:00:00,0.44753572394608554
3509,19,3,2029-04-01 00:00:00,0.48925677895304237
3510,19,3,2030-04-01 00:00:00,0.5343295637042458
3511,19,3,2031-04-01 00:00:00,0.5815410712446353
3512,19,3,2032-04-01 00:00:00,0.6269330683524338
3513,19,3,2033-04-01 00:00:00,0.6728677264664434
3514,19,3,2034-04-01 00:00:00,0.7165359768486294
3515,19,3,2035-04-01 00:00:00,0.7623748712556606
3516,19,3,2036-04-01 00:00:00,0.8102886459805589
3517,19,3,2037-04-01 00:00:00,0.8567659651007801
3518,19,3,2038-04-01 00:00:00,0.9030517568070442
3519,19,3,2039-04-01 00:00:00,0.944900496756639
3520,19,3,2040-04-01 00:00:00,0.9897817540938856
3521,19,3,2041-04-01 00:00:00,1.0372167102838914
3522,19,3,2042-04-01 00:00:00,1.0847155089452165
3523,19,3,2043-04-01 00:00:00,1.1281922319134452
3524,19,3,2044-04-01 00:00:00,1.1660827386412629
3525,19,3,2045-04-01 00:00:00,1.2008449642744503
3526,19,3,2046-04-01 00:00:00,1.2337238370037276
3527,19,3,2047-04-01 00:00:00,1.2658366000771772
3528,19,3,2048-04-01 00:00:00,1.2957148766544622
3529,19,3,2049-04-01 00:00:00,1.3193685122781462
3530,19,3,2050-04-01 00:00:00,1.3479060969577326
3531,19,3,2051-04-01 00:00:00,1.354609556446226
3532,19,3,2052-04-01 00:00:00,1.371655496288395
3533,19,3,2053-04-01 00:00:00,1.3963625326888423
3534,19,3,2054-04-01 00:00:00,1.421356860210225
3535,20,1,2023-11-01 00:00:00,0.003192123565949255
3536,20,1,2024-11-01 00:00:00,0.0032559660372682275
3537,20,1,2025-11-01 00:00:00,0.0033198085085872
3538,20,1,2026-11-01 00:00:00,0.003415572215565681
3539,20,1,2027-11-01 00:00:00,0.004756264113264328
3540,20,1,2028-11-01 00:00:00,0.006511932074536455
3541,20,1,2029-11-01 00:00:00,0.008076072621851619
3542,20,1,2030-11-01 00:00:00,0.008714497335041524
3543,20,1,2031-11-01 00:00:00,0.009384843283890804
3544,20,1,2032-11-01 00:00:00,0.010055189232740082
3545,20,1,2033-11-01 00:00:00,0.010150952939718653
3546,20,1,2034-11-01 00:00:00,0.010246716646697225
3547,20,1,2035-11-01 00:00:00,0.010310559118016153
3548,20,1,2036-11-01 00:00:00,0.010406322824994542
3549,20,1,2037-11-01 00:00:00,0.01047016529631347
3550,20,1,2038-11-01 00:00:00,0.010565929003292042
3551,20,1,2039-11-01 00:00:00,0.010661692710270614
3552,20,1,2040-11-01 00:00:00,0.010789377652908468
3553,20,1,2041-11-01 00:00:00,0.010789377652908468
3554,20,1,2042-11-01 00:00:00,0.010821298888567931
3555,20,1,2043-11-01 00:00:00,0.010885141359886859
3556,20,1,2044-11-01 00:00:00,0.01088514135988704
3557,20,1,2045-11-01 00:00:00,0.01088514135988704
3558,20,1,2046-11-01 00:00:00,0.01088514135988704
3559,20,1,2047-11-01 00:00:00,0.01088514135988704
3560,20,1,2048-11-01 00:00:00,0.010917062595546503
3561,20,1,2049-11-01 00:00:00,0.01098090506686543
3562,20,1,2050-11-01 00:00:00,0.01104474753818454
3563,20,1,2051-11-01 00:00:00,0.011236274952141502
3564,20,1,2052-11-01 00:00:00,0.011363959894779356
3565,20,1,2053-11-01 00:00:00,0.011491644837417391
3566,20,1,2024-04-01 00:00:00,0.003192123565949255
3567,20,1,2025-04-01 00:00:00,0.003224044801608764
3568,20,1,2026-04-01 00:00:00,0.0033198085085872453
3569,20,1,2027-04-01 00:00:00,0.003415572215565681
3570,20,1,2028-04-01 00:00:00,0.0034474934512251903
3571,20,1,2029-04-01 00:00:00,0.0033198085085872453
3572,20,1,2030-04-01 00:00:00,0.0032878872729277366
3573,20,1,2031-04-01 00:00:00,0.0033198085085872
3574,20,1,2032-04-01 00:00:00,0.0033198085085872
3575,20,1,2033-04-01 00:00:00,0.003351729744246709
3576,20,1,2034-04-01 00:00:00,0.0033836509799062176
3577,20,1,2035-04-01 00:00:00,0.003415572215565681
3578,20,1,2036-04-01 00:00:00,0.0034474934512251903
3579,20,1,2037-04-01 00:00:00,0.0034474934512251903
3580,20,1,2038-04-01 00:00:00,0.003479414686884699
3581,20,1,2039-04-01 00:00:00,0.003511335922544208
3582,20,1,2040-04-01 00:00:00,0.0035432571582036713
3583,20,1,2041-04-01 00:00:00,0.0035432571582036713
3584,20,1,2042-04-01 00:00:00,0.003607099629522644
3585,20,1,2043-04-01 00:00:00,0.003607099629522644
3586,20,1,2044-04-01 00:00:00,0.0035751783938631804
3587,20,1,2045-04-01 00:00:00,0.0035751783938631804
3588,20,1,2046-04-01 00:00:00,0.0035751783938631804
3589,20,1,2047-04-01 00:00:00,0.0035751783938631804
3590,20,1,2048-04-01 00:00:00,0.003607099629522689
3591,20,1,2049-04-01 00:00:00,0.003607099629522644
3592,20,1,2050-04-01 00:00:00,0.0036390208651821527
3593,20,1,2051-04-01 00:00:00,0.003607099629522689
3594,20,1,2052-04-01 00:00:00,0.003702863336501125
3595,20,1,2053-04-01 00:00:00,0.003734784572160634
3596,20,1,2054-04-01 00:00:00,0.0037667058078201428
3597,20,2,2023-11-01 00:00:00,0.003192123565949255
3598,20,2,2024-11-01 00:00:00,0.0033198085085872453
3599,20,2,2025-11-01 00:00:00,0.003479414686884699
3600,20,2,2026-11-01 00:00:00,0.0036709421008416163
3601,20,2,2027-11-01 00:00:00,0.004756264113264328
3602,20,2,2028-11-01 00:00:00,0.006511932074536546
3603,20,2,2029-11-01 00:00:00,0.008107993857511082
3604,20,2,2030-11-01 00:00:00,0.00919331586993384
3605,20,2,2031-11-01 00:00:00,0.010278637882356688
3606,20,2,2032-11-01 00:00:00,0.011363959894779356
3607,20,2,2033-11-01 00:00:00,0.011491644837417391
3608,20,2,2034-11-01 00:00:00,0.011619329780055246
3609,20,2,2035-11-01 00:00:00,0.01174701472269328
3610,20,2,2036-11-01 00:00:00,0.01190662090099078
3611,20,2,2037-11-01 00:00:00,0.01206622707928828
3612,20,2,2038-11-01 00:00:00,0.012130069550607024
3613,20,2,2039-11-01 00:00:00,0.01225775449324506
3614,20,2,2040-11-01 00:00:00,0.012353518200223632
3615,20,2,2041-11-01 00:00:00,0.01241736067154256
3616,20,2,2042-11-01 00:00:00,0.012513124378521132
3617,20,2,2043-11-01 00:00:00,0.012608888085499521
3618,20,2,2044-11-01 00:00:00,0.012576966849840058
3619,20,2,2045-11-01 00:00:00,0.012608888085499521
3620,20,2,2046-11-01 00:00:00,0.012576966849840058
3621,20,2,2047-11-01 00:00:00,0.012608888085499521
3622,20,2,2048-11-01 00:00:00,0.012672730556818449
3623,20,2,2049-11-01 00:00:00,0.012672730556818449
3624,20,2,2050-11-01 00:00:00,0.012800415499456484
3625,20,2,2051-11-01 00:00:00,0.01302386414907291
3626,20,2,2052-11-01 00:00:00,0.013215391563029873
3627,20,2,2053-11-01 00:00:00,0.013406918976986835
3628,20,2,2024-04-01 00:00:00,0.003192123565949255
3629,20,2,2025-04-01 00:00:00,0.0033198085085872453
3630,20,2,2026-04-01 00:00:00,0.003479414686884699
3631,20,2,2027-04-01 00:00:00,0.0036390208651821527
3632,20,2,2028-04-01 00:00:00,0.0038305482791391155
3633,20,2,2029-04-01 00:00:00,0.004022075693096033
3634,20,2,2030-04-01 00:00:00,0.004181681871393532
3635,20,2,2031-04-01 00:00:00,0.004373209285350494
3636,20,2,2032-04-01 00:00:00,0.00450089422798853
3637,20,2,2033-04-01 00:00:00,0.004628579170626475
3638,20,2,2034-04-01 00:00:00,0.004820106584583437
3639,20,2,2035-04-01 00:00:00,0.004915870291561918
3640,20,2,2036-04-01 00:00:00,0.005107397705518881
3641,20,2,2037-04-01 00:00:00,0.005267003883816289
3642,20,2,2038-04-01 00:00:00,0.005426610062113697
3643,20,2,2039-04-01 00:00:00,0.0055223737690921785
3644,20,2,2040-04-01 00:00:00,0.005650058711730214
3645,20,2,2041-04-01 00:00:00,0.005841586125687177
3646,20,2,2042-04-01 00:00:00,0.006001192303984676
3647,20,2,2043-04-01 00:00:00,0.00612887724662253
3648,20,2,2044-04-01 00:00:00,0.006224640953601102
3649,20,2,2045-04-01 00:00:00,0.006320404660579493
3650,20,2,2046-04-01 00:00:00,0.006448089603217528
3651,20,2,2047-04-01 00:00:00,0.006575774545855473
3652,20,2,2048-04-01 00:00:00,0.006671538252833955
3653,20,2,2049-04-01 00:00:00,0.006799223195471899
3654,20,2,2050-04-01 00:00:00,0.006894986902450381
3655,20,2,2051-04-01 00:00:00,0.006958829373769308
3656,20,2,2052-04-01 00:00:00,0.007054593080747879
3657,20,2,2053-04-01 00:00:00,0.00715035678772627
3658,20,2,2054-04-01 00:00:00,0.007214199259045288
3659,20,3,2023-11-01 00:00:00,0.003192123565949255
3660,20,3,2024-11-01 00:00:00,0.003607099629522644
3661,20,3,2025-11-01 00:00:00,0.003990154457436569
3662,20,3,2026-11-01 00:00:00,0.004437051756669422
3663,20,3,2027-11-01 00:00:00,0.0048520278202428095
3664,20,3,2028-11-01 00:00:00,0.006575774545855473
3665,20,3,2029-11-01 00:00:00,0.0081718363288301
3666,20,3,2030-11-01 00:00:00,0.009512528226528838
3667,20,3,2031-11-01 00:00:00,0.010821298888567931
3668,20,3,2032-11-01 00:00:00,0.012130069550607206
3669,20,3,2033-11-01 00:00:00,0.012353518200223632
3670,20,3,2034-11-01 00:00:00,0.012576966849840058
3671,20,3,2035-11-01 00:00:00,0.01276849426379702
3672,20,3,2036-11-01 00:00:00,0.012960021677753984
3673,20,3,2037-11-01 00:00:00,0.013151549091710946
3674,20,3,2038-11-01 00:00:00,0.0132792340343488
3675,20,3,2039-11-01 00:00:00,0.013374997741327372
3676,20,3,2040-11-01 00:00:00,0.01353460391962469
3677,20,3,2041-11-01 00:00:00,0.013630367626603261
3678,20,3,2042-11-01 00:00:00,0.013694210097922188
3679,20,3,2043-11-01 00:00:00,0.013789973804900761
3680,20,3,2044-11-01 00:00:00,0.013758052569241296
3681,20,3,2045-11-01 00:00:00,0.014141107397155222
3682,20,3,2046-11-01 00:00:00,0.014524162225069148
3683,20,3,2047-11-01 00:00:00,0.014875295817323608
3684,20,3,2048-11-01 00:00:00,0.015194508173918425
3685,20,3,2049-11-01 00:00:00,0.015577563001832351
3686,20,3,2050-11-01 00:00:00,0.01564140547315128
3687,20,3,2051-11-01 00:00:00,0.015928696594086814
3688,20,3,2052-11-01 00:00:00,0.016215987715022348
3689,20,3,2053-11-01 00:00:00,0.016535200071616983
3690,20,3,2024-04-01 00:00:00,0.003192123565949255
3691,20,3,2025-04-01 00:00:00,0.003575178393863135
3692,20,3,2026-04-01 00:00:00,0.0039582332217770605
3693,20,3,2027-04-01 00:00:00,0.004373209285350494
3694,20,3,2028-04-01 00:00:00,0.004756264113264419
3695,20,3,2029-04-01 00:00:00,0.005203161412497271
3696,20,3,2030-04-01 00:00:00,0.005713901183049232
3697,20,3,2031-04-01 00:00:00,0.0061927197179415475
3698,20,3,2032-04-01 00:00:00,0.006671538252833955
3699,20,3,2033-04-01 00:00:00,0.007182278023385824
3700,20,3,2034-04-01 00:00:00,0.007629175322618767
3701,20,3,2035-04-01 00:00:00,0.008139915093170547
3702,20,3,2036-04-01 00:00:00,0.008650654863722507
3703,20,3,2037-04-01 00:00:00,0.009129473398614913
3704,20,3,2038-04-01 00:00:00,0.009640213169166875
3705,20,3,2039-04-01 00:00:00,0.010087110468399727
3706,20,3,2040-04-01 00:00:00,0.010565929003292042
3707,20,3,2041-04-01 00:00:00,0.011044747538184357
3708,20,3,2042-04-01 00:00:00,0.011555487308736317
3709,20,3,2043-04-01 00:00:00,0.012034305843628634
3710,20,3,2044-04-01 00:00:00,0.012449281907202023
3711,20,3,2045-04-01 00:00:00,0.012800415499456484
3712,20,3,2046-04-01 00:00:00,0.013151549091710946
3713,20,3,2047-04-01 00:00:00,0.013502682683965227
3714,20,3,2048-04-01 00:00:00,0.013821895040560224
3715,20,3,2049-04-01 00:00:00,0.014077264925836296
3716,20,3,2050-04-01 00:00:00,0.014396477282431111
3717,20,3,2051-04-01 00:00:00,0.014460319753750039
3718,20,3,2052-04-01 00:00:00,0.014619925932047539
3719,20,3,2053-04-01 00:00:00,0.014907217052983073
3720,20,3,2054-04-01 00:00:00,0.015162586938258962
3721,21,1,2023-11-01 00:00:00,0
3722,21,1,2024-11-01 00:00:00,0
3723,21,1,2025-11-01 00:00:00,0
3724,21,1,2026-11-01 00:00:00,0
3725,21,1,2027-11-01 00:00:00,0
3726,21,1,2028-11-01 00:00:00,0
3727,21,1,2029-11-01 00:00:00,0
3728,21,1,2030-11-01 00:00:00,0
3729,21,1,2031-11-01 00:00:00,0
3730,21,1,2032-11-01 00:00:00,0
3731,21,1,2033-11-01 00:00:00,0
3732,21,1,2034-11-01 00:00:00,0
3733,21,1,2035-11-01 00:00:00,0
3734,21,1,2036-11-01 00:00:00,0
3735,21,1,2037-11-01 00:00:00,0
3736,21,1,2038-11-01 00:00:00,0
3737,21,1,2039-11-01 00:00:00,0
3738,21,1,2040-11-01 00:00:00,0
3739,21,1,2041-11-01 00:00:00,0
3740,21,1,2042-11-01 00:00:00,0
3741,21,1,2043-11-01 00:00:00,0
3742,21,1,2044-11-01 00:00:00,0
3743,21,1,2045-11-01 00:00:00,0
3744,21,1,2046-11-01 00:00:00,0
3745,21,1,2047-11-01 00:00:00,0
3746,21,1,2048-11-01 00:00:00,0
3747,21,1,2049-11-01 00:00:00,0
3748,21,1,2050-11-01 00:00:00,0
3749,21,1,2051-11-01 00:00:00,0
3750,21,1,2052-11-01 00:00:00,0
3751,21,1,2053-11-01 00:00:00,0
3752,21,1,2024-04-01 00:00:00,0
3753,21,1,2025-04-01 00:00:00,0
3754,21,1,2026-04-01 00:00:00,0
3755,21,1,2027-04-01 00:00:00,0
3756,21,1,2028-04-01 00:00:00,0
3757,21,1,2029-04-01 00:00:00,0
3758,21,1,2030-04-01 00:00:00,0
3759,21,1,2031-04-01 00:00:00,0
3760,21,1,2032-04-01 00:00:00,0
3761,21,1,2033-04-01 00:00:00,0
3762,21,1,2034-04-01 00:00:00,0
3763,21,1,2035-04-01 00:00:00,0
3764,21,1,2036-04-01 00:00:00,0
3765,21,1,2037-04-01 00:00:00,0
3766,21,1,2038-04-01 00:00:00,0
3767,21,1,2039-04-01 00:00:00,0
3768,21,1,2040-04-01 00:00:00,0
3769,21,1,2041-04-01 00:00:00,0
3770,21,1,2042-04-01 00:00:00,0
3771,21,1,2043-04-01 00:00:00,0
3772,21,1,2044-04-01 00:00:00,0
3773,21,1,2045-04-01 00:00:00,0
3774,21,1,2046-04-01 00:00:00,0
3775,21,1,2047-04-01 00:00:00,0
3776,21,1,2048-04-01 00:00:00,0
3777,21,1,2049-04-01 00:00:00,0
3778,21,1,2050-04-01 00:00:00,0
3779,21,1,2051-04-01 00:00:00,0
3780,21,1,2052-04-01 00:00:00,0
3781,21,1,2053-04-01 00:00:00,0
3782,21,1,2054-04-01 00:00:00,0
3783,21,2,2023-11-01 00:00:00,0
3784,21,2,2024-11-01 00:00:00,0
3785,21,2,2025-11-01 00:00:00,0
3786,21,2,2026-11-01 00:00:00,0
3787,21,2,2027-11-01 00:00:00,0
3788,21,2,2028-11-01 00:00:00,0
3789,21,2,2029-11-01 00:00:00,0
3790,21,2,2030-11-01 00:00:00,0
3791,21,2,2031-11-01 00:00:00,0
3792,21,2,2032-11-01 00:00:00,0
3793,21,2,2033-11-01 00:00:00,0
3794,21,2,2034-11-01 00:00:00,0
3795,21,2,2035-11-01 00:00:00,0
3796,21,2,2036-11-01 00:00:00,0
3797,21,2,2037-11-01 00:00:00,0
3798,21,2,2038-11-01 00:00:00,0
3799,21,2,2039-11-01 00:00:00,0
3800,21,2,2040-11-01 00:00:00,0
3801,21,2,2041-11-01 00:00:00,0
3802,21,2,2042-11-01 00:00:00,0
3803,21,2,2043-11-01 00:00:00,0
3804,21,2,2044-11-01 00:00:00,0
3805,21,2,2045-11-01 00:00:00,0
3806,21,2,2046-11-01 00:00:00,0
3807,21,2,2047-11-01 00:00:00,0
3808,21,2,2048-11-01 00:00:00,0
3809,21,2,2049-11-01 00:00:00,0
3810,21,2,2050-11-01 00:00:00,0
3811,21,2,2051-11-01 00:00:00,0
3812,21,2,2052-11-01 00:00:00,0
3813,21,2,2053-11-01 00:00:00,0
3814,21,2,2024-04-01 00:00:00,0
3815,21,2,2025-04-01 00:00:00,0
3816,21,2,2026-04-01 00:00:00,0
3817,21,2,2027-04-01 00:00:00,0
3818,21,2,2028-04-01 00:00:00,0
3819,21,2,2029-04-01 00:00:00,0
3820,21,2,2030-04-01 00:00:00,0
3821,21,2,2031-04-01 00:00:00,0
3822,21,2,2032-04-01 00:00:00,0
3823,21,2,2033-04-01 00:00:00,0
3824,21,2,2034-04-01 00:00:00,0
3825,21,2,2035-04-01 00:00:00,0
3826,21,2,2036-04-01 00:00:00,0
3827,21,2,2037-04-01 00:00:00,0
3828,21,2,2038-04-01 00:00:00,0
3829,21,2,2039-04-01 00:00:00,0
3830,21,2,2040-04-01 00:00:00,0
3831,21,2,2041-04-01 00:00:00,0
3832,21,2,2042-04-01 00:00:00,0
3833,21,2,2043-04-01 00:00:00,0
3834,21,2,2044-04-01 00:00:00,0
3835,21,2,2045-04-01 00:00:00,0
3836,21,2,2046-04-01 00:00:00,0
3837,21,2,2047-04-01 00:00:00,0
3838,21,2,2048-04-01 00:00:00,0
3839,21,2,2049-04-01 00:00:00,0
3840,21,2,2050-04-01 00:00:00,0
3841,21,2,2051-04-01 00:00:00,0
3842,21,2,2052-04-01 00:00:00,0
3843,21,2,2053-04-01 00:00:00,0
3844,21,2,2054-04-01 00:00:00,0
3845,21,3,2023-11-01 00:00:00,0
3846,21,3,2024-11-01 00:00:00,0
3847,21,3,2025-11-01 00:00:00,0
3848,21,3,2026-11-01 00:00:00,0
3849,21,3,2027-11-01 00:00:00,0
3850,21,3,2028-11-01 00:00:00,0
3851,21,3,2029-11-01 00:00:00,0
3852,21,3,2030-11-01 00:00:00,0
3853,21,3,2031-11-01 00:00:00,0
3854,21,3,2032-11-01 00:00:00,0
3855,21,3,2033-11-01 00:00:00,0
3856,21,3,2034-11-01 00:00:00,0
3857,21,3,2035-11-01 00:00:00,0
3858,21,3,2036-11-01 00:00:00,0
3859,21,3,2037-11-01 00:00:00,0
3860,21,3,2038-11-01 00:00:00,0
3861,21,3,2039-11-01 00:00:00,0
3862,21,3,2040-11-01 00:00:00,0
3863,21,3,2041-11-01 00:00:00,0
3864,21,3,2042-11-01 00:00:00,0
3865,21,3,2043-11-01 00:00:00,0
3866,21,3,2044-11-01 00:00:00,0
3867,21,3,2045-11-01 00:00:00,0
3868,21,3,2046-11-01 00:00:00,0
3869,21,3,2047-11-01 00:00:00,0
3870,21,3,2048-11-01 00:00:00,0
3871,21,3,2049-11-01 00:00:00,0
3872,21,3,2050-11-01 00:00:00,0
3873,21,3,2051-11-01 00:00:00,0
3874,21,3,2052-11-01 00:00:00,0
3875,21,3,2053-11-01 00:00:00,0
3876,21,3,2024-04-01 00:00:00,0
3877,21,3,2025-04-01 00:00:00,0
3878,21,3,2026-04-01 00:00:00,0
3879,21,3,2027-04-01 00:00:00,0
3880,21,3,2028-04-01 00:00:00,0
3881,21,3,2029-04-01 00:00:00,0
3882,21,3,2030-04-01 00:00:00,0
3883,21,3,2031-04-01 00:00:00,0
3884,21,3,2032-04-01 00:00:00,0
3885,21,3,2033-04-01 00:00:00,0
3886,21,3,2034-04-01 00:00:00,0
3887,21,3,2035-04-01 00:00:00,0
3888,21,3,2036-04-01 00:00:00,0
3889,21,3,2037-04-01 00:00:00,0
3890,21,3,2038-04-01 00:00:00,0
3891,21,3,2039-04-01 00:00:00,0
3892,21,3,2040-04-01 00:00:00,0
3893,21,3,2041-04-01 00:00:00,0
3894,21,3,2042-04-01 00:00:00,0
3895,21,3,2043-04-01 00:00:00,0
3896,21,3,2044-04-01 00:00:00,0
3897,21,3,2045-04-01 00:00:00,0
3898,21,3,2046-04-01 00:00:00,0
3899,21,3,2047-04-01 00:00:00,0
3900,21,3,2048-04-01 00:00:00,0
3901,21,3,2049-04-01 00:00:00,0
3902,21,3,2050-04-01 00:00:00,0
3903,21,3,2051-04-01 00:00:00,0
3904,21,3,2052-04-01 00:00:00,0
3905,21,3,2053-04-01 00:00:00,0
3906,21,3,2054-04-01 00:00:00,0
3907,22,1,2023-11-01 00:00:00,0
3908,22,1,2024-11-01 00:00:00,0
3909,22,1,2025-11-01 00:00:00,0
3910,22,1,2026-11-01 00:00:00,0
3911,22,1,2027-11-01 00:00:00,0
3912,22,1,2028-11-01 00:00:00,0
3913,22,1,2029-11-01 00:00:00,0
3914,22,1,2030-11-01 00:00:00,0
3915,22,1,2031-11-01 00:00:00,0
3916,22,1,2032-11-01 00:00:00,0
3917,22,1,2033-11-01 00:00:00,0
3918,22,1,2034-11-01 00:00:00,0
3919,22,1,2035-11-01 00:00:00,0
3920,22,1,2036-11-01 00:00:00,0
3921,22,1,2037-11-01 00:00:00,0
3922,22,1,2038-11-01 00:00:00,0
3923,22,1,2039-11-01 00:00:00,0
3924,22,1,2040-11-01 00:00:00,0
3925,22,1,2041-11-01 00:00:00,0
3926,22,1,2042-11-01 00:00:00,0
3927,22,1,2043-11-01 00:00:00,0
3928,22,1,2044-11-01 00:00:00,0
3929,22,1,2045-11-01 00:00:00,0
3930,22,1,2046-11-01 00:00:00,0
3931,22,1,2047-11-01 00:00:00,0
3932,22,1,2048-11-01 00:00:00,0
3933,22,1,2049-11-01 00:00:00,0
3934,22,1,2050-11-01 00:00:00,0
3935,22,1,2051-11-01 00:00:00,0
3936,22,1,2052-11-01 00:00:00,0
3937,22,1,2053-11-01 00:00:00,0
3938,22,1,2024-04-01 00:00:00,0
3939,22,1,2025-04-01 00:00:00,0
3940,22,1,2026-04-01 00:00:00,0
3941,22,1,2027-04-01 00:00:00,0
3942,22,1,2028-04-01 00:00:00,0
3943,22,1,2029-04-01 00:00:00,0
3944,22,1,2030-04-01 00:00:00,0
3945,22,1,2031-04-01 00:00:00,0
3946,22,1,2032-04-01 00:00:00,0
3947,22,1,2033-04-01 00:00:00,0
3948,22,1,2034-04-01 00:00:00,0
3949,22,1,2035-04-01 00:00:00,0
3950,22,1,2036-04-01 00:00:00,0
3951,22,1,2037-04-01 00:00:00,0
3952,22,1,2038-04-01 00:00:00,0
3953,22,1,2039-04-01 00:00:00,0
3954,22,1,2040-04-01 00:00:00,0
3955,22,1,2041-04-01 00:00:00,0
3956,22,1,2042-04-01 00:00:00,0
3957,22,1,2043-04-01 00:00:00,0
3958,22,1,2044-04-01 00:00:00,0
3959,22,1,2045-04-01 00:00:00,0
3960,22,1,2046-04-01 00:00:00,0
3961,22,1,2047-04-01 00:00:00,0
3962,22,1,2048-04-01 00:00:00,0
3963,22,1,2049-04-01 00:00:00,0
3964,22,1,2050-04-01 00:00:00,0
3965,22,1,2051-04-01 00:00:00,0
3966,22,1,2052-04-01 00:00:00,0
3967,22,1,2053-04-01 00:00:00,0
3968,22,1,2054-04-01 00:00:00,0
3969,22,2,2023-11-01 00:00:00,0
3970,22,2,2024-11-01 00:00:00,0
3971,22,2,2025-11-01 00:00:00,0
3972,22,2,2026-11-01 00:00:00,0
3973,22,2,2027-11-01 00:00:00,0
3974,22,2,2028-11-01 00:00:00,0
3975,22,2,2029-11-01 00:00:00,0
3976,22,2,2030-11-01 00:00:00,0
3977,22,2,2031-11-01 00:00:00,0
3978,22,2,2032-11-01 00:00:00,0
3979,22,2,2033-11-01 00:00:00,0
3980,22,2,2034-11-01 00:00:00,0
3981,22,2,2035-11-01 00:00:00,0
3982,22,2,2036-11-01 00:00:00,0
3983,22,2,2037-11-01 00:00:00,0
3984,22,2,2038-11-01 00:00:00,0
3985,22,2,2039-11-01 00:00:00,0
3986,22,2,2040-11-01 00:00:00,0
3987,22,2,2041-11-01 00:00:00,0
3988,22,2,2042-11-01 00:00:00,0
3989,22,2,2043-11-01 00:00:00,0
3990,22,2,2044-11-01 00:00:00,0
3991,22,2,2045-11-01 00:00:00,0
3992,22,2,2046-11-01 00:00:00,0
3993,22,2,2047-11-01 00:00:00,0
3994,22,2,2048-11-01 00:00:00,0
3995,22,2,2049-11-01 00:00:00,0
3996,22,2,2050-11-01 00:00:00,0
3997,22,2,2051-11-01 00:00:00,0
3998,22,2,2052-11-01 00:00:00,0
3999,22,2,2053-11-01 00:00:00,0
4000,22,2,2024-04-01 00:00:00,0
4001,22,2,2025-04-01 00:00:00,0
4002,22,2,2026-04-01 00:00:00,0
4003,22,2,2027-04-01 00:00:00,0
4004,22,2,2028-04-01 00:00:00,0
4005,22,2,2029-04-01 00:00:00,0
4006,22,2,2030-04-01 00:00:00,0
4007,22,2,2031-04-01 00:00:00,0
4008,22,2,2032-04-01 00:00:00,0
4009,22,2,2033-04-01 00:00:00,0
4010,22,2,2034-04-01 00:00:00,0
4011,22,2,2035-04-01 00:00:00,0
4012,22,2,2036-04-01 00:00:00,0
4013,22,2,2037-04-01 00:00:00,0
4014,22,2,2038-04-01 00:00:00,0
4015,22,2,2039-04-01 00:00:00,0
4016,22,2,2040-04-01 00:00:00,0
4017,22,2,2041-04-01 00:00:00,0
4018,22,2,2042-04-01 00:00:00,0
4019,22,2,2043-04-01 00:00:00,0
4020,22,2,2044-04-01 00:00:00,0
4021,22,2,2045-04-01 00:00:00,0
4022,22,2,2046-04-01 00:00:00,0
4023,22,2,2047-04-01 00:00:00,0
4024,22,2,2048-04-01 00:00:00,0
4025,22,2,2049-04-01 00:00:00,0
4026,22,2,2050-04-01 00:00:00,0
4027,22,2,2051-04-01 00:00:00,0
4028,22,2,2052-04-01 00:00:00,0
4029,22,2,2053-04-01 00:00:00,0
4030,22,2,2054-04-01 00:00:00,0
4031,22,3,2023-11-01 00:00:00,0
4032,22,3,2024-11-01 00:00:00,0
4033,22,3,2025-11-01 00:00:00,0
4034,22,3,2026-11-01 00:00:00,0
4035,22,3,2027-11-01 00:00:00,0
4036,22,3,2028-11-01 00:00:00,0
4037,22,3,2029-11-01 00:00:00,0
4038,22,3,2030-11-01 00:00:00,0
4039,22,3,2031-11-01 00:00:00,0
4040,22,3,2032-11-01 00:00:00,0
4041,22,3,2033-11-01 00:00:00,0
4042,22,3,2034-11-01 00:00:00,0
4043,22,3,2035-11-01 00:00:00,0
4044,22,3,2036-11-01 00:00:00,0
4045,22,3,2037-11-01 00:00:00,0
4046,22,3,2038-11-01 00:00:00,0
4047,22,3,2039-11-01 00:00:00,0
4048,22,3,2040-11-01 00:00:00,0
4049,22,3,2041-11-01 00:00:00,0
4050,22,3,2042-11-01 00:00:00,0
4051,22,3,2043-11-01 00:00:00,0
4052,22,3,2044-11-01 00:00:00,0
4053,22,3,2045-11-01 00:00:00,0
4054,22,3,2046-11-01 00:00:00,0
4055,22,3,2047-11-01 00:00:00,0
4056,22,3,2048-11-01 00:00:00,0
4057,22,3,2049-11-01 00:00:00,0
4058,22,3,2050-11-01 00:00:00,0
4059,22,3,2051-11-01 00:00:00,0
4060,22,3,2052-11-01 00:00:00,0
4061,22,3,2053-11-01 00:00:00,0
4062,22,3,2024-04-01 00:00:00,0
4063,22,3,2025-04-01 00:00:00,0
4064,22,3,2026-04-01 00:00:00,0
4065,22,3,2027-04-01 00:00:00,0
4066,22,3,2028-04-01 00:00:00,0
4067,22,3,2029-04-01 00:00:00,0
4068,22,3,2030-04-01 00:00:00,0
4069,22,3,2031-04-01 00:00:00,0
4070,22,3,2032-04-01 00:00:00,0
4071,22,3,2033-04-01 00:00:00,0
4072,22,3,2034-04-01 00:00:00,0
4073,22,3,2035-04-01 00:00:00,0
4074,22,3,2036-04-01 00:00:00,0
4075,22,3,2037-04-01 00:00:00,0
4076,22,3,2038-04-01 00:00:00,0
4077,22,3,2039-04-01 00:00:00,0
4078,22,3,2040-04-01 00:00:00,0
4079,22,3,2041-04-01 00:00:00,0
4080,22,3,2042-04-01 00:00:00,0
4081,22,3,2043-04-01 00:00:00,0
4082,22,3,2044-04-01 00:00:00,0
4083,22,3,2045-04-01 00:00:00,0
4084,22,3,2046-04-01 00:00:00,0
4085,22,3,2047-04-01 00:00:00,0
4086,22,3,2048-04-01 00:00:00,0
4087,22,3,2049-04-01 00:00:00,0
4088,22,3,2050-04-01 00:00:00,0
4089,22,3,2051-04-01 00:00:00,0
4090,22,3,2052-04-01 00:00:00,0
4091,22,3,2053-04-01 00:00:00,0
4092,22,3,2054-04-01 00:00:00,0
4093,23,1,2023-11-01 00:00:00,0.441806162479413
4094,23,1,2024-11-01 00:00:00,0.44995982858875144
4095,23,1,2025-11-01 00:00:00,0.45839628080592826
4096,23,1,2026-11-01 00:00:00,0.4697548561374344
4097,23,1,2027-11-01 00:00:00,0.6547912326996465
4098,23,1,2028-11-01 00:00:00,0.899118429871961
4099,23,1,2029-11-01 00:00:00,1.1156854574581465
4100,23,1,2030-11-01 00:00:00,1.2080151216673602
4101,23,1,2031-11-01 00:00:00,1.300250523840628
4102,23,1,2032-11-01 00:00:00,1.3924387949959227
4103,23,1,2033-11-01 00:00:00,1.403891632363375
4104,23,1,2034-11-01 00:00:00,1.4163813521262343
4105,23,1,2035-11-01 00:00:00,1.4264202589544948
4106,23,1,2036-11-01 00:00:00,1.4391927648251928
4107,23,1,2037-11-01 00:00:00,1.4503628160848068
4108,23,1,2038-11-01 00:00:00,1.4645963835126692
4109,23,1,2039-11-01 00:00:00,1.475813565790256
4110,23,1,2040-11-01 00:00:00,1.4908483605236604
4111,23,1,2041-11-01 00:00:00,1.4933463044762325
4112,23,1,2042-11-01 00:00:00,1.4982007993274569
4113,23,1,2043-11-01 00:00:00,1.5066372515446338
4114,23,1,2044-11-01 00:00:00,1.5039036525021965
4115,23,1,2045-11-01 00:00:00,1.5076270029220677
4116,23,1,2046-11-01 00:00:00,1.5105491260363972
4117,23,1,2047-11-01 00:00:00,1.5084753612455828
4118,23,1,2048-11-01 00:00:00,1.5135655111866726
4119,23,1,2049-11-01 00:00:00,1.5192212333434392
4120,23,1,2050-11-01 00:00:00,1.5300613674772416
4121,23,1,2051-11-01 00:00:00,1.5550879380209337
4122,23,1,2052-11-01 00:00:00,1.5721022355092065
4123,23,1,2053-11-01 00:00:00,1.592557097309512
4124,23,1,2024-04-01 00:00:00,0.441806162479413
4125,23,1,2025-04-01 00:00:00,0.44901720822929037
4126,23,1,2026-04-01 00:00:00,0.46004586643498513
4127,23,1,2027-04-01 00:00:00,0.4696134630835152
4128,23,1,2028-04-01 00:00:00,0.47734295003109617
4129,23,1,2029-04-01 00:00:00,0.46065856966863483
4130,23,1,2030-04-01 00:00:00,0.4550971095478144
4131,23,1,2031-04-01 00:00:00,0.4591975081114702
4132,23,1,2032-04-01 00:00:00,0.4625909414055301
4133,23,1,2033-04-01 00:00:00,0.465088885358102
4134,23,1,2034-04-01 00:00:00,0.46871797374202717
4135,23,1,2035-04-01 00:00:00,0.4725355861978446
4136,23,1,2036-04-01 00:00:00,0.47630606763568895
4137,23,1,2037-04-01 00:00:00,0.4794638458398836
4138,23,1,2038-04-01 00:00:00,0.4837527684754316
4139,23,1,2039-04-01 00:00:00,0.48695767769759923
4140,23,1,2040-04-01 00:00:00,0.49115233829720106
4141,23,1,2041-04-01 00:00:00,0.4936974132677461
4142,23,1,2042-04-01 00:00:00,0.49610109518437184
4143,23,1,2043-04-01 00:00:00,0.4976092877595096
4144,23,1,2044-04-01 00:00:00,0.4961482262023449
4145,23,1,2045-04-01 00:00:00,0.4944515095553149
4146,23,1,2046-04-01 00:00:00,0.49482855769909934
4147,23,1,2047-04-01 00:00:00,0.49657240536410235
4148,23,1,2048-04-01 00:00:00,0.49770354979545567
4149,23,1,2049-04-01 00:00:00,0.497939204885321
4150,23,1,2050-04-01 00:00:00,0.4995887905143779
4151,23,1,2051-04-01 00:00:00,0.5024166515927612
4152,23,1,2052-04-01 00:00:00,0.5099576144684499
4153,23,1,2053-04-01 00:00:00,0.5162260398588662
4154,23,1,2054-04-01 00:00:00,0.5219760240515787
4155,23,2,2023-11-01 00:00:00,0.441806162479413
4156,23,2,2024-11-01 00:00:00,0.4613655349382307
4157,23,2,2025-11-01 00:00:00,0.48266875506205126
4158,23,2,2026-11-01 00:00:00,0.5081195047675008
4159,23,2,2027-11-01 00:00:00,0.6574305697061374
4160,23,2,2028-11-01 00:00:00,0.9027475182558862
4161,23,2,2029-11-01 00:00:00,1.1218124897946435
4162,23,2,2030-11-01 00:00:00,1.2720661750927413
4163,23,2,2031-11-01 00:00:00,1.422272729372866
4164,23,2,2032-11-01 00:00:00,1.5724321526350178
4165,23,2,2033-11-01 00:00:00,1.589917760303021
4166,23,2,2034-11-01 00:00:00,1.6081103332406201
4167,23,2,2035-11-01 00:00:00,1.6250774997109199
4168,23,2,2036-11-01 00:00:00,1.6481245674997433
4169,23,2,2037-11-01 00:00:00,1.6693806566055909
4170,23,2,2038-11-01 00:00:00,1.683048651817777
4171,23,2,2039-11-01 00:00:00,1.6928519035561722
4172,23,2,2040-11-01 00:00:00,1.7096776769725526
4173,23,2,2041-11-01 00:00:00,1.7188682254772982
4174,23,2,2042-11-01 00:00:00,1.7335259720669183
4175,23,2,2043-11-01 00:00:00,1.745497250632074
4176,23,2,2044-11-01 00:00:00,1.7419152932661217
4177,23,2,2045-11-01 00:00:00,1.7447902853624782
4178,23,2,2046-11-01 00:00:00,1.7424808654817985
4179,23,2,2047-11-01 00:00:00,1.7426693895536907
4180,23,2,2048-11-01 00:00:00,1.752331248238167
4181,23,2,2049-11-01 00:00:00,1.7561488606939843
4182,23,2,2050-11-01 00:00:00,1.770665214229685
4183,23,2,2051-11-01 00:00:00,1.8020544721997396
4184,23,2,2052-11-01 00:00:00,1.8281179251388386
4185,23,2,2053-11-01 00:00:00,1.856867846102402
4186,23,2,2024-04-01 00:00:00,0.441806162479413
4187,23,2,2025-04-01 00:00:00,0.4592446391294432
4188,23,2,2026-04-01 00:00:00,0.4813962175767788
4189,23,2,2027-04-01 00:00:00,0.5060457399766863
4190,23,2,2028-04-01 00:00:00,0.5311665725563244
4191,23,2,2029-04-01 00:00:00,0.5565701912438008
4192,23,2,2030-04-01 00:00:00,0.5807955344819509
4193,23,2,2031-04-01 00:00:00,0.6039368643067206
4194,23,2,2032-04-01 00:00:00,0.625145822394595
4195,23,2,2033-04-01 00:00:00,0.6444224087455743
4196,23,2,2034-04-01 00:00:00,0.6635576020426345
4197,23,2,2035-04-01 00:00:00,0.6837296777351018
4198,23,2,2036-04-01 00:00:00,0.7070124006137908
4199,23,2,2037-04-01 00:00:00,0.7287869309173419
4200,23,2,2038-04-01 00:00:00,0.7493360547535938
4201,23,2,2039-04-01 00:00:00,0.7662560902059203
4202,23,2,2040-04-01 00:00:00,0.7845900561974385
4203,23,2,2041-04-01 00:00:00,0.8061289314111244
4204,23,2,2042-04-01 00:00:00,0.829128868181975
4205,23,2,2043-04-01 00:00:00,0.8488767647126849
4206,23,2,2044-04-01 00:00:00,0.8631103321405473
4207,23,2,2045-04-01 00:00:00,0.8752701347775954
4208,23,2,2046-04-01 00:00:00,0.8900221434031615
4209,23,2,2047-04-01 00:00:00,0.9071307029273803
4210,23,2,2048-04-01 00:00:00,0.9243335244875452
4211,23,2,2049-04-01 00:00:00,0.9388027470052729
4212,23,2,2050-04-01 00:00:00,0.9555342583857073
4213,23,2,2051-04-01 00:00:00,0.9628866971895038
4214,23,2,2052-04-01 00:00:00,0.9770731335993932
4215,23,2,2053-04-01 00:00:00,0.9894214603083334
4216,23,2,2054-04-01 00:00:00,1.0017697870172737
4217,23,3,2023-11-01 00:00:00,0.441806162479413
4218,23,3,2024-11-01 00:00:00,0.4964310123101832
4219,23,3,2025-11-01 00:00:00,0.5540251162732558
4220,23,3,2026-11-01 00:00:00,0.6144470813147117
4221,23,3,2027-11-01 00:00:00,0.6739264259967066
4222,23,3,2028-11-01 00:00:00,0.9111368394550898
4223,23,3,2029-11-01 00:00:00,1.1321813137487156
4224,23,3,2030-11-01 00:00:00,1.3144840912684903
4225,23,3,2031-11-01 00:00:00,1.4968811308242116
4226,23,3,2032-11-01 00:00:00,1.6792781703799324
4227,23,3,2033-11-01 00:00:00,1.711845703799313
4228,23,3,2034-11-01 00:00:00,1.7416796381762567
4229,23,3,2035-11-01 00:00:00,1.7641140027314306
4230,23,3,2036-11-01 00:00:00,1.7919684343535056
4231,23,3,2037-11-01 00:00:00,1.819728603939635
4232,23,3,2038-11-01 00:00:00,1.8374027356795304
4233,23,3,2039-11-01 00:00:00,1.8530973646645574
4234,23,3,2040-11-01 00:00:00,1.8739292746086478
4235,23,3,2041-11-01 00:00:00,1.88368539532907
4236,23,3,2042-11-01 00:00:00,1.895798066948145
4237,23,3,2043-11-01 00:00:00,1.910455813537765
4238,23,3,2044-11-01 00:00:00,1.9072037732976241
4239,23,3,2045-11-01 00:00:00,1.959801989355553
4240,23,3,2046-11-01 00:00:00,2.0123059433775357
4241,23,3,2047-11-01 00:00:00,2.0556193488947727
4242,23,3,2048-11-01 00:00:00,2.1061438001618873
4243,23,3,2049-11-01 00:00:00,2.1547358796921063
4244,23,3,2050-11-01 00:00:00,2.165670275861855
4245,23,3,2051-11-01 00:00:00,2.201018539341646
4246,23,3,2052-11-01 00:00:00,2.241739738870365
4247,23,3,2053-11-01 00:00:00,2.2877867434300394
4248,23,3,2024-04-01 00:00:00,0.441806162479413
4249,23,3,2025-04-01 00:00:00,0.4934617581778808
4250,23,3,2026-04-01 00:00:00,0.5491234904040582
4251,23,3,2027-04-01 00:00:00,0.6035598161629362
4252,23,3,2028-04-01 00:00:00,0.6607768719822242
4253,23,3,2029-04-01 00:00:00,0.7223771124730066
4254,23,3,2030-04-01 00:00:00,0.7889261098509595
4255,23,3,2031-04-01 00:00:00,0.8586328854331072
4256,23,3,2032-04-01 00:00:00,0.9256531929907907
4257,23,3,2033-04-01 00:00:00,0.9934747278540161
4258,23,3,2034-04-01 00:00:00,1.0579499604411546
4259,23,3,2035-04-01 00:00:00,1.1256301022504611
4260,23,3,2036-04-01 00:00:00,1.1963737602280158
4261,23,3,2037-04-01 00:00:00,1.2649965223967832
4262,23,3,2038-04-01 00:00:00,1.333336498457712
4263,23,3,2039-04-01 00:00:00,1.3951252630203868
4264,23,3,2040-04-01 00:00:00,1.4613914742905014
4265,23,3,2041-04-01 00:00:00,1.5314281669984604
4266,23,3,2042-04-01 00:00:00,1.6015591217423655
4267,23,3,2043-04-01 00:00:00,1.6657515682216657
4268,23,3,2044-04-01 00:00:00,1.7216960865556816
4269,23,3,2045-04-01 00:00:00,1.7730217651283378
4270,23,3,2046-04-01 00:00:00,1.821566713640584
4271,23,3,2047-04-01 00:00:00,1.8689805177214769
4272,23,3,2048-04-01 00:00:00,1.913095150544256
4273,23,3,2049-04-01 00:00:00,1.9480192348622893
4274,23,3,2050-04-01 00:00:00,1.9901543649302
4275,23,3,2051-04-01 00:00:00,2.0000518787045416
4276,23,3,2052-04-01 00:00:00,2.0252198423021524
4277,23,3,2053-04-01 00:00:00,2.0616992502132967
4278,23,3,2054-04-01 00:00:00,2.0986028372861982
4279,24,1,2023-11-01 00:00:00,0.004713101797305452
4280,24,1,2024-11-01 00:00:00,0.004807363833251542
4281,24,1,2025-11-01 00:00:00,0.004901625869197632
4282,24,1,2026-11-01 00:00:00,0.005043018923116801
4283,24,1,2027-11-01 00:00:00,0.007022521677985032
4284,24,1,2028-11-01 00:00:00,0.009614727666503084
4285,24,1,2029-11-01 00:00:00,0.011924147547182799
4286,24,1,2030-11-01 00:00:00,0.01286676790664397
4287,24,1,2031-11-01 00:00:00,0.013856519284078017
4288,24,1,2032-11-01 00:00:00,0.014846270661512066
4289,24,1,2033-11-01 00:00:00,0.014987663715431369
4290,24,1,2034-11-01 00:00:00,0.015129056769350672
4291,24,1,2035-11-01 00:00:00,0.015223318805296695
4292,24,1,2036-11-01 00:00:00,0.01536471185921573
4293,24,1,2037-11-01 00:00:00,0.015458973895161753
4294,24,1,2038-11-01 00:00:00,0.015600366949081056
4295,24,1,2039-11-01 00:00:00,0.015741760003000357
4296,24,1,2040-11-01 00:00:00,0.015930284074892404
4297,24,1,2041-11-01 00:00:00,0.015930284074892404
4298,24,1,2042-11-01 00:00:00,0.015977415092865415
4299,24,1,2043-11-01 00:00:00,0.01607167712881144
4300,24,1,2044-11-01 00:00:00,0.016071677128811707
4301,24,1,2045-11-01 00:00:00,0.016071677128811707
4302,24,1,2046-11-01 00:00:00,0.016071677128811707
4303,24,1,2047-11-01 00:00:00,0.016071677128811707
4304,24,1,2048-11-01 00:00:00,0.016118808146784718
4305,24,1,2049-11-01 00:00:00,0.016213070182730743
4306,24,1,2050-11-01 00:00:00,0.016307332218677036
4307,24,1,2051-11-01 00:00:00,0.01659011832651537
4308,24,1,2052-11-01 00:00:00,0.016778642398407418
4309,24,1,2053-11-01 00:00:00,0.016967166470299732
4310,24,1,2024-04-01 00:00:00,0.004713101797305452
4311,24,1,2025-04-01 00:00:00,0.00476023281527853
4312,24,1,2026-04-01 00:00:00,0.004901625869197699
4313,24,1,2027-04-01 00:00:00,0.005043018923116801
4314,24,1,2028-04-01 00:00:00,0.00509014994108988
4315,24,1,2029-04-01 00:00:00,0.004901625869197699
4316,24,1,2030-04-01 00:00:00,0.00485449485122462
4317,24,1,2031-04-01 00:00:00,0.004901625869197632
4318,24,1,2032-04-01 00:00:00,0.004901625869197632
4319,24,1,2033-04-01 00:00:00,0.0049487568871707105
4320,24,1,2034-04-01 00:00:00,0.00499588790514379
4321,24,1,2035-04-01 00:00:00,0.005043018923116801
4322,24,1,2036-04-01 00:00:00,0.00509014994108988
4323,24,1,2037-04-01 00:00:00,0.00509014994108988
4324,24,1,2038-04-01 00:00:00,0.0051372809590629585
4325,24,1,2039-04-01 00:00:00,0.005184411977036037
4326,24,1,2040-04-01 00:00:00,0.005231542995009049
4327,24,1,2041-04-01 00:00:00,0.005231542995009049
4328,24,1,2042-04-01 00:00:00,0.005325805030955139
4329,24,1,2043-04-01 00:00:00,0.005325805030955139
4330,24,1,2044-04-01 00:00:00,0.005278674012982127
4331,24,1,2045-04-01 00:00:00,0.005278674012982127
4332,24,1,2046-04-01 00:00:00,0.005278674012982127
4333,24,1,2047-04-01 00:00:00,0.005278674012982127
4334,24,1,2048-04-01 00:00:00,0.005325805030955206
4335,24,1,2049-04-01 00:00:00,0.005325805030955139
4336,24,1,2050-04-01 00:00:00,0.005372936048928217
4337,24,1,2051-04-01 00:00:00,0.005325805030955206
4338,24,1,2052-04-01 00:00:00,0.005467198084874308
4339,24,1,2053-04-01 00:00:00,0.005514329102847386
4340,24,1,2054-04-01 00:00:00,0.0055614601208204655
4341,24,2,2023-11-01 00:00:00,0.004713101797305452
4342,24,2,2024-11-01 00:00:00,0.004901625869197699
4343,24,2,2025-11-01 00:00:00,0.0051372809590629585
4344,24,2,2026-11-01 00:00:00,0.005420067066901229
4345,24,2,2027-11-01 00:00:00,0.007022521677985032
4346,24,2,2028-11-01 00:00:00,0.009614727666503217
4347,24,2,2029-11-01 00:00:00,0.01197127856515581
4348,24,2,2030-11-01 00:00:00,0.013573733176239678
4349,24,2,2031-11-01 00:00:00,0.015176187787323683
4350,24,2,2032-11-01 00:00:00,0.016778642398407418
4351,24,2,2033-11-01 00:00:00,0.016967166470299732
4352,24,2,2034-11-01 00:00:00,0.01715569054219178
4353,24,2,2035-11-01 00:00:00,0.017344214614084093
4354,24,2,2036-11-01 00:00:00,0.01757986970394942
4355,24,2,2037-11-01 00:00:00,0.017815524793814746
4356,24,2,2038-11-01 00:00:00,0.0179097868297605
4357,24,2,2039-11-01 00:00:00,0.018098310901652818
4358,24,2,2040-11-01 00:00:00,0.01823970395557212
4359,24,2,2041-11-01 00:00:00,0.018333965991518143
4360,24,2,2042-11-01 00:00:00,0.018475359045437446
4361,24,2,2043-11-01 00:00:00,0.01861675209935648
4362,24,2,2044-11-01 00:00:00,0.018569621081383467
4363,24,2,2045-11-01 00:00:00,0.01861675209935648
4364,24,2,2046-11-01 00:00:00,0.018569621081383467
4365,24,2,2047-11-01 00:00:00,0.01861675209935648
4366,24,2,2048-11-01 00:00:00,0.018711014135302503
4367,24,2,2049-11-01 00:00:00,0.018711014135302503
4368,24,2,2050-11-01 00:00:00,0.018899538207194817
4369,24,2,2051-11-01 00:00:00,0.019229455333006167
4370,24,2,2052-11-01 00:00:00,0.019512241440844506
4371,24,2,2053-11-01 00:00:00,0.019795027548682842
4372,24,2,2024-04-01 00:00:00,0.004713101797305452
4373,24,2,2025-04-01 00:00:00,0.004901625869197699
4374,24,2,2026-04-01 00:00:00,0.0051372809590629585
4375,24,2,2027-04-01 00:00:00,0.005372936048928217
4376,24,2,2028-04-01 00:00:00,0.005655722156766556
4377,24,2,2029-04-01 00:00:00,0.005938508264604826
4378,24,2,2030-04-01 00:00:00,0.006174163354470153
4379,24,2,2031-04-01 00:00:00,0.00645694946230849
4380,24,2,2032-04-01 00:00:00,0.006645473534200805
4381,24,2,2033-04-01 00:00:00,0.006833997606092985
4382,24,2,2034-04-01 00:00:00,0.007116783713931323
4383,24,2,2035-04-01 00:00:00,0.007258176767850492
4384,24,2,2036-04-01 00:00:00,0.00754096287568883
4385,24,2,2037-04-01 00:00:00,0.007776617965554022
4386,24,2,2038-04-01 00:00:00,0.008012273055419215
4387,24,2,2039-04-01 00:00:00,0.008153666109338382
4388,24,2,2040-04-01 00:00:00,0.008342190181230698
4389,24,2,2041-04-01 00:00:00,0.008624976289069036
4390,24,2,2042-04-01 00:00:00,0.008860631378934362
4391,24,2,2043-04-01 00:00:00,0.009049155450826409
4392,24,2,2044-04-01 00:00:00,0.00919054850474571
4393,24,2,2045-04-01 00:00:00,0.009331941558664746
4394,24,2,2046-04-01 00:00:00,0.00952046563055706
4395,24,2,2047-04-01 00:00:00,0.00970898970244924
4396,24,2,2048-04-01 00:00:00,0.00985038275636841
4397,24,2,2049-04-01 00:00:00,0.01003890682826059
4398,24,2,2050-04-01 00:00:00,0.01018029988217976
4399,24,2,2051-04-01 00:00:00,0.010274561918125783
4400,24,2,2052-04-01 00:00:00,0.010415954972045085
4401,24,2,2053-04-01 00:00:00,0.01055734802596412
4402,24,2,2054-04-01 00:00:00,0.010651610061910278
4403,24,3,2023-11-01 00:00:00,0.004713101797305452
4404,24,3,2024-11-01 00:00:00,0.005325805030955139
4405,24,3,2025-11-01 00:00:00,0.0058913772466318145
4406,24,3,2026-11-01 00:00:00,0.0065512114982545135
4407,24,3,2027-11-01 00:00:00,0.007163914731904201
4408,24,3,2028-11-01 00:00:00,0.00970898970244924
4409,24,3,2029-11-01 00:00:00,0.012065540601101966
4410,24,3,2030-11-01 00:00:00,0.014045043355970331
4411,24,3,2031-11-01 00:00:00,0.015977415092865415
4412,24,3,2032-11-01 00:00:00,0.01790978682976077
4413,24,3,2033-11-01 00:00:00,0.01823970395557212
4414,24,3,2034-11-01 00:00:00,0.018569621081383467
4415,24,3,2035-11-01 00:00:00,0.018852407189221806
4416,24,3,2036-11-01 00:00:00,0.019135193297060146
4417,24,3,2037-11-01 00:00:00,0.01941797940489848
4418,24,3,2038-11-01 00:00:00,0.019606503476790528
4419,24,3,2039-11-01 00:00:00,0.01974789653070983
4420,24,3,2040-11-01 00:00:00,0.01998355162057489
4421,24,3,2041-11-01 00:00:00,0.020124944674494192
4422,24,3,2042-11-01 00:00:00,0.020219206710440217
4423,24,3,2043-11-01 00:00:00,0.02036059976435952
4424,24,3,2044-11-01 00:00:00,0.020313468746386506
4425,24,3,2045-11-01 00:00:00,0.020879040962063184
4426,24,3,2046-11-01 00:00:00,0.02144461317773986
4427,24,3,2047-11-01 00:00:00,0.021963054375443523
4428,24,3,2048-11-01 00:00:00,0.022434364555173905
4429,24,3,2049-11-01 00:00:00,0.022999936770850583
4430,24,3,2050-11-01 00:00:00,0.023094198806796605
4431,24,3,2051-11-01 00:00:00,0.023518377968554247
4432,24,3,2052-11-01 00:00:00,0.023942557130311886
4433,24,3,2053-11-01 00:00:00,0.024413867310042005
4434,24,3,2024-04-01 00:00:00,0.004713101797305452
4435,24,3,2025-04-01 00:00:00,0.00527867401298206
4436,24,3,2026-04-01 00:00:00,0.005844246228658736
4437,24,3,2027-04-01 00:00:00,0.00645694946230849
4438,24,3,2028-04-01 00:00:00,0.007022521677985166
4439,24,3,2029-04-01 00:00:00,0.007682355929607865
4440,24,3,2030-04-01 00:00:00,0.008436452217176855
4441,24,3,2031-04-01 00:00:00,0.009143417486772566
4442,24,3,2032-04-01 00:00:00,0.00985038275636841
4443,24,3,2033-04-01 00:00:00,0.010604479043937267
4444,24,3,2034-04-01 00:00:00,0.011264313295560099
4445,24,3,2035-04-01 00:00:00,0.012018409583128822
4446,24,3,2036-04-01 00:00:00,0.01277250587069781
4447,24,3,2037-04-01 00:00:00,0.013479471140293657
4448,24,3,2038-04-01 00:00:00,0.014233567427862645
4449,24,3,2039-04-01 00:00:00,0.014893401679485345
4450,24,3,2040-04-01 00:00:00,0.015600366949081056
4451,24,3,2041-04-01 00:00:00,0.016307332218676765
4452,24,3,2042-04-01 00:00:00,0.017061428506245757
4453,24,3,2043-04-01 00:00:00,0.017768393775841468
4454,24,3,2044-04-01 00:00:00,0.018381097009491153
4455,24,3,2045-04-01 00:00:00,0.018899538207194817
4456,24,3,2046-04-01 00:00:00,0.01941797940489848
4457,24,3,2047-04-01 00:00:00,0.019936420602601878
4458,24,3,2048-04-01 00:00:00,0.02040773078233253
4459,24,3,2049-04-01 00:00:00,0.02078477892611716
4460,24,3,2050-04-01 00:00:00,0.021256089105847545
4461,24,3,2051-04-01 00:00:00,0.021350351141793567
4462,24,3,2052-04-01 00:00:00,0.021586006231658895
4463,24,3,2053-04-01 00:00:00,0.022010185393416534
4464,24,3,2054-04-01 00:00:00,0.022387233537200894
4465,25,1,2023-11-01 00:00:00,0
4466,25,1,2024-11-01 00:00:00,0
4467,25,1,2025-11-01 00:00:00,0
4468,25,1,2026-11-01 00:00:00,0
4469,25,1,2027-11-01 00:00:00,0
4470,25,1,2028-11-01 00:00:00,0
4471,25,1,2029-11-01 00:00:00,0
4472,25,1,2030-11-01 00:00:00,0
4473,25,1,2031-11-01 00:00:00,0
4474,25,1,2032-11-01 00:00:00,0
4475,25,1,2033-11-01 00:00:00,0
4476,25,1,2034-11-01 00:00:00,0
4477,25,1,2035-11-01 00:00:00,0
4478,25,1,2036-11-01 00:00:00,0
4479,25,1,2037-11-01 00:00:00,0
4480,25,1,2038-11-01 00:00:00,0
4481,25,1,2039-11-01 00:00:00,0
4482,25,1,2040-11-01 00:00:00,0
4483,25,1,2041-11-01 00:00:00,0
4484,25,1,2042-11-01 00:00:00,0
4485,25,1,2043-11-01 00:00:00,0
4486,25,1,2044-11-01 00:00:00,0
4487,25,1,2045-11-01 00:00:00,0
4488,25,1,2046-11-01 00:00:00,0
4489,25,1,2047-11-01 00:00:00,0
4490,25,1,2048-11-01 00:00:00,0
4491,25,1,2049-11-01 00:00:00,0
4492,25,1,2050-11-01 00:00:00,0
4493,25,1,2051-11-01 00:00:00,0
4494,25,1,2052-11-01 00:00:00,0
4495,25,1,2053-11-01 00:00:00,0
4496,25,1,2024-04-01 00:00:00,0
4497,25,1,2025-04-01 00:00:00,0
4498,25,1,2026-04-01 00:00:00,0
4499,25,1,2027-04-01 00:00:00,0
4500,25,1,2028-04-01 00:00:00,0
4501,25,1,2029-04-01 00:00:00,0
4502,25,1,2030-04-01 00:00:00,0
4503,25,1,2031-04-01 00:00:00,0
4504,25,1,2032-04-01 00:00:00,0
4505,25,1,2033-04-01 00:00:00,0
4506,25,1,2034-04-01 00:00:00,0
4507,25,1,2035-04-01 00:00:00,0
4508,25,1,2036-04-01 00:00:00,0
4509,25,1,2037-04-01 00:00:00,0
4510,25,1,2038-04-01 00:00:00,0
4511,25,1,2039-04-01 00:00:00,0
4512,25,1,2040-04-01 00:00:00,0
4513,25,1,2041-04-01 00:00:00,0
4514,25,1,2042-04-01 00:00:00,0
4515,25,1,2043-04-01 00:00:00,0
4516,25,1,2044-04-01 00:00:00,0
4517,25,1,2045-04-01 00:00:00,0
4518,25,1,2046-04-01 00:00:00,0
4519,25,1,2047-04-01 00:00:00,0
4520,25,1,2048-04-01 00:00:00,0
4521,25,1,2049-04-01 00:00:00,0
4522,25,1,2050-04-01 00:00:00,0
4523,25,1,2051-04-01 00:00:00,0
4524,25,1,2052-04-01 00:00:00,0
4525,25,1,2053-04-01 00:00:00,0
4526,25,1,2054-04-01 00:00:00,0
4527,25,2,2023-11-01 00:00:00,0
4528,25,2,2024-11-01 00:00:00,0
4529,25,2,2025-11-01 00:00:00,0
4530,25,2,2026-11-01 00:00:00,0
4531,25,2,2027-11-01 00:00:00,0
4532,25,2,2028-11-01 00:00:00,0
4533,25,2,2029-11-01 00:00:00,0
4534,25,2,2030-11-01 00:00:00,0
4535,25,2,2031-11-01 00:00:00,0
4536,25,2,2032-11-01 00:00:00,0
4537,25,2,2033-11-01 00:00:00,0
4538,25,2,2034-11-01 00:00:00,0
4539,25,2,2035-11-01 00:00:00,0
4540,25,2,2036-11-01 00:00:00,0
4541,25,2,2037-11-01 00:00:00,0
4542,25,2,2038-11-01 00:00:00,0
4543,25,2,2039-11-01 00:00:00,0
4544,25,2,2040-11-01 00:00:00,0
4545,25,2,2041-11-01 00:00:00,0
4546,25,2,2042-11-01 00:00:00,0
4547,25,2,2043-11-01 00:00:00,0
4548,25,2,2044-11-01 00:00:00,0
4549,25,2,2045-11-01 00:00:00,0
4550,25,2,2046-11-01 00:00:00,0
4551,25,2,2047-11-01 00:00:00,0
4552,25,2,2048-11-01 00:00:00,0
4553,25,2,2049-11-01 00:00:00,0
4554,25,2,2050-11-01 00:00:00,0
4555,25,2,2051-11-01 00:00:00,0
4556,25,2,2052-11-01 00:00:00,0
4557,25,2,2053-11-01 00:00:00,0
4558,25,2,2024-04-01 00:00:00,0
4559,25,2,2025-04-01 00:00:00,0
4560,25,2,2026-04-01 00:00:00,0
4561,25,2,2027-04-01 00:00:00,0
4562,25,2,2028-04-01 00:00:00,0
4563,25,2,2029-04-01 00:00:00,0
4564,25,2,2030-04-01 00:00:00,0
4565,25,2,2031-04-01 00:00:00,0
4566,25,2,2032-04-01 00:00:00,0
4567,25,2,2033-04-01 00:00:00,0
4568,25,2,2034-04-01 00:00:00,0
4569,25,2,2035-04-01 00:00:00,0
4570,25,2,2036-04-01 00:00:00,0
4571,25,2,2037-04-01 00:00:00,0
4572,25,2,2038-04-01 00:00:00,0
4573,25,2,2039-04-01 00:00:00,0
4574,25,2,2040-04-01 00:00:00,0
4575,25,2,2041-04-01 00:00:00,0
4576,25,2,2042-04-01 00:00:00,0
4577,25,2,2043-04-01 00:00:00,0
4578,25,2,2044-04-01 00:00:00,0
4579,25,2,2045-04-01 00:00:00,0
4580,25,2,2046-04-01 00:00:00,0
4581,25,2,2047-04-01 00:00:00,0
4582,25,2,2048-04-01 00:00:00,0
4583,25,2,2049-04-01 00:00:00,0
4584,25,2,2050-04-01 00:00:00,0
4585,25,2,2051-04-01 00:00:00,0
4586,25,2,2052-04-01 00:00:00,0
4587,25,2,2053-04-01 00:00:00,0
4588,25,2,2054-04-01 00:00:00,0
4589,25,3,2023-11-01 00:00:00,0
4590,25,3,2024-11-01 00:00:00,0
4591,25,3,2025-11-01 00:00:00,0
4592,25,3,2026-11-01 00:00:00,0
4593,25,3,2027-11-01 00:00:00,0
4594,25,3,2028-11-01 00:00:00,0
4595,25,3,2029-11-01 00:00:00,0
4596,25,3,2030-11-01 00:00:00,0
4597,25,3,2031-11-01 00:00:00,0
4598,25,3,2032-11-01 00:00:00,0
4599,25,3,2033-11-01 00:00:00,0
4600,25,3,2034-11-01 00:00:00,0
4601,25,3,2035-11-01 00:00:00,0
4602,25,3,2036-11-01 00:00:00,0
4603,25,3,2037-11-01 00:00:00,0
4604,25,3,2038-11-01 00:00:00,0
4605,25,3,2039-11-01 00:00:00,0
4606,25,3,2040-11-01 00:00:00,0
4607,25,3,2041-11-01 00:00:00,0
4608,25,3,2042-11-01 00:00:00,0
4609,25,3,2043-11-01 00:00:00,0
4610,25,3,2044-11-01 00:00:00,0
4611,25,3,2045-11-01 00:00:00,0
4612,25,3,2046-11-01 00:00:00,0
4613,25,3,2047-11-01 00:00:00,0
4614,25,3,2048-11-01 00:00:00,0
4615,25,3,2049-11-01 00:00:00,0
4616,25,3,2050-11-01 00:00:00,0
4617,25,3,2051-11-01 00:00:00,0
4618,25,3,2052-11-01 00:00:00,0
4619,25,3,2053-11-01 00:00:00,0
4620,25,3,2024-04-01 00:00:00,0
4621,25,3,2025-04-01 00:00:00,0
4622,25,3,2026-04-01 00:00:00,0
4623,25,3,2027-04-01 00:00:00,0
4624,25,3,2028-04-01 00:00:00,0
4625,25,3,2029-04-01 00:00:00,0
4626,25,3,2030-04-01 00:00:00,0
4627,25,3,2031-04-01 00:00:00,0
4628,25,3,2032-04-01 00:00:00,0
4629,25,3,2033-04-01 00:00:00,0
4630,25,3,2034-04-01 00:00:00,0
4631,25,3,2035-04-01 00:00:00,0
4632,25,3,2036-04-01 00:00:00,0
4633,25,3,2037-04-01 00:00:00,0
4634,25,3,2038-04-01 00:00:00,0
4635,25,3,2039-04-01 00:00:00,0
4636,25,3,2040-04-01 00:00:00,0
4637,25,3,2041-04-01 00:00:00,0
4638,25,3,2042-04-01 00:00:00,0
4639,25,3,2043-04-01 00:00:00,0
4640,25,3,2044-04-01 00:00:00,0
4641,25,3,2045-04-01 00:00:00,0
4642,25,3,2046-04-01 00:00:00,0
4643,25,3,2047-04-01 00:00:00,0
4644,25,3,2048-04-01 00:00:00,0
4645,25,3,2049-04-01 00:00:00,0
4646,25,3,2050-04-01 00:00:00,0
4647,25,3,2051-04-01 00:00:00,0
4648,25,3,2052-04-01 00:00:00,0
4649,25,3,2053-04-01 00:00:00,0
4650,25,3,2054-04-01 00:00:00,0
4651,26,1,2023-11-01 00:00:00,0
4652,26,1,2024-11-01 00:00:00,0
4653,26,1,2025-11-01 00:00:00,0
4654,26,1,2026-11-01 00:00:00,0
4655,26,1,2027-11-01 00:00:00,0
4656,26,1,2028-11-01 00:00:00,0
4657,26,1,2029-11-01 00:00:00,0
4658,26,1,2030-11-01 00:00:00,0
4659,26,1,2031-11-01 00:00:00,0
4660,26,1,2032-11-01 00:00:00,0
4661,26,1,2033-11-01 00:00:00,0
4662,26,1,2034-11-01 00:00:00,0
4663,26,1,2035-11-01 00:00:00,0
4664,26,1,2036-11-01 00:00:00,0
4665,26,1,2037-11-01 00:00:00,0
4666,26,1,2038-11-01 00:00:00,0
4667,26,1,2039-11-01 00:00:00,0
4668,26,1,2040-11-01 00:00:00,0
4669,26,1,2041-11-01 00:00:00,0
4670,26,1,2042-11-01 00:00:00,0
4671,26,1,2043-11-01 00:00:00,0
4672,26,1,2044-11-01 00:00:00,0
4673,26,1,2045-11-01 00:00:00,0
4674,26,1,2046-11-01 00:00:00,0
4675,26,1,2047-11-01 00:00:00,0
4676,26,1,2048-11-01 00:00:00,0
4677,26,1,2049-11-01 00:00:00,0
4678,26,1,2050-11-01 00:00:00,0
4679,26,1,2051-11-01 00:00:00,0
4680,26,1,2052-11-01 00:00:00,0
4681,26,1,2053-11-01 00:00:00,0
4682,26,1,2024-04-01 00:00:00,0
4683,26,1,2025-04-01 00:00:00,0
4684,26,1,2026-04-01 00:00:00,0
4685,26,1,2027-04-01 00:00:00,0
4686,26,1,2028-04-01 00:00:00,0
4687,26,1,2029-04-01 00:00:00,0
4688,26,1,2030-04-01 00:00:00,0
4689,26,1,2031-04-01 00:00:00,0
4690,26,1,2032-04-01 00:00:00,0
4691,26,1,2033-04-01 00:00:00,0
4692,26,1,2034-04-01 00:00:00,0
4693,26,1,2035-04-01 00:00:00,0
4694,26,1,2036-04-01 00:00:00,0
4695,26,1,2037-04-01 00:00:00,0
4696,26,1,2038-04-01 00:00:00,0
4697,26,1,2039-04-01 00:00:00,0
4698,26,1,2040-04-01 00:00:00,0
4699,26,1,2041-04-01 00:00:00,0
4700,26,1,2042-04-01 00:00:00,0
4701,26,1,2043-04-01 00:00:00,0
4702,26,1,2044-04-01 00:00:00,0
4703,26,1,2045-04-01 00:00:00,0
4704,26,1,2046-04-01 00:00:00,0
4705,26,1,2047-04-01 00:00:00,0
4706,26,1,2048-04-01 00:00:00,0
4707,26,1,2049-04-01 00:00:00,0
4708,26,1,2050-04-01 00:00:00,0
4709,26,1,2051-04-01 00:00:00,0
4710,26,1,2052-04-01 00:00:00,0
4711,26,1,2053-04-01 00:00:00,0
4712,26,1,2054-04-01 00:00:00,0
4713,26,2,2023-11-01 00:00:00,0
4714,26,2,2024-11-01 00:00:00,0
4715,26,2,2025-11-01 00:00:00,0
4716,26,2,2026-11-01 00:00:00,0
4717,26,2,2027-11-01 00:00:00,0
4718,26,2,2028-11-01 00:00:00,0
4719,26,2,2029-11-01 00:00:00,0
4720,26,2,2030-11-01 00:00:00,0
4721,26,2,2031-11-01 00:00:00,0
4722,26,2,2032-11-01 00:00:00,0
4723,26,2,2033-11-01 00:00:00,0
4724,26,2,2034-11-01 00:00:00,0
4725,26,2,2035-11-01 00:00:00,0
4726,26,2,2036-11-01 00:00:00,0
4727,26,2,2037-11-01 00:00:00,0
4728,26,2,2038-11-01 00:00:00,0
4729,26,2,2039-11-01 00:00:00,0
4730,26,2,2040-11-01 00:00:00,0
4731,26,2,2041-11-01 00:00:00,0
4732,26,2,2042-11-01 00:00:00,0
4733,26,2,2043-11-01 00:00:00,0
4734,26,2,2044-11-01 00:00:00,0
4735,26,2,2045-11-01 00:00:00,0
4736,26,2,2046-11-01 00:00:00,0
4737,26,2,2047-11-01 00:00:00,0
4738,26,2,2048-11-01 00:00:00,0
4739,26,2,2049-11-01 00:00:00,0
4740,26,2,2050-11-01 00:00:00,0
4741,26,2,2051-11-01 00:00:00,0
4742,26,2,2052-11-01 00:00:00,0
4743,26,2,2053-11-01 00:00:00,0
4744,26,2,2024-04-01 00:00:00,0
4745,26,2,2025-04-01 00:00:00,0
4746,26,2,2026-04-01 00:00:00,0
4747,26,2,2027-04-01 00:00:00,0
4748,26,2,2028-04-01 00:00:00,0
4749,26,2,2029-04-01 00:00:00,0
4750,26,2,2030-04-01 00:00:00,0
4751,26,2,2031-04-01 00:00:00,0
4752,26,2,2032-04-01 00:00:00,0
4753,26,2,2033-04-01 00:00:00,0
4754,26,2,2034-04-01 00:00:00,0
4755,26,2,2035-04-01 00:00:00,0
4756,26,2,2036-04-01 00:00:00,0
4757,26,2,2037-04-01 00:00:00,0
4758,26,2,2038-04-01 00:00:00,0
4759,26,2,2039-04-01 00:00:00,0
4760,26,2,2040-04-01 00:00:00,0
4761,26,2,2041-04-01 00:00:00,0
4762,26,2,2042-04-01 00:00:00,0
4763,26,2,2043-04-01 00:00:00,0
4764,26,2,2044-04-01 00:00:00,0
4765,26,2,2045-04-01 00:00:00,0
4766,26,2,2046-04-01 00:00:00,0
4767,26,2,2047-04-01 00:00:00,0
4768,26,2,2048-04-01 00:00:00,0
4769,26,2,2049-04-01 00:00:00,0
4770,26,2,2050-04-01 00:00:00,0
4771,26,2,2051-04-01 00:00:00,0
4772,26,2,2052-04-01 00:00:00,0
4773,26,2,2053-04-01 00:00:00,0
4774,26,2,2054-04-01 00:00:00,0
4775,26,3,2023-11-01 00:00:00,0
4776,26,3,2024-11-01 00:00:00,0
4777,26,3,2025-11-01 00:00:00,0
4778,26,3,2026-11-01 00:00:00,0
4779,26,3,2027-11-01 00:00:00,0
4780,26,3,2028-11-01 00:00:00,0
4781,26,3,2029-11-01 00:00:00,0
4782,26,3,2030-11-01 00:00:00,0
4783,26,3,2031-11-01 00:00:00,0
4784,26,3,2032-11-01 00:00:00,0
4785,26,3,2033-11-01 00:00:00,0
4786,26,3,2034-11-01 00:00:00,0
4787,26,3,2035-11-01 00:00:00,0
4788,26,3,2036-11-01 00:00:00,0
4789,26,3,2037-11-01 00:00:00,0
4790,26,3,2038-11-01 00:00:00,0
4791,26,3,2039-11-01 00:00:00,0
4792,26,3,2040-11-01 00:00:00,0
4793,26,3,2041-11-01 00:00:00,0
4794,26,3,2042-11-01 00:00:00,0
4795,26,3,2043-11-01 00:00:00,0
4796,26,3,2044-11-01 00:00:00,0
4797,26,3,2045-11-01 00:00:00,0
4798,26,3,2046-11-01 00:00:00,0
4799,26,3,2047-11-01 00:00:00,0
4800,26,3,2048-11-01 00:00:00,0
4801,26,3,2049-11-01 00:00:00,0
4802,26,3,2050-11-01 00:00:00,0
4803,26,3,2051-11-01 00:00:00,0
4804,26,3,2052-11-01 00:00:00,0
4805,26,3,2053-11-01 00:00:00,0
4806,26,3,2024-04-01 00:00:00,0
4807,26,3,2025-04-01 00:00:00,0
4808,26,3,2026-04-01 00:00:00,0
4809,26,3,2027-04-01 00:00:00,0
4810,26,3,2028-04-01 00:00:00,0
4811,26,3,2029-04-01 00:00:00,0
4812,26,3,2030-04-01 00:00:00,0
4813,26,3,2031-04-01 00:00:00,0
4814,26,3,2032-04-01 00:00:00,0
4815,26,3,2033-04-01 00:00:00,0
4816,26,3,2034-04-01 00:00:00,0
4817,26,3,2035-04-01 00:00:00,0
4818,26,3,2036-04-01 00:00:00,0
4819,26,3,2037-04-01 00:00:00,0
4820,26,3,2038-04-01 00:00:00,0
4821,26,3,2039-04-01 00:00:00,0
4822,26,3,2040-04-01 00:00:00,0
4823,26,3,2041-04-01 00:00:00,0
4824,26,3,2042-04-01 00:00:00,0
4825,26,3,2043-04-01 00:00:00,0
4826,26,3,2044-04-01 00:00:00,0
4827,26,3,2045-04-01 00:00:00,0
4828,26,3,2046-04-01 00:00:00,0
4829,26,3,2047-04-01 00:00:00,0
4830,26,3,2048-04-01 00:00:00,0
4831,26,3,2049-04-01 00:00:00,0
4832,26,3,2050-04-01 00:00:00,0
4833,26,3,2051-04-01 00:00:00,0
4834,26,3,2052-04-01 00:00:00,0
4835,26,3,2053-04-01 00:00:00,0
4836,26,3,2054-04-01 00:00:00,0
4837,27,1,2023-11-01 00:00:00,0.2951273209170626
4838,27,1,2024-11-01 00:00:00,0.30057398472319147
4839,27,1,2025-11-01 00:00:00,0.306209550164215
4840,27,1,2026-11-01 00:00:00,0.31379709916581644
4841,27,1,2027-11-01 00:00:00,0.437401735598544
4842,27,1,2028-11-01 00:00:00,0.6006127481475149
4843,27,1,2029-11-01 00:00:00,0.7452799168709949
4844,27,1,2030-11-01 00:00:00,0.8069563006640956
4845,27,1,2031-11-01 00:00:00,0.8685697172455648
4846,27,1,2032-11-01 00:00:00,0.9301516502212182
4847,27,1,2033-11-01 00:00:00,0.9378021664344511
4848,27,1,2034-11-01 00:00:00,0.9461453219756312
4849,27,1,2035-11-01 00:00:00,0.9528513300143909
4850,27,1,2036-11-01 00:00:00,0.9613833871904657
4851,27,1,2037-11-01 00:00:00,0.9688450017688041
4852,27,1,2038-11-01 00:00:00,0.9783530507251677
4853,27,1,2039-11-01 00:00:00,0.9858461489093218
4854,27,1,2040-11-01 00:00:00,0.9958894191645536
4855,27,1,2041-11-01 00:00:00,0.9975580502727897
4856,27,1,2042-11-01 00:00:00,1.0008008616718143
4857,27,1,2043-11-01 00:00:00,1.0064364271128379
4858,27,1,2044-11-01 00:00:00,1.0046103779755229
4859,27,1,2045-11-01 00:00:00,1.007097582834969
4860,27,1,2046-11-01 00:00:00,1.009049566395547
4861,27,1,2047-11-01 00:00:00,1.0076642877396529
4862,27,1,2048-11-01 00:00:00,1.0110645171677566
4863,27,1,2049-11-01 00:00:00,1.0148425498656493
4864,27,1,2050-11-01 00:00:00,1.0220837792032773
4865,27,1,2051-11-01 00:00:00,1.0388015738914531
4866,27,1,2052-11-01 00:00:00,1.0501671555909475
4867,27,1,2053-11-01 00:00:00,1.063831040514993
4868,27,1,2024-04-01 00:00:00,0.2951273209170626
4869,27,1,2025-04-01 00:00:00,0.299944312606876
4870,27,1,2026-04-01 00:00:00,0.30731147636776707
4871,27,1,2027-04-01 00:00:00,0.31370264834836914
4872,27,1,2028-04-01 00:00:00,0.31886595970215603
4873,27,1,2029-04-01 00:00:00,0.3077207632433721
4874,27,1,2030-04-01 00:00:00,0.30400569775711084
4875,27,1,2031-04-01 00:00:00,0.30674477146308315
4876,27,1,2032-04-01 00:00:00,0.30901159108181886
4877,27,1,2033-04-01 00:00:00,0.31068022219005487
4878,27,1,2034-04-01 00:00:00,0.31310445983786944
4879,27,1,2035-04-01 00:00:00,0.3156546319089471
4880,27,1,2036-04-01 00:00:00,0.318173320374209
4881,27,1,2037-04-01 00:00:00,0.32028272196386587
4882,27,1,2038-04-01 00:00:00,0.3231477300931012
4883,27,1,2039-04-01 00:00:00,0.32528861528857383
4884,27,1,2040-04-01 00:00:00,0.32809065620617767
4885,27,1,2041-04-01 00:00:00,0.3297907709202295
4886,27,1,2042-04-01 00:00:00,0.33139643481683395
4887,27,1,2043-04-01 00:00:00,0.3324039102029387
4888,27,1,2044-04-01 00:00:00,0.3314279184226497
4889,27,1,2045-04-01 00:00:00,0.33029450861328186
4890,27,1,2046-04-01 00:00:00,0.330546377459808
4891,27,1,2047-04-01 00:00:00,0.3317112708749917
4892,27,1,2048-04-01 00:00:00,0.33246687741457026
4893,27,1,2049-04-01 00:00:00,0.33262429544364913
4894,27,1,2050-04-01 00:00:00,0.3337262216472012
4895,27,1,2051-04-01 00:00:00,0.3356152379961476
4896,27,1,2052-04-01 00:00:00,0.3406526149266714
4897,27,1,2053-04-01 00:00:00,0.3448399345001693
4898,27,1,2054-04-01 00:00:00,0.3486809344096937
4899,27,2,2023-11-01 00:00:00,0.2951273209170626
4900,27,2,2024-11-01 00:00:00,0.3081930173306087
4901,27,2,2025-11-01 00:00:00,0.32242360715933843
4902,27,2,2026-11-01 00:00:00,0.33942475429985625
4903,27,2,2027-11-01 00:00:00,0.43916481752422737
4904,27,2,2028-11-01 00:00:00,0.6030369857953294
4905,27,2,2029-11-01 00:00:00,0.7493727856270456
4906,27,2,2030-11-01 00:00:00,0.8497425209677321
4907,27,2,2031-11-01 00:00:00,0.9500807727026028
4908,27,2,2032-11-01 00:00:00,1.0503875408316579
4909,27,2,2033-11-01 00:00:00,1.0620679585893098
4910,27,2,2034-11-01 00:00:00,1.0742206304341986
4911,27,2,2035-11-01 00:00:00,1.085554728527877
4912,27,2,2036-11-01 00:00:00,1.1009502117717904
4913,27,2,2037-11-01 00:00:00,1.1151493179947043
4914,27,2,2038-11-01 00:00:00,1.1242795636812788
4915,27,2,2039-11-01 00:00:00,1.1308281536909597
4916,27,2,2040-11-01 00:00:00,1.142067800967191
4917,27,2,2041-11-01 00:00:00,1.1482071041012667
4918,27,2,2042-11-01 00:00:00,1.1579985055099724
4919,27,2,2043-11-01 00:00:00,1.165995341387179
4920,27,2,2044-11-01 00:00:00,1.16360258734518
4921,27,2,2045-11-01 00:00:00,1.1655230872999423
4922,27,2,2046-11-01 00:00:00,1.1639803906149693
4923,27,2,2047-11-01 00:00:00,1.1641063250382324
4924,27,2,2048-11-01 00:00:00,1.1705604642304661
4925,27,2,2049-11-01 00:00:00,1.1731106363015438
4926,27,2,2050-11-01 00:00:00,1.182807586892802
4927,27,2,2051-11-01 00:00:00,1.2037756683661074
4928,27,2,2052-11-01 00:00:00,1.2211861023822301
4929,27,2,2053-11-01 00:00:00,1.2403911019298521
4930,27,2,2024-04-01 00:00:00,0.2951273209170626
4931,27,2,2025-04-01 00:00:00,0.3067762550688989
4932,27,2,2026-04-01 00:00:00,0.32157354980231256
4933,27,2,2027-04-01 00:00:00,0.3380394756439622
4934,27,2,2028-04-01 00:00:00,0.35482023754376957
4935,27,2,2029-04-01 00:00:00,0.3717899010784716
4936,27,2,2030-04-01 00:00:00,0.38797247446777927
4937,27,2,2031-04-01 00:00:00,0.4034309249233241
4938,27,2,2032-04-01 00:00:00,0.4175985475404223
4939,27,2,2033-04-01 00:00:00,0.43047534231907375
4940,27,2,2034-04-01 00:00:00,0.4432576862802779
4941,27,2,2035-04-01 00:00:00,0.45673266956942904
4942,27,2,2036-04-01 00:00:00,0.47228557084242123
4943,27,2,2037-04-01 00:00:00,0.4868309967293087
4944,27,2,2038-04-01 00:00:00,0.5005578488649861
4945,27,2,2039-04-01 00:00:00,0.5118604633528488
4946,27,2,2040-04-01 00:00:00,0.5241075860151847
4947,27,2,2041-04-01 00:00:00,0.5384955938729933
4948,27,2,2042-04-01 00:00:00,0.5538595935110908
4949,27,2,2043-04-01 00:00:00,0.5670512243479001
4950,27,2,2044-04-01 00:00:00,0.5765592733042637
4951,27,2,2045-04-01 00:00:00,0.5846820436047334
4952,27,2,2046-04-01 00:00:00,0.5945364122250705
4953,27,2,2047-04-01 00:00:00,0.6059649611361964
4954,27,2,2048-04-01 00:00:00,0.6174564772589538
4955,27,2,2049-04-01 00:00:00,0.6271219442443963
4956,27,2,2050-04-01 00:00:00,0.638298624308996
4957,27,2,2051-04-01 00:00:00,0.6432100668162567
4958,27,2,2052-04-01 00:00:00,0.6526866321668046
4959,27,2,2053-04-01 00:00:00,0.6609353368905373
4960,27,2,2054-04-01 00:00:00,0.66918404161427
4961,27,3,2023-11-01 00:00:00,0.2951273209170626
4962,27,3,2024-11-01 00:00:00,0.33161682005754434
4963,27,3,2025-11-01 00:00:00,0.3700897863644198
4964,27,3,2026-11-01 00:00:00,0.4104517690202417
4965,27,3,2027-11-01 00:00:00,0.45018407955974815
4966,27,3,2028-11-01 00:00:00,0.6086410676305372
4967,27,3,2029-11-01 00:00:00,0.7562991789065158
4968,27,3,2030-11-01 00:00:00,0.8780777662019283
4969,27,3,2031-11-01 00:00:00,0.9999193207089727
4970,27,3,2032-11-01 00:00:00,1.1217608752160169
4971,27,3,2033-11-01 00:00:00,1.1435160468347165
4972,27,3,2034-11-01 00:00:00,1.1634451693161012
4973,27,3,2035-11-01 00:00:00,1.1784313656844096
4974,27,3,2036-11-01 00:00:00,1.1970381767215317
4975,27,3,2037-11-01 00:00:00,1.2155820205470225
4976,27,3,2038-11-01 00:00:00,1.2273883727279378
4977,27,3,2039-11-01 00:00:00,1.2378724134645902
4978,27,3,2040-11-01 00:00:00,1.2517881672351623
4979,27,3,2041-11-01 00:00:00,1.2583052736390274
4980,27,3,2042-11-01 00:00:00,1.2663965603336813
4981,27,3,2043-11-01 00:00:00,1.276187961742387
4982,27,3,2044-11-01 00:00:00,1.2740155929410986
4983,27,3,2045-11-01 00:00:00,1.3091512970315018
4984,27,3,2046-11-01 00:00:00,1.3442240339102738
4985,27,3,2047-11-01 00:00:00,1.3731574676549698
4986,27,3,2048-11-01 00:00:00,1.4069078930894792
4987,27,3,2049-11-01 00:00:00,1.439367490685542
4988,27,3,2050-11-01 00:00:00,1.4466716872348013
4989,27,3,2051-11-01 00:00:00,1.4702843915966317
4990,27,3,2052-11-01 00:00:00,1.4974862270214602
4991,27,3,2053-11-01 00:00:00,1.5282457099034712
4992,27,3,2024-04-01 00:00:00,0.2951273209170626
4993,27,3,2025-04-01 00:00:00,0.32963335289115064
4994,27,3,2026-04-01 00:00:00,0.36681549135957936
4995,27,3,2027-04-01 00:00:00,0.403179056076798
4996,27,3,2028-04-01 00:00:00,0.44140015353714723
4997,27,3,2029-04-01 00:00:00,0.4825492263383635
4998,27,3,2030-04-01 00:00:00,0.5270040777502359
4999,27,3,2031-04-01 00:00:00,0.5735683307517653
5000,27,3,2032-04-01 00:00:00,0.6183380182217955
5001,27,3,2033-04-01 00:00:00,0.6636429269906937
5002,27,3,2034-04-01 00:00:00,0.7067124997466722
5003,27,3,2035-04-01 00:00:00,0.7519229576981232
5004,27,3,2036-04-01 00:00:00,0.7991798500275996
5005,27,3,2037-04-01 00:00:00,0.8450199800953659
5006,27,3,2038-04-01 00:00:00,0.8906712085282379
5007,27,3,2039-04-01 00:00:00,0.9319462157527172
5008,27,3,2040-04-01 00:00:00,0.976212165529695
5009,27,3,2041-04-01 00:00:00,1.0229968037719348
5010,27,3,2042-04-01 00:00:00,1.0698444092258061
5011,27,3,2043-04-01 00:00:00,1.1127250803468898
5012,27,3,2044-04-01 00:00:00,1.1500961204502131
5013,27,3,2045-04-01 00:00:00,1.1843817671835908
5014,27,3,2046-04-01 00:00:00,1.2168098811738377
5015,27,3,2047-04-01 00:00:00,1.248482388624506
5016,27,3,2048-04-01 00:00:00,1.2779510436680703
5017,27,3,2049-04-01 00:00:00,1.3012803955775585
5018,27,3,2050-04-01 00:00:00,1.3294267391768602
5019,27,3,2051-04-01 00:00:00,1.3360382963981727
5020,27,3,2052-04-01 00:00:00,1.3528505419037957
5021,27,3,2053-04-01 00:00:00,1.3772188528052047
5022,27,3,2054-04-01 00:00:00,1.4018705161589553
5023,28,1,2023-11-01 00:00:00,0.00314836058157737
5024,28,1,2024-11-01 00:00:00,0.0032113277932089047
5025,28,1,2025-11-01 00:00:00,0.0032742950048404397
5026,28,1,2026-11-01 00:00:00,0.003368745822287764
5027,28,1,2027-11-01 00:00:00,0.0046910572665502205
5028,28,1,2028-11-01 00:00:00,0.0064226555864178095
5029,28,1,2029-11-01 00:00:00,0.007965352271390749
5030,28,1,2030-11-01 00:00:00,0.008595024387706277
5031,28,1,2031-11-01 00:00:00,0.00925618010983746
5032,28,1,2032-11-01 00:00:00,0.009917335831968643
5033,28,1,2033-11-01 00:00:00,0.010011786649416057
5034,28,1,2034-11-01 00:00:00,0.010106237466863472
5035,28,1,2035-11-01 00:00:00,0.010169204678494961
5036,28,1,2036-11-01 00:00:00,0.010263655495942197
5037,28,1,2037-11-01 00:00:00,0.010326622707573688
5038,28,1,2038-11-01 00:00:00,0.0104210735250211
5039,28,1,2039-11-01 00:00:00,0.010515524342468515
5040,28,1,2040-11-01 00:00:00,0.010641458765731495
5041,28,1,2041-11-01 00:00:00,0.010641458765731495
5042,28,1,2042-11-01 00:00:00,0.01067294237154724
5043,28,1,2043-11-01 00:00:00,0.010735909583178731
5044,28,1,2044-11-01 00:00:00,0.01073590958317891
5045,28,1,2045-11-01 00:00:00,0.01073590958317891
5046,28,1,2046-11-01 00:00:00,0.01073590958317891
5047,28,1,2047-11-01 00:00:00,0.01073590958317891
5048,28,1,2048-11-01 00:00:00,0.010767393188994655
5049,28,1,2049-11-01 00:00:00,0.010830360400626146
5050,28,1,2050-11-01 00:00:00,0.010893327612257813
5051,28,1,2051-11-01 00:00:00,0.011082229247152464
5052,28,1,2052-11-01 00:00:00,0.011208163670415444
5053,28,1,2053-11-01 00:00:00,0.011334098093678602
5054,28,1,2024-04-01 00:00:00,0.00314836058157737
5055,28,1,2025-04-01 00:00:00,0.00317984418739316
5056,28,1,2026-04-01 00:00:00,0.0032742950048404843
5057,28,1,2027-04-01 00:00:00,0.003368745822287764
5058,28,1,2028-04-01 00:00:00,0.003400229428103554
5059,28,1,2029-04-01 00:00:00,0.0032742950048404843
5060,28,1,2030-04-01 00:00:00,0.0032428113990246943
5061,28,1,2031-04-01 00:00:00,0.0032742950048404397
5062,28,1,2032-04-01 00:00:00,0.0032742950048404397
5063,28,1,2033-04-01 00:00:00,0.0033057786106562292
5064,28,1,2034-04-01 00:00:00,0.0033372622164720193
5065,28,1,2035-04-01 00:00:00,0.003368745822287764
5066,28,1,2036-04-01 00:00:00,0.003400229428103554
5067,28,1,2037-04-01 00:00:00,0.003400229428103554
5068,28,1,2038-04-01 00:00:00,0.0034317130339193438
5069,28,1,2039-04-01 00:00:00,0.0034631966397351338
5070,28,1,2040-04-01 00:00:00,0.0034946802455508787
5071,28,1,2041-04-01 00:00:00,0.0034946802455508787
5072,28,1,2042-04-01 00:00:00,0.0035576474571824136
5073,28,1,2043-04-01 00:00:00,0.0035576474571824136
5074,28,1,2044-04-01 00:00:00,0.0035261638513666687
5075,28,1,2045-04-01 00:00:00,0.0035261638513666687
5076,28,1,2046-04-01 00:00:00,0.0035261638513666687
5077,28,1,2047-04-01 00:00:00,0.0035261638513666687
5078,28,1,2048-04-01 00:00:00,0.0035576474571824583
5079,28,1,2049-04-01 00:00:00,0.0035576474571824136
5080,28,1,2050-04-01 00:00:00,0.003589131062998203
5081,28,1,2051-04-01 00:00:00,0.0035576474571824583
5082,28,1,2052-04-01 00:00:00,0.003652098274629738
5083,28,1,2053-04-01 00:00:00,0.003683581880445528
5084,28,1,2054-04-01 00:00:00,0.0037150654862613177
5085,28,2,2023-11-01 00:00:00,0.00314836058157737
5086,28,2,2024-11-01 00:00:00,0.0032742950048404843
5087,28,2,2025-11-01 00:00:00,0.0034317130339193438
5088,28,2,2026-11-01 00:00:00,0.0036206146688139485
5089,28,2,2027-11-01 00:00:00,0.0046910572665502205
5090,28,2,2028-11-01 00:00:00,0.006422655586417899
5091,28,2,2029-11-01 00:00:00,0.007996835877206494
5092,28,2,2030-11-01 00:00:00,0.00906727847494281
5093,28,2,2031-11-01 00:00:00,0.010137721072679217
5094,28,2,2032-11-01 00:00:00,0.011208163670415444
5095,28,2,2033-11-01 00:00:00,0.011334098093678602
5096,28,2,2034-11-01 00:00:00,0.011460032516941583
5097,28,2,2035-11-01 00:00:00,0.011585966940204742
5098,28,2,2036-11-01 00:00:00,0.011743384969283647
5099,28,2,2037-11-01 00:00:00,0.011900802998362551
5100,28,2,2038-11-01 00:00:00,0.011963770209993863
5101,28,2,2039-11-01 00:00:00,0.012089704633257021
5102,28,2,2040-11-01 00:00:00,0.012184155450704436
5103,28,2,2041-11-01 00:00:00,0.012247122662335925
5104,28,2,2042-11-01 00:00:00,0.01234157347978334
5105,28,2,2043-11-01 00:00:00,0.012436024297230576
5106,28,2,2044-11-01 00:00:00,0.01240454069141483
5107,28,2,2045-11-01 00:00:00,0.012436024297230576
5108,28,2,2046-11-01 00:00:00,0.01240454069141483
5109,28,2,2047-11-01 00:00:00,0.012436024297230576
5110,28,2,2048-11-01 00:00:00,0.012498991508862065
5111,28,2,2049-11-01 00:00:00,0.012498991508862065
5112,28,2,2050-11-01 00:00:00,0.012624925932125225
5113,28,2,2051-11-01 00:00:00,0.012845311172835619
5114,28,2,2052-11-01 00:00:00,0.013034212807730268
5115,28,2,2053-11-01 00:00:00,0.013223114442624917
5116,28,2,2024-04-01 00:00:00,0.00314836058157737
5117,28,2,2025-04-01 00:00:00,0.0032742950048404843
5118,28,2,2026-04-01 00:00:00,0.0034317130339193438
5119,28,2,2027-04-01 00:00:00,0.003589131062998203
5120,28,2,2028-04-01 00:00:00,0.0037780326978928526
5121,28,2,2029-04-01 00:00:00,0.003966934332787457
5122,28,2,2030-04-01 00:00:00,0.004124352361866362
5123,28,2,2031-04-01 00:00:00,0.004313253996761011
5124,28,2,2032-04-01 00:00:00,0.00443918842002417
5125,28,2,2033-04-01 00:00:00,0.00456512284328724
5126,28,2,2034-04-01 00:00:00,0.004754024478181889
5127,28,2,2035-04-01 00:00:00,0.004848475295629214
5128,28,2,2036-04-01 00:00:00,0.005037376930523863
5129,28,2,2037-04-01 00:00:00,0.005194794959602678
5130,28,2,2038-04-01 00:00:00,0.005352212988681493
5131,28,2,2039-04-01 00:00:00,0.005446663806128817
5132,28,2,2040-04-01 00:00:00,0.0055725982293919766
5133,28,2,2041-04-01 00:00:00,0.005761499864286626
5134,28,2,2042-04-01 00:00:00,0.00591891789336553
5135,28,2,2043-04-01 00:00:00,0.006044852316628511
5136,28,2,2044-04-01 00:00:00,0.0061393031340759244
5137,28,2,2045-04-01 00:00:00,0.00623375395152316
5138,28,2,2046-04-01 00:00:00,0.00635968837478632
5139,28,2,2047-04-01 00:00:00,0.006485622798049389
5140,28,2,2048-04-01 00:00:00,0.006580073615496714
5141,28,2,2049-04-01 00:00:00,0.006706008038759783
5142,28,2,2050-04-01 00:00:00,0.006800458856207108
5143,28,2,2051-04-01 00:00:00,0.006863426067838598
5144,28,2,2052-04-01 00:00:00,0.006957876885286012
5145,28,2,2053-04-01 00:00:00,0.007052327702733247
5146,28,2,2054-04-01 00:00:00,0.007115294914364827
5147,28,3,2023-11-01 00:00:00,0.00314836058157737
5148,28,3,2024-11-01 00:00:00,0.0035576474571824136
5149,28,3,2025-11-01 00:00:00,0.003935450726971712
5150,28,3,2026-11-01 00:00:00,0.004376221208392501
5151,28,3,2027-11-01 00:00:00,0.004785508083997545
5152,28,3,2028-11-01 00:00:00,0.006485622798049389
5153,28,3,2029-11-01 00:00:00,0.008059803088838073
5154,28,3,2030-11-01 00:00:00,0.00938211453310062
5155,28,3,2031-11-01 00:00:00,0.01067294237154724
5156,28,3,2032-11-01 00:00:00,0.011963770209994042
5157,28,3,2033-11-01 00:00:00,0.012184155450704436
5158,28,3,2034-11-01 00:00:00,0.01240454069141483
5159,28,3,2035-11-01 00:00:00,0.01259344232630948
5160,28,3,2036-11-01 00:00:00,0.012782343961204128
5161,28,3,2037-11-01 00:00:00,0.012971245596098777
5162,28,3,2038-11-01 00:00:00,0.013097180019361759
5163,28,3,2039-11-01 00:00:00,0.013191630836809172
5164,28,3,2040-11-01 00:00:00,0.013349048865887898
5165,28,3,2041-11-01 00:00:00,0.013443499683335311
5166,28,3,2042-11-01 00:00:00,0.013506466894966802
5167,28,3,2043-11-01 00:00:00,0.013600917712414217
5168,28,3,2044-11-01 00:00:00,0.013569434106598471
5169,28,3,2045-11-01 00:00:00,0.01394723737638777
5170,28,3,2046-11-01 00:00:00,0.01432504064617707
5171,28,3,2047-11-01 00:00:00,0.014671360310150622
5172,28,3,2048-11-01 00:00:00,0.014986196368308252
5173,28,3,2049-11-01 00:00:00,0.01536399963809755
5174,28,3,2050-11-01 00:00:00,0.015426966849729041
5175,28,3,2051-11-01 00:00:00,0.015710319302071105
5176,28,3,2052-11-01 00:00:00,0.01599367175441317
5177,28,3,2053-11-01 00:00:00,0.01630850781257062
5178,28,3,2024-04-01 00:00:00,0.00314836058157737
5179,28,3,2025-04-01 00:00:00,0.0035261638513666236
5180,28,3,2026-04-01 00:00:00,0.0039039671211559225
5181,28,3,2027-04-01 00:00:00,0.004313253996761011
5182,28,3,2028-04-01 00:00:00,0.00469105726655031
5183,28,3,2029-04-01 00:00:00,0.0051318277479710985
5184,28,3,2030-04-01 00:00:00,0.005635565441023557
5185,28,3,2031-04-01 00:00:00,0.006107819528260091
5186,28,3,2032-04-01 00:00:00,0.006580073615496714
5187,28,3,2033-04-01 00:00:00,0.007083811308549082
5188,28,3,2034-04-01 00:00:00,0.007524581789969961
5189,28,3,2035-04-01 00:00:00,0.00802831948302224
5190,28,3,2036-04-01 00:00:00,0.008532057176074697
5191,28,3,2037-04-01 00:00:00,0.00900431126331132
5192,28,3,2038-04-01 00:00:00,0.009508048956363778
5193,28,3,2039-04-01 00:00:00,0.009948819437784567
5194,28,3,2040-04-01 00:00:00,0.0104210735250211
5195,28,3,2041-04-01 00:00:00,0.010893327612257635
5196,28,3,2042-04-01 00:00:00,0.011397065305310093
5197,28,3,2043-04-01 00:00:00,0.011869319392546627
5198,28,3,2044-04-01 00:00:00,0.01227860626815167
5199,28,3,2045-04-01 00:00:00,0.012624925932125225
5200,28,3,2046-04-01 00:00:00,0.012971245596098777
5201,28,3,2047-04-01 00:00:00,0.013317565260072153
5202,28,3,2048-04-01 00:00:00,0.01363240131822996
5203,28,3,2049-04-01 00:00:00,0.01388427016475628
5204,28,3,2050-04-01 00:00:00,0.014199106222913909
5205,28,3,2051-04-01 00:00:00,0.0142620734345454
5206,28,3,2052-04-01 00:00:00,0.014419491463624303
5207,28,3,2053-04-01 00:00:00,0.014702843915966367
5208,28,3,2054-04-01 00:00:00,0.014954712762492507
5209,29,1,2023-11-01 00:00:00,0
5210,29,1,2024-11-01 00:00:00,0
5211,29,1,2025-11-01 00:00:00,0
5212,29,1,2026-11-01 00:00:00,0
5213,29,1,2027-11-01 00:00:00,0
5214,29,1,2028-11-01 00:00:00,0
5215,29,1,2029-11-01 00:00:00,0
5216,29,1,2030-11-01 00:00:00,0
5217,29,1,2031-11-01 00:00:00,0
5218,29,1,2032-11-01 00:00:00,0
5219,29,1,2033-11-01 00:00:00,0
5220,29,1,2034-11-01 00:00:00,0
5221,29,1,2035-11-01 00:00:00,0
5222,29,1,2036-11-01 00:00:00,0
5223,29,1,2037-11-01 00:00:00,0
5224,29,1,2038-11-01 00:00:00,0
5225,29,1,2039-11-01 00:00:00,0
5226,29,1,2040-11-01 00:00:00,0
5227,29,1,2041-11-01 00:00:00,0
5228,29,1,2042-11-01 00:00:00,0
5229,29,1,2043-11-01 00:00:00,0
5230,29,1,2044-11-01 00:00:00,0
5231,29,1,2045-11-01 00:00:00,0
5232,29,1,2046-11-01 00:00:00,0
5233,29,1,2047-11-01 00:00:00,0
5234,29,1,2048-11-01 00:00:00,0
5235,29,1,2049-11-01 00:00:00,0
5236,29,1,2050-11-01 00:00:00,0
5237,29,1,2051-11-01 00:00:00,0
5238,29,1,2052-11-01 00:00:00,0
5239,29,1,2053-11-01 00:00:00,0
5240,29,1,2024-04-01 00:00:00,0
5241,29,1,2025-04-01 00:00:00,0
5242,29,1,2026-04-01 00:00:00,0
5243,29,1,2027-04-01 00:00:00,0
5244,29,1,2028-04-01 00:00:00,0
5245,29,1,2029-04-01 00:00:00,0
5246,29,1,2030-04-01 00:00:00,0
5247,29,1,2031-04-01 00:00:00,0
5248,29,1,2032-04-01 00:00:00,0
5249,29,1,2033-04-01 00:00:00,0
5250,29,1,2034-04-01 00:00:00,0
5251,29,1,2035-04-01 00:00:00,0
5252,29,1,2036-04-01 00:00:00,0
5253,29,1,2037-04-01 00:00:00,0
5254,29,1,2038-04-01 00:00:00,0
5255,29,1,2039-04-01 00:00:00,0
5256,29,1,2040-04-01 00:00:00,0
5257,29,1,2041-04-01 00:00:00,0
5258,29,1,2042-04-01 00:00:00,0
5259,29,1,2043-04-01 00:00:00,0
5260,29,1,2044-04-01 00:00:00,0
5261,29,1,2045-04-01 00:00:00,0
5262,29,1,2046-04-01 00:00:00,0
5263,29,1,2047-04-01 00:00:00,0
5264,29,1,2048-04-01 00:00:00,0
5265,29,1,2049-04-01 00:00:00,0
5266,29,1,2050-04-01 00:00:00,0
5267,29,1,2051-04-01 00:00:00,0
5268,29,1,2052-04-01 00:00:00,0
5269,29,1,2053-04-01 00:00:00,0
5270,29,1,2054-04-01 00:00:00,0
5271,29,2,2023-11-01 00:00:00,0
5272,29,2,2024-11-01 00:00:00,0
5273,29,2,2025-11-01 00:00:00,0
5274,29,2,2026-11-01 00:00:00,0
5275,29,2,2027-11-01 00:00:00,0
5276,29,2,2028-11-01 00:00:00,0
5277,29,2,2029-11-01 00:00:00,0
5278,29,2,2030-11-01 00:00:00,0
5279,29,2,2031-11-01 00:00:00,0
5280,29,2,2032-11-01 00:00:00,0
5281,29,2,2033-11-01 00:00:00,0
5282,29,2,2034-11-01 00:00:00,0
5283,29,2,2035-11-01 00:00:00,0
5284,29,2,2036-11-01 00:00:00,0
5285,29,2,2037-11-01 00:00:00,0
5286,29,2,2038-11-01 00:00:00,0
5287,29,2,2039-11-01 00:00:00,0
5288,29,2,2040-11-01 00:00:00,0
5289,29,2,2041-11-01 00:00:00,0
5290,29,2,2042-11-01 00:00:00,0
5291,29,2,2043-11-01 00:00:00,0
5292,29,2,2044-11-01 00:00:00,0
5293,29,2,2045-11-01 00:00:00,0
5294,29,2,2046-11-01 00:00:00,0
5295,29,2,2047-11-01 00:00:00,0
5296,29,2,2048-11-01 00:00:00,0
5297,29,2,2049-11-01 00:00:00,0
5298,29,2,2050-11-01 00:00:00,0
5299,29,2,2051-11-01 00:00:00,0
5300,29,2,2052-11-01 00:00:00,0
5301,29,2,2053-11-01 00:00:00,0
5302,29,2,2024-04-01 00:00:00,0
5303,29,2,2025-04-01 00:00:00,0
5304,29,2,2026-04-01 00:00:00,0
5305,29,2,2027-04-01 00:00:00,0
5306,29,2,2028-04-01 00:00:00,0
5307,29,2,2029-04-01 00:00:00,0
5308,29,2,2030-04-01 00:00:00,0
5309,29,2,2031-04-01 00:00:00,0
5310,29,2,2032-04-01 00:00:00,0
5311,29,2,2033-04-01 00:00:00,0
5312,29,2,2034-04-01 00:00:00,0
5313,29,2,2035-04-01 00:00:00,0
5314,29,2,2036-04-01 00:00:00,0
5315,29,2,2037-04-01 00:00:00,0
5316,29,2,2038-04-01 00:00:00,0
5317,29,2,2039-04-01 00:00:00,0
5318,29,2,2040-04-01 00:00:00,0
5319,29,2,2041-04-01 00:00:00,0
5320,29,2,2042-04-01 00:00:00,0
5321,29,2,2043-04-01 00:00:00,0
5322,29,2,2044-04-01 00:00:00,0
5323,29,2,2045-04-01 00:00:00,0
5324,29,2,2046-04-01 00:00:00,0
5325,29,2,2047-04-01 00:00:00,0
5326,29,2,2048-04-01 00:00:00,0
5327,29,2,2049-04-01 00:00:00,0
5328,29,2,2050-04-01 00:00:00,0
5329,29,2,2051-04-01 00:00:00,0
5330,29,2,2052-04-01 00:00:00,0
5331,29,2,2053-04-01 00:00:00,0
5332,29,2,2054-04-01 00:00:00,0
5333,29,3,2023-11-01 00:00:00,0
5334,29,3,2024-11-01 00:00:00,0
5335,29,3,2025-11-01 00:00:00,0
5336,29,3,2026-11-01 00:00:00,0
5337,29,3,2027-11-01 00:00:00,0
5338,29,3,2028-11-01 00:00:00,0
5339,29,3,2029-11-01 00:00:00,0
5340,29,3,2030-11-01 00:00:00,0
5341,29,3,2031-11-01 00:00:00,0
5342,29,3,2032-11-01 00:00:00,0
5343,29,3,2033-11-01 00:00:00,0
5344,29,3,2034-11-01 00:00:00,0
5345,29,3,2035-11-01 00:00:00,0
5346,29,3,2036-11-01 00:00:00,0
5347,29,3,2037-11-01 00:00:00,0
5348,29,3,2038-11-01 00:00:00,0
5349,29,3,2039-11-01 00:00:00,0
5350,29,3,2040-11-01 00:00:00,0
5351,29,3,2041-11-01 00:00:00,0
5352,29,3,2042-11-01 00:00:00,0
5353,29,3,2043-11-01 00:00:00,0
5354,29,3,2044-11-01 00:00:00,0
5355,29,3,2045-11-01 00:00:00,0
5356,29,3,2046-11-01 00:00:00,0
5357,29,3,2047-11-01 00:00:00,0
5358,29,3,2048-11-01 00:00:00,0
5359,29,3,2049-11-01 00:00:00,0
5360,29,3,2050-11-01 00:00:00,0
5361,29,3,2051-11-01 00:00:00,0
5362,29,3,2052-11-01 00:00:00,0
5363,29,3,2053-11-01 00:00:00,0
5364,29,3,2024-04-01 00:00:00,0
5365,29,3,2025-04-01 00:00:00,0
5366,29,3,2026-04-01 00:00:00,0
5367,29,3,2027-04-01 00:00:00,0
5368,29,3,2028-04-01 00:00:00,0
5369,29,3,2029-04-01 00:00:00,0
5370,29,3,2030-04-01 00:00:00,0
5371,29,3,2031-04-01 00:00:00,0
5372,29,3,2032-04-01 00:00:00,0
5373,29,3,2033-04-01 00:00:00,0
5374,29,3,2034-04-01 00:00:00,0
5375,29,3,2035-04-01 00:00:00,0
5376,29,3,2036-04-01 00:00:00,0
5377,29,3,2037-04-01 00:00:00,0
5378,29,3,2038-04-01 00:00:00,0
5379,29,3,2039-04-01 00:00:00,0
5380,29,3,2040-04-01 00:00:00,0
5381,29,3,2041-04-01 00:00:00,0
5382,29,3,2042-04-01 00:00:00,0
5383,29,3,2043-04-01 00:00:00,0
5384,29,3,2044-04-01 00:00:00,0
5385,29,3,2045-04-01 00:00:00,0
5386,29,3,2046-04-01 00:00:00,0
5387,29,3,2047-04-01 00:00:00,0
5388,29,3,2048-04-01 00:00:00,0
5389,29,3,2049-04-01 00:00:00,0
5390,29,3,2050-04-01 00:00:00,0
5391,29,3,2051-04-01 00:00:00,0
5392,29,3,2052-04-01 00:00:00,0
5393,29,3,2053-04-01 00:00:00,0
5394,29,3,2054-04-01 00:00:00,0
5395,30,1,2023-11-01 00:00:00,0
5396,30,1,2024-11-01 00:00:00,0
5397,30,1,2025-11-01 00:00:00,0
5398,30,1,2026-11-01 00:00:00,0
5399,30,1,2027-11-01 00:00:00,0
5400,30,1,2028-11-01 00:00:00,0
5401,30,1,2029-11-01 00:00:00,0
5402,30,1,2030-11-01 00:00:00,0
5403,30,1,2031-11-01 00:00:00,0
5404,30,1,2032-11-01 00:00:00,0
5405,30,1,2033-11-01 00:00:00,0
5406,30,1,2034-11-01 00:00:00,0
5407,30,1,2035-11-01 00:00:00,0
5408,30,1,2036-11-01 00:00:00,0
5409,30,1,2037-11-01 00:00:00,0
5410,30,1,2038-11-01 00:00:00,0
5411,30,1,2039-11-01 00:00:00,0
5412,30,1,2040-11-01 00:00:00,0
5413,30,1,2041-11-01 00:00:00,0
5414,30,1,2042-11-01 00:00:00,0
5415,30,1,2043-11-01 00:00:00,0
5416,30,1,2044-11-01 00:00:00,0
5417,30,1,2045-11-01 00:00:00,0
5418,30,1,2046-11-01 00:00:00,0
5419,30,1,2047-11-01 00:00:00,0
5420,30,1,2048-11-01 00:00:00,0
5421,30,1,2049-11-01 00:00:00,0
5422,30,1,2050-11-01 00:00:00,0
5423,30,1,2051-11-01 00:00:00,0
5424,30,1,2052-11-01 00:00:00,0
5425,30,1,2053-11-01 00:00:00,0
5426,30,1,2024-04-01 00:00:00,0
5427,30,1,2025-04-01 00:00:00,0
5428,30,1,2026-04-01 00:00:00,0
5429,30,1,2027-04-01 00:00:00,0
5430,30,1,2028-04-01 00:00:00,0
5431,30,1,2029-04-01 00:00:00,0
5432,30,1,2030-04-01 00:00:00,0
5433,30,1,2031-04-01 00:00:00,0
5434,30,1,2032-04-01 00:00:00,0
5435,30,1,2033-04-01 00:00:00,0
5436,30,1,2034-04-01 00:00:00,0
5437,30,1,2035-04-01 00:00:00,0
5438,30,1,2036-04-01 00:00:00,0
5439,30,1,2037-04-01 00:00:00,0
5440,30,1,2038-04-01 00:00:00,0
5441,30,1,2039-04-01 00:00:00,0
5442,30,1,2040-04-01 00:00:00,0
5443,30,1,2041-04-01 00:00:00,0
5444,30,1,2042-04-01 00:00:00,0
5445,30,1,2043-04-01 00:00:00,0
5446,30,1,2044-04-01 00:00:00,0
5447,30,1,2045-04-01 00:00:00,0
5448,30,1,2046-04-01 00:00:00,0
5449,30,1,2047-04-01 00:00:00,0
5450,30,1,2048-04-01 00:00:00,0
5451,30,1,2049-04-01 00:00:00,0
5452,30,1,2050-04-01 00:00:00,0
5453,30,1,2051-04-01 00:00:00,0
5454,30,1,2052-04-01 00:00:00,0
5455,30,1,2053-04-01 00:00:00,0
5456,30,1,2054-04-01 00:00:00,0
5457,30,2,2023-11-01 00:00:00,0
5458,30,2,2024-11-01 00:00:00,0
5459,30,2,2025-11-01 00:00:00,0
5460,30,2,2026-11-01 00:00:00,0
5461,30,2,2027-11-01 00:00:00,0
5462,30,2,2028-11-01 00:00:00,0
5463,30,2,2029-11-01 00:00:00,0
5464,30,2,2030-11-01 00:00:00,0
5465,30,2,2031-11-01 00:00:00,0
5466,30,2,2032-11-01 00:00:00,0
5467,30,2,2033-11-01 00:00:00,0
5468,30,2,2034-11-01 00:00:00,0
5469,30,2,2035-11-01 00:00:00,0
5470,30,2,2036-11-01 00:00:00,0
5471,30,2,2037-11-01 00:00:00,0
5472,30,2,2038-11-01 00:00:00,0
5473,30,2,2039-11-01 00:00:00,0
5474,30,2,2040-11-01 00:00:00,0
5475,30,2,2041-11-01 00:00:00,0
5476,30,2,2042-11-01 00:00:00,0
5477,30,2,2043-11-01 00:00:00,0
5478,30,2,2044-11-01 00:00:00,0
5479,30,2,2045-11-01 00:00:00,0
5480,30,2,2046-11-01 00:00:00,0
5481,30,2,2047-11-01 00:00:00,0
5482,30,2,2048-11-01 00:00:00,0
5483,30,2,2049-11-01 00:00:00,0
5484,30,2,2050-11-01 00:00:00,0
5485,30,2,2051-11-01 00:00:00,0
5486,30,2,2052-11-01 00:00:00,0
5487,30,2,2053-11-01 00:00:00,0
5488,30,2,2024-04-01 00:00:00,0
5489,30,2,2025-04-01 00:00:00,0
5490,30,2,2026-04-01 00:00:00,0
5491,30,2,2027-04-01 00:00:00,0
5492,30,2,2028-04-01 00:00:00,0
5493,30,2,2029-04-01 00:00:00,0
5494,30,2,2030-04-01 00:00:00,0
5495,30,2,2031-04-01 00:00:00,0
5496,30,2,2032-04-01 00:00:00,0
5497,30,2,2033-04-01 00:00:00,0
5498,30,2,2034-04-01 00:00:00,0
5499,30,2,2035-04-01 00:00:00,0
5500,30,2,2036-04-01 00:00:00,0
5501,30,2,2037-04-01 00:00:00,0
5502,30,2,2038-04-01 00:00:00,0
5503,30,2,2039-04-01 00:00:00,0
5504,30,2,2040-04-01 00:00:00,0
5505,30,2,2041-04-01 00:00:00,0
5506,30,2,2042-04-01 00:00:00,0
5507,30,2,2043-04-01 00:00:00,0
5508,30,2,2044-04-01 00:00:00,0
5509,30,2,2045-04-01 00:00:00,0
5510,30,2,2046-04-01 00:00:00,0
5511,30,2,2047-04-01 00:00:00,0
5512,30,2,2048-04-01 00:00:00,0
5513,30,2,2049-04-01 00:00:00,0
5514,30,2,2050-04-01 00:00:00,0
5515,30,2,2051-04-01 00:00:00,0
5516,30,2,2052-04-01 00:00:00,0
5517,30,2,2053-04-01 00:00:00,0
5518,30,2,2054-04-01 00:00:00,0
5519,30,3,2023-11-01 00:00:00,0
5520,30,3,2024-11-01 00:00:00,0
5521,30,3,2025-11-01 00:00:00,0
5522,30,3,2026-11-01 00:00:00,0
5523,30,3,2027-11-01 00:00:00,0
5524,30,3,2028-11-01 00:00:00,0
5525,30,3,2029-11-01 00:00:00,0
5526,30,3,2030-11-01 00:00:00,0
5527,30,3,2031-11-01 00:00:00,0
5528,30,3,2032-11-01 00:00:00,0
5529,30,3,2033-11-01 00:00:00,0
5530,30,3,2034-11-01 00:00:00,0
5531,30,3,2035-11-01 00:00:00,0
5532,30,3,2036-11-01 00:00:00,0
5533,30,3,2037-11-01 00:00:00,0
5534,30,3,2038-11-01 00:00:00,0
5535,30,3,2039-11-01 00:00:00,0
5536,30,3,2040-11-01 00:00:00,0
5537,30,3,2041-11-01 00:00:00,0
5538,30,3,2042-11-01 00:00:00,0
5539,30,3,2043-11-01 00:00:00,0
5540,30,3,2044-11-01 00:00:00,0
5541,30,3,2045-11-01 00:00:00,0
5542,30,3,2046-11-01 00:00:00,0
5543,30,3,2047-11-01 00:00:00,0
5544,30,3,2048-11-01 00:00:00,0
5545,30,3,2049-11-01 00:00:00,0
5546,30,3,2050-11-01 00:00:00,0
5547,30,3,2051-11-01 00:00:00,0
5548,30,3,2052-11-01 00:00:00,0
5549,30,3,2053-11-01 00:00:00,0
5550,30,3,2024-04-01 00:00:00,0
5551,30,3,2025-04-01 00:00:00,0
5552,30,3,2026-04-01 00:00:00,0
5553,30,3,2027-04-01 00:00:00,0
5554,30,3,2028-04-01 00:00:00,0
5555,30,3,2029-04-01 00:00:00,0
5556,30,3,2030-04-01 00:00:00,0
5557,30,3,2031-04-01 00:00:00,0
5558,30,3,2032-04-01 00:00:00,0
5559,30,3,2033-04-01 00:00:00,0
5560,30,3,2034-04-01 00:00:00,0
5561,30,3,2035-04-01 00:00:00,0
5562,30,3,2036-04-01 00:00:00,0
5563,30,3,2037-04-01 00:00:00,0
5564,30,3,2038-04-01 00:00:00,0
5565,30,3,2039-04-01 00:00:00,0
5566,30,3,2040-04-01 00:00:00,0
5567,30,3,2041-04-01 00:00:00,0
5568,30,3,2042-04-01 00:00:00,0
5569,30,3,2043-04-01 00:00:00,0
5570,30,3,2044-04-01 00:00:00,0
5571,30,3,2045-04-01 00:00:00,0
5572,30,3,2046-04-01 00:00:00,0
5573,30,3,2047-04-01 00:00:00,0
5574,30,3,2048-04-01 00:00:00,0
5575,30,3,2049-04-01 00:00:00,0
5576,30,3,2050-04-01 00:00:00,0
5577,30,3,2051-04-01 00:00:00,0
5578,30,3,2052-04-01 00:00:00,0
5579,30,3,2053-04-01 00:00:00,0
5580,30,3,2054-04-01 00:00:00,0
5581,31,1,2023-11-01 00:00:00,0.10030628759432464
5582,31,1,2024-11-01 00:00:00,0.1021574704142327
5583,31,1,2025-11-01 00:00:00,0.10407285610650753
5584,31,1,2026-11-01 00:00:00,0.10665167147990547
5585,31,1,2027-11-01 00:00:00,0.1486617509652179
5586,31,1,2028-11-01 00:00:00,0.20413303269009295
5587,31,1,2029-11-01 00:00:00,0.2533017324442984
5588,31,1,2030-11-01 00:00:00,0.2742639702720434
5589,31,1,2031-11-01 00:00:00,0.2952048071423329
5590,31,1,2032-11-01 00:00:00,0.31613494353389454
5591,31,1,2033-11-01 00:00:00,0.31873515986474804
5592,31,1,2034-11-01 00:00:00,0.32157078672761297
5593,31,1,2035-11-01 00:00:00,0.32384998869663273
5594,31,1,2036-11-01 00:00:00,0.32674981843186446
5595,31,1,2037-11-01 00:00:00,0.32928583189035127
5596,31,1,2038-11-01 00:00:00,0.3325173764661445
5597,31,1,2039-11-01 00:00:00,0.33506409040335905
5598,31,1,2040-11-01 00:00:00,0.33847754311752476
5599,31,1,2041-11-01 00:00:00,0.3390446684900978
5600,31,1,2042-11-01 00:00:00,0.34014681779906036
5601,31,1,2043-11-01 00:00:00,0.3420622034913352
5602,31,1,2044-11-01 00:00:00,0.3414415757251232
5603,31,1,2045-11-01 00:00:00,0.3422869135446188
5604,31,1,2046-11-01 00:00:00,0.3429503432257419
5605,31,1,2047-11-01 00:00:00,0.34247952216171906
5606,31,1,2048-11-01 00:00:00,0.34363517386432063
5607,31,1,2049-11-01 00:00:00,0.3449192313116557
5608,31,1,2050-11-01 00:00:00,0.34738034141904794
5609,31,1,2051-11-01 00:00:00,0.3530622956235056
5610,31,1,2052-11-01 00:00:00,0.35692516844423866
5611,31,1,2053-11-01 00:00:00,0.36156917621210044
5612,31,1,2024-04-01 00:00:00,0.10030628759432464
5613,31,1,2025-04-01 00:00:00,0.10194346083967686
5614,31,1,2026-04-01 00:00:00,0.10444737286198025
5615,31,1,2027-04-01 00:00:00,0.10661957004372208
5616,31,1,2028-04-01 00:00:00,0.10837444855508001
5617,31,1,2029-04-01 00:00:00,0.10458647908544155
5618,31,1,2030-04-01 00:00:00,0.10332382259556207
5619,31,1,2031-04-01 00:00:00,0.10425476424488
5620,31,1,2032-04-01 00:00:00,0.10502519871328105
5621,31,1,2033-04-01 00:00:00,0.10559232408585403
5622,31,1,2034-04-01 00:00:00,0.10641626094789403
5623,31,1,2035-04-01 00:00:00,0.1072829997248452
5624,31,1,2036-04-01 00:00:00,0.10813903802306858
5625,31,1,2037-04-01 00:00:00,0.10885597009783067
5626,31,1,2038-04-01 00:00:00,0.10982971366205976
5627,31,1,2039-04-01 00:00:00,0.11055734621554962
5628,31,1,2040-04-01 00:00:00,0.11150968882232314
5629,31,1,2041-04-01 00:00:00,0.11208751467362392
5630,31,1,2042-04-01 00:00:00,0.11263323908874134
5631,31,1,2043-04-01 00:00:00,0.11297565440803069
5632,31,1,2044-04-01 00:00:00,0.11264393956746913
5633,31,1,2045-04-01 00:00:00,0.1122587223332686
5634,31,1,2046-04-01 00:00:00,0.11234432616309094
5635,31,1,2047-04-01 00:00:00,0.11274024387601925
5636,31,1,2048-04-01 00:00:00,0.11299705536548627
5637,31,1,2049-04-01 00:00:00,0.11305055775912523
5638,31,1,2050-04-01 00:00:00,0.11342507451459796
5639,31,1,2051-04-01 00:00:00,0.1140671032382655
5640,31,1,2052-04-01 00:00:00,0.11577917983471225
5641,31,1,2053-04-01 00:00:00,0.11720234350550862
5642,31,1,2054-04-01 00:00:00,0.11850780191029928
5643,31,2,2023-11-01 00:00:00,0.10030628759432464
5644,31,2,2024-11-01 00:00:00,0.10474698626635844
5645,31,2,2025-11-01 00:00:00,0.10958360265132053
5646,31,2,2026-11-01 00:00:00,0.11536186116432837
5647,31,2,2027-11-01 00:00:00,0.14926097777397423
5648,31,2,2028-11-01 00:00:00,0.20495696955213294
5649,31,2,2029-11-01 00:00:00,0.25469279467891137
5650,31,2,2030-11-01 00:00:00,0.2888059208631131
5651,31,2,2031-11-01 00:00:00,0.322908346568587
5652,31,2,2032-11-01 00:00:00,0.35700007179533316
5653,31,2,2033-11-01 00:00:00,0.3609699494033441
5654,31,2,2034-11-01 00:00:00,0.3651003341922719
5655,31,2,2035-11-01 00:00:00,0.36895250653427714
5656,31,2,2036-11-01 00:00:00,0.37418504063216756
5657,31,2,2037-11-01 00:00:00,0.37901095653840183
5658,31,2,2038-11-01 00:00:00,0.3821140953694616
5659,31,2,2039-11-01 00:00:00,0.38433979494484244
5660,31,2,2040-11-01 00:00:00,0.38815986585066425
5661,31,2,2041-11-01 00:00:00,0.3902464592025837
5662,31,2,2042-11-01 00:00:00,0.3935743080869271
5663,31,2,2043-11-01 00:00:00,0.39629222968378636
5664,31,2,2044-11-01 00:00:00,0.39547899330047415
5665,31,2,2045-11-01 00:00:00,0.3961317225028695
5666,31,2,2046-11-01 00:00:00,0.39560739904520764
5667,31,2,2047-11-01 00:00:00,0.3956502009601188
5668,31,2,2048-11-01 00:00:00,0.3978437990993163
5669,31,2,2049-11-01 00:00:00,0.3987105378762674
5670,31,2,2050-11-01 00:00:00,0.40200628532442745
5671,31,2,2051-11-01 00:00:00,0.4091328041571371
5672,31,2,2052-11-01 00:00:00,0.4150501688936062
5673,31,2,2053-11-01 00:00:00,0.4215774609175595
5674,31,2,2024-04-01 00:00:00,0.10030628759432464
5675,31,2,2025-04-01 00:00:00,0.10426546472360779
5676,31,2,2026-04-01 00:00:00,0.10929468972567015
5677,31,2,2027-04-01 00:00:00,0.1148910401003055
5678,31,2,2028-04-01 00:00:00,0.12059439526221878
5679,31,2,2029-04-01 00:00:00,0.1263619532964988
5680,31,2,2030-04-01 00:00:00,0.13186199936258403
5681,31,2,2031-04-01 00:00:00,0.13711593441793002
5682,31,2,2032-04-01 00:00:00,0.14193114984543653
5683,31,2,2033-04-01 00:00:00,0.14630764564510357
5684,31,2,2034-04-01 00:00:00,0.15065204000858723
5685,31,2,2035-04-01 00:00:00,0.15523184490408232
5686,31,2,2036-04-01 00:00:00,0.16051788139561168
5687,31,2,2037-04-01 00:00:00,0.16546150256785172
5688,31,2,2038-04-01 00:00:00,0.17012691129316915
5689,31,2,2039-04-01 00:00:00,0.17396838315644658
5690,31,2,2040-04-01 00:00:00,0.17813086938155775
5691,31,2,2041-04-01 00:00:00,0.1830209881601588
5692,31,2,2042-04-01 00:00:00,0.18824282177932142
5693,31,2,2043-04-01 00:00:00,0.1927263223662664
5694,31,2,2044-04-01 00:00:00,0.19595786694205966
5695,31,2,2045-04-01 00:00:00,0.19871859045383009
5696,31,2,2046-04-01 00:00:00,0.20206784029562905
5697,31,2,2047-04-01 00:00:00,0.20595211407381764
5698,31,2,2048-04-01 00:00:00,0.20985778880946182
5699,31,2,2049-04-01 00:00:00,0.21314283577889404
5700,31,2,2050-04-01 00:00:00,0.2169415057272603
5701,31,2,2051-04-01 00:00:00,0.2186107804087959
5702,31,2,2052-04-01 00:00:00,0.22183162450586136
5703,31,2,2053-04-01 00:00:00,0.22463514993254294
5704,31,2,2054-04-01 00:00:00,0.22743867535922452
5705,31,3,2023-11-01 00:00:00,0.10030628759432464
5706,31,3,2024-11-01 00:00:00,0.11270814243983587
5707,31,3,2025-11-01 00:00:00,0.125784127445198
5708,31,3,2026-11-01 00:00:00,0.1395021411742277
5709,31,3,2027-11-01 00:00:00,0.15300614532870155
5710,31,3,2028-11-01 00:00:00,0.20686165476567997
5711,31,3,2029-11-01 00:00:00,0.2570468999990257
5712,31,3,2030-11-01 00:00:00,0.2984363517181261
5713,31,3,2031-11-01 00:00:00,0.3398472043946822
5714,31,3,2032-11-01 00:00:00,0.3812580570712382
5715,31,3,2033-11-01 00:00:00,0.38865208787214267
5716,31,3,2034-11-01 00:00:00,0.3954254909068352
5717,31,3,2035-11-01 00:00:00,0.40051891878126433
5718,31,3,2036-11-01 00:00:00,0.4068429017093895
5719,31,3,2037-11-01 00:00:00,0.4131454836800592
5720,31,3,2038-11-01 00:00:00,0.41715816320298127
5721,31,3,2039-11-01 00:00:00,0.4207214226193361
5722,31,3,2040-11-01 00:00:00,0.4254510342170203
5723,31,3,2041-11-01 00:00:00,0.4276660333136733
5724,31,3,2042-11-01 00:00:00,0.43041605634671587
5725,31,3,2043-11-01 00:00:00,0.43374390523105927
5726,31,3,2044-11-01 00:00:00,0.4330055721988416
5727,31,3,2045-11-01 00:00:00,0.4449473064590578
5728,31,3,2046-11-01 00:00:00,0.4568676397618183
5729,31,3,2047-11-01 00:00:00,0.4667013797126594
5730,31,3,2048-11-01 00:00:00,0.4781722929088527
5731,31,3,2049-11-01 00:00:00,0.48920448647720655
5732,31,3,2050-11-01 00:00:00,0.49168699754205436
5733,31,3,2051-11-01 00:00:00,0.49971235658789853
5734,31,3,2052-11-01 00:00:00,0.508957570208711
5735,31,3,2053-11-01 00:00:00,0.5194119379257641
5736,31,3,2024-04-01 00:00:00,0.10030628759432464
5737,31,3,2025-04-01 00:00:00,0.11203401227998497
5738,31,3,2026-04-01 00:00:00,0.12467127765750763
5739,31,3,2027-04-01 00:00:00,0.13703033058810768
5740,31,3,2028-04-01 00:00:00,0.15002071176364748
5741,31,3,2029-04-01 00:00:00,0.16400623746087198
5742,31,3,2030-04-01 00:00:00,0.17911531342451464
5743,31,3,2031-04-01 00:00:00,0.1949413214629194
5744,31,3,2032-04-01 00:00:00,0.21015740221384
5745,31,3,2033-04-01 00:00:00,0.22555539110313305
5746,31,3,2034-04-01 00:00:00,0.24019364600275286
5747,31,3,2035-04-01 00:00:00,0.2555595334558626
5748,31,3,2036-04-01 00:00:00,0.27162095202627873
5749,31,3,2037-04-01 00:00:00,0.2872008490539442
5750,31,3,2038-04-01 00:00:00,0.302716543209243
5751,31,3,2039-04-01 00:00:00,0.3167448708213787
5752,31,3,2040-04-01 00:00:00,0.3317897439126546
5753,31,3,2041-04-01 00:00:00,0.34769065530215393
5754,31,3,2042-04-01 00:00:00,0.3636129676491088
5755,31,3,2043-04-01 00:00:00,0.37818701967636187
5756,31,3,2044-04-01 00:00:00,0.3908884879262513
5757,31,3,2045-04-01 00:00:00,0.40254130926081705
5758,31,3,2046-04-01 00:00:00,0.41356280235044307
5759,31,3,2047-04-01 00:00:00,0.4243274839506021
5760,31,3,2048-04-01 00:00:00,0.43434313203981567
5761,31,3,2049-04-01 00:00:00,0.4422721867771097
5762,31,3,2050-04-01 00:00:00,0.45183841475975595
5763,31,3,2051-04-01 00:00:00,0.4540855152925924
5764,31,3,2052-04-01 00:00:00,0.4597995709332334
5765,31,3,2053-04-01 00:00:00,0.46808174146854464
5766,31,3,2054-04-01 00:00:00,0.476460216312406
5767,32,1,2023-11-01 00:00:00,0.001070047872779226
5768,32,1,2024-11-01 00:00:00,0.0010914488302348063
5769,32,1,2025-11-01 00:00:00,0.0011128497876903866
5770,32,1,2026-11-01 00:00:00,0.0011449512238737645
5771,32,1,2027-11-01 00:00:00,0.0015943713304410261
5772,32,1,2028-11-01 00:00:00,0.0021828976604696126
5773,32,1,2029-11-01 00:00:00,0.002707221118131443
5774,32,1,2030-11-01 00:00:00,0.0029212306926873067
5775,32,1,2031-11-01 00:00:00,0.003145940745970922
5776,32,1,2032-11-01 00:00:00,0.0033706507992545378
5777,32,1,2033-11-01 00:00:00,0.0034027522354379463
5778,32,1,2034-11-01 00:00:00,0.0034348536716213543
5779,32,1,2035-11-01 00:00:00,0.0034562546290769196
5780,32,1,2036-11-01 00:00:00,0.003488356065260267
5781,32,1,2037-11-01 00:00:00,0.0035097570227158323
5782,32,1,2038-11-01 00:00:00,0.0035418584588992404
5783,32,1,2039-11-01 00:00:00,0.003573959895082649
5784,32,1,2040-11-01 00:00:00,0.003616761809993779
5785,32,1,2041-11-01 00:00:00,0.003616761809993779
5786,32,1,2042-11-01 00:00:00,0.0036274622887215616
5787,32,1,2043-11-01 00:00:00,0.003648863246177127
5788,32,1,2044-11-01 00:00:00,0.0036488632461771876
5789,32,1,2045-11-01 00:00:00,0.0036488632461771876
5790,32,1,2046-11-01 00:00:00,0.0036488632461771876
5791,32,1,2047-11-01 00:00:00,0.0036488632461771876
5792,32,1,2048-11-01 00:00:00,0.00365956372490497
5793,32,1,2049-11-01 00:00:00,0.003680964682360535
5794,32,1,2050-11-01 00:00:00,0.003702365639816161
5795,32,1,2051-11-01 00:00:00,0.003766568512182917
5796,32,1,2052-11-01 00:00:00,0.003809370427094047
5797,32,1,2053-11-01 00:00:00,0.003852172342005238
5798,32,1,2024-04-01 00:00:00,0.001070047872779226
5799,32,1,2025-04-01 00:00:00,0.0010807483515070237
5800,32,1,2026-04-01 00:00:00,0.0011128497876904018
5801,32,1,2027-04-01 00:00:00,0.0011449512238737645
5802,32,1,2028-04-01 00:00:00,0.0011556517026015624
5803,32,1,2029-04-01 00:00:00,0.0011128497876904018
5804,32,1,2030-04-01 00:00:00,0.001102149308962604
5805,32,1,2031-04-01 00:00:00,0.0011128497876903866
5806,32,1,2032-04-01 00:00:00,0.0011128497876903866
5807,32,1,2033-04-01 00:00:00,0.0011235502664181842
5808,32,1,2034-04-01 00:00:00,0.001134250745145982
5809,32,1,2035-04-01 00:00:00,0.0011449512238737645
5810,32,1,2036-04-01 00:00:00,0.0011556517026015624
5811,32,1,2037-04-01 00:00:00,0.0011556517026015624
5812,32,1,2038-04-01 00:00:00,0.00116635218132936
5813,32,1,2039-04-01 00:00:00,0.0011770526600571578
5814,32,1,2040-04-01 00:00:00,0.0011877531387849403
5815,32,1,2041-04-01 00:00:00,0.0011877531387849403
5816,32,1,2042-04-01 00:00:00,0.0012091540962405206
5817,32,1,2043-04-01 00:00:00,0.0012091540962405206
5818,32,1,2044-04-01 00:00:00,0.001198453617512738
5819,32,1,2045-04-01 00:00:00,0.001198453617512738
5820,32,1,2046-04-01 00:00:00,0.001198453617512738
5821,32,1,2047-04-01 00:00:00,0.001198453617512738
5822,32,1,2048-04-01 00:00:00,0.0012091540962405358
5823,32,1,2049-04-01 00:00:00,0.0012091540962405206
5824,32,1,2050-04-01 00:00:00,0.0012198545749683182
5825,32,1,2051-04-01 00:00:00,0.0012091540962405358
5826,32,1,2052-04-01 00:00:00,0.0012412555324238985
5827,32,1,2053-04-01 00:00:00,0.0012519560111516964
5828,32,1,2054-04-01 00:00:00,0.001262656489879494
5829,32,2,2023-11-01 00:00:00,0.001070047872779226
5830,32,2,2024-11-01 00:00:00,0.0011128497876904018
5831,32,2,2025-11-01 00:00:00,0.00116635218132936
5832,32,2,2026-11-01 00:00:00,0.0012305550536961009
5833,32,2,2027-11-01 00:00:00,0.0015943713304410261
5834,32,2,2028-11-01 00:00:00,0.002182897660469643
5835,32,2,2029-11-01 00:00:00,0.0027179215968592256
5836,32,2,2030-11-01 00:00:00,0.003081737873604166
5837,32,2,2031-11-01 00:00:00,0.003445554150349137
5838,32,2,2032-11-01 00:00:00,0.003809370427094047
5839,32,2,2033-11-01 00:00:00,0.003852172342005238
5840,32,2,2034-11-01 00:00:00,0.0038949742569163682
5841,32,2,2035-11-01 00:00:00,0.003937776171827559
5842,32,2,2036-11-01 00:00:00,0.003991278565466533
5843,32,2,2037-11-01 00:00:00,0.004044780959105506
5844,32,2,2038-11-01 00:00:00,0.0040661819165610106
5845,32,2,2039-11-01 00:00:00,0.004108983831472201
5846,32,2,2040-11-01 00:00:00,0.0041410852676556096
5847,32,2,2041-11-01 00:00:00,0.0041624862251111745
5848,32,2,2042-11-01 00:00:00,0.004194587661294583
5849,32,2,2043-11-01 00:00:00,0.004226689097477931
5850,32,2,2044-11-01 00:00:00,0.004215988618750148
5851,32,2,2045-11-01 00:00:00,0.004226689097477931
5852,32,2,2046-11-01 00:00:00,0.004215988618750148
5853,32,2,2047-11-01 00:00:00,0.004226689097477931
5854,32,2,2048-11-01 00:00:00,0.004248090054933496
5855,32,2,2049-11-01 00:00:00,0.004248090054933496
5856,32,2,2050-11-01 00:00:00,0.004290891969844687
5857,32,2,2051-11-01 00:00:00,0.004365795320939225
5858,32,2,2052-11-01 00:00:00,0.0044299981933059816
5859,32,2,2053-11-01 00:00:00,0.004494201065672737
5860,32,2,2024-04-01 00:00:00,0.001070047872779226
5861,32,2,2025-04-01 00:00:00,0.0011128497876904018
5862,32,2,2026-04-01 00:00:00,0.00116635218132936
5863,32,2,2027-04-01 00:00:00,0.0012198545749683182
5864,32,2,2028-04-01 00:00:00,0.0012840574473350743
5865,32,2,2029-04-01 00:00:00,0.0013482603197018151
5866,32,2,2030-04-01 00:00:00,0.0014017627133407885
5867,32,2,2031-04-01 00:00:00,0.0014659655857075446
5868,32,2,2032-04-01 00:00:00,0.0015087675006187355
5869,32,2,2033-04-01 00:00:00,0.001551569415529896
5870,32,2,2034-04-01 00:00:00,0.001615772287896652
5871,32,2,2035-04-01 00:00:00,0.0016478737240800299
5872,32,2,2036-04-01 00:00:00,0.001712076596446786
5873,32,2,2037-04-01 00:00:00,0.001765578990085729
5874,32,2,2038-04-01 00:00:00,0.001819081383724672
5875,32,2,2039-04-01 00:00:00,0.0018511828199080501
5876,32,2,2040-04-01 00:00:00,0.001893984734819241
5877,32,2,2041-04-01 00:00:00,0.001958187607185997
5878,32,2,2042-04-01 00:00:00,0.0020116900008249703
5879,32,2,2043-04-01 00:00:00,0.0020544919157361005
5880,32,2,2044-04-01 00:00:00,0.002086593351919509
5881,32,2,2045-04-01 00:00:00,0.002118694788102857
5882,32,2,2046-04-01 00:00:00,0.0021614967030140473
5883,32,2,2047-04-01 00:00:00,0.002204298617925208
5884,32,2,2048-04-01 00:00:00,0.002236400054108586
5885,32,2,2049-04-01 00:00:00,0.0022792019690197466
5886,32,2,2050-04-01 00:00:00,0.0023113034052031248
5887,32,2,2051-04-01 00:00:00,0.0023327043626586897
5888,32,2,2052-04-01 00:00:00,0.002364805798842098
5889,32,2,2053-04-01 00:00:00,0.0023969072350254455
5890,32,2,2054-04-01 00:00:00,0.002418308192481041
5891,32,3,2023-11-01 00:00:00,0.001070047872779226
5892,32,3,2024-11-01 00:00:00,0.0012091540962405206
5893,32,3,2025-11-01 00:00:00,0.0013375598409740325
5894,32,3,2026-11-01 00:00:00,0.0014873665431631095
5895,32,3,2027-11-01 00:00:00,0.001626472766624404
5896,32,3,2028-11-01 00:00:00,0.002204298617925208
5897,32,3,2029-11-01 00:00:00,0.0027393225543148212
5898,32,3,2030-11-01 00:00:00,0.003188742660882113
5899,32,3,2031-11-01 00:00:00,0.0036274622887215616
5900,32,3,2032-11-01 00:00:00,0.004066181916561071
5901,32,3,2033-11-01 00:00:00,0.0041410852676556096
5902,32,3,2034-11-01 00:00:00,0.004215988618750148
5903,32,3,2035-11-01 00:00:00,0.004280191491116904
5904,32,3,2036-11-01 00:00:00,0.00434439436348366
5905,32,3,2037-11-01 00:00:00,0.004408597235850416
5906,32,3,2038-11-01 00:00:00,0.0044513991507615465
5907,32,3,2039-11-01 00:00:00,0.004483500586944955
5908,32,3,2040-11-01 00:00:00,0.004537002980583868
5909,32,3,2041-11-01 00:00:00,0.004569104416767275
5910,32,3,2042-11-01 00:00:00,0.004590505374222841
5911,32,3,2043-11-01 00:00:00,0.0046226068104062495
5912,32,3,2044-11-01 00:00:00,0.004611906331678467
5913,32,3,2045-11-01 00:00:00,0.004740312076411978
5914,32,3,2046-11-01 00:00:00,0.004868717821145491
5915,32,3,2047-11-01 00:00:00,0.00498642308715122
5916,32,3,2048-11-01 00:00:00,0.005093427874429107
5917,32,3,2049-11-01 00:00:00,0.005221833619162618
5918,32,3,2050-11-01 00:00:00,0.005243234576618183
5919,32,3,2051-11-01 00:00:00,0.005339538885168348
5920,32,3,2052-11-01 00:00:00,0.005435843193718512
5921,32,3,2053-11-01 00:00:00,0.005542847980996337
5922,32,3,2024-04-01 00:00:00,0.001070047872779226
5923,32,3,2025-04-01 00:00:00,0.0011984536175127227
5924,32,3,2026-04-01 00:00:00,0.0013268593622462349
5925,32,3,2027-04-01 00:00:00,0.0014659655857075446
5926,32,3,2028-04-01 00:00:00,0.0015943713304410565
5927,32,3,2029-04-01 00:00:00,0.0017441780326301335
5928,32,3,2030-04-01 00:00:00,0.0019153856922748365
5929,32,3,2031-04-01 00:00:00,0.0020758928731916962
5930,32,3,2032-04-01 00:00:00,0.002236400054108586
5931,32,3,2033-04-01 00:00:00,0.0024076077137532587
5932,32,3,2034-04-01 00:00:00,0.002557414415942366
5933,32,3,2035-04-01 00:00:00,0.002728622075587008
5934,32,3,2036-04-01 00:00:00,0.002899829735231711
5935,32,3,2037-04-01 00:00:00,0.003060336916148601
5936,32,3,2038-04-01 00:00:00,0.003231544575793304
5937,32,3,2039-04-01 00:00:00,0.003381351277982381
5938,32,3,2040-04-01 00:00:00,0.0035418584588992404
5939,32,3,2041-04-01 00:00:00,0.0037023656398161003
5940,32,3,2042-04-01 00:00:00,0.003873573299460803
5941,32,3,2043-04-01 00:00:00,0.004034080480377663
5942,32,3,2044-04-01 00:00:00,0.004173186703838957
5943,32,3,2045-04-01 00:00:00,0.004290891969844687
5944,32,3,2046-04-01 00:00:00,0.004408597235850416
5945,32,3,2047-04-01 00:00:00,0.004526302501856085
5946,32,3,2048-04-01 00:00:00,0.0046333072891340315
5947,32,3,2049-04-01 00:00:00,0.004718911118956413
5948,32,3,2050-04-01 00:00:00,0.0048259159062342995
5949,32,3,2051-04-01 00:00:00,0.004847316863689864
5950,32,3,2052-04-01 00:00:00,0.004900819257328838
5951,32,3,2053-04-01 00:00:00,0.0049971235658790025
5952,32,3,2054-04-01 00:00:00,0.005082727395701324
