id,id_dr,scenario,date,value
1,1,1,2023-11-01 00:00:00,0.007240932436698414
2,1,1,2024-11-01 00:00:00,0.007240932436698414
3,1,1,2025-11-01 00:00:00,0.0064363843881763685
4,1,1,2026-11-01 00:00:00,0.005430699327523811
5,1,1,2027-11-01 00:00:00,0.005631836339654322
6,1,1,2028-11-01 00:00:00,0.005631836339654322
7,1,1,2029-11-01 00:00:00,0.005832973351784833
8,1,1,2030-11-01 00:00:00,0.006034110363915345
9,1,1,2031-11-01 00:00:00,0.006034110363915345
10,1,1,2032-11-01 00:00:00,0.006235247376045857
11,1,1,2033-11-01 00:00:00,0.006235247376045857
12,1,1,2034-11-01 00:00:00,0.006235247376045857
13,1,1,2035-11-01 00:00:00,0.006235247376045857
14,1,1,2036-11-01 00:00:00,0.006235247376045857
15,1,1,2037-11-01 00:00:00,0.006235247376045857
16,1,1,2038-11-01 00:00:00,0.006235247376045857
17,1,1,2039-11-01 00:00:00,0.006235247376045857
18,1,1,2040-11-01 00:00:00,0.006235247376045857
19,1,1,2041-11-01 00:00:00,0.006235247376045857
20,1,1,2042-11-01 00:00:00,0.006235247376045857
21,1,1,2043-11-01 00:00:00,0.0064363843881763685
22,1,1,2044-11-01 00:00:00,0.006235247376045857
23,1,1,2045-11-01 00:00:00,0.006235247376045857
24,1,1,2046-11-01 00:00:00,0.006235247376045857
25,1,1,2047-11-01 00:00:00,0.006235247376045857
26,1,1,2048-11-01 00:00:00,0.006235247376045857
27,1,1,2049-11-01 00:00:00,0.006235247376045857
28,1,1,2050-11-01 00:00:00,0.006034110363915345
29,1,1,2051-11-01 00:00:00,0.006034110363915345
30,1,1,2052-11-01 00:00:00,0.006034110363915345
31,1,1,2053-11-01 00:00:00,0.006034110363915345
32,1,1,2024-04-01 00:00:00,0.007240932436698414
33,1,1,2025-04-01 00:00:00,0.006838658412437392
34,1,1,2026-04-01 00:00:00,0.006034110363915345
35,1,1,2027-04-01 00:00:00,0.005832973351784833
36,1,1,2028-04-01 00:00:00,0.006034110363915345
37,1,1,2029-04-01 00:00:00,0.006034110363915345
38,1,1,2030-04-01 00:00:00,0.006235247376045857
39,1,1,2031-04-01 00:00:00,0.006235247376045857
40,1,1,2032-04-01 00:00:00,0.0064363843881763685
41,1,1,2033-04-01 00:00:00,0.0064363843881763685
42,1,1,2034-04-01 00:00:00,0.0064363843881763685
43,1,1,2035-04-01 00:00:00,0.0064363843881763685
44,1,1,2036-04-01 00:00:00,0.0064363843881763685
45,1,1,2037-04-01 00:00:00,0.0064363843881763685
46,1,1,2038-04-01 00:00:00,0.0064363843881763685
47,1,1,2039-04-01 00:00:00,0.0064363843881763685
48,1,1,2040-04-01 00:00:00,0.0064363843881763685
49,1,1,2041-04-01 00:00:00,0.0064363843881763685
50,1,1,2042-04-01 00:00:00,0.00663752140030688
51,1,1,2043-04-01 00:00:00,0.00663752140030688
52,1,1,2044-04-01 00:00:00,0.00663752140030688
53,1,1,2045-04-01 00:00:00,0.0064363843881763685
54,1,1,2046-04-01 00:00:00,0.0064363843881763685
55,1,1,2047-04-01 00:00:00,0.0064363843881763685
56,1,1,2048-04-01 00:00:00,0.0064363843881763685
57,1,1,2049-04-01 00:00:00,0.0064363843881763685
58,1,1,2050-04-01 00:00:00,0.0064363843881763685
59,1,1,2051-04-01 00:00:00,0.006235247376045857
60,1,1,2052-04-01 00:00:00,0.006235247376045857
61,1,1,2053-04-01 00:00:00,0.006235247376045857
62,1,1,2054-04-01 00:00:00,0.006235247376045857
63,1,2,2023-11-01 00:00:00,0.007240932436698414
64,1,2,2024-11-01 00:00:00,0.010056850606525575
65,1,2,2025-11-01 00:00:00,0.012671631764222225
66,1,2,2026-11-01 00:00:00,0.0156886869461799
67,1,2,2027-11-01 00:00:00,0.01830346810387655
68,1,2,2028-11-01 00:00:00,0.02111938627370371
69,1,2,2029-11-01 00:00:00,0.023734167431400357
70,1,2,2030-11-01 00:00:00,0.026952359625488545
71,1,2,2031-11-01 00:00:00,0.03057282584383775
72,1,2,2032-11-01 00:00:00,0.034394429074317466
73,1,2,2033-11-01 00:00:00,0.03781375828053616
74,1,2,2034-11-01 00:00:00,0.04123308748675485
75,1,2,2035-11-01 00:00:00,0.044451279680843045
76,1,2,2036-11-01 00:00:00,0.04787060888706174
77,1,2,2037-11-01 00:00:00,0.05128993809328043
78,1,2,2038-11-01 00:00:00,0.05430699327523811
79,1,2,2039-11-01 00:00:00,0.05692177443293476
80,1,2,2040-11-01 00:00:00,0.05993882961489243
81,1,2,2041-11-01 00:00:00,0.06315702180898061
82,1,2,2042-11-01 00:00:00,0.06677748802732981
83,1,2,2043-11-01 00:00:00,0.07019681723354852
84,1,2,2044-11-01 00:00:00,0.0732138724155062
85,1,2,2045-11-01 00:00:00,0.07623092759746386
86,1,2,2046-11-01 00:00:00,0.0788457087551605
87,1,2,2047-11-01 00:00:00,0.08146048991285716
88,1,2,2048-11-01 00:00:00,0.08447754509481484
89,1,2,2049-11-01 00:00:00,0.08669005222825045
90,1,2,2050-11-01 00:00:00,0.0854832301554674
91,1,2,2051-11-01 00:00:00,0.08367299704629279
92,1,2,2052-11-01 00:00:00,0.0822650379613792
93,1,2,2053-11-01 00:00:00,0.0818627639371182
94,1,2,2024-04-01 00:00:00,0.007240932436698414
95,1,2,2025-04-01 00:00:00,0.010660261642917111
96,1,2,2026-04-01 00:00:00,0.014079590849135805
97,1,2,2027-04-01 00:00:00,0.017700057067485012
98,1,2,2028-04-01 00:00:00,0.02111938627370371
99,1,2,2029-04-01 00:00:00,0.024739852492052915
100,1,2,2030-04-01 00:00:00,0.02815918169827161
101,1,2,2031-04-01 00:00:00,0.03198078492875133
102,1,2,2032-04-01 00:00:00,0.03640579919562258
103,1,2,2033-04-01 00:00:00,0.04103195047462435
104,1,2,2034-04-01 00:00:00,0.0454569647414956
105,1,2,2035-04-01 00:00:00,0.04947970498410583
106,1,2,2036-04-01 00:00:00,0.053502445226716065
107,1,2,2037-04-01 00:00:00,0.0577263224814568
108,1,2,2038-04-01 00:00:00,0.06154792571193652
109,1,2,2039-04-01 00:00:00,0.06536952894241624
110,1,2,2040-04-01 00:00:00,0.06898999516076545
111,1,2,2041-04-01 00:00:00,0.07281159839124517
112,1,2,2042-04-01 00:00:00,0.07703547564598591
113,1,2,2043-04-01 00:00:00,0.08125935290072665
114,1,2,2044-04-01 00:00:00,0.0854832301554674
115,1,2,2045-04-01 00:00:00,0.0891036963738166
116,1,2,2046-04-01 00:00:00,0.09252302558003529
117,1,2,2047-04-01 00:00:00,0.09594235478625399
118,1,2,2048-04-01 00:00:00,0.0995628210046032
119,1,2,2049-04-01 00:00:00,0.1031832872229524
120,1,2,2050-04-01 00:00:00,0.1066026164291711
121,1,2,2051-04-01 00:00:00,0.104993520332127
122,1,2,2052-04-01 00:00:00,0.10358556124721344
123,1,2,2053-04-01 00:00:00,0.10197646515016934
124,1,2,2054-04-01 00:00:00,0.1015741911259083
125,1,3,2023-11-01 00:00:00,0.007240932436698414
126,1,3,2024-11-01 00:00:00,0.013073905788483248
127,1,3,2025-11-01 00:00:00,0.019510290176659617
128,1,3,2026-11-01 00:00:00,0.02655008560122752
129,1,3,2027-11-01 00:00:00,0.03399215505005644
130,1,3,2028-11-01 00:00:00,0.040629676450363326
131,1,3,2029-11-01 00:00:00,0.047267197850670205
132,1,3,2030-11-01 00:00:00,0.05450813028736862
133,1,3,2031-11-01 00:00:00,0.0627547477847196
134,1,3,2032-11-01 00:00:00,0.07120250229420108
135,1,3,2033-11-01 00:00:00,0.07944911979155204
136,1,3,2034-11-01 00:00:00,0.08709232625251148
137,1,3,2035-11-01 00:00:00,0.0943332586892099
138,1,3,2036-11-01 00:00:00,0.10217760216229985
139,1,3,2037-11-01 00:00:00,0.11042421965965082
140,1,3,2038-11-01 00:00:00,0.11846970014487128
141,1,3,2039-11-01 00:00:00,0.12631404361796122
142,1,3,2040-11-01 00:00:00,0.1347617981274427
143,1,3,2041-11-01 00:00:00,0.1430084156247937
144,1,3,2042-11-01 00:00:00,0.15105389611001413
145,1,3,2043-11-01 00:00:00,0.1588982395831041
146,1,3,2044-11-01 00:00:00,0.16533462397128046
147,1,3,2045-11-01 00:00:00,0.17277669342010937
148,1,3,2046-11-01 00:00:00,0.17981648884467727
149,1,3,2047-11-01 00:00:00,0.18625287323285367
150,1,3,2048-11-01 00:00:00,0.19067788749972492
151,1,3,2049-11-01 00:00:00,0.19449949073020462
152,1,3,2050-11-01 00:00:00,0.19067788749972492
153,1,3,2051-11-01 00:00:00,0.18806310634202825
154,1,3,2052-11-01 00:00:00,0.18564946219646214
155,1,3,2053-11-01 00:00:00,0.18424150311154855
156,1,3,2024-04-01 00:00:00,0.007240932436698414
157,1,3,2025-04-01 00:00:00,0.014481864873396828
158,1,3,2026-04-01 00:00:00,0.02252734535861729
159,1,3,2027-04-01 00:00:00,0.030975099868098772
160,1,3,2028-04-01 00:00:00,0.03962399138971077
161,1,3,2029-04-01 00:00:00,0.04787060888706174
162,1,3,2030-04-01 00:00:00,0.05611722638441271
163,1,3,2031-04-01 00:00:00,0.06476611790602471
164,1,3,2032-04-01 00:00:00,0.07462183150041977
165,1,3,2033-04-01 00:00:00,0.08487981911907586
166,1,3,2034-04-01 00:00:00,0.09513780673773195
167,1,3,2035-04-01 00:00:00,0.10398783527147445
168,1,3,2036-04-01 00:00:00,0.11324013782947798
169,1,3,2037-04-01 00:00:00,0.12289471441174253
170,1,3,2038-04-01 00:00:00,0.1327504280061376
171,1,3,2039-04-01 00:00:00,0.14240500458840216
172,1,3,2040-04-01 00:00:00,0.1520595811706667
173,1,3,2041-04-01 00:00:00,0.16191529476506178
174,1,3,2042-04-01 00:00:00,0.1717710083594568
175,1,3,2043-04-01 00:00:00,0.18162672195385188
176,1,3,2044-04-01 00:00:00,0.19087902451185543
177,1,3,2045-04-01 00:00:00,0.1991256420092064
178,1,3,2046-04-01 00:00:00,0.2075733965186879
179,1,3,2047-04-01 00:00:00,0.21602115102816935
180,1,3,2048-04-01 00:00:00,0.22225639840421524
181,1,3,2049-04-01 00:00:00,0.22808937175600005
182,1,3,2050-04-01 00:00:00,0.2343246191320459
183,1,3,2051-04-01 00:00:00,0.2323132490107408
184,1,3,2052-04-01 00:00:00,0.22989960486517466
185,1,3,2053-04-01 00:00:00,0.22748596071960853
186,1,3,2054-04-01 00:00:00,0.22607800163469494
187,2,1,2023-11-01 00:00:00,0.11243558978095593
188,2,1,2024-11-01 00:00:00,0.11344127484160849
189,2,1,2025-11-01 00:00:00,0.09895940996821166
190,2,1,2026-11-01 00:00:00,0.0858855041797284
191,2,1,2027-11-01 00:00:00,0.08628777820398943
192,2,1,2028-11-01 00:00:00,0.08809801131316404
193,2,1,2029-11-01 00:00:00,0.09051165545873018
194,2,1,2030-11-01 00:00:00,0.09272416259216582
195,2,1,2031-11-01 00:00:00,0.09473553271347092
196,2,1,2032-11-01 00:00:00,0.09533894374986246
197,2,1,2033-11-01 00:00:00,0.09554008076199297
198,2,1,2034-11-01 00:00:00,0.09614349179838451
199,2,1,2035-11-01 00:00:00,0.09554008076199297
200,2,1,2036-11-01 00:00:00,0.095942354786254
201,2,1,2037-11-01 00:00:00,0.09614349179838451
202,2,1,2038-11-01 00:00:00,0.09654576582264554
203,2,1,2039-11-01 00:00:00,0.09674690283477605
204,2,1,2040-11-01 00:00:00,0.09755145088329809
205,2,1,2041-11-01 00:00:00,0.0977525878954286
206,2,1,2042-11-01 00:00:00,0.09835599893182013
207,2,1,2043-11-01 00:00:00,0.09835599893182012
208,2,1,2044-11-01 00:00:00,0.09815486191968963
209,2,1,2045-11-01 00:00:00,0.09815486191968963
210,2,1,2046-11-01 00:00:00,0.0979537249075591
211,2,1,2047-11-01 00:00:00,0.09815486191968963
212,2,1,2048-11-01 00:00:00,0.09815486191968963
213,2,1,2049-11-01 00:00:00,0.09714917685903705
214,2,1,2050-11-01 00:00:00,0.09513780673773195
215,2,1,2051-11-01 00:00:00,0.09372984765281836
216,2,1,2052-11-01 00:00:00,0.09332757362855736
217,2,1,2053-11-01 00:00:00,0.09332757362855736
218,2,1,2024-04-01 00:00:00,0.11243558978095593
219,2,1,2025-04-01 00:00:00,0.10519465734425752
220,2,1,2026-04-01 00:00:00,0.09493666972560143
221,2,1,2027-04-01 00:00:00,0.09171847753151324
222,2,1,2028-04-01 00:00:00,0.09232188856790478
223,2,1,2029-04-01 00:00:00,0.09372984765281836
224,2,1,2030-04-01 00:00:00,0.09574121777412349
225,2,1,2031-04-01 00:00:00,0.09755145088329809
226,2,1,2032-04-01 00:00:00,0.09916054698034217
227,2,1,2033-04-01 00:00:00,0.09956282100460319
228,2,1,2034-04-01 00:00:00,0.10056850606525575
229,2,1,2035-04-01 00:00:00,0.10036736905312522
230,2,1,2036-04-01 00:00:00,0.10036736905312522
231,2,1,2037-04-01 00:00:00,0.10056850606525575
232,2,1,2038-04-01 00:00:00,0.10076964307738626
233,2,1,2039-04-01 00:00:00,0.10097078008951677
234,2,1,2040-04-01 00:00:00,0.1013730541137778
235,2,1,2041-04-01 00:00:00,0.1015741911259083
236,2,1,2042-04-01 00:00:00,0.10177532813803881
237,2,1,2043-04-01 00:00:00,0.10177532813803881
238,2,1,2044-04-01 00:00:00,0.10177532813803881
239,2,1,2045-04-01 00:00:00,0.1015741911259083
240,2,1,2046-04-01 00:00:00,0.10097078008951677
241,2,1,2047-04-01 00:00:00,0.10056850606525575
242,2,1,2048-04-01 00:00:00,0.10036736905312522
243,2,1,2049-04-01 00:00:00,0.10016623204099472
244,2,1,2050-04-01 00:00:00,0.09936168399247268
245,2,1,2051-04-01 00:00:00,0.0977525878954286
246,2,1,2052-04-01 00:00:00,0.09654576582264554
247,2,1,2053-04-01 00:00:00,0.095942354786254
248,2,1,2054-04-01 00:00:00,0.09554008076199297
249,2,2,2023-11-01 00:00:00,0.11243558978095593
250,2,2,2024-11-01 00:00:00,0.15467436232836335
251,2,2,2025-11-01 00:00:00,0.19651086085150973
252,2,2,2026-11-01 00:00:00,0.24196782559300536
253,2,2,2027-11-01 00:00:00,0.2848100091768043
254,2,2,2028-11-01 00:00:00,0.32724991873634224
255,2,2,2029-11-01 00:00:00,0.36948869128374967
256,2,2,2030-11-01 00:00:00,0.4169570261465504
257,2,2,2031-11-01 00:00:00,0.47407993759161565
258,2,2,2032-11-01 00:00:00,0.533214219157986
259,2,2,2033-11-01 00:00:00,0.5887280345060072
260,2,2,2034-11-01 00:00:00,0.6396156985750266
261,2,2,2035-11-01 00:00:00,0.6894976775833934
262,2,2,2036-11-01 00:00:00,0.7421955747615875
263,2,2,2037-11-01 00:00:00,0.7952957459640426
264,2,2,2038-11-01 00:00:00,0.8417583957661905
265,2,2,2039-11-01 00:00:00,0.8850028533742507
266,2,2,2040-11-01 00:00:00,0.9304598181157463
267,2,2,2041-11-01 00:00:00,0.9815486191968961
268,2,2,2042-11-01 00:00:00,1.0374647085691784
269,2,2,2043-11-01 00:00:00,1.091570564832286
270,2,2,2044-11-01 00:00:00,1.1376309406101732
271,2,2,2045-11-01 00:00:00,1.1830879053516687
272,2,2,2046-11-01 00:00:00,1.2255278149112065
273,2,2,2047-11-01 00:00:00,1.264548395264526
274,2,2,2048-11-01 00:00:00,1.3110110450666739
275,2,2,2049-11-01 00:00:00,1.346813433225905
276,2,2,2050-11-01 00:00:00,1.3258951839643318
277,2,2,2051-11-01 00:00:00,1.3005519204358873
278,2,2,2052-11-01 00:00:00,1.2788291231257922
279,2,2,2053-11-01 00:00:00,1.2723927387376157
280,2,2,2024-04-01 00:00:00,0.11243558978095593
281,2,2,2025-04-01 00:00:00,0.16493234994701947
282,2,2,2026-04-01 00:00:00,0.2200438912707796
283,2,2,2027-04-01 00:00:00,0.27515543259453973
284,2,2,2028-04-01 00:00:00,0.3294624258697778
285,2,2,2029-04-01 00:00:00,0.3833671451207549
286,2,2,2030-04-01 00:00:00,0.4378752754081236
287,2,2,2031-04-01 00:00:00,0.49660728295023293
288,2,2,2032-04-01 00:00:00,0.5653961410988679
289,2,2,2033-04-01 00:00:00,0.6357940953445469
290,2,2,2034-04-01 00:00:00,0.705789775565965
291,2,2,2035-04-01 00:00:00,0.7671365642657709
292,2,2,2036-04-01 00:00:00,0.8310981341232734
293,2,2,2037-04-01 00:00:00,0.8954619780050374
294,2,2,2038-04-01 00:00:00,0.9572110407291042
295,2,2,2039-04-01 00:00:00,1.0139316781499084
296,2,2,2040-04-01 00:00:00,1.0704511785585822
297,2,2,2041-04-01 00:00:00,1.1307922821977359
298,2,2,2042-04-01 00:00:00,1.194552715043108
299,2,2,2043-04-01 00:00:00,1.2615313400825683
300,2,2,2044-04-01 00:00:00,1.3258951839643318
301,2,2,2045-04-01 00:00:00,1.3832192324215278
302,2,2,2046-04-01 00:00:00,1.4367216776482439
303,2,2,2047-04-01 00:00:00,1.4912298079356123
304,2,2,2048-04-01 00:00:00,1.546542486271503
305,2,2,2049-04-01 00:00:00,1.6020563016195242
306,2,2,2050-04-01 00:00:00,1.655759883858371
307,2,2,2051-04-01 00:00:00,1.6314223053905788
308,2,2,2052-04-01 00:00:00,1.6070847269227868
309,2,2,2053-04-01 00:00:00,1.5847585185763
310,2,2,2054-04-01 00:00:00,1.5785232712002544
311,2,3,2023-11-01 00:00:00,0.11243558978095593
312,2,3,2024-11-01 00:00:00,0.20355065627607763
313,2,3,2025-11-01 00:00:00,0.30170551819576724
314,2,3,2026-11-01 00:00:00,0.4119286008432876
315,2,3,2027-11-01 00:00:00,0.5265766977576791
316,2,3,2028-11-01 00:00:00,0.6299611219927621
317,2,3,2029-11-01 00:00:00,0.734954642324889
318,2,3,2030-11-01 00:00:00,0.8455799989966704
319,2,3,2031-11-01 00:00:00,0.9726985906631537
320,2,3,2032-11-01 00:00:00,1.1060524297056828
321,2,3,2033-11-01 00:00:00,1.2343778434449488
322,2,3,2034-11-01 00:00:00,1.3512384474927766
323,2,3,2035-11-01 00:00:00,1.4634729002616018
324,2,3,2036-11-01 00:00:00,1.5877755737582577
325,2,3,2037-11-01 00:00:00,1.7154975764611329
326,2,3,2038-11-01 00:00:00,1.8410070720305718
327,2,3,2039-11-01 00:00:00,1.9616892793088787
328,2,3,2040-11-01 00:00:00,2.093434022254364
329,2,3,2041-11-01 00:00:00,2.219345791848064
330,2,3,2042-11-01 00:00:00,2.3446541504053724
331,2,3,2043-11-01 00:00:00,2.465939768720071
332,2,3,2044-11-01 00:00:00,2.568117370882371
333,2,3,2045-11-01 00:00:00,2.6815586457239795
334,2,3,2046-11-01 00:00:00,2.7929885504442833
335,2,3,2047-11-01 00:00:00,2.8915456863882336
336,2,3,2048-11-01 00:00:00,2.959932270512607
337,2,3,2049-11-01 00:00:00,3.0188654150668475
338,2,3,2050-11-01 00:00:00,2.9603345445368685
339,2,3,2051-11-01 00:00:00,2.921112827171419
340,2,3,2052-11-01 00:00:00,2.883500205903013
341,2,3,2053-11-01 00:00:00,2.8605705865201347
342,2,3,2024-04-01 00:00:00,0.11243558978095593
343,2,3,2025-04-01 00:00:00,0.2258768646225644
344,2,3,2026-04-01 00:00:00,0.350380675131351
345,2,3,2027-04-01 00:00:00,0.4823265550889666
346,2,3,2028-04-01 00:00:00,0.6150769830951042
347,2,3,2029-04-01 00:00:00,0.7423967117737179
348,2,3,2030-04-01 00:00:00,0.8711243995372454
349,2,3,2031-04-01 00:00:00,1.0068918827253406
350,2,3,2032-04-01 00:00:00,1.1603594229809209
351,2,3,2033-04-01 00:00:00,1.317648566466981
352,2,3,2034-04-01 00:00:00,1.4765468060500848
353,2,3,2035-04-01 00:00:00,1.6155324814322682
354,2,3,2036-04-01 00:00:00,1.7571329379721485
355,2,3,2037-04-01 00:00:00,1.906778874997249
356,2,3,2038-04-01 00:00:00,2.0604475522649603
357,2,3,2039-04-01 00:00:00,2.2104957633143214
358,2,3,2040-04-01 00:00:00,2.360946248387944
359,2,3,2041-04-01 00:00:00,2.5142126516313943
360,2,3,2042-04-01 00:00:00,2.6682836029233656
361,2,3,2043-04-01 00:00:00,2.819739773057641
362,2,3,2044-04-01 00:00:00,2.9631504627066954
363,2,3,2045-04-01 00:00:00,3.0912747394338314
364,2,3,2046-04-01 00:00:00,3.2242263044521
365,2,3,2047-04-01 00:00:00,3.353155129227757
366,2,3,2048-04-01 00:00:00,3.4497008950504027
367,2,3,2049-04-01 00:00:00,3.5428273316668295
368,2,3,2050-04-01 00:00:00,3.63736172736817
369,2,3,2051-04-01 00:00:00,3.6057832164636796
370,2,3,2052-04-01 00:00:00,3.570986513365101
371,2,3,2053-04-01 00:00:00,3.531965933011782
372,2,3,2054-04-01 00:00:00,3.511248820762339
373,3,1,2023-11-01 00:00:00,0
374,3,1,2024-11-01 00:00:00,0
375,3,1,2025-11-01 00:00:00,0
376,3,1,2026-11-01 00:00:00,0
377,3,1,2027-11-01 00:00:00,0
378,3,1,2028-11-01 00:00:00,0
379,3,1,2029-11-01 00:00:00,0
380,3,1,2030-11-01 00:00:00,0
381,3,1,2031-11-01 00:00:00,0
382,3,1,2032-11-01 00:00:00,0
383,3,1,2033-11-01 00:00:00,0
384,3,1,2034-11-01 00:00:00,0
385,3,1,2035-11-01 00:00:00,0
386,3,1,2036-11-01 00:00:00,0
387,3,1,2037-11-01 00:00:00,0
388,3,1,2038-11-01 00:00:00,0
389,3,1,2039-11-01 00:00:00,0
390,3,1,2040-11-01 00:00:00,0
391,3,1,2041-11-01 00:00:00,0
392,3,1,2042-11-01 00:00:00,0
393,3,1,2043-11-01 00:00:00,0
394,3,1,2044-11-01 00:00:00,0
395,3,1,2045-11-01 00:00:00,0
396,3,1,2046-11-01 00:00:00,0
397,3,1,2047-11-01 00:00:00,0
398,3,1,2048-11-01 00:00:00,0
399,3,1,2049-11-01 00:00:00,0
400,3,1,2050-11-01 00:00:00,0
401,3,1,2051-11-01 00:00:00,0
402,3,1,2052-11-01 00:00:00,0
403,3,1,2053-11-01 00:00:00,0
404,3,1,2024-04-01 00:00:00,0
405,3,1,2025-04-01 00:00:00,0
406,3,1,2026-04-01 00:00:00,0
407,3,1,2027-04-01 00:00:00,0
408,3,1,2028-04-01 00:00:00,0
409,3,1,2029-04-01 00:00:00,0
410,3,1,2030-04-01 00:00:00,0
411,3,1,2031-04-01 00:00:00,0
412,3,1,2032-04-01 00:00:00,0
413,3,1,2033-04-01 00:00:00,0
414,3,1,2034-04-01 00:00:00,0
415,3,1,2035-04-01 00:00:00,0
416,3,1,2036-04-01 00:00:00,0
417,3,1,2037-04-01 00:00:00,0
418,3,1,2038-04-01 00:00:00,0
419,3,1,2039-04-01 00:00:00,0
420,3,1,2040-04-01 00:00:00,0
421,3,1,2041-04-01 00:00:00,0
422,3,1,2042-04-01 00:00:00,0
423,3,1,2043-04-01 00:00:00,0
424,3,1,2044-04-01 00:00:00,0
425,3,1,2045-04-01 00:00:00,0
426,3,1,2046-04-01 00:00:00,0
427,3,1,2047-04-01 00:00:00,0
428,3,1,2048-04-01 00:00:00,0
429,3,1,2049-04-01 00:00:00,0
430,3,1,2050-04-01 00:00:00,0
431,3,1,2051-04-01 00:00:00,0
432,3,1,2052-04-01 00:00:00,0
433,3,1,2053-04-01 00:00:00,0
434,3,1,2054-04-01 00:00:00,0
435,3,2,2023-11-01 00:00:00,0
436,3,2,2024-11-01 00:00:00,0
437,3,2,2025-11-01 00:00:00,0
438,3,2,2026-11-01 00:00:00,0
439,3,2,2027-11-01 00:00:00,0
440,3,2,2028-11-01 00:00:00,0
441,3,2,2029-11-01 00:00:00,0
442,3,2,2030-11-01 00:00:00,0
443,3,2,2031-11-01 00:00:00,0
444,3,2,2032-11-01 00:00:00,0
445,3,2,2033-11-01 00:00:00,0
446,3,2,2034-11-01 00:00:00,0
447,3,2,2035-11-01 00:00:00,0
448,3,2,2036-11-01 00:00:00,0
449,3,2,2037-11-01 00:00:00,0
450,3,2,2038-11-01 00:00:00,0
451,3,2,2039-11-01 00:00:00,0
452,3,2,2040-11-01 00:00:00,0
453,3,2,2041-11-01 00:00:00,0
454,3,2,2042-11-01 00:00:00,0
455,3,2,2043-11-01 00:00:00,0
456,3,2,2044-11-01 00:00:00,0
457,3,2,2045-11-01 00:00:00,0
458,3,2,2046-11-01 00:00:00,0
459,3,2,2047-11-01 00:00:00,0
460,3,2,2048-11-01 00:00:00,0
461,3,2,2049-11-01 00:00:00,0
462,3,2,2050-11-01 00:00:00,0
463,3,2,2051-11-01 00:00:00,0
464,3,2,2052-11-01 00:00:00,0
465,3,2,2053-11-01 00:00:00,0
466,3,2,2024-04-01 00:00:00,0
467,3,2,2025-04-01 00:00:00,0
468,3,2,2026-04-01 00:00:00,0
469,3,2,2027-04-01 00:00:00,0
470,3,2,2028-04-01 00:00:00,0
471,3,2,2029-04-01 00:00:00,0
472,3,2,2030-04-01 00:00:00,0
473,3,2,2031-04-01 00:00:00,0
474,3,2,2032-04-01 00:00:00,0
475,3,2,2033-04-01 00:00:00,0
476,3,2,2034-04-01 00:00:00,0
477,3,2,2035-04-01 00:00:00,0
478,3,2,2036-04-01 00:00:00,0
479,3,2,2037-04-01 00:00:00,0
480,3,2,2038-04-01 00:00:00,0
481,3,2,2039-04-01 00:00:00,0
482,3,2,2040-04-01 00:00:00,0
483,3,2,2041-04-01 00:00:00,0
484,3,2,2042-04-01 00:00:00,0
485,3,2,2043-04-01 00:00:00,0
486,3,2,2044-04-01 00:00:00,0
487,3,2,2045-04-01 00:00:00,0
488,3,2,2046-04-01 00:00:00,0
489,3,2,2047-04-01 00:00:00,0
490,3,2,2048-04-01 00:00:00,0
491,3,2,2049-04-01 00:00:00,0
492,3,2,2050-04-01 00:00:00,0
493,3,2,2051-04-01 00:00:00,0
494,3,2,2052-04-01 00:00:00,0
495,3,2,2053-04-01 00:00:00,0
496,3,2,2054-04-01 00:00:00,0
497,3,3,2023-11-01 00:00:00,0
498,3,3,2024-11-01 00:00:00,0
499,3,3,2025-11-01 00:00:00,0
500,3,3,2026-11-01 00:00:00,0
501,3,3,2027-11-01 00:00:00,0
502,3,3,2028-11-01 00:00:00,0
503,3,3,2029-11-01 00:00:00,0
504,3,3,2030-11-01 00:00:00,0
505,3,3,2031-11-01 00:00:00,0
506,3,3,2032-11-01 00:00:00,0
507,3,3,2033-11-01 00:00:00,0
508,3,3,2034-11-01 00:00:00,0
509,3,3,2035-11-01 00:00:00,0
510,3,3,2036-11-01 00:00:00,0
511,3,3,2037-11-01 00:00:00,0
512,3,3,2038-11-01 00:00:00,0
513,3,3,2039-11-01 00:00:00,0
514,3,3,2040-11-01 00:00:00,0
515,3,3,2041-11-01 00:00:00,0
516,3,3,2042-11-01 00:00:00,0
517,3,3,2043-11-01 00:00:00,0
518,3,3,2044-11-01 00:00:00,0
519,3,3,2045-11-01 00:00:00,0
520,3,3,2046-11-01 00:00:00,0
521,3,3,2047-11-01 00:00:00,0
522,3,3,2048-11-01 00:00:00,0
523,3,3,2049-11-01 00:00:00,0
524,3,3,2050-11-01 00:00:00,0
525,3,3,2051-11-01 00:00:00,0
526,3,3,2052-11-01 00:00:00,0
527,3,3,2053-11-01 00:00:00,0
528,3,3,2024-04-01 00:00:00,0
529,3,3,2025-04-01 00:00:00,0
530,3,3,2026-04-01 00:00:00,0
531,3,3,2027-04-01 00:00:00,0
532,3,3,2028-04-01 00:00:00,0
533,3,3,2029-04-01 00:00:00,0
534,3,3,2030-04-01 00:00:00,0
535,3,3,2031-04-01 00:00:00,0
536,3,3,2032-04-01 00:00:00,0
537,3,3,2033-04-01 00:00:00,0
538,3,3,2034-04-01 00:00:00,0
539,3,3,2035-04-01 00:00:00,0
540,3,3,2036-04-01 00:00:00,0
541,3,3,2037-04-01 00:00:00,0
542,3,3,2038-04-01 00:00:00,0
543,3,3,2039-04-01 00:00:00,0
544,3,3,2040-04-01 00:00:00,0
545,3,3,2041-04-01 00:00:00,0
546,3,3,2042-04-01 00:00:00,0
547,3,3,2043-04-01 00:00:00,0
548,3,3,2044-04-01 00:00:00,0
549,3,3,2045-04-01 00:00:00,0
550,3,3,2046-04-01 00:00:00,0
551,3,3,2047-04-01 00:00:00,0
552,3,3,2048-04-01 00:00:00,0
553,3,3,2049-04-01 00:00:00,0
554,3,3,2050-04-01 00:00:00,0
555,3,3,2051-04-01 00:00:00,0
556,3,3,2052-04-01 00:00:00,0
557,3,3,2053-04-01 00:00:00,0
558,3,3,2054-04-01 00:00:00,0
559,4,1,2023-11-01 00:00:00,0
560,4,1,2024-11-01 00:00:00,0
561,4,1,2025-11-01 00:00:00,0
562,4,1,2026-11-01 00:00:00,0
563,4,1,2027-11-01 00:00:00,0
564,4,1,2028-11-01 00:00:00,0
565,4,1,2029-11-01 00:00:00,0
566,4,1,2030-11-01 00:00:00,0
567,4,1,2031-11-01 00:00:00,0
568,4,1,2032-11-01 00:00:00,0
569,4,1,2033-11-01 00:00:00,0
570,4,1,2034-11-01 00:00:00,0
571,4,1,2035-11-01 00:00:00,0
572,4,1,2036-11-01 00:00:00,0
573,4,1,2037-11-01 00:00:00,0
574,4,1,2038-11-01 00:00:00,0
575,4,1,2039-11-01 00:00:00,0
576,4,1,2040-11-01 00:00:00,0
577,4,1,2041-11-01 00:00:00,0
578,4,1,2042-11-01 00:00:00,0
579,4,1,2043-11-01 00:00:00,0
580,4,1,2044-11-01 00:00:00,0
581,4,1,2045-11-01 00:00:00,0
582,4,1,2046-11-01 00:00:00,0
583,4,1,2047-11-01 00:00:00,0
584,4,1,2048-11-01 00:00:00,0
585,4,1,2049-11-01 00:00:00,0
586,4,1,2050-11-01 00:00:00,0
587,4,1,2051-11-01 00:00:00,0
588,4,1,2052-11-01 00:00:00,0
589,4,1,2053-11-01 00:00:00,0
590,4,1,2024-04-01 00:00:00,0
591,4,1,2025-04-01 00:00:00,0
592,4,1,2026-04-01 00:00:00,0
593,4,1,2027-04-01 00:00:00,0
594,4,1,2028-04-01 00:00:00,0
595,4,1,2029-04-01 00:00:00,0
596,4,1,2030-04-01 00:00:00,0
597,4,1,2031-04-01 00:00:00,0
598,4,1,2032-04-01 00:00:00,0
599,4,1,2033-04-01 00:00:00,0
600,4,1,2034-04-01 00:00:00,0
601,4,1,2035-04-01 00:00:00,0
602,4,1,2036-04-01 00:00:00,0
603,4,1,2037-04-01 00:00:00,0
604,4,1,2038-04-01 00:00:00,0
605,4,1,2039-04-01 00:00:00,0
606,4,1,2040-04-01 00:00:00,0
607,4,1,2041-04-01 00:00:00,0
608,4,1,2042-04-01 00:00:00,0
609,4,1,2043-04-01 00:00:00,0
610,4,1,2044-04-01 00:00:00,0
611,4,1,2045-04-01 00:00:00,0
612,4,1,2046-04-01 00:00:00,0
613,4,1,2047-04-01 00:00:00,0
614,4,1,2048-04-01 00:00:00,0
615,4,1,2049-04-01 00:00:00,0
616,4,1,2050-04-01 00:00:00,0
617,4,1,2051-04-01 00:00:00,0
618,4,1,2052-04-01 00:00:00,0
619,4,1,2053-04-01 00:00:00,0
620,4,1,2054-04-01 00:00:00,0
621,4,2,2023-11-01 00:00:00,0
622,4,2,2024-11-01 00:00:00,0
623,4,2,2025-11-01 00:00:00,0
624,4,2,2026-11-01 00:00:00,0
625,4,2,2027-11-01 00:00:00,0
626,4,2,2028-11-01 00:00:00,0
627,4,2,2029-11-01 00:00:00,0
628,4,2,2030-11-01 00:00:00,0
629,4,2,2031-11-01 00:00:00,0
630,4,2,2032-11-01 00:00:00,0
631,4,2,2033-11-01 00:00:00,0
632,4,2,2034-11-01 00:00:00,0
633,4,2,2035-11-01 00:00:00,0
634,4,2,2036-11-01 00:00:00,0
635,4,2,2037-11-01 00:00:00,0
636,4,2,2038-11-01 00:00:00,0
637,4,2,2039-11-01 00:00:00,0
638,4,2,2040-11-01 00:00:00,0
639,4,2,2041-11-01 00:00:00,0
640,4,2,2042-11-01 00:00:00,0
641,4,2,2043-11-01 00:00:00,0
642,4,2,2044-11-01 00:00:00,0
643,4,2,2045-11-01 00:00:00,0
644,4,2,2046-11-01 00:00:00,0
645,4,2,2047-11-01 00:00:00,0
646,4,2,2048-11-01 00:00:00,0
647,4,2,2049-11-01 00:00:00,0
648,4,2,2050-11-01 00:00:00,0
649,4,2,2051-11-01 00:00:00,0
650,4,2,2052-11-01 00:00:00,0
651,4,2,2053-11-01 00:00:00,0
652,4,2,2024-04-01 00:00:00,0
653,4,2,2025-04-01 00:00:00,0
654,4,2,2026-04-01 00:00:00,0
655,4,2,2027-04-01 00:00:00,0
656,4,2,2028-04-01 00:00:00,0
657,4,2,2029-04-01 00:00:00,0
658,4,2,2030-04-01 00:00:00,0
659,4,2,2031-04-01 00:00:00,0
660,4,2,2032-04-01 00:00:00,0
661,4,2,2033-04-01 00:00:00,0
662,4,2,2034-04-01 00:00:00,0
663,4,2,2035-04-01 00:00:00,0
664,4,2,2036-04-01 00:00:00,0
665,4,2,2037-04-01 00:00:00,0
666,4,2,2038-04-01 00:00:00,0
667,4,2,2039-04-01 00:00:00,0
668,4,2,2040-04-01 00:00:00,0
669,4,2,2041-04-01 00:00:00,0
670,4,2,2042-04-01 00:00:00,0
671,4,2,2043-04-01 00:00:00,0
672,4,2,2044-04-01 00:00:00,0
673,4,2,2045-04-01 00:00:00,0
674,4,2,2046-04-01 00:00:00,0
675,4,2,2047-04-01 00:00:00,0
676,4,2,2048-04-01 00:00:00,0
677,4,2,2049-04-01 00:00:00,0
678,4,2,2050-04-01 00:00:00,0
679,4,2,2051-04-01 00:00:00,0
680,4,2,2052-04-01 00:00:00,0
681,4,2,2053-04-01 00:00:00,0
682,4,2,2054-04-01 00:00:00,0
683,4,3,2023-11-01 00:00:00,0
684,4,3,2024-11-01 00:00:00,0
685,4,3,2025-11-01 00:00:00,0
686,4,3,2026-11-01 00:00:00,0
687,4,3,2027-11-01 00:00:00,0
688,4,3,2028-11-01 00:00:00,0
689,4,3,2029-11-01 00:00:00,0
690,4,3,2030-11-01 00:00:00,0
691,4,3,2031-11-01 00:00:00,0
692,4,3,2032-11-01 00:00:00,0
693,4,3,2033-11-01 00:00:00,0
694,4,3,2034-11-01 00:00:00,0
695,4,3,2035-11-01 00:00:00,0
696,4,3,2036-11-01 00:00:00,0
697,4,3,2037-11-01 00:00:00,0
698,4,3,2038-11-01 00:00:00,0
699,4,3,2039-11-01 00:00:00,0
700,4,3,2040-11-01 00:00:00,0
701,4,3,2041-11-01 00:00:00,0
702,4,3,2042-11-01 00:00:00,0
703,4,3,2043-11-01 00:00:00,0
704,4,3,2044-11-01 00:00:00,0
705,4,3,2045-11-01 00:00:00,0
706,4,3,2046-11-01 00:00:00,0
707,4,3,2047-11-01 00:00:00,0
708,4,3,2048-11-01 00:00:00,0
709,4,3,2049-11-01 00:00:00,0
710,4,3,2050-11-01 00:00:00,0
711,4,3,2051-11-01 00:00:00,0
712,4,3,2052-11-01 00:00:00,0
713,4,3,2053-11-01 00:00:00,0
714,4,3,2024-04-01 00:00:00,0
715,4,3,2025-04-01 00:00:00,0
716,4,3,2026-04-01 00:00:00,0
717,4,3,2027-04-01 00:00:00,0
718,4,3,2028-04-01 00:00:00,0
719,4,3,2029-04-01 00:00:00,0
720,4,3,2030-04-01 00:00:00,0
721,4,3,2031-04-01 00:00:00,0
722,4,3,2032-04-01 00:00:00,0
723,4,3,2033-04-01 00:00:00,0
724,4,3,2034-04-01 00:00:00,0
725,4,3,2035-04-01 00:00:00,0
726,4,3,2036-04-01 00:00:00,0
727,4,3,2037-04-01 00:00:00,0
728,4,3,2038-04-01 00:00:00,0
729,4,3,2039-04-01 00:00:00,0
730,4,3,2040-04-01 00:00:00,0
731,4,3,2041-04-01 00:00:00,0
732,4,3,2042-04-01 00:00:00,0
733,4,3,2043-04-01 00:00:00,0
734,4,3,2044-04-01 00:00:00,0
735,4,3,2045-04-01 00:00:00,0
736,4,3,2046-04-01 00:00:00,0
737,4,3,2047-04-01 00:00:00,0
738,4,3,2048-04-01 00:00:00,0
739,4,3,2049-04-01 00:00:00,0
740,4,3,2050-04-01 00:00:00,0
741,4,3,2051-04-01 00:00:00,0
742,4,3,2052-04-01 00:00:00,0
743,4,3,2053-04-01 00:00:00,0
744,4,3,2054-04-01 00:00:00,0
745,5,1,2023-11-01 00:00:00,0.0032215611469215664
746,5,1,2024-11-01 00:00:00,0.0032215611469215664
747,5,1,2025-11-01 00:00:00,0.0028636099083747257
748,5,1,2026-11-01 00:00:00,0.002416170860191175
749,5,1,2027-11-01 00:00:00,0.0025056586698278854
750,5,1,2028-11-01 00:00:00,0.0025056586698278854
751,5,1,2029-11-01 00:00:00,0.002595146479464595
752,5,1,2030-11-01 00:00:00,0.0026846342891013054
753,5,1,2031-11-01 00:00:00,0.0026846342891013054
754,5,1,2032-11-01 00:00:00,0.0027741220987380156
755,5,1,2033-11-01 00:00:00,0.0027741220987380156
756,5,1,2034-11-01 00:00:00,0.0027741220987380156
757,5,1,2035-11-01 00:00:00,0.0027741220987380156
758,5,1,2036-11-01 00:00:00,0.0027741220987380156
759,5,1,2037-11-01 00:00:00,0.0027741220987380156
760,5,1,2038-11-01 00:00:00,0.0027741220987380156
761,5,1,2039-11-01 00:00:00,0.0027741220987380156
762,5,1,2040-11-01 00:00:00,0.0027741220987380156
763,5,1,2041-11-01 00:00:00,0.0027741220987380156
764,5,1,2042-11-01 00:00:00,0.0027741220987380156
765,5,1,2043-11-01 00:00:00,0.0028636099083747257
766,5,1,2044-11-01 00:00:00,0.0027741220987380156
767,5,1,2045-11-01 00:00:00,0.0027741220987380156
768,5,1,2046-11-01 00:00:00,0.0027741220987380156
769,5,1,2047-11-01 00:00:00,0.0027741220987380156
770,5,1,2048-11-01 00:00:00,0.0027741220987380156
771,5,1,2049-11-01 00:00:00,0.0027741220987380156
772,5,1,2050-11-01 00:00:00,0.0026846342891013054
773,5,1,2051-11-01 00:00:00,0.0026846342891013054
774,5,1,2052-11-01 00:00:00,0.0026846342891013054
775,5,1,2053-11-01 00:00:00,0.0026846342891013054
776,5,1,2024-04-01 00:00:00,0.0032215611469215664
777,5,1,2025-04-01 00:00:00,0.0030425855276481465
778,5,1,2026-04-01 00:00:00,0.0026846342891013054
779,5,1,2027-04-01 00:00:00,0.002595146479464595
780,5,1,2028-04-01 00:00:00,0.0026846342891013054
781,5,1,2029-04-01 00:00:00,0.0026846342891013054
782,5,1,2030-04-01 00:00:00,0.0027741220987380156
783,5,1,2031-04-01 00:00:00,0.0027741220987380156
784,5,1,2032-04-01 00:00:00,0.0028636099083747257
785,5,1,2033-04-01 00:00:00,0.0028636099083747257
786,5,1,2034-04-01 00:00:00,0.0028636099083747257
787,5,1,2035-04-01 00:00:00,0.0028636099083747257
788,5,1,2036-04-01 00:00:00,0.0028636099083747257
789,5,1,2037-04-01 00:00:00,0.0028636099083747257
790,5,1,2038-04-01 00:00:00,0.0028636099083747257
791,5,1,2039-04-01 00:00:00,0.0028636099083747257
792,5,1,2040-04-01 00:00:00,0.0028636099083747257
793,5,1,2041-04-01 00:00:00,0.0028636099083747257
794,5,1,2042-04-01 00:00:00,0.002953097718011436
795,5,1,2043-04-01 00:00:00,0.002953097718011436
796,5,1,2044-04-01 00:00:00,0.002953097718011436
797,5,1,2045-04-01 00:00:00,0.0028636099083747257
798,5,1,2046-04-01 00:00:00,0.0028636099083747257
799,5,1,2047-04-01 00:00:00,0.0028636099083747257
800,5,1,2048-04-01 00:00:00,0.0028636099083747257
801,5,1,2049-04-01 00:00:00,0.0028636099083747257
802,5,1,2050-04-01 00:00:00,0.0028636099083747257
803,5,1,2051-04-01 00:00:00,0.0027741220987380156
804,5,1,2052-04-01 00:00:00,0.0027741220987380156
805,5,1,2053-04-01 00:00:00,0.0027741220987380156
806,5,1,2054-04-01 00:00:00,0.0027741220987380156
807,5,2,2023-11-01 00:00:00,0.0032215611469215664
808,5,2,2024-11-01 00:00:00,0.004474390481835509
809,5,2,2025-11-01 00:00:00,0.005637732007112741
810,5,2,2026-11-01 00:00:00,0.006980049151663394
811,5,2,2027-11-01 00:00:00,0.008143390676940627
812,5,2,2028-11-01 00:00:00,0.00939622001185457
813,5,2,2029-11-01 00:00:00,0.010559561537131801
814,5,2,2030-11-01 00:00:00,0.011991366491319164
815,5,2,2031-11-01 00:00:00,0.013602147064779947
816,5,2,2032-11-01 00:00:00,0.01530241544787744
817,5,2,2033-11-01 00:00:00,0.016823708211701514
818,5,2,2034-11-01 00:00:00,0.018345000975525584
819,5,2,2035-11-01 00:00:00,0.01977680592971295
820,5,2,2036-11-01 00:00:00,0.02129809869353702
821,5,2,2037-11-01 00:00:00,0.022819391457361095
822,5,2,2038-11-01 00:00:00,0.02416170860191175
823,5,2,2039-11-01 00:00:00,0.02532505012718898
824,5,2,2040-11-01 00:00:00,0.02666736727173963
825,5,2,2041-11-01 00:00:00,0.028099172225926998
826,5,2,2042-11-01 00:00:00,0.02970995279938778
827,5,2,2043-11-01 00:00:00,0.031231245563211853
828,5,2,2044-11-01 00:00:00,0.03257356270776251
829,5,2,2045-11-01 00:00:00,0.03391587985231316
830,5,2,2046-11-01 00:00:00,0.03507922137759039
831,5,2,2047-11-01 00:00:00,0.03624256290286762
832,5,2,2048-11-01 00:00:00,0.03758488004741828
833,5,2,2049-11-01 00:00:00,0.038569245953422086
834,5,2,2050-11-01 00:00:00,0.03803231909560183
835,5,2,2051-11-01 00:00:00,0.037226928808871435
836,5,2,2052-11-01 00:00:00,0.036600514141414464
837,5,2,2053-11-01 00:00:00,0.03642153852214104
838,5,2,2024-04-01 00:00:00,0.0032215611469215664
839,5,2,2025-04-01 00:00:00,0.0047428539107456395
840,5,2,2026-04-01 00:00:00,0.0062641466745697125
841,5,2,2027-04-01 00:00:00,0.007874927248030496
842,5,2,2028-04-01 00:00:00,0.00939622001185457
843,5,2,2029-04-01 00:00:00,0.011007000585315351
844,5,2,2030-04-01 00:00:00,0.012528293349139425
845,5,2,2031-04-01 00:00:00,0.01422856173223692
846,5,2,2032-04-01 00:00:00,0.016197293544244543
847,5,2,2033-04-01 00:00:00,0.018255513165888877
848,5,2,2034-04-01 00:00:00,0.0202242449778965
849,5,2,2035-04-01 00:00:00,0.022014001170630702
850,5,2,2036-04-01 00:00:00,0.02380375736336491
851,5,2,2037-04-01 00:00:00,0.025683001365735824
852,5,2,2038-04-01 00:00:00,0.027383269748833317
853,5,2,2039-04-01 00:00:00,0.02908353813193081
854,5,2,2040-04-01 00:00:00,0.030694318705391594
855,5,2,2041-04-01 00:00:00,0.03239458708848909
856,5,2,2042-04-01 00:00:00,0.03427383109086
857,5,2,2043-04-01 00:00:00,0.036153075093230916
858,5,2,2044-04-01 00:00:00,0.03803231909560183
859,5,2,2045-04-01 00:00:00,0.039643099669062605
860,5,2,2046-04-01 00:00:00,0.04116439243288668
861,5,2,2047-04-01 00:00:00,0.04268568519671075
862,5,2,2048-04-01 00:00:00,0.04429646577017154
863,5,2,2049-04-01 00:00:00,0.04590724634363232
864,5,2,2050-04-01 00:00:00,0.0474285391074564
865,5,2,2051-04-01 00:00:00,0.04671263663036271
866,5,2,2052-04-01 00:00:00,0.046086221962905745
867,5,2,2053-04-01 00:00:00,0.04537031948581206
868,5,2,2054-04-01 00:00:00,0.04519134386653864
869,5,3,2023-11-01 00:00:00,0.0032215611469215664
870,5,3,2024-11-01 00:00:00,0.005816707626386162
871,5,3,2025-11-01 00:00:00,0.008680317534760887
872,5,3,2026-11-01 00:00:00,0.011812390872045744
873,5,3,2027-11-01 00:00:00,0.01512343982860402
874,5,3,2028-11-01 00:00:00,0.018076537546615458
875,5,3,2029-11-01 00:00:00,0.02102963526462689
876,5,3,2030-11-01 00:00:00,0.024251196411548458
877,5,3,2031-11-01 00:00:00,0.027920196606653576
878,5,3,2032-11-01 00:00:00,0.031678684611395405
879,5,3,2033-11-01 00:00:00,0.03534768480650052
880,5,3,2034-11-01 00:00:00,0.03874822157269551
881,5,3,2035-11-01 00:00:00,0.04196978271961708
882,5,3,2036-11-01 00:00:00,0.045459807295448774
883,5,3,2037-11-01 00:00:00,0.04912880749055389
884,5,3,2038-11-01 00:00:00,0.05270831987602229
885,5,3,2039-11-01 00:00:00,0.056198344451853996
886,5,3,2040-11-01 00:00:00,0.05995683245659582
887,5,3,2041-11-01 00:00:00,0.06362583265170094
888,5,3,2042-11-01 00:00:00,0.06720534503716934
889,5,3,2043-11-01 00:00:00,0.07069536961300105
890,5,3,2044-11-01 00:00:00,0.07355897952137577
891,5,3,2045-11-01 00:00:00,0.07687002847793405
892,5,3,2046-11-01 00:00:00,0.0800021018152189
893,5,3,2047-11-01 00:00:00,0.08286571172359362
894,5,3,2048-11-01 00:00:00,0.08483444353560125
895,5,3,2049-11-01 00:00:00,0.08653471191869874
896,5,3,2050-11-01 00:00:00,0.08483444353560125
897,5,3,2051-11-01 00:00:00,0.08367110201032402
898,5,3,2052-11-01 00:00:00,0.0825972482946835
899,5,3,2053-11-01 00:00:00,0.08197083362722653
900,5,3,2024-04-01 00:00:00,0.0032215611469215664
901,5,3,2025-04-01 00:00:00,0.006443122293843133
902,5,3,2026-04-01 00:00:00,0.010022634679311542
903,5,3,2027-04-01 00:00:00,0.013781122684053368
904,5,3,2028-04-01 00:00:00,0.017629098498431906
905,5,3,2029-04-01 00:00:00,0.02129809869353702
906,5,3,2030-04-01 00:00:00,0.02496709888864214
907,5,3,2031-04-01 00:00:00,0.02881507470302068
908,5,3,2032-04-01 00:00:00,0.03319997737521948
909,5,3,2033-04-01 00:00:00,0.037763855666691694
910,5,3,2034-04-01 00:00:00,0.042327733958163916
911,5,3,2035-04-01 00:00:00,0.04626519758217916
912,5,3,2036-04-01 00:00:00,0.050381636825467827
913,5,3,2037-04-01 00:00:00,0.05467705168802992
914,5,3,2038-04-01 00:00:00,0.059061954360228715
915,5,3,2039-04-01 00:00:00,0.06335736922279081
916,5,3,2040-04-01 00:00:00,0.06765278408535289
917,5,3,2041-04-01 00:00:00,0.0720376867575517
918,5,3,2042-04-01 00:00:00,0.07642258942975048
919,5,3,2043-04-01 00:00:00,0.08080749210194929
920,5,3,2044-04-01 00:00:00,0.08492393134523796
921,5,3,2045-04-01 00:00:00,0.08859293154034308
922,5,3,2046-04-01 00:00:00,0.09235141954508491
923,5,3,2047-04-01 00:00:00,0.09610990754982673
924,5,3,2048-04-01 00:00:00,0.09888402964856476
925,5,3,2049-04-01 00:00:00,0.10147917612802934
926,5,3,2050-04-01 00:00:00,0.10425329822676736
927,5,3,2051-04-01 00:00:00,0.10335842013040027
928,5,3,2052-04-01 00:00:00,0.10228456641475973
929,5,3,2053-04-01 00:00:00,0.10121071269911922
930,5,3,2054-04-01 00:00:00,0.10058429803166224
931,6,1,2023-11-01 00:00:00,0.05002368558692099
932,6,1,2024-11-01 00:00:00,0.05047112463510454
933,6,1,2025-11-01 00:00:00,0.044028002341261405
934,6,1,2026-11-01 00:00:00,0.03821129471487524
935,6,1,2027-11-01 00:00:00,0.038390270334148664
936,6,1,2028-11-01 00:00:00,0.03919566062087906
937,6,1,2029-11-01 00:00:00,0.04026951433651958
938,6,1,2030-11-01 00:00:00,0.0412538802425234
939,6,1,2031-11-01 00:00:00,0.042148758338890494
940,6,1,2032-11-01 00:00:00,0.04241722176780063
941,6,1,2033-11-01 00:00:00,0.04250670957743734
942,6,1,2034-11-01 00:00:00,0.04277517300634747
943,6,1,2035-11-01 00:00:00,0.04250670957743734
944,6,1,2036-11-01 00:00:00,0.04268568519671076
945,6,1,2037-11-01 00:00:00,0.04277517300634747
946,6,1,2038-11-01 00:00:00,0.04295414862562089
947,6,1,2039-11-01 00:00:00,0.043043636435257604
948,6,1,2040-11-01 00:00:00,0.04340158767380444
949,6,1,2041-11-01 00:00:00,0.04349107548344115
950,6,1,2042-11-01 00:00:00,0.043759538912351285
951,6,1,2043-11-01 00:00:00,0.04375953891235127
952,6,1,2044-11-01 00:00:00,0.043670051102714574
953,6,1,2045-11-01 00:00:00,0.043670051102714574
954,6,1,2046-11-01 00:00:00,0.043580563293077856
955,6,1,2047-11-01 00:00:00,0.043670051102714574
956,6,1,2048-11-01 00:00:00,0.043670051102714574
957,6,1,2049-11-01 00:00:00,0.04322261205453102
958,6,1,2050-11-01 00:00:00,0.042327733958163916
959,6,1,2051-11-01 00:00:00,0.041701319290706945
960,6,1,2052-11-01 00:00:00,0.04152234367143353
961,6,1,2053-11-01 00:00:00,0.04152234367143353
962,6,1,2024-04-01 00:00:00,0.05002368558692099
963,6,1,2025-04-01 00:00:00,0.046802124439999426
964,6,1,2026-04-01 00:00:00,0.042238246148527205
965,6,1,2027-04-01 00:00:00,0.040806441194339835
966,6,1,2028-04-01 00:00:00,0.04107490462324997
967,6,1,2029-04-01 00:00:00,0.041701319290706945
968,6,1,2030-04-01 00:00:00,0.04259619738707405
969,6,1,2031-04-01 00:00:00,0.04340158767380444
970,6,1,2032-04-01 00:00:00,0.044117490150898116
971,6,1,2033-04-01 00:00:00,0.04429646577017153
972,6,1,2034-04-01 00:00:00,0.04474390481835509
973,6,1,2035-04-01 00:00:00,0.044654417008718375
974,6,1,2036-04-01 00:00:00,0.044654417008718375
975,6,1,2037-04-01 00:00:00,0.04474390481835509
976,6,1,2038-04-01 00:00:00,0.0448333926279918
977,6,1,2039-04-01 00:00:00,0.04492288043762851
978,6,1,2040-04-01 00:00:00,0.04510185605690193
979,6,1,2041-04-01 00:00:00,0.04519134386653864
980,6,1,2042-04-01 00:00:00,0.045280831676175345
981,6,1,2043-04-01 00:00:00,0.045280831676175345
982,6,1,2044-04-01 00:00:00,0.045280831676175345
983,6,1,2045-04-01 00:00:00,0.04519134386653864
984,6,1,2046-04-01 00:00:00,0.04492288043762851
985,6,1,2047-04-01 00:00:00,0.04474390481835509
986,6,1,2048-04-01 00:00:00,0.044654417008718375
987,6,1,2049-04-01 00:00:00,0.044564929199081664
988,6,1,2050-04-01 00:00:00,0.04420697796053483
989,6,1,2051-04-01 00:00:00,0.04349107548344115
990,6,1,2052-04-01 00:00:00,0.04295414862562089
991,6,1,2053-04-01 00:00:00,0.04268568519671076
992,6,1,2054-04-01 00:00:00,0.04250670957743734
993,6,2,2023-11-01 00:00:00,0.05002368558692099
994,6,2,2024-11-01 00:00:00,0.06881612561063012
995,6,2,2025-11-01 00:00:00,0.08742959001506584
996,6,2,2026-11-01 00:00:00,0.10765383499296236
997,6,2,2027-11-01 00:00:00,0.12671473844558162
998,6,2,2028-11-01 00:00:00,0.14559666627892745
999,6,2,2029-11-01 00:00:00,0.16438910630263662
1000,6,2,2030-11-01 00:00:00,0.1855082293769002
1001,6,2,2031-11-01 00:00:00,0.2109227673137259
1002,6,2,2032-11-01 00:00:00,0.23723218334691867
1003,6,2,2033-11-01 00:00:00,0.2619308188066507
1004,6,2,2034-11-01 00:00:00,0.2845712346447384
1005,6,2,2035-11-01 00:00:00,0.3067642114346425
1006,6,2,2036-11-01 00:00:00,0.33021001755946056
1007,6,2,2037-11-01 00:00:00,0.3538347993035521
1008,6,2,2038-11-01 00:00:00,0.37450648332963205
1009,6,2,2039-11-01 00:00:00,0.3937463624015248
1010,6,2,2040-11-01 00:00:00,0.4139706073794213
1011,6,2,2041-11-01 00:00:00,0.43670051102714563
1012,6,2,2042-11-01 00:00:00,0.46157812210615107
1013,6,2,2043-11-01 00:00:00,0.4856503428984261
1014,6,2,2044-11-01 00:00:00,0.5061430513052327
1015,6,2,2045-11-01 00:00:00,0.5263672962831293
1016,6,2,2046-11-01 00:00:00,0.545249224116475
1017,6,2,2047-11-01 00:00:00,0.5626098591859969
1018,6,2,2048-11-01 00:00:00,0.5832815432120769
1019,6,2,2049-11-01 00:00:00,0.5992103733274113
1020,6,2,2050-11-01 00:00:00,0.5899036411251936
1021,6,2,2051-11-01 00:00:00,0.578628177110968
1022,6,2,2052-11-01 00:00:00,0.5689634936702033
1023,6,2,2053-11-01 00:00:00,0.5660998837618286
1024,6,2,2024-04-01 00:00:00,0.05002368558692099
1025,6,2,2025-04-01 00:00:00,0.07338000390210235
1026,6,2,2026-04-01 00:00:00,0.09789966374256094
1027,6,2,2027-04-01 00:00:00,0.12241932358301952
1028,6,2,2028-04-01 00:00:00,0.14658103218493126
1029,6,2,2029-04-01 00:00:00,0.1705637651675696
1030,6,2,2030-04-01 00:00:00,0.1948149615791181
1031,6,2,2031-04-01 00:00:00,0.22094540199303744
1032,6,2,2032-04-01 00:00:00,0.25155023288879236
1033,6,2,2033-04-01 00:00:00,0.2828709662616409
1034,6,2,2034-04-01 00:00:00,0.31401272401521607
1035,6,2,2035-04-01 00:00:00,0.34130650595441264
1036,6,2,2036-04-01 00:00:00,0.3697636294188864
1037,6,2,2037-04-01 00:00:00,0.3983997285026337
1038,6,2,2038-04-01 00:00:00,0.4258724860611037
1039,6,2,2039-04-01 00:00:00,0.451108048378656
1040,6,2,2040-04-01 00:00:00,0.47625412288657154
1041,6,2,2041-04-01 00:00:00,0.5031004657775847
1042,6,2,2042-04-01 00:00:00,0.5314681014324217
1043,6,2,2043-04-01 00:00:00,0.5612675420414462
1044,6,2,2044-04-01 00:00:00,0.5899036411251936
1045,6,2,2045-04-01 00:00:00,0.615407666871656
1046,6,2,2046-04-01 00:00:00,0.6392114242350209
1047,6,2,2047-04-01 00:00:00,0.6634626206465692
1048,6,2,2048-04-01 00:00:00,0.6880717682966646
1049,6,2,2049-04-01 00:00:00,0.7127704037563967
1050,6,2,2050-04-01 00:00:00,0.7366636489293983
1051,6,2,2051-04-01 00:00:00,0.7258356239633562
1052,6,2,2052-04-01 00:00:00,0.7150075989973143
1053,6,2,2053-04-01 00:00:00,0.7050744521276394
1054,6,2,2054-04-01 00:00:00,0.7023003300289016
1055,6,3,2023-11-01 00:00:00,0.05002368558692099
1056,6,3,2024-11-01 00:00:00,0.09056166335235069
1057,6,3,2025-11-01 00:00:00,0.13423171445506527
1058,6,3,2026-11-01 00:00:00,0.18327103413598245
1059,6,3,2027-11-01 00:00:00,0.23427908562890726
1060,6,3,2028-11-01 00:00:00,0.2802758197821763
1061,6,3,2029-11-01 00:00:00,0.326988456412539
1062,6,3,2030-11-01 00:00:00,0.3762067517127296
1063,6,3,2031-11-01 00:00:00,0.43276304740313043
1064,6,3,2032-11-01 00:00:00,0.4920934651922693
1065,6,3,2033-11-01 00:00:00,0.5491866877404903
1066,6,3,2034-11-01 00:00:00,0.6011791051394191
1067,6,3,2035-11-01 00:00:00,0.6511133029167033
1068,6,3,2036-11-01 00:00:00,0.7064167692721901
1069,6,3,2037-11-01 00:00:00,0.7632415283915012
1070,6,3,2038-11-01 00:00:00,0.8190819216048083
1071,6,3,2039-11-01 00:00:00,0.8727746073868344
1072,6,3,2040-11-01 00:00:00,0.9313891226988795
1073,6,3,2041-11-01 00:00:00,0.9874084915314602
1074,6,3,2042-11-01 00:00:00,1.0431593969351305
1075,6,3,2043-11-01 00:00:00,1.0971205461460667
1076,6,3,2044-11-01 00:00:00,1.1425803534415155
1077,6,3,2045-11-01 00:00:00,1.1930514780766202
1078,6,3,2046-11-01 00:00:00,1.2426277246153576
1079,6,3,2047-11-01 00:00:00,1.2864767513373456
1080,6,3,2048-11-01 00:00:00,1.316902606613827
1081,6,3,2049-11-01 00:00:00,1.3431225348373832
1082,6,3,2050-11-01 00:00:00,1.3170815822331006
1083,6,3,2051-11-01 00:00:00,1.2996314593539422
1084,6,3,2052-11-01 00:00:00,1.2828972389518774
1085,6,3,2053-11-01 00:00:00,1.2726956286532922
1086,6,3,2024-04-01 00:00:00,0.05002368558692099
1087,6,3,2025-04-01 00:00:00,0.10049481022202551
1088,6,3,2026-04-01 00:00:00,0.1558877643871491
1089,6,3,2027-04-01 00:00:00,0.21459176750883102
1090,6,3,2028-04-01 00:00:00,0.27365372186905973
1091,6,3,2029-04-01 00:00:00,0.33029950536909725
1092,6,3,2030-04-01 00:00:00,0.3875717035365918
1093,6,3,2031-04-01 00:00:00,0.44797597504137115
1094,6,3,2032-04-01 00:00:00,0.516255173794181
1095,6,3,2033-04-01 00:00:00,0.5862346409300885
1096,6,3,2034-04-01 00:00:00,0.6569300105430894
1097,6,3,2035-04-01 00:00:00,0.7187660870020561
1098,6,3,2036-04-01 00:00:00,0.7817655049863002
1099,6,3,2037-04-01 00:00:00,0.8483444353560124
1100,6,3,2038-04-01 00:00:00,0.9167131219184592
1101,6,3,2039-04-01 00:00:00,0.9834710279074449
1102,6,3,2040-04-01 00:00:00,1.050407909515704
1103,6,3,2041-04-01 00:00:00,1.1185976204588775
1104,6,3,2042-04-01 00:00:00,1.1871452826405973
1105,6,3,2043-04-01 00:00:00,1.2545296032970399
1106,6,3,2044-04-01 00:00:00,1.3183344115680142
1107,6,3,2045-04-01 00:00:00,1.3753381463065988
1108,6,3,2046-04-01 00:00:00,1.4344895884764644
1109,6,3,2047-04-01 00:00:00,1.4918512744535952
1110,6,3,2048-04-01 00:00:00,1.5348054230792163
1111,6,3,2049-04-01 00:00:00,1.576238278941013
1112,6,3,2050-04-01 00:00:00,1.618297549470267
1113,6,3,2051-04-01 00:00:00,1.6042479633573032
1114,6,3,2052-04-01 00:00:00,1.5887665722901525
1115,6,3,2053-04-01 00:00:00,1.5714059372206306
1116,6,3,2054-04-01 00:00:00,1.5621886928280495
1117,7,1,2023-11-01 00:00:00,0
1118,7,1,2024-11-01 00:00:00,0
1119,7,1,2025-11-01 00:00:00,0
1120,7,1,2026-11-01 00:00:00,0
1121,7,1,2027-11-01 00:00:00,0
1122,7,1,2028-11-01 00:00:00,0
1123,7,1,2029-11-01 00:00:00,0
1124,7,1,2030-11-01 00:00:00,0
1125,7,1,2031-11-01 00:00:00,0
1126,7,1,2032-11-01 00:00:00,0
1127,7,1,2033-11-01 00:00:00,0
1128,7,1,2034-11-01 00:00:00,0
1129,7,1,2035-11-01 00:00:00,0
1130,7,1,2036-11-01 00:00:00,0
1131,7,1,2037-11-01 00:00:00,0
1132,7,1,2038-11-01 00:00:00,0
1133,7,1,2039-11-01 00:00:00,0
1134,7,1,2040-11-01 00:00:00,0
1135,7,1,2041-11-01 00:00:00,0
1136,7,1,2042-11-01 00:00:00,0
1137,7,1,2043-11-01 00:00:00,0
1138,7,1,2044-11-01 00:00:00,0
1139,7,1,2045-11-01 00:00:00,0
1140,7,1,2046-11-01 00:00:00,0
1141,7,1,2047-11-01 00:00:00,0
1142,7,1,2048-11-01 00:00:00,0
1143,7,1,2049-11-01 00:00:00,0
1144,7,1,2050-11-01 00:00:00,0
1145,7,1,2051-11-01 00:00:00,0
1146,7,1,2052-11-01 00:00:00,0
1147,7,1,2053-11-01 00:00:00,0
1148,7,1,2024-04-01 00:00:00,0
1149,7,1,2025-04-01 00:00:00,0
1150,7,1,2026-04-01 00:00:00,0
1151,7,1,2027-04-01 00:00:00,0
1152,7,1,2028-04-01 00:00:00,0
1153,7,1,2029-04-01 00:00:00,0
1154,7,1,2030-04-01 00:00:00,0
1155,7,1,2031-04-01 00:00:00,0
1156,7,1,2032-04-01 00:00:00,0
1157,7,1,2033-04-01 00:00:00,0
1158,7,1,2034-04-01 00:00:00,0
1159,7,1,2035-04-01 00:00:00,0
1160,7,1,2036-04-01 00:00:00,0
1161,7,1,2037-04-01 00:00:00,0
1162,7,1,2038-04-01 00:00:00,0
1163,7,1,2039-04-01 00:00:00,0
1164,7,1,2040-04-01 00:00:00,0
1165,7,1,2041-04-01 00:00:00,0
1166,7,1,2042-04-01 00:00:00,0
1167,7,1,2043-04-01 00:00:00,0
1168,7,1,2044-04-01 00:00:00,0
1169,7,1,2045-04-01 00:00:00,0
1170,7,1,2046-04-01 00:00:00,0
1171,7,1,2047-04-01 00:00:00,0
1172,7,1,2048-04-01 00:00:00,0
1173,7,1,2049-04-01 00:00:00,0
1174,7,1,2050-04-01 00:00:00,0
1175,7,1,2051-04-01 00:00:00,0
1176,7,1,2052-04-01 00:00:00,0
1177,7,1,2053-04-01 00:00:00,0
1178,7,1,2054-04-01 00:00:00,0
1179,7,2,2023-11-01 00:00:00,0
1180,7,2,2024-11-01 00:00:00,0
1181,7,2,2025-11-01 00:00:00,0
1182,7,2,2026-11-01 00:00:00,0
1183,7,2,2027-11-01 00:00:00,0
1184,7,2,2028-11-01 00:00:00,0
1185,7,2,2029-11-01 00:00:00,0
1186,7,2,2030-11-01 00:00:00,0
1187,7,2,2031-11-01 00:00:00,0
1188,7,2,2032-11-01 00:00:00,0
1189,7,2,2033-11-01 00:00:00,0
1190,7,2,2034-11-01 00:00:00,0
1191,7,2,2035-11-01 00:00:00,0
1192,7,2,2036-11-01 00:00:00,0
1193,7,2,2037-11-01 00:00:00,0
1194,7,2,2038-11-01 00:00:00,0
1195,7,2,2039-11-01 00:00:00,0
1196,7,2,2040-11-01 00:00:00,0
1197,7,2,2041-11-01 00:00:00,0
1198,7,2,2042-11-01 00:00:00,0
1199,7,2,2043-11-01 00:00:00,0
1200,7,2,2044-11-01 00:00:00,0
1201,7,2,2045-11-01 00:00:00,0
1202,7,2,2046-11-01 00:00:00,0
1203,7,2,2047-11-01 00:00:00,0
1204,7,2,2048-11-01 00:00:00,0
1205,7,2,2049-11-01 00:00:00,0
1206,7,2,2050-11-01 00:00:00,0
1207,7,2,2051-11-01 00:00:00,0
1208,7,2,2052-11-01 00:00:00,0
1209,7,2,2053-11-01 00:00:00,0
1210,7,2,2024-04-01 00:00:00,0
1211,7,2,2025-04-01 00:00:00,0
1212,7,2,2026-04-01 00:00:00,0
1213,7,2,2027-04-01 00:00:00,0
1214,7,2,2028-04-01 00:00:00,0
1215,7,2,2029-04-01 00:00:00,0
1216,7,2,2030-04-01 00:00:00,0
1217,7,2,2031-04-01 00:00:00,0
1218,7,2,2032-04-01 00:00:00,0
1219,7,2,2033-04-01 00:00:00,0
1220,7,2,2034-04-01 00:00:00,0
1221,7,2,2035-04-01 00:00:00,0
1222,7,2,2036-04-01 00:00:00,0
1223,7,2,2037-04-01 00:00:00,0
1224,7,2,2038-04-01 00:00:00,0
1225,7,2,2039-04-01 00:00:00,0
1226,7,2,2040-04-01 00:00:00,0
1227,7,2,2041-04-01 00:00:00,0
1228,7,2,2042-04-01 00:00:00,0
1229,7,2,2043-04-01 00:00:00,0
1230,7,2,2044-04-01 00:00:00,0
1231,7,2,2045-04-01 00:00:00,0
1232,7,2,2046-04-01 00:00:00,0
1233,7,2,2047-04-01 00:00:00,0
1234,7,2,2048-04-01 00:00:00,0
1235,7,2,2049-04-01 00:00:00,0
1236,7,2,2050-04-01 00:00:00,0
1237,7,2,2051-04-01 00:00:00,0
1238,7,2,2052-04-01 00:00:00,0
1239,7,2,2053-04-01 00:00:00,0
1240,7,2,2054-04-01 00:00:00,0
1241,7,3,2023-11-01 00:00:00,0
1242,7,3,2024-11-01 00:00:00,0
1243,7,3,2025-11-01 00:00:00,0
1244,7,3,2026-11-01 00:00:00,0
1245,7,3,2027-11-01 00:00:00,0
1246,7,3,2028-11-01 00:00:00,0
1247,7,3,2029-11-01 00:00:00,0
1248,7,3,2030-11-01 00:00:00,0
1249,7,3,2031-11-01 00:00:00,0
1250,7,3,2032-11-01 00:00:00,0
1251,7,3,2033-11-01 00:00:00,0
1252,7,3,2034-11-01 00:00:00,0
1253,7,3,2035-11-01 00:00:00,0
1254,7,3,2036-11-01 00:00:00,0
1255,7,3,2037-11-01 00:00:00,0
1256,7,3,2038-11-01 00:00:00,0
1257,7,3,2039-11-01 00:00:00,0
1258,7,3,2040-11-01 00:00:00,0
1259,7,3,2041-11-01 00:00:00,0
1260,7,3,2042-11-01 00:00:00,0
1261,7,3,2043-11-01 00:00:00,0
1262,7,3,2044-11-01 00:00:00,0
1263,7,3,2045-11-01 00:00:00,0
1264,7,3,2046-11-01 00:00:00,0
1265,7,3,2047-11-01 00:00:00,0
1266,7,3,2048-11-01 00:00:00,0
1267,7,3,2049-11-01 00:00:00,0
1268,7,3,2050-11-01 00:00:00,0
1269,7,3,2051-11-01 00:00:00,0
1270,7,3,2052-11-01 00:00:00,0
1271,7,3,2053-11-01 00:00:00,0
1272,7,3,2024-04-01 00:00:00,0
1273,7,3,2025-04-01 00:00:00,0
1274,7,3,2026-04-01 00:00:00,0
1275,7,3,2027-04-01 00:00:00,0
1276,7,3,2028-04-01 00:00:00,0
1277,7,3,2029-04-01 00:00:00,0
1278,7,3,2030-04-01 00:00:00,0
1279,7,3,2031-04-01 00:00:00,0
1280,7,3,2032-04-01 00:00:00,0
1281,7,3,2033-04-01 00:00:00,0
1282,7,3,2034-04-01 00:00:00,0
1283,7,3,2035-04-01 00:00:00,0
1284,7,3,2036-04-01 00:00:00,0
1285,7,3,2037-04-01 00:00:00,0
1286,7,3,2038-04-01 00:00:00,0
1287,7,3,2039-04-01 00:00:00,0
1288,7,3,2040-04-01 00:00:00,0
1289,7,3,2041-04-01 00:00:00,0
1290,7,3,2042-04-01 00:00:00,0
1291,7,3,2043-04-01 00:00:00,0
1292,7,3,2044-04-01 00:00:00,0
1293,7,3,2045-04-01 00:00:00,0
1294,7,3,2046-04-01 00:00:00,0
1295,7,3,2047-04-01 00:00:00,0
1296,7,3,2048-04-01 00:00:00,0
1297,7,3,2049-04-01 00:00:00,0
1298,7,3,2050-04-01 00:00:00,0
1299,7,3,2051-04-01 00:00:00,0
1300,7,3,2052-04-01 00:00:00,0
1301,7,3,2053-04-01 00:00:00,0
1302,7,3,2054-04-01 00:00:00,0
1303,8,1,2023-11-01 00:00:00,0
1304,8,1,2024-11-01 00:00:00,0
1305,8,1,2025-11-01 00:00:00,0
1306,8,1,2026-11-01 00:00:00,0
1307,8,1,2027-11-01 00:00:00,0
1308,8,1,2028-11-01 00:00:00,0
1309,8,1,2029-11-01 00:00:00,0
1310,8,1,2030-11-01 00:00:00,0
1311,8,1,2031-11-01 00:00:00,0
1312,8,1,2032-11-01 00:00:00,0
1313,8,1,2033-11-01 00:00:00,0
1314,8,1,2034-11-01 00:00:00,0
1315,8,1,2035-11-01 00:00:00,0
1316,8,1,2036-11-01 00:00:00,0
1317,8,1,2037-11-01 00:00:00,0
1318,8,1,2038-11-01 00:00:00,0
1319,8,1,2039-11-01 00:00:00,0
1320,8,1,2040-11-01 00:00:00,0
1321,8,1,2041-11-01 00:00:00,0
1322,8,1,2042-11-01 00:00:00,0
1323,8,1,2043-11-01 00:00:00,0
1324,8,1,2044-11-01 00:00:00,0
1325,8,1,2045-11-01 00:00:00,0
1326,8,1,2046-11-01 00:00:00,0
1327,8,1,2047-11-01 00:00:00,0
1328,8,1,2048-11-01 00:00:00,0
1329,8,1,2049-11-01 00:00:00,0
1330,8,1,2050-11-01 00:00:00,0
1331,8,1,2051-11-01 00:00:00,0
1332,8,1,2052-11-01 00:00:00,0
1333,8,1,2053-11-01 00:00:00,0
1334,8,1,2024-04-01 00:00:00,0
1335,8,1,2025-04-01 00:00:00,0
1336,8,1,2026-04-01 00:00:00,0
1337,8,1,2027-04-01 00:00:00,0
1338,8,1,2028-04-01 00:00:00,0
1339,8,1,2029-04-01 00:00:00,0
1340,8,1,2030-04-01 00:00:00,0
1341,8,1,2031-04-01 00:00:00,0
1342,8,1,2032-04-01 00:00:00,0
1343,8,1,2033-04-01 00:00:00,0
1344,8,1,2034-04-01 00:00:00,0
1345,8,1,2035-04-01 00:00:00,0
1346,8,1,2036-04-01 00:00:00,0
1347,8,1,2037-04-01 00:00:00,0
1348,8,1,2038-04-01 00:00:00,0
1349,8,1,2039-04-01 00:00:00,0
1350,8,1,2040-04-01 00:00:00,0
1351,8,1,2041-04-01 00:00:00,0
1352,8,1,2042-04-01 00:00:00,0
1353,8,1,2043-04-01 00:00:00,0
1354,8,1,2044-04-01 00:00:00,0
1355,8,1,2045-04-01 00:00:00,0
1356,8,1,2046-04-01 00:00:00,0
1357,8,1,2047-04-01 00:00:00,0
1358,8,1,2048-04-01 00:00:00,0
1359,8,1,2049-04-01 00:00:00,0
1360,8,1,2050-04-01 00:00:00,0
1361,8,1,2051-04-01 00:00:00,0
1362,8,1,2052-04-01 00:00:00,0
1363,8,1,2053-04-01 00:00:00,0
1364,8,1,2054-04-01 00:00:00,0
1365,8,2,2023-11-01 00:00:00,0
1366,8,2,2024-11-01 00:00:00,0
1367,8,2,2025-11-01 00:00:00,0
1368,8,2,2026-11-01 00:00:00,0
1369,8,2,2027-11-01 00:00:00,0
1370,8,2,2028-11-01 00:00:00,0
1371,8,2,2029-11-01 00:00:00,0
1372,8,2,2030-11-01 00:00:00,0
1373,8,2,2031-11-01 00:00:00,0
1374,8,2,2032-11-01 00:00:00,0
1375,8,2,2033-11-01 00:00:00,0
1376,8,2,2034-11-01 00:00:00,0
1377,8,2,2035-11-01 00:00:00,0
1378,8,2,2036-11-01 00:00:00,0
1379,8,2,2037-11-01 00:00:00,0
1380,8,2,2038-11-01 00:00:00,0
1381,8,2,2039-11-01 00:00:00,0
1382,8,2,2040-11-01 00:00:00,0
1383,8,2,2041-11-01 00:00:00,0
1384,8,2,2042-11-01 00:00:00,0
1385,8,2,2043-11-01 00:00:00,0
1386,8,2,2044-11-01 00:00:00,0
1387,8,2,2045-11-01 00:00:00,0
1388,8,2,2046-11-01 00:00:00,0
1389,8,2,2047-11-01 00:00:00,0
1390,8,2,2048-11-01 00:00:00,0
1391,8,2,2049-11-01 00:00:00,0
1392,8,2,2050-11-01 00:00:00,0
1393,8,2,2051-11-01 00:00:00,0
1394,8,2,2052-11-01 00:00:00,0
1395,8,2,2053-11-01 00:00:00,0
1396,8,2,2024-04-01 00:00:00,0
1397,8,2,2025-04-01 00:00:00,0
1398,8,2,2026-04-01 00:00:00,0
1399,8,2,2027-04-01 00:00:00,0
1400,8,2,2028-04-01 00:00:00,0
1401,8,2,2029-04-01 00:00:00,0
1402,8,2,2030-04-01 00:00:00,0
1403,8,2,2031-04-01 00:00:00,0
1404,8,2,2032-04-01 00:00:00,0
1405,8,2,2033-04-01 00:00:00,0
1406,8,2,2034-04-01 00:00:00,0
1407,8,2,2035-04-01 00:00:00,0
1408,8,2,2036-04-01 00:00:00,0
1409,8,2,2037-04-01 00:00:00,0
1410,8,2,2038-04-01 00:00:00,0
1411,8,2,2039-04-01 00:00:00,0
1412,8,2,2040-04-01 00:00:00,0
1413,8,2,2041-04-01 00:00:00,0
1414,8,2,2042-04-01 00:00:00,0
1415,8,2,2043-04-01 00:00:00,0
1416,8,2,2044-04-01 00:00:00,0
1417,8,2,2045-04-01 00:00:00,0
1418,8,2,2046-04-01 00:00:00,0
1419,8,2,2047-04-01 00:00:00,0
1420,8,2,2048-04-01 00:00:00,0
1421,8,2,2049-04-01 00:00:00,0
1422,8,2,2050-04-01 00:00:00,0
1423,8,2,2051-04-01 00:00:00,0
1424,8,2,2052-04-01 00:00:00,0
1425,8,2,2053-04-01 00:00:00,0
1426,8,2,2054-04-01 00:00:00,0
1427,8,3,2023-11-01 00:00:00,0
1428,8,3,2024-11-01 00:00:00,0
1429,8,3,2025-11-01 00:00:00,0
1430,8,3,2026-11-01 00:00:00,0
1431,8,3,2027-11-01 00:00:00,0
1432,8,3,2028-11-01 00:00:00,0
1433,8,3,2029-11-01 00:00:00,0
1434,8,3,2030-11-01 00:00:00,0
1435,8,3,2031-11-01 00:00:00,0
1436,8,3,2032-11-01 00:00:00,0
1437,8,3,2033-11-01 00:00:00,0
1438,8,3,2034-11-01 00:00:00,0
1439,8,3,2035-11-01 00:00:00,0
1440,8,3,2036-11-01 00:00:00,0
1441,8,3,2037-11-01 00:00:00,0
1442,8,3,2038-11-01 00:00:00,0
1443,8,3,2039-11-01 00:00:00,0
1444,8,3,2040-11-01 00:00:00,0
1445,8,3,2041-11-01 00:00:00,0
1446,8,3,2042-11-01 00:00:00,0
1447,8,3,2043-11-01 00:00:00,0
1448,8,3,2044-11-01 00:00:00,0
1449,8,3,2045-11-01 00:00:00,0
1450,8,3,2046-11-01 00:00:00,0
1451,8,3,2047-11-01 00:00:00,0
1452,8,3,2048-11-01 00:00:00,0
1453,8,3,2049-11-01 00:00:00,0
1454,8,3,2050-11-01 00:00:00,0
1455,8,3,2051-11-01 00:00:00,0
1456,8,3,2052-11-01 00:00:00,0
1457,8,3,2053-11-01 00:00:00,0
1458,8,3,2024-04-01 00:00:00,0
1459,8,3,2025-04-01 00:00:00,0
1460,8,3,2026-04-01 00:00:00,0
1461,8,3,2027-04-01 00:00:00,0
1462,8,3,2028-04-01 00:00:00,0
1463,8,3,2029-04-01 00:00:00,0
1464,8,3,2030-04-01 00:00:00,0
1465,8,3,2031-04-01 00:00:00,0
1466,8,3,2032-04-01 00:00:00,0
1467,8,3,2033-04-01 00:00:00,0
1468,8,3,2034-04-01 00:00:00,0
1469,8,3,2035-04-01 00:00:00,0
1470,8,3,2036-04-01 00:00:00,0
1471,8,3,2037-04-01 00:00:00,0
1472,8,3,2038-04-01 00:00:00,0
1473,8,3,2039-04-01 00:00:00,0
1474,8,3,2040-04-01 00:00:00,0
1475,8,3,2041-04-01 00:00:00,0
1476,8,3,2042-04-01 00:00:00,0
1477,8,3,2043-04-01 00:00:00,0
1478,8,3,2044-04-01 00:00:00,0
1479,8,3,2045-04-01 00:00:00,0
1480,8,3,2046-04-01 00:00:00,0
1481,8,3,2047-04-01 00:00:00,0
1482,8,3,2048-04-01 00:00:00,0
1483,8,3,2049-04-01 00:00:00,0
1484,8,3,2050-04-01 00:00:00,0
1485,8,3,2051-04-01 00:00:00,0
1486,8,3,2052-04-01 00:00:00,0
1487,8,3,2053-04-01 00:00:00,0
1488,8,3,2054-04-01 00:00:00,0
1489,9,1,2023-11-01 00:00:00,0.004318786972843676
1490,9,1,2024-11-01 00:00:00,0.004318786972843676
1491,9,1,2025-11-01 00:00:00,0.003838921753638823
1492,9,1,2026-11-01 00:00:00,0.0032390902296327573
1493,9,1,2027-11-01 00:00:00,0.0033590565344339706
1494,9,1,2028-11-01 00:00:00,0.0033590565344339706
1495,9,1,2029-11-01 00:00:00,0.003479022839235183
1496,9,1,2030-11-01 00:00:00,0.0035989891440363964
1497,9,1,2031-11-01 00:00:00,0.0035989891440363964
1498,9,1,2032-11-01 00:00:00,0.00371895544883761
1499,9,1,2033-11-01 00:00:00,0.00371895544883761
1500,9,1,2034-11-01 00:00:00,0.00371895544883761
1501,9,1,2035-11-01 00:00:00,0.00371895544883761
1502,9,1,2036-11-01 00:00:00,0.00371895544883761
1503,9,1,2037-11-01 00:00:00,0.00371895544883761
1504,9,1,2038-11-01 00:00:00,0.00371895544883761
1505,9,1,2039-11-01 00:00:00,0.00371895544883761
1506,9,1,2040-11-01 00:00:00,0.00371895544883761
1507,9,1,2041-11-01 00:00:00,0.00371895544883761
1508,9,1,2042-11-01 00:00:00,0.00371895544883761
1509,9,1,2043-11-01 00:00:00,0.003838921753638823
1510,9,1,2044-11-01 00:00:00,0.00371895544883761
1511,9,1,2045-11-01 00:00:00,0.00371895544883761
1512,9,1,2046-11-01 00:00:00,0.00371895544883761
1513,9,1,2047-11-01 00:00:00,0.00371895544883761
1514,9,1,2048-11-01 00:00:00,0.00371895544883761
1515,9,1,2049-11-01 00:00:00,0.00371895544883761
1516,9,1,2050-11-01 00:00:00,0.0035989891440363964
1517,9,1,2051-11-01 00:00:00,0.0035989891440363964
1518,9,1,2052-11-01 00:00:00,0.0035989891440363964
1519,9,1,2053-11-01 00:00:00,0.0035989891440363964
1520,9,1,2024-04-01 00:00:00,0.004318786972843676
1521,9,1,2025-04-01 00:00:00,0.00407885436324125
1522,9,1,2026-04-01 00:00:00,0.0035989891440363964
1523,9,1,2027-04-01 00:00:00,0.003479022839235183
1524,9,1,2028-04-01 00:00:00,0.0035989891440363964
1525,9,1,2029-04-01 00:00:00,0.0035989891440363964
1526,9,1,2030-04-01 00:00:00,0.00371895544883761
1527,9,1,2031-04-01 00:00:00,0.00371895544883761
1528,9,1,2032-04-01 00:00:00,0.003838921753638823
1529,9,1,2033-04-01 00:00:00,0.003838921753638823
1530,9,1,2034-04-01 00:00:00,0.003838921753638823
1531,9,1,2035-04-01 00:00:00,0.003838921753638823
1532,9,1,2036-04-01 00:00:00,0.003838921753638823
1533,9,1,2037-04-01 00:00:00,0.003838921753638823
1534,9,1,2038-04-01 00:00:00,0.003838921753638823
1535,9,1,2039-04-01 00:00:00,0.003838921753638823
1536,9,1,2040-04-01 00:00:00,0.003838921753638823
1537,9,1,2041-04-01 00:00:00,0.003838921753638823
1538,9,1,2042-04-01 00:00:00,0.0039588880584400365
1539,9,1,2043-04-01 00:00:00,0.0039588880584400365
1540,9,1,2044-04-01 00:00:00,0.0039588880584400365
1541,9,1,2045-04-01 00:00:00,0.003838921753638823
1542,9,1,2046-04-01 00:00:00,0.003838921753638823
1543,9,1,2047-04-01 00:00:00,0.003838921753638823
1544,9,1,2048-04-01 00:00:00,0.003838921753638823
1545,9,1,2049-04-01 00:00:00,0.003838921753638823
1546,9,1,2050-04-01 00:00:00,0.003838921753638823
1547,9,1,2051-04-01 00:00:00,0.00371895544883761
1548,9,1,2052-04-01 00:00:00,0.00371895544883761
1549,9,1,2053-04-01 00:00:00,0.00371895544883761
1550,9,1,2054-04-01 00:00:00,0.00371895544883761
1551,9,2,2023-11-01 00:00:00,0.004318786972843676
1552,9,2,2024-11-01 00:00:00,0.005998315240060661
1553,9,2,2025-11-01 00:00:00,0.007557877202476433
1554,9,2,2026-11-01 00:00:00,0.009357371774494631
1555,9,2,2027-11-01 00:00:00,0.010916933736910404
1556,9,2,2028-11-01 00:00:00,0.012596462004127389
1557,9,2,2029-11-01 00:00:00,0.01415602396654316
1558,9,2,2030-11-01 00:00:00,0.016075484843362572
1559,9,2,2031-11-01 00:00:00,0.01823487832978441
1560,9,2,2032-11-01 00:00:00,0.02051423812100746
1561,9,2,2033-11-01 00:00:00,0.022553665302628086
1562,9,2,2034-11-01 00:00:00,0.024593092484248708
1563,9,2,2035-11-01 00:00:00,0.02651255336106812
1564,9,2,2036-11-01 00:00:00,0.028551980542688746
1565,9,2,2037-11-01 00:00:00,0.03059140772430937
1566,9,2,2038-11-01 00:00:00,0.03239090229632757
1567,9,2,2039-11-01 00:00:00,0.033950464258743346
1568,9,2,2040-11-01 00:00:00,0.03574995883076154
1569,9,2,2041-11-01 00:00:00,0.037669419707580955
1570,9,2,2042-11-01 00:00:00,0.03982881319400279
1571,9,2,2043-11-01 00:00:00,0.041868240375623415
1572,9,2,2044-11-01 00:00:00,0.04366773494764162
1573,9,2,2045-11-01 00:00:00,0.04546722951965981
1574,9,2,2046-11-01 00:00:00,0.047026791482075586
1575,9,2,2047-11-01 00:00:00,0.04858635344449135
1576,9,2,2048-11-01 00:00:00,0.050385848016509555
1577,9,2,2049-11-01 00:00:00,0.05170547736932289
1578,9,2,2050-11-01 00:00:00,0.05098567954051562
1579,9,2,2051-11-01 00:00:00,0.0499059827973047
1580,9,2,2052-11-01 00:00:00,0.049066218663696204
1581,9,2,2053-11-01 00:00:00,0.04882628605409379
1582,9,2,2024-04-01 00:00:00,0.004318786972843676
1583,9,2,2025-04-01 00:00:00,0.006358214154464301
1584,9,2,2026-04-01 00:00:00,0.008397641336084925
1585,9,2,2027-04-01 00:00:00,0.010557034822506764
1586,9,2,2028-04-01 00:00:00,0.012596462004127389
1587,9,2,2029-04-01 00:00:00,0.014755855490549226
1588,9,2,2030-04-01 00:00:00,0.01679528267216985
1589,9,2,2031-04-01 00:00:00,0.019074642463392903
1590,9,2,2032-04-01 00:00:00,0.021713901169019594
1591,9,2,2033-04-01 00:00:00,0.024473126179447496
1592,9,2,2034-04-01 00:00:00,0.027112384885074187
1593,9,2,2035-04-01 00:00:00,0.029511710981098453
1594,9,2,2036-04-01 00:00:00,0.03191103707712272
1595,9,2,2037-04-01 00:00:00,0.0344303294779482
1596,9,2,2038-04-01 00:00:00,0.036709689269171245
1597,9,2,2039-04-01 00:00:00,0.0389890490603943
1598,9,2,2040-04-01 00:00:00,0.041148442546816134
1599,9,2,2041-04-01 00:00:00,0.04342780233803919
1600,9,2,2042-04-01 00:00:00,0.045947094738864665
1601,9,2,2043-04-01 00:00:00,0.04846638713969014
1602,9,2,2044-04-01 00:00:00,0.05098567954051562
1603,9,2,2045-04-01 00:00:00,0.05314507302693745
1604,9,2,2046-04-01 00:00:00,0.05518450020855808
1605,9,2,2047-04-01 00:00:00,0.0572239273901787
1606,9,2,2048-04-01 00:00:00,0.059383320876600545
1607,9,2,2049-04-01 00:00:00,0.06154271436302238
1608,9,2,2050-04-01 00:00:00,0.063582141544643
1609,9,2,2051-04-01 00:00:00,0.0626224111062333
1610,9,2,2052-04-01 00:00:00,0.06178264697262482
1611,9,2,2053-04-01 00:00:00,0.06082291653421511
1612,9,2,2054-04-01 00:00:00,0.06058298392461268
1613,9,3,2023-11-01 00:00:00,0.004318786972843676
1614,9,3,2024-11-01 00:00:00,0.00779780981207886
1615,9,3,2025-11-01 00:00:00,0.011636731565717682
1616,9,3,2026-11-01 00:00:00,0.015835552233760146
1617,9,3,2027-11-01 00:00:00,0.020274305511405036
1618,9,3,2028-11-01 00:00:00,0.02423319356984507
1619,9,3,2029-11-01 00:00:00,0.02819208162828511
1620,9,3,2030-11-01 00:00:00,0.032510868601128784
1621,9,3,2031-11-01 00:00:00,0.037429487097978525
1622,9,3,2032-11-01 00:00:00,0.04246807189962948
1623,9,3,2033-11-01 00:00:00,0.04738669039647923
1624,9,3,2034-11-01 00:00:00,0.05194540997892533
1625,9,3,2035-11-01 00:00:00,0.056264196951769006
1626,9,3,2036-11-01 00:00:00,0.06094288283901632
1627,9,3,2037-11-01 00:00:00,0.06586150133586606
1628,9,3,2038-11-01 00:00:00,0.07066015352791459
1629,9,3,2039-11-01 00:00:00,0.07533883941516191
1630,9,3,2040-11-01 00:00:00,0.08037742421681286
1631,9,3,2041-11-01 00:00:00,0.0852960427136626
1632,9,3,2042-11-01 00:00:00,0.09009469490571113
1633,9,3,2043-11-01 00:00:00,0.09477338079295845
1634,9,3,2044-11-01 00:00:00,0.09861230254659728
1635,9,3,2045-11-01 00:00:00,0.10305105582424216
1636,9,3,2046-11-01 00:00:00,0.10724987649228461
1637,9,3,2047-11-01 00:00:00,0.11108879824592344
1638,9,3,2048-11-01 00:00:00,0.11372805695155014
1639,9,3,2049-11-01 00:00:00,0.11600741674277319
1640,9,3,2050-11-01 00:00:00,0.11372805695155014
1641,9,3,2051-11-01 00:00:00,0.11216849498913437
1642,9,3,2052-11-01 00:00:00,0.11072889933151982
1643,9,3,2053-11-01 00:00:00,0.10988913519791131
1644,9,3,2024-04-01 00:00:00,0.004318786972843676
1645,9,3,2025-04-01 00:00:00,0.008637573945687352
1646,9,3,2026-04-01 00:00:00,0.013436226137735882
1647,9,3,2027-04-01 00:00:00,0.018474810939386837
1648,9,3,2028-04-01 00:00:00,0.023633362045839004
1649,9,3,2029-04-01 00:00:00,0.028551980542688746
1650,9,3,2030-04-01 00:00:00,0.03347059903953849
1651,9,3,2031-04-01 00:00:00,0.03862915014599066
1652,9,3,2032-04-01 00:00:00,0.0445074990812501
1653,9,3,2033-04-01 00:00:00,0.05062578062611198
1654,9,3,2034-04-01 00:00:00,0.05674406217097386
1655,9,3,2035-04-01 00:00:00,0.06202257958222723
1656,9,3,2036-04-01 00:00:00,0.06754102960308304
1657,9,3,2037-04-01 00:00:00,0.07329941223354128
1658,9,3,2038-04-01 00:00:00,0.07917776116880072
1659,9,3,2039-04-01 00:00:00,0.08493614379925896
1660,9,3,2040-04-01 00:00:00,0.09069452642971719
1661,9,3,2041-04-01 00:00:00,0.09657287536497665
1662,9,3,2042-04-01 00:00:00,0.10245122430023608
1663,9,3,2043-04-01 00:00:00,0.10832957323549554
1664,9,3,2044-04-01 00:00:00,0.11384802325635135
1665,9,3,2045-04-01 00:00:00,0.11876664175320109
1666,9,3,2046-04-01 00:00:00,0.12380522655485204
1667,9,3,2047-04-01 00:00:00,0.128843811356503
1668,9,3,2048-04-01 00:00:00,0.13256276680534063
1669,9,3,2049-04-01 00:00:00,0.1360417896445758
1670,9,3,2050-04-01 00:00:00,0.1397607450934134
1671,9,3,2051-04-01 00:00:00,0.13856108204540127
1672,9,3,2052-04-01 00:00:00,0.1371214863877867
1673,9,3,2053-04-01 00:00:00,0.13568189073017217
1674,9,3,2054-04-01 00:00:00,0.13484212659656367
1675,10,1,2023-11-01 00:00:00,0.06706116438387819
1676,10,1,2024-11-01 00:00:00,0.06766099590788426
1677,10,1,2025-11-01 00:00:00,0.059023421962196905
1678,10,1,2026-11-01 00:00:00,0.05122561215011804
1679,10,1,2027-11-01 00:00:00,0.051465544759720476
1680,10,1,2028-11-01 00:00:00,0.05254524150293139
1681,10,1,2029-11-01 00:00:00,0.05398483716054595
1682,10,1,2030-11-01 00:00:00,0.0553044665133593
1683,10,1,2031-11-01 00:00:00,0.05650412956137143
1684,10,1,2032-11-01 00:00:00,0.05686402847577507
1685,10,1,2033-11-01 00:00:00,0.05698399478057628
1686,10,1,2034-11-01 00:00:00,0.05734389369497992
1687,10,1,2035-11-01 00:00:00,0.05698399478057628
1688,10,1,2036-11-01 00:00:00,0.05722392739017872
1689,10,1,2037-11-01 00:00:00,0.05734389369497992
1690,10,1,2038-11-01 00:00:00,0.05758382630458236
1691,10,1,2039-11-01 00:00:00,0.05770379260938357
1692,10,1,2040-11-01 00:00:00,0.05818365782858842
1693,10,1,2041-11-01 00:00:00,0.05830362413338963
1694,10,1,2042-11-01 00:00:00,0.05866352304779327
1695,10,1,2043-11-01 00:00:00,0.058663523047793265
1696,10,1,2044-11-01 00:00:00,0.05854355674299206
1697,10,1,2045-11-01 00:00:00,0.05854355674299206
1698,10,1,2046-11-01 00:00:00,0.05842359043819084
1699,10,1,2047-11-01 00:00:00,0.05854355674299206
1700,10,1,2048-11-01 00:00:00,0.05854355674299206
1701,10,1,2049-11-01 00:00:00,0.05794372521898599
1702,10,1,2050-11-01 00:00:00,0.05674406217097386
1703,10,1,2051-11-01 00:00:00,0.055904298037365366
1704,10,1,2052-11-01 00:00:00,0.055664365427762943
1705,10,1,2053-11-01 00:00:00,0.055664365427762943
1706,10,1,2024-04-01 00:00:00,0.06706116438387819
1707,10,1,2025-04-01 00:00:00,0.06274237741103453
1708,10,1,2026-04-01 00:00:00,0.05662409586617264
1709,10,1,2027-04-01 00:00:00,0.054704634989353226
1710,10,1,2028-04-01 00:00:00,0.05506453390375687
1711,10,1,2029-04-01 00:00:00,0.055904298037365366
1712,10,1,2030-04-01 00:00:00,0.057103961085377505
1713,10,1,2031-04-01 00:00:00,0.05818365782858842
1714,10,1,2032-04-01 00:00:00,0.059143388266998116
1715,10,1,2033-04-01 00:00:00,0.05938332087660054
1716,10,1,2034-04-01 00:00:00,0.059983152400606615
1717,10,1,2035-04-01 00:00:00,0.05986318609580539
1718,10,1,2036-04-01 00:00:00,0.05986318609580539
1719,10,1,2037-04-01 00:00:00,0.059983152400606615
1720,10,1,2038-04-01 00:00:00,0.06010311870540782
1721,10,1,2039-04-01 00:00:00,0.06022308501020903
1722,10,1,2040-04-01 00:00:00,0.06046301761981147
1723,10,1,2041-04-01 00:00:00,0.06058298392461268
1724,10,1,2042-04-01 00:00:00,0.06070295022941389
1725,10,1,2043-04-01 00:00:00,0.06070295022941389
1726,10,1,2044-04-01 00:00:00,0.06070295022941389
1727,10,1,2045-04-01 00:00:00,0.06058298392461268
1728,10,1,2046-04-01 00:00:00,0.06022308501020903
1729,10,1,2047-04-01 00:00:00,0.059983152400606615
1730,10,1,2048-04-01 00:00:00,0.05986318609580539
1731,10,1,2049-04-01 00:00:00,0.05974321979100418
1732,10,1,2050-04-01 00:00:00,0.05926335457179933
1733,10,1,2051-04-01 00:00:00,0.05830362413338963
1734,10,1,2052-04-01 00:00:00,0.05758382630458236
1735,10,1,2053-04-01 00:00:00,0.05722392739017872
1736,10,1,2054-04-01 00:00:00,0.05698399478057628
1737,10,2,2023-11-01 00:00:00,0.06706116438387819
1738,10,2,2024-11-01 00:00:00,0.09225408839213296
1739,10,2,2025-11-01 00:00:00,0.11720707979078532
1740,10,2,2026-11-01 00:00:00,0.14431946467585952
1741,10,2,2027-11-01 00:00:00,0.1698722875985179
1742,10,2,2028-11-01 00:00:00,0.19518517791157391
1743,10,2,2029-11-01 00:00:00,0.2203781019198287
1744,10,2,2030-11-01 00:00:00,0.24869014985291502
1745,10,2,2031-11-01 00:00:00,0.2827605804164596
1746,10,2,2032-11-01 00:00:00,0.3180306740280162
1747,10,2,2033-11-01 00:00:00,0.3511413741531511
1748,10,2,2034-11-01 00:00:00,0.38149284926785804
1749,10,2,2035-11-01 00:00:00,0.41124449285855896
1750,10,2,2036-11-01 00:00:00,0.4426756647164768
1751,10,2,2037-11-01 00:00:00,0.47434676918399715
1752,10,2,2038-11-01 00:00:00,0.5020589855930773
1753,10,2,2039-11-01 00:00:00,0.5278517411253382
1754,10,2,2040-11-01 00:00:00,0.5549641260104125
1755,10,2,2041-11-01 00:00:00,0.5854355674299205
1756,10,2,2042-11-01 00:00:00,0.6187862001646578
1757,10,2,2043-11-01 00:00:00,0.6510571361561841
1758,10,2,2044-11-01 00:00:00,0.6785294199556621
1759,10,2,2045-11-01 00:00:00,0.7056418048407361
1760,10,2,2046-11-01 00:00:00,0.7309546951537921
1761,10,2,2047-11-01 00:00:00,0.7542281582852276
1762,10,2,2048-11-01 00:00:00,0.7819403746943077
1763,10,2,2049-11-01 00:00:00,0.8032943769489237
1764,10,2,2050-11-01 00:00:00,0.7908178812495976
1765,10,2,2051-11-01 00:00:00,0.7757021268446447
1766,10,2,2052-11-01 00:00:00,0.7627457659261137
1767,10,2,2053-11-01 00:00:00,0.7589068441724748
1768,10,2,2024-04-01 00:00:00,0.06706116438387819
1769,10,2,2025-04-01 00:00:00,0.09837236993699486
1770,10,2,2026-04-01 00:00:00,0.13124313745252728
1771,10,2,2027-04-01 00:00:00,0.1641139049680597
1772,10,2,2028-04-01 00:00:00,0.19650480726438724
1773,10,2,2029-04-01 00:00:00,0.2286557769511124
1774,10,2,2030-04-01 00:00:00,0.26116664555224123
1775,10,2,2031-04-01 00:00:00,0.29619680655419545
1776,10,2,2032-04-01 00:00:00,0.3372252827962104
1777,10,2,2033-04-01 00:00:00,0.37921348947663497
1778,10,2,2034-04-01 00:00:00,0.42096176354745724
1779,10,2,2035-04-01 00:00:00,0.45755148651182725
1780,10,2,2036-04-01 00:00:00,0.49570077143861296
1781,10,2,2037-04-01 00:00:00,0.5340899889750013
1782,10,2,2038-04-01 00:00:00,0.5709196445489737
1783,10,2,2039-04-01 00:00:00,0.6047501425029158
1784,10,2,2040-04-01 00:00:00,0.6384606741520568
1785,10,2,2041-04-01 00:00:00,0.6744505655924208
1786,10,2,2042-04-01 00:00:00,0.7124798842144053
1787,10,2,2043-04-01 00:00:00,0.7524286637132094
1788,10,2,2044-04-01 00:00:00,0.7908178812495976
1789,10,2,2045-04-01 00:00:00,0.8250082781179434
1790,10,2,2046-04-01 00:00:00,0.8569193151950661
1791,10,2,2047-04-01 00:00:00,0.8894301837961949
1792,10,2,2048-04-01 00:00:00,0.9224209176165284
1793,10,2,2049-04-01 00:00:00,0.9555316177416634
1794,10,2,2050-04-01 00:00:00,0.9875626211235874
1795,10,2,2051-04-01 00:00:00,0.9730466982426405
1796,10,2,2052-04-01 00:00:00,0.9585307753616935
1797,10,2,2053-04-01 00:00:00,0.9452145155287589
1798,10,2,2054-04-01 00:00:00,0.9414955600799214
1799,10,3,2023-11-01 00:00:00,0.06706116438387819
1800,10,3,2024-11-01 00:00:00,0.12140590045882778
1801,10,3,2025-11-01 00:00:00,0.17994945720181985
1802,10,3,2026-11-01 00:00:00,0.24569099223288468
1803,10,3,2027-11-01 00:00:00,0.3140717859695762
1804,10,3,2028-11-01 00:00:00,0.37573446663739984
1805,10,3,2029-11-01 00:00:00,0.43835687774363313
1806,10,3,2030-11-01 00:00:00,0.5043383453843003
1807,10,3,2031-11-01 00:00:00,0.5801570500186671
1808,10,3,2032-11-01 00:00:00,0.6596947101018715
1809,10,3,2033-11-01 00:00:00,0.7362332125650455
1810,10,3,2034-11-01 00:00:00,0.8059336356545506
1811,10,3,2035-11-01 00:00:00,0.8728748337336275
1812,10,3,2036-11-01 00:00:00,0.9470140101007771
1813,10,3,2037-11-01 00:00:00,1.0231926136495477
1814,10,3,2038-11-01 00:00:00,1.0980515878455046
1815,10,3,2039-11-01 00:00:00,1.1700313707262326
1816,10,3,2040-11-01 00:00:00,1.2486093003710272
1817,10,3,2041-11-01 00:00:00,1.3237082071765867
1818,10,3,2042-11-01 00:00:00,1.3984472150677425
1819,10,3,2043-11-01 00:00:00,1.4707868968628741
1820,10,3,2044-11-01 00:00:00,1.5317297797018905
1821,10,3,2045-11-01 00:00:00,1.5993907756097747
1822,10,3,2046-11-01 00:00:00,1.665852108469647
1823,10,3,2047-11-01 00:00:00,1.7246355978222416
1824,10,3,2048-11-01 00:00:00,1.7654241414546537
1825,10,3,2049-11-01 00:00:00,1.8005742687614092
1826,10,3,2050-11-01 00:00:00,1.7656640740642564
1827,10,3,2051-11-01 00:00:00,1.7422706446280198
1828,10,3,2052-11-01 00:00:00,1.719836945630193
1829,10,3,2053-11-01 00:00:00,1.7061607868828546
1830,10,3,2024-04-01 00:00:00,0.06706116438387819
1831,10,3,2025-04-01 00:00:00,0.13472216029176243
1832,10,3,2026-04-01 00:00:00,0.20898130296371342
1833,10,3,2027-04-01 00:00:00,0.28767919891330934
1834,10,3,2028-04-01 00:00:00,0.36685696008211
1835,10,3,2029-04-01 00:00:00,0.44279563102127795
1836,10,3,2030-04-01 00:00:00,0.5195740660940545
1837,10,3,2031-04-01 00:00:00,0.6005513218348735
1838,10,3,2032-04-01 00:00:00,0.6920856123981991
1839,10,3,2033-04-01 00:00:00,0.7858992627527479
1840,10,3,2034-04-01 00:00:00,0.8806726435457062
1841,10,3,2035-04-01 00:00:00,0.9635693601633445
1842,10,3,2036-04-01 00:00:00,1.0480256387433988
1843,10,3,2037-04-01 00:00:00,1.1372805695155013
1844,10,3,2038-04-01 00:00:00,1.2289348263836284
1845,10,3,2039-04-01 00:00:00,1.3184296897653334
1846,10,3,2040-04-01 00:00:00,1.4081644857566407
1847,10,3,2041-04-01 00:00:00,1.4995788100151655
1848,10,3,2042-04-01 00:00:00,1.5914729994928947
1849,10,3,2043-04-01 00:00:00,1.681807627008208
1850,10,3,2044-04-01 00:00:00,1.767343602331473
1851,10,3,2045-04-01 00:00:00,1.843762138489846
1852,10,3,2046-04-01 00:00:00,1.9230598659634481
1853,10,3,2047-04-01 00:00:00,1.9999582673410254
1854,10,3,2048-04-01 00:00:00,2.057542093645608
1855,10,3,2049-04-01 00:00:00,2.1130864927685695
1856,10,3,2050-04-01 00:00:00,2.16947065602514
1857,10,3,2051-04-01 00:00:00,2.150635946171349
1858,10,3,2052-04-01 00:00:00,2.1298817754407393
1859,10,3,2053-04-01 00:00:00,2.1066083123093042
1860,10,3,2054-04-01 00:00:00,2.094251782914779
1861,11,1,2023-11-01 00:00:00,0
1862,11,1,2024-11-01 00:00:00,0
1863,11,1,2025-11-01 00:00:00,0
1864,11,1,2026-11-01 00:00:00,0
1865,11,1,2027-11-01 00:00:00,0
1866,11,1,2028-11-01 00:00:00,0
1867,11,1,2029-11-01 00:00:00,0
1868,11,1,2030-11-01 00:00:00,0
1869,11,1,2031-11-01 00:00:00,0
1870,11,1,2032-11-01 00:00:00,0
1871,11,1,2033-11-01 00:00:00,0
1872,11,1,2034-11-01 00:00:00,0
1873,11,1,2035-11-01 00:00:00,0
1874,11,1,2036-11-01 00:00:00,0
1875,11,1,2037-11-01 00:00:00,0
1876,11,1,2038-11-01 00:00:00,0
1877,11,1,2039-11-01 00:00:00,0
1878,11,1,2040-11-01 00:00:00,0
1879,11,1,2041-11-01 00:00:00,0
1880,11,1,2042-11-01 00:00:00,0
1881,11,1,2043-11-01 00:00:00,0
1882,11,1,2044-11-01 00:00:00,0
1883,11,1,2045-11-01 00:00:00,0
1884,11,1,2046-11-01 00:00:00,0
1885,11,1,2047-11-01 00:00:00,0
1886,11,1,2048-11-01 00:00:00,0
1887,11,1,2049-11-01 00:00:00,0
1888,11,1,2050-11-01 00:00:00,0
1889,11,1,2051-11-01 00:00:00,0
1890,11,1,2052-11-01 00:00:00,0
1891,11,1,2053-11-01 00:00:00,0
1892,11,1,2024-04-01 00:00:00,0
1893,11,1,2025-04-01 00:00:00,0
1894,11,1,2026-04-01 00:00:00,0
1895,11,1,2027-04-01 00:00:00,0
1896,11,1,2028-04-01 00:00:00,0
1897,11,1,2029-04-01 00:00:00,0
1898,11,1,2030-04-01 00:00:00,0
1899,11,1,2031-04-01 00:00:00,0
1900,11,1,2032-04-01 00:00:00,0
1901,11,1,2033-04-01 00:00:00,0
1902,11,1,2034-04-01 00:00:00,0
1903,11,1,2035-04-01 00:00:00,0
1904,11,1,2036-04-01 00:00:00,0
1905,11,1,2037-04-01 00:00:00,0
1906,11,1,2038-04-01 00:00:00,0
1907,11,1,2039-04-01 00:00:00,0
1908,11,1,2040-04-01 00:00:00,0
1909,11,1,2041-04-01 00:00:00,0
1910,11,1,2042-04-01 00:00:00,0
1911,11,1,2043-04-01 00:00:00,0
1912,11,1,2044-04-01 00:00:00,0
1913,11,1,2045-04-01 00:00:00,0
1914,11,1,2046-04-01 00:00:00,0
1915,11,1,2047-04-01 00:00:00,0
1916,11,1,2048-04-01 00:00:00,0
1917,11,1,2049-04-01 00:00:00,0
1918,11,1,2050-04-01 00:00:00,0
1919,11,1,2051-04-01 00:00:00,0
1920,11,1,2052-04-01 00:00:00,0
1921,11,1,2053-04-01 00:00:00,0
1922,11,1,2054-04-01 00:00:00,0
1923,11,2,2023-11-01 00:00:00,0
1924,11,2,2024-11-01 00:00:00,0
1925,11,2,2025-11-01 00:00:00,0
1926,11,2,2026-11-01 00:00:00,0
1927,11,2,2027-11-01 00:00:00,0
1928,11,2,2028-11-01 00:00:00,0
1929,11,2,2029-11-01 00:00:00,0
1930,11,2,2030-11-01 00:00:00,0
1931,11,2,2031-11-01 00:00:00,0
1932,11,2,2032-11-01 00:00:00,0
1933,11,2,2033-11-01 00:00:00,0
1934,11,2,2034-11-01 00:00:00,0
1935,11,2,2035-11-01 00:00:00,0
1936,11,2,2036-11-01 00:00:00,0
1937,11,2,2037-11-01 00:00:00,0
1938,11,2,2038-11-01 00:00:00,0
1939,11,2,2039-11-01 00:00:00,0
1940,11,2,2040-11-01 00:00:00,0
1941,11,2,2041-11-01 00:00:00,0
1942,11,2,2042-11-01 00:00:00,0
1943,11,2,2043-11-01 00:00:00,0
1944,11,2,2044-11-01 00:00:00,0
1945,11,2,2045-11-01 00:00:00,0
1946,11,2,2046-11-01 00:00:00,0
1947,11,2,2047-11-01 00:00:00,0
1948,11,2,2048-11-01 00:00:00,0
1949,11,2,2049-11-01 00:00:00,0
1950,11,2,2050-11-01 00:00:00,0
1951,11,2,2051-11-01 00:00:00,0
1952,11,2,2052-11-01 00:00:00,0
1953,11,2,2053-11-01 00:00:00,0
1954,11,2,2024-04-01 00:00:00,0
1955,11,2,2025-04-01 00:00:00,0
1956,11,2,2026-04-01 00:00:00,0
1957,11,2,2027-04-01 00:00:00,0
1958,11,2,2028-04-01 00:00:00,0
1959,11,2,2029-04-01 00:00:00,0
1960,11,2,2030-04-01 00:00:00,0
1961,11,2,2031-04-01 00:00:00,0
1962,11,2,2032-04-01 00:00:00,0
1963,11,2,2033-04-01 00:00:00,0
1964,11,2,2034-04-01 00:00:00,0
1965,11,2,2035-04-01 00:00:00,0
1966,11,2,2036-04-01 00:00:00,0
1967,11,2,2037-04-01 00:00:00,0
1968,11,2,2038-04-01 00:00:00,0
1969,11,2,2039-04-01 00:00:00,0
1970,11,2,2040-04-01 00:00:00,0
1971,11,2,2041-04-01 00:00:00,0
1972,11,2,2042-04-01 00:00:00,0
1973,11,2,2043-04-01 00:00:00,0
1974,11,2,2044-04-01 00:00:00,0
1975,11,2,2045-04-01 00:00:00,0
1976,11,2,2046-04-01 00:00:00,0
1977,11,2,2047-04-01 00:00:00,0
1978,11,2,2048-04-01 00:00:00,0
1979,11,2,2049-04-01 00:00:00,0
1980,11,2,2050-04-01 00:00:00,0
1981,11,2,2051-04-01 00:00:00,0
1982,11,2,2052-04-01 00:00:00,0
1983,11,2,2053-04-01 00:00:00,0
1984,11,2,2054-04-01 00:00:00,0
1985,11,3,2023-11-01 00:00:00,0
1986,11,3,2024-11-01 00:00:00,0
1987,11,3,2025-11-01 00:00:00,0
1988,11,3,2026-11-01 00:00:00,0
1989,11,3,2027-11-01 00:00:00,0
1990,11,3,2028-11-01 00:00:00,0
1991,11,3,2029-11-01 00:00:00,0
1992,11,3,2030-11-01 00:00:00,0
1993,11,3,2031-11-01 00:00:00,0
1994,11,3,2032-11-01 00:00:00,0
1995,11,3,2033-11-01 00:00:00,0
1996,11,3,2034-11-01 00:00:00,0
1997,11,3,2035-11-01 00:00:00,0
1998,11,3,2036-11-01 00:00:00,0
1999,11,3,2037-11-01 00:00:00,0
2000,11,3,2038-11-01 00:00:00,0
2001,11,3,2039-11-01 00:00:00,0
2002,11,3,2040-11-01 00:00:00,0
2003,11,3,2041-11-01 00:00:00,0
2004,11,3,2042-11-01 00:00:00,0
2005,11,3,2043-11-01 00:00:00,0
2006,11,3,2044-11-01 00:00:00,0
2007,11,3,2045-11-01 00:00:00,0
2008,11,3,2046-11-01 00:00:00,0
2009,11,3,2047-11-01 00:00:00,0
2010,11,3,2048-11-01 00:00:00,0
2011,11,3,2049-11-01 00:00:00,0
2012,11,3,2050-11-01 00:00:00,0
2013,11,3,2051-11-01 00:00:00,0
2014,11,3,2052-11-01 00:00:00,0
2015,11,3,2053-11-01 00:00:00,0
2016,11,3,2024-04-01 00:00:00,0
2017,11,3,2025-04-01 00:00:00,0
2018,11,3,2026-04-01 00:00:00,0
2019,11,3,2027-04-01 00:00:00,0
2020,11,3,2028-04-01 00:00:00,0
2021,11,3,2029-04-01 00:00:00,0
2022,11,3,2030-04-01 00:00:00,0
2023,11,3,2031-04-01 00:00:00,0
2024,11,3,2032-04-01 00:00:00,0
2025,11,3,2033-04-01 00:00:00,0
2026,11,3,2034-04-01 00:00:00,0
2027,11,3,2035-04-01 00:00:00,0
2028,11,3,2036-04-01 00:00:00,0
2029,11,3,2037-04-01 00:00:00,0
2030,11,3,2038-04-01 00:00:00,0
2031,11,3,2039-04-01 00:00:00,0
2032,11,3,2040-04-01 00:00:00,0
2033,11,3,2041-04-01 00:00:00,0
2034,11,3,2042-04-01 00:00:00,0
2035,11,3,2043-04-01 00:00:00,0
2036,11,3,2044-04-01 00:00:00,0
2037,11,3,2045-04-01 00:00:00,0
2038,11,3,2046-04-01 00:00:00,0
2039,11,3,2047-04-01 00:00:00,0
2040,11,3,2048-04-01 00:00:00,0
2041,11,3,2049-04-01 00:00:00,0
2042,11,3,2050-04-01 00:00:00,0
2043,11,3,2051-04-01 00:00:00,0
2044,11,3,2052-04-01 00:00:00,0
2045,11,3,2053-04-01 00:00:00,0
2046,11,3,2054-04-01 00:00:00,0
2047,12,1,2023-11-01 00:00:00,0
2048,12,1,2024-11-01 00:00:00,0
2049,12,1,2025-11-01 00:00:00,0
2050,12,1,2026-11-01 00:00:00,0
2051,12,1,2027-11-01 00:00:00,0
2052,12,1,2028-11-01 00:00:00,0
2053,12,1,2029-11-01 00:00:00,0
2054,12,1,2030-11-01 00:00:00,0
2055,12,1,2031-11-01 00:00:00,0
2056,12,1,2032-11-01 00:00:00,0
2057,12,1,2033-11-01 00:00:00,0
2058,12,1,2034-11-01 00:00:00,0
2059,12,1,2035-11-01 00:00:00,0
2060,12,1,2036-11-01 00:00:00,0
2061,12,1,2037-11-01 00:00:00,0
2062,12,1,2038-11-01 00:00:00,0
2063,12,1,2039-11-01 00:00:00,0
2064,12,1,2040-11-01 00:00:00,0
2065,12,1,2041-11-01 00:00:00,0
2066,12,1,2042-11-01 00:00:00,0
2067,12,1,2043-11-01 00:00:00,0
2068,12,1,2044-11-01 00:00:00,0
2069,12,1,2045-11-01 00:00:00,0
2070,12,1,2046-11-01 00:00:00,0
2071,12,1,2047-11-01 00:00:00,0
2072,12,1,2048-11-01 00:00:00,0
2073,12,1,2049-11-01 00:00:00,0
2074,12,1,2050-11-01 00:00:00,0
2075,12,1,2051-11-01 00:00:00,0
2076,12,1,2052-11-01 00:00:00,0
2077,12,1,2053-11-01 00:00:00,0
2078,12,1,2024-04-01 00:00:00,0
2079,12,1,2025-04-01 00:00:00,0
2080,12,1,2026-04-01 00:00:00,0
2081,12,1,2027-04-01 00:00:00,0
2082,12,1,2028-04-01 00:00:00,0
2083,12,1,2029-04-01 00:00:00,0
2084,12,1,2030-04-01 00:00:00,0
2085,12,1,2031-04-01 00:00:00,0
2086,12,1,2032-04-01 00:00:00,0
2087,12,1,2033-04-01 00:00:00,0
2088,12,1,2034-04-01 00:00:00,0
2089,12,1,2035-04-01 00:00:00,0
2090,12,1,2036-04-01 00:00:00,0
2091,12,1,2037-04-01 00:00:00,0
2092,12,1,2038-04-01 00:00:00,0
2093,12,1,2039-04-01 00:00:00,0
2094,12,1,2040-04-01 00:00:00,0
2095,12,1,2041-04-01 00:00:00,0
2096,12,1,2042-04-01 00:00:00,0
2097,12,1,2043-04-01 00:00:00,0
2098,12,1,2044-04-01 00:00:00,0
2099,12,1,2045-04-01 00:00:00,0
2100,12,1,2046-04-01 00:00:00,0
2101,12,1,2047-04-01 00:00:00,0
2102,12,1,2048-04-01 00:00:00,0
2103,12,1,2049-04-01 00:00:00,0
2104,12,1,2050-04-01 00:00:00,0
2105,12,1,2051-04-01 00:00:00,0
2106,12,1,2052-04-01 00:00:00,0
2107,12,1,2053-04-01 00:00:00,0
2108,12,1,2054-04-01 00:00:00,0
2109,12,2,2023-11-01 00:00:00,0
2110,12,2,2024-11-01 00:00:00,0
2111,12,2,2025-11-01 00:00:00,0
2112,12,2,2026-11-01 00:00:00,0
2113,12,2,2027-11-01 00:00:00,0
2114,12,2,2028-11-01 00:00:00,0
2115,12,2,2029-11-01 00:00:00,0
2116,12,2,2030-11-01 00:00:00,0
2117,12,2,2031-11-01 00:00:00,0
2118,12,2,2032-11-01 00:00:00,0
2119,12,2,2033-11-01 00:00:00,0
2120,12,2,2034-11-01 00:00:00,0
2121,12,2,2035-11-01 00:00:00,0
2122,12,2,2036-11-01 00:00:00,0
2123,12,2,2037-11-01 00:00:00,0
2124,12,2,2038-11-01 00:00:00,0
2125,12,2,2039-11-01 00:00:00,0
2126,12,2,2040-11-01 00:00:00,0
2127,12,2,2041-11-01 00:00:00,0
2128,12,2,2042-11-01 00:00:00,0
2129,12,2,2043-11-01 00:00:00,0
2130,12,2,2044-11-01 00:00:00,0
2131,12,2,2045-11-01 00:00:00,0
2132,12,2,2046-11-01 00:00:00,0
2133,12,2,2047-11-01 00:00:00,0
2134,12,2,2048-11-01 00:00:00,0
2135,12,2,2049-11-01 00:00:00,0
2136,12,2,2050-11-01 00:00:00,0
2137,12,2,2051-11-01 00:00:00,0
2138,12,2,2052-11-01 00:00:00,0
2139,12,2,2053-11-01 00:00:00,0
2140,12,2,2024-04-01 00:00:00,0
2141,12,2,2025-04-01 00:00:00,0
2142,12,2,2026-04-01 00:00:00,0
2143,12,2,2027-04-01 00:00:00,0
2144,12,2,2028-04-01 00:00:00,0
2145,12,2,2029-04-01 00:00:00,0
2146,12,2,2030-04-01 00:00:00,0
2147,12,2,2031-04-01 00:00:00,0
2148,12,2,2032-04-01 00:00:00,0
2149,12,2,2033-04-01 00:00:00,0
2150,12,2,2034-04-01 00:00:00,0
2151,12,2,2035-04-01 00:00:00,0
2152,12,2,2036-04-01 00:00:00,0
2153,12,2,2037-04-01 00:00:00,0
2154,12,2,2038-04-01 00:00:00,0
2155,12,2,2039-04-01 00:00:00,0
2156,12,2,2040-04-01 00:00:00,0
2157,12,2,2041-04-01 00:00:00,0
2158,12,2,2042-04-01 00:00:00,0
2159,12,2,2043-04-01 00:00:00,0
2160,12,2,2044-04-01 00:00:00,0
2161,12,2,2045-04-01 00:00:00,0
2162,12,2,2046-04-01 00:00:00,0
2163,12,2,2047-04-01 00:00:00,0
2164,12,2,2048-04-01 00:00:00,0
2165,12,2,2049-04-01 00:00:00,0
2166,12,2,2050-04-01 00:00:00,0
2167,12,2,2051-04-01 00:00:00,0
2168,12,2,2052-04-01 00:00:00,0
2169,12,2,2053-04-01 00:00:00,0
2170,12,2,2054-04-01 00:00:00,0
2171,12,3,2023-11-01 00:00:00,0
2172,12,3,2024-11-01 00:00:00,0
2173,12,3,2025-11-01 00:00:00,0
2174,12,3,2026-11-01 00:00:00,0
2175,12,3,2027-11-01 00:00:00,0
2176,12,3,2028-11-01 00:00:00,0
2177,12,3,2029-11-01 00:00:00,0
2178,12,3,2030-11-01 00:00:00,0
2179,12,3,2031-11-01 00:00:00,0
2180,12,3,2032-11-01 00:00:00,0
2181,12,3,2033-11-01 00:00:00,0
2182,12,3,2034-11-01 00:00:00,0
2183,12,3,2035-11-01 00:00:00,0
2184,12,3,2036-11-01 00:00:00,0
2185,12,3,2037-11-01 00:00:00,0
2186,12,3,2038-11-01 00:00:00,0
2187,12,3,2039-11-01 00:00:00,0
2188,12,3,2040-11-01 00:00:00,0
2189,12,3,2041-11-01 00:00:00,0
2190,12,3,2042-11-01 00:00:00,0
2191,12,3,2043-11-01 00:00:00,0
2192,12,3,2044-11-01 00:00:00,0
2193,12,3,2045-11-01 00:00:00,0
2194,12,3,2046-11-01 00:00:00,0
2195,12,3,2047-11-01 00:00:00,0
2196,12,3,2048-11-01 00:00:00,0
2197,12,3,2049-11-01 00:00:00,0
2198,12,3,2050-11-01 00:00:00,0
2199,12,3,2051-11-01 00:00:00,0
2200,12,3,2052-11-01 00:00:00,0
2201,12,3,2053-11-01 00:00:00,0
2202,12,3,2024-04-01 00:00:00,0
2203,12,3,2025-04-01 00:00:00,0
2204,12,3,2026-04-01 00:00:00,0
2205,12,3,2027-04-01 00:00:00,0
2206,12,3,2028-04-01 00:00:00,0
2207,12,3,2029-04-01 00:00:00,0
2208,12,3,2030-04-01 00:00:00,0
2209,12,3,2031-04-01 00:00:00,0
2210,12,3,2032-04-01 00:00:00,0
2211,12,3,2033-04-01 00:00:00,0
2212,12,3,2034-04-01 00:00:00,0
2213,12,3,2035-04-01 00:00:00,0
2214,12,3,2036-04-01 00:00:00,0
2215,12,3,2037-04-01 00:00:00,0
2216,12,3,2038-04-01 00:00:00,0
2217,12,3,2039-04-01 00:00:00,0
2218,12,3,2040-04-01 00:00:00,0
2219,12,3,2041-04-01 00:00:00,0
2220,12,3,2042-04-01 00:00:00,0
2221,12,3,2043-04-01 00:00:00,0
2222,12,3,2044-04-01 00:00:00,0
2223,12,3,2045-04-01 00:00:00,0
2224,12,3,2046-04-01 00:00:00,0
2225,12,3,2047-04-01 00:00:00,0
2226,12,3,2048-04-01 00:00:00,0
2227,12,3,2049-04-01 00:00:00,0
2228,12,3,2050-04-01 00:00:00,0
2229,12,3,2051-04-01 00:00:00,0
2230,12,3,2052-04-01 00:00:00,0
2231,12,3,2053-04-01 00:00:00,0
2232,12,3,2054-04-01 00:00:00,0
2233,13,1,2023-11-01 00:00:00,0.0031040689168573676
2234,13,1,2024-11-01 00:00:00,0.0031040689168573676
2235,13,1,2025-11-01 00:00:00,0.0027591723705398825
2236,13,1,2026-11-01 00:00:00,0.002328051687643026
2237,13,1,2027-11-01 00:00:00,0.0024142758242223974
2238,13,1,2028-11-01 00:00:00,0.0024142758242223974
2239,13,1,2029-11-01 00:00:00,0.0025004999608017682
2240,13,1,2030-11-01 00:00:00,0.0025867240973811395
2241,13,1,2031-11-01 00:00:00,0.0025867240973811395
2242,13,1,2032-11-01 00:00:00,0.002672948233960511
2243,13,1,2033-11-01 00:00:00,0.002672948233960511
2244,13,1,2034-11-01 00:00:00,0.002672948233960511
2245,13,1,2035-11-01 00:00:00,0.002672948233960511
2246,13,1,2036-11-01 00:00:00,0.002672948233960511
2247,13,1,2037-11-01 00:00:00,0.002672948233960511
2248,13,1,2038-11-01 00:00:00,0.002672948233960511
2249,13,1,2039-11-01 00:00:00,0.002672948233960511
2250,13,1,2040-11-01 00:00:00,0.002672948233960511
2251,13,1,2041-11-01 00:00:00,0.002672948233960511
2252,13,1,2042-11-01 00:00:00,0.002672948233960511
2253,13,1,2043-11-01 00:00:00,0.0027591723705398825
2254,13,1,2044-11-01 00:00:00,0.002672948233960511
2255,13,1,2045-11-01 00:00:00,0.002672948233960511
2256,13,1,2046-11-01 00:00:00,0.002672948233960511
2257,13,1,2047-11-01 00:00:00,0.002672948233960511
2258,13,1,2048-11-01 00:00:00,0.002672948233960511
2259,13,1,2049-11-01 00:00:00,0.002672948233960511
2260,13,1,2050-11-01 00:00:00,0.0025867240973811395
2261,13,1,2051-11-01 00:00:00,0.0025867240973811395
2262,13,1,2052-11-01 00:00:00,0.0025867240973811395
2263,13,1,2053-11-01 00:00:00,0.0025867240973811395
2264,13,1,2024-04-01 00:00:00,0.0031040689168573676
2265,13,1,2025-04-01 00:00:00,0.0029316206436986255
2266,13,1,2026-04-01 00:00:00,0.0025867240973811395
2267,13,1,2027-04-01 00:00:00,0.0025004999608017682
2268,13,1,2028-04-01 00:00:00,0.0025867240973811395
2269,13,1,2029-04-01 00:00:00,0.0025867240973811395
2270,13,1,2030-04-01 00:00:00,0.002672948233960511
2271,13,1,2031-04-01 00:00:00,0.002672948233960511
2272,13,1,2032-04-01 00:00:00,0.0027591723705398825
2273,13,1,2033-04-01 00:00:00,0.0027591723705398825
2274,13,1,2034-04-01 00:00:00,0.0027591723705398825
2275,13,1,2035-04-01 00:00:00,0.0027591723705398825
2276,13,1,2036-04-01 00:00:00,0.0027591723705398825
2277,13,1,2037-04-01 00:00:00,0.0027591723705398825
2278,13,1,2038-04-01 00:00:00,0.0027591723705398825
2279,13,1,2039-04-01 00:00:00,0.0027591723705398825
2280,13,1,2040-04-01 00:00:00,0.0027591723705398825
2281,13,1,2041-04-01 00:00:00,0.0027591723705398825
2282,13,1,2042-04-01 00:00:00,0.0028453965071192537
2283,13,1,2043-04-01 00:00:00,0.0028453965071192537
2284,13,1,2044-04-01 00:00:00,0.0028453965071192537
2285,13,1,2045-04-01 00:00:00,0.0027591723705398825
2286,13,1,2046-04-01 00:00:00,0.0027591723705398825
2287,13,1,2047-04-01 00:00:00,0.0027591723705398825
2288,13,1,2048-04-01 00:00:00,0.0027591723705398825
2289,13,1,2049-04-01 00:00:00,0.0027591723705398825
2290,13,1,2050-04-01 00:00:00,0.0027591723705398825
2291,13,1,2051-04-01 00:00:00,0.002672948233960511
2292,13,1,2052-04-01 00:00:00,0.002672948233960511
2293,13,1,2053-04-01 00:00:00,0.002672948233960511
2294,13,1,2054-04-01 00:00:00,0.002672948233960511
2295,13,2,2023-11-01 00:00:00,0.0031040689168573676
2296,13,2,2024-11-01 00:00:00,0.004311206828968566
2297,13,2,2025-11-01 00:00:00,0.005432120604500394
2298,13,2,2026-11-01 00:00:00,0.006725482653190964
2299,13,2,2027-11-01 00:00:00,0.00784639642872279
2300,13,2,2028-11-01 00:00:00,0.00905353434083399
2301,13,2,2029-11-01 00:00:00,0.010174448116365815
2302,13,2,2030-11-01 00:00:00,0.011554034301635758
2303,13,2,2031-11-01 00:00:00,0.013106068760064442
2304,13,2,2032-11-01 00:00:00,0.014744327355072495
2305,13,2,2033-11-01 00:00:00,0.01621013767692181
2306,13,2,2034-11-01 00:00:00,0.01767594799877112
2307,13,2,2035-11-01 00:00:00,0.019055534184041063
2308,13,2,2036-11-01 00:00:00,0.020521344505890375
2309,13,2,2037-11-01 00:00:00,0.021987154827739688
2310,13,2,2038-11-01 00:00:00,0.02328051687643026
2311,13,2,2039-11-01 00:00:00,0.024401430651962087
2312,13,2,2040-11-01 00:00:00,0.025694792700652655
2313,13,2,2041-11-01 00:00:00,0.0270743788859226
2314,13,2,2042-11-01 00:00:00,0.02862641334435128
2315,13,2,2043-11-01 00:00:00,0.030092223666200596
2316,13,2,2044-11-01 00:00:00,0.03138558571489116
2317,13,2,2045-11-01 00:00:00,0.03267894776358173
2318,13,2,2046-11-01 00:00:00,0.03379986153911356
2319,13,2,2047-11-01 00:00:00,0.03492077531464539
2320,13,2,2048-11-01 00:00:00,0.03621413736333596
2321,13,2,2049-11-01 00:00:00,0.037162602865709035
2322,13,2,2050-11-01 00:00:00,0.036645258046232816
2323,13,2,2051-11-01 00:00:00,0.03586924081701847
2324,13,2,2052-11-01 00:00:00,0.03526567186096287
2325,13,2,2053-11-01 00:00:00,0.03509322358780413
2326,13,2,2024-04-01 00:00:00,0.0031040689168573676
2327,13,2,2025-04-01 00:00:00,0.00456987923870668
2328,13,2,2026-04-01 00:00:00,0.006035689560555993
2329,13,2,2027-04-01 00:00:00,0.007587724018984676
2330,13,2,2028-04-01 00:00:00,0.00905353434083399
2331,13,2,2029-04-01 00:00:00,0.010605568799262673
2332,13,2,2030-04-01 00:00:00,0.012071379121111985
2333,13,2,2031-04-01 00:00:00,0.013709637716120042
2334,13,2,2032-04-01 00:00:00,0.01560656872086621
2335,13,2,2033-04-01 00:00:00,0.01758972386219175
2336,13,2,2034-04-01 00:00:00,0.019486654866937916
2337,13,2,2035-04-01 00:00:00,0.021211137598525345
2338,13,2,2036-04-01 00:00:00,0.022935620330112774
2339,13,2,2037-04-01 00:00:00,0.024746327198279572
2340,13,2,2038-04-01 00:00:00,0.026384585793287625
2341,13,2,2039-04-01 00:00:00,0.028022844388295682
2342,13,2,2040-04-01 00:00:00,0.029574878846724367
2343,13,2,2041-04-01 00:00:00,0.03121313744173242
2344,13,2,2042-04-01 00:00:00,0.03302384430989922
2345,13,2,2043-04-01 00:00:00,0.03483455117806602
2346,13,2,2044-04-01 00:00:00,0.036645258046232816
2347,13,2,2045-04-01 00:00:00,0.038197292504661494
2348,13,2,2046-04-01 00:00:00,0.03966310282651081
2349,13,2,2047-04-01 00:00:00,0.04112891314836012
2350,13,2,2048-04-01 00:00:00,0.04268094760678881
2351,13,2,2049-04-01 00:00:00,0.04423298206521749
2352,13,2,2050-04-01 00:00:00,0.045698792387066804
2353,13,2,2051-04-01 00:00:00,0.04500899929443183
2354,13,2,2052-04-01 00:00:00,0.04440543033837623
2355,13,2,2053-04-01 00:00:00,0.04371563724574126
2356,13,2,2054-04-01 00:00:00,0.04354318897258252
2357,13,3,2023-11-01 00:00:00,0.0031040689168573676
2358,13,3,2024-11-01 00:00:00,0.005604568877659136
2359,13,3,2025-11-01 00:00:00,0.008363741248199018
2360,13,3,2026-11-01 00:00:00,0.011381586028477015
2361,13,3,2027-11-01 00:00:00,0.014571879081913753
2362,13,3,2028-11-01 00:00:00,0.01741727558903301
2363,13,3,2029-11-01 00:00:00,0.020262672096152262
2364,13,3,2030-11-01 00:00:00,0.023366741013009628
2365,13,3,2031-11-01 00:00:00,0.026901930612763855
2366,13,3,2032-11-01 00:00:00,0.03052334434909745
2367,13,3,2033-11-01 00:00:00,0.03405853394885167
2368,13,3,2034-11-01 00:00:00,0.037335051138867786
2369,13,3,2035-11-01 00:00:00,0.040439120055725156
2370,13,3,2036-11-01 00:00:00,0.04380186138232063
2371,13,3,2037-11-01 00:00:00,0.04733705098207486
2372,13,3,2038-11-01 00:00:00,0.05078601644524971
2373,13,3,2039-11-01 00:00:00,0.0541487577718452
2374,13,3,2040-11-01 00:00:00,0.057770171508178786
2375,13,3,2041-11-01 00:00:00,0.06130536110793301
2376,13,3,2042-11-01 00:00:00,0.06475432657110786
2377,13,3,2043-11-01 00:00:00,0.06811706789770335
2378,13,3,2044-11-01 00:00:00,0.07087624026824324
2379,13,3,2045-11-01 00:00:00,0.07406653332167996
2380,13,3,2046-11-01 00:00:00,0.07708437810195796
2381,13,3,2047-11-01 00:00:00,0.07984355047249785
2382,13,3,2048-11-01 00:00:00,0.08174048147724403
2383,13,3,2049-11-01 00:00:00,0.08337874007225207
2384,13,3,2050-11-01 00:00:00,0.08174048147724403
2385,13,3,2051-11-01 00:00:00,0.08061956770171219
2386,13,3,2052-11-01 00:00:00,0.07958487806275974
2387,13,3,2053-11-01 00:00:00,0.07898130910670413
2388,13,3,2024-04-01 00:00:00,0.0031040689168573676
2389,13,3,2025-04-01 00:00:00,0.006208137833714735
2390,13,3,2026-04-01 00:00:00,0.00965710329688959
2391,13,3,2027-04-01 00:00:00,0.013278517033223185
2392,13,3,2028-04-01 00:00:00,0.016986154906136152
2393,13,3,2029-04-01 00:00:00,0.020521344505890375
2394,13,3,2030-04-01 00:00:00,0.0240565341056446
2395,13,3,2031-04-01 00:00:00,0.02776417197855757
2396,13,3,2032-04-01 00:00:00,0.03198915467094676
2397,13,3,2033-04-01 00:00:00,0.036386585636494696
2398,13,3,2034-04-01 00:00:00,0.04078401660204264
2399,13,3,2035-04-01 00:00:00,0.04457787861153498
2400,13,3,2036-04-01 00:00:00,0.048544188894186054
2401,13,3,2037-04-01 00:00:00,0.05268294744999588
2402,13,3,2038-04-01 00:00:00,0.05690793014238507
2403,13,3,2039-04-01 00:00:00,0.0610466886981949
2404,13,3,2040-04-01 00:00:00,0.06518544725400471
2405,13,3,2041-04-01 00:00:00,0.06941042994639392
2406,13,3,2042-04-01 00:00:00,0.07363541263878311
2407,13,3,2043-04-01 00:00:00,0.0778603953311723
2408,13,3,2044-04-01 00:00:00,0.0818267056138234
2409,13,3,2045-04-01 00:00:00,0.08536189521357762
2410,13,3,2046-04-01 00:00:00,0.08898330894991122
2411,13,3,2047-04-01 00:00:00,0.09260472268624481
2412,13,3,2048-04-01 00:00:00,0.09527767092020532
2413,13,3,2049-04-01 00:00:00,0.09777817088100708
2414,13,3,2050-04-01 00:00:00,0.1004511191149676
2415,13,3,2051-04-01 00:00:00,0.09958887774917388
2416,13,3,2052-04-01 00:00:00,0.09855418811022142
2417,13,3,2053-04-01 00:00:00,0.09751949847126898
2418,13,3,2054-04-01 00:00:00,0.09691592951521337
2419,14,1,2023-11-01 00:00:00,0.04819929234786857
2420,14,1,2024-11-01 00:00:00,0.04863041303076542
2421,14,1,2025-11-01 00:00:00,0.04242227519705069
2422,14,1,2026-11-01 00:00:00,0.036817706319391554
2423,14,1,2027-11-01 00:00:00,0.0369901545925503
2424,14,1,2028-11-01 00:00:00,0.03776617182176464
2425,14,1,2029-11-01 00:00:00,0.038800861460717095
2426,14,1,2030-11-01 00:00:00,0.039749326963090185
2427,14,1,2031-11-01 00:00:00,0.04061156832888389
2428,14,1,2032-11-01 00:00:00,0.04087024073862201
2429,14,1,2033-11-01 00:00:00,0.04095646487520138
2430,14,1,2034-11-01 00:00:00,0.041215137284939495
2431,14,1,2035-11-01 00:00:00,0.04095646487520138
2432,14,1,2036-11-01 00:00:00,0.041128913148360126
2433,14,1,2037-11-01 00:00:00,0.041215137284939495
2434,14,1,2038-11-01 00:00:00,0.04138758555809824
2435,14,1,2039-11-01 00:00:00,0.041473809694677614
2436,14,1,2040-11-01 00:00:00,0.041818706240995096
2437,14,1,2041-11-01 00:00:00,0.041904930377574465
2438,14,1,2042-11-01 00:00:00,0.042163602787312585
2439,14,1,2043-11-01 00:00:00,0.04216360278731258
2440,14,1,2044-11-01 00:00:00,0.042077378650733216
2441,14,1,2045-11-01 00:00:00,0.042077378650733216
2442,14,1,2046-11-01 00:00:00,0.04199115451415383
2443,14,1,2047-11-01 00:00:00,0.042077378650733216
2444,14,1,2048-11-01 00:00:00,0.042077378650733216
2445,14,1,2049-11-01 00:00:00,0.04164625796783635
2446,14,1,2050-11-01 00:00:00,0.04078401660204264
2447,14,1,2051-11-01 00:00:00,0.040180447645987036
2448,14,1,2052-11-01 00:00:00,0.0400079993728283
2449,14,1,2053-11-01 00:00:00,0.0400079993728283
2450,14,1,2024-04-01 00:00:00,0.04819929234786857
2451,14,1,2025-04-01 00:00:00,0.04509522343101121
2452,14,1,2026-04-01 00:00:00,0.04069779246546326
2453,14,1,2027-04-01 00:00:00,0.03931820628019332
2454,14,1,2028-04-01 00:00:00,0.039576878689931434
2455,14,1,2029-04-01 00:00:00,0.040180447645987036
2456,14,1,2030-04-01 00:00:00,0.04104268901178076
2457,14,1,2031-04-01 00:00:00,0.041818706240995096
2458,14,1,2032-04-01 00:00:00,0.04250849933363006
2459,14,1,2033-04-01 00:00:00,0.0426809476067888
2460,14,1,2034-04-01 00:00:00,0.04311206828968566
2461,14,1,2035-04-01 00:00:00,0.043025844153106285
2462,14,1,2036-04-01 00:00:00,0.043025844153106285
2463,14,1,2037-04-01 00:00:00,0.04311206828968566
2464,14,1,2038-04-01 00:00:00,0.04319829242626503
2465,14,1,2039-04-01 00:00:00,0.0432845165628444
2466,14,1,2040-04-01 00:00:00,0.04345696483600315
2467,14,1,2041-04-01 00:00:00,0.04354318897258252
2468,14,1,2042-04-01 00:00:00,0.04362941310916189
2469,14,1,2043-04-01 00:00:00,0.04362941310916189
2470,14,1,2044-04-01 00:00:00,0.04362941310916189
2471,14,1,2045-04-01 00:00:00,0.04354318897258252
2472,14,1,2046-04-01 00:00:00,0.0432845165628444
2473,14,1,2047-04-01 00:00:00,0.04311206828968566
2474,14,1,2048-04-01 00:00:00,0.043025844153106285
2475,14,1,2049-04-01 00:00:00,0.042939620016526917
2476,14,1,2050-04-01 00:00:00,0.04259472347020943
2477,14,1,2051-04-01 00:00:00,0.041904930377574465
2478,14,1,2052-04-01 00:00:00,0.04138758555809824
2479,14,1,2053-04-01 00:00:00,0.041128913148360126
2480,14,1,2054-04-01 00:00:00,0.04095646487520138
2481,14,2,2023-11-01 00:00:00,0.04819929234786857
2482,14,2,2024-11-01 00:00:00,0.06630636102953655
2483,14,2,2025-11-01 00:00:00,0.08424098143804579
2484,14,2,2026-11-01 00:00:00,0.10372763630498372
2485,14,2,2027-11-01 00:00:00,0.1220933773963898
2486,14,2,2028-11-01 00:00:00,0.14028667021463714
2487,14,2,2029-11-01 00:00:00,0.15839373889630512
2488,14,2,2030-11-01 00:00:00,0.17874263512903676
2489,14,2,2031-11-01 00:00:00,0.20323028991757822
2490,14,2,2032-11-01 00:00:00,0.22858018607191335
2491,14,2,2033-11-01 00:00:00,0.25237804776781986
2492,14,2,2034-11-01 00:00:00,0.2741927543224008
2493,14,2,2035-11-01 00:00:00,0.2955763401940849
2494,14,2,2036-11-01 00:00:00,0.3181670639778802
2495,14,2,2037-11-01 00:00:00,0.3409302360348343
2496,14,2,2038-11-01 00:00:00,0.36084801158466895
2497,14,2,2039-11-01 00:00:00,0.3793862009492338
2498,14,2,2040-11-01 00:00:00,0.39887285581617177
2499,14,2,2041-11-01 00:00:00,0.42077378650733205
2500,14,2,2042-11-01 00:00:00,0.4447440964763973
2501,14,2,2043-11-01 00:00:00,0.46793838921624814
2502,14,2,2044-11-01 00:00:00,0.48768371649292425
2503,14,2,2045-11-01 00:00:00,0.5071703713598621
2504,14,2,2046-11-01 00:00:00,0.5253636641781094
2505,14,2,2047-11-01 00:00:00,0.5420911466745075
2506,14,2,2048-11-01 00:00:00,0.5620089222243422
2507,14,2,2049-11-01 00:00:00,0.5773568185354704
2508,14,2,2050-11-01 00:00:00,0.5683895083312158
2509,14,2,2051-11-01 00:00:00,0.557525267122215
2510,14,2,2052-11-01 00:00:00,0.5482130603716429
2511,14,2,2053-11-01 00:00:00,0.545453888001103
2512,14,2,2024-04-01 00:00:00,0.04819929234786857
2513,14,2,2025-04-01 00:00:00,0.07070379199508449
2514,14,2,2026-04-01 00:00:00,0.09432920541783224
2515,14,2,2027-04-01 00:00:00,0.11795461884057996
2516,14,2,2028-04-01 00:00:00,0.1412351357170102
2517,14,2,2029-04-01 00:00:00,0.16434320432028174
2518,14,2,2030-04-01 00:00:00,0.1877099453332914
2519,14,2,2031-04-01 00:00:00,0.2128873932144678
2520,14,2,2032-04-01 00:00:00,0.24237604792461281
2521,14,2,2033-04-01 00:00:00,0.27255449572739276
2522,14,2,2034-04-01 00:00:00,0.302560495257014
2523,14,2,2035-04-01 00:00:00,0.32885885691372224
2524,14,2,2036-04-01 00:00:00,0.3562781323459623
2525,14,2,2037-04-01 00:00:00,0.38386985605136115
2526,14,2,2038-04-01 00:00:00,0.4103406659812281
2527,14,2,2039-04-01 00:00:00,0.4346558724966108
2528,14,2,2040-04-01 00:00:00,0.4588848548754142
2529,14,2,2041-04-01 00:00:00,0.48475209584922563
2530,14,2,2042-04-01 00:00:00,0.5120851471448863
2531,14,2,2043-04-01 00:00:00,0.540797784625817
2532,14,2,2044-04-01 00:00:00,0.5683895083312158
2533,14,2,2045-04-01 00:00:00,0.5929633872563367
2534,14,2,2046-04-01 00:00:00,0.6158990075864494
2535,14,2,2047-04-01 00:00:00,0.6392657485994591
2536,14,2,2048-04-01 00:00:00,0.6629773861587861
2537,14,2,2049-04-01 00:00:00,0.6867752478546927
2538,14,2,2050-04-01 00:00:00,0.7097970923213848
2539,14,2,2051-04-01 00:00:00,0.6993639717952808
2540,14,2,2052-04-01 00:00:00,0.6889308512691769
2541,14,2,2053-04-01 00:00:00,0.6793599721088666
2542,14,2,2054-04-01 00:00:00,0.6766870238749062
2543,14,3,2023-11-01 00:00:00,0.04819929234786857
2544,14,3,2024-11-01 00:00:00,0.08725882621832377
2545,14,3,2025-11-01 00:00:00,0.12933620486905698
2546,14,3,2026-11-01 00:00:00,0.17658703171455248
2547,14,3,2027-11-01 00:00:00,0.22573478956479412
2548,14,3,2028-11-01 00:00:00,0.270053995766591
2549,14,3,2029-11-01 00:00:00,0.3150629950610228
2550,14,3,2030-11-01 00:00:00,0.36248627017967705
2551,14,3,2031-11-01 00:00:00,0.4169799244978397
2552,14,3,2032-11-01 00:00:00,0.4741465270499629
2553,14,3,2033-11-01 00:00:00,0.5291575261876017
2554,14,3,2034-11-01 00:00:00,0.5792537495402166
2555,14,3,2035-11-01 00:00:00,0.6273668177515058
2556,14,3,2036-11-01 00:00:00,0.6806533341575572
2557,14,3,2037-11-01 00:00:00,0.7354056608854581
2558,14,3,2038-11-01 00:00:00,0.7892095221109857
2559,14,3,2039-11-01 00:00:00,0.8409440040586086
2560,14,3,2040-11-01 00:00:00,0.8974208135180968
2561,14,3,2041-11-01 00:00:00,0.9513971230167833
2562,14,3,2042-11-01 00:00:00,1.0051147601057315
2563,14,3,2043-11-01 00:00:00,1.0571079144630924
2564,14,3,2044-11-01 00:00:00,1.1009097758454132
2565,14,3,2045-11-01 00:00:00,1.1495401888761785
2566,14,3,2046-11-01 00:00:00,1.1973083605411503
2567,14,3,2047-11-01 00:00:00,1.2395581874650423
2568,14,3,2048-11-01 00:00:00,1.2688743939020284
2569,14,3,2049-11-01 00:00:00,1.2941380659197843
2570,14,3,2050-11-01 00:00:00,1.2690468421751873
2571,14,3,2051-11-01 00:00:00,1.2522331355422098
2572,14,3,2052-11-01 00:00:00,1.2361092220018675
2573,14,3,2053-11-01 00:00:00,1.226279670431819
2574,14,3,2024-04-01 00:00:00,0.04819929234786857
2575,14,3,2025-04-01 00:00:00,0.09682970537863399
2576,14,3,2026-04-01 00:00:00,0.15020244592126483
2577,14,3,2027-04-01 00:00:00,0.20676547951733243
2578,14,3,2028-04-01 00:00:00,0.2636734096597175
2579,14,3,2029-04-01 00:00:00,0.3182532881144595
2580,14,3,2030-04-01 00:00:00,0.37343673552525725
2581,14,3,2031-04-01 00:00:00,0.43163802771633286
2582,14,3,2032-04-01 00:00:00,0.49742704392639314
2583,14,3,2033-04-01 00:00:00,0.5648543187314616
2584,14,3,2034-04-01 00:00:00,0.6329713866291649
2585,14,3,2035-04-01 00:00:00,0.6925522650055104
2586,14,3,2036-04-01 00:00:00,0.7532540571573879
2587,14,3,2037-04-01 00:00:00,0.8174048147724401
2588,14,3,2038-04-01 00:00:00,0.8832800551190799
2589,14,3,2039-04-01 00:00:00,0.9476032610072909
2590,14,3,2040-04-01 00:00:00,1.0120989151686606
2591,14,3,2041-04-01 00:00:00,1.0778017072421417
2592,14,3,2042-04-01 00:00:00,1.14384939586194
2593,14,3,2043-04-01 00:00:00,1.2087761707062066
2594,14,3,2044-04-01 00:00:00,1.2702539800872983
2595,14,3,2045-04-01 00:00:00,1.3251787550883578
2596,14,3,2046-04-01 00:00:00,1.3821729093673225
2597,14,3,2047-04-01 00:00:00,1.4374425809146991
2598,14,3,2048-04-01 00:00:00,1.4788301664727974
2599,14,3,2049-04-01 00:00:00,1.5187519417090465
2600,14,3,2050-04-01 00:00:00,1.559277285901351
2601,14,3,2051-04-01 00:00:00,1.5457400964583896
2602,14,3,2052-04-01 00:00:00,1.5308233208301585
2603,14,3,2053-04-01 00:00:00,1.5140958383337604
2604,14,3,2054-04-01 00:00:00,1.5052147522660853
2605,15,1,2023-11-01 00:00:00,0
2606,15,1,2024-11-01 00:00:00,0
2607,15,1,2025-11-01 00:00:00,0
2608,15,1,2026-11-01 00:00:00,0
2609,15,1,2027-11-01 00:00:00,0
2610,15,1,2028-11-01 00:00:00,0
2611,15,1,2029-11-01 00:00:00,0
2612,15,1,2030-11-01 00:00:00,0
2613,15,1,2031-11-01 00:00:00,0
2614,15,1,2032-11-01 00:00:00,0
2615,15,1,2033-11-01 00:00:00,0
2616,15,1,2034-11-01 00:00:00,0
2617,15,1,2035-11-01 00:00:00,0
2618,15,1,2036-11-01 00:00:00,0
2619,15,1,2037-11-01 00:00:00,0
2620,15,1,2038-11-01 00:00:00,0
2621,15,1,2039-11-01 00:00:00,0
2622,15,1,2040-11-01 00:00:00,0
2623,15,1,2041-11-01 00:00:00,0
2624,15,1,2042-11-01 00:00:00,0
2625,15,1,2043-11-01 00:00:00,0
2626,15,1,2044-11-01 00:00:00,0
2627,15,1,2045-11-01 00:00:00,0
2628,15,1,2046-11-01 00:00:00,0
2629,15,1,2047-11-01 00:00:00,0
2630,15,1,2048-11-01 00:00:00,0
2631,15,1,2049-11-01 00:00:00,0
2632,15,1,2050-11-01 00:00:00,0
2633,15,1,2051-11-01 00:00:00,0
2634,15,1,2052-11-01 00:00:00,0
2635,15,1,2053-11-01 00:00:00,0
2636,15,1,2024-04-01 00:00:00,0
2637,15,1,2025-04-01 00:00:00,0
2638,15,1,2026-04-01 00:00:00,0
2639,15,1,2027-04-01 00:00:00,0
2640,15,1,2028-04-01 00:00:00,0
2641,15,1,2029-04-01 00:00:00,0
2642,15,1,2030-04-01 00:00:00,0
2643,15,1,2031-04-01 00:00:00,0
2644,15,1,2032-04-01 00:00:00,0
2645,15,1,2033-04-01 00:00:00,0
2646,15,1,2034-04-01 00:00:00,0
2647,15,1,2035-04-01 00:00:00,0
2648,15,1,2036-04-01 00:00:00,0
2649,15,1,2037-04-01 00:00:00,0
2650,15,1,2038-04-01 00:00:00,0
2651,15,1,2039-04-01 00:00:00,0
2652,15,1,2040-04-01 00:00:00,0
2653,15,1,2041-04-01 00:00:00,0
2654,15,1,2042-04-01 00:00:00,0
2655,15,1,2043-04-01 00:00:00,0
2656,15,1,2044-04-01 00:00:00,0
2657,15,1,2045-04-01 00:00:00,0
2658,15,1,2046-04-01 00:00:00,0
2659,15,1,2047-04-01 00:00:00,0
2660,15,1,2048-04-01 00:00:00,0
2661,15,1,2049-04-01 00:00:00,0
2662,15,1,2050-04-01 00:00:00,0
2663,15,1,2051-04-01 00:00:00,0
2664,15,1,2052-04-01 00:00:00,0
2665,15,1,2053-04-01 00:00:00,0
2666,15,1,2054-04-01 00:00:00,0
2667,15,2,2023-11-01 00:00:00,0
2668,15,2,2024-11-01 00:00:00,0
2669,15,2,2025-11-01 00:00:00,0
2670,15,2,2026-11-01 00:00:00,0
2671,15,2,2027-11-01 00:00:00,0
2672,15,2,2028-11-01 00:00:00,0
2673,15,2,2029-11-01 00:00:00,0
2674,15,2,2030-11-01 00:00:00,0
2675,15,2,2031-11-01 00:00:00,0
2676,15,2,2032-11-01 00:00:00,0
2677,15,2,2033-11-01 00:00:00,0
2678,15,2,2034-11-01 00:00:00,0
2679,15,2,2035-11-01 00:00:00,0
2680,15,2,2036-11-01 00:00:00,0
2681,15,2,2037-11-01 00:00:00,0
2682,15,2,2038-11-01 00:00:00,0
2683,15,2,2039-11-01 00:00:00,0
2684,15,2,2040-11-01 00:00:00,0
2685,15,2,2041-11-01 00:00:00,0
2686,15,2,2042-11-01 00:00:00,0
2687,15,2,2043-11-01 00:00:00,0
2688,15,2,2044-11-01 00:00:00,0
2689,15,2,2045-11-01 00:00:00,0
2690,15,2,2046-11-01 00:00:00,0
2691,15,2,2047-11-01 00:00:00,0
2692,15,2,2048-11-01 00:00:00,0
2693,15,2,2049-11-01 00:00:00,0
2694,15,2,2050-11-01 00:00:00,0
2695,15,2,2051-11-01 00:00:00,0
2696,15,2,2052-11-01 00:00:00,0
2697,15,2,2053-11-01 00:00:00,0
2698,15,2,2024-04-01 00:00:00,0
2699,15,2,2025-04-01 00:00:00,0
2700,15,2,2026-04-01 00:00:00,0
2701,15,2,2027-04-01 00:00:00,0
2702,15,2,2028-04-01 00:00:00,0
2703,15,2,2029-04-01 00:00:00,0
2704,15,2,2030-04-01 00:00:00,0
2705,15,2,2031-04-01 00:00:00,0
2706,15,2,2032-04-01 00:00:00,0
2707,15,2,2033-04-01 00:00:00,0
2708,15,2,2034-04-01 00:00:00,0
2709,15,2,2035-04-01 00:00:00,0
2710,15,2,2036-04-01 00:00:00,0
2711,15,2,2037-04-01 00:00:00,0
2712,15,2,2038-04-01 00:00:00,0
2713,15,2,2039-04-01 00:00:00,0
2714,15,2,2040-04-01 00:00:00,0
2715,15,2,2041-04-01 00:00:00,0
2716,15,2,2042-04-01 00:00:00,0
2717,15,2,2043-04-01 00:00:00,0
2718,15,2,2044-04-01 00:00:00,0
2719,15,2,2045-04-01 00:00:00,0
2720,15,2,2046-04-01 00:00:00,0
2721,15,2,2047-04-01 00:00:00,0
2722,15,2,2048-04-01 00:00:00,0
2723,15,2,2049-04-01 00:00:00,0
2724,15,2,2050-04-01 00:00:00,0
2725,15,2,2051-04-01 00:00:00,0
2726,15,2,2052-04-01 00:00:00,0
2727,15,2,2053-04-01 00:00:00,0
2728,15,2,2054-04-01 00:00:00,0
2729,15,3,2023-11-01 00:00:00,0
2730,15,3,2024-11-01 00:00:00,0
2731,15,3,2025-11-01 00:00:00,0
2732,15,3,2026-11-01 00:00:00,0
2733,15,3,2027-11-01 00:00:00,0
2734,15,3,2028-11-01 00:00:00,0
2735,15,3,2029-11-01 00:00:00,0
2736,15,3,2030-11-01 00:00:00,0
2737,15,3,2031-11-01 00:00:00,0
2738,15,3,2032-11-01 00:00:00,0
2739,15,3,2033-11-01 00:00:00,0
2740,15,3,2034-11-01 00:00:00,0
2741,15,3,2035-11-01 00:00:00,0
2742,15,3,2036-11-01 00:00:00,0
2743,15,3,2037-11-01 00:00:00,0
2744,15,3,2038-11-01 00:00:00,0
2745,15,3,2039-11-01 00:00:00,0
2746,15,3,2040-11-01 00:00:00,0
2747,15,3,2041-11-01 00:00:00,0
2748,15,3,2042-11-01 00:00:00,0
2749,15,3,2043-11-01 00:00:00,0
2750,15,3,2044-11-01 00:00:00,0
2751,15,3,2045-11-01 00:00:00,0
2752,15,3,2046-11-01 00:00:00,0
2753,15,3,2047-11-01 00:00:00,0
2754,15,3,2048-11-01 00:00:00,0
2755,15,3,2049-11-01 00:00:00,0
2756,15,3,2050-11-01 00:00:00,0
2757,15,3,2051-11-01 00:00:00,0
2758,15,3,2052-11-01 00:00:00,0
2759,15,3,2053-11-01 00:00:00,0
2760,15,3,2024-04-01 00:00:00,0
2761,15,3,2025-04-01 00:00:00,0
2762,15,3,2026-04-01 00:00:00,0
2763,15,3,2027-04-01 00:00:00,0
2764,15,3,2028-04-01 00:00:00,0
2765,15,3,2029-04-01 00:00:00,0
2766,15,3,2030-04-01 00:00:00,0
2767,15,3,2031-04-01 00:00:00,0
2768,15,3,2032-04-01 00:00:00,0
2769,15,3,2033-04-01 00:00:00,0
2770,15,3,2034-04-01 00:00:00,0
2771,15,3,2035-04-01 00:00:00,0
2772,15,3,2036-04-01 00:00:00,0
2773,15,3,2037-04-01 00:00:00,0
2774,15,3,2038-04-01 00:00:00,0
2775,15,3,2039-04-01 00:00:00,0
2776,15,3,2040-04-01 00:00:00,0
2777,15,3,2041-04-01 00:00:00,0
2778,15,3,2042-04-01 00:00:00,0
2779,15,3,2043-04-01 00:00:00,0
2780,15,3,2044-04-01 00:00:00,0
2781,15,3,2045-04-01 00:00:00,0
2782,15,3,2046-04-01 00:00:00,0
2783,15,3,2047-04-01 00:00:00,0
2784,15,3,2048-04-01 00:00:00,0
2785,15,3,2049-04-01 00:00:00,0
2786,15,3,2050-04-01 00:00:00,0
2787,15,3,2051-04-01 00:00:00,0
2788,15,3,2052-04-01 00:00:00,0
2789,15,3,2053-04-01 00:00:00,0
2790,15,3,2054-04-01 00:00:00,0
2791,16,1,2023-11-01 00:00:00,0
2792,16,1,2024-11-01 00:00:00,0
2793,16,1,2025-11-01 00:00:00,0
2794,16,1,2026-11-01 00:00:00,0
2795,16,1,2027-11-01 00:00:00,0
2796,16,1,2028-11-01 00:00:00,0
2797,16,1,2029-11-01 00:00:00,0
2798,16,1,2030-11-01 00:00:00,0
2799,16,1,2031-11-01 00:00:00,0
2800,16,1,2032-11-01 00:00:00,0
2801,16,1,2033-11-01 00:00:00,0
2802,16,1,2034-11-01 00:00:00,0
2803,16,1,2035-11-01 00:00:00,0
2804,16,1,2036-11-01 00:00:00,0
2805,16,1,2037-11-01 00:00:00,0
2806,16,1,2038-11-01 00:00:00,0
2807,16,1,2039-11-01 00:00:00,0
2808,16,1,2040-11-01 00:00:00,0
2809,16,1,2041-11-01 00:00:00,0
2810,16,1,2042-11-01 00:00:00,0
2811,16,1,2043-11-01 00:00:00,0
2812,16,1,2044-11-01 00:00:00,0
2813,16,1,2045-11-01 00:00:00,0
2814,16,1,2046-11-01 00:00:00,0
2815,16,1,2047-11-01 00:00:00,0
2816,16,1,2048-11-01 00:00:00,0
2817,16,1,2049-11-01 00:00:00,0
2818,16,1,2050-11-01 00:00:00,0
2819,16,1,2051-11-01 00:00:00,0
2820,16,1,2052-11-01 00:00:00,0
2821,16,1,2053-11-01 00:00:00,0
2822,16,1,2024-04-01 00:00:00,0
2823,16,1,2025-04-01 00:00:00,0
2824,16,1,2026-04-01 00:00:00,0
2825,16,1,2027-04-01 00:00:00,0
2826,16,1,2028-04-01 00:00:00,0
2827,16,1,2029-04-01 00:00:00,0
2828,16,1,2030-04-01 00:00:00,0
2829,16,1,2031-04-01 00:00:00,0
2830,16,1,2032-04-01 00:00:00,0
2831,16,1,2033-04-01 00:00:00,0
2832,16,1,2034-04-01 00:00:00,0
2833,16,1,2035-04-01 00:00:00,0
2834,16,1,2036-04-01 00:00:00,0
2835,16,1,2037-04-01 00:00:00,0
2836,16,1,2038-04-01 00:00:00,0
2837,16,1,2039-04-01 00:00:00,0
2838,16,1,2040-04-01 00:00:00,0
2839,16,1,2041-04-01 00:00:00,0
2840,16,1,2042-04-01 00:00:00,0
2841,16,1,2043-04-01 00:00:00,0
2842,16,1,2044-04-01 00:00:00,0
2843,16,1,2045-04-01 00:00:00,0
2844,16,1,2046-04-01 00:00:00,0
2845,16,1,2047-04-01 00:00:00,0
2846,16,1,2048-04-01 00:00:00,0
2847,16,1,2049-04-01 00:00:00,0
2848,16,1,2050-04-01 00:00:00,0
2849,16,1,2051-04-01 00:00:00,0
2850,16,1,2052-04-01 00:00:00,0
2851,16,1,2053-04-01 00:00:00,0
2852,16,1,2054-04-01 00:00:00,0
2853,16,2,2023-11-01 00:00:00,0
2854,16,2,2024-11-01 00:00:00,0
2855,16,2,2025-11-01 00:00:00,0
2856,16,2,2026-11-01 00:00:00,0
2857,16,2,2027-11-01 00:00:00,0
2858,16,2,2028-11-01 00:00:00,0
2859,16,2,2029-11-01 00:00:00,0
2860,16,2,2030-11-01 00:00:00,0
2861,16,2,2031-11-01 00:00:00,0
2862,16,2,2032-11-01 00:00:00,0
2863,16,2,2033-11-01 00:00:00,0
2864,16,2,2034-11-01 00:00:00,0
2865,16,2,2035-11-01 00:00:00,0
2866,16,2,2036-11-01 00:00:00,0
2867,16,2,2037-11-01 00:00:00,0
2868,16,2,2038-11-01 00:00:00,0
2869,16,2,2039-11-01 00:00:00,0
2870,16,2,2040-11-01 00:00:00,0
2871,16,2,2041-11-01 00:00:00,0
2872,16,2,2042-11-01 00:00:00,0
2873,16,2,2043-11-01 00:00:00,0
2874,16,2,2044-11-01 00:00:00,0
2875,16,2,2045-11-01 00:00:00,0
2876,16,2,2046-11-01 00:00:00,0
2877,16,2,2047-11-01 00:00:00,0
2878,16,2,2048-11-01 00:00:00,0
2879,16,2,2049-11-01 00:00:00,0
2880,16,2,2050-11-01 00:00:00,0
2881,16,2,2051-11-01 00:00:00,0
2882,16,2,2052-11-01 00:00:00,0
2883,16,2,2053-11-01 00:00:00,0
2884,16,2,2024-04-01 00:00:00,0
2885,16,2,2025-04-01 00:00:00,0
2886,16,2,2026-04-01 00:00:00,0
2887,16,2,2027-04-01 00:00:00,0
2888,16,2,2028-04-01 00:00:00,0
2889,16,2,2029-04-01 00:00:00,0
2890,16,2,2030-04-01 00:00:00,0
2891,16,2,2031-04-01 00:00:00,0
2892,16,2,2032-04-01 00:00:00,0
2893,16,2,2033-04-01 00:00:00,0
2894,16,2,2034-04-01 00:00:00,0
2895,16,2,2035-04-01 00:00:00,0
2896,16,2,2036-04-01 00:00:00,0
2897,16,2,2037-04-01 00:00:00,0
2898,16,2,2038-04-01 00:00:00,0
2899,16,2,2039-04-01 00:00:00,0
2900,16,2,2040-04-01 00:00:00,0
2901,16,2,2041-04-01 00:00:00,0
2902,16,2,2042-04-01 00:00:00,0
2903,16,2,2043-04-01 00:00:00,0
2904,16,2,2044-04-01 00:00:00,0
2905,16,2,2045-04-01 00:00:00,0
2906,16,2,2046-04-01 00:00:00,0
2907,16,2,2047-04-01 00:00:00,0
2908,16,2,2048-04-01 00:00:00,0
2909,16,2,2049-04-01 00:00:00,0
2910,16,2,2050-04-01 00:00:00,0
2911,16,2,2051-04-01 00:00:00,0
2912,16,2,2052-04-01 00:00:00,0
2913,16,2,2053-04-01 00:00:00,0
2914,16,2,2054-04-01 00:00:00,0
2915,16,3,2023-11-01 00:00:00,0
2916,16,3,2024-11-01 00:00:00,0
2917,16,3,2025-11-01 00:00:00,0
2918,16,3,2026-11-01 00:00:00,0
2919,16,3,2027-11-01 00:00:00,0
2920,16,3,2028-11-01 00:00:00,0
2921,16,3,2029-11-01 00:00:00,0
2922,16,3,2030-11-01 00:00:00,0
2923,16,3,2031-11-01 00:00:00,0
2924,16,3,2032-11-01 00:00:00,0
2925,16,3,2033-11-01 00:00:00,0
2926,16,3,2034-11-01 00:00:00,0
2927,16,3,2035-11-01 00:00:00,0
2928,16,3,2036-11-01 00:00:00,0
2929,16,3,2037-11-01 00:00:00,0
2930,16,3,2038-11-01 00:00:00,0
2931,16,3,2039-11-01 00:00:00,0
2932,16,3,2040-11-01 00:00:00,0
2933,16,3,2041-11-01 00:00:00,0
2934,16,3,2042-11-01 00:00:00,0
2935,16,3,2043-11-01 00:00:00,0
2936,16,3,2044-11-01 00:00:00,0
2937,16,3,2045-11-01 00:00:00,0
2938,16,3,2046-11-01 00:00:00,0
2939,16,3,2047-11-01 00:00:00,0
2940,16,3,2048-11-01 00:00:00,0
2941,16,3,2049-11-01 00:00:00,0
2942,16,3,2050-11-01 00:00:00,0
2943,16,3,2051-11-01 00:00:00,0
2944,16,3,2052-11-01 00:00:00,0
2945,16,3,2053-11-01 00:00:00,0
2946,16,3,2024-04-01 00:00:00,0
2947,16,3,2025-04-01 00:00:00,0
2948,16,3,2026-04-01 00:00:00,0
2949,16,3,2027-04-01 00:00:00,0
2950,16,3,2028-04-01 00:00:00,0
2951,16,3,2029-04-01 00:00:00,0
2952,16,3,2030-04-01 00:00:00,0
2953,16,3,2031-04-01 00:00:00,0
2954,16,3,2032-04-01 00:00:00,0
2955,16,3,2033-04-01 00:00:00,0
2956,16,3,2034-04-01 00:00:00,0
2957,16,3,2035-04-01 00:00:00,0
2958,16,3,2036-04-01 00:00:00,0
2959,16,3,2037-04-01 00:00:00,0
2960,16,3,2038-04-01 00:00:00,0
2961,16,3,2039-04-01 00:00:00,0
2962,16,3,2040-04-01 00:00:00,0
2963,16,3,2041-04-01 00:00:00,0
2964,16,3,2042-04-01 00:00:00,0
2965,16,3,2043-04-01 00:00:00,0
2966,16,3,2044-04-01 00:00:00,0
2967,16,3,2045-04-01 00:00:00,0
2968,16,3,2046-04-01 00:00:00,0
2969,16,3,2047-04-01 00:00:00,0
2970,16,3,2048-04-01 00:00:00,0
2971,16,3,2049-04-01 00:00:00,0
2972,16,3,2050-04-01 00:00:00,0
2973,16,3,2051-04-01 00:00:00,0
2974,16,3,2052-04-01 00:00:00,0
2975,16,3,2053-04-01 00:00:00,0
2976,16,3,2054-04-01 00:00:00,0
2977,17,1,2023-11-01 00:00:00,0.007049533803851898
2978,17,1,2024-11-01 00:00:00,0.007049533803851898
2979,17,1,2025-11-01 00:00:00,0.006266252270090577
2980,17,1,2026-11-01 00:00:00,0.005287150352888925
2981,17,1,2027-11-01 00:00:00,0.005482970736329255
2982,17,1,2028-11-01 00:00:00,0.005482970736329255
2983,17,1,2029-11-01 00:00:00,0.005678791119769585
2984,17,1,2030-11-01 00:00:00,0.005874611503209916
2985,17,1,2031-11-01 00:00:00,0.005874611503209916
2986,17,1,2032-11-01 00:00:00,0.006070431886650246
2987,17,1,2033-11-01 00:00:00,0.006070431886650246
2988,17,1,2034-11-01 00:00:00,0.006070431886650246
2989,17,1,2035-11-01 00:00:00,0.006070431886650246
2990,17,1,2036-11-01 00:00:00,0.006070431886650246
2991,17,1,2037-11-01 00:00:00,0.006070431886650246
2992,17,1,2038-11-01 00:00:00,0.006070431886650246
2993,17,1,2039-11-01 00:00:00,0.006070431886650246
2994,17,1,2040-11-01 00:00:00,0.006070431886650246
2995,17,1,2041-11-01 00:00:00,0.006070431886650246
2996,17,1,2042-11-01 00:00:00,0.006070431886650246
2997,17,1,2043-11-01 00:00:00,0.006266252270090577
2998,17,1,2044-11-01 00:00:00,0.006070431886650246
2999,17,1,2045-11-01 00:00:00,0.006070431886650246
3000,17,1,2046-11-01 00:00:00,0.006070431886650246
3001,17,1,2047-11-01 00:00:00,0.006070431886650246
3002,17,1,2048-11-01 00:00:00,0.006070431886650246
3003,17,1,2049-11-01 00:00:00,0.006070431886650246
3004,17,1,2050-11-01 00:00:00,0.005874611503209916
3005,17,1,2051-11-01 00:00:00,0.005874611503209916
3006,17,1,2052-11-01 00:00:00,0.005874611503209916
3007,17,1,2053-11-01 00:00:00,0.005874611503209916
3008,17,1,2024-04-01 00:00:00,0.007049533803851898
3009,17,1,2025-04-01 00:00:00,0.006657893036971238
3010,17,1,2026-04-01 00:00:00,0.005874611503209916
3011,17,1,2027-04-01 00:00:00,0.005678791119769585
3012,17,1,2028-04-01 00:00:00,0.005874611503209916
3013,17,1,2029-04-01 00:00:00,0.005874611503209916
3014,17,1,2030-04-01 00:00:00,0.006070431886650246
3015,17,1,2031-04-01 00:00:00,0.006070431886650246
3016,17,1,2032-04-01 00:00:00,0.006266252270090577
3017,17,1,2033-04-01 00:00:00,0.006266252270090577
3018,17,1,2034-04-01 00:00:00,0.006266252270090577
3019,17,1,2035-04-01 00:00:00,0.006266252270090577
3020,17,1,2036-04-01 00:00:00,0.006266252270090577
3021,17,1,2037-04-01 00:00:00,0.006266252270090577
3022,17,1,2038-04-01 00:00:00,0.006266252270090577
3023,17,1,2039-04-01 00:00:00,0.006266252270090577
3024,17,1,2040-04-01 00:00:00,0.006266252270090577
3025,17,1,2041-04-01 00:00:00,0.006266252270090577
3026,17,1,2042-04-01 00:00:00,0.0064620726535309075
3027,17,1,2043-04-01 00:00:00,0.0064620726535309075
3028,17,1,2044-04-01 00:00:00,0.0064620726535309075
3029,17,1,2045-04-01 00:00:00,0.006266252270090577
3030,17,1,2046-04-01 00:00:00,0.006266252270090577
3031,17,1,2047-04-01 00:00:00,0.006266252270090577
3032,17,1,2048-04-01 00:00:00,0.006266252270090577
3033,17,1,2049-04-01 00:00:00,0.006266252270090577
3034,17,1,2050-04-01 00:00:00,0.006266252270090577
3035,17,1,2051-04-01 00:00:00,0.006070431886650246
3036,17,1,2052-04-01 00:00:00,0.006070431886650246
3037,17,1,2053-04-01 00:00:00,0.006070431886650246
3038,17,1,2054-04-01 00:00:00,0.006070431886650246
3039,17,2,2023-11-01 00:00:00,0.007049533803851898
3040,17,2,2024-11-01 00:00:00,0.009791019172016526
3041,17,2,2025-11-01 00:00:00,0.012336684156740822
3042,17,2,2026-11-01 00:00:00,0.01527398990834578
3043,17,2,2027-11-01 00:00:00,0.017819654893070077
3044,17,2,2028-11-01 00:00:00,0.020561140261234706
3045,17,2,2029-11-01 00:00:00,0.023106805245959
3046,17,2,2030-11-01 00:00:00,0.02623993138100429
3047,17,2,2031-11-01 00:00:00,0.029764698282930237
3048,17,2,2032-11-01 00:00:00,0.03348528556829652
3049,17,2,2033-11-01 00:00:00,0.03681423208678213
3050,17,2,2034-11-01 00:00:00,0.040143178605267754
3051,17,2,2035-11-01 00:00:00,0.04327630474031304
3052,17,2,2036-11-01 00:00:00,0.04660525125879866
3053,17,2,2037-11-01 00:00:00,0.04993419777728428
3054,17,2,2038-11-01 00:00:00,0.052871503528889245
3055,17,2,2039-11-01 00:00:00,0.055417168513613536
3056,17,2,2040-11-01 00:00:00,0.058354474265218496
3057,17,2,2041-11-01 00:00:00,0.061487600400263784
3058,17,2,2042-11-01 00:00:00,0.06501236730218973
3059,17,2,2043-11-01 00:00:00,0.06834131382067535
3060,17,2,2044-11-01 00:00:00,0.07127861957228031
3061,17,2,2045-11-01 00:00:00,0.07421592532388527
3062,17,2,2046-11-01 00:00:00,0.07676159030860956
3063,17,2,2047-11-01 00:00:00,0.07930725529333385
3064,17,2,2048-11-01 00:00:00,0.08224456104493882
3065,17,2,2049-11-01 00:00:00,0.08439858526278245
3066,17,2,2050-11-01 00:00:00,0.08322366296214047
3067,17,2,2051-11-01 00:00:00,0.0814612795111775
3068,17,2,2052-11-01 00:00:00,0.08009053682709517
3069,17,2,2053-11-01 00:00:00,0.07969889606021452
3070,17,2,2024-04-01 00:00:00,0.007049533803851898
3071,17,2,2025-04-01 00:00:00,0.010378480322337518
3072,17,2,2026-04-01 00:00:00,0.013707426840823135
3073,17,2,2027-04-01 00:00:00,0.017232193742749084
3074,17,2,2028-04-01 00:00:00,0.020561140261234706
3075,17,2,2029-04-01 00:00:00,0.024085907163160652
3076,17,2,2030-04-01 00:00:00,0.02741485368164627
3077,17,2,2031-04-01 00:00:00,0.031135440967012554
3078,17,2,2032-04-01 00:00:00,0.035443489402699827
3079,17,2,2033-04-01 00:00:00,0.03994735822182743
3080,17,2,2034-04-01 00:00:00,0.04425540665751469
3081,17,2,2035-04-01 00:00:00,0.048171814326321304
3082,17,2,2036-04-01 00:00:00,0.05208822199512792
3083,17,2,2037-04-01 00:00:00,0.05620045004737486
3084,17,2,2038-04-01 00:00:00,0.05992103733274114
3085,17,2,2039-04-01 00:00:00,0.06364162461810742
3086,17,2,2040-04-01 00:00:00,0.06716639152003337
3087,17,2,2041-04-01 00:00:00,0.07088697880539965
3088,17,2,2042-04-01 00:00:00,0.07499920685764659
3089,17,2,2043-04-01 00:00:00,0.07911143490989353
3090,17,2,2044-04-01 00:00:00,0.08322366296214047
3091,17,2,2045-04-01 00:00:00,0.08674842986406642
3092,17,2,2046-04-01 00:00:00,0.09007737638255203
3093,17,2,2047-04-01 00:00:00,0.09340632290103765
3094,17,2,2048-04-01 00:00:00,0.09693108980296361
3095,17,2,2049-04-01 00:00:00,0.10045585670488955
3096,17,2,2050-04-01 00:00:00,0.10378480322337517
3097,17,2,2051-04-01 00:00:00,0.10221824015585253
3098,17,2,2052-04-01 00:00:00,0.10084749747177023
3099,17,2,2053-04-01 00:00:00,0.09928093440424758
3100,17,2,2054-04-01 00:00:00,0.09888929363736691
3101,17,3,2023-11-01 00:00:00,0.007049533803851898
3102,17,3,2024-11-01 00:00:00,0.012728324923621484
3103,17,3,2025-11-01 00:00:00,0.01899457719371206
3104,17,3,2026-11-01 00:00:00,0.02584829061412363
3105,17,3,2027-11-01 00:00:00,0.033093644801415856
3106,17,3,2028-11-01 00:00:00,0.039555717454946765
3107,17,3,2029-11-01 00:00:00,0.046017790108477674
3108,17,3,2030-11-01 00:00:00,0.053067323912329566
3109,17,3,2031-11-01 00:00:00,0.06109595963338312
3110,17,3,2032-11-01 00:00:00,0.069320415737877
3111,17,3,2033-11-01 00:00:00,0.07734905145893056
3112,17,3,2034-11-01 00:00:00,0.08479022602966312
3113,17,3,2035-11-01 00:00:00,0.09183975983351501
3114,17,3,2036-11-01 00:00:00,0.0994767547876879
3115,17,3,2037-11-01 00:00:00,0.10750539050874146
3116,17,3,2038-11-01 00:00:00,0.11533820584635467
3117,17,3,2039-11-01 00:00:00,0.12297520080052757
3118,17,3,2040-11-01 00:00:00,0.13119965690502144
3119,17,3,2041-11-01 00:00:00,0.139228292626075
3120,17,3,2042-11-01 00:00:00,0.1470611079636882
3121,17,3,2043-11-01 00:00:00,0.15469810291786112
3122,17,3,2044-11-01 00:00:00,0.16096435518795169
3123,17,3,2045-11-01 00:00:00,0.1682097093752439
3124,17,3,2046-11-01 00:00:00,0.17506342279565548
3125,17,3,2047-11-01 00:00:00,0.18132967506574604
3126,17,3,2048-11-01 00:00:00,0.18563772350143334
3127,17,3,2049-11-01 00:00:00,0.1893583107867996
3128,17,3,2050-11-01 00:00:00,0.18563772350143334
3129,17,3,2051-11-01 00:00:00,0.18309205851670904
3130,17,3,2052-11-01 00:00:00,0.18074221391542508
3131,17,3,2053-11-01 00:00:00,0.17937147123134276
3132,17,3,2024-04-01 00:00:00,0.007049533803851898
3133,17,3,2025-04-01 00:00:00,0.014099067607703797
3134,17,3,2026-04-01 00:00:00,0.02193188294531702
3135,17,3,2027-04-01 00:00:00,0.0301563390498109
3136,17,3,2028-04-01 00:00:00,0.038576615537745114
3137,17,3,2029-04-01 00:00:00,0.04660525125879866
3138,17,3,2030-04-01 00:00:00,0.05463388697985221
3139,17,3,2031-04-01 00:00:00,0.06305416346778643
3140,17,3,2032-04-01 00:00:00,0.07264936225636262
3141,17,3,2033-04-01 00:00:00,0.08263620181181948
3142,17,3,2034-04-01 00:00:00,0.09262304136727634
3143,17,3,2035-04-01 00:00:00,0.10123913823865087
3144,17,3,2036-04-01 00:00:00,0.11024687587690608
3145,17,3,2037-04-01 00:00:00,0.11964625428204195
3146,17,3,2038-04-01 00:00:00,0.12924145307061813
3147,17,3,2039-04-01 00:00:00,0.138640831475754
3148,17,3,2040-04-01 00:00:00,0.14804020988088987
3149,17,3,2041-04-01 00:00:00,0.15763540866946607
3150,17,3,2042-04-01 00:00:00,0.16723060745804225
3151,17,3,2043-04-01 00:00:00,0.17682580624661845
3152,17,3,2044-04-01 00:00:00,0.18583354388487366
3153,17,3,2045-04-01 00:00:00,0.19386217960592722
3154,17,3,2046-04-01 00:00:00,0.2020866357104211
3155,17,3,2047-04-01 00:00:00,0.21031109181491497
3156,17,3,2048-04-01 00:00:00,0.21638152370156524
3157,17,3,2049-04-01 00:00:00,0.22206031482133481
3158,17,3,2050-04-01 00:00:00,0.22813074670798505
3159,17,3,2051-04-01 00:00:00,0.22617254287358177
3160,17,3,2052-04-01 00:00:00,0.22382269827229778
3161,17,3,2053-04-01 00:00:00,0.22147285367101383
3162,17,3,2054-04-01 00:00:00,0.2201021109869315
3163,18,1,2023-11-01 00:00:00,0.10946359434314476
3164,18,1,2024-11-01 00:00:00,0.1104426962603464
3165,18,1,2025-11-01 00:00:00,0.09634362865264261
3166,18,1,2026-11-01 00:00:00,0.08361530372902112
3167,18,1,2027-11-01 00:00:00,0.08400694449590179
3168,18,1,2028-11-01 00:00:00,0.08576932794686476
3169,18,1,2029-11-01 00:00:00,0.08811917254814873
3170,18,1,2030-11-01 00:00:00,0.09027319676599238
3171,18,1,2031-11-01 00:00:00,0.09223140060039567
3172,18,1,2032-11-01 00:00:00,0.09281886175071667
3173,18,1,2033-11-01 00:00:00,0.09301468213415699
3174,18,1,2034-11-01 00:00:00,0.093602143284478
3175,18,1,2035-11-01 00:00:00,0.09301468213415699
3176,18,1,2036-11-01 00:00:00,0.09340632290103766
3177,18,1,2037-11-01 00:00:00,0.093602143284478
3178,18,1,2038-11-01 00:00:00,0.09399378405135866
3179,18,1,2039-11-01 00:00:00,0.09418960443479898
3180,18,1,2040-11-01 00:00:00,0.09497288596856031
3181,18,1,2041-11-01 00:00:00,0.09516870635200064
3182,18,1,2042-11-01 00:00:00,0.09575616750232163
3183,18,1,2043-11-01 00:00:00,0.09575616750232162
3184,18,1,2044-11-01 00:00:00,0.09556034711888131
3185,18,1,2045-11-01 00:00:00,0.09556034711888131
3186,18,1,2046-11-01 00:00:00,0.09536452673544096
3187,18,1,2047-11-01 00:00:00,0.09556034711888131
3188,18,1,2048-11-01 00:00:00,0.09556034711888131
3189,18,1,2049-11-01 00:00:00,0.09458124520167964
3190,18,1,2050-11-01 00:00:00,0.09262304136727634
3191,18,1,2051-11-01 00:00:00,0.09125229868319402
3192,18,1,2052-11-01 00:00:00,0.09086065791631337
3193,18,1,2053-11-01 00:00:00,0.09086065791631337
3194,18,1,2024-04-01 00:00:00,0.10946359434314476
3195,18,1,2025-04-01 00:00:00,0.10241406053929286
3196,18,1,2026-04-01 00:00:00,0.092427220983836
3197,18,1,2027-04-01 00:00:00,0.08929409484879071
3198,18,1,2028-04-01 00:00:00,0.0898815559991117
3199,18,1,2029-04-01 00:00:00,0.09125229868319402
3200,18,1,2030-04-01 00:00:00,0.09321050251759734
3201,18,1,2031-04-01 00:00:00,0.09497288596856031
3202,18,1,2032-04-01 00:00:00,0.09653944903608294
3203,18,1,2033-04-01 00:00:00,0.0969310898029636
3204,18,1,2034-04-01 00:00:00,0.09791019172016525
3205,18,1,2035-04-01 00:00:00,0.09771437133672492
3206,18,1,2036-04-01 00:00:00,0.09771437133672492
3207,18,1,2037-04-01 00:00:00,0.09791019172016525
3208,18,1,2038-04-01 00:00:00,0.09810601210360559
3209,18,1,2039-04-01 00:00:00,0.09830183248704591
3210,18,1,2040-04-01 00:00:00,0.09869347325392658
3211,18,1,2041-04-01 00:00:00,0.09888929363736691
3212,18,1,2042-04-01 00:00:00,0.09908511402080723
3213,18,1,2043-04-01 00:00:00,0.09908511402080723
3214,18,1,2044-04-01 00:00:00,0.09908511402080723
3215,18,1,2045-04-01 00:00:00,0.09888929363736691
3216,18,1,2046-04-01 00:00:00,0.09830183248704591
3217,18,1,2047-04-01 00:00:00,0.09791019172016525
3218,18,1,2048-04-01 00:00:00,0.09771437133672492
3219,18,1,2049-04-01 00:00:00,0.09751855095328459
3220,18,1,2050-04-01 00:00:00,0.09673526941952326
3221,18,1,2051-04-01 00:00:00,0.09516870635200064
3222,18,1,2052-04-01 00:00:00,0.09399378405135866
3223,18,1,2053-04-01 00:00:00,0.09340632290103766
3224,18,1,2054-04-01 00:00:00,0.09301468213415699
3225,18,2,2023-11-01 00:00:00,0.10946359434314476
3226,18,2,2024-11-01 00:00:00,0.15058587486561414
3227,18,2,2025-11-01 00:00:00,0.19131651462120292
3228,18,2,2026-11-01 00:00:00,0.23557192127871762
3229,18,2,2027-11-01 00:00:00,0.277281662951508
3230,18,2,2028-11-01 00:00:00,0.31859976385741773
3231,18,2,2029-11-01 00:00:00,0.3597220443798872
3232,18,2,2030-11-01 00:00:00,0.40593565487180516
3233,18,2,2031-11-01 00:00:00,0.461548643768859
3234,18,2,2032-11-01 00:00:00,0.5191198365003161
3235,18,2,2033-11-01 00:00:00,0.5731662623298475
3236,18,2,2034-11-01 00:00:00,0.622708819340251
3237,18,2,2035-11-01 00:00:00,0.671272274433453
3238,18,2,2036-11-01 00:00:00,0.7225772148948196
3239,18,2,2037-11-01 00:00:00,0.774273796123067
3240,18,2,2038-11-01 00:00:00,0.8195083046977831
3241,18,2,2039-11-01 00:00:00,0.8616096871374542
3242,18,2,2040-11-01 00:00:00,0.905865093794969
3243,18,2,2041-11-01 00:00:00,0.9556034711888128
3244,18,2,2042-11-01 00:00:00,1.0100415377852248
3245,18,2,2043-11-01 00:00:00,1.0627172209306737
3246,18,2,2044-11-01 00:00:00,1.1075600887385095
3247,18,2,2045-11-01 00:00:00,1.151815495396024
3248,18,2,2046-11-01 00:00:00,1.1931335963019336
3249,18,2,2047-11-01 00:00:00,1.231122750689358
3250,18,2,2048-11-01 00:00:00,1.2763572592640742
3251,18,2,2049-11-01 00:00:00,1.311213287516453
3252,18,2,2050-11-01 00:00:00,1.2908479676386588
3253,18,2,2051-11-01 00:00:00,1.266174599325177
3254,18,2,2052-11-01 00:00:00,1.2450259979136213
3255,18,2,2053-11-01 00:00:00,1.2387597456435309
3256,18,2,2024-04-01 00:00:00,0.10946359434314476
3257,18,2,2025-04-01 00:00:00,0.16057271442107104
3258,18,2,2026-04-01 00:00:00,0.2142274994837216
3259,18,2,2027-04-01 00:00:00,0.26788228454637214
3260,18,2,2028-04-01 00:00:00,0.3207537880752614
3261,18,2,2029-04-01 00:00:00,0.37323365083726995
3262,18,2,2030-04-01 00:00:00,0.4263009747495996
3263,18,2,2031-04-01 00:00:00,0.4834805267141761
3264,18,2,2032-04-01 00:00:00,0.5504510978507692
3265,18,2,2033-04-01 00:00:00,0.6189882320548847
3266,18,2,2034-04-01 00:00:00,0.6871337254921198
3267,18,2,2035-04-01 00:00:00,0.7468589424414206
3268,18,2,2036-04-01 00:00:00,0.8091298243754456
3269,18,2,2037-04-01 00:00:00,0.8717923470763516
3270,18,2,2038-04-01 00:00:00,0.9319092047925328
3271,18,2,2039-04-01 00:00:00,0.987130552922706
3272,18,2,2040-04-01 00:00:00,1.042156080669439
3273,18,2,2041-04-01 00:00:00,1.1009021957015384
3274,18,2,2042-04-01 00:00:00,1.1629772572521229
3275,18,2,2043-04-01 00:00:00,1.2281854449377532
3276,18,2,2044-04-01 00:00:00,1.2908479676386588
3277,18,2,2045-04-01 00:00:00,1.346656776919153
3278,18,2,2046-04-01 00:00:00,1.398744998914281
3279,18,2,2047-04-01 00:00:00,1.4518123228266104
3280,18,2,2048-04-01 00:00:00,1.5056629282727014
3281,18,2,2049-04-01 00:00:00,1.5597093541022327
3282,18,2,2050-04-01 00:00:00,1.6119933964808009
3283,18,2,2051-04-01 00:00:00,1.5882991300845208
3284,18,2,2052-04-01 00:00:00,1.5646048636882406
3285,18,2,2053-04-01 00:00:00,1.542868801126364
3286,18,2,2054-04-01 00:00:00,1.536798369239714
3287,18,3,2023-11-01 00:00:00,0.10946359434314476
3288,18,3,2024-11-01 00:00:00,0.19817022804161447
3289,18,3,2025-11-01 00:00:00,0.2937305751604958
3290,18,3,2026-11-01 00:00:00,0.4010401452857969
3291,18,3,2027-11-01 00:00:00,0.5126577638467853
3292,18,3,2028-11-01 00:00:00,0.6133094409351153
3293,18,3,2029-11-01 00:00:00,0.7155276810909676
3294,18,3,2030-11-01 00:00:00,0.8232288919831495
3295,18,3,2031-11-01 00:00:00,0.9469873743174384
3296,18,3,2032-11-01 00:00:00,1.0768162885383776
3297,18,3,2033-11-01 00:00:00,1.2017496931733083
3298,18,3,2034-11-01 00:00:00,1.3155213359521405
3299,18,3,2035-11-01 00:00:00,1.424789109911845
3300,18,3,2036-11-01 00:00:00,1.5458061068779692
3301,18,3,2037-11-01 00:00:00,1.670152050362579
3302,18,3,2038-11-01 00:00:00,1.7923439696293453
3303,18,3,2039-11-01 00:00:00,1.9098361996935436
3304,18,3,2040-11-01 00:00:00,2.03809855084696
3305,18,3,2041-11-01 00:00:00,2.160682110880607
3306,18,3,2042-11-01 00:00:00,2.2826782097639327
3307,18,3,2043-11-01 00:00:00,2.400757900978452
3308,18,3,2044-11-01 00:00:00,2.5002346557661403
3309,18,3,2045-11-01 00:00:00,2.610677352026486
3310,18,3,2046-11-01 00:00:00,2.71916184445243
3311,18,3,2047-11-01 00:00:00,2.815113832338192
3312,18,3,2048-11-01 00:00:00,2.8816927627079036
3313,18,3,2049-11-01 00:00:00,2.939068135055921
3314,18,3,2050-11-01 00:00:00,2.8820844034747846
3315,18,3,2051-11-01 00:00:00,2.8438994287039203
3316,18,3,2052-11-01 00:00:00,2.8072810170005784
3317,18,3,2053-11-01 00:00:00,2.7849574932883807
3318,18,3,2024-04-01 00:00:00,0.10946359434314476
3319,18,3,2025-04-01 00:00:00,0.21990629060349115
3320,18,3,2026-04-01 00:00:00,0.3411191079530557
3321,18,3,2027-04-01 00:00:00,0.46957727948991257
3322,18,3,2028-04-01 00:00:00,0.5988187325605306
3323,18,3,2029-04-01 00:00:00,0.7227730352782599
3324,18,3,2030-04-01 00:00:00,0.8480980806800715
3325,18,3,2031-04-01 00:00:00,0.9802768395022946
3326,18,3,2032-04-01 00:00:00,1.1296877920672668
3327,18,3,2033-04-01 00:00:00,1.2828193319176053
3328,18,3,2034-04-01 00:00:00,1.4375174348354662
3329,18,3,2035-04-01 00:00:00,1.5728293197927345
3330,18,3,2036-04-01 00:00:00,1.7106868697347273
3331,18,3,2037-04-01 00:00:00,1.8563772350143333
3332,18,3,2038-04-01 00:00:00,2.0059840079627462
3333,18,3,2039-04-01 00:00:00,2.1520660140092325
3334,18,3,2040-04-01 00:00:00,2.2985396608225996
3335,18,3,2041-04-01 00:00:00,2.447754793004132
3336,18,3,2042-04-01 00:00:00,2.5977532067194247
3337,18,3,2043-04-01 00:00:00,2.7452059554499932
3338,18,3,2044-04-01 00:00:00,2.884825888842949
3339,18,3,2045-04-01 00:00:00,3.0095634730944396
3340,18,3,2046-04-01 00:00:00,3.1390007465484984
3341,18,3,2047-04-01 00:00:00,3.2645216123337497
3342,18,3,2048-04-01 00:00:00,3.3585153963851084
3343,18,3,2049-04-01 00:00:00,3.4491802339179816
3344,18,3,2050-04-01 00:00:00,3.541215814134937
3345,18,3,2051-04-01 00:00:00,3.510472013934805
3346,18,3,2052-04-01 00:00:00,3.4765950875996277
3347,18,3,2053-04-01 00:00:00,3.438605933212204
3348,18,3,2054-04-01 00:00:00,3.41843643371785
3349,19,1,2023-11-01 00:00:00,0
3350,19,1,2024-11-01 00:00:00,0
3351,19,1,2025-11-01 00:00:00,0
3352,19,1,2026-11-01 00:00:00,0
3353,19,1,2027-11-01 00:00:00,0
3354,19,1,2028-11-01 00:00:00,0
3355,19,1,2029-11-01 00:00:00,0
3356,19,1,2030-11-01 00:00:00,0
3357,19,1,2031-11-01 00:00:00,0
3358,19,1,2032-11-01 00:00:00,0
3359,19,1,2033-11-01 00:00:00,0
3360,19,1,2034-11-01 00:00:00,0
3361,19,1,2035-11-01 00:00:00,0
3362,19,1,2036-11-01 00:00:00,0
3363,19,1,2037-11-01 00:00:00,0
3364,19,1,2038-11-01 00:00:00,0
3365,19,1,2039-11-01 00:00:00,0
3366,19,1,2040-11-01 00:00:00,0
3367,19,1,2041-11-01 00:00:00,0
3368,19,1,2042-11-01 00:00:00,0
3369,19,1,2043-11-01 00:00:00,0
3370,19,1,2044-11-01 00:00:00,0
3371,19,1,2045-11-01 00:00:00,0
3372,19,1,2046-11-01 00:00:00,0
3373,19,1,2047-11-01 00:00:00,0
3374,19,1,2048-11-01 00:00:00,0
3375,19,1,2049-11-01 00:00:00,0
3376,19,1,2050-11-01 00:00:00,0
3377,19,1,2051-11-01 00:00:00,0
3378,19,1,2052-11-01 00:00:00,0
3379,19,1,2053-11-01 00:00:00,0
3380,19,1,2024-04-01 00:00:00,0
3381,19,1,2025-04-01 00:00:00,0
3382,19,1,2026-04-01 00:00:00,0
3383,19,1,2027-04-01 00:00:00,0
3384,19,1,2028-04-01 00:00:00,0
3385,19,1,2029-04-01 00:00:00,0
3386,19,1,2030-04-01 00:00:00,0
3387,19,1,2031-04-01 00:00:00,0
3388,19,1,2032-04-01 00:00:00,0
3389,19,1,2033-04-01 00:00:00,0
3390,19,1,2034-04-01 00:00:00,0
3391,19,1,2035-04-01 00:00:00,0
3392,19,1,2036-04-01 00:00:00,0
3393,19,1,2037-04-01 00:00:00,0
3394,19,1,2038-04-01 00:00:00,0
3395,19,1,2039-04-01 00:00:00,0
3396,19,1,2040-04-01 00:00:00,0
3397,19,1,2041-04-01 00:00:00,0
3398,19,1,2042-04-01 00:00:00,0
3399,19,1,2043-04-01 00:00:00,0
3400,19,1,2044-04-01 00:00:00,0
3401,19,1,2045-04-01 00:00:00,0
3402,19,1,2046-04-01 00:00:00,0
3403,19,1,2047-04-01 00:00:00,0
3404,19,1,2048-04-01 00:00:00,0
3405,19,1,2049-04-01 00:00:00,0
3406,19,1,2050-04-01 00:00:00,0
3407,19,1,2051-04-01 00:00:00,0
3408,19,1,2052-04-01 00:00:00,0
3409,19,1,2053-04-01 00:00:00,0
3410,19,1,2054-04-01 00:00:00,0
3411,19,2,2023-11-01 00:00:00,0
3412,19,2,2024-11-01 00:00:00,0
3413,19,2,2025-11-01 00:00:00,0
3414,19,2,2026-11-01 00:00:00,0
3415,19,2,2027-11-01 00:00:00,0
3416,19,2,2028-11-01 00:00:00,0
3417,19,2,2029-11-01 00:00:00,0
3418,19,2,2030-11-01 00:00:00,0
3419,19,2,2031-11-01 00:00:00,0
3420,19,2,2032-11-01 00:00:00,0
3421,19,2,2033-11-01 00:00:00,0
3422,19,2,2034-11-01 00:00:00,0
3423,19,2,2035-11-01 00:00:00,0
3424,19,2,2036-11-01 00:00:00,0
3425,19,2,2037-11-01 00:00:00,0
3426,19,2,2038-11-01 00:00:00,0
3427,19,2,2039-11-01 00:00:00,0
3428,19,2,2040-11-01 00:00:00,0
3429,19,2,2041-11-01 00:00:00,0
3430,19,2,2042-11-01 00:00:00,0
3431,19,2,2043-11-01 00:00:00,0
3432,19,2,2044-11-01 00:00:00,0
3433,19,2,2045-11-01 00:00:00,0
3434,19,2,2046-11-01 00:00:00,0
3435,19,2,2047-11-01 00:00:00,0
3436,19,2,2048-11-01 00:00:00,0
3437,19,2,2049-11-01 00:00:00,0
3438,19,2,2050-11-01 00:00:00,0
3439,19,2,2051-11-01 00:00:00,0
3440,19,2,2052-11-01 00:00:00,0
3441,19,2,2053-11-01 00:00:00,0
3442,19,2,2024-04-01 00:00:00,0
3443,19,2,2025-04-01 00:00:00,0
3444,19,2,2026-04-01 00:00:00,0
3445,19,2,2027-04-01 00:00:00,0
3446,19,2,2028-04-01 00:00:00,0
3447,19,2,2029-04-01 00:00:00,0
3448,19,2,2030-04-01 00:00:00,0
3449,19,2,2031-04-01 00:00:00,0
3450,19,2,2032-04-01 00:00:00,0
3451,19,2,2033-04-01 00:00:00,0
3452,19,2,2034-04-01 00:00:00,0
3453,19,2,2035-04-01 00:00:00,0
3454,19,2,2036-04-01 00:00:00,0
3455,19,2,2037-04-01 00:00:00,0
3456,19,2,2038-04-01 00:00:00,0
3457,19,2,2039-04-01 00:00:00,0
3458,19,2,2040-04-01 00:00:00,0
3459,19,2,2041-04-01 00:00:00,0
3460,19,2,2042-04-01 00:00:00,0
3461,19,2,2043-04-01 00:00:00,0
3462,19,2,2044-04-01 00:00:00,0
3463,19,2,2045-04-01 00:00:00,0
3464,19,2,2046-04-01 00:00:00,0
3465,19,2,2047-04-01 00:00:00,0
3466,19,2,2048-04-01 00:00:00,0
3467,19,2,2049-04-01 00:00:00,0
3468,19,2,2050-04-01 00:00:00,0
3469,19,2,2051-04-01 00:00:00,0
3470,19,2,2052-04-01 00:00:00,0
3471,19,2,2053-04-01 00:00:00,0
3472,19,2,2054-04-01 00:00:00,0
3473,19,3,2023-11-01 00:00:00,0
3474,19,3,2024-11-01 00:00:00,0
3475,19,3,2025-11-01 00:00:00,0
3476,19,3,2026-11-01 00:00:00,0
3477,19,3,2027-11-01 00:00:00,0
3478,19,3,2028-11-01 00:00:00,0
3479,19,3,2029-11-01 00:00:00,0
3480,19,3,2030-11-01 00:00:00,0
3481,19,3,2031-11-01 00:00:00,0
3482,19,3,2032-11-01 00:00:00,0
3483,19,3,2033-11-01 00:00:00,0
3484,19,3,2034-11-01 00:00:00,0
3485,19,3,2035-11-01 00:00:00,0
3486,19,3,2036-11-01 00:00:00,0
3487,19,3,2037-11-01 00:00:00,0
3488,19,3,2038-11-01 00:00:00,0
3489,19,3,2039-11-01 00:00:00,0
3490,19,3,2040-11-01 00:00:00,0
3491,19,3,2041-11-01 00:00:00,0
3492,19,3,2042-11-01 00:00:00,0
3493,19,3,2043-11-01 00:00:00,0
3494,19,3,2044-11-01 00:00:00,0
3495,19,3,2045-11-01 00:00:00,0
3496,19,3,2046-11-01 00:00:00,0
3497,19,3,2047-11-01 00:00:00,0
3498,19,3,2048-11-01 00:00:00,0
3499,19,3,2049-11-01 00:00:00,0
3500,19,3,2050-11-01 00:00:00,0
3501,19,3,2051-11-01 00:00:00,0
3502,19,3,2052-11-01 00:00:00,0
3503,19,3,2053-11-01 00:00:00,0
3504,19,3,2024-04-01 00:00:00,0
3505,19,3,2025-04-01 00:00:00,0
3506,19,3,2026-04-01 00:00:00,0
3507,19,3,2027-04-01 00:00:00,0
3508,19,3,2028-04-01 00:00:00,0
3509,19,3,2029-04-01 00:00:00,0
3510,19,3,2030-04-01 00:00:00,0
3511,19,3,2031-04-01 00:00:00,0
3512,19,3,2032-04-01 00:00:00,0
3513,19,3,2033-04-01 00:00:00,0
3514,19,3,2034-04-01 00:00:00,0
3515,19,3,2035-04-01 00:00:00,0
3516,19,3,2036-04-01 00:00:00,0
3517,19,3,2037-04-01 00:00:00,0
3518,19,3,2038-04-01 00:00:00,0
3519,19,3,2039-04-01 00:00:00,0
3520,19,3,2040-04-01 00:00:00,0
3521,19,3,2041-04-01 00:00:00,0
3522,19,3,2042-04-01 00:00:00,0
3523,19,3,2043-04-01 00:00:00,0
3524,19,3,2044-04-01 00:00:00,0
3525,19,3,2045-04-01 00:00:00,0
3526,19,3,2046-04-01 00:00:00,0
3527,19,3,2047-04-01 00:00:00,0
3528,19,3,2048-04-01 00:00:00,0
3529,19,3,2049-04-01 00:00:00,0
3530,19,3,2050-04-01 00:00:00,0
3531,19,3,2051-04-01 00:00:00,0
3532,19,3,2052-04-01 00:00:00,0
3533,19,3,2053-04-01 00:00:00,0
3534,19,3,2054-04-01 00:00:00,0
3535,20,1,2023-11-01 00:00:00,0
3536,20,1,2024-11-01 00:00:00,0
3537,20,1,2025-11-01 00:00:00,0
3538,20,1,2026-11-01 00:00:00,0
3539,20,1,2027-11-01 00:00:00,0
3540,20,1,2028-11-01 00:00:00,0
3541,20,1,2029-11-01 00:00:00,0
3542,20,1,2030-11-01 00:00:00,0
3543,20,1,2031-11-01 00:00:00,0
3544,20,1,2032-11-01 00:00:00,0
3545,20,1,2033-11-01 00:00:00,0
3546,20,1,2034-11-01 00:00:00,0
3547,20,1,2035-11-01 00:00:00,0
3548,20,1,2036-11-01 00:00:00,0
3549,20,1,2037-11-01 00:00:00,0
3550,20,1,2038-11-01 00:00:00,0
3551,20,1,2039-11-01 00:00:00,0
3552,20,1,2040-11-01 00:00:00,0
3553,20,1,2041-11-01 00:00:00,0
3554,20,1,2042-11-01 00:00:00,0
3555,20,1,2043-11-01 00:00:00,0
3556,20,1,2044-11-01 00:00:00,0
3557,20,1,2045-11-01 00:00:00,0
3558,20,1,2046-11-01 00:00:00,0
3559,20,1,2047-11-01 00:00:00,0
3560,20,1,2048-11-01 00:00:00,0
3561,20,1,2049-11-01 00:00:00,0
3562,20,1,2050-11-01 00:00:00,0
3563,20,1,2051-11-01 00:00:00,0
3564,20,1,2052-11-01 00:00:00,0
3565,20,1,2053-11-01 00:00:00,0
3566,20,1,2024-04-01 00:00:00,0
3567,20,1,2025-04-01 00:00:00,0
3568,20,1,2026-04-01 00:00:00,0
3569,20,1,2027-04-01 00:00:00,0
3570,20,1,2028-04-01 00:00:00,0
3571,20,1,2029-04-01 00:00:00,0
3572,20,1,2030-04-01 00:00:00,0
3573,20,1,2031-04-01 00:00:00,0
3574,20,1,2032-04-01 00:00:00,0
3575,20,1,2033-04-01 00:00:00,0
3576,20,1,2034-04-01 00:00:00,0
3577,20,1,2035-04-01 00:00:00,0
3578,20,1,2036-04-01 00:00:00,0
3579,20,1,2037-04-01 00:00:00,0
3580,20,1,2038-04-01 00:00:00,0
3581,20,1,2039-04-01 00:00:00,0
3582,20,1,2040-04-01 00:00:00,0
3583,20,1,2041-04-01 00:00:00,0
3584,20,1,2042-04-01 00:00:00,0
3585,20,1,2043-04-01 00:00:00,0
3586,20,1,2044-04-01 00:00:00,0
3587,20,1,2045-04-01 00:00:00,0
3588,20,1,2046-04-01 00:00:00,0
3589,20,1,2047-04-01 00:00:00,0
3590,20,1,2048-04-01 00:00:00,0
3591,20,1,2049-04-01 00:00:00,0
3592,20,1,2050-04-01 00:00:00,0
3593,20,1,2051-04-01 00:00:00,0
3594,20,1,2052-04-01 00:00:00,0
3595,20,1,2053-04-01 00:00:00,0
3596,20,1,2054-04-01 00:00:00,0
3597,20,2,2023-11-01 00:00:00,0
3598,20,2,2024-11-01 00:00:00,0
3599,20,2,2025-11-01 00:00:00,0
3600,20,2,2026-11-01 00:00:00,0
3601,20,2,2027-11-01 00:00:00,0
3602,20,2,2028-11-01 00:00:00,0
3603,20,2,2029-11-01 00:00:00,0
3604,20,2,2030-11-01 00:00:00,0
3605,20,2,2031-11-01 00:00:00,0
3606,20,2,2032-11-01 00:00:00,0
3607,20,2,2033-11-01 00:00:00,0
3608,20,2,2034-11-01 00:00:00,0
3609,20,2,2035-11-01 00:00:00,0
3610,20,2,2036-11-01 00:00:00,0
3611,20,2,2037-11-01 00:00:00,0
3612,20,2,2038-11-01 00:00:00,0
3613,20,2,2039-11-01 00:00:00,0
3614,20,2,2040-11-01 00:00:00,0
3615,20,2,2041-11-01 00:00:00,0
3616,20,2,2042-11-01 00:00:00,0
3617,20,2,2043-11-01 00:00:00,0
3618,20,2,2044-11-01 00:00:00,0
3619,20,2,2045-11-01 00:00:00,0
3620,20,2,2046-11-01 00:00:00,0
3621,20,2,2047-11-01 00:00:00,0
3622,20,2,2048-11-01 00:00:00,0
3623,20,2,2049-11-01 00:00:00,0
3624,20,2,2050-11-01 00:00:00,0
3625,20,2,2051-11-01 00:00:00,0
3626,20,2,2052-11-01 00:00:00,0
3627,20,2,2053-11-01 00:00:00,0
3628,20,2,2024-04-01 00:00:00,0
3629,20,2,2025-04-01 00:00:00,0
3630,20,2,2026-04-01 00:00:00,0
3631,20,2,2027-04-01 00:00:00,0
3632,20,2,2028-04-01 00:00:00,0
3633,20,2,2029-04-01 00:00:00,0
3634,20,2,2030-04-01 00:00:00,0
3635,20,2,2031-04-01 00:00:00,0
3636,20,2,2032-04-01 00:00:00,0
3637,20,2,2033-04-01 00:00:00,0
3638,20,2,2034-04-01 00:00:00,0
3639,20,2,2035-04-01 00:00:00,0
3640,20,2,2036-04-01 00:00:00,0
3641,20,2,2037-04-01 00:00:00,0
3642,20,2,2038-04-01 00:00:00,0
3643,20,2,2039-04-01 00:00:00,0
3644,20,2,2040-04-01 00:00:00,0
3645,20,2,2041-04-01 00:00:00,0
3646,20,2,2042-04-01 00:00:00,0
3647,20,2,2043-04-01 00:00:00,0
3648,20,2,2044-04-01 00:00:00,0
3649,20,2,2045-04-01 00:00:00,0
3650,20,2,2046-04-01 00:00:00,0
3651,20,2,2047-04-01 00:00:00,0
3652,20,2,2048-04-01 00:00:00,0
3653,20,2,2049-04-01 00:00:00,0
3654,20,2,2050-04-01 00:00:00,0
3655,20,2,2051-04-01 00:00:00,0
3656,20,2,2052-04-01 00:00:00,0
3657,20,2,2053-04-01 00:00:00,0
3658,20,2,2054-04-01 00:00:00,0
3659,20,3,2023-11-01 00:00:00,0
3660,20,3,2024-11-01 00:00:00,0
3661,20,3,2025-11-01 00:00:00,0
3662,20,3,2026-11-01 00:00:00,0
3663,20,3,2027-11-01 00:00:00,0
3664,20,3,2028-11-01 00:00:00,0
3665,20,3,2029-11-01 00:00:00,0
3666,20,3,2030-11-01 00:00:00,0
3667,20,3,2031-11-01 00:00:00,0
3668,20,3,2032-11-01 00:00:00,0
3669,20,3,2033-11-01 00:00:00,0
3670,20,3,2034-11-01 00:00:00,0
3671,20,3,2035-11-01 00:00:00,0
3672,20,3,2036-11-01 00:00:00,0
3673,20,3,2037-11-01 00:00:00,0
3674,20,3,2038-11-01 00:00:00,0
3675,20,3,2039-11-01 00:00:00,0
3676,20,3,2040-11-01 00:00:00,0
3677,20,3,2041-11-01 00:00:00,0
3678,20,3,2042-11-01 00:00:00,0
3679,20,3,2043-11-01 00:00:00,0
3680,20,3,2044-11-01 00:00:00,0
3681,20,3,2045-11-01 00:00:00,0
3682,20,3,2046-11-01 00:00:00,0
3683,20,3,2047-11-01 00:00:00,0
3684,20,3,2048-11-01 00:00:00,0
3685,20,3,2049-11-01 00:00:00,0
3686,20,3,2050-11-01 00:00:00,0
3687,20,3,2051-11-01 00:00:00,0
3688,20,3,2052-11-01 00:00:00,0
3689,20,3,2053-11-01 00:00:00,0
3690,20,3,2024-04-01 00:00:00,0
3691,20,3,2025-04-01 00:00:00,0
3692,20,3,2026-04-01 00:00:00,0
3693,20,3,2027-04-01 00:00:00,0
3694,20,3,2028-04-01 00:00:00,0
3695,20,3,2029-04-01 00:00:00,0
3696,20,3,2030-04-01 00:00:00,0
3697,20,3,2031-04-01 00:00:00,0
3698,20,3,2032-04-01 00:00:00,0
3699,20,3,2033-04-01 00:00:00,0
3700,20,3,2034-04-01 00:00:00,0
3701,20,3,2035-04-01 00:00:00,0
3702,20,3,2036-04-01 00:00:00,0
3703,20,3,2037-04-01 00:00:00,0
3704,20,3,2038-04-01 00:00:00,0
3705,20,3,2039-04-01 00:00:00,0
3706,20,3,2040-04-01 00:00:00,0
3707,20,3,2041-04-01 00:00:00,0
3708,20,3,2042-04-01 00:00:00,0
3709,20,3,2043-04-01 00:00:00,0
3710,20,3,2044-04-01 00:00:00,0
3711,20,3,2045-04-01 00:00:00,0
3712,20,3,2046-04-01 00:00:00,0
3713,20,3,2047-04-01 00:00:00,0
3714,20,3,2048-04-01 00:00:00,0
3715,20,3,2049-04-01 00:00:00,0
3716,20,3,2050-04-01 00:00:00,0
3717,20,3,2051-04-01 00:00:00,0
3718,20,3,2052-04-01 00:00:00,0
3719,20,3,2053-04-01 00:00:00,0
3720,20,3,2054-04-01 00:00:00,0
3721,21,1,2023-11-01 00:00:00,0.010408485058509824
3722,21,1,2024-11-01 00:00:00,0.010408485058509824
3723,21,1,2025-11-01 00:00:00,0.0092519867186754
3724,21,1,2026-11-01 00:00:00,0.00780636379388237
3725,21,1,2027-11-01 00:00:00,0.008095488378840976
3726,21,1,2028-11-01 00:00:00,0.008095488378840976
3727,21,1,2029-11-01 00:00:00,0.008384612963799581
3728,21,1,2030-11-01 00:00:00,0.008673737548758187
3729,21,1,2031-11-01 00:00:00,0.008673737548758187
3730,21,1,2032-11-01 00:00:00,0.008962862133716793
3731,21,1,2033-11-01 00:00:00,0.008962862133716793
3732,21,1,2034-11-01 00:00:00,0.008962862133716793
3733,21,1,2035-11-01 00:00:00,0.008962862133716793
3734,21,1,2036-11-01 00:00:00,0.008962862133716793
3735,21,1,2037-11-01 00:00:00,0.008962862133716793
3736,21,1,2038-11-01 00:00:00,0.008962862133716793
3737,21,1,2039-11-01 00:00:00,0.008962862133716793
3738,21,1,2040-11-01 00:00:00,0.008962862133716793
3739,21,1,2041-11-01 00:00:00,0.008962862133716793
3740,21,1,2042-11-01 00:00:00,0.008962862133716793
3741,21,1,2043-11-01 00:00:00,0.0092519867186754
3742,21,1,2044-11-01 00:00:00,0.008962862133716793
3743,21,1,2045-11-01 00:00:00,0.008962862133716793
3744,21,1,2046-11-01 00:00:00,0.008962862133716793
3745,21,1,2047-11-01 00:00:00,0.008962862133716793
3746,21,1,2048-11-01 00:00:00,0.008962862133716793
3747,21,1,2049-11-01 00:00:00,0.008962862133716793
3748,21,1,2050-11-01 00:00:00,0.008673737548758187
3749,21,1,2051-11-01 00:00:00,0.008673737548758187
3750,21,1,2052-11-01 00:00:00,0.008673737548758187
3751,21,1,2053-11-01 00:00:00,0.008673737548758187
3752,21,1,2024-04-01 00:00:00,0.010408485058509824
3753,21,1,2025-04-01 00:00:00,0.009830235888592614
3754,21,1,2026-04-01 00:00:00,0.008673737548758187
3755,21,1,2027-04-01 00:00:00,0.008384612963799581
3756,21,1,2028-04-01 00:00:00,0.008673737548758187
3757,21,1,2029-04-01 00:00:00,0.008673737548758187
3758,21,1,2030-04-01 00:00:00,0.008962862133716793
3759,21,1,2031-04-01 00:00:00,0.008962862133716793
3760,21,1,2032-04-01 00:00:00,0.0092519867186754
3761,21,1,2033-04-01 00:00:00,0.0092519867186754
3762,21,1,2034-04-01 00:00:00,0.0092519867186754
3763,21,1,2035-04-01 00:00:00,0.0092519867186754
3764,21,1,2036-04-01 00:00:00,0.0092519867186754
3765,21,1,2037-04-01 00:00:00,0.0092519867186754
3766,21,1,2038-04-01 00:00:00,0.0092519867186754
3767,21,1,2039-04-01 00:00:00,0.0092519867186754
3768,21,1,2040-04-01 00:00:00,0.0092519867186754
3769,21,1,2041-04-01 00:00:00,0.0092519867186754
3770,21,1,2042-04-01 00:00:00,0.009541111303634007
3771,21,1,2043-04-01 00:00:00,0.009541111303634007
3772,21,1,2044-04-01 00:00:00,0.009541111303634007
3773,21,1,2045-04-01 00:00:00,0.0092519867186754
3774,21,1,2046-04-01 00:00:00,0.0092519867186754
3775,21,1,2047-04-01 00:00:00,0.0092519867186754
3776,21,1,2048-04-01 00:00:00,0.0092519867186754
3777,21,1,2049-04-01 00:00:00,0.0092519867186754
3778,21,1,2050-04-01 00:00:00,0.0092519867186754
3779,21,1,2051-04-01 00:00:00,0.008962862133716793
3780,21,1,2052-04-01 00:00:00,0.008962862133716793
3781,21,1,2053-04-01 00:00:00,0.008962862133716793
3782,21,1,2054-04-01 00:00:00,0.008962862133716793
3783,21,2,2023-11-01 00:00:00,0.010408485058509824
3784,21,2,2024-11-01 00:00:00,0.014456229247930313
3785,21,2,2025-11-01 00:00:00,0.018214848852392194
3786,21,2,2026-11-01 00:00:00,0.02255171762677129
3787,21,2,2027-11-01 00:00:00,0.02631033723123317
3788,21,2,2028-11-01 00:00:00,0.030358081420653656
3789,21,2,2029-11-01 00:00:00,0.034116701025115534
3790,21,2,2030-11-01 00:00:00,0.03874269438445324
3791,21,2,2031-11-01 00:00:00,0.04394693691370815
3792,21,2,2032-11-01 00:00:00,0.04944030402792167
3793,21,2,2033-11-01 00:00:00,0.054355421972217974
3794,21,2,2034-11-01 00:00:00,0.05927053991651428
3795,21,2,2035-11-01 00:00:00,0.06389653327585199
3796,21,2,2036-11-01 00:00:00,0.06881165122014829
3797,21,2,2037-11-01 00:00:00,0.0737267691644446
3798,21,2,2038-11-01 00:00:00,0.07806363793882369
3799,21,2,2039-11-01 00:00:00,0.08182225754328558
3800,21,2,2040-11-01 00:00:00,0.08615912631766466
3801,21,2,2041-11-01 00:00:00,0.09078511967700237
3802,21,2,2042-11-01 00:00:00,0.09598936220625727
3803,21,2,2043-11-01 00:00:00,0.10090448015055359
3804,21,2,2044-11-01 00:00:00,0.10524134892493268
3805,21,2,2045-11-01 00:00:00,0.10957821769931177
3806,21,2,2046-11-01 00:00:00,0.11333683730377365
3807,21,2,2047-11-01 00:00:00,0.11709545690823553
3808,21,2,2048-11-01 00:00:00,0.12143232568261463
3809,21,2,2049-11-01 00:00:00,0.12461269611715928
3810,21,2,2050-11-01 00:00:00,0.12287794860740765
3811,21,2,2051-11-01 00:00:00,0.12027582734278021
3812,21,2,2052-11-01 00:00:00,0.11825195524806996
3813,21,2,2053-11-01 00:00:00,0.11767370607815275
3814,21,2,2024-04-01 00:00:00,0.010408485058509824
3815,21,2,2025-04-01 00:00:00,0.015323603002806132
3816,21,2,2026-04-01 00:00:00,0.020238720947102436
3817,21,2,2027-04-01 00:00:00,0.025442963476357352
3818,21,2,2028-04-01 00:00:00,0.030358081420653656
3819,21,2,2029-04-01 00:00:00,0.03556232394990857
3820,21,2,2030-04-01 00:00:00,0.04047744189420487
3821,21,2,2031-04-01 00:00:00,0.0459708090084184
3822,21,2,2032-04-01 00:00:00,0.05233154987750773
3823,21,2,2033-04-01 00:00:00,0.058981415331555674
3824,21,2,2034-04-01 00:00:00,0.06534215620064501
3825,21,2,2035-04-01 00:00:00,0.07112464789981714
3826,21,2,2036-04-01 00:00:00,0.07690713959898927
3827,21,2,2037-04-01 00:00:00,0.08297875588312
3828,21,2,2038-04-01 00:00:00,0.08847212299733352
3829,21,2,2039-04-01 00:00:00,0.09396549011154703
3830,21,2,2040-04-01 00:00:00,0.09916973264080195
3831,21,2,2041-04-01 00:00:00,0.10466309975501546
3832,21,2,2042-04-01 00:00:00,0.1107347160391462
3833,21,2,2043-04-01 00:00:00,0.11680633232327693
3834,21,2,2044-04-01 00:00:00,0.12287794860740765
3835,21,2,2045-04-01 00:00:00,0.12808219113666255
3836,21,2,2046-04-01 00:00:00,0.13299730908095886
3837,21,2,2047-04-01 00:00:00,0.13791242702525516
3838,21,2,2048-04-01 00:00:00,0.1431166695545101
3839,21,2,2049-04-01 00:00:00,0.148320912083765
3840,21,2,2050-04-01 00:00:00,0.1532360300280613
3841,21,2,2051-04-01 00:00:00,0.15092303334839247
3842,21,2,2052-04-01 00:00:00,0.14889916125368224
3843,21,2,2053-04-01 00:00:00,0.14658616457401338
3844,21,2,2054-04-01 00:00:00,0.14600791540409616
3845,21,3,2023-11-01 00:00:00,0.010408485058509824
3846,21,3,2024-11-01 00:00:00,0.018793098022309405
3847,21,3,2025-11-01 00:00:00,0.028045084740984806
3848,21,3,2026-11-01 00:00:00,0.038164445214536026
3849,21,3,2027-11-01 00:00:00,0.048862054858004454
3850,21,3,2028-11-01 00:00:00,0.058403166161638466
3851,21,3,2029-11-01 00:00:00,0.06794427746527247
3852,21,3,2030-11-01 00:00:00,0.07835276252378229
3853,21,3,2031-11-01 00:00:00,0.09020687050708516
3854,21,3,2032-11-01 00:00:00,0.10235010307534662
3855,21,3,2033-11-01 00:00:00,0.11420421105864947
3856,21,3,2034-11-01 00:00:00,0.1251909452870765
3857,21,3,2035-11-01 00:00:00,0.13559943034558636
3858,21,3,2036-11-01 00:00:00,0.14687528915897197
3859,21,3,2037-11-01 00:00:00,0.15872939714227485
3860,21,3,2038-11-01 00:00:00,0.17029438054061907
3861,21,3,2039-11-01 00:00:00,0.18157023935400474
3862,21,3,2040-11-01 00:00:00,0.1937134719222662
3863,21,3,2041-11-01 00:00:00,0.20556757990556906
3864,21,3,2042-11-01 00:00:00,0.21713256330391328
3865,21,3,2043-11-01 00:00:00,0.22840842211729895
3866,21,3,2044-11-01 00:00:00,0.23766040883597436
3867,21,3,2045-11-01 00:00:00,0.24835801847944278
3868,21,3,2046-11-01 00:00:00,0.258477378952994
3869,21,3,2047-11-01 00:00:00,0.2677293656716694
3870,21,3,2048-11-01 00:00:00,0.2740901065407587
3871,21,3,2049-11-01 00:00:00,0.27958347365497227
3872,21,3,2050-11-01 00:00:00,0.2740901065407587
3873,21,3,2051-11-01 00:00:00,0.2703314869362968
3874,21,3,2052-11-01 00:00:00,0.2668619919167936
3875,21,3,2053-11-01 00:00:00,0.26483811982208333
3876,21,3,2024-04-01 00:00:00,0.010408485058509824
3877,21,3,2025-04-01 00:00:00,0.020816970117019648
3878,21,3,2026-04-01 00:00:00,0.0323819535153639
3879,21,3,2027-04-01 00:00:00,0.044525186083625365
3880,21,3,2028-04-01 00:00:00,0.05695754323684543
3881,21,3,2029-04-01 00:00:00,0.06881165122014829
3882,21,3,2030-04-01 00:00:00,0.08066575920345115
3883,21,3,2031-04-01 00:00:00,0.09309811635667121
3884,21,3,2032-04-01 00:00:00,0.10726522101964292
3885,21,3,2033-04-01 00:00:00,0.12201057485253183
3886,21,3,2034-04-01 00:00:00,0.13675592868542077
3887,21,3,2035-04-01 00:00:00,0.14947741042359944
3888,21,3,2036-04-01 00:00:00,0.16277714133169532
3889,21,3,2037-04-01 00:00:00,0.17665512140970843
3890,21,3,2038-04-01 00:00:00,0.19082222607268012
3891,21,3,2039-04-01 00:00:00,0.20470020615069323
3892,21,3,2040-04-01 00:00:00,0.2185781862287063
3893,21,3,2041-04-01 00:00:00,0.23274529089167806
3894,21,3,2042-04-01 00:00:00,0.24691239555464972
3895,21,3,2043-04-01 00:00:00,0.26107950021762144
3896,21,3,2044-04-01 00:00:00,0.2743792311257173
3897,21,3,2045-04-01 00:00:00,0.2862333391090202
3898,21,3,2046-04-01 00:00:00,0.29837657167728165
3899,21,3,2047-04-01 00:00:00,0.3105198042455431
3900,21,3,2048-04-01 00:00:00,0.3194826663792599
3901,21,3,2049-04-01 00:00:00,0.3278672793430595
3902,21,3,2050-04-01 00:00:00,0.3368301414767763
3903,21,3,2051-04-01 00:00:00,0.33393889562719026
3904,21,3,2052-04-01 00:00:00,0.3304694006076869
3905,21,3,2053-04-01 00:00:00,0.3269999055881837
3906,21,3,2054-04-01 00:00:00,0.3249760334934734
3907,22,1,2023-11-01 00:00:00,0.16162064299186088
3908,22,1,2024-11-01 00:00:00,0.1630662659166539
3909,22,1,2025-11-01 00:00:00,0.14224929579963427
3910,22,1,2026-11-01 00:00:00,0.12345619777732486
3911,22,1,2027-11-01 00:00:00,0.12403444694724208
3912,22,1,2028-11-01 00:00:00,0.12663656821186953
3913,22,1,2029-11-01 00:00:00,0.1301060632313728
3914,22,1,2030-11-01 00:00:00,0.1332864336659175
3915,22,1,2031-11-01 00:00:00,0.13617767951550355
3916,22,1,2032-11-01 00:00:00,0.13704505327037936
3917,22,1,2033-11-01 00:00:00,0.13733417785533797
3918,22,1,2034-11-01 00:00:00,0.1382015516102138
3919,22,1,2035-11-01 00:00:00,0.13733417785533797
3920,22,1,2036-11-01 00:00:00,0.1379124270252552
3921,22,1,2037-11-01 00:00:00,0.1382015516102138
3922,22,1,2038-11-01 00:00:00,0.13877980078013102
3923,22,1,2039-11-01 00:00:00,0.13906892536508964
3924,22,1,2040-11-01 00:00:00,0.14022542370492405
3925,22,1,2041-11-01 00:00:00,0.14051454828988263
3926,22,1,2042-11-01 00:00:00,0.14138192204475847
3927,22,1,2043-11-01 00:00:00,0.14138192204475844
3928,22,1,2044-11-01 00:00:00,0.14109279745979988
3929,22,1,2045-11-01 00:00:00,0.14109279745979988
3930,22,1,2046-11-01 00:00:00,0.14080367287484125
3931,22,1,2047-11-01 00:00:00,0.14109279745979988
3932,22,1,2048-11-01 00:00:00,0.14109279745979988
3933,22,1,2049-11-01 00:00:00,0.13964717453500683
3934,22,1,2050-11-01 00:00:00,0.13675592868542077
3935,22,1,2051-11-01 00:00:00,0.13473205659071052
3936,22,1,2052-11-01 00:00:00,0.13415380742079333
3937,22,1,2053-11-01 00:00:00,0.13415380742079333
3938,22,1,2024-04-01 00:00:00,0.16162064299186088
3939,22,1,2025-04-01 00:00:00,0.15121215793335108
3940,22,1,2026-04-01 00:00:00,0.13646680410046214
3941,22,1,2027-04-01 00:00:00,0.13184081074112444
3942,22,1,2028-04-01 00:00:00,0.13270818449600028
3943,22,1,2029-04-01 00:00:00,0.13473205659071052
3944,22,1,2030-04-01 00:00:00,0.1376233024402966
3945,22,1,2031-04-01 00:00:00,0.14022542370492405
3946,22,1,2032-04-01 00:00:00,0.14253842038459288
3947,22,1,2033-04-01 00:00:00,0.14311666955451008
3948,22,1,2034-04-01 00:00:00,0.14456229247930313
3949,22,1,2035-04-01 00:00:00,0.1442731678943445
3950,22,1,2036-04-01 00:00:00,0.1442731678943445
3951,22,1,2037-04-01 00:00:00,0.14456229247930313
3952,22,1,2038-04-01 00:00:00,0.14485141706426172
3953,22,1,2039-04-01 00:00:00,0.14514054164922033
3954,22,1,2040-04-01 00:00:00,0.14571879081913755
3955,22,1,2041-04-01 00:00:00,0.14600791540409616
3956,22,1,2042-04-01 00:00:00,0.14629703998905474
3957,22,1,2043-04-01 00:00:00,0.14629703998905474
3958,22,1,2044-04-01 00:00:00,0.14629703998905474
3959,22,1,2045-04-01 00:00:00,0.14600791540409616
3960,22,1,2046-04-01 00:00:00,0.14514054164922033
3961,22,1,2047-04-01 00:00:00,0.14456229247930313
3962,22,1,2048-04-01 00:00:00,0.1442731678943445
3963,22,1,2049-04-01 00:00:00,0.1439840433093859
3964,22,1,2050-04-01 00:00:00,0.14282754496955147
3965,22,1,2051-04-01 00:00:00,0.14051454828988263
3966,22,1,2052-04-01 00:00:00,0.13877980078013102
3967,22,1,2053-04-01 00:00:00,0.1379124270252552
3968,22,1,2054-04-01 00:00:00,0.13733417785533797
3969,22,2,2023-11-01 00:00:00,0.16162064299186088
3970,22,2,2024-11-01 00:00:00,0.2223368058331682
3971,22,2,2025-11-01 00:00:00,0.2824747195045583
3972,22,2,2026-11-01 00:00:00,0.34781687570520337
3973,22,2,2027-11-01 00:00:00,0.40940041230138646
3974,22,2,2028-11-01 00:00:00,0.47040569972765234
3975,22,2,2029-11-01 00:00:00,0.5311218625689598
3976,22,2,2030-11-01 00:00:00,0.5993552646191908
3977,22,2,2031-11-01 00:00:00,0.681466646747435
3978,22,2,2032-11-01 00:00:00,0.7664692747252652
3979,22,2,2033-11-01 00:00:00,0.8462676601738405
3980,22,2,2034-11-01 00:00:00,0.9194161801683679
3981,22,2,2035-11-01 00:00:00,0.9911190772381022
3982,22,2,2036-11-01 00:00:00,1.066869718497257
3983,22,2,2037-11-01 00:00:00,1.1431986089263293
3984,22,2,2038-11-01 00:00:00,1.209986388051767
3985,22,2,2039-11-01 00:00:00,1.2721481738178675
3986,22,2,2040-11-01 00:00:00,1.3374903300185126
3987,22,2,2041-11-01 00:00:00,1.4109279745979983
3988,22,2,2042-11-01 00:00:00,1.491304609216491
3989,22,2,2043-11-01 00:00:00,1.569079122570356
3990,22,2,2044-11-01 00:00:00,1.635288652525877
3991,22,2,2045-11-01 00:00:00,1.700630808726522
3992,22,2,2046-11-01 00:00:00,1.7616360961527877
3993,22,2,2047-11-01 00:00:00,1.8177262656347577
3994,22,2,2048-11-01 00:00:00,1.8845140447601954
3995,22,2,2049-11-01 00:00:00,1.9359782208828273
3996,22,2,2050-11-01 00:00:00,1.9059092640471325
3997,22,2,2051-11-01 00:00:00,1.869479566342348
3998,22,2,2052-11-01 00:00:00,1.8382541111668185
3999,22,2,2053-11-01 00:00:00,1.8290021244481431
4000,22,2,2024-04-01 00:00:00,0.16162064299186088
4001,22,2,2025-04-01 00:00:00,0.23708215966605717
4002,22,2,2026-04-01 00:00:00,0.31630229594471526
4003,22,2,2027-04-01 00:00:00,0.39552243222337335
4004,22,2,2028-04-01 00:00:00,0.473586070162197
4005,22,2,2029-04-01 00:00:00,0.5510714589311034
4006,22,2,2030-04-01 00:00:00,0.6294242214548859
4007,22,2,2031-04-01 00:00:00,0.7138486002627988
4008,22,2,2032-04-01 00:00:00,0.8127292083186423
4009,22,2,2033-04-01 00:00:00,0.9139228130541543
4010,22,2,2034-04-01 00:00:00,1.0145381686197494
4011,22,2,2035-04-01 00:00:00,1.1027211670321242
4012,22,2,2036-04-01 00:00:00,1.1946627850489608
4013,22,2,2037-04-01 00:00:00,1.287182652235715
4014,22,2,2038-04-01 00:00:00,1.3759438998180071
4015,22,2,2039-04-01 00:00:00,1.457477032776334
4016,22,2,2040-04-01 00:00:00,1.5387210411497025
4017,22,2,2041-04-01 00:00:00,1.6254584166372845
4018,22,2,2042-04-01 00:00:00,1.7171109100691626
4019,22,2,2043-04-01 00:00:00,1.8133893968603787
4020,22,2,2044-04-01 00:00:00,1.9059092640471325
4021,22,2,2045-04-01 00:00:00,1.9883097707603354
4022,22,2,2046-04-01 00:00:00,2.0652169103593248
4023,22,2,2047-04-01 00:00:00,2.143569672883107
4024,22,2,2048-04-01 00:00:00,2.2230789337467236
4025,22,2,2049-04-01 00:00:00,2.302877319195299
4026,22,2,2050-04-01 00:00:00,2.380073583379247
4027,22,2,2051-04-01 00:00:00,2.3450895085992554
4028,22,2,2052-04-01 00:00:00,2.3101054338192637
4029,22,2,2053-04-01 00:00:00,2.2780126048888585
4030,22,2,2054-04-01 00:00:00,2.269049742755142
4031,22,3,2023-11-01 00:00:00,0.16162064299186088
4032,22,3,2024-11-01 00:00:00,0.2925940799781095
4033,22,3,2025-11-01 00:00:00,0.4336868774379094
4034,22,3,2026-11-01 00:00:00,0.5921271499952256
4035,22,3,2027-11-01 00:00:00,0.7569281634216312
4036,22,3,2028-11-01 00:00:00,0.9055382000903549
4037,22,3,2029-11-01 00:00:00,1.0564612334387473
4038,22,3,2030-11-01 00:00:00,1.2154797551659806
4039,22,3,2031-11-01 00:00:00,1.39820649285982
4040,22,3,2032-11-01 00:00:00,1.5898960926873758
4041,22,3,2033-11-01 00:00:00,1.7743575778909664
4042,22,3,2034-11-01 00:00:00,1.9423389617519171
4043,22,3,2035-11-01 00:00:00,2.103670480158819
4044,22,3,2036-11-01 00:00:00,2.2823494736632375
4045,22,3,2037-11-01 00:00:00,2.465943585111953
4046,22,3,2038-11-01 00:00:00,2.646357326126123
4047,22,3,2039-11-01 00:00:00,2.819832077101287
4048,22,3,2040-11-01 00:00:00,3.009208680249174
4049,22,3,2041-11-01 00:00:00,3.1902006704332617
4050,22,3,2042-11-01 00:00:00,3.370325286862473
4051,22,3,2043-11-01 00:00:00,3.5446674115925125
4052,22,3,2044-11-01 00:00:00,3.691542700751485
4053,22,3,2045-11-01 00:00:00,3.8546089666681382
4054,22,3,2046-11-01 00:00:00,4.014783986735207
4055,22,3,2047-11-01 00:00:00,4.156455033364924
4056,22,3,2048-11-01 00:00:00,4.254757392250849
4057,22,3,2049-11-01 00:00:00,4.339470895643721
4058,22,3,2050-11-01 00:00:00,4.255335641420767
4059,22,3,2051-11-01 00:00:00,4.198956347353839
4060,22,3,2052-11-01 00:00:00,4.1448900499665795
4061,22,3,2053-11-01 00:00:00,4.111929847281298
4062,22,3,2024-04-01 00:00:00,0.16162064299186088
4063,22,3,2025-04-01 00:00:00,0.32468690890851476
4064,22,3,2026-04-01 00:00:00,0.503655026997892
4065,22,3,2027-04-01 00:00:00,0.6933207547307378
4066,22,3,2028-04-01 00:00:00,0.8841429808034179
4067,22,3,2029-04-01 00:00:00,1.0671588430822156
4068,22,3,2030-04-01 00:00:00,1.2521985774557238
4069,22,3,2031-04-01 00:00:00,1.447357672302783
4070,22,3,2032-04-01 00:00:00,1.6679597306261995
4071,22,3,2033-04-01 00:00:00,1.8940551560638297
4072,22,3,2034-04-01 00:00:00,2.1224635781811285
4073,22,3,2035-04-01 00:00:00,2.3222486663875253
4074,22,3,2036-04-01 00:00:00,2.5257923741983843
4075,22,3,2037-04-01 00:00:00,2.7409010654075874
4076,22,3,2038-04-01 00:00:00,2.961792248315963
4077,22,3,2039-04-01 00:00:00,3.177479188695083
4078,22,3,2040-04-01 00:00:00,3.39374437824412
4079,22,3,2041-04-01 00:00:00,3.6140573119825787
4080,22,3,2042-04-01 00:00:00,3.8355267440608705
4081,22,3,2043-04-01 00:00:00,4.053237556534701
4082,22,3,2044-04-01 00:00:00,4.259383385610187
4083,22,3,2045-04-01 00:00:00,4.443555746228819
4084,22,3,2046-04-01 00:00:00,4.634667096886458
4085,22,3,2047-04-01 00:00:00,4.819995955844925
4086,22,3,2048-04-01 00:00:00,4.958775756625055
4087,22,3,2049-04-01 00:00:00,5.09264043946089
4088,22,3,2050-04-01 00:00:00,5.228528994391436
4089,22,3,2051-04-01 00:00:00,5.183136434552933
4090,22,3,2052-04-01 00:00:00,5.133117881355095
4091,22,3,2053-04-01 00:00:00,5.077027711873126
4092,22,3,2054-04-01 00:00:00,5.047247879622389
4093,23,1,2023-11-01 00:00:00,0
4094,23,1,2024-11-01 00:00:00,0
4095,23,1,2025-11-01 00:00:00,0
4096,23,1,2026-11-01 00:00:00,0
4097,23,1,2027-11-01 00:00:00,0
4098,23,1,2028-11-01 00:00:00,0
4099,23,1,2029-11-01 00:00:00,0
4100,23,1,2030-11-01 00:00:00,0
4101,23,1,2031-11-01 00:00:00,0
4102,23,1,2032-11-01 00:00:00,0
4103,23,1,2033-11-01 00:00:00,0
4104,23,1,2034-11-01 00:00:00,0
4105,23,1,2035-11-01 00:00:00,0
4106,23,1,2036-11-01 00:00:00,0
4107,23,1,2037-11-01 00:00:00,0
4108,23,1,2038-11-01 00:00:00,0
4109,23,1,2039-11-01 00:00:00,0
4110,23,1,2040-11-01 00:00:00,0
4111,23,1,2041-11-01 00:00:00,0
4112,23,1,2042-11-01 00:00:00,0
4113,23,1,2043-11-01 00:00:00,0
4114,23,1,2044-11-01 00:00:00,0
4115,23,1,2045-11-01 00:00:00,0
4116,23,1,2046-11-01 00:00:00,0
4117,23,1,2047-11-01 00:00:00,0
4118,23,1,2048-11-01 00:00:00,0
4119,23,1,2049-11-01 00:00:00,0
4120,23,1,2050-11-01 00:00:00,0
4121,23,1,2051-11-01 00:00:00,0
4122,23,1,2052-11-01 00:00:00,0
4123,23,1,2053-11-01 00:00:00,0
4124,23,1,2024-04-01 00:00:00,0
4125,23,1,2025-04-01 00:00:00,0
4126,23,1,2026-04-01 00:00:00,0
4127,23,1,2027-04-01 00:00:00,0
4128,23,1,2028-04-01 00:00:00,0
4129,23,1,2029-04-01 00:00:00,0
4130,23,1,2030-04-01 00:00:00,0
4131,23,1,2031-04-01 00:00:00,0
4132,23,1,2032-04-01 00:00:00,0
4133,23,1,2033-04-01 00:00:00,0
4134,23,1,2034-04-01 00:00:00,0
4135,23,1,2035-04-01 00:00:00,0
4136,23,1,2036-04-01 00:00:00,0
4137,23,1,2037-04-01 00:00:00,0
4138,23,1,2038-04-01 00:00:00,0
4139,23,1,2039-04-01 00:00:00,0
4140,23,1,2040-04-01 00:00:00,0
4141,23,1,2041-04-01 00:00:00,0
4142,23,1,2042-04-01 00:00:00,0
4143,23,1,2043-04-01 00:00:00,0
4144,23,1,2044-04-01 00:00:00,0
4145,23,1,2045-04-01 00:00:00,0
4146,23,1,2046-04-01 00:00:00,0
4147,23,1,2047-04-01 00:00:00,0
4148,23,1,2048-04-01 00:00:00,0
4149,23,1,2049-04-01 00:00:00,0
4150,23,1,2050-04-01 00:00:00,0
4151,23,1,2051-04-01 00:00:00,0
4152,23,1,2052-04-01 00:00:00,0
4153,23,1,2053-04-01 00:00:00,0
4154,23,1,2054-04-01 00:00:00,0
4155,23,2,2023-11-01 00:00:00,0
4156,23,2,2024-11-01 00:00:00,0
4157,23,2,2025-11-01 00:00:00,0
4158,23,2,2026-11-01 00:00:00,0
4159,23,2,2027-11-01 00:00:00,0
4160,23,2,2028-11-01 00:00:00,0
4161,23,2,2029-11-01 00:00:00,0
4162,23,2,2030-11-01 00:00:00,0
4163,23,2,2031-11-01 00:00:00,0
4164,23,2,2032-11-01 00:00:00,0
4165,23,2,2033-11-01 00:00:00,0
4166,23,2,2034-11-01 00:00:00,0
4167,23,2,2035-11-01 00:00:00,0
4168,23,2,2036-11-01 00:00:00,0
4169,23,2,2037-11-01 00:00:00,0
4170,23,2,2038-11-01 00:00:00,0
4171,23,2,2039-11-01 00:00:00,0
4172,23,2,2040-11-01 00:00:00,0
4173,23,2,2041-11-01 00:00:00,0
4174,23,2,2042-11-01 00:00:00,0
4175,23,2,2043-11-01 00:00:00,0
4176,23,2,2044-11-01 00:00:00,0
4177,23,2,2045-11-01 00:00:00,0
4178,23,2,2046-11-01 00:00:00,0
4179,23,2,2047-11-01 00:00:00,0
4180,23,2,2048-11-01 00:00:00,0
4181,23,2,2049-11-01 00:00:00,0
4182,23,2,2050-11-01 00:00:00,0
4183,23,2,2051-11-01 00:00:00,0
4184,23,2,2052-11-01 00:00:00,0
4185,23,2,2053-11-01 00:00:00,0
4186,23,2,2024-04-01 00:00:00,0
4187,23,2,2025-04-01 00:00:00,0
4188,23,2,2026-04-01 00:00:00,0
4189,23,2,2027-04-01 00:00:00,0
4190,23,2,2028-04-01 00:00:00,0
4191,23,2,2029-04-01 00:00:00,0
4192,23,2,2030-04-01 00:00:00,0
4193,23,2,2031-04-01 00:00:00,0
4194,23,2,2032-04-01 00:00:00,0
4195,23,2,2033-04-01 00:00:00,0
4196,23,2,2034-04-01 00:00:00,0
4197,23,2,2035-04-01 00:00:00,0
4198,23,2,2036-04-01 00:00:00,0
4199,23,2,2037-04-01 00:00:00,0
4200,23,2,2038-04-01 00:00:00,0
4201,23,2,2039-04-01 00:00:00,0
4202,23,2,2040-04-01 00:00:00,0
4203,23,2,2041-04-01 00:00:00,0
4204,23,2,2042-04-01 00:00:00,0
4205,23,2,2043-04-01 00:00:00,0
4206,23,2,2044-04-01 00:00:00,0
4207,23,2,2045-04-01 00:00:00,0
4208,23,2,2046-04-01 00:00:00,0
4209,23,2,2047-04-01 00:00:00,0
4210,23,2,2048-04-01 00:00:00,0
4211,23,2,2049-04-01 00:00:00,0
4212,23,2,2050-04-01 00:00:00,0
4213,23,2,2051-04-01 00:00:00,0
4214,23,2,2052-04-01 00:00:00,0
4215,23,2,2053-04-01 00:00:00,0
4216,23,2,2054-04-01 00:00:00,0
4217,23,3,2023-11-01 00:00:00,0
4218,23,3,2024-11-01 00:00:00,0
4219,23,3,2025-11-01 00:00:00,0
4220,23,3,2026-11-01 00:00:00,0
4221,23,3,2027-11-01 00:00:00,0
4222,23,3,2028-11-01 00:00:00,0
4223,23,3,2029-11-01 00:00:00,0
4224,23,3,2030-11-01 00:00:00,0
4225,23,3,2031-11-01 00:00:00,0
4226,23,3,2032-11-01 00:00:00,0
4227,23,3,2033-11-01 00:00:00,0
4228,23,3,2034-11-01 00:00:00,0
4229,23,3,2035-11-01 00:00:00,0
4230,23,3,2036-11-01 00:00:00,0
4231,23,3,2037-11-01 00:00:00,0
4232,23,3,2038-11-01 00:00:00,0
4233,23,3,2039-11-01 00:00:00,0
4234,23,3,2040-11-01 00:00:00,0
4235,23,3,2041-11-01 00:00:00,0
4236,23,3,2042-11-01 00:00:00,0
4237,23,3,2043-11-01 00:00:00,0
4238,23,3,2044-11-01 00:00:00,0
4239,23,3,2045-11-01 00:00:00,0
4240,23,3,2046-11-01 00:00:00,0
4241,23,3,2047-11-01 00:00:00,0
4242,23,3,2048-11-01 00:00:00,0
4243,23,3,2049-11-01 00:00:00,0
4244,23,3,2050-11-01 00:00:00,0
4245,23,3,2051-11-01 00:00:00,0
4246,23,3,2052-11-01 00:00:00,0
4247,23,3,2053-11-01 00:00:00,0
4248,23,3,2024-04-01 00:00:00,0
4249,23,3,2025-04-01 00:00:00,0
4250,23,3,2026-04-01 00:00:00,0
4251,23,3,2027-04-01 00:00:00,0
4252,23,3,2028-04-01 00:00:00,0
4253,23,3,2029-04-01 00:00:00,0
4254,23,3,2030-04-01 00:00:00,0
4255,23,3,2031-04-01 00:00:00,0
4256,23,3,2032-04-01 00:00:00,0
4257,23,3,2033-04-01 00:00:00,0
4258,23,3,2034-04-01 00:00:00,0
4259,23,3,2035-04-01 00:00:00,0
4260,23,3,2036-04-01 00:00:00,0
4261,23,3,2037-04-01 00:00:00,0
4262,23,3,2038-04-01 00:00:00,0
4263,23,3,2039-04-01 00:00:00,0
4264,23,3,2040-04-01 00:00:00,0
4265,23,3,2041-04-01 00:00:00,0
4266,23,3,2042-04-01 00:00:00,0
4267,23,3,2043-04-01 00:00:00,0
4268,23,3,2044-04-01 00:00:00,0
4269,23,3,2045-04-01 00:00:00,0
4270,23,3,2046-04-01 00:00:00,0
4271,23,3,2047-04-01 00:00:00,0
4272,23,3,2048-04-01 00:00:00,0
4273,23,3,2049-04-01 00:00:00,0
4274,23,3,2050-04-01 00:00:00,0
4275,23,3,2051-04-01 00:00:00,0
4276,23,3,2052-04-01 00:00:00,0
4277,23,3,2053-04-01 00:00:00,0
4278,23,3,2054-04-01 00:00:00,0
4279,24,1,2023-11-01 00:00:00,0
4280,24,1,2024-11-01 00:00:00,0
4281,24,1,2025-11-01 00:00:00,0
4282,24,1,2026-11-01 00:00:00,0
4283,24,1,2027-11-01 00:00:00,0
4284,24,1,2028-11-01 00:00:00,0
4285,24,1,2029-11-01 00:00:00,0
4286,24,1,2030-11-01 00:00:00,0
4287,24,1,2031-11-01 00:00:00,0
4288,24,1,2032-11-01 00:00:00,0
4289,24,1,2033-11-01 00:00:00,0
4290,24,1,2034-11-01 00:00:00,0
4291,24,1,2035-11-01 00:00:00,0
4292,24,1,2036-11-01 00:00:00,0
4293,24,1,2037-11-01 00:00:00,0
4294,24,1,2038-11-01 00:00:00,0
4295,24,1,2039-11-01 00:00:00,0
4296,24,1,2040-11-01 00:00:00,0
4297,24,1,2041-11-01 00:00:00,0
4298,24,1,2042-11-01 00:00:00,0
4299,24,1,2043-11-01 00:00:00,0
4300,24,1,2044-11-01 00:00:00,0
4301,24,1,2045-11-01 00:00:00,0
4302,24,1,2046-11-01 00:00:00,0
4303,24,1,2047-11-01 00:00:00,0
4304,24,1,2048-11-01 00:00:00,0
4305,24,1,2049-11-01 00:00:00,0
4306,24,1,2050-11-01 00:00:00,0
4307,24,1,2051-11-01 00:00:00,0
4308,24,1,2052-11-01 00:00:00,0
4309,24,1,2053-11-01 00:00:00,0
4310,24,1,2024-04-01 00:00:00,0
4311,24,1,2025-04-01 00:00:00,0
4312,24,1,2026-04-01 00:00:00,0
4313,24,1,2027-04-01 00:00:00,0
4314,24,1,2028-04-01 00:00:00,0
4315,24,1,2029-04-01 00:00:00,0
4316,24,1,2030-04-01 00:00:00,0
4317,24,1,2031-04-01 00:00:00,0
4318,24,1,2032-04-01 00:00:00,0
4319,24,1,2033-04-01 00:00:00,0
4320,24,1,2034-04-01 00:00:00,0
4321,24,1,2035-04-01 00:00:00,0
4322,24,1,2036-04-01 00:00:00,0
4323,24,1,2037-04-01 00:00:00,0
4324,24,1,2038-04-01 00:00:00,0
4325,24,1,2039-04-01 00:00:00,0
4326,24,1,2040-04-01 00:00:00,0
4327,24,1,2041-04-01 00:00:00,0
4328,24,1,2042-04-01 00:00:00,0
4329,24,1,2043-04-01 00:00:00,0
4330,24,1,2044-04-01 00:00:00,0
4331,24,1,2045-04-01 00:00:00,0
4332,24,1,2046-04-01 00:00:00,0
4333,24,1,2047-04-01 00:00:00,0
4334,24,1,2048-04-01 00:00:00,0
4335,24,1,2049-04-01 00:00:00,0
4336,24,1,2050-04-01 00:00:00,0
4337,24,1,2051-04-01 00:00:00,0
4338,24,1,2052-04-01 00:00:00,0
4339,24,1,2053-04-01 00:00:00,0
4340,24,1,2054-04-01 00:00:00,0
4341,24,2,2023-11-01 00:00:00,0
4342,24,2,2024-11-01 00:00:00,0
4343,24,2,2025-11-01 00:00:00,0
4344,24,2,2026-11-01 00:00:00,0
4345,24,2,2027-11-01 00:00:00,0
4346,24,2,2028-11-01 00:00:00,0
4347,24,2,2029-11-01 00:00:00,0
4348,24,2,2030-11-01 00:00:00,0
4349,24,2,2031-11-01 00:00:00,0
4350,24,2,2032-11-01 00:00:00,0
4351,24,2,2033-11-01 00:00:00,0
4352,24,2,2034-11-01 00:00:00,0
4353,24,2,2035-11-01 00:00:00,0
4354,24,2,2036-11-01 00:00:00,0
4355,24,2,2037-11-01 00:00:00,0
4356,24,2,2038-11-01 00:00:00,0
4357,24,2,2039-11-01 00:00:00,0
4358,24,2,2040-11-01 00:00:00,0
4359,24,2,2041-11-01 00:00:00,0
4360,24,2,2042-11-01 00:00:00,0
4361,24,2,2043-11-01 00:00:00,0
4362,24,2,2044-11-01 00:00:00,0
4363,24,2,2045-11-01 00:00:00,0
4364,24,2,2046-11-01 00:00:00,0
4365,24,2,2047-11-01 00:00:00,0
4366,24,2,2048-11-01 00:00:00,0
4367,24,2,2049-11-01 00:00:00,0
4368,24,2,2050-11-01 00:00:00,0
4369,24,2,2051-11-01 00:00:00,0
4370,24,2,2052-11-01 00:00:00,0
4371,24,2,2053-11-01 00:00:00,0
4372,24,2,2024-04-01 00:00:00,0
4373,24,2,2025-04-01 00:00:00,0
4374,24,2,2026-04-01 00:00:00,0
4375,24,2,2027-04-01 00:00:00,0
4376,24,2,2028-04-01 00:00:00,0
4377,24,2,2029-04-01 00:00:00,0
4378,24,2,2030-04-01 00:00:00,0
4379,24,2,2031-04-01 00:00:00,0
4380,24,2,2032-04-01 00:00:00,0
4381,24,2,2033-04-01 00:00:00,0
4382,24,2,2034-04-01 00:00:00,0
4383,24,2,2035-04-01 00:00:00,0
4384,24,2,2036-04-01 00:00:00,0
4385,24,2,2037-04-01 00:00:00,0
4386,24,2,2038-04-01 00:00:00,0
4387,24,2,2039-04-01 00:00:00,0
4388,24,2,2040-04-01 00:00:00,0
4389,24,2,2041-04-01 00:00:00,0
4390,24,2,2042-04-01 00:00:00,0
4391,24,2,2043-04-01 00:00:00,0
4392,24,2,2044-04-01 00:00:00,0
4393,24,2,2045-04-01 00:00:00,0
4394,24,2,2046-04-01 00:00:00,0
4395,24,2,2047-04-01 00:00:00,0
4396,24,2,2048-04-01 00:00:00,0
4397,24,2,2049-04-01 00:00:00,0
4398,24,2,2050-04-01 00:00:00,0
4399,24,2,2051-04-01 00:00:00,0
4400,24,2,2052-04-01 00:00:00,0
4401,24,2,2053-04-01 00:00:00,0
4402,24,2,2054-04-01 00:00:00,0
4403,24,3,2023-11-01 00:00:00,0
4404,24,3,2024-11-01 00:00:00,0
4405,24,3,2025-11-01 00:00:00,0
4406,24,3,2026-11-01 00:00:00,0
4407,24,3,2027-11-01 00:00:00,0
4408,24,3,2028-11-01 00:00:00,0
4409,24,3,2029-11-01 00:00:00,0
4410,24,3,2030-11-01 00:00:00,0
4411,24,3,2031-11-01 00:00:00,0
4412,24,3,2032-11-01 00:00:00,0
4413,24,3,2033-11-01 00:00:00,0
4414,24,3,2034-11-01 00:00:00,0
4415,24,3,2035-11-01 00:00:00,0
4416,24,3,2036-11-01 00:00:00,0
4417,24,3,2037-11-01 00:00:00,0
4418,24,3,2038-11-01 00:00:00,0
4419,24,3,2039-11-01 00:00:00,0
4420,24,3,2040-11-01 00:00:00,0
4421,24,3,2041-11-01 00:00:00,0
4422,24,3,2042-11-01 00:00:00,0
4423,24,3,2043-11-01 00:00:00,0
4424,24,3,2044-11-01 00:00:00,0
4425,24,3,2045-11-01 00:00:00,0
4426,24,3,2046-11-01 00:00:00,0
4427,24,3,2047-11-01 00:00:00,0
4428,24,3,2048-11-01 00:00:00,0
4429,24,3,2049-11-01 00:00:00,0
4430,24,3,2050-11-01 00:00:00,0
4431,24,3,2051-11-01 00:00:00,0
4432,24,3,2052-11-01 00:00:00,0
4433,24,3,2053-11-01 00:00:00,0
4434,24,3,2024-04-01 00:00:00,0
4435,24,3,2025-04-01 00:00:00,0
4436,24,3,2026-04-01 00:00:00,0
4437,24,3,2027-04-01 00:00:00,0
4438,24,3,2028-04-01 00:00:00,0
4439,24,3,2029-04-01 00:00:00,0
4440,24,3,2030-04-01 00:00:00,0
4441,24,3,2031-04-01 00:00:00,0
4442,24,3,2032-04-01 00:00:00,0
4443,24,3,2033-04-01 00:00:00,0
4444,24,3,2034-04-01 00:00:00,0
4445,24,3,2035-04-01 00:00:00,0
4446,24,3,2036-04-01 00:00:00,0
4447,24,3,2037-04-01 00:00:00,0
4448,24,3,2038-04-01 00:00:00,0
4449,24,3,2039-04-01 00:00:00,0
4450,24,3,2040-04-01 00:00:00,0
4451,24,3,2041-04-01 00:00:00,0
4452,24,3,2042-04-01 00:00:00,0
4453,24,3,2043-04-01 00:00:00,0
4454,24,3,2044-04-01 00:00:00,0
4455,24,3,2045-04-01 00:00:00,0
4456,24,3,2046-04-01 00:00:00,0
4457,24,3,2047-04-01 00:00:00,0
4458,24,3,2048-04-01 00:00:00,0
4459,24,3,2049-04-01 00:00:00,0
4460,24,3,2050-04-01 00:00:00,0
4461,24,3,2051-04-01 00:00:00,0
4462,24,3,2052-04-01 00:00:00,0
4463,24,3,2053-04-01 00:00:00,0
4464,24,3,2054-04-01 00:00:00,0
4465,25,1,2023-11-01 00:00:00,0.006952886969444251
4466,25,1,2024-11-01 00:00:00,0.006952886969444251
4467,25,1,2025-11-01 00:00:00,0.006180343972839334
4468,25,1,2026-11-01 00:00:00,0.0052146652270831885
4469,25,1,2027-11-01 00:00:00,0.005407800976234418
4470,25,1,2028-11-01 00:00:00,0.005407800976234418
4471,25,1,2029-11-01 00:00:00,0.005600936725385646
4472,25,1,2030-11-01 00:00:00,0.005794072474536875
4473,25,1,2031-11-01 00:00:00,0.005794072474536875
4474,25,1,2032-11-01 00:00:00,0.0059872082236881044
4475,25,1,2033-11-01 00:00:00,0.0059872082236881044
4476,25,1,2034-11-01 00:00:00,0.0059872082236881044
4477,25,1,2035-11-01 00:00:00,0.0059872082236881044
4478,25,1,2036-11-01 00:00:00,0.0059872082236881044
4479,25,1,2037-11-01 00:00:00,0.0059872082236881044
4480,25,1,2038-11-01 00:00:00,0.0059872082236881044
4481,25,1,2039-11-01 00:00:00,0.0059872082236881044
4482,25,1,2040-11-01 00:00:00,0.0059872082236881044
4483,25,1,2041-11-01 00:00:00,0.0059872082236881044
4484,25,1,2042-11-01 00:00:00,0.0059872082236881044
4485,25,1,2043-11-01 00:00:00,0.006180343972839334
4486,25,1,2044-11-01 00:00:00,0.0059872082236881044
4487,25,1,2045-11-01 00:00:00,0.0059872082236881044
4488,25,1,2046-11-01 00:00:00,0.0059872082236881044
4489,25,1,2047-11-01 00:00:00,0.0059872082236881044
4490,25,1,2048-11-01 00:00:00,0.0059872082236881044
4491,25,1,2049-11-01 00:00:00,0.0059872082236881044
4492,25,1,2050-11-01 00:00:00,0.005794072474536875
4493,25,1,2051-11-01 00:00:00,0.005794072474536875
4494,25,1,2052-11-01 00:00:00,0.005794072474536875
4495,25,1,2053-11-01 00:00:00,0.005794072474536875
4496,25,1,2024-04-01 00:00:00,0.006952886969444251
4497,25,1,2025-04-01 00:00:00,0.006566615471141793
4498,25,1,2026-04-01 00:00:00,0.005794072474536875
4499,25,1,2027-04-01 00:00:00,0.005600936725385646
4500,25,1,2028-04-01 00:00:00,0.005794072474536875
4501,25,1,2029-04-01 00:00:00,0.005794072474536875
4502,25,1,2030-04-01 00:00:00,0.0059872082236881044
4503,25,1,2031-04-01 00:00:00,0.0059872082236881044
4504,25,1,2032-04-01 00:00:00,0.006180343972839334
4505,25,1,2033-04-01 00:00:00,0.006180343972839334
4506,25,1,2034-04-01 00:00:00,0.006180343972839334
4507,25,1,2035-04-01 00:00:00,0.006180343972839334
4508,25,1,2036-04-01 00:00:00,0.006180343972839334
4509,25,1,2037-04-01 00:00:00,0.006180343972839334
4510,25,1,2038-04-01 00:00:00,0.006180343972839334
4511,25,1,2039-04-01 00:00:00,0.006180343972839334
4512,25,1,2040-04-01 00:00:00,0.006180343972839334
4513,25,1,2041-04-01 00:00:00,0.006180343972839334
4514,25,1,2042-04-01 00:00:00,0.006373479721990563
4515,25,1,2043-04-01 00:00:00,0.006373479721990563
4516,25,1,2044-04-01 00:00:00,0.006373479721990563
4517,25,1,2045-04-01 00:00:00,0.006180343972839334
4518,25,1,2046-04-01 00:00:00,0.006180343972839334
4519,25,1,2047-04-01 00:00:00,0.006180343972839334
4520,25,1,2048-04-01 00:00:00,0.006180343972839334
4521,25,1,2049-04-01 00:00:00,0.006180343972839334
4522,25,1,2050-04-01 00:00:00,0.006180343972839334
4523,25,1,2051-04-01 00:00:00,0.0059872082236881044
4524,25,1,2052-04-01 00:00:00,0.0059872082236881044
4525,25,1,2053-04-01 00:00:00,0.0059872082236881044
4526,25,1,2054-04-01 00:00:00,0.0059872082236881044
4527,25,2,2023-11-01 00:00:00,0.006952886969444251
4528,25,2,2024-11-01 00:00:00,0.00965678745756146
4529,25,2,2025-11-01 00:00:00,0.012167552196527438
4530,25,2,2026-11-01 00:00:00,0.015064588433795876
4531,25,2,2027-11-01 00:00:00,0.017575353172761855
4532,25,2,2028-11-01 00:00:00,0.020279253660879064
4533,25,2,2029-11-01 00:00:00,0.02279001839984504
4534,25,2,2030-11-01 00:00:00,0.025880190386264712
4535,25,2,2031-11-01 00:00:00,0.029356633870986835
4536,25,2,2032-11-01 00:00:00,0.03302621310486019
4537,25,2,2033-11-01 00:00:00,0.036309520840431084
4538,25,2,2034-11-01 00:00:00,0.03959282857600198
4539,25,2,2035-11-01 00:00:00,0.04268300056242165
4540,25,2,2036-11-01 00:00:00,0.045966308297992545
4541,25,2,2037-11-01 00:00:00,0.04924961603356344
4542,25,2,2038-11-01 00:00:00,0.052146652270831886
4543,25,2,2039-11-01 00:00:00,0.054657417009797864
4544,25,2,2040-11-01 00:00:00,0.057554453247066296
4545,25,2,2041-11-01 00:00:00,0.06064462523348597
4546,25,2,2042-11-01 00:00:00,0.06412106871820808
4547,25,2,2043-11-01 00:00:00,0.06740437645377899
4548,25,2,2044-11-01 00:00:00,0.07030141269104742
4549,25,2,2045-11-01 00:00:00,0.07319844892831587
4550,25,2,2046-11-01 00:00:00,0.07570921366728184
4551,25,2,2047-11-01 00:00:00,0.07821997840624782
4552,25,2,2048-11-01 00:00:00,0.08111701464351626
4553,25,2,2049-11-01 00:00:00,0.08324150788417978
4554,25,2,2050-11-01 00:00:00,0.0820826933892724
4555,25,2,2051-11-01 00:00:00,0.08034447164691134
4556,25,2,2052-11-01 00:00:00,0.07899252140285273
4557,25,2,2053-11-01 00:00:00,0.07860624990455028
4558,25,2,2024-04-01 00:00:00,0.006952886969444251
4559,25,2,2025-04-01 00:00:00,0.010236194705015147
4560,25,2,2026-04-01 00:00:00,0.013519502440586043
4561,25,2,2027-04-01 00:00:00,0.01699594592530817
4562,25,2,2028-04-01 00:00:00,0.020279253660879064
4563,25,2,2029-04-01 00:00:00,0.02375569714560119
4564,25,2,2030-04-01 00:00:00,0.027039004881172085
4565,25,2,2031-04-01 00:00:00,0.030708584115045442
4566,25,2,2032-04-01 00:00:00,0.034957570596372486
4567,25,2,2033-04-01 00:00:00,0.039399692826850755
4568,25,2,2034-04-01 00:00:00,0.04364867930817779
4569,25,2,2035-04-01 00:00:00,0.04751139429120238
4570,25,2,2036-04-01 00:00:00,0.05137410927422697
4571,25,2,2037-04-01 00:00:00,0.05542996000640278
4572,25,2,2038-04-01 00:00:00,0.05909953924027613
4573,25,2,2039-04-01 00:00:00,0.06276911847414948
4574,25,2,2040-04-01 00:00:00,0.06624556195887162
4575,25,2,2041-04-01 00:00:00,0.06991514119274497
4576,25,2,2042-04-01 00:00:00,0.07397099192492078
4577,25,2,2043-04-01 00:00:00,0.07802684265709658
4578,25,2,2044-04-01 00:00:00,0.0820826933892724
4579,25,2,2045-04-01 00:00:00,0.08555913687399452
4580,25,2,2046-04-01 00:00:00,0.08884244460956542
4581,25,2,2047-04-01 00:00:00,0.09212575234513631
4582,25,2,2048-04-01 00:00:00,0.09560219582985845
4583,25,2,2049-04-01 00:00:00,0.09907863931458057
4584,25,2,2050-04-01 00:00:00,0.10236194705015146
4585,25,2,2051-04-01 00:00:00,0.10081686105694163
4586,25,2,2052-04-01 00:00:00,0.09946491081288304
4587,25,2,2053-04-01 00:00:00,0.0979198248196732
4588,25,2,2054-04-01 00:00:00,0.09753355332137073
4589,25,3,2023-11-01 00:00:00,0.006952886969444251
4590,25,3,2024-11-01 00:00:00,0.012553823694829897
4591,25,3,2025-11-01 00:00:00,0.018734167667669232
4592,25,3,2026-11-01 00:00:00,0.025493918887962253
4593,25,3,2027-11-01 00:00:00,0.03263994160655773
4594,25,3,2028-11-01 00:00:00,0.03901342132854829
4595,25,3,2029-11-01 00:00:00,0.04538690105053886
4596,25,3,2030-11-01 00:00:00,0.05233978801998311
4597,25,3,2031-11-01 00:00:00,0.060258353735183505
4598,25,3,2032-11-01 00:00:00,0.06837005519953514
4599,25,3,2033-11-01 00:00:00,0.07628862091473552
4600,25,3,2034-11-01 00:00:00,0.08362777938248224
4601,25,3,2035-11-01 00:00:00,0.09058066635192649
4602,25,3,2036-11-01 00:00:00,0.09811296056882443
4603,25,3,2037-11-01 00:00:00,0.10603152628402483
4604,25,3,2038-11-01 00:00:00,0.11375695625007398
4605,25,3,2039-11-01 00:00:00,0.12128925046697193
4606,25,3,2040-11-01 00:00:00,0.12940095193132356
4607,25,3,2041-11-01 00:00:00,0.13731951764652395
4608,25,3,2042-11-01 00:00:00,0.1450449476125731
4609,25,3,2043-11-01 00:00:00,0.15257724182947105
4610,25,3,2044-11-01 00:00:00,0.1587575858023104
4611,25,3,2045-11-01 00:00:00,0.16590360852090585
4612,25,3,2046-11-01 00:00:00,0.17266335974119887
4613,25,3,2047-11-01 00:00:00,0.1788437037140382
4614,25,3,2048-11-01 00:00:00,0.18309269019536528
4615,25,3,2049-11-01 00:00:00,0.18676226942923863
4616,25,3,2050-11-01 00:00:00,0.18309269019536528
4617,25,3,2051-11-01 00:00:00,0.18058192545639928
4618,25,3,2052-11-01 00:00:00,0.17826429646658454
4619,25,3,2053-11-01 00:00:00,0.17691234622252594
4620,25,3,2024-04-01 00:00:00,0.006952886969444251
4621,25,3,2025-04-01 00:00:00,0.013905773938888501
4622,25,3,2026-04-01 00:00:00,0.02163120390493767
4623,25,3,2027-04-01 00:00:00,0.029742905369289294
4624,25,3,2028-04-01 00:00:00,0.03804774258279215
4625,25,3,2029-04-01 00:00:00,0.045966308297992545
4626,25,3,2030-04-01 00:00:00,0.053884874013192946
4627,25,3,2031-04-01 00:00:00,0.0621897112266958
4628,25,3,2032-04-01 00:00:00,0.07165336293510603
4629,25,3,2033-04-01 00:00:00,0.08150328614181872
4630,25,3,2034-04-01 00:00:00,0.09135320934853142
4631,25,3,2035-04-01 00:00:00,0.09985118231118549
4632,25,3,2036-04-01 00:00:00,0.10873542677214203
4633,25,3,2037-04-01 00:00:00,0.11800594273140104
4634,25,3,2038-04-01 00:00:00,0.12746959443981126
4635,25,3,2039-04-01 00:00:00,0.13674011039907027
4636,25,3,2040-04-01 00:00:00,0.14601062635832926
4637,25,3,2041-04-01 00:00:00,0.1554742780667395
4638,25,3,2042-04-01 00:00:00,0.1649379297751497
4639,25,3,2043-04-01 00:00:00,0.17440158148355994
4640,25,3,2044-04-01 00:00:00,0.1832858259445165
4641,25,3,2045-04-01 00:00:00,0.1912043916597169
4642,25,3,2046-04-01 00:00:00,0.19931609312406853
4643,25,3,2047-04-01 00:00:00,0.20742779458842014
4644,25,3,2048-04-01 00:00:00,0.21341500281210826
4645,25,3,2049-04-01 00:00:00,0.2190159395374939
4646,25,3,2050-04-01 00:00:00,0.225003147761182
4647,25,3,2051-04-01 00:00:00,0.22307179026966972
4648,25,3,2052-04-01 00:00:00,0.22075416127985495
4649,25,3,2053-04-01 00:00:00,0.21843653229004023
4650,25,3,2054-04-01 00:00:00,0.2170845820459816
4651,26,1,2023-11-01 00:00:00,0.10796288377553712
4652,26,1,2024-11-01 00:00:00,0.10892856252129325
4653,26,1,2025-11-01 00:00:00,0.09502278858240476
4654,26,1,2026-11-01 00:00:00,0.08246896488757485
4655,26,1,2027-11-01 00:00:00,0.08285523638587731
4656,26,1,2028-11-01 00:00:00,0.08459345812823837
4657,26,1,2029-11-01 00:00:00,0.08691108711805313
4658,26,1,2030-11-01 00:00:00,0.08903558035871666
4659,26,1,2031-11-01 00:00:00,0.09096693785022894
4660,26,1,2032-11-01 00:00:00,0.09154634509768264
4661,26,1,2033-11-01 00:00:00,0.09173948084683387
4662,26,1,2034-11-01 00:00:00,0.09231888809428755
4663,26,1,2035-11-01 00:00:00,0.09173948084683387
4664,26,1,2036-11-01 00:00:00,0.09212575234513633
4665,26,1,2037-11-01 00:00:00,0.09231888809428755
4666,26,1,2038-11-01 00:00:00,0.09270515959259003
4667,26,1,2039-11-01 00:00:00,0.09289829534174125
4668,26,1,2040-11-01 00:00:00,0.09367083833834616
4669,26,1,2041-11-01 00:00:00,0.09386397408749739
4670,26,1,2042-11-01 00:00:00,0.09444338133495109
4671,26,1,2043-11-01 00:00:00,0.09444338133495106
4672,26,1,2044-11-01 00:00:00,0.09425024558579986
4673,26,1,2045-11-01 00:00:00,0.09425024558579986
4674,26,1,2046-11-01 00:00:00,0.09405710983664861
4675,26,1,2047-11-01 00:00:00,0.09425024558579986
4676,26,1,2048-11-01 00:00:00,0.09425024558579986
4677,26,1,2049-11-01 00:00:00,0.0932845668400437
4678,26,1,2050-11-01 00:00:00,0.09135320934853142
4679,26,1,2051-11-01 00:00:00,0.0900012591044728
4680,26,1,2052-11-01 00:00:00,0.08961498760617036
4681,26,1,2053-11-01 00:00:00,0.08961498760617036
4682,26,1,2024-04-01 00:00:00,0.10796288377553712
4683,26,1,2025-04-01 00:00:00,0.10100999680609288
4684,26,1,2026-04-01 00:00:00,0.09116007359938016
4685,26,1,2027-04-01 00:00:00,0.0880699016129605
4686,26,1,2028-04-01 00:00:00,0.0886493088604142
4687,26,1,2029-04-01 00:00:00,0.0900012591044728
4688,26,1,2030-04-01 00:00:00,0.0919326165959851
4689,26,1,2031-04-01 00:00:00,0.09367083833834616
4690,26,1,2032-04-01 00:00:00,0.09521592433155598
4691,26,1,2033-04-01 00:00:00,0.09560219582985843
4692,26,1,2034-04-01 00:00:00,0.0965678745756146
4693,26,1,2035-04-01 00:00:00,0.09637473882646334
4694,26,1,2036-04-01 00:00:00,0.09637473882646334
4695,26,1,2037-04-01 00:00:00,0.0965678745756146
4696,26,1,2038-04-01 00:00:00,0.09676101032476582
4697,26,1,2039-04-01 00:00:00,0.09695414607391704
4698,26,1,2040-04-01 00:00:00,0.0973404175722195
4699,26,1,2041-04-01 00:00:00,0.09753355332137073
4700,26,1,2042-04-01 00:00:00,0.09772668907052195
4701,26,1,2043-04-01 00:00:00,0.09772668907052195
4702,26,1,2044-04-01 00:00:00,0.09772668907052195
4703,26,1,2045-04-01 00:00:00,0.09753355332137073
4704,26,1,2046-04-01 00:00:00,0.09695414607391704
4705,26,1,2047-04-01 00:00:00,0.0965678745756146
4706,26,1,2048-04-01 00:00:00,0.09637473882646334
4707,26,1,2049-04-01 00:00:00,0.09618160307731212
4708,26,1,2050-04-01 00:00:00,0.09540906008070721
4709,26,1,2051-04-01 00:00:00,0.09386397408749739
4710,26,1,2052-04-01 00:00:00,0.09270515959259003
4711,26,1,2053-04-01 00:00:00,0.09212575234513633
4712,26,1,2054-04-01 00:00:00,0.09173948084683387
4713,26,2,2023-11-01 00:00:00,0.10796288377553712
4714,26,2,2024-11-01 00:00:00,0.14852139109729523
4715,26,2,2025-11-01 00:00:00,0.1886936269207509
4716,26,2,2026-11-01 00:00:00,0.23234230622892874
4717,26,2,2027-11-01 00:00:00,0.27348022079814055
4718,26,2,2028-11-01 00:00:00,0.3142318638690499
4719,26,2,2029-11-01 00:00:00,0.35479037119080803
4720,26,2,2030-11-01 00:00:00,0.4003704079904981
4721,26,2,2031-11-01 00:00:00,0.4552209607494472
4722,26,2,2032-11-01 00:00:00,0.5120028709999085
4723,26,2,2033-11-01 00:00:00,0.5653083377656478
4724,26,2,2034-11-01 00:00:00,0.6141716823009088
4725,26,2,2035-11-01 00:00:00,0.6620693480904136
4726,26,2,2036-11-01 00:00:00,0.7126709143680356
4727,26,2,2037-11-01 00:00:00,0.7636587521439603
4728,26,2,2038-11-01 00:00:00,0.808273110197894
4729,26,2,2039-11-01 00:00:00,0.8497972962654085
4730,26,2,2040-11-01 00:00:00,0.8934459755735863
4731,26,2,2041-11-01 00:00:00,0.9425024558579984
4732,26,2,2042-11-01 00:00:00,0.9961941941220401
4733,26,2,2043-11-01 00:00:00,1.0481477106437207
4734,26,2,2044-11-01 00:00:00,1.0923757971993524
4735,26,2,2045-11-01 00:00:00,1.13602447650753
4736,26,2,2046-11-01 00:00:00,1.1767761195784392
4737,26,2,2047-11-01 00:00:00,1.2142444549137779
4738,26,2,2048-11-01 00:00:00,1.2588588129677116
4739,26,2,2049-11-01 00:00:00,1.2932369763166305
4740,26,2,2050-11-01 00:00:00,1.2731508584049027
4741,26,2,2051-11-01 00:00:00,1.2488157540118479
4742,26,2,2052-11-01 00:00:00,1.227957093103515
4743,26,2,2053-11-01 00:00:00,1.2217767491306757
4744,26,2,2024-04-01 00:00:00,0.10796288377553712
4745,26,2,2025-04-01 00:00:00,0.15837131430400794
4746,26,2,2026-04-01 00:00:00,0.21129050957144474
4747,26,2,2027-04-01 00:00:00,0.2642097048388815
4748,26,2,2028-04-01 00:00:00,0.3163563571097134
4749,26,2,2029-04-01 00:00:00,0.3681167378822428
4750,26,2,2030-04-01 00:00:00,0.420456525902226
4751,26,2,2031-04-01 00:00:00,0.4768521646543849
4752,26,2,2032-04-01 00:00:00,0.5429045908641053
4753,26,2,2033-04-01 00:00:00,0.6105021030670355
4754,26,2,2034-04-01 00:00:00,0.6777133437716633
4755,26,2,2035-04-01 00:00:00,0.7366197472627881
4756,26,2,2036-04-01 00:00:00,0.7980369154928788
4757,26,2,2037-04-01 00:00:00,0.8598403552212723
4758,26,2,2038-04-01 00:00:00,0.9191330302106996
4759,26,2,2039-04-01 00:00:00,0.9735973114713462
4760,26,2,2040-04-01 00:00:00,1.0278684569828418
4761,26,2,2041-04-01 00:00:00,1.0858091817282105
4762,26,2,2042-04-01 00:00:00,1.1470332142091502
4763,26,2,2043-04-01 00:00:00,1.2113474186765096
4764,26,2,2044-04-01 00:00:00,1.2731508584049027
4765,26,2,2045-04-01 00:00:00,1.3281945469130032
4766,26,2,2046-04-01 00:00:00,1.3795686561872302
4767,26,2,2047-04-01 00:00:00,1.4319084442072132
4768,26,2,2048-04-01 00:00:00,1.4850207752238012
4769,26,2,2049-04-01 00:00:00,1.5383262419895405
4770,26,2,2050-04-01 00:00:00,1.5898934870129189
4771,26,2,2051-04-01 00:00:00,1.56652406136562
4772,26,2,2052-04-01 00:00:00,1.543154635718321
4773,26,2,2053-04-01 00:00:00,1.5217165675625346
4774,26,2,2054-04-01 00:00:00,1.5157293593388468
4775,26,3,2023-11-01 00:00:00,0.10796288377553712
4776,26,3,2024-11-01 00:00:00,0.1954533781410439
4777,26,3,2025-11-01 00:00:00,0.2897036237268438
4778,26,3,2026-11-01 00:00:00,0.39554201426171737
4779,26,3,2027-11-01 00:00:00,0.505629391277918
4780,26,3,2028-11-01 00:00:00,0.6049011663416499
4781,26,3,2029-11-01 00:00:00,0.7057180273985915
4782,26,3,2030-11-01 00:00:00,0.8119426894317675
4783,26,3,2031-11-01 00:00:00,0.9340044828953443
4784,26,3,2032-11-01 00:00:00,1.0620534845826093
4785,26,3,2033-11-01 00:00:00,1.1852740925410934
4786,26,3,2034-11-01 00:00:00,1.2974859627979578
4787,26,3,2035-11-01 00:00:00,1.4052557108243438
4788,26,3,2036-11-01 00:00:00,1.524613603799803
4789,26,3,2037-11-01 00:00:00,1.6472548045108337
4790,26,3,2038-11-01 00:00:00,1.7677715119812007
4791,26,3,2039-11-01 00:00:00,1.8836529614719382
4792,26,3,2040-11-01 00:00:00,2.0101568771659934
4793,26,3,2041-11-01 00:00:00,2.1310598561346628
4794,26,3,2042-11-01 00:00:00,2.2513834278558784
4795,26,3,2043-11-01 00:00:00,2.3678442845940695
4796,26,3,2044-11-01 00:00:00,2.4659572451628944
4797,26,3,2045-11-01 00:00:00,2.574885807684187
4798,26,3,2046-11-01 00:00:00,2.6818830127139686
4799,26,3,2047-11-01 00:00:00,2.776519529798071
4800,26,3,2048-11-01 00:00:00,2.842185684509489
4801,26,3,2049-11-01 00:00:00,2.898774459010799
4802,26,3,2050-11-01 00:00:00,2.842571956007791
4803,26,3,2051-11-01 00:00:00,2.804910484923302
4804,26,3,2052-11-01 00:00:00,2.768794099832022
4805,26,3,2053-11-01 00:00:00,2.7467766244287812
4806,26,3,2024-04-01 00:00:00,0.10796288377553712
4807,26,3,2025-04-01 00:00:00,0.21689144629683035
4808,26,3,2026-04-01 00:00:00,0.3364424750214412
4809,26,3,2027-04-01 00:00:00,0.46313952646464757
4810,26,3,2028-04-01 00:00:00,0.5906091209044588
4811,26,3,2029-04-01 00:00:00,0.7128640501171869
4812,26,3,2030-04-01 00:00:00,0.8364709295739736
4813,26,3,2031-04-01 00:00:00,0.9668375602510534
4814,26,3,2032-04-01 00:00:00,1.114200136853441
4815,26,3,2033-04-01 00:00:00,1.2652322926897024
4816,26,3,2034-04-01 00:00:00,1.4178095345191735
4817,26,3,2035-04-01 00:00:00,1.5512663371826727
4818,26,3,2036-04-01 00:00:00,1.6872339045851381
4819,26,3,2037-04-01 00:00:00,1.8309269019536527
4820,26,3,2038-04-01 00:00:00,1.978482614305192
4821,26,3,2039-04-01 00:00:00,2.122561883172009
4822,26,3,2040-04-01 00:00:00,2.267027423537128
4823,26,3,2041-04-01 00:00:00,2.414196864390365
4824,26,3,2042-04-01 00:00:00,2.562138848240206
4825,26,3,2043-04-01 00:00:00,2.707570067351082
4826,26,3,2044-04-01 00:00:00,2.8452758564959084
4827,26,3,2045-04-01 00:00:00,2.9683033287052414
4828,26,3,2046-04-01 00:00:00,3.095966058894204
4829,26,3,2047-04-01 00:00:00,3.2197660741001415
4830,26,3,2048-04-01 00:00:00,3.3124712336927318
4831,26,3,2049-04-01 00:00:00,3.4018930855497507
4832,26,3,2050-04-01 00:00:00,3.4926668876508287
4833,26,3,2051-04-01 00:00:00,3.462344575034085
4834,26,3,2052-04-01 00:00:00,3.428932090430923
4835,26,3,2053-04-01 00:00:00,3.391463755095584
4836,26,3,2054-04-01 00:00:00,3.3715707729330076
4837,27,1,2023-11-01 00:00:00,0
4838,27,1,2024-11-01 00:00:00,0
4839,27,1,2025-11-01 00:00:00,0
4840,27,1,2026-11-01 00:00:00,0
4841,27,1,2027-11-01 00:00:00,0
4842,27,1,2028-11-01 00:00:00,0
4843,27,1,2029-11-01 00:00:00,0
4844,27,1,2030-11-01 00:00:00,0
4845,27,1,2031-11-01 00:00:00,0
4846,27,1,2032-11-01 00:00:00,0
4847,27,1,2033-11-01 00:00:00,0
4848,27,1,2034-11-01 00:00:00,0
4849,27,1,2035-11-01 00:00:00,0
4850,27,1,2036-11-01 00:00:00,0
4851,27,1,2037-11-01 00:00:00,0
4852,27,1,2038-11-01 00:00:00,0
4853,27,1,2039-11-01 00:00:00,0
4854,27,1,2040-11-01 00:00:00,0
4855,27,1,2041-11-01 00:00:00,0
4856,27,1,2042-11-01 00:00:00,0
4857,27,1,2043-11-01 00:00:00,0
4858,27,1,2044-11-01 00:00:00,0
4859,27,1,2045-11-01 00:00:00,0
4860,27,1,2046-11-01 00:00:00,0
4861,27,1,2047-11-01 00:00:00,0
4862,27,1,2048-11-01 00:00:00,0
4863,27,1,2049-11-01 00:00:00,0
4864,27,1,2050-11-01 00:00:00,0
4865,27,1,2051-11-01 00:00:00,0
4866,27,1,2052-11-01 00:00:00,0
4867,27,1,2053-11-01 00:00:00,0
4868,27,1,2024-04-01 00:00:00,0
4869,27,1,2025-04-01 00:00:00,0
4870,27,1,2026-04-01 00:00:00,0
4871,27,1,2027-04-01 00:00:00,0
4872,27,1,2028-04-01 00:00:00,0
4873,27,1,2029-04-01 00:00:00,0
4874,27,1,2030-04-01 00:00:00,0
4875,27,1,2031-04-01 00:00:00,0
4876,27,1,2032-04-01 00:00:00,0
4877,27,1,2033-04-01 00:00:00,0
4878,27,1,2034-04-01 00:00:00,0
4879,27,1,2035-04-01 00:00:00,0
4880,27,1,2036-04-01 00:00:00,0
4881,27,1,2037-04-01 00:00:00,0
4882,27,1,2038-04-01 00:00:00,0
4883,27,1,2039-04-01 00:00:00,0
4884,27,1,2040-04-01 00:00:00,0
4885,27,1,2041-04-01 00:00:00,0
4886,27,1,2042-04-01 00:00:00,0
4887,27,1,2043-04-01 00:00:00,0
4888,27,1,2044-04-01 00:00:00,0
4889,27,1,2045-04-01 00:00:00,0
4890,27,1,2046-04-01 00:00:00,0
4891,27,1,2047-04-01 00:00:00,0
4892,27,1,2048-04-01 00:00:00,0
4893,27,1,2049-04-01 00:00:00,0
4894,27,1,2050-04-01 00:00:00,0
4895,27,1,2051-04-01 00:00:00,0
4896,27,1,2052-04-01 00:00:00,0
4897,27,1,2053-04-01 00:00:00,0
4898,27,1,2054-04-01 00:00:00,0
4899,27,2,2023-11-01 00:00:00,0
4900,27,2,2024-11-01 00:00:00,0
4901,27,2,2025-11-01 00:00:00,0
4902,27,2,2026-11-01 00:00:00,0
4903,27,2,2027-11-01 00:00:00,0
4904,27,2,2028-11-01 00:00:00,0
4905,27,2,2029-11-01 00:00:00,0
4906,27,2,2030-11-01 00:00:00,0
4907,27,2,2031-11-01 00:00:00,0
4908,27,2,2032-11-01 00:00:00,0
4909,27,2,2033-11-01 00:00:00,0
4910,27,2,2034-11-01 00:00:00,0
4911,27,2,2035-11-01 00:00:00,0
4912,27,2,2036-11-01 00:00:00,0
4913,27,2,2037-11-01 00:00:00,0
4914,27,2,2038-11-01 00:00:00,0
4915,27,2,2039-11-01 00:00:00,0
4916,27,2,2040-11-01 00:00:00,0
4917,27,2,2041-11-01 00:00:00,0
4918,27,2,2042-11-01 00:00:00,0
4919,27,2,2043-11-01 00:00:00,0
4920,27,2,2044-11-01 00:00:00,0
4921,27,2,2045-11-01 00:00:00,0
4922,27,2,2046-11-01 00:00:00,0
4923,27,2,2047-11-01 00:00:00,0
4924,27,2,2048-11-01 00:00:00,0
4925,27,2,2049-11-01 00:00:00,0
4926,27,2,2050-11-01 00:00:00,0
4927,27,2,2051-11-01 00:00:00,0
4928,27,2,2052-11-01 00:00:00,0
4929,27,2,2053-11-01 00:00:00,0
4930,27,2,2024-04-01 00:00:00,0
4931,27,2,2025-04-01 00:00:00,0
4932,27,2,2026-04-01 00:00:00,0
4933,27,2,2027-04-01 00:00:00,0
4934,27,2,2028-04-01 00:00:00,0
4935,27,2,2029-04-01 00:00:00,0
4936,27,2,2030-04-01 00:00:00,0
4937,27,2,2031-04-01 00:00:00,0
4938,27,2,2032-04-01 00:00:00,0
4939,27,2,2033-04-01 00:00:00,0
4940,27,2,2034-04-01 00:00:00,0
4941,27,2,2035-04-01 00:00:00,0
4942,27,2,2036-04-01 00:00:00,0
4943,27,2,2037-04-01 00:00:00,0
4944,27,2,2038-04-01 00:00:00,0
4945,27,2,2039-04-01 00:00:00,0
4946,27,2,2040-04-01 00:00:00,0
4947,27,2,2041-04-01 00:00:00,0
4948,27,2,2042-04-01 00:00:00,0
4949,27,2,2043-04-01 00:00:00,0
4950,27,2,2044-04-01 00:00:00,0
4951,27,2,2045-04-01 00:00:00,0
4952,27,2,2046-04-01 00:00:00,0
4953,27,2,2047-04-01 00:00:00,0
4954,27,2,2048-04-01 00:00:00,0
4955,27,2,2049-04-01 00:00:00,0
4956,27,2,2050-04-01 00:00:00,0
4957,27,2,2051-04-01 00:00:00,0
4958,27,2,2052-04-01 00:00:00,0
4959,27,2,2053-04-01 00:00:00,0
4960,27,2,2054-04-01 00:00:00,0
4961,27,3,2023-11-01 00:00:00,0
4962,27,3,2024-11-01 00:00:00,0
4963,27,3,2025-11-01 00:00:00,0
4964,27,3,2026-11-01 00:00:00,0
4965,27,3,2027-11-01 00:00:00,0
4966,27,3,2028-11-01 00:00:00,0
4967,27,3,2029-11-01 00:00:00,0
4968,27,3,2030-11-01 00:00:00,0
4969,27,3,2031-11-01 00:00:00,0
4970,27,3,2032-11-01 00:00:00,0
4971,27,3,2033-11-01 00:00:00,0
4972,27,3,2034-11-01 00:00:00,0
4973,27,3,2035-11-01 00:00:00,0
4974,27,3,2036-11-01 00:00:00,0
4975,27,3,2037-11-01 00:00:00,0
4976,27,3,2038-11-01 00:00:00,0
4977,27,3,2039-11-01 00:00:00,0
4978,27,3,2040-11-01 00:00:00,0
4979,27,3,2041-11-01 00:00:00,0
4980,27,3,2042-11-01 00:00:00,0
4981,27,3,2043-11-01 00:00:00,0
4982,27,3,2044-11-01 00:00:00,0
4983,27,3,2045-11-01 00:00:00,0
4984,27,3,2046-11-01 00:00:00,0
4985,27,3,2047-11-01 00:00:00,0
4986,27,3,2048-11-01 00:00:00,0
4987,27,3,2049-11-01 00:00:00,0
4988,27,3,2050-11-01 00:00:00,0
4989,27,3,2051-11-01 00:00:00,0
4990,27,3,2052-11-01 00:00:00,0
4991,27,3,2053-11-01 00:00:00,0
4992,27,3,2024-04-01 00:00:00,0
4993,27,3,2025-04-01 00:00:00,0
4994,27,3,2026-04-01 00:00:00,0
4995,27,3,2027-04-01 00:00:00,0
4996,27,3,2028-04-01 00:00:00,0
4997,27,3,2029-04-01 00:00:00,0
4998,27,3,2030-04-01 00:00:00,0
4999,27,3,2031-04-01 00:00:00,0
5000,27,3,2032-04-01 00:00:00,0
5001,27,3,2033-04-01 00:00:00,0
5002,27,3,2034-04-01 00:00:00,0
5003,27,3,2035-04-01 00:00:00,0
5004,27,3,2036-04-01 00:00:00,0
5005,27,3,2037-04-01 00:00:00,0
5006,27,3,2038-04-01 00:00:00,0
5007,27,3,2039-04-01 00:00:00,0
5008,27,3,2040-04-01 00:00:00,0
5009,27,3,2041-04-01 00:00:00,0
5010,27,3,2042-04-01 00:00:00,0
5011,27,3,2043-04-01 00:00:00,0
5012,27,3,2044-04-01 00:00:00,0
5013,27,3,2045-04-01 00:00:00,0
5014,27,3,2046-04-01 00:00:00,0
5015,27,3,2047-04-01 00:00:00,0
5016,27,3,2048-04-01 00:00:00,0
5017,27,3,2049-04-01 00:00:00,0
5018,27,3,2050-04-01 00:00:00,0
5019,27,3,2051-04-01 00:00:00,0
5020,27,3,2052-04-01 00:00:00,0
5021,27,3,2053-04-01 00:00:00,0
5022,27,3,2054-04-01 00:00:00,0
5023,28,1,2023-11-01 00:00:00,0
5024,28,1,2024-11-01 00:00:00,0
5025,28,1,2025-11-01 00:00:00,0
5026,28,1,2026-11-01 00:00:00,0
5027,28,1,2027-11-01 00:00:00,0
5028,28,1,2028-11-01 00:00:00,0
5029,28,1,2029-11-01 00:00:00,0
5030,28,1,2030-11-01 00:00:00,0
5031,28,1,2031-11-01 00:00:00,0
5032,28,1,2032-11-01 00:00:00,0
5033,28,1,2033-11-01 00:00:00,0
5034,28,1,2034-11-01 00:00:00,0
5035,28,1,2035-11-01 00:00:00,0
5036,28,1,2036-11-01 00:00:00,0
5037,28,1,2037-11-01 00:00:00,0
5038,28,1,2038-11-01 00:00:00,0
5039,28,1,2039-11-01 00:00:00,0
5040,28,1,2040-11-01 00:00:00,0
5041,28,1,2041-11-01 00:00:00,0
5042,28,1,2042-11-01 00:00:00,0
5043,28,1,2043-11-01 00:00:00,0
5044,28,1,2044-11-01 00:00:00,0
5045,28,1,2045-11-01 00:00:00,0
5046,28,1,2046-11-01 00:00:00,0
5047,28,1,2047-11-01 00:00:00,0
5048,28,1,2048-11-01 00:00:00,0
5049,28,1,2049-11-01 00:00:00,0
5050,28,1,2050-11-01 00:00:00,0
5051,28,1,2051-11-01 00:00:00,0
5052,28,1,2052-11-01 00:00:00,0
5053,28,1,2053-11-01 00:00:00,0
5054,28,1,2024-04-01 00:00:00,0
5055,28,1,2025-04-01 00:00:00,0
5056,28,1,2026-04-01 00:00:00,0
5057,28,1,2027-04-01 00:00:00,0
5058,28,1,2028-04-01 00:00:00,0
5059,28,1,2029-04-01 00:00:00,0
5060,28,1,2030-04-01 00:00:00,0
5061,28,1,2031-04-01 00:00:00,0
5062,28,1,2032-04-01 00:00:00,0
5063,28,1,2033-04-01 00:00:00,0
5064,28,1,2034-04-01 00:00:00,0
5065,28,1,2035-04-01 00:00:00,0
5066,28,1,2036-04-01 00:00:00,0
5067,28,1,2037-04-01 00:00:00,0
5068,28,1,2038-04-01 00:00:00,0
5069,28,1,2039-04-01 00:00:00,0
5070,28,1,2040-04-01 00:00:00,0
5071,28,1,2041-04-01 00:00:00,0
5072,28,1,2042-04-01 00:00:00,0
5073,28,1,2043-04-01 00:00:00,0
5074,28,1,2044-04-01 00:00:00,0
5075,28,1,2045-04-01 00:00:00,0
5076,28,1,2046-04-01 00:00:00,0
5077,28,1,2047-04-01 00:00:00,0
5078,28,1,2048-04-01 00:00:00,0
5079,28,1,2049-04-01 00:00:00,0
5080,28,1,2050-04-01 00:00:00,0
5081,28,1,2051-04-01 00:00:00,0
5082,28,1,2052-04-01 00:00:00,0
5083,28,1,2053-04-01 00:00:00,0
5084,28,1,2054-04-01 00:00:00,0
5085,28,2,2023-11-01 00:00:00,0
5086,28,2,2024-11-01 00:00:00,0
5087,28,2,2025-11-01 00:00:00,0
5088,28,2,2026-11-01 00:00:00,0
5089,28,2,2027-11-01 00:00:00,0
5090,28,2,2028-11-01 00:00:00,0
5091,28,2,2029-11-01 00:00:00,0
5092,28,2,2030-11-01 00:00:00,0
5093,28,2,2031-11-01 00:00:00,0
5094,28,2,2032-11-01 00:00:00,0
5095,28,2,2033-11-01 00:00:00,0
5096,28,2,2034-11-01 00:00:00,0
5097,28,2,2035-11-01 00:00:00,0
5098,28,2,2036-11-01 00:00:00,0
5099,28,2,2037-11-01 00:00:00,0
5100,28,2,2038-11-01 00:00:00,0
5101,28,2,2039-11-01 00:00:00,0
5102,28,2,2040-11-01 00:00:00,0
5103,28,2,2041-11-01 00:00:00,0
5104,28,2,2042-11-01 00:00:00,0
5105,28,2,2043-11-01 00:00:00,0
5106,28,2,2044-11-01 00:00:00,0
5107,28,2,2045-11-01 00:00:00,0
5108,28,2,2046-11-01 00:00:00,0
5109,28,2,2047-11-01 00:00:00,0
5110,28,2,2048-11-01 00:00:00,0
5111,28,2,2049-11-01 00:00:00,0
5112,28,2,2050-11-01 00:00:00,0
5113,28,2,2051-11-01 00:00:00,0
5114,28,2,2052-11-01 00:00:00,0
5115,28,2,2053-11-01 00:00:00,0
5116,28,2,2024-04-01 00:00:00,0
5117,28,2,2025-04-01 00:00:00,0
5118,28,2,2026-04-01 00:00:00,0
5119,28,2,2027-04-01 00:00:00,0
5120,28,2,2028-04-01 00:00:00,0
5121,28,2,2029-04-01 00:00:00,0
5122,28,2,2030-04-01 00:00:00,0
5123,28,2,2031-04-01 00:00:00,0
5124,28,2,2032-04-01 00:00:00,0
5125,28,2,2033-04-01 00:00:00,0
5126,28,2,2034-04-01 00:00:00,0
5127,28,2,2035-04-01 00:00:00,0
5128,28,2,2036-04-01 00:00:00,0
5129,28,2,2037-04-01 00:00:00,0
5130,28,2,2038-04-01 00:00:00,0
5131,28,2,2039-04-01 00:00:00,0
5132,28,2,2040-04-01 00:00:00,0
5133,28,2,2041-04-01 00:00:00,0
5134,28,2,2042-04-01 00:00:00,0
5135,28,2,2043-04-01 00:00:00,0
5136,28,2,2044-04-01 00:00:00,0
5137,28,2,2045-04-01 00:00:00,0
5138,28,2,2046-04-01 00:00:00,0
5139,28,2,2047-04-01 00:00:00,0
5140,28,2,2048-04-01 00:00:00,0
5141,28,2,2049-04-01 00:00:00,0
5142,28,2,2050-04-01 00:00:00,0
5143,28,2,2051-04-01 00:00:00,0
5144,28,2,2052-04-01 00:00:00,0
5145,28,2,2053-04-01 00:00:00,0
5146,28,2,2054-04-01 00:00:00,0
5147,28,3,2023-11-01 00:00:00,0
5148,28,3,2024-11-01 00:00:00,0
5149,28,3,2025-11-01 00:00:00,0
5150,28,3,2026-11-01 00:00:00,0
5151,28,3,2027-11-01 00:00:00,0
5152,28,3,2028-11-01 00:00:00,0
5153,28,3,2029-11-01 00:00:00,0
5154,28,3,2030-11-01 00:00:00,0
5155,28,3,2031-11-01 00:00:00,0
5156,28,3,2032-11-01 00:00:00,0
5157,28,3,2033-11-01 00:00:00,0
5158,28,3,2034-11-01 00:00:00,0
5159,28,3,2035-11-01 00:00:00,0
5160,28,3,2036-11-01 00:00:00,0
5161,28,3,2037-11-01 00:00:00,0
5162,28,3,2038-11-01 00:00:00,0
5163,28,3,2039-11-01 00:00:00,0
5164,28,3,2040-11-01 00:00:00,0
5165,28,3,2041-11-01 00:00:00,0
5166,28,3,2042-11-01 00:00:00,0
5167,28,3,2043-11-01 00:00:00,0
5168,28,3,2044-11-01 00:00:00,0
5169,28,3,2045-11-01 00:00:00,0
5170,28,3,2046-11-01 00:00:00,0
5171,28,3,2047-11-01 00:00:00,0
5172,28,3,2048-11-01 00:00:00,0
5173,28,3,2049-11-01 00:00:00,0
5174,28,3,2050-11-01 00:00:00,0
5175,28,3,2051-11-01 00:00:00,0
5176,28,3,2052-11-01 00:00:00,0
5177,28,3,2053-11-01 00:00:00,0
5178,28,3,2024-04-01 00:00:00,0
5179,28,3,2025-04-01 00:00:00,0
5180,28,3,2026-04-01 00:00:00,0
5181,28,3,2027-04-01 00:00:00,0
5182,28,3,2028-04-01 00:00:00,0
5183,28,3,2029-04-01 00:00:00,0
5184,28,3,2030-04-01 00:00:00,0
5185,28,3,2031-04-01 00:00:00,0
5186,28,3,2032-04-01 00:00:00,0
5187,28,3,2033-04-01 00:00:00,0
5188,28,3,2034-04-01 00:00:00,0
5189,28,3,2035-04-01 00:00:00,0
5190,28,3,2036-04-01 00:00:00,0
5191,28,3,2037-04-01 00:00:00,0
5192,28,3,2038-04-01 00:00:00,0
5193,28,3,2039-04-01 00:00:00,0
5194,28,3,2040-04-01 00:00:00,0
5195,28,3,2041-04-01 00:00:00,0
5196,28,3,2042-04-01 00:00:00,0
5197,28,3,2043-04-01 00:00:00,0
5198,28,3,2044-04-01 00:00:00,0
5199,28,3,2045-04-01 00:00:00,0
5200,28,3,2046-04-01 00:00:00,0
5201,28,3,2047-04-01 00:00:00,0
5202,28,3,2048-04-01 00:00:00,0
5203,28,3,2049-04-01 00:00:00,0
5204,28,3,2050-04-01 00:00:00,0
5205,28,3,2051-04-01 00:00:00,0
5206,28,3,2052-04-01 00:00:00,0
5207,28,3,2053-04-01 00:00:00,0
5208,28,3,2054-04-01 00:00:00,0
5209,29,1,2023-11-01 00:00:00,0.0023631098530654078
5210,29,1,2024-11-01 00:00:00,0.0023631098530654078
5211,29,1,2025-11-01 00:00:00,0.0021005420916136957
5212,29,1,2026-11-01 00:00:00,0.0017723323897990558
5213,29,1,2027-11-01 00:00:00,0.001837974330161984
5214,29,1,2028-11-01 00:00:00,0.001837974330161984
5215,29,1,2029-11-01 00:00:00,0.0019036162705249116
5216,29,1,2030-11-01 00:00:00,0.0019692582108878395
5217,29,1,2031-11-01 00:00:00,0.0019692582108878395
5218,29,1,2032-11-01 00:00:00,0.0020349001512507676
5219,29,1,2033-11-01 00:00:00,0.0020349001512507676
5220,29,1,2034-11-01 00:00:00,0.0020349001512507676
5221,29,1,2035-11-01 00:00:00,0.0020349001512507676
5222,29,1,2036-11-01 00:00:00,0.0020349001512507676
5223,29,1,2037-11-01 00:00:00,0.0020349001512507676
5224,29,1,2038-11-01 00:00:00,0.0020349001512507676
5225,29,1,2039-11-01 00:00:00,0.0020349001512507676
5226,29,1,2040-11-01 00:00:00,0.0020349001512507676
5227,29,1,2041-11-01 00:00:00,0.0020349001512507676
5228,29,1,2042-11-01 00:00:00,0.0020349001512507676
5229,29,1,2043-11-01 00:00:00,0.0021005420916136957
5230,29,1,2044-11-01 00:00:00,0.0020349001512507676
5231,29,1,2045-11-01 00:00:00,0.0020349001512507676
5232,29,1,2046-11-01 00:00:00,0.0020349001512507676
5233,29,1,2047-11-01 00:00:00,0.0020349001512507676
5234,29,1,2048-11-01 00:00:00,0.0020349001512507676
5235,29,1,2049-11-01 00:00:00,0.0020349001512507676
5236,29,1,2050-11-01 00:00:00,0.0019692582108878395
5237,29,1,2051-11-01 00:00:00,0.0019692582108878395
5238,29,1,2052-11-01 00:00:00,0.0019692582108878395
5239,29,1,2053-11-01 00:00:00,0.0019692582108878395
5240,29,1,2024-04-01 00:00:00,0.0023631098530654078
5241,29,1,2025-04-01 00:00:00,0.002231825972339552
5242,29,1,2026-04-01 00:00:00,0.0019692582108878395
5243,29,1,2027-04-01 00:00:00,0.0019036162705249116
5244,29,1,2028-04-01 00:00:00,0.0019692582108878395
5245,29,1,2029-04-01 00:00:00,0.0019692582108878395
5246,29,1,2030-04-01 00:00:00,0.0020349001512507676
5247,29,1,2031-04-01 00:00:00,0.0020349001512507676
5248,29,1,2032-04-01 00:00:00,0.0021005420916136957
5249,29,1,2033-04-01 00:00:00,0.0021005420916136957
5250,29,1,2034-04-01 00:00:00,0.0021005420916136957
5251,29,1,2035-04-01 00:00:00,0.0021005420916136957
5252,29,1,2036-04-01 00:00:00,0.0021005420916136957
5253,29,1,2037-04-01 00:00:00,0.0021005420916136957
5254,29,1,2038-04-01 00:00:00,0.0021005420916136957
5255,29,1,2039-04-01 00:00:00,0.0021005420916136957
5256,29,1,2040-04-01 00:00:00,0.0021005420916136957
5257,29,1,2041-04-01 00:00:00,0.0021005420916136957
5258,29,1,2042-04-01 00:00:00,0.002166184031976624
5259,29,1,2043-04-01 00:00:00,0.002166184031976624
5260,29,1,2044-04-01 00:00:00,0.002166184031976624
5261,29,1,2045-04-01 00:00:00,0.0021005420916136957
5262,29,1,2046-04-01 00:00:00,0.0021005420916136957
5263,29,1,2047-04-01 00:00:00,0.0021005420916136957
5264,29,1,2048-04-01 00:00:00,0.0021005420916136957
5265,29,1,2049-04-01 00:00:00,0.0021005420916136957
5266,29,1,2050-04-01 00:00:00,0.0021005420916136957
5267,29,1,2051-04-01 00:00:00,0.0020349001512507676
5268,29,1,2052-04-01 00:00:00,0.0020349001512507676
5269,29,1,2053-04-01 00:00:00,0.0020349001512507676
5270,29,1,2054-04-01 00:00:00,0.0020349001512507676
5271,29,2,2023-11-01 00:00:00,0.0023631098530654078
5272,29,2,2024-11-01 00:00:00,0.0032820970181463996
5273,29,2,2025-11-01 00:00:00,0.004135442242864463
5274,29,2,2026-11-01 00:00:00,0.005120071348308383
5275,29,2,2027-11-01 00:00:00,0.005973416573026447
5276,29,2,2028-11-01 00:00:00,0.00689240373810744
5277,29,2,2029-11-01 00:00:00,0.007745748962825503
5278,29,2,2030-11-01 00:00:00,0.008796020008632352
5279,29,2,2031-11-01 00:00:00,0.009977574935165054
5280,29,2,2032-11-01 00:00:00,0.011224771802060687
5281,29,2,2033-11-01 00:00:00,0.012340684788230461
5282,29,2,2034-11-01 00:00:00,0.013456597774400237
5283,29,2,2035-11-01 00:00:00,0.014506868820207085
5284,29,2,2036-11-01 00:00:00,0.015622781806376862
5285,29,2,2037-11-01 00:00:00,0.016738694792546638
5286,29,2,2038-11-01 00:00:00,0.01772332389799056
5287,29,2,2039-11-01 00:00:00,0.01857666912270862
5288,29,2,2040-11-01 00:00:00,0.019561298228152543
5289,29,2,2041-11-01 00:00:00,0.02061156927395939
5290,29,2,2042-11-01 00:00:00,0.021793124200492092
5291,29,2,2043-11-01 00:00:00,0.02290903718666187
5292,29,2,2044-11-01 00:00:00,0.02389366629210579
5293,29,2,2045-11-01 00:00:00,0.02487829539754971
5294,29,2,2046-11-01 00:00:00,0.025731640622267772
5295,29,2,2047-11-01 00:00:00,0.026584985846985834
5296,29,2,2048-11-01 00:00:00,0.02756961495242976
5297,29,2,2049-11-01 00:00:00,0.02829167629642196
5298,29,2,2050-11-01 00:00:00,0.027897824654244396
5299,29,2,2051-11-01 00:00:00,0.027307047190978047
5300,29,2,2052-11-01 00:00:00,0.026847553608437547
5301,29,2,2053-11-01 00:00:00,0.026716269727711694
5302,29,2,2024-04-01 00:00:00,0.0023631098530654078
5303,29,2,2025-04-01 00:00:00,0.003479022839235184
5304,29,2,2026-04-01 00:00:00,0.004594935825404959
5305,29,2,2027-04-01 00:00:00,0.005776490751937664
5306,29,2,2028-04-01 00:00:00,0.00689240373810744
5307,29,2,2029-04-01 00:00:00,0.008073958664640142
5308,29,2,2030-04-01 00:00:00,0.009189871650809919
5309,29,2,2031-04-01 00:00:00,0.010437068517705551
5310,29,2,2032-04-01 00:00:00,0.011881191205689968
5311,29,2,2033-04-01 00:00:00,0.013390955834037311
5312,29,2,2034-04-01 00:00:00,0.014835078522021724
5313,29,2,2035-04-01 00:00:00,0.016147917329280285
5314,29,2,2036-04-01 00:00:00,0.017460756136538847
5315,29,2,2037-04-01 00:00:00,0.018839236884160334
5316,29,2,2038-04-01 00:00:00,0.020086433751055965
5317,29,2,2039-04-01 00:00:00,0.0213336306179516
5318,29,2,2040-04-01 00:00:00,0.0225151855444843
5319,29,2,2041-04-01 00:00:00,0.023762382411379936
5320,29,2,2042-04-01 00:00:00,0.025140863159001423
5321,29,2,2043-04-01 00:00:00,0.02651934390662291
5322,29,2,2044-04-01 00:00:00,0.027897824654244396
5323,29,2,2045-04-01 00:00:00,0.0290793795807771
5324,29,2,2046-04-01 00:00:00,0.030195292566946873
5325,29,2,2047-04-01 00:00:00,0.03131120555311665
5326,29,2,2048-04-01 00:00:00,0.03249276047964936
5327,29,2,2049-04-01 00:00:00,0.03367431540618206
5328,29,2,2050-04-01 00:00:00,0.03479022839235184
5329,29,2,2051-04-01 00:00:00,0.03426509286944841
5330,29,2,2052-04-01 00:00:00,0.03380559928690792
5331,29,2,2053-04-01 00:00:00,0.033280463764004495
5332,29,2,2054-04-01 00:00:00,0.03314917988327863
5333,29,3,2023-11-01 00:00:00,0.0023631098530654078
5334,29,3,2024-11-01 00:00:00,0.00426672612359032
5335,29,3,2025-11-01 00:00:00,0.006367268215204015
5336,29,3,2026-11-01 00:00:00,0.008664736127906495
5337,29,3,2027-11-01 00:00:00,0.01109348792133483
5338,29,3,2028-11-01 00:00:00,0.013259671953311455
5339,29,3,2029-11-01 00:00:00,0.015425855985288079
5340,29,3,2030-11-01 00:00:00,0.017788965838353484
5341,29,3,2031-11-01 00:00:00,0.020480285393233533
5342,29,3,2032-11-01 00:00:00,0.02323724688847651
5343,29,3,2033-11-01 00:00:00,0.02592856644335656
5344,29,3,2034-11-01 00:00:00,0.02842296017714782
5345,29,3,2035-11-01 00:00:00,0.03078607003021323
5346,29,3,2036-11-01 00:00:00,0.03334610570436742
5347,29,3,2037-11-01 00:00:00,0.03603742525924747
5348,29,3,2038-11-01 00:00:00,0.038663102873764586
5349,29,3,2039-11-01 00:00:00,0.04122313854791878
5350,29,3,2040-11-01 00:00:00,0.04398010004316175
5351,29,3,2041-11-01 00:00:00,0.0466714195980418
5352,29,3,2042-11-01 00:00:00,0.04929709721255892
5353,29,3,2043-11-01 00:00:00,0.05185713288671312
5354,29,3,2044-11-01 00:00:00,0.05395767497832681
5355,29,3,2045-11-01 00:00:00,0.05638642677175514
5356,29,3,2046-11-01 00:00:00,0.05868389468445762
5357,29,3,2047-11-01 00:00:00,0.06078443677607132
5358,29,3,2048-11-01 00:00:00,0.06222855946405574
5359,29,3,2049-11-01 00:00:00,0.06347575633095137
5360,29,3,2050-11-01 00:00:00,0.06222855946405574
5361,29,3,2051-11-01 00:00:00,0.06137521423933767
5362,29,3,2052-11-01 00:00:00,0.06058751095498254
5363,29,3,2053-11-01 00:00:00,0.06012801737244204
5364,29,3,2024-04-01 00:00:00,0.0023631098530654078
5365,29,3,2025-04-01 00:00:00,0.0047262197061308155
5366,29,3,2026-04-01 00:00:00,0.007351897320647936
5367,29,3,2027-04-01 00:00:00,0.01010885881589091
5368,29,3,2028-04-01 00:00:00,0.012931462251496814
5369,29,3,2029-04-01 00:00:00,0.015622781806376862
5370,29,3,2030-04-01 00:00:00,0.01831410136125691
5371,29,3,2031-04-01 00:00:00,0.021136704796862815
5372,29,3,2032-04-01 00:00:00,0.024353159874646285
5373,29,3,2033-04-01 00:00:00,0.027700898833155612
5374,29,3,2034-04-01 00:00:00,0.031048637791664942
5375,29,3,2035-04-01 00:00:00,0.03393688316763377
5376,29,3,2036-04-01 00:00:00,0.03695641242432846
5377,29,3,2037-04-01 00:00:00,0.040107225561749005
5378,29,3,2038-04-01 00:00:00,0.04332368063953247
5379,29,3,2039-04-01 00:00:00,0.04647449377695302
5380,29,3,2040-04-01 00:00:00,0.04962530691437356
5381,29,3,2041-04-01 00:00:00,0.05284176199215704
5382,29,3,2042-04-01 00:00:00,0.0560582170699405
5383,29,3,2043-04-01 00:00:00,0.05927467214772397
5384,29,3,2044-04-01 00:00:00,0.062294201404418666
5385,29,3,2045-04-01 00:00:00,0.06498552095929871
5386,29,3,2046-04-01 00:00:00,0.06774248245454169
5387,29,3,2047-04-01 00:00:00,0.07049944394978466
5388,29,3,2048-04-01 00:00:00,0.07253434410103543
5389,29,3,2049-04-01 00:00:00,0.07443796037156035
5390,29,3,2050-04-01 00:00:00,0.07647286052281112
5391,29,3,2051-04-01 00:00:00,0.07581644111918183
5392,29,3,2052-04-01 00:00:00,0.07502873783482669
5393,29,3,2053-04-01 00:00:00,0.07424103455047157
5394,29,3,2054-04-01 00:00:00,0.07378154096793106
5395,30,1,2023-11-01 00:00:00,0.03669384466287675
5396,30,1,2024-11-01 00:00:00,0.03702205436469139
5397,30,1,2025-11-01 00:00:00,0.03229583465856057
5398,30,1,2026-11-01 00:00:00,0.02802910853497025
5399,30,1,2027-11-01 00:00:00,0.02816039241569611
5400,30,1,2028-11-01 00:00:00,0.02875116987896246
5401,30,1,2029-11-01 00:00:00,0.029538873163317596
5402,30,1,2030-11-01 00:00:00,0.030260934507309805
5403,30,1,2031-11-01 00:00:00,0.030917353910939083
5404,30,1,2032-11-01 00:00:00,0.03111427973202787
5405,30,1,2033-11-01 00:00:00,0.031179921672390795
5406,30,1,2034-11-01 00:00:00,0.03137684749347958
5407,30,1,2035-11-01 00:00:00,0.031179921672390795
5408,30,1,2036-11-01 00:00:00,0.03131120555311666
5409,30,1,2037-11-01 00:00:00,0.03137684749347958
5410,30,1,2038-11-01 00:00:00,0.03150813137420544
5411,30,1,2039-11-01 00:00:00,0.03157377331456837
5412,30,1,2040-11-01 00:00:00,0.03183634107602008
5413,30,1,2041-11-01 00:00:00,0.03190198301638301
5414,30,1,2042-11-01 00:00:00,0.03209890883747179
5415,30,1,2043-11-01 00:00:00,0.03209890883747179
5416,30,1,2044-11-01 00:00:00,0.032033266897108864
5417,30,1,2045-11-01 00:00:00,0.032033266897108864
5418,30,1,2046-11-01 00:00:00,0.03196762495674593
5419,30,1,2047-11-01 00:00:00,0.032033266897108864
5420,30,1,2048-11-01 00:00:00,0.032033266897108864
5421,30,1,2049-11-01 00:00:00,0.03170505719529422
5422,30,1,2050-11-01 00:00:00,0.031048637791664942
5423,30,1,2051-11-01 00:00:00,0.030589144209124446
5424,30,1,2052-11-01 00:00:00,0.030457860328398593
5425,30,1,2053-11-01 00:00:00,0.030457860328398593
5426,30,1,2024-04-01 00:00:00,0.03669384466287675
5427,30,1,2025-04-01 00:00:00,0.034330734809811345
5428,30,1,2026-04-01 00:00:00,0.03098299585130201
5429,30,1,2027-04-01 00:00:00,0.02993272480549516
5430,30,1,2028-04-01 00:00:00,0.03012965062658395
5431,30,1,2029-04-01 00:00:00,0.030589144209124446
5432,30,1,2030-04-01 00:00:00,0.03124556361275373
5433,30,1,2031-04-01 00:00:00,0.03183634107602008
5434,30,1,2032-04-01 00:00:00,0.0323614765989235
5435,30,1,2033-04-01 00:00:00,0.03249276047964935
5436,30,1,2034-04-01 00:00:00,0.032820970181463995
5437,30,1,2035-04-01 00:00:00,0.03275532824110106
5438,30,1,2036-04-01 00:00:00,0.03275532824110106
5439,30,1,2037-04-01 00:00:00,0.032820970181463995
5440,30,1,2038-04-01 00:00:00,0.032886612121826926
5441,30,1,2039-04-01 00:00:00,0.03295225406218985
5442,30,1,2040-04-01 00:00:00,0.03308353794291571
5443,30,1,2041-04-01 00:00:00,0.03314917988327863
5444,30,1,2042-04-01 00:00:00,0.03321482182364156
5445,30,1,2043-04-01 00:00:00,0.03321482182364156
5446,30,1,2044-04-01 00:00:00,0.03321482182364156
5447,30,1,2045-04-01 00:00:00,0.03314917988327863
5448,30,1,2046-04-01 00:00:00,0.03295225406218985
5449,30,1,2047-04-01 00:00:00,0.032820970181463995
5450,30,1,2048-04-01 00:00:00,0.03275532824110106
5451,30,1,2049-04-01 00:00:00,0.03268968630073814
5452,30,1,2050-04-01 00:00:00,0.032427118539286426
5453,30,1,2051-04-01 00:00:00,0.03190198301638301
5454,30,1,2052-04-01 00:00:00,0.03150813137420544
5455,30,1,2053-04-01 00:00:00,0.03131120555311666
5456,30,1,2054-04-01 00:00:00,0.031179921672390795
5457,30,2,2023-11-01 00:00:00,0.03669384466287675
5458,30,2,2024-11-01 00:00:00,0.050478652139091626
5459,30,2,2025-11-01 00:00:00,0.06413217573458065
5460,30,2,2026-11-01 00:00:00,0.07896725425660238
5461,30,2,2027-11-01 00:00:00,0.09294898755390604
5462,30,2,2028-11-01 00:00:00,0.10679943697048384
5463,30,2,2029-11-01 00:00:00,0.12058424444669873
5464,30,2,2030-11-01 00:00:00,0.13607574237234973
5465,30,2,2031-11-01 00:00:00,0.15471805343542128
5466,30,2,2032-11-01 00:00:00,0.1740167839021221
5467,30,2,2033-11-01 00:00:00,0.19213395944229023
5468,30,2,2034-11-01 00:00:00,0.20874137035411103
5469,30,2,2035-11-01 00:00:00,0.22502057156411717
5470,30,2,2036-11-01 00:00:00,0.24221875993920428
5471,30,2,2037-11-01 00:00:00,0.2595482321950173
5472,30,2,2038-11-01 00:00:00,0.2747115204188536
5473,30,2,2039-11-01 00:00:00,0.28882453759688315
5474,30,2,2040-11-01 00:00:00,0.3036596161189049
5475,30,2,2041-11-01 00:00:00,0.3203326689710886
5476,30,2,2042-11-01 00:00:00,0.33858112839198257
5477,30,2,2043-11-01 00:00:00,0.3562388103496102
5478,30,2,2044-11-01 00:00:00,0.3712708146927207
5479,30,2,2045-11-01 00:00:00,0.3861058932147425
5480,30,2,2046-11-01 00:00:00,0.3999563426313202
5481,30,2,2047-11-01 00:00:00,0.4126908790617283
5482,30,2,2048-11-01 00:00:00,0.4278541672855646
5483,30,2,2049-11-01 00:00:00,0.4395384326701658
5484,30,2,2050-11-01 00:00:00,0.43271167087242135
5485,30,2,2051-11-01 00:00:00,0.42444078638669236
5486,30,2,2052-11-01 00:00:00,0.4173514568274962
5487,30,2,2053-11-01 00:00:00,0.4152509147358825
5488,30,2,2024-04-01 00:00:00,0.03669384466287675
5489,30,2,2025-04-01 00:00:00,0.05382639109760096
5490,30,2,2026-04-01 00:00:00,0.07181228275704324
5491,30,2,2027-04-01 00:00:00,0.0897981744164855
5492,30,2,2028-04-01 00:00:00,0.10752149831447605
5493,30,2,2029-04-01 00:00:00,0.12511353833174074
5494,30,2,2030-04-01 00:00:00,0.14290250417009426
5495,30,2,2031-04-01 00:00:00,0.16206995075606923
5496,30,2,2032-04-01 00:00:00,0.1845194943601906
5497,30,2,2033-04-01 00:00:00,0.20749417348721538
5498,30,2,2034-04-01 00:00:00,0.23033756873351435
5499,30,2,2035-04-01 00:00:00,0.25035836054420735
5500,30,2,2036-04-01 00:00:00,0.2712324975796184
5501,30,2,2037-04-01 00:00:00,0.2922379184957554
5502,30,2,2038-04-01 00:00:00,0.3123899941871743
5503,30,2,2039-04-01 00:00:00,0.33090102136952
5504,30,2,2040-04-01 00:00:00,0.3493464066115028
5505,30,2,2041-04-01 00:00:00,0.3690389887203812
5506,30,2,2042-04-01 00:00:00,0.38984748381542933
5507,30,2,2043-04-01 00:00:00,0.4117062499562844
5508,30,2,2044-04-01 00:00:00,0.43271167087242135
5509,30,2,2045-04-01 00:00:00,0.4514196238758559
5510,30,2,2046-04-01 00:00:00,0.4688803800123947
5511,30,2,2047-04-01 00:00:00,0.4866693458507481
5512,30,2,2048-04-01 00:00:00,0.5047208794505533
5513,30,2,2049-04-01 00:00:00,0.5228380549907214
5514,30,2,2050-04-01 00:00:00,0.5403644530676233
5515,30,2,2051-04-01 00:00:00,0.532421778283709
5516,30,2,2052-04-01 00:00:00,0.5244791034997947
5517,30,2,2053-04-01 00:00:00,0.5171928481195096
5518,30,2,2054-04-01 00:00:00,0.5151579479682589
5519,30,3,2023-11-01 00:00:00,0.03669384466287675
5520,30,3,2024-11-01 00:00:00,0.06642964364728313
5521,30,3,2025-11-01 00:00:00,0.09846291054439199
5522,30,3,2026-11-01 00:00:00,0.13443469386327653
5523,30,3,2027-11-01 00:00:00,0.17185059987014548
5524,30,3,2028-11-01 00:00:00,0.2055905572166905
5525,30,3,2029-11-01 00:00:00,0.23985565008613888
5526,30,3,2030-11-01 00:00:00,0.2759587172857493
5527,30,3,2031-11-01 00:00:00,0.31744442359511976
5528,30,3,2032-11-01 00:00:00,0.36096503005574104
5529,30,3,2033-11-01 00:00:00,0.402844588007289
5530,30,3,2034-11-01 00:00:00,0.4409825553581503
5531,30,3,2035-11-01 00:00:00,0.4776107580806641
5532,30,3,2036-11-01 00:00:00,0.5181774772249536
5533,30,3,2037-11-01 00:00:00,0.5598601093554129
5534,30,3,2038-11-01 00:00:00,0.60082068014188
5535,30,3,2039-11-01 00:00:00,0.6402058443596367
5536,30,3,2040-11-01 00:00:00,0.6832013152973545
5537,30,3,2041-11-01 00:00:00,0.7242931699645475
5538,30,3,2042-11-01 00:00:00,0.7651880988106515
5539,30,3,2043-11-01 00:00:00,0.8047701888494971
5540,30,3,2044-11-01 00:00:00,0.8381162945538646
5541,30,3,2045-11-01 00:00:00,0.8751383489185559
5542,30,3,2046-11-01 00:00:00,0.9115039838796182
5543,30,3,2047-11-01 00:00:00,0.9436685346574529
5544,30,3,2048-11-01 00:00:00,0.9659867943808483
5545,30,3,2049-11-01 00:00:00,0.9852198829071863
5546,30,3,2050-11-01 00:00:00,0.9661180782615743
5547,30,3,2051-11-01 00:00:00,0.9533178998908034
5548,30,3,2052-11-01 00:00:00,0.9410428570429358
5549,30,3,2053-11-01 00:00:00,0.9335596758415619
5550,30,3,2024-04-01 00:00:00,0.03669384466287675
5551,30,3,2025-04-01 00:00:00,0.07371589902756813
5552,30,3,2026-04-01 00:00:00,0.11434826011222055
5553,30,3,2027-04-01 00:00:00,0.15740937299030133
5554,30,3,2028-04-01 00:00:00,0.2007330536298338
5555,30,3,2029-04-01 00:00:00,0.2422844018795672
5556,30,3,2030-04-01 00:00:00,0.2842952437118412
5557,30,3,2031-04-01 00:00:00,0.3286035534568175
5558,30,3,2032-04-01 00:00:00,0.37868835395373157
5559,30,3,2033-04-01 00:00:00,0.4300203513175413
5560,30,3,2034-04-01 00:00:00,0.48187748420425436
5561,30,3,2035-04-01 00:00:00,0.5272360649950376
5562,30,3,2036-04-01 00:00:00,0.5734479910105389
5563,30,3,2037-04-01 00:00:00,0.6222855946405573
5564,30,3,2038-04-01 00:00:00,0.6724360370778344
5565,30,3,2039-04-01 00:00:00,0.7214049245885786
5566,30,3,2040-04-01 00:00:00,0.7705050959800488
5567,30,3,2041-04-01 00:00:00,0.8205242545366
5568,30,3,2042-04-01 00:00:00,0.8708059808546027
5569,30,3,2043-04-01 00:00:00,0.9202343619478875
5570,30,3,2044-04-01 00:00:00,0.9670370654266551
5571,30,3,2045-04-01 00:00:00,1.0088509814378404
5572,30,3,2046-04-01 00:00:00,1.0522403040177357
5573,30,3,2047-04-01 00:00:00,1.0943167877903723
5574,30,3,2048-04-01 00:00:00,1.125824919164578
5575,30,3,2049-04-01 00:00:00,1.1562171375526136
5576,30,3,2050-04-01 00:00:00,1.1870688495231898
5577,30,3,2051-04-01 00:00:00,1.17676306488621
5578,30,3,2052-04-01 00:00:00,1.1654070092034234
5579,30,3,2053-04-01 00:00:00,1.1526724727730155
5580,30,3,2054-04-01 00:00:00,1.145911352915634
5581,31,1,2023-11-01 00:00:00,0
5582,31,1,2024-11-01 00:00:00,0
5583,31,1,2025-11-01 00:00:00,0
5584,31,1,2026-11-01 00:00:00,0
5585,31,1,2027-11-01 00:00:00,0
5586,31,1,2028-11-01 00:00:00,0
5587,31,1,2029-11-01 00:00:00,0
5588,31,1,2030-11-01 00:00:00,0
5589,31,1,2031-11-01 00:00:00,0
5590,31,1,2032-11-01 00:00:00,0
5591,31,1,2033-11-01 00:00:00,0
5592,31,1,2034-11-01 00:00:00,0
5593,31,1,2035-11-01 00:00:00,0
5594,31,1,2036-11-01 00:00:00,0
5595,31,1,2037-11-01 00:00:00,0
5596,31,1,2038-11-01 00:00:00,0
5597,31,1,2039-11-01 00:00:00,0
5598,31,1,2040-11-01 00:00:00,0
5599,31,1,2041-11-01 00:00:00,0
5600,31,1,2042-11-01 00:00:00,0
5601,31,1,2043-11-01 00:00:00,0
5602,31,1,2044-11-01 00:00:00,0
5603,31,1,2045-11-01 00:00:00,0
5604,31,1,2046-11-01 00:00:00,0
5605,31,1,2047-11-01 00:00:00,0
5606,31,1,2048-11-01 00:00:00,0
5607,31,1,2049-11-01 00:00:00,0
5608,31,1,2050-11-01 00:00:00,0
5609,31,1,2051-11-01 00:00:00,0
5610,31,1,2052-11-01 00:00:00,0
5611,31,1,2053-11-01 00:00:00,0
5612,31,1,2024-04-01 00:00:00,0
5613,31,1,2025-04-01 00:00:00,0
5614,31,1,2026-04-01 00:00:00,0
5615,31,1,2027-04-01 00:00:00,0
5616,31,1,2028-04-01 00:00:00,0
5617,31,1,2029-04-01 00:00:00,0
5618,31,1,2030-04-01 00:00:00,0
5619,31,1,2031-04-01 00:00:00,0
5620,31,1,2032-04-01 00:00:00,0
5621,31,1,2033-04-01 00:00:00,0
5622,31,1,2034-04-01 00:00:00,0
5623,31,1,2035-04-01 00:00:00,0
5624,31,1,2036-04-01 00:00:00,0
5625,31,1,2037-04-01 00:00:00,0
5626,31,1,2038-04-01 00:00:00,0
5627,31,1,2039-04-01 00:00:00,0
5628,31,1,2040-04-01 00:00:00,0
5629,31,1,2041-04-01 00:00:00,0
5630,31,1,2042-04-01 00:00:00,0
5631,31,1,2043-04-01 00:00:00,0
5632,31,1,2044-04-01 00:00:00,0
5633,31,1,2045-04-01 00:00:00,0
5634,31,1,2046-04-01 00:00:00,0
5635,31,1,2047-04-01 00:00:00,0
5636,31,1,2048-04-01 00:00:00,0
5637,31,1,2049-04-01 00:00:00,0
5638,31,1,2050-04-01 00:00:00,0
5639,31,1,2051-04-01 00:00:00,0
5640,31,1,2052-04-01 00:00:00,0
5641,31,1,2053-04-01 00:00:00,0
5642,31,1,2054-04-01 00:00:00,0
5643,31,2,2023-11-01 00:00:00,0
5644,31,2,2024-11-01 00:00:00,0
5645,31,2,2025-11-01 00:00:00,0
5646,31,2,2026-11-01 00:00:00,0
5647,31,2,2027-11-01 00:00:00,0
5648,31,2,2028-11-01 00:00:00,0
5649,31,2,2029-11-01 00:00:00,0
5650,31,2,2030-11-01 00:00:00,0
5651,31,2,2031-11-01 00:00:00,0
5652,31,2,2032-11-01 00:00:00,0
5653,31,2,2033-11-01 00:00:00,0
5654,31,2,2034-11-01 00:00:00,0
5655,31,2,2035-11-01 00:00:00,0
5656,31,2,2036-11-01 00:00:00,0
5657,31,2,2037-11-01 00:00:00,0
5658,31,2,2038-11-01 00:00:00,0
5659,31,2,2039-11-01 00:00:00,0
5660,31,2,2040-11-01 00:00:00,0
5661,31,2,2041-11-01 00:00:00,0
5662,31,2,2042-11-01 00:00:00,0
5663,31,2,2043-11-01 00:00:00,0
5664,31,2,2044-11-01 00:00:00,0
5665,31,2,2045-11-01 00:00:00,0
5666,31,2,2046-11-01 00:00:00,0
5667,31,2,2047-11-01 00:00:00,0
5668,31,2,2048-11-01 00:00:00,0
5669,31,2,2049-11-01 00:00:00,0
5670,31,2,2050-11-01 00:00:00,0
5671,31,2,2051-11-01 00:00:00,0
5672,31,2,2052-11-01 00:00:00,0
5673,31,2,2053-11-01 00:00:00,0
5674,31,2,2024-04-01 00:00:00,0
5675,31,2,2025-04-01 00:00:00,0
5676,31,2,2026-04-01 00:00:00,0
5677,31,2,2027-04-01 00:00:00,0
5678,31,2,2028-04-01 00:00:00,0
5679,31,2,2029-04-01 00:00:00,0
5680,31,2,2030-04-01 00:00:00,0
5681,31,2,2031-04-01 00:00:00,0
5682,31,2,2032-04-01 00:00:00,0
5683,31,2,2033-04-01 00:00:00,0
5684,31,2,2034-04-01 00:00:00,0
5685,31,2,2035-04-01 00:00:00,0
5686,31,2,2036-04-01 00:00:00,0
5687,31,2,2037-04-01 00:00:00,0
5688,31,2,2038-04-01 00:00:00,0
5689,31,2,2039-04-01 00:00:00,0
5690,31,2,2040-04-01 00:00:00,0
5691,31,2,2041-04-01 00:00:00,0
5692,31,2,2042-04-01 00:00:00,0
5693,31,2,2043-04-01 00:00:00,0
5694,31,2,2044-04-01 00:00:00,0
5695,31,2,2045-04-01 00:00:00,0
5696,31,2,2046-04-01 00:00:00,0
5697,31,2,2047-04-01 00:00:00,0
5698,31,2,2048-04-01 00:00:00,0
5699,31,2,2049-04-01 00:00:00,0
5700,31,2,2050-04-01 00:00:00,0
5701,31,2,2051-04-01 00:00:00,0
5702,31,2,2052-04-01 00:00:00,0
5703,31,2,2053-04-01 00:00:00,0
5704,31,2,2054-04-01 00:00:00,0
5705,31,3,2023-11-01 00:00:00,0
5706,31,3,2024-11-01 00:00:00,0
5707,31,3,2025-11-01 00:00:00,0
5708,31,3,2026-11-01 00:00:00,0
5709,31,3,2027-11-01 00:00:00,0
5710,31,3,2028-11-01 00:00:00,0
5711,31,3,2029-11-01 00:00:00,0
5712,31,3,2030-11-01 00:00:00,0
5713,31,3,2031-11-01 00:00:00,0
5714,31,3,2032-11-01 00:00:00,0
5715,31,3,2033-11-01 00:00:00,0
5716,31,3,2034-11-01 00:00:00,0
5717,31,3,2035-11-01 00:00:00,0
5718,31,3,2036-11-01 00:00:00,0
5719,31,3,2037-11-01 00:00:00,0
5720,31,3,2038-11-01 00:00:00,0
5721,31,3,2039-11-01 00:00:00,0
5722,31,3,2040-11-01 00:00:00,0
5723,31,3,2041-11-01 00:00:00,0
5724,31,3,2042-11-01 00:00:00,0
5725,31,3,2043-11-01 00:00:00,0
5726,31,3,2044-11-01 00:00:00,0
5727,31,3,2045-11-01 00:00:00,0
5728,31,3,2046-11-01 00:00:00,0
5729,31,3,2047-11-01 00:00:00,0
5730,31,3,2048-11-01 00:00:00,0
5731,31,3,2049-11-01 00:00:00,0
5732,31,3,2050-11-01 00:00:00,0
5733,31,3,2051-11-01 00:00:00,0
5734,31,3,2052-11-01 00:00:00,0
5735,31,3,2053-11-01 00:00:00,0
5736,31,3,2024-04-01 00:00:00,0
5737,31,3,2025-04-01 00:00:00,0
5738,31,3,2026-04-01 00:00:00,0
5739,31,3,2027-04-01 00:00:00,0
5740,31,3,2028-04-01 00:00:00,0
5741,31,3,2029-04-01 00:00:00,0
5742,31,3,2030-04-01 00:00:00,0
5743,31,3,2031-04-01 00:00:00,0
5744,31,3,2032-04-01 00:00:00,0
5745,31,3,2033-04-01 00:00:00,0
5746,31,3,2034-04-01 00:00:00,0
5747,31,3,2035-04-01 00:00:00,0
5748,31,3,2036-04-01 00:00:00,0
5749,31,3,2037-04-01 00:00:00,0
5750,31,3,2038-04-01 00:00:00,0
5751,31,3,2039-04-01 00:00:00,0
5752,31,3,2040-04-01 00:00:00,0
5753,31,3,2041-04-01 00:00:00,0
5754,31,3,2042-04-01 00:00:00,0
5755,31,3,2043-04-01 00:00:00,0
5756,31,3,2044-04-01 00:00:00,0
5757,31,3,2045-04-01 00:00:00,0
5758,31,3,2046-04-01 00:00:00,0
5759,31,3,2047-04-01 00:00:00,0
5760,31,3,2048-04-01 00:00:00,0
5761,31,3,2049-04-01 00:00:00,0
5762,31,3,2050-04-01 00:00:00,0
5763,31,3,2051-04-01 00:00:00,0
5764,31,3,2052-04-01 00:00:00,0
5765,31,3,2053-04-01 00:00:00,0
5766,31,3,2054-04-01 00:00:00,0
5767,32,1,2023-11-01 00:00:00,0
5768,32,1,2024-11-01 00:00:00,0
5769,32,1,2025-11-01 00:00:00,0
5770,32,1,2026-11-01 00:00:00,0
5771,32,1,2027-11-01 00:00:00,0
5772,32,1,2028-11-01 00:00:00,0
5773,32,1,2029-11-01 00:00:00,0
5774,32,1,2030-11-01 00:00:00,0
5775,32,1,2031-11-01 00:00:00,0
5776,32,1,2032-11-01 00:00:00,0
5777,32,1,2033-11-01 00:00:00,0
5778,32,1,2034-11-01 00:00:00,0
5779,32,1,2035-11-01 00:00:00,0
5780,32,1,2036-11-01 00:00:00,0
5781,32,1,2037-11-01 00:00:00,0
5782,32,1,2038-11-01 00:00:00,0
5783,32,1,2039-11-01 00:00:00,0
5784,32,1,2040-11-01 00:00:00,0
5785,32,1,2041-11-01 00:00:00,0
5786,32,1,2042-11-01 00:00:00,0
5787,32,1,2043-11-01 00:00:00,0
5788,32,1,2044-11-01 00:00:00,0
5789,32,1,2045-11-01 00:00:00,0
5790,32,1,2046-11-01 00:00:00,0
5791,32,1,2047-11-01 00:00:00,0
5792,32,1,2048-11-01 00:00:00,0
5793,32,1,2049-11-01 00:00:00,0
5794,32,1,2050-11-01 00:00:00,0
5795,32,1,2051-11-01 00:00:00,0
5796,32,1,2052-11-01 00:00:00,0
5797,32,1,2053-11-01 00:00:00,0
5798,32,1,2024-04-01 00:00:00,0
5799,32,1,2025-04-01 00:00:00,0
5800,32,1,2026-04-01 00:00:00,0
5801,32,1,2027-04-01 00:00:00,0
5802,32,1,2028-04-01 00:00:00,0
5803,32,1,2029-04-01 00:00:00,0
5804,32,1,2030-04-01 00:00:00,0
5805,32,1,2031-04-01 00:00:00,0
5806,32,1,2032-04-01 00:00:00,0
5807,32,1,2033-04-01 00:00:00,0
5808,32,1,2034-04-01 00:00:00,0
5809,32,1,2035-04-01 00:00:00,0
5810,32,1,2036-04-01 00:00:00,0
5811,32,1,2037-04-01 00:00:00,0
5812,32,1,2038-04-01 00:00:00,0
5813,32,1,2039-04-01 00:00:00,0
5814,32,1,2040-04-01 00:00:00,0
5815,32,1,2041-04-01 00:00:00,0
5816,32,1,2042-04-01 00:00:00,0
5817,32,1,2043-04-01 00:00:00,0
5818,32,1,2044-04-01 00:00:00,0
5819,32,1,2045-04-01 00:00:00,0
5820,32,1,2046-04-01 00:00:00,0
5821,32,1,2047-04-01 00:00:00,0
5822,32,1,2048-04-01 00:00:00,0
5823,32,1,2049-04-01 00:00:00,0
5824,32,1,2050-04-01 00:00:00,0
5825,32,1,2051-04-01 00:00:00,0
5826,32,1,2052-04-01 00:00:00,0
5827,32,1,2053-04-01 00:00:00,0
5828,32,1,2054-04-01 00:00:00,0
5829,32,2,2023-11-01 00:00:00,0
5830,32,2,2024-11-01 00:00:00,0
5831,32,2,2025-11-01 00:00:00,0
5832,32,2,2026-11-01 00:00:00,0
5833,32,2,2027-11-01 00:00:00,0
5834,32,2,2028-11-01 00:00:00,0
5835,32,2,2029-11-01 00:00:00,0
5836,32,2,2030-11-01 00:00:00,0
5837,32,2,2031-11-01 00:00:00,0
5838,32,2,2032-11-01 00:00:00,0
5839,32,2,2033-11-01 00:00:00,0
5840,32,2,2034-11-01 00:00:00,0
5841,32,2,2035-11-01 00:00:00,0
5842,32,2,2036-11-01 00:00:00,0
5843,32,2,2037-11-01 00:00:00,0
5844,32,2,2038-11-01 00:00:00,0
5845,32,2,2039-11-01 00:00:00,0
5846,32,2,2040-11-01 00:00:00,0
5847,32,2,2041-11-01 00:00:00,0
5848,32,2,2042-11-01 00:00:00,0
5849,32,2,2043-11-01 00:00:00,0
5850,32,2,2044-11-01 00:00:00,0
5851,32,2,2045-11-01 00:00:00,0
5852,32,2,2046-11-01 00:00:00,0
5853,32,2,2047-11-01 00:00:00,0
5854,32,2,2048-11-01 00:00:00,0
5855,32,2,2049-11-01 00:00:00,0
5856,32,2,2050-11-01 00:00:00,0
5857,32,2,2051-11-01 00:00:00,0
5858,32,2,2052-11-01 00:00:00,0
5859,32,2,2053-11-01 00:00:00,0
5860,32,2,2024-04-01 00:00:00,0
5861,32,2,2025-04-01 00:00:00,0
5862,32,2,2026-04-01 00:00:00,0
5863,32,2,2027-04-01 00:00:00,0
5864,32,2,2028-04-01 00:00:00,0
5865,32,2,2029-04-01 00:00:00,0
5866,32,2,2030-04-01 00:00:00,0
5867,32,2,2031-04-01 00:00:00,0
5868,32,2,2032-04-01 00:00:00,0
5869,32,2,2033-04-01 00:00:00,0
5870,32,2,2034-04-01 00:00:00,0
5871,32,2,2035-04-01 00:00:00,0
5872,32,2,2036-04-01 00:00:00,0
5873,32,2,2037-04-01 00:00:00,0
5874,32,2,2038-04-01 00:00:00,0
5875,32,2,2039-04-01 00:00:00,0
5876,32,2,2040-04-01 00:00:00,0
5877,32,2,2041-04-01 00:00:00,0
5878,32,2,2042-04-01 00:00:00,0
5879,32,2,2043-04-01 00:00:00,0
5880,32,2,2044-04-01 00:00:00,0
5881,32,2,2045-04-01 00:00:00,0
5882,32,2,2046-04-01 00:00:00,0
5883,32,2,2047-04-01 00:00:00,0
5884,32,2,2048-04-01 00:00:00,0
5885,32,2,2049-04-01 00:00:00,0
5886,32,2,2050-04-01 00:00:00,0
5887,32,2,2051-04-01 00:00:00,0
5888,32,2,2052-04-01 00:00:00,0
5889,32,2,2053-04-01 00:00:00,0
5890,32,2,2054-04-01 00:00:00,0
5891,32,3,2023-11-01 00:00:00,0
5892,32,3,2024-11-01 00:00:00,0
5893,32,3,2025-11-01 00:00:00,0
5894,32,3,2026-11-01 00:00:00,0
5895,32,3,2027-11-01 00:00:00,0
5896,32,3,2028-11-01 00:00:00,0
5897,32,3,2029-11-01 00:00:00,0
5898,32,3,2030-11-01 00:00:00,0
5899,32,3,2031-11-01 00:00:00,0
5900,32,3,2032-11-01 00:00:00,0
5901,32,3,2033-11-01 00:00:00,0
5902,32,3,2034-11-01 00:00:00,0
5903,32,3,2035-11-01 00:00:00,0
5904,32,3,2036-11-01 00:00:00,0
5905,32,3,2037-11-01 00:00:00,0
5906,32,3,2038-11-01 00:00:00,0
5907,32,3,2039-11-01 00:00:00,0
5908,32,3,2040-11-01 00:00:00,0
5909,32,3,2041-11-01 00:00:00,0
5910,32,3,2042-11-01 00:00:00,0
5911,32,3,2043-11-01 00:00:00,0
5912,32,3,2044-11-01 00:00:00,0
5913,32,3,2045-11-01 00:00:00,0
5914,32,3,2046-11-01 00:00:00,0
5915,32,3,2047-11-01 00:00:00,0
5916,32,3,2048-11-01 00:00:00,0
5917,32,3,2049-11-01 00:00:00,0
5918,32,3,2050-11-01 00:00:00,0
5919,32,3,2051-11-01 00:00:00,0
5920,32,3,2052-11-01 00:00:00,0
5921,32,3,2053-11-01 00:00:00,0
5922,32,3,2024-04-01 00:00:00,0
5923,32,3,2025-04-01 00:00:00,0
5924,32,3,2026-04-01 00:00:00,0
5925,32,3,2027-04-01 00:00:00,0
5926,32,3,2028-04-01 00:00:00,0
5927,32,3,2029-04-01 00:00:00,0
5928,32,3,2030-04-01 00:00:00,0
5929,32,3,2031-04-01 00:00:00,0
5930,32,3,2032-04-01 00:00:00,0
5931,32,3,2033-04-01 00:00:00,0
5932,32,3,2034-04-01 00:00:00,0
5933,32,3,2035-04-01 00:00:00,0
5934,32,3,2036-04-01 00:00:00,0
5935,32,3,2037-04-01 00:00:00,0
5936,32,3,2038-04-01 00:00:00,0
5937,32,3,2039-04-01 00:00:00,0
5938,32,3,2040-04-01 00:00:00,0
5939,32,3,2041-04-01 00:00:00,0
5940,32,3,2042-04-01 00:00:00,0
5941,32,3,2043-04-01 00:00:00,0
5942,32,3,2044-04-01 00:00:00,0
5943,32,3,2045-04-01 00:00:00,0
5944,32,3,2046-04-01 00:00:00,0
5945,32,3,2047-04-01 00:00:00,0
5946,32,3,2048-04-01 00:00:00,0
5947,32,3,2049-04-01 00:00:00,0
5948,32,3,2050-04-01 00:00:00,0
5949,32,3,2051-04-01 00:00:00,0
5950,32,3,2052-04-01 00:00:00,0
5951,32,3,2053-04-01 00:00:00,0
5952,32,3,2054-04-01 00:00:00,0
