1,1,1,2023-11-01 00:00:00,0.11710407702401794
2,1,1,2024-11-01 00:00:00,0.11853995807744594
3,1,1,2025-11-01 00:00:00,0.11939085055355143
4,1,1,2026-11-01 00:00:00,0.12151808174381518
5,1,1,2027-11-01 00:00:00,0.12311350513651295
6,1,1,2028-11-01 00:00:00,0.1250811939875069
7,1,1,2029-11-01 00:00:00,0.11790178872036684
8,1,1,2030-11-01 00:00:00,0.1204012853689267
9,1,1,2031-11-01 00:00:00,0.12220943188065088
10,1,1,2032-11-01 00:00:00,0.12396439761261843
11,1,1,2033-11-01 00:00:00,0.12619799036239535
12,1,1,2034-11-01 00:00:00,0.12864430623119863
13,1,1,2035-11-01 00:00:00,0.13130334521902828
14,1,1,2036-11-01 00:00:00,0.13422828810564089
15,1,1,2037-11-01 00:00:00,0.13608961539712167
16,1,1,2038-11-01 00:00:00,0.1380573042481156
17,1,1,2039-11-01 00:00:00,0.14098224713472823
18,1,1,2040-11-01 00:00:00,0.14263085130718262
19,1,1,2041-11-01 00:00:00,0.14385400924158426
20,1,1,2042-11-01 00:00:00,0.14539625185452545
21,1,1,2043-11-01 00:00:00,0.14672577134844028
22,1,1,2044-11-01 00:00:00,0.14762984460430237
23,1,1,2045-11-01 00:00:00,0.14885300253870398
24,1,1,2046-11-01 00:00:00,0.15055478749091497
25,1,1,2047-11-01 00:00:00,0.15167158386580343
26,1,1,2048-11-01 00:00:00,0.15555378078803472
27,1,1,2049-11-01 00:00:00,0.15858508523416054
28,1,1,2050-11-01 00:00:00,0.1618822935790693
29,1,1,2051-11-01 00:00:00,0.1625204629361484
30,1,1,2052-11-01 00:00:00,0.16470087490616872
31,1,1,2053-11-01 00:00:00,0.1664026598583797
32,1,1,2024-04-01 00:00:00,0.11710407702401794
33,1,1,2025-04-01 00:00:00,0.11795496950012342
34,1,1,2026-04-01 00:00:00,0.11864631963695912
35,1,1,2027-04-01 00:00:00,0.12024174302965693
36,1,1,2028-04-01 00:00:00,0.1221030703211377
37,1,1,2029-04-01 00:00:00,0.1166786307859652
38,1,1,2030-04-01 00:00:00,0.11572137675034652
39,1,1,2031-04-01 00:00:00,0.11827405417866298
40,1,1,2032-04-01 00:00:00,0.12002901991063056
41,1,1,2033-04-01 00:00:00,0.1221030703211377
42,1,1,2034-04-01 00:00:00,0.12444302463042778
43,1,1,2035-04-01 00:00:00,0.12710206361825743
44,1,1,2036-04-01 00:00:00,0.13013336806438322
45,1,1,2037-04-01 00:00:00,0.1333773956295354
46,1,1,2038-04-01 00:00:00,0.13566416915906893
47,1,1,2039-04-01 00:00:00,0.13763185801006286
48,1,1,2040-04-01 00:00:00,0.14055680089667547
49,1,1,2041-04-01 00:00:00,0.14199268195010348
50,1,1,2042-04-01 00:00:00,0.1434817437832881
51,1,1,2043-04-01 00:00:00,0.14523670951525566
52,1,1,2044-04-01 00:00:00,0.1464598674496573
53,1,1,2045-04-01 00:00:00,0.14699167524722326
54,1,1,2046-04-01 00:00:00,0.14826801396138148
55,1,1,2047-04-01 00:00:00,0.15028888359213202
56,1,1,2048-04-01 00:00:00,0.15172476464556003
57,1,1,2049-04-01 00:00:00,0.15693648106170616
58,1,1,2050-04-01 00:00:00,0.16049959330539787
59,1,1,2051-04-01 00:00:00,0.16374362087055006
60,1,1,2052-04-01 00:00:00,0.1651263211442215
61,1,1,2053-04-01 00:00:00,0.16704082921545882
62,1,1,2054-04-01 00:00:00,0.168848975727183
63,1,2,2023-11-01 00:00:00,0.11710407702401794
64,1,2,2024-11-01 00:00:00,0.12321986669602615
65,1,2,2025-11-01 00:00:00,0.1290165716894948
66,1,2,2026-11-01 00:00:00,0.13566416915906893
67,1,2,2027-11-01 00:00:00,0.14156723571205077
68,1,2,2028-11-01 00:00:00,0.14858709863992103
69,1,2,2029-11-01 00:00:00,0.15624513092487044
70,1,2,2030-11-01 00:00:00,0.16384998243006324
71,1,2,2031-11-01 00:00:00,0.17113574925671649
72,1,2,2032-11-01 00:00:00,0.17852787764288294
73,1,2,2033-11-01 00:00:00,0.18613272914807574
74,1,2,2034-11-01 00:00:00,0.1933121344152158
75,1,2,2035-11-01 00:00:00,0.20214014385481024
76,1,2,2036-11-01 00:00:00,0.21107451485391787
77,1,2,2037-11-01 00:00:00,0.2201684281922953
78,1,2,2038-11-01 00:00:00,0.2277732796974881
79,1,2,2039-11-01 00:00:00,0.23537813120268092
80,1,2,2040-11-01 00:00:00,0.2440465983030056
81,1,2,2041-11-01 00:00:00,0.2523427999450341
82,1,2,2042-11-01 00:00:00,0.2603199169085231
83,1,2,2043-11-01 00:00:00,0.2677652260744461
84,1,2,2044-11-01 00:00:00,0.2738278349666977
85,1,2,2045-11-01 00:00:00,0.2806349747755416
86,1,2,2046-11-01 00:00:00,0.2883461878402476
87,1,2,2047-11-01 00:00:00,0.2955255931073877
88,1,2,2048-11-01 00:00:00,0.3024922752555014
89,1,2,2049-11-01 00:00:00,0.30898033038580575
90,1,2,2050-11-01 00:00:00,0.31217117717120135
91,1,2,2051-11-01 00:00:00,0.31791470138491335
92,1,2,2052-11-01 00:00:00,0.3250409258722968
93,1,2,2053-11-01 00:00:00,0.33099717320503524
94,1,2,2024-04-01 00:00:00,0.11710407702401794
95,1,2,2025-04-01 00:00:00,0.12438984385067119
96,1,2,2026-04-01 00:00:00,0.13156924911781123
97,1,2,2027-04-01 00:00:00,0.13933364296227382
98,1,2,2028-04-01 00:00:00,0.14693849446746665
99,1,2,2029-04-01 00:00:00,0.1556601423475479
100,1,2,2030-04-01 00:00:00,0.16523268270373467
101,1,2,2031-04-01 00:00:00,0.17469886150040823
102,1,2,2032-04-01 00:00:00,0.18389913639829883
103,1,2,2033-04-01 00:00:00,0.19299304973667625
104,1,2,2034-04-01 00:00:00,0.2018742399560273
105,1,2,2035-04-01 00:00:00,0.21070224939562174
106,1,2,2036-04-01 00:00:00,0.222561563281342
107,1,2,2037-04-01 00:00:00,0.23367634625046993
108,1,2,2038-04-01 00:00:00,0.24511021389813747
109,1,2,2039-04-01 00:00:00,0.25367231943894897
110,1,2,2040-04-01 00:00:00,0.2629257751165961
111,1,2,2041-04-01 00:00:00,0.2738810157464543
112,1,2,2042-04-01 00:00:00,0.285155341054852
113,1,2,2043-04-01 00:00:00,0.2954192315478745
114,1,2,2044-04-01 00:00:00,0.3039281563089294
115,1,2,2045-04-01 00:00:00,0.3114798270343656
116,1,2,2046-04-01 00:00:00,0.3201482941346903
117,1,2,2047-04-01 00:00:00,0.3305717269669825
118,1,2,2048-04-01 00:00:00,0.34014426732316927
119,1,2,2049-04-01 00:00:00,0.3491318191020335
120,1,2,2050-04-01 00:00:00,0.35710893606552246
121,1,2,2051-04-01 00:00:00,0.35987433661286533
122,1,2,2052-04-01 00:00:00,0.36763873045732787
123,1,2,2053-04-01 00:00:00,0.3754031243017905
124,1,2,2054-04-01 00:00:00,0.38263571034868715
125,1,3,2023-11-01 00:00:00,0.11710407702401794
126,1,3,2024-11-01 00:00:00,0.1310906221000019
127,1,3,2025-11-01 00:00:00,0.14592805965209138
128,1,3,2026-11-01 00:00:00,0.16087185876369403
129,1,3,2027-11-01 00:00:00,0.1764538272323758
130,1,3,2028-11-01 00:00:00,0.19474801546864381
131,1,3,2029-11-01 00:00:00,0.21564806191298488
132,1,3,2030-11-01 00:00:00,0.2378244470714842
133,1,3,2031-11-01 00:00:00,0.2596285667716874
134,1,3,2032-11-01 00:00:00,0.2799968054184625
135,1,3,2033-11-01 00:00:00,0.3006309479640206
136,1,3,2034-11-01 00:00:00,0.3223818868844672
137,1,3,2035-11-01 00:00:00,0.3457282491976116
138,1,3,2036-11-01 00:00:00,0.36891506917148614
139,1,3,2037-11-01 00:00:00,0.39204870836560407
140,1,3,2038-11-01 00:00:00,0.4143314550836166
141,1,3,2039-11-01 00:00:00,0.4360823940040632
142,1,3,2040-11-01 00:00:00,0.4596946602159905
143,1,3,2041-11-01 00:00:00,0.4835196495469442
144,1,3,2042-11-01 00:00:00,0.5072382773183847
145,1,3,2043-11-01 00:00:00,0.5300528318339631
146,1,3,2044-11-01 00:00:00,0.5495169972248761
147,1,3,2045-11-01 00:00:00,0.5698320550918947
148,1,3,2046-11-01 00:00:00,0.5908916438755056
149,1,3,2047-11-01 00:00:00,0.6113662440817939
150,1,3,2048-11-01 00:00:00,0.6308835902524635
151,1,3,2049-11-01 00:00:00,0.6509859250004557
152,1,3,2050-11-01 00:00:00,0.6566230876546546
153,1,3,2051-11-01 00:00:00,0.6687483054391579
154,1,3,2052-11-01 00:00:00,0.6844898162471095
155,1,3,2053-11-01 00:00:00,0.6996463384777384
156,1,3,2024-04-01 00:00:00,0.11710407702401794
157,1,3,2025-04-01 00:00:00,0.133430576409292
158,1,3,2026-04-01 00:00:00,0.15060796827067158
159,1,3,2027-04-01 00:00:00,0.1673067331142418
160,1,3,2028-04-01 00:00:00,0.18607954836831916
161,1,3,2029-04-01 00:00:00,0.20814957196730527
162,1,3,2030-04-01 00:00:00,0.23346362313144356
163,1,3,2031-04-01 00:00:00,0.2604794592477928
164,1,3,2032-04-01 00:00:00,0.2868039452273064
165,1,3,2033-04-01 00:00:00,0.3107352961177733
166,1,3,2034-04-01 00:00:00,0.3338157545321347
167,1,3,2035-04-01 00:00:00,0.3599275173926219
168,1,3,2036-04-01 00:00:00,0.3891769462587481
169,1,3,2037-04-01 00:00:00,0.4169904940714462
170,1,3,2038-04-01 00:00:00,0.44421905330682193
171,1,3,2039-04-01 00:00:00,0.4696394660304734
172,1,3,2040-04-01 00:00:00,0.49479397485534193
173,1,3,2041-04-01 00:00:00,0.5230861496858494
174,1,3,2042-04-01 00:00:00,0.5523887593317323
175,1,3,2043-04-01 00:00:00,0.5813191035193188
176,1,3,2044-04-01 00:00:00,0.6066331546834571
177,1,3,2045-04-01 00:00:00,0.6279586473658509
178,1,3,2046-04-01 00:00:00,0.651092286559969
179,1,3,2047-04-01 00:00:00,0.6760340722658111
180,1,3,2048-04-01 00:00:00,0.70086949641214
181,1,3,2049-04-01 00:00:00,0.7260771860167652
182,1,3,2050-04-01 00:00:00,0.7498489945679623
183,1,3,2051-04-01 00:00:00,0.7549543494245953
184,1,3,2052-04-01 00:00:00,0.7703767755540073
185,1,3,2053-04-01 00:00:00,0.7882455175522225
186,1,3,2054-04-01 00:00:00,0.8061674403301944
187,2,1,2023-11-01 00:00:00,0.1708698453579335
188,2,1,2024-11-01 00:00:00,0.17299707654819726
189,2,1,2025-11-01 00:00:00,0.1742202344825989
190,2,1,2026-11-01 00:00:00,0.17735790048823788
191,2,1,2027-11-01 00:00:00,0.17969785479752798
192,2,1,2028-11-01 00:00:00,0.182569616904384
193,2,1,2029-11-01 00:00:00,0.17203982251257857
194,2,1,2030-11-01 00:00:00,0.17565611553602692
195,2,1,2031-11-01 00:00:00,0.17831515452385657
196,2,1,2032-11-01 00:00:00,0.18086783195217304
197,2,1,2033-11-01 00:00:00,0.18416504029708178
198,2,1,2034-11-01 00:00:00,0.18772815254077352
199,2,1,2035-11-01 00:00:00,0.1915571686832482
200,2,1,2036-11-01 00:00:00,0.19586481184353227
201,2,1,2037-11-01 00:00:00,0.19852385083136193
202,2,1,2038-11-01 00:00:00,0.20144879371797456
203,2,1,2039-11-01 00:00:00,0.20570325609850196
204,2,1,2040-11-01 00:00:00,0.20814957196730524
205,2,1,2041-11-01 00:00:00,0.20985135691951629
206,2,1,2042-11-01 00:00:00,0.21208494966929314
207,2,1,2043-11-01 00:00:00,0.21410581930004366
208,2,1,2044-11-01 00:00:00,0.2154885195737151
209,2,1,2045-11-01 00:00:00,0.2171903045259261
210,2,1,2046-11-01 00:00:00,0.21974298195424252
211,2,1,2047-11-01 00:00:00,0.22133840534694038
212,2,1,2048-11-01 00:00:00,0.22692238722138264
213,2,1,2049-11-01 00:00:00,0.23138957272093644
214,2,1,2050-11-01 00:00:00,0.2361758428990298
215,2,1,2051-11-01 00:00:00,0.23718627771440506
216,2,1,2052-11-01 00:00:00,0.24032394372004406
217,2,1,2053-11-01 00:00:00,0.24282344036860398
218,2,1,2024-04-01 00:00:00,0.1708698453579335
219,2,1,2025-04-01 00:00:00,0.17209300329233518
220,2,1,2026-04-01 00:00:00,0.17315661888746706
221,2,1,2027-04-01 00:00:00,0.17549657319675713
222,2,1,2028-04-01 00:00:00,0.1781024314048302
223,2,1,2029-04-01 00:00:00,0.17028485678061098
224,2,1,2030-04-01 00:00:00,0.16884897572718296
225,2,1,2031-04-01 00:00:00,0.1725184495303879
226,2,1,2032-04-01 00:00:00,0.17517748851821754
227,2,1,2033-04-01 00:00:00,0.17820879296434336
228,2,1,2034-04-01 00:00:00,0.18155918208900873
229,2,1,2035-04-01 00:00:00,0.18538819823148345
230,2,1,2036-04-01 00:00:00,0.18985538373103727
231,2,1,2037-04-01 00:00:00,0.19464165390913063
232,2,1,2038-04-01 00:00:00,0.1979388622540394
233,2,1,2039-04-01 00:00:00,0.20081062436089545
234,2,1,2040-04-01 00:00:00,0.2050119059616663
235,2,1,2041-04-01 00:00:00,0.20713913715193003
236,2,1,2042-04-01 00:00:00,0.2093195491219503
237,2,1,2043-04-01 00:00:00,0.2118722265502668
238,2,1,2044-04-01 00:00:00,0.2137867346215041
239,2,1,2045-04-01 00:00:00,0.21453126553809646
240,2,1,2046-04-01 00:00:00,0.21633941204982063
241,2,1,2047-04-01 00:00:00,0.21931753571618978
242,2,1,2048-04-01 00:00:00,0.22139158612669693
243,2,1,2049-04-01 00:00:00,0.22899643763188968
244,2,1,2050-04-01 00:00:00,0.23420815404803588
245,2,1,2051-04-01 00:00:00,0.23899442422612927
246,2,1,2052-04-01 00:00:00,0.2409089322973666
247,2,1,2053-04-01 00:00:00,0.24378069440422265
248,2,1,2054-04-01 00:00:00,0.2464397333920523
249,2,2,2023-11-01 00:00:00,0.1708698453579335
250,2,2,2024-11-01 00:00:00,0.17980421635704114
251,2,2,2025-11-01 00:00:00,0.18831314111809605
252,2,2,2026-11-01 00:00:00,0.19799204303379603
253,2,2,2027-11-01 00:00:00,0.2065541485746074
254,2,2,2028-11-01 00:00:00,0.21676485828787337
255,2,2,2029-11-01 00:00:00,0.22798600281651452
256,2,2,2030-11-01 00:00:00,0.23904760500588587
257,2,2,2031-11-01 00:00:00,0.24963058017744788
258,2,2,2032-11-01 00:00:00,0.2604794592477928
259,2,2,2033-11-01 00:00:00,0.2715410614371642
260,2,2,2034-11-01 00:00:00,0.2820708558289696
261,2,2,2035-11-01 00:00:00,0.2948874237503085
262,2,2,2036-11-01 00:00:00,0.30802307635018705
263,2,2,2037-11-01 00:00:00,0.32131827128933527
264,2,2,2038-11-01 00:00:00,0.33232669269895004
265,2,2,2039-11-01 00:00:00,0.3434414756680781
266,2,2,2040-11-01 00:00:00,0.3560453204703906
267,2,2,2041-11-01 00:00:00,0.3682237190346504
268,2,2,2042-11-01 00:00:00,0.37987030980134423
269,2,2,2043-11-01 00:00:00,0.39071918887168927
270,2,2,2044-11-01 00:00:00,0.39960037909104024
271,2,2,2045-11-01 00:00:00,0.40943882334600995
272,2,2,2046-11-01 00:00:00,0.42071314865440784
273,2,2,2047-11-01 00:00:00,0.4312429430462132
274,2,2,2048-11-01 00:00:00,0.4413472911999659
275,2,2,2049-11-01 00:00:00,0.45076028921688294
276,2,2,2050-11-01 00:00:00,0.4554933786152196
277,2,2,2051-11-01 00:00:00,0.4638959418167613
278,2,2,2052-11-01 00:00:00,0.47431937464905355
279,2,2,2053-11-01 00:00:00,0.4830410225291348
280,2,2,2024-04-01 00:00:00,0.1708698453579335
281,2,2,2025-04-01 00:00:00,0.18155918208900873
282,2,2,2026-04-01 00:00:00,0.19203579570105755
283,2,2,2027-04-01 00:00:00,0.20331012100945534
284,2,2,2028-04-01 00:00:00,0.2144249039785833
285,2,2,2029-04-01 00:00:00,0.2271882911201656
286,2,2,2030-04-01 00:00:00,0.24112165541639297
287,2,2,2031-04-01 00:00:00,0.2549486581531072
288,2,2,2032-04-01 00:00:00,0.26835021465176867
289,2,2,2033-04-01 00:00:00,0.2815390480314037
290,2,2,2034-04-01 00:00:00,0.294568339071769
291,2,2,2035-04-01 00:00:00,0.30738490699310794
292,2,2,2036-04-01 00:00:00,0.3246686604140007
293,2,2,2037-04-01 00:00:00,0.3409951597992748
294,2,2,2038-04-01 00:00:00,0.3575875630833318
295,2,2,2039-04-01 00:00:00,0.3700850463261312
296,2,2,2040-04-01 00:00:00,0.383699325943819
297,2,2,2041-04-01 00:00:00,0.3996535598707969
298,2,2,2042-04-01 00:00:00,0.41613960159534075
299,2,2,2043-04-01 00:00:00,0.4310302199271868
300,2,2,2044-04-01 00:00:00,0.44347452239022955
301,2,2,2045-04-01 00:00:00,0.4544829437998444
302,2,2,2046-04-01 00:00:00,0.46713996938191343
303,2,2,2047-04-01 00:00:00,0.4824028531720558
304,2,2,2048-04-01 00:00:00,0.49633621746828305
305,2,2,2049-04-01 00:00:00,0.509418689288405
306,2,2,2050-04-01 00:00:00,0.5210652800550988
307,2,2,2051-04-01 00:00:00,0.5250538385368434
308,2,2,2052-04-01 00:00:00,0.5364345254047543
309,2,2,2053-04-01 00:00:00,0.5477620314929086
310,2,2,2054-04-01 00:00:00,0.558291825884714
311,2,3,2023-11-01 00:00:00,0.1708698453579335
312,2,3,2024-11-01 00:00:00,0.19123808400470868
313,2,3,2025-11-01 00:00:00,0.21288266136564207
314,2,3,2026-11-01 00:00:00,0.2346867810658452
315,2,3,2027-11-01 00:00:00,0.25750133558142363
316,2,3,2028-11-01 00:00:00,0.2840917254597202
317,2,3,2029-11-01 00:00:00,0.3146706738197612
318,2,3,2030-11-01 00:00:00,0.3470577686915264
319,2,3,2031-11-01 00:00:00,0.3788066942062124
320,2,3,2032-11-01 00:00:00,0.40858793086990447
321,2,3,2033-11-01 00:00:00,0.43868825221213625
322,2,3,2034-11-01 00:00:00,0.4703839969470656
323,2,3,2035-11-01 00:00:00,0.5044728767710418
324,2,3,2036-11-01 00:00:00,0.5383490334759916
325,2,3,2037-11-01 00:00:00,0.5721188286214283
326,2,3,2038-11-01 00:00:00,0.60455910427295
327,2,3,2039-11-01 00:00:00,0.6362548490078794
328,2,3,2040-11-01 00:00:00,0.6707159942901518
329,2,3,2041-11-01 00:00:00,0.7054962242509638
330,2,3,2042-11-01 00:00:00,0.7401700926522624
331,2,3,2043-11-01 00:00:00,0.7734080800001331
332,2,3,2044-11-01 00:00:00,0.8018066163901536
333,2,3,2045-11-01 00:00:00,0.8314814914943326
334,2,3,2046-11-01 00:00:00,0.8622731629734
335,2,3,2047-11-01 00:00:00,0.8921075804168487
336,2,3,2048-11-01 00:00:00,0.9205061168068696
337,2,3,2049-11-01 00:00:00,0.9499150880122653
338,2,3,2050-11-01 00:00:00,0.9581049280947808
339,2,3,2051-11-01 00:00:00,0.9758141277537262
340,2,3,2052-11-01 00:00:00,0.9987882246085743
341,2,3,2053-11-01 00:00:00,1.020805067427804
342,2,3,2024-04-01 00:00:00,0.1708698453579335
343,2,3,2025-04-01 00:00:00,0.1946948346888872
344,2,3,2026-04-01 00:00:00,0.21968980117448594
345,2,3,2027-04-01 00:00:00,0.24420614064227533
346,2,3,2028-04-01 00:00:00,0.27154106143716417
347,2,3,2029-04-01 00:00:00,0.3036622524101464
348,2,3,2030-04-01 00:00:00,0.34062289434097864
349,2,3,2031-04-01 00:00:00,0.38002985214061413
350,2,3,2032-04-01 00:00:00,0.4185327366843874
351,2,3,2033-04-01 00:00:00,0.453472508984469
352,2,3,2034-04-01 00:00:00,0.48702958101087923
353,2,3,2035-04-01 00:00:00,0.5252133808761131
354,2,3,2036-04-01 00:00:00,0.5678643662409008
355,2,3,2037-04-01 00:00:00,0.6084413011951812
356,2,3,2038-04-01 00:00:00,0.6482205244531128
357,2,3,2039-04-01 00:00:00,0.6852343471637017
358,2,3,2040-04-01 00:00:00,0.7219290851957509
359,2,3,2041-04-01 00:00:00,0.7632505510666237
360,2,3,2042-04-01 00:00:00,0.8059547172111678
361,2,3,2043-04-01 00:00:00,0.8482334371176594
362,2,3,2044-04-01 00:00:00,0.8851940790484916
363,2,3,2045-04-01 00:00:00,0.916251654426342
364,2,3,2046-04-01 00:00:00,0.9500214495717785
365,2,3,2047-04-01 00:00:00,0.9865034644848014
366,2,3,2048-04-01 00:00:00,1.0226663947192847
367,2,3,2049-04-01 00:00:00,1.0594143135310905
368,2,3,2050-04-01 00:00:00,1.0941945434919025
369,2,3,2051-04-01 00:00:00,1.1015334910983121
370,2,3,2052-04-01 00:00:00,1.1241353224948643
371,2,3,2053-04-01 00:00:00,1.150193904575595
372,2,3,2054-04-01 00:00:00,1.176305667436082
373,3,1,2023-11-01 00:00:00,0.5196293990016709
374,3,1,2024-11-01 00:00:00,0.5261174541319753
375,3,1,2025-11-01 00:00:00,0.5298401087149367
376,3,1,2026-11-01 00:00:00,0.5393062875116104
377,3,1,2027-11-01 00:00:00,0.5463793312192372
378,3,1,2028-11-01 00:00:00,0.5551541598790751
379,3,1,2029-11-01 00:00:00,0.5231925112453626
380,3,1,2030-11-01 00:00:00,0.5342009326549774
381,3,1,2031-11-01 00:00:00,0.5422844111779795
382,3,1,2032-11-01 00:00:00,0.5501019858021987
383,3,1,2033-11-01 00:00:00,0.559993610836925
384,3,1,2034-11-01 00:00:00,0.5708956706870265
385,3,1,2035-11-01 00:00:00,0.5825954422334769
386,3,1,2036-11-01 00:00:00,0.5955715524940858
387,3,1,2037-11-01 00:00:00,0.603761392576601
388,3,1,2038-11-01 00:00:00,0.6125894020161955
389,3,1,2039-11-01 00:00:00,0.6255655122768042
390,3,1,2040-11-01 00:00:00,0.6329576406629707
391,3,1,2041-11-01 00:00:00,0.6382225378588734
392,3,1,2042-11-01 00:00:00,0.6450828584474739
393,3,1,2043-11-01 00:00:00,0.651092286559969
394,3,1,2044-11-01 00:00:00,0.6551872066012265
395,3,1,2045-11-01 00:00:00,0.6604521037971294
396,3,1,2046-11-01 00:00:00,0.6681101360820787
397,3,1,2047-11-01 00:00:00,0.6730027678196853
398,3,1,2048-11-01 00:00:00,0.6901269789013081
399,3,1,2049-11-01 00:00:00,0.7036880777392395
400,3,1,2050-11-01 00:00:00,0.718259611392546
401,3,1,2051-11-01 00:00:00,0.7212909158386718
402,3,1,2052-11-01 00:00:00,0.7307570946353453
403,3,1,2053-11-01 00:00:00,0.7384683077000515
404,3,1,2024-04-01 00:00:00,0.5196293990016709
405,3,1,2025-04-01 00:00:00,0.523405234364389
406,3,1,2026-04-01 00:00:00,0.5265429003700279
407,3,1,2027-04-01 00:00:00,0.5336159440776548
408,3,1,2028-04-01 00:00:00,0.541699422600657
409,3,1,2029-04-01 00:00:00,0.5178212524899467
410,3,1,2030-04-01 00:00:00,0.5134604285499061
411,3,1,2031-04-01 00:00:00,0.5247879346380604
412,3,1,2032-04-01 00:00:00,0.5327118708217928
413,3,1,2033-04-01 00:00:00,0.5418589649399268
414,3,1,2034-04-01 00:00:00,0.552176036212706
415,3,1,2035-04-01 00:00:00,0.5638758077591564
416,3,1,2036-04-01 00:00:00,0.577383725817331
417,3,1,2037-04-01 00:00:00,0.5918488979111243
418,3,1,2038-04-01 00:00:00,0.6020064268446337
419,3,1,2039-04-01 00:00:00,0.6107280747247148
420,3,1,2040-04-01 00:00:00,0.6236510042055669
421,3,1,2041-04-01 00:00:00,0.6300326977763581
422,3,1,2042-04-01 00:00:00,0.6366271144661757
423,3,1,2043-04-01 00:00:00,0.6443383275308816
424,3,1,2044-04-01 00:00:00,0.6499754901850806
425,3,1,2045-04-01 00:00:00,0.6523154444943705
426,3,1,2046-04-01 00:00:00,0.6578994263688129
427,3,1,2047-04-01 00:00:00,0.6669401589274336
428,3,1,2048-04-01 00:00:00,0.673321852498225
429,3,1,2049-04-01 00:00:00,0.6964554916923429
430,3,1,2050-04-01 00:00:00,0.712250183280051
431,3,1,2051-04-01 00:00:00,0.7266621745940877
432,3,1,2052-04-01 00:00:00,0.7326716027065827
433,3,1,2053-04-01 00:00:00,0.7412868890271507
434,3,1,2054-04-01 00:00:00,0.7493171867703964
435,3,2,2023-11-01 00:00:00,0.5196293990016709
436,3,2,2024-11-01 00:00:00,0.5468579582370466
437,3,2,2025-11-01 00:00:00,0.572544274859481
438,3,2,2026-11-01 00:00:00,0.6020064268446335
439,3,2,2027-11-01 00:00:00,0.6281713704848775
440,3,2,2028-11-01 00:00:00,0.6592821266424842
441,3,2,2029-11-01 00:00:00,0.6933710064664604
442,3,2,2030-11-01 00:00:00,0.7269812592726271
443,3,2,2031-11-01 00:00:00,0.7593151733646358
444,3,2,2032-11-01 00:00:00,0.7921808952542102
445,3,2,2033-11-01 00:00:00,0.8258975096198904
446,3,2,2034-11-01 00:00:00,0.8577527966940897
447,3,2,2035-11-01 00:00:00,0.8968938505949423
448,3,2,2036-11-01 00:00:00,0.9366730738528737
449,3,2,2037-11-01 00:00:00,0.9770904664678846
450,3,2,2038-11-01 00:00:00,1.010753900053808
451,3,2,2039-11-01 00:00:00,1.044470514419488
452,3,2,2040-11-01 00:00:00,1.0828138566239913
453,3,2,2041-11-01 00:00:00,1.1197213177750671
454,3,2,2042-11-01 00:00:00,1.155139717092958
455,3,2,2043-11-01 00:00:00,1.1881649813218025
456,3,2,2044-11-01 00:00:00,1.2150744558786386
457,3,2,2045-11-01 00:00:00,1.245227958000627
458,3,2,2046-11-01 00:00:00,1.2794763801638727
459,3,2,2047-11-01 00:00:00,1.311438028797585
460,3,2,2048-11-01 00:00:00,1.342282881056409
461,3,2,2049-11-01 00:00:00,1.3709473213452126
462,3,2,2050-11-01 00:00:00,1.3852529510997365
463,3,2,2051-11-01 00:00:00,1.4106733638233877
464,3,2,2052-11-01 00:00:00,1.442369108558317
465,3,2,2053-11-01 00:00:00,1.4688531368771005
466,3,2,2024-04-01 00:00:00,0.5196293990016709
467,3,2,2025-04-01 00:00:00,0.5520164938734361
468,3,2,2026-04-01 00:00:00,0.5838717809476353
469,3,2,2027-04-01 00:00:00,0.6182265646703944
470,3,2,2028-04-01 00:00:00,0.6521027213753442
471,3,2,2029-04-01 00:00:00,0.6908183290381439
472,3,2,2030-04-01 00:00:00,0.7332034105041486
473,3,2,2031-04-01 00:00:00,0.7752694072916136
474,3,2,2032-04-01 00:00:00,0.816005884585164
475,3,2,2033-04-01 00:00:00,0.8563169156406615
476,3,2,2034-04-01 00:00:00,0.8958302349998103
477,3,2,2035-04-01 00:00:00,0.9349181081209063
478,3,2,2036-04-01 00:00:00,0.9875138993001765
479,3,2,2037-04-01 00:00:00,1.0369720244738083
480,3,2,2038-04-01 00:00:00,1.0875469460223282
481,3,2,2039-04-01 00:00:00,1.1255180227685357
482,3,2,2040-04-01 00:00:00,1.1667863078596519
483,3,2,2041-04-01 00:00:00,1.2153935405571779
484,3,2,2042-04-01 00:00:00,1.2653834735283755
485,3,2,2043-04-01 00:00:00,1.3108530402202625
486,3,2,2044-04-01 00:00:00,1.3486113938474436
487,3,2,2045-04-01 00:00:00,1.3821152850940972
488,3,2,2046-04-01 00:00:00,1.4206181696378706
489,3,2,2047-04-01 00:00:00,1.4668854480261064
490,3,2,2048-04-01 00:00:00,1.5094300718313813
491,3,2,2049-04-01 00:00:00,1.5492624758690692
492,3,2,2050-04-01 00:00:00,1.5846276944072037
493,3,2,2051-04-01 00:00:00,1.5968060929714634
494,3,2,2052-04-01 00:00:00,1.6313204190334925
495,3,2,2053-04-01 00:00:00,1.6657283835360082
496,3,2,2054-04-01 00:00:00,1.6977963937292337
497,3,3,2023-11-01 00:00:00,0.5196293990016709
498,3,3,2024-11-01 00:00:00,0.5816381881978583
499,3,3,2025-11-01 00:00:00,0.647422812756764
500,3,3,2026-11-01 00:00:00,0.7137924258929922
501,3,3,2027-11-01 00:00:00,0.7830338011360763
502,3,3,2028-11-01 00:00:00,0.8640813094851243
503,3,3,2029-11-01 00:00:00,0.9569881317198924
504,3,3,2030-11-01 00:00:00,1.055425755049346
505,3,3,2031-11-01 00:00:00,1.152002051087319
506,3,3,2032-11-01 00:00:00,1.242462557453284
507,3,3,2033-11-01 00:00:00,1.3340930409738936
508,3,3,2034-11-01 00:00:00,1.4304566138928405
509,3,3,2035-11-01 00:00:00,1.5342123151979534
510,3,3,2036-11-01 00:00:00,1.6370639432472047
511,3,3,2037-11-01 00:00:00,1.739702848177429
512,3,3,2038-11-01 00:00:00,1.8385127369651786
513,3,3,2039-11-01 00:00:00,1.934982671443639
514,3,3,2040-11-01 00:00:00,2.0396956267843707
515,3,3,2041-11-01 00:00:00,2.1454190169404774
516,3,3,2042-11-01 00:00:00,2.2508765031978015
517,3,3,2043-11-01 00:00:00,2.351973165515085
518,3,3,2044-11-01 00:00:00,2.438391932619549
519,3,3,2045-11-01 00:00:00,2.5285333543069743
520,3,3,2046-11-01 00:00:00,2.622078345898821
521,3,3,2047-11-01 00:00:00,2.712857936943326
522,3,3,2048-11-01 00:00:00,2.799329884827546
523,3,3,2049-11-01 00:00:00,2.8886735948186226
524,3,3,2050-11-01 00:00:00,2.913668561304221
525,3,3,2051-11-01 00:00:00,2.96754069119765
526,3,3,2052-11-01 00:00:00,3.0373138742383
527,3,3,2053-11-01 00:00:00,3.104481199070877
528,3,3,2024-04-01 00:00:00,0.5196293990016709
529,3,3,2025-04-01 00:00:00,0.5921148018099072
530,3,3,2026-04-01 00:00:00,0.6681633168618354
531,3,3,2027-04-01 00:00:00,0.7424568661817958
532,3,3,2028-04-01 00:00:00,0.8257379672806204
533,3,3,2029-04-01 00:00:00,0.9235906020327519
534,3,3,2030-04-01 00:00:00,1.03585522809892
535,3,3,2031-04-01 00:00:00,1.155777886450037
536,3,3,2032-04-01 00:00:00,1.2727224211347852
537,3,3,2033-04-01 00:00:00,1.3789244383087018
538,3,3,2034-04-01 00:00:00,1.48119107778063
539,3,3,2035-04-01 00:00:00,1.597231539209516
540,3,3,2036-04-01 00:00:00,1.7268862802560903
541,3,3,2037-04-01 00:00:00,1.8502656892913862
542,3,3,2038-04-01 00:00:00,1.9711987824578792
543,3,3,2039-04-01 00:00:00,2.0838888547620997
544,3,3,2040-04-01 00:00:00,2.1955153114711883
545,3,3,2041-04-01 00:00:00,2.321181494036018
546,3,3,2042-04-01 00:00:00,2.451102138981375
547,3,3,2043-04-01 00:00:00,2.5794805413137905
548,3,3,2044-04-01 00:00:00,2.6919578904989847
549,3,3,2045-04-01 00:00:00,2.7864601361264505
550,3,3,2046-04-01 00:00:00,2.889099041056675
551,3,3,2047-04-01 00:00:00,2.9998746052896585
552,3,3,2048-04-01 00:00:00,3.1100120001655625
553,3,3,2049-04-01 00:00:00,3.221851179993678
554,3,3,2050-04-01 00:00:00,3.327415027810515
555,3,3,2051-04-01 00:00:00,3.349857316867798
556,3,3,2052-04-01 00:00:00,3.418460522753802
557,3,3,2053-04-01 00:00:00,3.4978062461506396
558,3,3,2054-04-01 00:00:00,3.57725833110699
559,4,1,2023-11-01 00:00:00,0.19815158537306574
560,4,1,2024-11-01 00:00:00,0.20059790124186905
561,4,1,2025-11-01 00:00:00,0.20203378229529712
562,4,1,2026-11-01 00:00:00,0.20570325609850187
563,4,1,2027-11-01 00:00:00,0.20836229508633167
564,4,1,2028-11-01 00:00:00,0.21165950343124032
565,4,1,2029-11-01 00:00:00,0.19948110486698056
566,4,1,2030-11-01 00:00:00,0.20373556724750805
567,4,1,2031-11-01 00:00:00,0.20676687169363397
568,4,1,2032-11-01 00:00:00,0.20974499536000304
569,4,1,2033-11-01 00:00:00,0.21357401150247773
570,4,1,2034-11-01 00:00:00,0.217722112323492
571,4,1,2035-11-01 00:00:00,0.2221361170432893
572,4,1,2036-11-01 00:00:00,0.22713511034040904
573,4,1,2037-11-01 00:00:00,0.2302195955662915
574,4,1,2038-11-01 00:00:00,0.23362316547071338
575,4,1,2039-11-01 00:00:00,0.23856897798807658
576,4,1,2040-11-01 00:00:00,0.24138755931517603
577,4,1,2041-11-01 00:00:00,0.24335524816616982
578,4,1,2042-11-01 00:00:00,0.24601428715399948
579,4,1,2043-11-01 00:00:00,0.24824787990377647
580,4,1,2044-11-01 00:00:00,0.24984330329647433
581,4,1,2045-11-01 00:00:00,0.2518641729272247
582,4,1,2046-11-01 00:00:00,0.2547891158138374
583,4,1,2047-11-01 00:00:00,0.2567036238850748
584,4,1,2048-11-01 00:00:00,0.26313849823562246
585,4,1,2049-11-01 00:00:00,0.26829703387201215
586,4,1,2050-11-01 00:00:00,0.27388101574645446
587,4,1,2051-11-01 00:00:00,0.27505099290109936
588,4,1,2052-11-01 00:00:00,0.27866728592454787
589,4,1,2053-11-01 00:00:00,0.28159222881116025
590,4,1,2024-04-01 00:00:00,0.19815158537306574
591,4,1,2025-04-01 00:00:00,0.1995874664264938
592,4,1,2026-04-01 00:00:00,0.2008106243608954
593,4,1,2027-04-01 00:00:00,0.20352284412848173
594,4,1,2028-04-01 00:00:00,0.20660732935436404
595,4,1,2029-04-01 00:00:00,0.19746023523623005
596,4,1,2030-04-01 00:00:00,0.19581163106377564
597,4,1,2031-04-01 00:00:00,0.2001192742240597
598,4,1,2032-04-01 00:00:00,0.2030973978904289
599,4,1,2033-04-01 00:00:00,0.20660732935436404
600,4,1,2034-04-01 00:00:00,0.21054270705635197
601,4,1,2035-04-01 00:00:00,0.21506307333566235
602,4,1,2036-04-01 00:00:00,0.22016842819229518
603,4,1,2037-04-01 00:00:00,0.22569922928698097
604,4,1,2038-04-01 00:00:00,0.2295814262092122
605,4,1,2039-04-01 00:00:00,0.23287863455412117
606,4,1,2040-04-01 00:00:00,0.23777126629172765
607,4,1,2041-04-01 00:00:00,0.2402707629402875
608,4,1,2042-04-01 00:00:00,0.24277025958884724
609,4,1,2043-04-01 00:00:00,0.24569520247545992
610,4,1,2044-04-01 00:00:00,0.2478756144454802
611,4,1,2045-04-01 00:00:00,0.24877968770134237
612,4,1,2046-04-01 00:00:00,0.250906918891606
613,4,1,2047-04-01 00:00:00,0.254310488796028
614,4,1,2048-04-01 00:00:00,0.25675680466483136
615,4,1,2049-04-01 00:00:00,0.26558481410442575
616,4,1,2050-04-01 00:00:00,0.2715942422169209
617,4,1,2051-04-01 00:00:00,0.27707186253185
618,4,1,2052-04-01 00:00:00,0.2794118168411401
619,4,1,2053-04-01 00:00:00,0.2826558444062923
620,4,1,2054-04-01 00:00:00,0.28574032963217466
621,4,2,2023-11-01 00:00:00,0.19815158537306574
622,4,2,2024-11-01 00:00:00,0.20852183742560146
623,4,2,2025-11-01 00:00:00,0.218360281680571
624,4,2,2026-11-01 00:00:00,0.22958142620921237
625,4,2,2027-11-01 00:00:00,0.23957941280345169
626,4,2,2028-11-01 00:00:00,0.2513855459094155
627,4,2,2029-11-01 00:00:00,0.26436165617002416
628,4,2,2030-11-01 00:00:00,0.27723140487111947
629,4,2,2031-11-01 00:00:00,0.2895161649948925
630,4,2,2032-11-01 00:00:00,0.3021200097972052
631,4,2,2033-11-01 00:00:00,0.3148833969387875
632,4,2,2034-11-01 00:00:00,0.32706179550304737
633,4,2,2035-11-01 00:00:00,0.3420587753944066
634,4,2,2036-11-01 00:00:00,0.35721529762503573
635,4,2,2037-11-01 00:00:00,0.37258454297469107
636,4,2,2038-11-01 00:00:00,0.38540111089603013
637,4,2,2039-11-01 00:00:00,0.39832404037688196
638,4,2,2040-11-01 00:00:00,0.41294875480994536
639,4,2,2041-11-01 00:00:00,0.42698848066568557
640,4,2,2042-11-01 00:00:00,0.4404963987238606
641,4,2,2043-11-01 00:00:00,0.4530470627464163
642,4,2,2044-11-01 00:00:00,0.4633641340191954
643,4,2,2045-11-01 00:00:00,0.47485118244661934
644,4,2,2046-11-01 00:00:00,0.4878804734869849
645,4,2,2047-11-01 00:00:00,0.5000588720512448
646,4,2,2048-11-01 00:00:00,0.5118650051572082
647,4,2,2049-11-01 00:00:00,0.52276706500731
648,4,2,2050-11-01 00:00:00,0.5281915045424823
649,4,2,2051-11-01 00:00:00,0.5379767680176953
650,4,2,2052-11-01 00:00:00,0.5499956242426859
651,4,2,2053-11-01 00:00:00,0.5600999723964385
652,4,2,2024-04-01 00:00:00,0.19815158537306574
653,4,2,2025-04-01 00:00:00,0.21048952627659528
654,4,2,2026-04-01 00:00:00,0.22261474406109866
655,4,2,2027-04-01 00:00:00,0.235750396660977
656,4,2,2028-04-01 00:00:00,0.2486733261418293
657,4,2,2029-04-01 00:00:00,0.26340440213440547
658,4,2,2030-04-01 00:00:00,0.2796245399601664
659,4,2,2031-04-01 00:00:00,0.29563195466690106
660,4,2,2032-04-01 00:00:00,0.31116074235582614
661,4,2,2033-04-01 00:00:00,0.3265299877054813
662,4,2,2034-04-01 00:00:00,0.3416333291563539
663,4,2,2035-04-01 00:00:00,0.3564707667084432
664,4,2,2036-04-01 00:00:00,0.3765731014564355
665,4,2,2037-04-01 00:00:00,0.3953990974902693
666,4,2,2038-04-01 00:00:00,0.41470372054191285
667,4,2,2039-04-01 00:00:00,0.42922207341546254
668,4,2,2040-04-01 00:00:00,0.4449635842234143
669,4,2,2041-04-01 00:00:00,0.46341731479895193
670,4,2,2042-04-01 00:00:00,0.48256239551132557
671,4,2,2043-04-01 00:00:00,0.4998461489322183
672,4,2,2044-04-01 00:00:00,0.5142581402462549
673,4,2,2045-04-01 00:00:00,0.5270215273878371
674,4,2,2046-04-01 00:00:00,0.5417526033804133
675,4,2,2047-04-01 00:00:00,0.559355441479846
676,4,2,2048-04-01 00:00:00,0.5755755793056069
677,4,2,2049-04-01 00:00:00,0.5907852823159926
678,4,2,2050-04-01 00:00:00,0.604293200374167
679,4,2,2051-04-01 00:00:00,0.6089199282129903
680,4,2,2052-04-01 00:00:00,0.6220555808128693
681,4,2,2053-04-01 00:00:00,0.6351912334127476
682,4,2,2054-04-01 00:00:00,0.6474759935365203
683,4,3,2023-11-01 00:00:00,0.19815158537306574
684,4,3,2024-11-01 00:00:00,0.22181703236474973
685,4,3,2025-11-01 00:00:00,0.24686517963010496
686,4,3,2026-11-01 00:00:00,0.2721792307942432
687,4,3,2027-11-01 00:00:00,0.29861007833327013
688,4,3,2028-11-01 00:00:00,0.3295081113718507
689,4,3,2029-11-01 00:00:00,0.36492651068974163
690,4,3,2030-11-01 00:00:00,0.40247214119789637
691,4,3,2031-11-01 00:00:00,0.43927324078945856
692,4,3,2032-11-01 00:00:00,0.47378756685148754
693,4,3,2033-11-01 00:00:00,0.508780519931326
694,4,3,2034-11-01 00:00:00,0.5455284387431316
695,4,3,2035-11-01 00:00:00,0.5849885773225237
696,4,3,2036-11-01 00:00:00,0.6242891735626462
697,4,3,2037-11-01 00:00:00,0.6634302274634982
698,4,3,2038-11-01 00:00:00,0.7010822195311667
699,4,3,2039-11-01 00:00:00,0.7378833191227289
700,4,3,2040-11-01 00:00:00,0.7778220847199302
701,4,3,2041-11-01 00:00:00,0.8181331157754279
702,4,3,2042-11-01 00:00:00,0.8583377852714126
703,4,3,2043-11-01 00:00:00,0.896893850594942
704,4,3,2044-11-01 00:00:00,0.92986593404403
705,4,3,2045-11-01 00:00:00,0.9642207177667886
706,4,3,2046-11-01 00:00:00,0.9999050209834633
707,4,3,2047-11-01 00:00:00,1.0345257086050048
708,4,3,2048-11-01 00:00:00,1.0674977920540927
709,4,3,2049-11-01 00:00:00,1.1015334910983117
710,4,3,2050-11-01 00:00:00,1.1110528506747428
711,4,3,2051-11-01 00:00:00,1.1316338124405436
712,4,3,2052-11-01 00:00:00,1.158224202318841
713,4,3,2053-11-01 00:00:00,1.1838041573817613
714,4,3,2024-04-01 00:00:00,0.19815158537306574
715,4,3,2025-04-01 00:00:00,0.2258055908464942
716,4,3,2026-04-01 00:00:00,0.2548422965935939
717,4,3,2027-04-01 00:00:00,0.28313447142410153
718,4,3,2028-04-01 00:00:00,0.3148302161590309
719,4,3,2029-04-01 00:00:00,0.35216312354815915
720,4,3,2030-04-01 00:00:00,0.3950268320319732
721,4,3,2031-04-01 00:00:00,0.4407623026226433
722,4,3,2032-04-01 00:00:00,0.48532779605866827
723,4,3,2033-04-01 00:00:00,0.5258515502331922
724,4,3,2034-04-01 00:00:00,0.5648330617947752
725,4,3,2035-04-01 00:00:00,0.6090794705522603
726,4,3,2036-04-01 00:00:00,0.6585375957258919
727,4,3,2037-04-01 00:00:00,0.7055494050307201
728,4,3,2038-04-01 00:00:00,0.7517103218594425
729,4,3,2039-04-01 00:00:00,0.7946272111230134
730,4,3,2040-04-01 00:00:00,0.8372250157080444
731,4,3,2041-04-01 00:00:00,0.8850877174889782
732,4,3,2042-04-01 00:00:00,0.9346522042221231
733,4,3,2043-04-01 00:00:00,0.983631702377945
734,4,3,2044-04-01 00:00:00,1.0265485916415158
735,4,3,2045-04-01 00:00:00,1.0625519795367293
736,4,3,2046-04-01 00:00:00,1.1016930334375818
737,4,3,2047-04-01 00:00:00,1.143971753344073
738,4,3,2048-04-01 00:00:00,1.185931388572026
739,4,3,2049-04-01 00:00:00,1.2285823739368125
740,4,3,2050-04-01 00:00:00,1.2688402242125543
741,4,3,2051-04-01 00:00:00,1.2774023297533657
742,4,3,2052-04-01 00:00:00,1.30356727339361
743,4,3,2053-04-01 00:00:00,1.333880317854867
744,4,3,2054-04-01 00:00:00,1.3641401815363687
745,5,1,2023-11-01 00:00:00,0.05210074089003677
746,5,1,2024-11-01 00:00:00,0.052739578312394175
747,5,1,2025-11-01 00:00:00,0.05311814863675411
748,5,1,2026-11-01 00:00:00,0.05406457444765397
749,5,1,2027-11-01 00:00:00,0.05477439380582885
750,5,1,2028-11-01 00:00:00,0.05564983768091122
751,5,1,2029-11-01 00:00:00,0.052455650569124226
752,5,1,2030-11-01 00:00:00,0.053567700896931546
753,5,1,2031-11-01 00:00:00,0.05437216283619642
754,5,1,2032-11-01 00:00:00,0.05515296413018879
755,5,1,2033-11-01 00:00:00,0.05614671123163364
756,5,1,2034-11-01 00:00:00,0.05723510091416847
757,5,1,2035-11-01 00:00:00,0.058418133177793284
758,5,1,2036-11-01 00:00:00,0.05971946866778057
759,5,1,2037-11-01 00:00:00,0.06054759125231794
760,5,1,2038-11-01 00:00:00,0.061423035127400306
761,5,1,2039-11-01 00:00:00,0.0627243706173876
762,5,1,2040-11-01 00:00:00,0.06345785062083499
763,5,1,2041-11-01 00:00:00,0.0640020454621024
764,5,1,2042-11-01 00:00:00,0.06468820417500479
765,5,1,2043-11-01 00:00:00,0.0652797203068172
766,5,1,2044-11-01 00:00:00,0.06568195127644963
767,5,1,2045-11-01 00:00:00,0.06622614611771704
768,5,1,2046-11-01 00:00:00,0.06698328676643693
769,5,1,2047-11-01 00:00:00,0.06748016031715935
770,5,1,2048-11-01 00:00:00,0.06920738742205157
771,5,1,2049-11-01 00:00:00,0.07055604420258386
772,5,1,2050-11-01 00:00:00,0.07202300420947863
773,5,1,2051-11-01 00:00:00,0.07230693195274858
774,5,1,2052-11-01 00:00:00,0.07327701840892092
775,5,1,2053-11-01 00:00:00,0.07403415905764081
776,5,1,2024-04-01 00:00:00,0.05210074089003677
777,5,1,2025-04-01 00:00:00,0.052479311214396716
778,5,1,2026-04-01 00:00:00,0.05278689960293916
779,5,1,2027-04-01 00:00:00,0.053496718961114055
780,5,1,2028-04-01 00:00:00,0.054324841545651426
781,5,1,2029-04-01 00:00:00,0.05191145572785681
782,5,1,2030-04-01 00:00:00,0.051485564112951875
783,5,1,2031-04-01 00:00:00,0.05262127508603169
784,5,1,2032-04-01 00:00:00,0.053402076380024074
785,5,1,2033-04-01 00:00:00,0.054324841545651426
786,5,1,2034-04-01 00:00:00,0.055365909937641254
787,5,1,2035-04-01 00:00:00,0.05654894220126607
788,5,1,2036-04-01 00:00:00,0.05789759898179836
789,5,1,2037-04-01 00:00:00,0.05934089834342063
790,5,1,2038-04-01 00:00:00,0.060358306090137974
791,5,1,2039-04-01 00:00:00,0.06123374996522033
792,5,1,2040-04-01 00:00:00,0.06253508545520763
793,5,1,2041-04-01 00:00:00,0.06317392287756503
794,5,1,2042-04-01 00:00:00,0.06383642094519493
795,5,1,2043-04-01 00:00:00,0.0646172222391873
796,5,1,2044-04-01 00:00:00,0.06516141708045471
797,5,1,2045-04-01 00:00:00,0.06539802353317968
798,5,1,2046-04-01 00:00:00,0.06596587901971958
799,5,1,2047-04-01 00:00:00,0.06686498354007445
800,5,1,2048-04-01 00:00:00,0.06750382096243185
801,5,1,2049-04-01 00:00:00,0.06982256419913649
802,5,1,2050-04-01 00:00:00,0.07140782743239373
803,5,1,2051-04-01 00:00:00,0.072851126794016
804,5,1,2052-04-01 00:00:00,0.0734663035711009
805,5,1,2053-04-01 00:00:00,0.07431808680091077
806,5,1,2054-04-01 00:00:00,0.07512254874017564
807,5,2,2023-11-01 00:00:00,0.05210074089003677
808,5,2,2024-11-01 00:00:00,0.05482171509637385
809,5,2,2025-11-01 00:00:00,0.057400725431075945
810,5,2,2026-11-01 00:00:00,0.060358306090137974
811,5,2,2027-11-01 00:00:00,0.06298463771538507
812,5,2,2028-11-01 00:00:00,0.06610784289135457
813,5,2,2029-11-01 00:00:00,0.06951497581059403
814,5,2,2030-11-01 00:00:00,0.07289844808456099
815,5,2,2031-11-01 00:00:00,0.07613995648689298
816,5,2,2032-11-01 00:00:00,0.07942878617976996
817,5,2,2033-11-01 00:00:00,0.08281225845373692
818,5,2,2034-11-01 00:00:00,0.08600644556552393
819,5,2,2035-11-01 00:00:00,0.0899341126807583
820,5,2,2036-11-01 00:00:00,0.09390910108653767
821,5,2,2037-11-01 00:00:00,0.09795507142813453
822,5,2,2038-11-01 00:00:00,0.1013385437021015
823,5,2,2039-11-01 00:00:00,0.10472201597606846
824,5,2,2040-11-01 00:00:00,0.10857870115548536
825,5,2,2041-11-01 00:00:00,0.11226976181799478
826,5,2,2042-11-01 00:00:00,0.11581885860886923
827,5,2,2043-11-01 00:00:00,0.1191313489470187
828,5,2,2044-11-01 00:00:00,0.12182866250808327
829,5,2,2045-11-01 00:00:00,0.1248572251029628
830,5,2,2046-11-01 00:00:00,0.12828801866747475
831,5,2,2047-11-01 00:00:00,0.13148220577926176
832,5,2,2048-11-01 00:00:00,0.13458175030995875
833,5,2,2049-11-01 00:00:00,0.1374683490332033
834,5,2,2050-11-01 00:00:00,0.13888798774955308
835,5,2,2051-11-01 00:00:00,0.14144333743898269
836,5,2,2052-11-01 00:00:00,0.14461386390549716
837,5,2,2053-11-01 00:00:00,0.14726385617601676
838,5,2,2024-04-01 00:00:00,0.05210074089003677
839,5,2,2025-04-01 00:00:00,0.055342249292368764
840,5,2,2026-04-01 00:00:00,0.058536436404155755
841,5,2,2027-04-01 00:00:00,0.06199089061394021
842,5,2,2028-04-01 00:00:00,0.06537436288790718
843,5,2,2029-04-01 00:00:00,0.06925470871259656
844,5,2,2030-04-01 00:00:00,0.0735136248616459
845,5,2,2031-04-01 00:00:00,0.07772521972015023
846,5,2,2032-04-01 00:00:00,0.08181851135229208
847,5,2,2033-04-01 00:00:00,0.08586448169388894
848,5,2,2034-04-01 00:00:00,0.08981580945439582
849,5,2,2035-04-01 00:00:00,0.0937434765696302
850,5,2,2036-04-01 00:00:00,0.09901980046539688
851,5,2,2037-04-01 00:00:00,0.10396487532734859
852,5,2,2038-04-01 00:00:00,0.1090519140609353
853,5,2,2039-04-01 00:00:00,0.11286127794980719
854,5,2,2040-04-01 00:00:00,0.11697823022722154
855,5,2,2041-04-01 00:00:00,0.12185232315335577
856,5,2,2042-04-01 00:00:00,0.12686837995112496
857,5,2,2043-04-01 00:00:00,0.13143488448871674
858,5,2,2044-04-01 00:00:00,0.13522058773231616
859,5,2,2045-04-01 00:00:00,0.13858039936101063
860,5,2,2046-04-01 00:00:00,0.14243708454042753
861,5,2,2047-04-01 00:00:00,0.14707457101383678
862,5,2,2048-04-01 00:00:00,0.1513334871628861
863,5,2,2049-04-01 00:00:00,0.155332136213938
864,5,2,2050-04-01 00:00:00,0.15888123300481244
865,5,2,2051-04-01 00:00:00,0.16011158655898222
866,5,2,2052-04-01 00:00:00,0.16356604076876666
867,5,2,2053-04-01 00:00:00,0.16702049497855115
868,5,2,2054-04-01 00:00:00,0.17023834273561064
869,5,3,2023-11-01 00:00:00,0.05210074089003677
870,5,3,2024-11-01 00:00:00,0.05832349059670329
871,5,3,2025-11-01 00:00:00,0.06492481062772976
872,5,3,2026-11-01 00:00:00,0.0715734519493012
873,5,3,2027-11-01 00:00:00,0.07850602101414261
874,5,3,2028-11-01 00:00:00,0.08664528298788132
875,5,3,2029-11-01 00:00:00,0.09594391657997235
876,5,3,2030-11-01 00:00:00,0.1058104056586033
877,5,3,2031-11-01 00:00:00,0.11551127022032677
878,5,3,2032-11-01 00:00:00,0.12457329735969283
879,5,3,2033-11-01 00:00:00,0.1337536277254214
880,5,3,2034-11-01 00:00:00,0.14343083164187234
881,5,3,2035-11-01 00:00:00,0.15381785491649824
882,5,3,2036-11-01 00:00:00,0.1641338962553066
883,5,3,2037-11-01 00:00:00,0.17442627694884247
884,5,3,2038-11-01 00:00:00,0.1843400873180184
885,5,3,2039-11-01 00:00:00,0.19401729123446937
886,5,3,2040-11-01 00:00:00,0.2045226177354577
887,5,3,2041-11-01 00:00:00,0.21512258681753604
888,5,3,2042-11-01 00:00:00,0.22567523460906938
889,5,3,2043-11-01 00:00:00,0.23582565143097028
890,5,3,2044-11-01 00:00:00,0.2444854476007039
891,5,3,2045-11-01 00:00:00,0.2535238140947975
892,5,3,2046-11-01 00:00:00,0.262893429622706
893,5,3,2047-11-01 00:00:00,0.2720027780526171
894,5,3,2048-11-01 00:00:00,0.2806862348676232
895,5,3,2049-11-01 00:00:00,0.28962995878062675
896,5,3,2050-11-01 00:00:00,0.2921379871795114
897,5,3,2051-11-01 00:00:00,0.2975326143016405
898,5,3,2052-11-01 00:00:00,0.30453616530229943
899,5,3,2053-11-01 00:00:00,0.31127944920496087
900,5,3,2024-04-01 00:00:00,0.05210074089003677
901,5,3,2025-04-01 00:00:00,0.05936455898869313
902,5,3,2026-04-01 00:00:00,0.06700694741170943
903,5,3,2027-04-01 00:00:00,0.07443639002727326
904,5,3,2028-04-01 00:00:00,0.08278859780846444
905,5,3,2029-04-01 00:00:00,0.09260776559655039
906,5,3,2030-04-01 00:00:00,0.1038702327462586
907,5,3,2031-04-01 00:00:00,0.1158898405446867
908,5,3,2032-04-01 00:00:00,0.12760185995457235
909,5,3,2033-04-01 00:00:00,0.13824915032719567
910,5,3,2034-04-01 00:00:00,0.14851787037545908
911,5,3,2035-04-01 00:00:00,0.16013524720425473
912,5,3,2036-04-01 00:00:00,0.1731486021041277
913,5,3,2037-04-01 00:00:00,0.18552311958164322
914,5,3,2038-04-01 00:00:00,0.1976373699611613
915,5,3,2039-04-01 00:00:00,0.20894715840141453
916,5,3,2040-04-01 00:00:00,0.22013864361530527
917,5,3,2041-04-01 00:00:00,0.23272610690027326
918,5,3,2042-04-01 00:00:00,0.24576312244541873
919,5,3,2043-04-01 00:00:00,0.2586345134736567
920,5,3,2044-04-01 00:00:00,0.26989698062336487
921,5,3,2045-04-01 00:00:00,0.2793848993776359
922,5,3,2046-04-01 00:00:00,0.28967728007117177
923,5,3,2047-04-01 00:00:00,0.3007741227039725
924,5,3,2048-04-01 00:00:00,0.31182364404622825
925,5,3,2049-04-01 00:00:00,0.32303878990539153
926,5,3,2050-04-01 00:00:00,0.3336150983421973
927,5,3,2051-04-01 00:00:00,0.335886520288357
928,5,3,2052-04-01 00:00:00,0.34274810741738093
929,5,3,2053-04-01 00:00:00,0.35069808422893967
930,5,3,2054-04-01 00:00:00,0.3586717216857709
931,6,1,2023-11-01 00:00:00,0.0760216532605305
932,6,1,2024-11-01 00:00:00,0.07696807907143036
933,6,1,2025-11-01 00:00:00,0.07751227391269777
934,6,1,2026-11-01 00:00:00,0.07890825198377505
935,6,1,2027-11-01 00:00:00,0.07994932037576488
936,6,1,2028-11-01 00:00:00,0.08122699522047967
937,6,1,2029-11-01 00:00:00,0.07654218745652543
938,6,1,2030-11-01 00:00:00,0.07815111133505517
939,6,1,2031-11-01 00:00:00,0.07933414359867998
940,6,1,2032-11-01 00:00:00,0.08046985457175981
941,6,1,2033-11-01 00:00:00,0.08193681457865455
942,6,1,2034-11-01 00:00:00,0.08352207781191182
943,6,1,2035-11-01 00:00:00,0.08522564427153154
944,6,1,2036-11-01 00:00:00,0.08714215653860374
945,6,1,2037-11-01 00:00:00,0.08832518880222856
946,6,1,2038-11-01 00:00:00,0.08962652429221586
947,6,1,2039-11-01 00:00:00,0.09151937591401553
948,6,1,2040-11-01 00:00:00,0.09260776559655037
949,6,1,2041-11-01 00:00:00,0.09336490624527029
950,6,1,2042-11-01 00:00:00,0.0943586533467151
951,6,1,2043-11-01 00:00:00,0.09525775786706994
952,6,1,2044-11-01 00:00:00,0.09587293464415486
953,6,1,2045-11-01 00:00:00,0.09663007529287476
954,6,1,2046-11-01 00:00:00,0.09776578626595456
955,6,1,2047-11-01 00:00:00,0.09847560562412946
956,6,1,2048-11-01 00:00:00,0.10095997337774157
957,6,1,2049-11-01 00:00:00,0.10294746758063125
958,6,1,2050-11-01 00:00:00,0.1050769256551559
959,6,1,2051-11-01 00:00:00,0.10552647791533333
960,6,1,2052-11-01 00:00:00,0.10692245598641062
961,6,1,2053-11-01 00:00:00,0.10803450631421796
962,6,1,2024-04-01 00:00:00,0.0760216532605305
963,6,1,2025-04-01 00:00:00,0.07656584810179791
964,6,1,2026-04-01 00:00:00,0.07703906100724785
965,6,1,2027-04-01 00:00:00,0.07808012939923767
966,6,1,2028-04-01 00:00:00,0.07923950101759
967,6,1,2029-04-01 00:00:00,0.07576138616253303
968,6,1,2030-04-01 00:00:00,0.07512254874017564
969,6,1,2031-04-01 00:00:00,0.07675513326397788
970,6,1,2032-04-01 00:00:00,0.07793816552760269
971,6,1,2033-04-01 00:00:00,0.07928682230813498
972,6,1,2034-04-01 00:00:00,0.08077744296030225
973,6,1,2035-04-01 00:00:00,0.08248100941992198
974,6,1,2036-04-01 00:00:00,0.08446850362281168
975,6,1,2037-04-01 00:00:00,0.08659796169733633
976,6,1,2038-04-01 00:00:00,0.0880649217042311
977,6,1,2039-04-01 00:00:00,0.08934259654894591
978,6,1,2040-04-01 00:00:00,0.09121178752547311
979,6,1,2041-04-01 00:00:00,0.09215821333637296
980,6,1,2042-04-01 00:00:00,0.0931282997925453
981,6,1,2043-04-01 00:00:00,0.09426401076562513
982,6,1,2044-04-01 00:00:00,0.09511579399543497
983,6,1,2045-04-01 00:00:00,0.09544704302924994
984,6,1,2046-04-01 00:00:00,0.09625150496851483
985,6,1,2047-04-01 00:00:00,0.09757650110377458
986,6,1,2048-04-01 00:00:00,0.09849926626940195
987,6,1,2049-04-01 00:00:00,0.10188273854336889
988,6,1,2050-04-01 00:00:00,0.10420148178007355
989,6,1,2051-04-01 00:00:00,0.10633093985459822
990,6,1,2052-04-01 00:00:00,0.10718272308440807
991,6,1,2053-04-01 00:00:00,0.10846039792912289
992,6,1,2054-04-01 00:00:00,0.1096434301927477
993,6,2,2023-11-01 00:00:00,0.0760216532605305
994,6,2,2024-11-01 00:00:00,0.07999664166630986
995,6,2,2025-11-01 00:00:00,0.08378234490990927
996,6,2,2026-11-01 00:00:00,0.0880885823495036
997,6,2,2027-11-01 00:00:00,0.09189794623837547
998,6,2,2028-11-01 00:00:00,0.09644079013069479
999,6,2,2029-11-01 00:00:00,0.1014331862831915
1000,6,2,2030-11-01 00:00:00,0.10635460049987072
1001,6,2,2031-11-01 00:00:00,0.11106306890909748
1002,6,2,2032-11-01 00:00:00,0.1158898405446867
1003,6,2,2033-11-01 00:00:00,0.12081125476136594
1004,6,2,2034-11-01 00:00:00,0.1254960625253202
1005,6,2,2035-11-01 00:00:00,0.1311982780359918
1006,6,2,2036-11-01 00:00:00,0.13704245741829837
1007,6,2,2037-11-01 00:00:00,0.14295761873642243
1008,6,2,2038-11-01 00:00:00,0.14785537230782914
1009,6,2,2039-11-01 00:00:00,0.15280044716978092
1010,6,2,2040-11-01 00:00:00,0.1584080200993625
1011,6,2,2041-11-01 00:00:00,0.16382630786676414
1012,6,2,2042-11-01 00:00:00,0.1690079891814408
1013,6,2,2043-11-01 00:00:00,0.17383476081703006
1014,6,2,2044-11-01 00:00:00,0.17778608857753692
1015,6,2,2045-11-01 00:00:00,0.1821633079529487
1016,6,2,2046-11-01 00:00:00,0.18717936475071797
1017,6,2,2047-11-01 00:00:00,0.19186417251467222
1018,6,2,2048-11-01 00:00:00,0.19635969511644652
1019,6,2,2049-11-01 00:00:00,0.2005476293296784
1020,6,2,2050-11-01 00:00:00,0.2026534267589305
1021,6,2,2051-11-01 00:00:00,0.2063918087119849
1022,6,2,2052-11-01 00:00:00,0.21102929518539418
1023,6,2,2053-11-01 00:00:00,0.21490964101008353
1024,6,2,2024-04-01 00:00:00,0.0760216532605305
1025,6,2,2025-04-01 00:00:00,0.08077744296030225
1026,6,2,2026-04-01 00:00:00,0.08543859007898401
1027,6,2,2027-04-01 00:00:00,0.09045464687675323
1028,6,2,2028-04-01 00:00:00,0.09539972173870497
1029,6,2,2029-04-01 00:00:00,0.10107827660410404
1030,6,2,2030-04-01 00:00:00,0.10727736566549806
1031,6,2,2031-04-01 00:00:00,0.11342913343634711
1032,6,2,2032-04-01 00:00:00,0.11939161604501618
1033,6,2,2033-04-01 00:00:00,0.12525945607259523
1034,6,2,2034-04-01 00:00:00,0.13105631416435679
1035,6,2,2035-04-01 00:00:00,0.1367585296750284
1036,6,2,2036-04-01 00:00:00,0.14444823938858972
1037,6,2,2037-04-01 00:00:00,0.15171205748724606
1038,6,2,2038-04-01 00:00:00,0.15909417881226487
1039,6,2,2039-04-01 00:00:00,0.16465443045130151
1040,6,2,2040-04-01 00:00:00,0.17071155564106058
1041,6,2,2041-04-01 00:00:00,0.17780974922280945
1042,6,2,2042-04-01 00:00:00,0.18514454925728327
1043,6,2,2043-04-01 00:00:00,0.19176952993358223
1044,6,2,2044-04-01 00:00:00,0.1973061209273463
1045,6,2,2045-04-01 00:00:00,0.2022038744987531
1046,6,2,2046-04-01 00:00:00,0.20783510807360717
1047,6,2,2047-04-01 00:00:00,0.21462571326681365
1048,6,2,2048-04-01 00:00:00,0.22082480232820761
1049,6,2,2049-04-01 00:00:00,0.2266453210652417
1050,6,2,2050-04-01 00:00:00,0.23182700237991838
1051,6,2,2051-04-01 00:00:00,0.23360155077535563
1052,6,2,2052-04-01 00:00:00,0.23866492886366983
1053,6,2,2053-04-01 00:00:00,0.24370464630671154
1054,6,2,2054-04-01 00:00:00,0.2483894540706658
1055,6,3,2023-11-01 00:00:00,0.0760216532605305
1056,6,3,2024-11-01 00:00:00,0.08508368039989657
1057,6,3,2025-11-01 00:00:00,0.09471356302580256
1058,6,3,2026-11-01 00:00:00,0.104414427587526
1059,6,3,2027-11-01 00:00:00,0.11456484440942691
1060,6,3,2028-11-01 00:00:00,0.12639516704567508
1061,6,3,2029-11-01 00:00:00,0.14000003807736042
1062,6,3,2030-11-01 00:00:00,0.15440937104831065
1063,6,3,2031-11-01 00:00:00,0.16853477627599087
1064,6,3,2032-11-01 00:00:00,0.18178473762858877
1065,6,3,2033-11-01 00:00:00,0.1951766628528217
1066,6,3,2034-11-01 00:00:00,0.20927840743522944
1067,6,3,2035-11-01 00:00:00,0.22444488105489957
1068,6,3,2036-11-01 00:00:00,0.23951671209347966
1069,6,3,2037-11-01 00:00:00,0.25454122184151484
1070,6,3,2038-11-01 00:00:00,0.2689742154577376
1071,6,3,2039-11-01 00:00:00,0.2830759600401453
1072,6,3,2040-11-01 00:00:00,0.2984080581767229
1073,6,3,2041-11-01 00:00:00,0.3138821201849355
1074,6,3,2042-11-01 00:00:00,0.32930886090260303
1075,6,3,2043-11-01 00:00:00,0.3440967641979132
1076,6,3,2044-11-01 00:00:00,0.35673154877342617
1077,6,3,2045-11-01 00:00:00,0.36993418883547907
1078,6,3,2046-11-01 00:00:00,0.3836337024482544
1079,6,3,2047-11-01 00:00:00,0.39690732444612487
1080,6,3,2048-11-01 00:00:00,0.40954210902163796
1081,6,3,2049-11-01 00:00:00,0.4226264458573282
1082,6,3,2050-11-01 00:00:00,0.4262701852292927
1083,6,3,2051-11-01 00:00:00,0.434149180105034
1084,6,3,2052-11-01 00:00:00,0.4443705788627523
1085,6,3,2053-11-01 00:00:00,0.4541660860055658
1086,6,3,2024-04-01 00:00:00,0.0760216532605305
1087,6,3,2025-04-01 00:00:00,0.08662162234260883
1088,6,3,2026-04-01 00:00:00,0.09774212562068206
1089,6,3,2027-04-01 00:00:00,0.10864968309130284
1090,6,3,2028-04-01 00:00:00,0.12081125476136592
1091,6,3,2029-04-01 00:00:00,0.13510228450595366
1092,6,3,2030-04-01 00:00:00,0.1515464329703386
1093,6,3,2031-04-01 00:00:00,0.16907897111725834
1094,6,3,2032-04-01 00:00:00,0.1862092782945456
1095,6,3,2033-04-01 00:00:00,0.20175432223857562
1096,6,3,2034-04-01 00:00:00,0.21668418940552076
1097,6,3,2035-04-01 00:00:00,0.23367253271117308
1098,6,3,2036-04-01 00:00:00,0.25264837021971515
1099,6,3,2037-04-01 00:00:00,0.27070144256262973
1100,6,3,2038-04-01 00:00:00,0.28839960522645697
1101,6,3,2039-04-01 00:00:00,0.30486741433611436
1102,6,3,2040-04-01 00:00:00,0.3211932595741368
1103,6,3,2041-04-01 00:00:00,0.3395775809508664
1104,6,3,2042-04-01 00:00:00,0.35857707910468084
1105,6,3,2043-04-01 00:00:00,0.37738729209631544
1106,6,3,2044-04-01 00:00:00,0.3938314405607003
1107,6,3,2045-04-01 00:00:00,0.4076492573998382
1108,6,3,2046-04-01 00:00:00,0.42267376714787325
1109,6,3,2047-04-01 00:00:00,0.4389049698048057
1110,6,3,2048-04-01 00:00:00,0.45499420859010314
1111,6,3,2049-04-01 00:00:00,0.4713437144733981
1112,6,3,2050-04-01 00:00:00,0.4868177764816107
1113,6,3,2051-04-01 00:00:00,0.49008294552921505
1114,6,3,2052-04-01 00:00:00,0.500138719770026
1115,6,3,2053-04-01 00:00:00,0.5117324359535492
1116,6,3,2054-04-01 00:00:00,0.5233498127823448
1117,7,1,2023-11-01 00:00:00,0.23118816495756103
1118,7,1,2024-11-01 00:00:00,0.23407476368080557
1119,7,1,2025-11-01 00:00:00,0.23573100884988027
1120,7,1,2026-11-01 00:00:00,0.23994260370838466
1121,7,1,2027-11-01 00:00:00,0.24308946952962665
1122,7,1,2028-11-01 00:00:00,0.24699347599958854
1123,7,1,2029-11-01 00:00:00,0.23277342819081825
1124,7,1,2030-11-01 00:00:00,0.237671181762225
1125,7,1,2031-11-01 00:00:00,0.2412675998436444
1126,7,1,2032-11-01 00:00:00,0.24474571469870135
1127,7,1,2033-11-01 00:00:00,0.24914659471938566
1128,7,1,2034-11-01 00:00:00,0.2539970270002474
1129,7,1,2035-11-01 00:00:00,0.25920236896019655
1130,7,1,2036-11-01 00:00:00,0.2649755664066857
1131,7,1,2037-11-01 00:00:00,0.26861930577865006
1132,7,1,2038-11-01 00:00:00,0.27254697289388446
1133,7,1,2039-11-01 00:00:00,0.27832017034037354
1134,7,1,2040-11-01 00:00:00,0.28160900003325057
1135,7,1,2041-11-01 00:00:00,0.2839514039152277
1136,7,1,2042-11-01 00:00:00,0.28700362715537975
1137,7,1,2043-11-01 00:00:00,0.28967728007117177
1138,7,1,2044-11-01 00:00:00,0.29149914975715396
1139,7,1,2045-11-01 00:00:00,0.29384155363913117
1140,7,1,2046-11-01 00:00:00,0.29724868655837056
1141,7,1,2047-11-01 00:00:00,0.2994254659234402
1142,7,1,2048-11-01 00:00:00,0.30704419370118397
1143,7,1,2049-11-01 00:00:00,0.3130776582456706
1144,7,1,2050-11-01 00:00:00,0.3195606750503346
1145,7,1,2051-11-01 00:00:00,0.32090933183086684
1146,7,1,2052-11-01 00:00:00,0.32512092668937115
1147,7,1,2053-11-01 00:00:00,0.3285517202538832
1148,7,1,2024-04-01 00:00:00,0.23118816495756103
1149,7,1,2025-04-01 00:00:00,0.23286807077190827
1150,7,1,2026-04-01 00:00:00,0.2342640488429855
1151,7,1,2027-04-01 00:00:00,0.2374109146642275
1152,7,1,2028-04-01 00:00:00,0.24100733274564695
1153,7,1,2029-04-01 00:00:00,0.23038370301829614
1154,7,1,2030-04-01 00:00:00,0.22844353010595148
1155,7,1,2031-04-01 00:00:00,0.23348324754899316
1156,7,1,2032-04-01 00:00:00,0.23700868369459513
1157,7,1,2033-04-01 00:00:00,0.24107831468146448
1158,7,1,2034-04-01 00:00:00,0.24566847986432874
1159,7,1,2035-04-01 00:00:00,0.2508738218242779
1160,7,1,2036-04-01 00:00:00,0.256883625723492
1161,7,1,2037-04-01 00:00:00,0.2633193212376109
1162,7,1,2038-04-01 00:00:00,0.26783850448465774
1163,7,1,2039-04-01 00:00:00,0.27171885030934706
1164,7,1,2040-04-01 00:00:00,0.2774683871105637
1165,7,1,2041-04-01 00:00:00,0.2803076645432632
1166,7,1,2042-04-01 00:00:00,0.2832415845570528
1167,7,1,2043-04-01 00:00:00,0.28667237812156476
1168,7,1,2044-04-01 00:00:00,0.2891804065204494
1169,7,1,2045-04-01 00:00:00,0.29022147491243916
1170,7,1,2046-04-01 00:00:00,0.2927058426660513
1171,7,1,2047-04-01 00:00:00,0.29672815236237565
1172,7,1,2048-04-01 00:00:00,0.2995674297950752
1173,7,1,2049-04-01 00:00:00,0.3098598104886111
1174,7,1,2050-04-01 00:00:00,0.3168870221345425
1175,7,1,2051-04-01 00:00:00,0.32329905700338896
1176,7,1,2052-04-01 00:00:00,0.3259727099191811
1177,7,1,2053-04-01 00:00:00,0.3298057344533254
1178,7,1,2054-04-01 00:00:00,0.3333784918894724
1179,7,2,2023-11-01 00:00:00,0.23118816495756103
1180,7,2,2024-11-01 00:00:00,0.24330241533707914
1181,7,2,2025-11-01 00:00:00,0.2547305070036948
1182,7,2,2026-11-01 00:00:00,0.2678385044846577
1183,7,2,2027-11-01 00:00:00,0.27947954195872593
1184,7,2,2028-11-01 00:00:00,0.29332101944313616
1185,7,2,2029-11-01 00:00:00,0.3084874930628063
1186,7,2,2030-11-01 00:00:00,0.3234410208750239
1187,7,2,2031-11-01 00:00:00,0.3378266932007017
1188,7,2,2032-11-01 00:00:00,0.3524489719791043
1189,7,2,2033-11-01 00:00:00,0.367449821081867
1190,7,2,2034-11-01 00:00:00,0.3816225476000923
1191,7,2,2035-11-01 00:00:00,0.3990367825206496
1192,7,2,2036-11-01 00:00:00,0.41673494518447673
1193,7,2,2037-11-01 00:00:00,0.43471703559157393
1194,7,2,2038-11-01 00:00:00,0.449694224049064
1195,7,2,2039-11-01 00:00:00,0.4646950731518267
1196,7,2,2040-11-01 00:00:00,0.4817543983932964
1197,7,2,2041-11-01 00:00:00,0.4981748862124089
1198,7,2,2042-11-01 00:00:00,0.5139328759638914
1199,7,2,2043-11-01 00:00:00,0.5286261366781116
1200,7,2,2044-11-01 00:00:00,0.5405984231859947
1201,7,2,2045-11-01 00:00:00,0.5540140090555001
1202,7,2,2046-11-01 00:00:00,0.5692514646109876
1203,7,2,2047-11-01 00:00:00,0.5834715124197579
1204,7,2,2048-11-01 00:00:00,0.5971946866778057
1205,7,2,2049-11-01 00:00:00,0.6099477744796812
1206,7,2,2050-11-01 00:00:00,0.6163124880579828
1207,7,2,2051-11-01 00:00:00,0.6276222764982359
1208,7,2,2052-11-01 00:00:00,0.6417240210806436
1209,7,2,2053-11-01 00:00:00,0.6535070224263468
1210,7,2,2024-04-01 00:00:00,0.23118816495756103
1211,7,2,2025-04-01 00:00:00,0.24559749792851127
1212,7,2,2026-04-01 00:00:00,0.2597702244467365
1213,7,2,2027-04-01 00:00:00,0.2750550012927691
1214,7,2,2028-04-01 00:00:00,0.29012683233134917
1215,7,2,2029-04-01 00:00:00,0.3073517820897264
1216,7,2,2030-04-01 00:00:00,0.32620931637190603
1217,7,2,2031-04-01 00:00:00,0.3449248867824505
1218,7,2,2032-04-01 00:00:00,0.3630489410611827
1219,7,2,2033-04-01 00:00:00,0.3809837101777348
1220,7,2,2034-04-01 00:00:00,0.3985635696151996
1221,7,2,2035-04-01 00:00:00,0.41595414389048435
1222,7,2,2036-04-01 00:00:00,0.4393545220649831
1223,7,2,2037-04-01 00:00:00,0.4613589221684047
1224,7,2,2038-04-01 00:00:00,0.48386019582254863
1225,7,2,2039-04-01 00:00:00,0.5007538965471109
1226,7,2,2040-04-01 00:00:00,0.519114557278568
1227,7,2,2041-04-01 00:00:00,0.5407403870576296
1228,7,2,2042-04-01 00:00:00,0.5629813936137761
1229,7,2,2043-04-01 00:00:00,0.5832112453217604
1230,7,2,2044-04-01 00:00:00,0.6000103034652328
1231,7,2,2045-04-01 00:00:00,0.6149165099869054
1232,7,2,2046-04-01 00:00:00,0.6320468171641928
1233,7,2,2047-04-01 00:00:00,0.6526315785512644
1234,7,2,2048-04-01 00:00:00,0.6715600947692616
1235,7,2,2049-04-01 00:00:00,0.6892819180783611
1236,7,2,2050-04-01 00:00:00,0.7050162471845712
1237,7,2,2051-04-01 00:00:00,0.7104345349519728
1238,7,2,2052-04-01 00:00:00,0.725790293733823
1239,7,2,2053-04-01 00:00:00,0.741098731225128
1240,7,2,2054-04-01 00:00:00,0.7553661003244433
1241,7,3,2023-11-01 00:00:00,0.23118816495756103
1242,7,3,2024-11-01 00:00:00,0.25877647734529163
1243,7,3,2025-11-01 00:00:00,0.28804469554736956
1244,7,3,2026-11-01 00:00:00,0.31757318084744485
1245,7,3,2027-11-01 00:00:00,0.34837934099223505
1246,7,3,2028-11-01 00:00:00,0.3844381643875194
1247,7,3,2029-11-01 00:00:00,0.42577331167857035
1248,7,3,2030-11-01 00:00:00,0.46956916607796084
1249,7,3,2031-11-01 00:00:00,0.5125368978928141
1250,7,3,2032-11-01 00:00:00,0.5527836555013304
1251,7,3,2033-11-01 00:00:00,0.5935509473058412
1252,7,3,2034-11-01 00:00:00,0.6364240365396046
1253,7,3,2035-11-01 00:00:00,0.6825859554662448
1254,7,3,2036-11-01 00:00:00,0.7283456434232526
1255,7,3,2037-11-01 00:00:00,0.7740106887991703
1256,7,3,2038-11-01 00:00:00,0.8179721677154682
1257,7,3,2039-11-01 00:00:00,0.8608925782397767
1258,7,3,2040-11-01 00:00:00,0.9074803887813218
1259,7,3,2041-11-01 00:00:00,0.9545177515830442
1260,7,3,2042-11-01 00:00:00,1.0014368111584042
1261,7,3,2043-11-01 00:00:00,1.0464156978214199
1262,7,3,2044-11-01 00:00:00,1.0848642463892262
1263,7,3,2045-11-01 00:00:00,1.1249690401261074
1264,7,3,2046-11-01 00:00:00,1.1665881151604283
1265,7,3,2047-11-01 00:00:00,1.2069768366405795
1266,7,3,2048-11-01 00:00:00,1.2454490458536585
1267,7,3,2049-11-01 00:00:00,1.2851989299114523
1268,7,3,2050-11-01 00:00:00,1.2963194331895254
1269,7,3,2051-11-01 00:00:00,1.320287666850564
1270,7,3,2052-11-01 00:00:00,1.3513304334480791
1271,7,3,2053-11-01 00:00:00,1.381213828427242
1272,7,3,2024-04-01 00:00:00,0.23118816495756103
1273,7,3,2025-04-01 00:00:00,0.2634376244639734
1274,7,3,2026-04-01 00:00:00,0.2972723472036431
1275,7,3,2027-04-01 00:00:00,0.3303262686493204
1276,7,3,2028-04-01 00:00:00,0.36737883914604946
1277,7,3,2029-04-01 00:00:00,0.4109144264474427
1278,7,3,2030-04-01 00:00:00,0.4608620486176823
1279,7,3,2031-04-01 00:00:00,0.5142168037071613
1280,7,3,2032-04-01 00:00:00,0.5662465626613806
1281,7,3,2033-04-01 00:00:00,0.6134968712705557
1282,7,3,2034-04-01 00:00:00,0.6589962921295659
1283,7,3,2035-04-01 00:00:00,0.7106238201141528
1284,7,3,2036-04-01 00:00:00,0.7683084732884988
1285,7,3,2037-04-01 00:00:00,0.8232011703206901
1286,7,3,2038-04-01 00:00:00,0.8770054776703468
1287,7,3,2039-04-01 00:00:00,0.9271423850027662
1288,7,3,2040-04-01 00:00:00,0.9768060794297359
1289,7,3,2041-04-01 00:00:00,1.0327161842086445
1290,7,3,2042-04-01 00:00:00,1.090519140609353
1291,7,3,2043-04-01 00:00:00,1.1476359382971588
1292,7,3,2044-04-01 00:00:00,1.1976782030484885
1293,7,3,2045-04-01 00:00:00,1.2397231696977145
1294,7,3,2046-04-01 00:00:00,1.285388215073632
1295,7,3,2047-04-01 00:00:00,1.334673339176242
1296,7,3,2048-04-01 00:00:00,1.3836745355355815
1297,7,3,2049-04-01 00:00:00,1.4334328725436414
1298,7,3,2050-04-01 00:00:00,1.4803992534095463
1299,7,3,2051-04-01 00:00:00,1.4903840457145399
1300,7,3,2052-04-01 00:00:00,1.5209062781160598
1301,7,3,2053-04-01 00:00:00,1.5562079608626245
1302,7,3,2054-04-01 00:00:00,1.5915569648997339
1303,8,1,2023-11-01 00:00:00,0.08815956428532107
1304,8,1,2024-11-01 00:00:00,0.08924795396785591
1305,8,1,2025-11-01 00:00:00,0.08988679139021333
1306,8,1,2026-11-01 00:00:00,0.0915193759140155
1307,8,1,2027-11-01 00:00:00,0.09270240817764039
1308,8,1,2028-11-01 00:00:00,0.0941693681845351
1309,8,1,2029-11-01 00:00:00,0.08875108041713346
1310,8,1,2030-11-01 00:00:00,0.0906439320389332
1311,8,1,2031-11-01 00:00:00,0.09199258881946554
1312,8,1,2032-11-01 00:00:00,0.09331758495472527
1313,8,1,2033-11-01 00:00:00,0.09502115141434499
1314,8,1,2034-11-01 00:00:00,0.0968666817455997
1315,8,1,2035-11-01 00:00:00,0.09883051530321692
1316,8,1,2036-11-01 00:00:00,0.10105461595883157
1317,8,1,2037-11-01 00:00:00,0.10242693338463638
1318,8,1,2038-11-01 00:00:00,0.10394121468207611
1319,8,1,2039-11-01 00:00:00,0.10614165469241828
1320,8,1,2040-11-01 00:00:00,0.10739566889186059
1321,8,1,2041-11-01 00:00:00,0.10827111276694289
1322,8,1,2042-11-01 00:00:00,0.1094541450305677
1323,8,1,2043-11-01 00:00:00,0.11044789213201259
1324,8,1,2044-11-01 00:00:00,0.1111577114901875
1325,8,1,2045-11-01 00:00:00,0.11205681601054228
1326,8,1,2046-11-01 00:00:00,0.1133581515005296
1327,8,1,2047-11-01 00:00:00,0.1142099347303395
1328,8,1,2048-11-01 00:00:00,0.1170728728083115
1329,8,1,2049-11-01 00:00:00,0.1193679553997437
1330,8,1,2050-11-01 00:00:00,0.12185232315335583
1331,8,1,2051-11-01 00:00:00,0.12237285734935067
1332,8,1,2052-11-01 00:00:00,0.1239817812278805
1333,8,1,2053-11-01 00:00:00,0.1252831167178677
1334,8,1,2024-04-01 00:00:00,0.08815956428532107
1335,8,1,2025-04-01 00:00:00,0.08879840170767848
1336,8,1,2026-04-01 00:00:00,0.08934259654894587
1337,8,1,2027-04-01 00:00:00,0.09054928945784323
1338,8,1,2028-04-01 00:00:00,0.09192160688364798
1339,8,1,2029-04-01 00:00:00,0.08785197589677862
1340,8,1,2030-04-01 00:00:00,0.08711849589333123
1341,8,1,2031-04-01 00:00:00,0.08903500816040344
1342,8,1,2032-04-01 00:00:00,0.09036000429566324
1343,8,1,2033-04-01 00:00:00,0.09192160688364798
1344,8,1,2034-04-01 00:00:00,0.09367249463381272
1345,8,1,2035-04-01 00:00:00,0.09568364948197489
1346,8,1,2036-04-01 00:00:00,0.09795507142813449
1347,8,1,2037-04-01 00:00:00,0.10041577853647414
1348,8,1,2038-04-01 00:00:00,0.10214300564136634
1349,8,1,2039-04-01 00:00:00,0.10360996564826119
1350,8,1,2040-04-01 00:00:00,0.10578674501333082
1351,8,1,2041-04-01 00:00:00,0.10689879534113814
1352,8,1,2042-04-01 00:00:00,0.1080108456689454
1353,8,1,2043-04-01 00:00:00,0.10931218115893272
1354,8,1,2044-04-01 00:00:00,0.11028226761510505
1355,8,1,2045-04-01 00:00:00,0.11068449858473753
1356,8,1,2046-04-01 00:00:00,0.11163092439563733
1357,8,1,2047-04-01 00:00:00,0.11314520569307712
1358,8,1,2048-04-01 00:00:00,0.11423359537561197
1359,8,1,2049-04-01 00:00:00,0.11816126249084634
1360,8,1,2050-04-01 00:00:00,0.12083491540663847
1361,8,1,2051-04-01 00:00:00,0.1232719618697056
1362,8,1,2052-04-01 00:00:00,0.12431303026169542
1363,8,1,2053-04-01 00:00:00,0.12575632962331773
1364,8,1,2054-04-01 00:00:00,0.12712864704912247
1365,8,2,2023-11-01 00:00:00,0.08815956428532107
1366,8,2,2024-11-01 00:00:00,0.09277339011345788
1367,8,2,2025-11-01 00:00:00,0.0971506094888696
1368,8,2,2026-11-01 00:00:00,0.10214300564136641
1369,8,2,2027-11-01 00:00:00,0.10659120695259564
1370,8,2,2028-11-01 00:00:00,0.11184387020308988
1371,8,2,2029-11-01 00:00:00,0.11761706764957895
1372,8,2,2030-11-01 00:00:00,0.12334294380552295
1373,8,2,2031-11-01 00:00:00,0.1288085528634696
1374,8,2,2032-11-01 00:00:00,0.1344161257930513
1375,8,2,2033-11-01 00:00:00,0.14009468065845035
1376,8,2,2034-11-01 00:00:00,0.14551296842585204
1377,8,2,2035-11-01 00:00:00,0.15218527039269597
1378,8,2,2036-11-01 00:00:00,0.15892855429535746
1379,8,2,2037-11-01 00:00:00,0.16576648077910883
1380,8,2,2038-11-01 00:00:00,0.1714686962897805
1381,8,2,2039-11-01 00:00:00,0.17721823309099696
1382,8,2,2040-11-01 00:00:00,0.18372491054093357
1383,8,2,2041-11-01 00:00:00,0.18997132089287241
1384,8,2,2042-11-01 00:00:00,0.19598112479208665
1385,8,2,2043-11-01 00:00:00,0.20156503707639567
1386,8,2,2044-11-01 00:00:00,0.20615520225925996
1387,8,2,2045-11-01 00:00:00,0.21126590163811906
1388,8,2,2046-11-01 00:00:00,0.21706275972988076
1389,8,2,2047-11-01 00:00:00,0.22248104749728245
1390,8,2,2048-11-01 00:00:00,0.22773371074777654
1391,8,2,2049-11-01 00:00:00,0.2325841430286383
1392,8,2,2050-11-01 00:00:00,0.23499752884643288
1393,8,2,2051-11-01 00:00:00,0.23935108757657214
1394,8,2,2052-11-01 00:00:00,0.24469839340815655
1395,8,2,2053-11-01 00:00:00,0.2491939160099308
1396,8,2,2024-04-01 00:00:00,0.08815956428532107
1397,8,2,2025-04-01 00:00:00,0.09364883398854018
1398,8,2,2026-04-01 00:00:00,0.0990434611106694
1399,8,2,2027-04-01 00:00:00,0.1048876404929759
1400,8,2,2028-04-01 00:00:00,0.11063717729419258
1401,8,2,2029-04-01 00:00:00,0.11719117603467401
1402,8,2,2030-04-01 00:00:00,0.1244076728427854
1403,8,2,2031-04-01 00:00:00,0.1315295270698068
1404,8,2,2032-04-01 00:00:00,0.1384384354893757
1405,8,2,2033-04-01 00:00:00,0.14527636197312702
1406,8,2,2034-04-01 00:00:00,0.15199598523051602
1407,8,2,2035-04-01 00:00:00,0.1585973052615424
1408,8,2,2036-04-01 00:00:00,0.16754102917454605
1409,8,2,2037-04-01 00:00:00,0.17591689760100965
1410,8,2,2038-04-01 00:00:00,0.18450571183492592
1411,8,2,2039-04-01 00:00:00,0.1909650679943173
1412,8,2,2040-04-01 00:00:00,0.19796861899497628
1413,8,2,2041-04-01 00:00:00,0.2061788629045324
1414,8,2,2042-04-01 00:00:00,0.21469669520263113
1415,8,2,2043-04-01 00:00:00,0.2223864049161924
1416,8,2,2044-04-01 00:00:00,0.22879843978503886
1417,8,2,2045-04-01 00:00:00,0.23447699465043792
1418,8,2,2046-04-01 00:00:00,0.24103099339091932
1419,8,2,2047-04-01 00:00:00,0.24886266697611573
1420,8,2,2048-04-01 00:00:00,0.2560791637842271
1421,8,2,2049-04-01 00:00:00,0.2628461083321611
1422,8,2,2050-04-01 00:00:00,0.26885591223137506
1423,8,2,2051-04-01 00:00:00,0.2709143883700821
1424,8,2,2052-04-01 00:00:00,0.2767585677523889
1425,8,2,2053-04-01 00:00:00,0.2826027471346954
1426,8,2,2054-04-01 00:00:00,0.2880683561926419
1427,8,3,2023-11-01 00:00:00,0.08815956428532107
1428,8,3,2024-11-01 00:00:00,0.09868855143158194
1429,8,3,2025-11-01 00:00:00,0.10983271535492764
1430,8,3,2026-11-01 00:00:00,0.12109518250463583
1431,8,3,2027-11-01 00:00:00,0.13285452320506655
1432,8,3,2028-11-01 00:00:00,0.14660135810838687
1433,8,3,2029-11-01 00:00:00,0.16235934785986939
1434,8,3,2030-11-01 00:00:00,0.17906376342225175
1435,8,3,2031-11-01 00:00:00,0.19543692995081907
1436,8,3,2032-11-01 00:00:00,0.21079268873266918
1437,8,3,2033-11-01 00:00:00,0.2263613933219718
1438,8,3,2034-11-01 00:00:00,0.24271089920526664
1439,8,3,2035-11-01 00:00:00,0.2602670979974589
1440,8,3,2036-11-01 00:00:00,0.2777523148538338
1441,8,3,2037-11-01 00:00:00,0.2951665497743908
1442,8,3,2038-11-01 00:00:00,0.31191828662731835
1443,8,3,2039-11-01 00:00:00,0.3282914531558857
1444,8,3,2040-11-01 00:00:00,0.34606059775553033
1445,8,3,2041-11-01 00:00:00,0.3639953668720826
1446,8,3,2042-11-01 00:00:00,0.38188281469808993
1447,8,3,2043-11-01 00:00:00,0.39903678252064945
1448,8,3,2044-11-01 00:00:00,0.41370638258959724
1449,8,3,2045-11-01 00:00:00,0.42899115943562965
1450,8,3,2046-11-01 00:00:00,0.44486745241347503
1451,8,3,2047-11-01 00:00:00,0.4602705324858698
1452,8,3,2048-11-01 00:00:00,0.4749401325548176
1453,8,3,2049-11-01 00:00:00,0.4900829455292149
1454,8,3,2050-11-01 00:00:00,0.4943182010329921
1455,8,3,2051-11-01 00:00:00,0.503474870753448
1456,8,3,2052-11-01 00:00:00,0.5153051933896964
1457,8,3,2053-11-01 00:00:00,0.5266859637657666
1458,8,3,2024-04-01 00:00:00,0.08815956428532107
1459,8,3,2025-04-01 00:00:00,0.10046309982701916
1460,8,3,2026-04-01 00:00:00,0.11338181214580208
1461,8,3,2027-04-01 00:00:00,0.12596927543077013
1462,8,3,2028-04-01 00:00:00,0.14007102001317787
1463,8,3,2029-04-01 00:00:00,0.15668079299447019
1464,8,3,2030-04-01 00:00:00,0.17575127308410218
1465,8,3,2031-04-01 00:00:00,0.19609942801844904
1466,8,3,2032-04-01 00:00:00,0.21592704875680088
1467,8,3,2033-04-01 00:00:00,0.23395646045444307
1468,8,3,2034-04-01 00:00:00,0.2512997134391829
1469,8,3,2035-04-01 00:00:00,0.27098537030589964
1470,8,3,2036-04-01 00:00:00,0.2929897704093212
1471,8,3,2037-04-01 00:00:00,0.31390578083020787
1472,8,3,2038-04-01 00:00:00,0.3344432209267345
1473,8,3,2039-04-01 00:00:00,0.35353736166163907
1474,8,3,2040-04-01 00:00:00,0.37248953852490857
1475,8,3,2041-04-01 00:00:00,0.3937841192701552
1476,8,3,2042-04-01 00:00:00,0.4158358406641219
1477,8,3,2043-04-01 00:00:00,0.43762729496009073
1478,8,3,2044-04-01 00:00:00,0.45672143569499535
1479,8,3,2045-04-01 00:00:00,0.4727396925444753
1480,8,3,2046-04-01 00:00:00,0.49015392746503256
1481,8,3,2047-04-01 00:00:00,0.5089641404566669
1482,8,3,2048-04-01 00:00:00,0.527632389576667
1483,8,3,2049-04-01 00:00:00,0.5466082270852084
1484,8,3,2050-04-01 00:00:00,0.5645193355564885
1485,8,3,2051-04-01 00:00:00,0.5683286994453604
1486,8,3,2052-04-01 00:00:00,0.5799697369194288
1487,8,3,2053-04-01 00:00:00,0.5934563047247512
1488,8,3,2054-04-01 00:00:00,0.6069192118848017
1489,9,1,2023-11-01 00:00:00,0.06984564028729047
1490,9,1,2024-11-01 00:00:00,0.07070205821996842
1491,9,1,2025-11-01 00:00:00,0.07120956514303682
1492,9,1,2026-11-01 00:00:00,0.07247833245070787
1493,9,1,2027-11-01 00:00:00,0.07342990793146113
1494,9,1,2028-11-01 00:00:00,0.07460351769105684
1495,9,1,2029-11-01 00:00:00,0.07032142802766711
1496,9,1,2030-11-01 00:00:00,0.07181222961418057
1497,9,1,2031-11-01 00:00:00,0.07289068182570095
1498,9,1,2032-11-01 00:00:00,0.07393741485452955
1499,9,1,2033-11-01 00:00:00,0.07526962052758414
1500,9,1,2034-11-01 00:00:00,0.07672870293140584
1501,9,1,2035-11-01 00:00:00,0.07831466206599463
1502,9,1,2036-11-01 00:00:00,0.08005921711404229
1503,9,1,2037-11-01 00:00:00,0.08116938850825445
1504,9,1,2038-11-01 00:00:00,0.08234299826785016
1505,9,1,2039-11-01 00:00:00,0.08408755331589783
1506,9,1,2040-11-01 00:00:00,0.08507084797934289
1507,9,1,2041-11-01 00:00:00,0.08580038918125373
1508,9,1,2042-11-01 00:00:00,0.08672024547931523
1509,9,1,2043-11-01 00:00:00,0.08751322504660962
1510,9,1,2044-11-01 00:00:00,0.08805245115236982
1511,9,1,2045-11-01 00:00:00,0.08878199235428065
1512,9,1,2046-11-01 00:00:00,0.08979700620041749
1513,9,1,2047-11-01 00:00:00,0.09046310903694478
1514,9,1,2048-11-01 00:00:00,0.09277860937344443
1515,9,1,2049-11-01 00:00:00,0.09458660278687564
1516,9,1,2050-11-01 00:00:00,0.09655319211376576
1517,9,1,2051-11-01 00:00:00,0.09693382230606705
1518,9,1,2052-11-01 00:00:00,0.09823430879642987
1519,9,1,2053-11-01 00:00:00,0.0992493226425667
1520,9,1,2024-04-01 00:00:00,0.06984564028729047
1521,9,1,2025-04-01 00:00:00,0.07035314721035887
1522,9,1,2026-04-01 00:00:00,0.07076549658535196
1523,9,1,2027-04-01 00:00:00,0.07171707206610524
1524,9,1,2028-04-01 00:00:00,0.0728272434603174
1525,9,1,2029-04-01 00:00:00,0.06959188682575626
1526,9,1,2030-04-01 00:00:00,0.0690209415373043
1527,9,1,2031-04-01 00:00:00,0.07054346230650953
1528,9,1,2032-04-01 00:00:00,0.07159019533533814
1529,9,1,2033-04-01 00:00:00,0.0728272434603174
1530,9,1,2034-04-01 00:00:00,0.07422288749875554
1531,9,1,2035-04-01 00:00:00,0.07580884663334432
1532,9,1,2036-04-01 00:00:00,0.07761684004677555
1533,9,1,2037-04-01 00:00:00,0.07955171019097387
1534,9,1,2038-04-01 00:00:00,0.08091563504672025
1535,9,1,2039-04-01 00:00:00,0.08208924480631595
1536,9,1,2040-04-01 00:00:00,0.08383379985436362
1537,9,1,2041-04-01 00:00:00,0.08469021778704157
1538,9,1,2042-04-01 00:00:00,0.0855783549024113
1539,9,1,2043-04-01 00:00:00,0.0866250879312399
1540,9,1,2044-04-01 00:00:00,0.08735462913315074
1541,9,1,2045-04-01 00:00:00,0.08767182096006851
1542,9,1,2046-04-01 00:00:00,0.08843308134467112
1543,9,1,2047-04-01 00:00:00,0.08963841028695861
1544,9,1,2048-04-01 00:00:00,0.09049482821963656
1545,9,1,2049-04-01 00:00:00,0.0936033081234306
1546,9,1,2050-04-01 00:00:00,0.09572849336377957
1547,9,1,2051-04-01 00:00:00,0.0976633635079779
1548,9,1,2052-04-01 00:00:00,0.09848806225796408
1549,9,1,2053-04-01 00:00:00,0.09962995283486802
1550,9,1,2054-04-01 00:00:00,0.1007084050463884
1551,9,2,2023-11-01 00:00:00,0.06984564028729047
1552,9,2,2024-11-01 00:00:00,0.0734933462968447
1553,9,2,2025-11-01 00:00:00,0.07695073721024827
1554,9,2,2026-11-01 00:00:00,0.08091563504672025
1555,9,2,2027-11-01 00:00:00,0.08443646432550737
1556,9,2,2028-11-01 00:00:00,0.08862339644082179
1557,9,2,2029-11-01 00:00:00,0.09319095874843751
1558,9,2,2030-11-01 00:00:00,0.09772680187336145
1559,9,2,2031-11-01 00:00:00,0.10207232990213475
1560,9,2,2032-11-01 00:00:00,0.10648129629629159
1561,9,2,2033-11-01 00:00:00,0.11101713942121555
1562,9,2,2034-11-01 00:00:00,0.1152992290846053
1563,9,2,2035-11-01 00:00:00,0.12056461341144008
1564,9,2,2036-11-01 00:00:00,0.1258934361036584
1565,9,2,2037-11-01 00:00:00,0.1313174163439521
1566,9,2,2038-11-01 00:00:00,0.13585325946887605
1567,9,2,2039-11-01 00:00:00,0.1403891025938
1568,9,2,2040-11-01 00:00:00,0.14555932937255947
1569,9,2,2041-11-01 00:00:00,0.1505075218724765
1570,9,2,2042-11-01 00:00:00,0.1552653992762429
1571,9,2,2043-11-01 00:00:00,0.1597060848530915
1572,9,2,2044-11-01 00:00:00,0.16332207167995397
1573,9,2,2045-11-01 00:00:00,0.16738212706450128
1574,9,2,2046-11-01 00:00:00,0.17198140855480876
1575,9,2,2047-11-01 00:00:00,0.1762634982181985
1576,9,2,2048-11-01 00:00:00,0.18041871115082117
1577,9,2,2049-11-01 00:00:00,0.18428845143921782
1578,9,2,2050-11-01 00:00:00,0.18619160240072438
1579,9,2,2051-11-01 00:00:00,0.18961727413143617
1580,9,2,2052-11-01 00:00:00,0.1938676446121341
1581,9,2,2053-11-01 00:00:00,0.19742019307361303
1582,9,2,2024-04-01 00:00:00,0.06984564028729047
1583,9,2,2025-04-01 00:00:00,0.07419116831606376
1584,9,2,2026-04-01 00:00:00,0.0784732579794535
1585,9,2,2027-04-01 00:00:00,0.08310425865245277
1586,9,2,2028-04-01 00:00:00,0.08764010177737673
1587,9,2,2029-04-01 00:00:00,0.09284204773882797
1588,9,2,2030-04-01 00:00:00,0.09855150062334762
1589,9,2,2031-04-01 00:00:00,0.10419751514248374
1590,9,2,2032-04-01 00:00:00,0.10968493374816095
1591,9,2,2033-04-01 00:00:00,0.11510891398845463
1592,9,2,2034-04-01 00:00:00,0.1204060174979812
1593,9,2,2035-04-01 00:00:00,0.12567140182481598
1594,9,2,2036-04-01 00:00:00,0.13274477956508202
1595,9,2,2037-04-01 00:00:00,0.13937408874766316
1596,9,2,2038-04-01 00:00:00,0.146193713026395
1597,9,2,2039-04-01 00:00:00,0.15130050143977092
1598,9,2,2040-04-01 00:00:00,0.1568196392281399
1599,9,2,2041-04-01 00:00:00,0.16335379086264573
1600,9,2,2042-04-01 00:00:00,0.1700782575933022
1601,9,2,2043-04-01 00:00:00,0.17620005985281495
1602,9,2,2044-04-01 00:00:00,0.1812751290834991
1603,9,2,2045-04-01 00:00:00,0.18577925302573128
1604,9,2,2046-04-01 00:00:00,0.19094947980449076
1605,9,2,2047-04-01 00:00:00,0.1971664396120788
1606,9,2,2048-04-01 00:00:00,0.20287589249659846
1607,9,2,2049-04-01 00:00:00,0.2082364343715086
1608,9,2,2050-04-01 00:00:00,0.21299431177527497
1609,9,2,2051-04-01 00:00:00,0.2146437092752473
1610,9,2,2052-04-01 00:00:00,0.21927470994824658
1611,9,2,2053-04-01 00:00:00,0.22390571062124587
1612,9,2,2054-04-01 00:00:00,0.2282195194673274
1613,9,3,2023-11-01 00:00:00,0.06984564028729047
1614,9,3,2024-11-01 00:00:00,0.07818778533522752
1615,9,3,2025-11-01 00:00:00,0.08703743730623299
1616,9,3,2026-11-01 00:00:00,0.095950527642622
1617,9,3,2027-11-01 00:00:00,0.10524424817131234
1618,9,3,2028-11-01 00:00:00,0.11615564701728323
1619,9,3,2029-11-01 00:00:00,0.12862128581515114
1620,9,3,2030-11-01 00:00:00,0.1418481849976217
1621,9,3,2031-11-01 00:00:00,0.1548530499012498
1622,9,3,2032-11-01 00:00:00,0.16700149687219995
1623,9,3,2033-11-01 00:00:00,0.179308539756609
1624,9,3,2034-11-01 00:00:00,0.19228168547754532
1625,9,3,2035-11-01 00:00:00,0.20620640667923495
1626,9,3,2036-11-01 00:00:00,0.22003597033284922
1627,9,3,2037-11-01 00:00:00,0.23383381480377172
1628,9,3,2038-11-01 00:00:00,0.2471241523516258
1629,9,3,2039-11-01 00:00:00,0.26009729807256216
1630,9,3,2040-11-01 00:00:00,0.27418061518771064
1631,9,3,2041-11-01 00:00:00,0.28839080903362624
1632,9,3,2042-11-01 00:00:00,0.30253756451415825
1633,9,3,2043-11-01 00:00:00,0.3161450938889301
1634,9,3,2044-11-01 00:00:00,0.3277543147541201
1635,9,3,2045-11-01 00:00:00,0.3398710425423785
1636,9,3,2046-11-01 00:00:00,0.3524318388883217
1637,9,3,2047-11-01 00:00:00,0.3646437242246554
1638,9,3,2048-11-01 00:00:00,0.37628466427253715
1639,9,3,2049-11-01 00:00:00,0.38827451533002844
1640,9,3,2050-11-01 00:00:00,0.3916367486953567
1641,9,3,2051-11-01 00:00:00,0.39886872234908155
1642,9,3,2052-11-01 00:00:00,0.40825760042584724
1643,9,3,2053-11-01 00:00:00,0.41729756749300334
1644,9,3,2024-04-01 00:00:00,0.06984564028729047
1645,9,3,2025-04-01 00:00:00,0.07958342937366567
1646,9,3,2026-04-01 00:00:00,0.08982872538310926
1647,9,3,2027-04-01 00:00:00,0.09978854874832689
1648,9,3,2028-04-01 00:00:00,0.11098542023852377
1649,9,3,2029-04-01 00:00:00,0.12414888105561075
1650,9,3,2030-04-01 00:00:00,0.13924721201689608
1651,9,3,2031-04-01 00:00:00,0.1553605568243182
1652,9,3,2032-04-01 00:00:00,0.17106155225674727
1653,9,3,2033-04-01 00:00:00,0.18533518446804642
1654,9,3,2034-04-01 00:00:00,0.19910130975627716
1655,9,3,2035-04-01 00:00:00,0.2146754284579391
1656,9,3,2036-04-01 00:00:00,0.23212097893841585
1657,9,3,2037-04-01 00:00:00,0.24871011148621458
1658,9,3,2038-04-01 00:00:00,0.26495033302440385
1659,9,3,2039-04-01 00:00:00,0.2801121023510727
1660,9,3,2040-04-01 00:00:00,0.2951152757642827
1661,9,3,2041-04-01 00:00:00,0.3119898809563075
1662,9,3,2042-04-01 00:00:00,0.32946715061947596
1663,9,3,2043-04-01 00:00:00,0.34672238600380206
1664,9,3,2044-04-01 00:00:00,0.36182071696508733
1665,9,3,2045-04-01 00:00:00,0.3745401092244895
1666,9,3,2046-04-01 00:00:00,0.388337953695412
1667,9,3,2047-04-01 00:00:00,0.40321425037785485
1668,9,3,2048-04-01 00:00:00,0.41802710869491416
1669,9,3,2049-04-01 00:00:00,0.43306200129081596
1670,9,3,2050-04-01 00:00:00,0.44724047595403976
1671,9,3,2051-04-01 00:00:00,0.45028551749245027
1672,9,3,2052-04-01 00:00:00,0.4594840804730653
1673,9,3,2053-04-01 00:00:00,0.47014172585750197
1674,9,3,2054-04-01 00:00:00,0.4808310904246304
1675,10,1,2023-11-01 00:00:00,0.10191373398867586
1676,10,1,2024-11-01 00:00:00,0.10318250129634692
1677,10,1,2025-11-01 00:00:00,0.10391204249825776
1678,10,1,2026-11-01 00:00:00,0.10578347427707253
1679,10,1,2027-11-01 00:00:00,0.10717911831551066
1680,10,1,2028-11-01 00:00:00,0.10889195418086656
1681,10,1,2029-11-01 00:00:00,0.10261155600789494
1682,10,1,2030-11-01 00:00:00,0.1047684604309357
1683,10,1,2031-11-01 00:00:00,0.1063544195655245
1684,10,1,2032-11-01 00:00:00,0.10787694033472975
1685,10,1,2033-11-01 00:00:00,0.10984352966161982
1686,10,1,2034-11-01 00:00:00,0.11196871490196882
1687,10,1,2035-11-01 00:00:00,0.11425249605577667
1688,10,1,2036-11-01 00:00:00,0.11682174985381052
1689,10,1,2037-11-01 00:00:00,0.11840770898839932
1690,10,1,2038-11-01 00:00:00,0.120152264036447
1691,10,1,2039-11-01 00:00:00,0.12268979865178904
1692,10,1,2040-11-01 00:00:00,0.12414888105561074
1693,10,1,2041-11-01 00:00:00,0.12516389490174762
1694,10,1,2042-11-01 00:00:00,0.12649610057480215
1695,10,1,2043-11-01 00:00:00,0.12770142951708963
1696,10,1,2044-11-01 00:00:00,0.12852612826707582
1697,10,1,2045-11-01 00:00:00,0.12954114211321266
1698,10,1,2046-11-01 00:00:00,0.1310636628824179
1699,10,1,2047-11-01 00:00:00,0.1320152383631712
1700,10,1,2048-11-01 00:00:00,0.13534575254580763
1701,10,1,2049-11-01 00:00:00,0.1380101638919168
1702,10,1,2050-11-01 00:00:00,0.14086489033417662
1703,10,1,2051-11-01 00:00:00,0.14146755480532036
1704,10,1,2052-11-01 00:00:00,0.14333898658413516
1705,10,1,2053-11-01 00:00:00,0.14482978817064865
1706,10,1,2024-04-01 00:00:00,0.10191373398867586
1707,10,1,2025-04-01 00:00:00,0.10264327519058672
1708,10,1,2026-04-01 00:00:00,0.10327765884442223
1709,10,1,2027-04-01 00:00:00,0.10467330288286038
1710,10,1,2028-04-01 00:00:00,0.1062275428347574
1711,10,1,2029-04-01 00:00:00,0.10156482297906633
1712,10,1,2030-04-01 00:00:00,0.10070840504638838
1713,10,1,2031-04-01 00:00:00,0.10289702865212091
1714,10,1,2032-04-01 00:00:00,0.10448298778670971
1715,10,1,2033-04-01 00:00:00,0.10629098120014094
1716,10,1,2034-04-01 00:00:00,0.10828928970972282
1717,10,1,2035-04-01 00:00:00,0.11057307086353069
1718,10,1,2036-04-01 00:00:00,0.11323748220963986
1719,10,1,2037-04-01 00:00:00,0.11609220865189969
1720,10,1,2038-04-01 00:00:00,0.11805879797878979
1721,10,1,2039-04-01 00:00:00,0.1197716338441457
1722,10,1,2040-04-01 00:00:00,0.122277449276796
1723,10,1,2041-04-01 00:00:00,0.12354621658446703
1724,10,1,2042-04-01 00:00:00,0.12484670307482983
1725,10,1,2043-04-01 00:00:00,0.12636922384403507
1726,10,1,2044-04-01 00:00:00,0.127511114420939
1727,10,1,2045-04-01 00:00:00,0.12795518297862388
1728,10,1,2046-04-01 00:00:00,0.12903363519014427
1729,10,1,2047-04-01 00:00:00,0.13080990942088366
1730,10,1,2048-04-01 00:00:00,0.13204695754586293
1731,10,1,2049-04-01 00:00:00,0.13658280067078685
1732,10,1,2050-04-01 00:00:00,0.13969128057458094
1733,10,1,2051-04-01 00:00:00,0.14254600701684078
1734,10,1,2052-04-01 00:00:00,0.14368789759374467
1735,10,1,2053-04-01 00:00:00,0.1454007334591006
1736,10,1,2054-04-01 00:00:00,0.1469866925936894
1737,10,2,2023-11-01 00:00:00,0.10191373398867586
1738,10,2,2024-11-01 00:00:00,0.1072425566808942
1739,10,2,2025-11-01 00:00:00,0.11231762591157834
1740,10,2,2026-11-01 00:00:00,0.11809051716148158
1741,10,2,2027-11-01 00:00:00,0.12319730557485745
1742,10,2,2028-11-01 00:00:00,0.12928738865167846
1743,10,2,2029-11-01 00:00:00,0.13598013619964316
1744,10,2,2030-11-01 00:00:00,0.14257772619953255
1745,10,2,2031-11-01 00:00:00,0.14888984355519594
1746,10,2,2032-11-01 00:00:00,0.1553605568243182
1747,10,2,2033-11-01 00:00:00,0.1619581468242076
1748,10,2,2034-11-01 00:00:00,0.16823854499717922
1749,10,2,2035-11-01 00:00:00,0.1758828680258972
1750,10,2,2036-11-01 00:00:00,0.18371750615076585
1751,10,2,2037-11-01 00:00:00,0.1916473018237098
1752,10,2,2038-11-01 00:00:00,0.1982131726409074
1753,10,2,2039-11-01 00:00:00,0.2048424818234886
1754,10,2,2040-11-01 00:00:00,0.21235992812143947
1755,10,2,2041-11-01 00:00:00,0.21962362095785612
1756,10,2,2042-11-01 00:00:00,0.22657012196735501
1757,10,2,2043-11-01 00:00:00,0.2330408352364773
1758,10,2,2044-11-01 00:00:00,0.23833793874600384
1759,10,2,2045-11-01 00:00:00,0.24420598754398237
1760,10,2,2046-11-01 00:00:00,0.25093045427463895
1761,10,2,2047-11-01 00:00:00,0.25721085244761055
1762,10,2,2048-11-01 00:00:00,0.263237497159048
1763,10,2,2049-11-01 00:00:00,0.26885179249549235
1764,10,2,2050-11-01 00:00:00,0.2716747997550603
1765,10,2,2051-11-01 00:00:00,0.2766864306203609
1766,10,2,2052-11-01 00:00:00,0.282903390427949
1767,10,2,2053-11-01 00:00:00,0.28810533638940017
1768,10,2,2024-04-01 00:00:00,0.10191373398867586
1769,10,2,2025-04-01 00:00:00,0.10828928970972282
1770,10,2,2026-04-01 00:00:00,0.11453796870000267
1771,10,2,2027-04-01 00:00:00,0.12126243543065916
1772,10,2,2028-04-01 00:00:00,0.12789174461324032
1773,10,2,2029-04-01 00:00:00,0.1355043484592665
1774,10,2,2030-04-01 00:00:00,0.14381477432451178
1775,10,2,2031-04-01 00:00:00,0.15206176182437353
1776,10,2,2032-04-01 00:00:00,0.16005499586270105
1777,10,2,2033-04-01 00:00:00,0.16792135317026147
1778,10,2,2034-04-01 00:00:00,0.17569255292974653
1779,10,2,2035-04-01 00:00:00,0.18333687595846454
1780,10,2,2036-04-01 00:00:00,0.1936456103332917
1781,10,2,2037-04-01 00:00:00,0.2033833994196669
1782,10,2,2038-04-01 00:00:00,0.21327978441950093
1783,10,2,2039-04-01 00:00:00,0.2207337923520683
1784,10,2,2040-04-01 00:00:00,0.2288539031211629
1785,10,2,2041-04-01 00:00:00,0.2383696579286957
1786,10,2,2042-04-01 00:00:00,0.2482026045631462
1787,10,2,2043-04-01 00:00:00,0.25708397571684344
1788,10,2,2044-04-01 00:00:00,0.26450626446671893
1789,10,2,2045-04-01 00:00:00,0.2710721352839166
1790,10,2,2046-04-01 00:00:00,0.2786213007645592
1791,10,2,2047-04-01 00:00:00,0.28772470619709895
1792,10,2,2048-04-01 00:00:00,0.29603513206234416
1793,10,2,2049-04-01 00:00:00,0.30383805100452105
1794,10,2,2050-04-01 00:00:00,0.31078455201401994
1795,10,2,2051-04-01 00:00:00,0.31316349071590316
1796,10,2,2052-04-01 00:00:00,0.3199513958119432
1797,10,2,2053-04-01 00:00:00,0.32670758172529146
1798,10,2,2054-04-01 00:00:00,0.3329879798982631
1799,10,3,2023-11-01 00:00:00,0.10191373398867586
1800,10,3,2024-11-01 00:00:00,0.11406218095962603
1801,10,3,2025-11-01 00:00:00,0.1269718883151788
1802,10,3,2026-11-01 00:00:00,0.1399767532188069
1803,10,3,2027-11-01 00:00:00,0.15358428259357876
1804,10,3,2028-11-01 00:00:00,0.16944387393946672
1805,10,3,2029-11-01 00:00:00,0.18768240398723782
1806,10,3,2030-11-01 00:00:00,0.20699938624652936
1807,10,3,2031-11-01 00:00:00,0.22593573831351949
1808,10,3,2032-11-01 00:00:00,0.24369848062091395
1809,10,3,2033-11-01 00:00:00,0.2616515380244592
1810,10,3,2034-11-01 00:00:00,0.28055617090875756
1811,10,3,2035-11-01 00:00:00,0.3008881670141859
1812,10,3,2036-11-01 00:00:00,0.3210932863888471
1813,10,3,2037-11-01 00:00:00,0.34123496739812487
1814,10,3,2038-11-01 00:00:00,0.3605836688401081
1815,10,3,2039-11-01 00:00:00,0.37948830172440645
1816,10,3,2040-11-01 00:00:00,0.4000423321086773
1817,10,3,2041-11-01 00:00:00,0.42078667758909877
1818,10,3,2042-11-01 00:00:00,0.4414675847041366
1819,10,3,2043-11-01 00:00:00,0.4612920738864965
1820,10,3,2044-11-01 00:00:00,0.47823011744390476
1821,10,3,2045-11-01 00:00:00,0.4959294213859157
1822,10,3,2046-11-01 00:00:00,0.5142948281644539
1823,10,3,2047-11-01 00:00:00,0.5320892896545403
1824,10,3,2048-11-01 00:00:00,0.5490273332119486
1825,10,3,2049-11-01 00:00:00,0.5665680412405005
1826,10,3,2050-11-01 00:00:00,0.571452795375034
1827,10,3,2051-11-01 00:00:00,0.5820152832113955
1828,10,3,2052-11-01 00:00:00,0.5957179701342425
1829,10,3,2053-11-01 00:00:00,0.6088497117686378
1830,10,3,2024-04-01 00:00:00,0.10191373398867586
1831,10,3,2025-04-01 00:00:00,0.11612392783459145
1832,10,3,2026-04-01 00:00:00,0.1310319436997261
1833,10,3,2027-04-01 00:00:00,0.1456544869206348
1834,10,3,2028-04-01 00:00:00,0.1619581468242076
1835,10,3,2029-04-01 00:00:00,0.1811165331700402
1836,10,3,2030-04-01 00:00:00,0.20316136514082447
1837,10,3,2031-04-01 00:00:00,0.2266652795154304
1838,10,3,2032-04-01 00:00:00,0.24962996778427607
1839,10,3,2033-04-01 00:00:00,0.2704694708127728
1840,10,3,2034-04-01 00:00:00,0.2904842750912834
1841,10,3,2035-04-01 00:00:00,0.3132586482639785
1842,10,3,2036-04-01 00:00:00,0.33869743278278275
1843,10,3,2037-04-01 00:00:00,0.36289916917660775
1844,10,3,2038-04-01 00:00:00,0.38662511783005604
1845,10,3,2039-04-01 00:00:00,0.40870166898353205
1846,10,3,2040-04-01 00:00:00,0.4305879050408574
1847,10,3,2041-04-01 00:00:00,0.45523370999236723
1848,10,3,2042-04-01 00:00:00,0.48070421369386324
1849,10,3,2043-04-01 00:00:00,0.5059209639338251
1850,10,3,2044-04-01 00:00:00,0.5279657959046093
1851,10,3,2045-04-01 00:00:00,0.5464897985966065
1852,10,3,2046-04-01 00:00:00,0.5666314796058841
1853,10,3,2047-04-01 00:00:00,0.5883908389324424
1854,10,3,2048-04-01 00:00:00,0.6099598831628499
1855,10,3,2049-04-01 00:00:00,0.6318778384028672
1856,10,3,2050-04-01 00:00:00,0.6526221838832885
1857,10,3,2051-04-01 00:00:00,0.6569994310947534
1858,10,3,2052-04-01 00:00:00,0.6704800837387583
1859,10,3,2053-04-01 00:00:00,0.6860224832577285
1860,10,3,2054-04-01 00:00:00,0.7015966019593903
1861,11,1,2023-11-01 00:00:00,0.30992813408134207
1862,11,1,2024-11-01 00:00:00,0.3137978743697387
1863,11,1,2025-11-01 00:00:00,0.316018217158163
1864,11,1,2026-11-01 00:00:00,0.32166423167729913
1865,11,1,2027-11-01 00:00:00,0.3258828829753053
1866,11,1,2028-11-01 00:00:00,0.33111654811944835
1867,11,1,2029-11-01 00:00:00,0.312053319321691
1868,11,1,2030-11-01 00:00:00,0.3186191901388886
1869,11,1,2031-11-01 00:00:00,0.3234405059080385
1870,11,1,2032-11-01 00:00:00,0.3281032257637296
1871,11,1,2033-11-01 00:00:00,0.3340029937443999
1872,11,1,2034-11-01 00:00:00,0.34050542619621393
1873,11,1,2035-11-01 00:00:00,0.3474836463884046
1874,11,1,2036-11-01 00:00:00,0.355223126965198
1875,11,1,2037-11-01 00:00:00,0.3601078810997314
1876,11,1,2038-11-01 00:00:00,0.36537326542656623
1877,11,1,2039-11-01 00:00:00,0.37311274600335953
1878,11,1,2040-11-01 00:00:00,0.3775217123975164
1879,11,1,2041-11-01 00:00:00,0.38066191148400225
1880,11,1,2042-11-01 00:00:00,0.38475368605124133
1881,11,1,2043-11-01 00:00:00,0.388337953695412
1882,11,1,2044-11-01 00:00:00,0.3907803307626787
1883,11,1,2045-11-01 00:00:00,0.3939205298491646
1884,11,1,2046-11-01 00:00:00,0.39848809215678027
1885,11,1,2047-11-01 00:00:00,0.4014062569644236
1886,11,1,2048-11-01 00:00:00,0.4116198337911754
1887,11,1,2049-11-01 00:00:00,0.4197082253775783
1888,11,1,2050-11-01 00:00:00,0.4283992814351249
1889,11,1,2051-11-01 00:00:00,0.43020727484855614
1890,11,1,2052-11-01 00:00:00,0.43585328936769224
1891,11,1,2053-11-01 00:00:00,0.44045257085799977
1892,11,1,2024-04-01 00:00:00,0.30992813408134207
1893,11,1,2025-04-01 00:00:00,0.31218019605245817
1894,11,1,2026-04-01 00:00:00,0.3140516278312729
1895,11,1,2027-04-01 00:00:00,0.3182702791292791
1896,11,1,2028-04-01 00:00:00,0.32309159489842904
1897,11,1,2029-04-01 00:00:00,0.30884968186982165
1898,11,1,2030-04-01 00:00:00,0.30624870888909606
1899,11,1,2031-04-01 00:00:00,0.3130048948024443
1900,11,1,2032-04-01 00:00:00,0.31773105302351895
1901,11,1,2033-04-01 00:00:00,0.3231867524465044
1902,11,1,2034-04-01 00:00:00,0.3293402738887089
1903,11,1,2035-04-01 00:00:00,0.33631849408089953
1904,11,1,2036-04-01 00:00:00,0.34437516648461064
1905,11,1,2037-04-01 00:00:00,0.3530027841767736
1906,11,1,2038-04-01 00:00:00,0.3590611480709029
1907,11,1,2039-04-01 00:00:00,0.3642630940323541
1908,11,1,2040-04-01 00:00:00,0.37197085542645564
1909,11,1,2041-04-01 00:00:00,0.37577715734946876
1910,11,1,2042-04-01 00:00:00,0.379710336003249
1911,11,1,2043-04-01 00:00:00,0.3843096174935564
1912,11,1,2044-04-01 00:00:00,0.3876718508588847
1913,11,1,2045-04-01 00:00:00,0.3890674948973228
1914,11,1,2046-04-01 00:00:00,0.3923980090799593
1915,11,1,2047-04-01 00:00:00,0.3977902701375612
1916,11,1,2048-04-01 00:00:00,0.40159657206057436
1917,11,1,2049-04-01 00:00:00,0.41539441653149684
1918,11,1,2050-04-01 00:00:00,0.42481501379095427
1919,11,1,2051-04-01 00:00:00,0.43341091230042544
1920,11,1,2052-04-01 00:00:00,0.4369951799445962
1921,11,1,2053-04-01 00:00:00,0.4421336875406638
1922,11,1,2054-04-01 00:00:00,0.446923284127122
1923,11,2,2023-11-01 00:00:00,0.30992813408134207
1924,11,2,2024-11-01 00:00:00,0.32616835561953134
1925,11,2,2025-11-01 00:00:00,0.34148872085965903
1926,11,2,2026-11-01 00:00:00,0.35906114807090284
1927,11,2,2027-11-01 00:00:00,0.37466698595525666
1928,11,2,2028-11-01 00:00:00,0.3932227078299454
1929,11,2,2029-11-01 00:00:00,0.4135547039353738
1930,11,2,2030-11-01 00:00:00,0.43360122739657614
1931,11,2,2031-11-01 00:00:00,0.45288649047317586
1932,11,2,2032-11-01 00:00:00,0.4724889453766933
1933,11,2,2033-11-01 00:00:00,0.4925989072032793
1934,11,2,2034-11-01 00:00:00,0.5115986976356531
1935,11,2,2035-11-01 00:00:00,0.5349440160968002
1936,11,2,2036-11-01 00:00:00,0.5586699647502484
1937,11,2,2037-11-01 00:00:00,0.5827765435959982
1938,11,2,2038-11-01 00:00:00,0.6028547862398922
1939,11,2,2039-11-01 00:00:00,0.6229647480664781
1940,11,2,2040-11-01 00:00:00,0.6458342787872484
1941,11,2,2041-11-01 00:00:00,0.667847391575341
1942,11,2,2042-11-01 00:00:00,0.6889723672480637
1943,11,2,2043-11-01 00:00:00,0.7086699796996565
1944,11,2,2044-11-01 00:00:00,0.7247198861416951
1945,11,2,2045-11-01 00:00:00,0.7427046627279321
1946,11,2,2046-11-01 00:00:00,0.7631318163814357
1947,11,2,2047-11-01 00:00:00,0.7821950451791929
1948,11,2,2048-11-01 00:00:00,0.8005921711404229
1949,11,2,2049-11-01 00:00:00,0.8176888106112901
1950,11,2,2050-11-01 00:00:00,0.8262212707553779
1951,11,2,2051-11-01 00:00:00,0.8413830400820467
1952,11,2,2052-11-01 00:00:00,0.860287672966345
1953,11,2,2053-11-01 00:00:00,0.8760838259468495
1954,11,2,2024-04-01 00:00:00,0.30992813408134207
1955,11,2,2025-04-01 00:00:00,0.3292451163406336
1956,11,2,2026-04-01 00:00:00,0.34824490677300723
1957,11,2,2027-04-01 00:00:00,0.3687354987918945
1958,11,2,2028-04-01 00:00:00,0.3889406181665557
1959,11,2,2029-04-01 00:00:00,0.41203218316616846
1960,11,2,2030-04-01 00:00:00,0.43731237177151394
1961,11,2,2031-04-01 00:00:00,0.46240224528070856
1962,11,2,2032-04-01 00:00:00,0.48669913922260893
1963,11,2,2033-04-01 00:00:00,0.510742279702975
1964,11,2,2034-04-01 00:00:00,0.5343096324429646
1965,11,2,2035-04-01 00:00:00,0.5576232317214198
1966,11,2,2036-04-01 00:00:00,0.588993503403586
1967,11,2,2037-04-01 00:00:00,0.6184923433069377
1968,11,2,2038-04-01 00:00:00,0.6486572860468165
1969,11,2,2039-04-01 00:00:00,0.6713047824887445
1970,11,2,2040-04-01 00:00:00,0.6959188682575627
1971,11,2,2041-04-01 00:00:00,0.7249102012378457
1972,11,2,2042-04-01 00:00:00,0.754726232968115
1973,11,2,2043-04-01 00:00:00,0.7818461341695834
1974,11,2,2044-04-01 00:00:00,0.8043667538807443
1975,11,2,2045-04-01 00:00:00,0.824349838976563
1976,11,2,2046-04-01 00:00:00,0.8473145272454088
1977,11,2,2047-04-01 00:00:00,0.8749102161872537
1978,11,2,2048-04-01 00:00:00,0.9002855623406747
1979,11,2,2049-04-01 00:00:00,0.9240432301768147
1980,11,2,2050-04-01 00:00:00,0.9451364866668457
1981,11,2,2051-04-01 00:00:00,0.9524001795032623
1982,11,2,2052-04-01 00:00:00,0.9729859290702249
1983,11,2,2053-04-01 00:00:00,0.9935082402718038
1984,11,2,2054-04-01 00:00:00,1.0126349074349446
1985,11,3,2023-11-01 00:00:00,0.30992813408134207
1986,11,3,2024-11-01 00:00:00,0.34691270109995265
1987,11,3,2025-11-01 00:00:00,0.3861493300896795
1988,11,3,2026-11-01 00:00:00,0.4257348700890157
1989,11,3,2027-11-01 00:00:00,0.46703324595370793
1990,11,3,2028-11-01 00:00:00,0.5153732803759744
1991,11,3,2029-11-01 00:00:00,0.5707866925385069
1992,11,3,2030-11-01 00:00:00,0.6294988997009838
1993,11,3,2031-11-01 00:00:00,0.6871009354692489
1994,11,3,2032-11-01 00:00:00,0.7410552652279597
1995,11,3,2033-11-01 00:00:00,0.7957074170058894
1996,11,3,2034-11-01 00:00:00,0.8531825760433874
1997,11,3,2035-11-01 00:00:00,0.9150667014750421
1998,11,3,2036-11-01 00:00:00,0.9764116008009367
1999,11,3,2037-11-01 00:00:00,1.037629623396064
2000,11,3,2038-11-01 00:00:00,1.0965638648373834
2001,11,3,2039-11-01 00:00:00,1.1541024622402651
2002,11,3,2040-11-01 00:00:00,1.2165575329603717
2003,11,3,2041-11-01 00:00:00,1.279615268151622
2004,11,3,2042-11-01 00:00:00,1.3425144074294135
2005,11,3,2043-11-01 00:00:00,1.4028125737264796
2006,11,3,2044-11-01 00:00:00,1.4543562456006154
2007,11,3,2045-11-01 00:00:00,1.5081202602631756
2008,11,3,2046-11-01 00:00:00,1.5639143026180091
2009,11,3,2047-11-01 00:00:00,1.6180589474728708
2010,11,3,2048-11-01 00:00:00,1.6696343385296983
2011,11,3,2049-11-01 00:00:00,1.7229225654518818
2012,11,3,2050-11-01 00:00:00,1.7378305813170163
2013,11,3,2051-11-01 00:00:00,1.7699621133837853
2014,11,3,2052-11-01 00:00:00,1.8115776810753952
2015,11,3,2053-11-01 00:00:00,1.8516390088151082
2016,11,3,2024-04-01 00:00:00,0.30992813408134207
2017,11,3,2025-04-01 00:00:00,0.3531613800902325
2018,11,3,2026-04-01 00:00:00,0.39851981133947206
2019,11,3,2027-04-01 00:00:00,0.442831509559883
2020,11,3,2028-04-01 00:00:00,0.4925037496552039
2021,11,3,2029-04-01 00:00:00,0.5508670458080716
2022,11,3,2030-04-01 00:00:00,0.6178262404704105
2023,11,3,2031-04-01 00:00:00,0.6893529974403649
2024,11,3,2032-04-01 00:00:00,0.7591034801795801
2025,11,3,2033-04-01 00:00:00,0.8224466880150566
2026,11,3,2034-04-01 00:00:00,0.8834426763313414
2027,11,3,2035-04-01 00:00:00,0.9526539329647964
2028,11,3,2036-04-01 00:00:00,1.0299853003673463
2029,11,3,2037-04-01 00:00:00,1.103573804212266
2030,11,3,2038-04-01 00:00:00,1.1757032256533646
2031,11,3,2039-04-01 00:00:00,1.2429161737772376
2032,11,3,2040-04-01 00:00:00,1.309494738247275
2033,11,3,2041-04-01 00:00:00,1.3844471669479415
2034,11,3,2042-04-01 00:00:00,1.4619371302639501
2035,11,3,2043-04-01 00:00:00,1.5385072372818969
2036,11,3,2044-04-01 00:00:00,1.605593308675003
2037,11,3,2045-04-01 00:00:00,1.6619582963182886
2038,11,3,2046-04-01 00:00:00,1.723176318913416
2039,11,3,2047-04-01 00:00:00,1.7892473764603851
2040,11,3,2048-04-01 00:00:00,1.8549378038150528
2041,11,3,2049-04-01 00:00:00,1.9216432450158576
2042,11,3,2050-04-01 00:00:00,1.9846058226590324
2043,11,3,2051-04-01 00:00:00,1.9979913177549624
2044,11,3,2052-04-01 00:00:00,2.038909063427353
2045,11,3,2053-04-01 00:00:00,2.0862340840034825
2046,11,3,2054-04-01 00:00:00,2.133622542944996
2047,12,1,2023-11-01 00:00:00,0.11818567470955686
2048,12,1,2024-11-01 00:00:00,0.11964475711337857
2049,12,1,2025-11-01 00:00:00,0.12050117504605656
2050,12,1,2026-11-01 00:00:00,0.122689798651789
2051,12,1,2027-11-01 00:00:00,0.12427575778637788
2052,12,1,2028-11-01 00:00:00,0.1262423471132679
2053,12,1,2029-11-01 00:00:00,0.11897865427685127
2054,12,1,2030-11-01 00:00:00,0.12151618889219337
2055,12,1,2031-11-01 00:00:00,0.12332418230562465
2056,12,1,2032-11-01 00:00:00,0.12510045653636404
2057,12,1,2033-11-01 00:00:00,0.12738423769017188
2058,12,1,2034-11-01 00:00:00,0.1298583339401304
2059,12,1,2035-11-01 00:00:00,0.13249102610354785
2060,12,1,2036-11-01 00:00:00,0.13547262927657477
2061,12,1,2037-11-01 00:00:00,0.1373123418726978
2062,12,1,2038-11-01 00:00:00,0.13934236956497142
2063,12,1,2039-11-01 00:00:00,0.14229225355530659
2064,12,1,2040-11-01 00:00:00,0.14397337023797072
2065,12,1,2041-11-01 00:00:00,0.14514697999756634
2066,12,1,2042-11-01 00:00:00,0.14673293913215515
2067,12,1,2043-11-01 00:00:00,0.1480651448052098
2068,12,1,2044-11-01 00:00:00,0.1490167202859631
2069,12,1,2045-11-01 00:00:00,0.15022204922825047
2070,12,1,2046-11-01 00:00:00,0.15196660427629818
2071,12,1,2047-11-01 00:00:00,0.15310849485320216
2072,12,1,2048-11-01 00:00:00,0.15694651595890696
2073,12,1,2049-11-01 00:00:00,0.16002327668000932
2074,12,1,2050-11-01 00:00:00,0.16335379086264581
2075,12,1,2051-11-01 00:00:00,0.1640516128818648
2076,12,1,2052-11-01 00:00:00,0.16620851730490566
2077,12,1,2053-11-01 00:00:00,0.1679530723529532
2078,12,1,2024-04-01 00:00:00,0.11818567470955686
2079,12,1,2025-04-01 00:00:00,0.11904209264223485
2080,12,1,2026-04-01 00:00:00,0.11977163384414566
2081,12,1,2027-04-01 00:00:00,0.12138931216142629
2082,12,1,2028-04-01 00:00:00,0.12322902475754924
2083,12,1,2029-04-01 00:00:00,0.11777332533456379
2084,12,1,2030-04-01 00:00:00,0.11679003067111873
2085,12,1,2031-04-01 00:00:00,0.11935928446915259
2086,12,1,2032-04-01 00:00:00,0.12113555869989204
2087,12,1,2033-04-01 00:00:00,0.12322902475754924
2088,12,1,2034-04-01 00:00:00,0.1255762442767407
2089,12,1,2035-04-01 00:00:00,0.1282723748055416
2090,12,1,2036-04-01 00:00:00,0.13131741634395203
2091,12,1,2037-04-01 00:00:00,0.13461621134389679
2092,12,1,2038-04-01 00:00:00,0.1369317116803964
2093,12,1,2039-04-01 00:00:00,0.1388983010072866
2094,12,1,2040-04-01 00:00:00,0.14181646581492993
2095,12,1,2041-04-01 00:00:00,0.1433072674014434
2096,12,1,2042-04-01 00:00:00,0.14479806898795677
2097,12,1,2043-04-01 00:00:00,0.1465426240360045
2098,12,1,2044-04-01 00:00:00,0.14784311052636728
2099,12,1,2045-04-01 00:00:00,0.14838233663212752
2100,12,1,2046-04-01 00:00:00,0.1496511039397985
2101,12,1,2047-04-01 00:00:00,0.1516811316320722
2102,12,1,2048-04-01 00:00:00,0.1531402140358939
2103,12,1,2049-04-01 00:00:00,0.1584055983627287
2104,12,1,2050-04-01 00:00:00,0.16198986600689944
2105,12,1,2051-04-01 00:00:00,0.16525694182415235
2106,12,1,2052-04-01 00:00:00,0.1666525858625905
2107,12,1,2053-04-01 00:00:00,0.16858745600678887
2108,12,1,2054-04-01 00:00:00,0.17042716860291182
2109,12,2,2023-11-01 00:00:00,0.11818567470955686
2110,12,2,2024-11-01 00:00:00,0.12437091533445321
2111,12,2,2025-11-01 00:00:00,0.13023896413243163
2112,12,2,2026-11-01 00:00:00,0.13693171168039647
2113,12,2,2027-11-01 00:00:00,0.14289491802645024
2114,12,2,2028-11-01 00:00:00,0.14993657658402457
2115,12,2,2029-11-01 00:00:00,0.15767605716081787
2116,12,2,2030-11-01 00:00:00,0.1653520993722275
2117,12,2,2031-11-01 00:00:00,0.17267923057402773
2118,12,2,2032-11-01 00:00:00,0.18019667687197874
2119,12,2,2033-11-01 00:00:00,0.18780928071800487
2120,12,2,2034-11-01 00:00:00,0.1950729735544216
2121,12,2,2035-11-01 00:00:00,0.20401778307350238
2122,12,2,2036-11-01 00:00:00,0.21305775014065856
2123,12,2,2037-11-01 00:00:00,0.22222459393858177
2124,12,2,2038-11-01 00:00:00,0.22986891696729983
2125,12,2,2039-11-01 00:00:00,0.2375766783614012
2126,12,2,2040-11-01 00:00:00,0.24629945360163974
2127,12,2,2041-11-01 00:00:00,0.2546733178322684
2128,12,2,2042-11-01 00:00:00,0.26272999023597965
2129,12,2,2043-11-01 00:00:00,0.2702157173512386
2130,12,2,2044-11-01 00:00:00,0.27636923879344316
2131,12,2,2045-11-01 00:00:00,0.2832205822548666
2132,12,2,2046-11-01 00:00:00,0.2909917820143519
2133,12,2,2047-11-01 00:00:00,0.2982554748507686
2134,12,2,2048-11-01 00:00:00,0.30529713340834275
2135,12,2,2049-11-01 00:00:00,0.31179956586015684
2136,12,2,2050-11-01 00:00:00,0.31503492249471793
2137,12,2,2051-11-01 00:00:00,0.3208712521100046
2138,12,2,2052-11-01 00:00:00,0.32803978739834627
2139,12,2,2053-11-01 00:00:00,0.33406643210978365
2140,12,2,2024-04-01 00:00:00,0.11818567470955686
2141,12,2,2025-04-01 00:00:00,0.12554452509404884
2142,12,2,2026-04-01 00:00:00,0.13277649874777384
2143,12,2,2027-04-01 00:00:00,0.14061113687264237
2144,12,2,2028-04-01 00:00:00,0.14831889826674402
2145,12,2,2029-04-01 00:00:00,0.1571051118723659
2146,12,2,2030-04-01 00:00:00,0.16677946259335757
2147,12,2,2031-04-01 00:00:00,0.17632693658358217
2148,12,2,2032-04-01 00:00:00,0.18558893792958067
2149,12,2,2033-04-01 00:00:00,0.19475578172750377
2150,12,2,2034-04-01 00:00:00,0.2037640296119682
2151,12,2,2035-04-01 00:00:00,0.21261368158297358
2152,12,2,2036-04-01 00:00:00,0.22460353264046495
2153,12,2,2037-04-01 00:00:00,0.2358321233133535
2154,12,2,2038-04-01 00:00:00,0.24734618663046828
2155,12,2,2039-04-01 00:00:00,0.25600552350532296
2156,12,2,2040-04-01 00:00:00,0.26539440158208877
2157,12,2,2041-04-01 00:00:00,0.2764009579761349
2158,12,2,2042-04-01 00:00:00,0.28781986374517426
2159,12,2,2043-04-01 00:00:00,0.2981285981200014
2160,12,2,2044-04-01 00:00:00,0.30672449662947265
2161,12,2,2045-04-01 00:00:00,0.3143371004754988
2162,12,2,2046-04-01 00:00:00,0.3231233140811206
2163,12,2,2047-04-01 00:00:00,0.3336223635520986
2164,12,2,2048-04-01 00:00:00,0.3432967142730903
2165,12,2,2049-04-01 00:00:00,0.3523684005229382
2166,12,2,2050-04-01 00:00:00,0.3604250729266492
2167,12,2,2051-04-01 00:00:00,0.36318464182083354
2168,12,2,2052-04-01 00:00:00,0.37101927994570244
2169,12,2,2053-04-01 00:00:00,0.378853918070571
2170,12,2,2054-04-01 00:00:00,0.38618104927237107
2171,12,3,2023-11-01 00:00:00,0.11818567470955686
2172,12,3,2024-11-01 00:00:00,0.13230071100739718
2173,12,3,2025-11-01 00:00:00,0.14724044605522355
2174,12,3,2026-11-01 00:00:00,0.16233877701650884
2175,12,3,2027-11-01 00:00:00,0.17810321081432154
2176,12,3,2028-11-01 00:00:00,0.19653205595824333
2177,12,3,2029-11-01 00:00:00,0.21765703163096603
2178,12,3,2030-11-01 00:00:00,0.24005077461135982
2179,12,3,2031-11-01 00:00:00,0.2620004490340686
2180,12,3,2032-11-01 00:00:00,0.2825861986010311
2181,12,3,2033-11-01 00:00:00,0.3034574208122198
2182,12,3,2034-11-01 00:00:00,0.3253753760522368
2183,12,3,2035-11-01 00:00:00,0.3489110096095346
2184,12,3,2036-11-01 00:00:00,0.3723514856187571
2185,12,3,2037-11-01 00:00:00,0.3956968040799038
2186,12,3,2038-11-01 00:00:00,0.41815398542568144
2187,12,3,2039-11-01 00:00:00,0.4401036598483902
2188,12,3,2040-11-01 00:00:00,0.46392476604991384
2189,12,3,2041-11-01 00:00:00,0.4879679065302801
2190,12,3,2042-11-01 00:00:00,0.5119476086452628
2191,12,3,2043-11-01 00:00:00,0.5349440160968
2192,12,3,2044-11-01 00:00:00,0.5546099093657012
2193,12,3,2045-11-01 00:00:00,0.5751005013845881
2194,12,3,2046-11-01 00:00:00,0.5963840729707702
2195,12,3,2047-11-01 00:00:00,0.6170332609031159
2196,12,3,2048-11-01 00:00:00,0.6366991541720171
2197,12,3,2049-11-01 00:00:00,0.6569994310947532
2198,12,3,2050-11-01 00:00:00,0.6626771647965817
2199,12,3,2051-11-01 00:00:00,0.6749524884982986
2200,12,3,2052-11-01 00:00:00,0.6908120798441869
2201,12,3,2053-11-01 00:00:00,0.7060690067189306
2202,12,3,2024-04-01 00:00:00,0.11818567470955686
2203,12,3,2025-04-01 00:00:00,0.13467964970928037
2204,12,3,2026-04-01 00:00:00,0.15199832345898992
2205,12,3,2027-04-01 00:00:00,0.16887292865101478
2206,12,3,2028-04-01 00:00:00,0.1877775615353131
2207,12,3,2029-04-01 00:00:00,0.21004442778493973
2208,12,3,2030-04-01 00:00:00,0.23561008903451108
2209,12,3,2031-04-01 00:00:00,0.2628885861494384
2210,12,3,2032-04-01 00:00:00,0.28946926124514655
2211,12,3,2033-04-01 00:00:00,0.3136392784562798
2212,12,3,2034-04-01 00:00:00,0.3368894393693516
2213,12,3,2035-04-01 00:00:00,0.363279799368909
2214,12,3,2036-04-01 00:00:00,0.39277863927226053
2215,12,3,2037-04-01 00:00:00,0.42081839677179034
2216,12,3,2038-04-01 00:00:00,0.44835064734825164
2217,12,3,2039-04-01 00:00:00,0.4739480277805149
2218,12,3,2040-04-01 00:00:00,0.49935509311662735
2219,12,3,2041-04-01 00:00:00,0.5279023575392257
2220,12,3,2042-04-01 00:00:00,0.5574646358079609
2221,12,3,2043-04-01 00:00:00,0.5866780030670863
2222,12,3,2044-04-01 00:00:00,0.6122753834993495
2223,12,3,2045-04-01 00:00:00,0.6337492701816817
2224,12,3,2046-04-01 00:00:00,0.6570945886428289
2225,12,3,2047-04-01 00:00:00,0.6823113388827904
2226,12,3,2048-04-01 00:00:00,0.7073377740266023
2227,12,3,2049-04-01 00:00:00,0.7327765585454057
2228,12,3,2050-04-01 00:00:00,0.7567879798430805
2229,12,3,2051-04-01 00:00:00,0.7618947682564565
2230,12,3,2052-04-01 00:00:00,0.7775006061408105
2231,12,3,2053-04-01 00:00:00,0.7955805402751222
2232,12,3,2054-04-01 00:00:00,0.8136287552267428
2233,13,1,2023-11-01 00:00:00,0.050200596222282484
2234,13,1,2024-11-01 00:00:00,0.05081613486805979
2235,13,1,2025-11-01 00:00:00,0.0511808985100019
2236,13,1,2026-11-01 00:00:00,0.05209280761485717
2237,13,1,2027-11-01 00:00:00,0.052776739443498616
2238,13,1,2028-11-01 00:00:00,0.05362025536548974
2239,13,1,2029-11-01 00:00:00,0.050542562136603214
2240,13,1,2030-11-01 00:00:00,0.05161405533480815
2241,13,1,2031-11-01 00:00:00,0.05238917807393513
2242,13,1,2032-11-01 00:00:00,0.053141503085440724
2243,13,1,2033-11-01 00:00:00,0.05409900764553876
2244,13,1,2034-11-01 00:00:00,0.05514770311612232
2245,13,1,2035-11-01 00:00:00,0.0562875894971914
2246,13,1,2036-11-01 00:00:00,0.05754146451636739
2247,13,1,2037-11-01 00:00:00,0.05833938498311575
2248,13,1,2038-11-01 00:00:00,0.059182900905106875
2249,13,1,2039-11-01 00:00:00,0.06043677592428287
2250,13,1,2040-11-01 00:00:00,0.0611435054805457
2251,13,1,2041-11-01 00:00:00,0.06166785321583748
2252,13,1,2042-11-01 00:00:00,0.06232898731685754
2253,13,1,2043-11-01 00:00:00,0.06289893050739209
2254,13,1,2044-11-01 00:00:00,0.06328649187695558
2255,13,1,2045-11-01 00:00:00,0.06381083961224736
2256,13,1,2046-11-01 00:00:00,0.06454036689613157
2257,13,1,2047-11-01 00:00:00,0.06501911917618058
2258,13,1,2048-11-01 00:00:00,0.06668335329254145
2259,13,1,2049-11-01 00:00:00,0.0679828237669602
2260,13,1,2050-11-01 00:00:00,0.06939628287948588
2261,13,1,2051-11-01 00:00:00,0.06966985561094245
2262,13,1,2052-11-01 00:00:00,0.0706045624434191
2263,13,1,2053-11-01 00:00:00,0.07133408972730332
2264,13,1,2024-04-01 00:00:00,0.050200596222282484
2265,13,1,2025-04-01 00:00:00,0.05056535986422459
2266,13,1,2026-04-01 00:00:00,0.05086173032330255
2267,13,1,2027-04-01 00:00:00,0.051545662151944005
2268,13,1,2028-04-01 00:00:00,0.05234358261869237
2269,13,1,2029-04-01 00:00:00,0.050018214401311434
2270,13,1,2030-04-01 00:00:00,0.049607855304126564
2271,13,1,2031-04-01 00:00:00,0.05070214622995288
2272,13,1,2032-04-01 00:00:00,0.05145447124145848
2273,13,1,2033-04-01 00:00:00,0.05234358261869237
2274,13,1,2034-04-01 00:00:00,0.05334668263403316
2275,13,1,2035-04-01 00:00:00,0.05448656901510224
2276,13,1,2036-04-01 00:00:00,0.055786039489520996
2277,13,1,2037-04-01 00:00:00,0.05717670087442528
2278,13,1,2038-04-01 00:00:00,0.0581570031621447
2279,13,1,2039-04-01 00:00:00,0.05900051908413582
2280,13,1,2040-04-01 00:00:00,0.06025439410331181
2281,13,1,2041-04-01 00:00:00,0.06086993274908912
2282,13,1,2042-04-01 00:00:00,0.06150826912248781
2283,13,1,2043-04-01 00:00:00,0.062260594133993395
2284,13,1,2044-04-01 00:00:00,0.06278494186928518
2285,13,1,2045-04-01 00:00:00,0.063012919145499
2286,13,1,2046-04-01 00:00:00,0.06356006460841215
2287,13,1,2047-04-01 00:00:00,0.06442637825802466
2288,13,1,2048-04-01 00:00:00,0.06504191690380197
2289,13,1,2049-04-01 00:00:00,0.06727609421069737
2290,13,1,2050-04-01 00:00:00,0.06880354196132994
2291,13,1,2051-04-01 00:00:00,0.07019420334623423
2292,13,1,2052-04-01 00:00:00,0.07078694426439015
2293,13,1,2053-04-01 00:00:00,0.0716076624587599
2294,13,1,2054-04-01 00:00:00,0.07238278519788688
2295,13,2,2023-11-01 00:00:00,0.050200596222282484
2296,13,2,2024-11-01 00:00:00,0.052822334898741385
2297,13,2,2025-11-01 00:00:00,0.055307287209471985
2298,13,2,2026-11-01 00:00:00,0.0581570031621447
2299,13,2,2027-11-01 00:00:00,0.06068755092811807
2300,13,2,2028-11-01 00:00:00,0.06369685097414045
2301,13,2,2029-11-01 00:00:00,0.06697972375161941
2302,13,2,2030-11-01 00:00:00,0.07023979880147699
2303,13,2,2031-11-01 00:00:00,0.07336308748560628
2304,13,2,2032-11-01 00:00:00,0.07653197162497834
2305,13,2,2033-11-01 00:00:00,0.07979204667483593
2306,13,2,2034-11-01 00:00:00,0.08286973990372246
2307,13,2,2035-11-01 00:00:00,0.08665416268887181
2308,13,2,2036-11-01 00:00:00,0.09048418092926393
2309,13,2,2037-11-01 00:00:00,0.0943825923525202
2310,13,2,2038-11-01 00:00:00,0.09764266740237779
2311,13,2,2039-11-01 00:00:00,0.10090274245223536
2312,13,2,2040-11-01 00:00:00,0.10461877205452058
2313,13,2,2041-11-01 00:00:00,0.10817521756345613
2314,13,2,2042-11-01 00:00:00,0.11159487670666339
2315,13,2,2043-11-01 00:00:00,0.11478655857365683
2316,13,2,2044-11-01 00:00:00,0.11738549952249434
2317,13,2,2045-11-01 00:00:00,0.12030360865803119
2318,13,2,2046-11-01 00:00:00,0.12360927916313154
2319,13,2,2047-11-01 00:00:00,0.12668697239201807
2320,13,2,2048-11-01 00:00:00,0.12967347471041907
2321,13,2,2049-11-01 00:00:00,0.13245479748022762
2322,13,2,2050-11-01 00:00:00,0.13382266113751054
2323,13,2,2051-11-01 00:00:00,0.13628481572061976
2324,13,2,2052-11-01 00:00:00,0.1393397112218849
2325,13,2,2053-11-01 00:00:00,0.14189305671547967
2326,13,2,2024-04-01 00:00:00,0.050200596222282484
2327,13,2,2025-04-01 00:00:00,0.05332388490641178
2328,13,2,2026-04-01 00:00:00,0.0564015781352983
2329,13,2,2027-04-01 00:00:00,0.05973004636802003
2330,13,2,2028-04-01 00:00:00,0.06299012141787762
2331,13,2,2029-04-01 00:00:00,0.0667289487477842
2332,13,2,2030-04-01 00:00:00,0.07083253971963292
2333,13,2,2031-04-01 00:00:00,0.07489053523623886
2334,13,2,2032-04-01 00:00:00,0.0788345421147379
2335,13,2,2033-04-01 00:00:00,0.08273295353799416
2336,13,2,2034-04-01 00:00:00,0.0865401740507649
2337,13,2,2035-04-01 00:00:00,0.09032459683591426
2338,13,2,2036-04-01 00:00:00,0.09540849009548238
2339,13,2,2037-04-01 00:00:00,0.10017321516835115
2340,13,2,2038-04-01 00:00:00,0.10507472660694822
2341,13,2,2039-04-01 00:00:00,0.10874516075399068
2342,13,2,2040-04-01 00:00:00,0.11271196536011108
2343,13,2,2041-04-01 00:00:00,0.11740829725011571
2344,13,2,2042-04-01 00:00:00,0.12224141550584863
2345,13,2,2043-04-01 00:00:00,0.1266413769367753
2346,13,2,2044-04-01 00:00:00,0.13028901335619636
2347,13,2,2045-04-01 00:00:00,0.13352629067843258
2348,13,2,2046-04-01 00:00:00,0.13724232028071778
2349,13,2,2047-04-01 00:00:00,0.1417106748945086
2350,13,2,2048-04-01 00:00:00,0.14581426586635732
2351,13,2,2049-04-01 00:00:00,0.14966708183437083
2352,13,2,2050-04-01 00:00:00,0.15308674097757807
2353,13,2,2051-04-01 00:00:00,0.15427222281388991
2354,13,2,2052-04-01 00:00:00,0.15760069104661162
2355,13,2,2053-04-01 00:00:00,0.16092915927933338
2356,13,2,2054-04-01 00:00:00,0.1640296502358413
2357,13,3,2023-11-01 00:00:00,0.050200596222282484
2358,13,3,2024-11-01 00:00:00,0.056196398586705866
2359,13,3,2025-11-01 00:00:00,0.06255696459307136
2360,13,3,2026-11-01 00:00:00,0.06896312605467962
2361,13,3,2027-11-01 00:00:00,0.07564286024774446
2362,13,3,2028-11-01 00:00:00,0.08348527854949975
2363,13,3,2029-11-01 00:00:00,0.09244478550470275
2364,13,3,2030-11-01 00:00:00,0.10195143792281892
2365,13,3,2031-11-01 00:00:00,0.11129850624758542
2366,13,3,2032-11-01 00:00:00,0.1200300359265746
2367,13,3,2033-11-01 00:00:00,0.1288755542436707
2368,13,3,2034-11-01 00:00:00,0.1381998248408158
2369,13,3,2035-11-01 00:00:00,0.1482080272666024
2370,13,3,2036-11-01 00:00:00,0.1581478365095248
2371,13,3,2037-11-01 00:00:00,0.16806484802482582
2372,13,3,2038-11-01 00:00:00,0.17761709589818475
2373,13,3,2039-11-01 00:00:00,0.18694136649532989
2374,13,3,2040-11-01 00:00:00,0.19706355755922333
2375,13,3,2041-11-01 00:00:00,0.20727693953360235
2376,13,3,2042-11-01 00:00:00,0.21744472605273857
2377,13,3,2043-11-01 00:00:00,0.22722495120231131
2378,13,3,2044-11-01 00:00:00,0.23556891951173703
2379,13,3,2045-11-01 00:00:00,0.24427765146310484
2380,13,3,2046-11-01 00:00:00,0.25330555160117196
2381,13,3,2047-11-01 00:00:00,0.2620826767354039
2382,13,3,2048-11-01 00:00:00,0.270449442772451
2383,13,3,2049-11-01 00:00:00,0.2790669838133333
2384,13,3,2050-11-01 00:00:00,0.28148354294119976
2385,13,3,2051-11-01 00:00:00,0.28668142483887477
2386,13,3,2052-11-01 00:00:00,0.29342955221480377
2387,13,3,2053-11-01 00:00:00,0.2999269045868975
2388,13,3,2024-04-01 00:00:00,0.050200596222282484
2389,13,3,2025-04-01 00:00:00,0.057199498602046664
2390,13,3,2026-04-01 00:00:00,0.06456316462375296
2391,13,3,2027-04-01 00:00:00,0.0717216510968668
2392,13,3,2028-04-01 00:00:00,0.07976924894721454
2393,13,3,2029-04-01 00:00:00,0.08923030591008795
2394,13,3,2030-04-01 00:00:00,0.10008202425786562
2395,13,3,2031-04-01 00:00:00,0.11166326988952752
2396,13,3,2032-04-01 00:00:00,0.12294814506211146
2397,13,3,2033-04-01 00:00:00,0.13320712249173322
2398,13,3,2034-04-01 00:00:00,0.14310133627941288
2399,13,3,2035-04-01 00:00:00,0.1542950205415113
2400,13,3,2036-04-01 00:00:00,0.16683377073327124
2401,13,3,2037-04-01 00:00:00,0.17875698227925385
2402,13,3,2038-04-01 00:00:00,0.19042941882140127
2403,13,3,2039-04-01 00:00:00,0.20132673262442172
2404,13,3,2040-04-01 00:00:00,0.21211005778933528
2405,13,3,2041-04-01 00:00:00,0.2242384488839103
2406,13,3,2042-04-01 00:00:00,0.23679999680329164
2407,13,3,2043-04-01 00:00:00,0.2492019606293233
2408,13,3,2044-04-01 00:00:00,0.26005367897710097
2409,13,3,2045-04-01 00:00:00,0.269195567753275
2410,13,3,2046-04-01 00:00:00,0.2791125792685761
2411,13,3,2047-04-01 00:00:00,0.2898047135230041
2412,13,3,2048-04-01 00:00:00,0.3004512523221893
2413,13,3,2049-04-01 00:00:00,0.31125737521472424
2414,13,3,2050-04-01 00:00:00,0.32144795946148186
2415,13,3,2051-04-01 00:00:00,0.3236365413131345
2416,13,3,2052-04-01 00:00:00,0.33024788232333524
2417,13,3,2053-04-01 00:00:00,0.3379079188041194
2418,13,3,2054-04-01 00:00:00,0.34559075301252506
2419,14,1,2023-11-01 00:00:00,0.07324909884749936
2420,14,1,2024-11-01 00:00:00,0.07416100795235464
2421,14,1,2025-11-01 00:00:00,0.07468535568764643
2422,14,1,2026-11-01 00:00:00,0.07603042161730794
2423,14,1,2027-11-01 00:00:00,0.07703352163264873
2424,14,1,2028-11-01 00:00:00,0.07826459892420334
2425,14,1,2029-11-01 00:00:00,0.07375064885516977
2426,14,1,2030-11-01 00:00:00,0.07530089433342373
2427,14,1,2031-11-01 00:00:00,0.07644078071449281
2428,14,1,2032-11-01 00:00:00,0.07753507164031914
2429,14,1,2033-11-01 00:00:00,0.07894853075284479
2430,14,1,2034-11-01 00:00:00,0.08047597850347736
2431,14,1,2035-11-01 00:00:00,0.08211741489221684
2432,14,1,2036-11-01 00:00:00,0.08396403082954877
2433,14,1,2037-11-01 00:00:00,0.08510391721061786
2434,14,1,2038-11-01 00:00:00,0.08635779222979385
2435,14,1,2039-11-01 00:00:00,0.08818161043950437
2436,14,1,2040-11-01 00:00:00,0.08923030591008793
2437,14,1,2041-11-01 00:00:00,0.08995983319397217
2438,14,1,2042-11-01 00:00:00,0.09091733775407018
2439,14,1,2043-11-01 00:00:00,0.09178365140368266
2440,14,1,2044-11-01 00:00:00,0.09237639232183861
2441,14,1,2045-11-01 00:00:00,0.09310591960572284
2442,14,1,2046-11-01 00:00:00,0.09420021053154913
2443,14,1,2047-11-01 00:00:00,0.09488414236019062
2444,14,1,2048-11-01 00:00:00,0.09727790376043569
2445,14,1,2049-11-01 00:00:00,0.09919291288063174
2446,14,1,2050-11-01 00:00:00,0.10124470836655608
2447,14,1,2051-11-01 00:00:00,0.10167786519136233
2448,14,1,2052-11-01 00:00:00,0.10302293112102386
2449,14,1,2053-11-01 00:00:00,0.10409442431922881
2450,14,1,2024-04-01 00:00:00,0.07324909884749936
2451,14,1,2025-04-01 00:00:00,0.07377344658279116
2452,14,1,2026-04-01 00:00:00,0.0742294011352188
2453,14,1,2027-04-01 00:00:00,0.07523250115055959
2454,14,1,2028-04-01 00:00:00,0.07634958980400729
2455,14,1,2029-04-01 00:00:00,0.07299832384366417
2456,14,1,2030-04-01 00:00:00,0.07238278519788686
2457,14,1,2031-04-01 00:00:00,0.0739558284037622
2458,14,1,2032-04-01 00:00:00,0.07509571478483129
2459,14,1,2033-04-01 00:00:00,0.07639518525925004
2460,14,1,2034-04-01 00:00:00,0.0778314420993971
2461,14,1,2035-04-01 00:00:00,0.07947287848813658
2462,14,1,2036-04-01 00:00:00,0.08138788760833264
2463,14,1,2037-04-01 00:00:00,0.08343968309425699
2464,14,1,2038-04-01 00:00:00,0.08485314220678265
2465,14,1,2039-04-01 00:00:00,0.08608421949833728
2466,14,1,2040-04-01 00:00:00,0.08788523998042644
2467,14,1,2041-04-01 00:00:00,0.08879714908528169
2468,14,1,2042-04-01 00:00:00,0.08973185591775834
2469,14,1,2043-04-01 00:00:00,0.09082614684358467
2470,14,1,2044-04-01 00:00:00,0.0916468650379544
2471,14,1,2045-04-01 00:00:00,0.09196603322465376
2472,14,1,2046-04-01 00:00:00,0.09274115596378074
2473,14,1,2047-04-01 00:00:00,0.09401782871057808
2474,14,1,2048-04-01 00:00:00,0.09490694008781198
2475,14,1,2049-04-01 00:00:00,0.09816701513766954
2476,14,1,2050-04-01 00:00:00,0.10040119244456497
2477,14,1,2051-04-01 00:00:00,0.10245298793048933
2478,14,1,2052-04-01 00:00:00,0.10327370612485906
2479,14,1,2053-04-01 00:00:00,0.10450478341641369
2480,14,1,2054-04-01 00:00:00,0.10564466979748277
2481,14,2,2023-11-01 00:00:00,0.07324909884749936
2482,14,2,2024-11-01 00:00:00,0.07707911708789149
2483,14,2,2025-11-01 00:00:00,0.08072675350731257
2484,14,2,2026-11-01 00:00:00,0.08487593993440405
2485,14,2,2027-11-01 00:00:00,0.08854637408144647
2486,14,2,2028-11-01 00:00:00,0.09292353778475179
2487,14,2,2029-11-01 00:00:00,0.09773385831286333
2488,14,2,2030-11-01 00:00:00,0.10247578565811072
2489,14,2,2031-11-01 00:00:00,0.10701253345476568
2490,14,2,2032-11-01 00:00:00,0.11166326988952752
2491,14,2,2033-11-01 00:00:00,0.11640519723477492
2492,14,2,2034-11-01 00:00:00,0.1209191473038085
2493,14,2,2035-11-01 00:00:00,0.12641339966056148
2494,14,2,2036-11-01 00:00:00,0.13204443838304275
2495,14,2,2037-11-01 00:00:00,0.13774387028838816
2496,14,2,2038-11-01 00:00:00,0.1424629999060142
2497,14,2,2039-11-01 00:00:00,0.147227724978883
2498,14,2,2040-11-01 00:00:00,0.15263078642515043
2499,14,2,2041-11-01 00:00:00,0.15785146605044684
2500,14,2,2042-11-01 00:00:00,0.16284416839952942
2501,14,2,2043-11-01 00:00:00,0.16749490483429127
2502,14,2,2044-11-01 00:00:00,0.171302125347062
2503,14,2,2045-11-01 00:00:00,0.1755197049570176
2504,14,2,2046-11-01 00:00:00,0.1803528232127506
2505,14,2,2047-11-01 00:00:00,0.18486677328178414
2506,14,2,2048-11-01 00:00:00,0.1891983415298467
2507,14,2,2049-11-01 00:00:00,0.19323353931883128
2508,14,2,2050-11-01 00:00:00,0.19526253707713417
2509,14,2,2051-11-01 00:00:00,0.19886457804131247
2510,14,2,2052-11-01 00:00:00,0.2033329326551033
2511,14,2,2053-11-01 00:00:00,0.20707175998500987
2512,14,2,2024-04-01 00:00:00,0.07324909884749936
2513,14,2,2025-04-01 00:00:00,0.0778314420993971
2514,14,2,2026-04-01 00:00:00,0.08232259444080929
2515,14,2,2027-04-01 00:00:00,0.08715571269654222
2516,14,2,2028-04-01 00:00:00,0.091920437769411
2517,14,2,2029-04-01 00:00:00,0.09739189239854258
2518,14,2,2030-04-01 00:00:00,0.10336489703534459
2519,14,2,2031-04-01 00:00:00,0.10929230621690385
2520,14,2,2032-04-01 00:00:00,0.11503733357749203
2521,14,2,2033-04-01 00:00:00,0.12069117002759469
2522,14,2,2034-04-01 00:00:00,0.12627661329483317
2523,14,2,2035-04-01 00:00:00,0.1317708656515862
2524,14,2,2036-04-01 00:00:00,0.13918012712853525
2525,14,2,2037-04-01 00:00:00,0.14617902950829942
2526,14,2,2038-04-01 00:00:00,0.1532919205261705
2527,14,2,2039-04-01 00:00:00,0.1586493865171952
2528,14,2,2040-04-01 00:00:00,0.16448560478826893
2529,14,2,2041-04-01 00:00:00,0.17132492307468342
2530,14,2,2042-04-01 00:00:00,0.17839221863731175
2531,14,2,2043-04-01 00:00:00,0.1847755823712986
2532,14,2,2044-04-01 00:00:00,0.1901102506347019
2533,14,2,2045-04-01 00:00:00,0.19482938025232796
2534,14,2,2046-04-01 00:00:00,0.20025523942621676
2535,14,2,2047-04-01 00:00:00,0.20679818725355334
2536,14,2,2048-04-01 00:00:00,0.2127711918903553
2537,14,2,2049-04-01 00:00:00,0.21837943288521522
2538,14,2,2050-04-01 00:00:00,0.2233721352342978
2539,14,2,2051-04-01 00:00:00,0.22508196480590145
2540,14,2,2052-04-01 00:00:00,0.22996067851687713
2541,14,2,2053-04-01 00:00:00,0.23481659450023143
2542,14,2,2054-04-01 00:00:00,0.239330544569265
2543,14,3,2023-11-01 00:00:00,0.07324909884749936
2544,14,3,2024-11-01 00:00:00,0.08198062852648856
2545,14,3,2025-11-01 00:00:00,0.09125930366839091
2546,14,3,2026-11-01 00:00:00,0.10060637199315739
2547,14,3,2027-11-01 00:00:00,0.11038659714273014
2548,14,3,2028-11-01 00:00:00,0.12178546095342102
2549,14,3,2029-11-01 00:00:00,0.13489415433571547
2550,14,3,2030-11-01 00:00:00,0.14877797045713692
2551,14,3,2031-11-01 00:00:00,0.16238821384710178
2552,14,3,2032-11-01 00:00:00,0.1751549413150755
2553,14,3,2033-11-01 00:00:00,0.1880584551487776
2554,14,3,2034-11-01 00:00:00,0.20164590081112105
2555,14,3,2035-11-01 00:00:00,0.21625924421642673
2556,14,3,2036-11-01 00:00:00,0.23078139671124684
2557,14,3,2037-11-01 00:00:00,0.24525795375082426
2558,14,3,2038-11-01 00:00:00,0.2591645675998671
2559,14,3,2039-11-01 00:00:00,0.27275201326221055
2560,14,3,2040-11-01 00:00:00,0.28752494076086593
2561,14,3,2041-11-01 00:00:00,0.3024346546252496
2562,14,3,2042-11-01 00:00:00,0.3172987730343904
2563,14,3,2043-11-01 00:00:00,0.33154735279775394
2564,14,3,2044-11-01 00:00:00,0.3437213393475717
2565,14,3,2045-11-01 00:00:00,0.3564424713603027
2566,14,3,2046-11-01 00:00:00,0.36964235565308273
2567,14,3,2047-11-01 00:00:00,0.3824318808486779
2568,14,3,2048-11-01 00:00:00,0.3946058673984958
2569,14,3,2049-11-01 00:00:00,0.4072130107731197
2570,14,3,2050-11-01 00:00:00,0.41072386082681256
2571,14,3,2051-11-01 00:00:00,0.4183155041247327
2572,14,3,2052-11-01 00:00:00,0.4281641224571695
2573,14,3,2053-11-01 00:00:00,0.43760238169242155
2574,14,3,2024-04-01 00:00:00,0.07324909884749936
2575,14,3,2025-04-01 00:00:00,0.08346248082187838
2576,14,3,2026-04-01 00:00:00,0.09417741280392776
2577,14,3,2027-04-01 00:00:00,0.10468716523738472
2578,14,3,2028-04-01 00:00:00,0.11640519723477491
2579,14,3,2029-04-01 00:00:00,0.13017502471808945
2580,14,3,2030-04-01 00:00:00,0.14601944541494977
2581,14,3,2031-04-01 00:00:00,0.1629125615823936
2582,14,3,2032-04-01 00:00:00,0.17941811638027388
2583,14,3,2033-04-01 00:00:00,0.19439622342752164
2584,14,3,2034-04-01 00:00:00,0.2087815895566135
2585,14,3,2035-04-01 00:00:00,0.22515035798876556
2586,14,3,2036-04-01 00:00:00,0.2434341355411137
2587,14,3,2037-04-01 00:00:00,0.2608288017162279
2588,14,3,2038-04-01 00:00:00,0.27788150197702144
2589,14,3,2039-04-01 00:00:00,0.29374872040150307
2590,14,3,2040-04-01 00:00:00,0.3094791524602565
2591,14,3,2041-04-01 00:00:00,0.32719298682207
2592,14,3,2042-04-01 00:00:00,0.3454995621020395
2593,14,3,2043-04-01 00:00:00,0.363623755561038
2594,14,3,2044-04-01 00:00:00,0.37946817625789825
2595,14,3,2045-04-01 00:00:00,0.39278204918878523
2596,14,3,2046-04-01 00:00:00,0.4072586062283625
2597,14,3,2047-04-01 00:00:00,0.4228978473766304
2598,14,3,2048-04-01 00:00:00,0.4384003021591699
2599,14,3,2049-04-01 00:00:00,0.4541535319455447
2600,14,3,2050-04-01 00:00:00,0.4690632458099283
2601,14,3,2051-04-01 00:00:00,0.47220933222167893
2602,14,3,2052-04-01 00:00:00,0.48189836646076617
2603,14,3,2053-04-01 00:00:00,0.49306925299524323
2604,14,3,2054-04-01 00:00:00,0.5042629372573416
2605,15,1,2023-11-01 00:00:00,0.22275659658852054
2606,15,1,2024-11-01 00:00:00,0.2255379193583291
2607,15,1,2025-11-01 00:00:00,0.22713376029182578
2608,15,1,2026-11-01 00:00:00,0.23119175580843176
2609,15,1,2027-11-01 00:00:00,0.23422385358207554
2610,15,1,2028-11-01 00:00:00,0.2379854786396035
2611,15,1,2029-11-01 00:00:00,0.22428404433915308
2612,15,1,2030-11-01 00:00:00,0.2290031739567791
2613,15,1,2031-11-01 00:00:00,0.23246842855522912
2614,15,1,2032-11-01 00:00:00,0.23581969451557222
2615,15,1,2033-11-01 00:00:00,0.2400600718531492
2616,15,1,2034-11-01 00:00:00,0.24473360601553246
2617,15,1,2035-11-01 00:00:00,0.24974910609223638
2618,15,1,2036-11-01 00:00:00,0.2553117516318536
2619,15,1,2037-11-01 00:00:00,0.2588226016855463
2620,15,1,2038-11-01 00:00:00,0.2626070244706957
2621,15,1,2039-11-01 00:00:00,0.26816967001031283
2622,15,1,2040-11-01 00:00:00,0.2713385541496849
2623,15,1,2041-11-01 00:00:00,0.2735955291842017
2624,15,1,2042-11-01 00:00:00,0.27653643604735995
2625,15,1,2043-11-01 00:00:00,0.2791125792685761
2626,15,1,2044-11-01 00:00:00,0.2808680042954224
2627,15,1,2045-11-01 00:00:00,0.28312497932993924
2628,15,1,2046-11-01 00:00:00,0.2864078521074182
2629,15,1,2047-11-01 00:00:00,0.2885052430485853
2630,15,1,2048-11-01 00:00:00,0.2958461113426702
2631,15,1,2049-11-01 00:00:00,0.30165953188612254
2632,15,1,2050-11-01 00:00:00,0.3079061092543811
2633,15,1,2051-11-01 00:00:00,0.30920557972879986
2634,15,1,2052-11-01 00:00:00,0.3132635752454058
2635,15,1,2053-11-01 00:00:00,0.3165692457505062
2636,15,1,2024-04-01 00:00:00,0.22275659658852054
2637,15,1,2025-04-01 00:00:00,0.22437523524963865
2638,15,1,2026-04-01 00:00:00,0.22572030117930011
2639,15,1,2027-04-01 00:00:00,0.2287523989529439
2640,15,1,2028-04-01 00:00:00,0.23221765355139393
2641,15,1,2029-04-01 00:00:00,0.22198147384939354
2642,15,1,2030-04-01 00:00:00,0.22011206018444027
2643,15,1,2031-04-01 00:00:00,0.22496797616779454
2644,15,1,2032-04-01 00:00:00,0.22836483758338044
2645,15,1,2033-04-01 00:00:00,0.2322860467342581
2646,15,1,2034-04-01 00:00:00,0.23670880589280613
2647,15,1,2035-04-01 00:00:00,0.24172430596951008
2648,15,1,2036-04-01 00:00:00,0.24751492878534104
2649,15,1,2037-04-01 00:00:00,0.2537159106983568
2650,15,1,2038-04-01 00:00:00,0.2580702766740408
2651,15,1,2039-04-01 00:00:00,0.2618091040039473
2652,15,1,2040-04-01 00:00:00,0.2673489518159431
2653,15,1,2041-04-01 00:00:00,0.2700846791305089
2654,15,1,2042-04-01 00:00:00,0.27291159735556025
2655,15,1,2043-04-01 00:00:00,0.2762172678606606
2656,15,1,2044-04-01 00:00:00,0.27863382698852707
2657,15,1,2045-04-01 00:00:00,0.2796369270038678
2658,15,1,2046-04-01 00:00:00,0.28203068840411294
2659,15,1,2047-04-01 00:00:00,0.28590630209974777
2660,15,1,2048-04-01 00:00:00,0.28864202941431366
2661,15,1,2049-04-01 00:00:00,0.29855904092961466
2662,15,1,2050-04-01 00:00:00,0.30532996603316503
2663,15,1,2051-04-01 00:00:00,0.31150815021855943
2664,15,1,2052-04-01 00:00:00,0.3140842934397756
2665,15,1,2053-04-01 00:00:00,0.31777752531443937
2666,15,1,2054-04-01 00:00:00,0.32121998218526804
2667,15,2,2023-11-01 00:00:00,0.22275659658852054
2668,15,2,2024-11-01 00:00:00,0.23442903313066796
2669,15,2,2025-11-01 00:00:00,0.24544033557179532
2670,15,2,2026-11-01 00:00:00,0.25807027667404075
2671,15,2,2027-11-01 00:00:00,0.26928675866376056
2672,15,2,2028-11-01 00:00:00,0.2826234293222688
2673,15,2,2029-11-01 00:00:00,0.2972367727275745
2674,15,2,2030-11-01 00:00:00,0.3116449365842877
2675,15,2,2031-11-01 00:00:00,0.3255059549780878
2676,15,2,2032-11-01 00:00:00,0.33959495064810163
2677,15,2,2033-11-01 00:00:00,0.3540487099600577
2678,15,2,2034-11-01 00:00:00,0.3677045488052654
2679,15,2,2035-11-01 00:00:00,0.3844836763346023
2680,15,2,2036-11-01 00:00:00,0.4015363765953957
2681,15,2,2037-11-01 00:00:00,0.41886264958764585
2682,15,2,2038-11-01 00:00:00,0.43329361117198045
2683,15,2,2039-11-01 00:00:00,0.4477473704839364
2684,15,2,2040-11-01 00:00:00,0.4641845320989526
2685,15,2,2041-11-01 00:00:00,0.48000615506819155
2686,15,2,2042-11-01 00:00:00,0.49518944166403167
2687,15,2,2043-11-01 00:00:00,0.5093468305169098
2688,15,2,2044-11-01 00:00:00,0.520882480693329
2689,15,2,2045-11-01 00:00:00,0.5338087922546524
2690,15,2,2046-11-01 00:00:00,0.5484905288428221
2691,15,2,2047-11-01 00:00:00,0.5621919631432725
2692,15,2,2048-11-01 00:00:00,0.5754146451636739
2693,15,2,2049-11-01 00:00:00,0.5877026203515986
2694,15,2,2050-11-01 00:00:00,0.5938352090817504
2695,15,2,2051-11-01 00:00:00,0.6047325228847708
2696,15,2,2052-11-01 00:00:00,0.6183199685471141
2697,15,2,2053-11-01 00:00:00,0.6296732369025623
2698,15,2,2024-04-01 00:00:00,0.22275659658852054
2699,15,2,2025-04-01 00:00:00,0.236640412709942
2700,15,2,2026-04-01 00:00:00,0.25029625155514956
2701,15,2,2027-04-01 00:00:00,0.26502358359856215
2702,15,2,2028-04-01 00:00:00,0.2795457360933823
2703,15,2,2029-04-01 00:00:00,0.2961424818017481
2704,15,2,2030-04-01 00:00:00,0.3143122707159894
2705,15,2,2031-04-01 00:00:00,0.33234527326450225
2706,15,2,2032-04-01 00:00:00,0.3498083326224807
2707,15,2,2033-04-01 00:00:00,0.36708901015948797
2708,15,2,2034-04-01 00:00:00,0.38402772178217465
2709,15,2,2035-04-01 00:00:00,0.4007840515838902
2710,15,2,2036-04-01 00:00:00,0.42333100420143654
2711,15,2,2037-04-01 00:00:00,0.44453289088932163
2712,15,2,2038-04-01 00:00:00,0.4662135298572556
2713,15,2,2039-04-01 00:00:00,0.4824911073789221
2714,15,2,2040-04-01 00:00:00,0.5001821440131143
2715,15,2,2041-04-01 00:00:00,0.5210192670590572
2716,15,2,2042-04-01 00:00:00,0.542449131023156
2717,15,2,2043-04-01 00:00:00,0.5619411881394373
2718,15,2,2044-04-01 00:00:00,0.5781275747506184
2719,15,2,2045-04-01 00:00:00,0.5924901431520888
2720,15,2,2046-04-01 00:00:00,0.6089956979499691
2721,15,2,2047-04-01 00:00:00,0.6288297209805712
2722,15,2,2048-04-01 00:00:00,0.6470679030776767
2723,15,2,2049-04-01 00:00:00,0.6641434010660915
2724,15,2,2050-04-01 00:00:00,0.6793038899343103
2725,15,2,2051-04-01 00:00:00,0.6845245695596066
2726,15,2,2052-04-01 00:00:00,0.6993202947858834
2727,15,2,2053-04-01 00:00:00,0.7140704245569174
2728,15,2,2054-04-01 00:00:00,0.7278174543126105
2729,15,3,2023-11-01 00:00:00,0.22275659658852054
2730,15,3,2024-11-01 00:00:00,0.24933874699505154
2731,15,3,2025-11-01 00:00:00,0.27753953606270076
2732,15,3,2026-11-01 00:00:00,0.30599110013418507
2733,15,3,2027-11-01 00:00:00,0.33567374149722407
2734,15,3,2028-11-01 00:00:00,0.3704174783922098
2735,15,3,2029-11-01 00:00:00,0.4102451085467636
2736,15,3,2030-11-01 00:00:00,0.452443702373941
2737,15,3,2031-11-01 00:00:00,0.49384437573437023
2738,15,3,2032-11-01 00:00:00,0.5326233104183405
2739,15,3,2033-11-01 00:00:00,0.5719037951099811
2740,15,3,2034-11-01 00:00:00,0.6132132775599248
2741,15,3,2035-11-01 00:00:00,0.6576916441492404
2742,15,3,2036-11-01 00:00:00,0.7017824493689927
2743,15,3,2037-11-01 00:00:00,0.7457820636782593
2744,15,3,2038-11-01 00:00:00,0.7881402415987863
2745,15,3,2039-11-01 00:00:00,0.8294953195039729
2746,15,3,2040-11-01 00:00:00,0.8743840451904734
2747,15,3,2041-11-01 00:00:00,0.9197059277017802
2748,15,3,2042-11-01 00:00:00,0.96491382157498
2749,15,3,2043-11-01 00:00:00,1.0082523017832268
2750,15,3,2044-11-01 00:00:00,1.045298609167972
2751,15,3,2045-11-01 00:00:00,1.083940757486214
2752,15,3,2046-11-01 00:00:00,1.1240419603722243
2753,15,3,2047-11-01 00:00:00,1.162957681421923
2754,15,3,2048-11-01 00:00:00,1.2000267865342895
2755,15,3,2049-11-01 00:00:00,1.2383269689382108
2756,15,3,2050-11-01 00:00:00,1.2490419009202602
2757,15,3,2051-11-01 00:00:00,1.2721359990007197
2758,15,3,2052-11-01 00:00:00,1.3020466176399725
2759,15,3,2053-11-01 00:00:00,1.3308401476257776
2760,15,3,2024-04-01 00:00:00,0.22275659658852054
2761,15,3,2025-04-01 00:00:00,0.2538298993364637
2762,15,3,2026-04-01 00:00:00,0.28643064983503963
2763,15,3,2027-04-01 00:00:00,0.31827907532210986
2764,15,3,2028-04-01 00:00:00,0.3539803167771935
2765,15,3,2029-04-01 00:00:00,0.39592813560053586
2766,15,3,2030-04-01 00:00:00,0.4440541386092727
2767,15,3,2031-04-01 00:00:00,0.4954630143954883
2768,15,3,2032-04-01 00:00:00,0.5455952174349067
2769,15,3,2033-04-01 00:00:00,0.5911222794948059
2770,15,3,2034-04-01 00:00:00,0.6349623097107229
2771,15,3,2035-04-01 00:00:00,0.6847069513805777
2772,15,3,2036-04-01 00:00:00,0.7402878113215063
2773,15,3,2037-04-01 00:00:00,0.7931785394031119
2774,15,3,2038-04-01 00:00:00,0.8450205720141339
2775,15,3,2039-04-01 00:00:00,0.8933289568438416
2776,15,3,2040-04-01 00:00:00,0.9411813871211219
2777,15,3,2041-04-01 00:00:00,0.9950524174904468
2778,15,3,2042-04-01 00:00:00,1.0507472660694823
2779,15,3,2043-04-01 00:00:00,1.1057809805474976
2780,15,3,2044-04-01 00:00:00,1.15399817446672
2781,15,3,2045-04-01 00:00:00,1.1945097364499153
2782,15,3,2046-04-01 00:00:00,1.2385093507591818
2783,15,3,2047-04-01 00:00:00,1.2859970173945199
2784,15,3,2048-04-01 00:00:00,1.3332111112984013
2785,15,3,2049-04-01 00:00:00,1.381154732486167
2786,15,3,2050-04-01 00:00:00,1.4264082218146097
2787,15,3,2051-04-01 00:00:00,1.436028862870833
2788,15,3,2052-04-01 00:00:00,1.465437931502415
2789,15,3,2053-04-01 00:00:00,1.4994521411135167
2790,15,3,2054-04-01 00:00:00,1.533511946179861
2791,16,1,2023-11-01 00:00:00,0.08494433311726816
2792,16,1,2024-11-01 00:00:00,0.08599302858785174
2793,16,1,2025-11-01 00:00:00,0.08660856723362907
2794,16,1,2026-11-01 00:00:00,0.08818161043950433
2795,16,1,2027-11-01 00:00:00,0.08932149682057348
2796,16,1,2028-11-01 00:00:00,0.09073495593309909
2797,16,1,2029-11-01 00:00:00,0.0855142763078027
2798,16,1,2030-11-01 00:00:00,0.08733809451751327
2799,16,1,2031-11-01 00:00:00,0.08863756499193207
2800,16,1,2032-11-01 00:00:00,0.08991423773872939
2801,16,1,2033-11-01 00:00:00,0.09155567412746887
2802,16,1,2034-11-01 00:00:00,0.09333389688193665
2803,16,1,2035-11-01 00:00:00,0.09522610827451135
2804,16,1,2036-11-01 00:00:00,0.09736909467092122
2805,16,1,2037-11-01 00:00:00,0.09869136287296139
2806,16,1,2038-11-01 00:00:00,0.10015041744072979
2807,16,1,2039-11-01 00:00:00,0.1022706061095183
2808,16,1,2040-11-01 00:00:00,0.10347888567345154
2809,16,1,2041-11-01 00:00:00,0.10432240159544261
2810,16,1,2042-11-01 00:00:00,0.10546228797651169
2811,16,1,2043-11-01 00:00:00,0.10641979253660976
2812,16,1,2044-11-01 00:00:00,0.10710372436525123
2813,16,1,2045-11-01 00:00:00,0.10797003801486366
2814,16,1,2046-11-01 00:00:00,0.10922391303403968
2815,16,1,2047-11-01 00:00:00,0.11004463122840945
2816,16,1,2048-11-01 00:00:00,0.11280315627059659
2817,16,1,2049-11-01 00:00:00,0.11501453584987067
2818,16,1,2050-11-01 00:00:00,0.11740829725011578
2819,16,1,2051-11-01 00:00:00,0.11790984725778611
2820,16,1,2052-11-01 00:00:00,0.11946009273604015
2821,16,1,2053-11-01 00:00:00,0.12071396775521603
2822,16,1,2024-04-01 00:00:00,0.08494433311726816
2823,16,1,2025-04-01 00:00:00,0.0855598717630455
2824,16,1,2026-04-01 00:00:00,0.08608421949833725
2825,16,1,2027-04-01 00:00:00,0.08724690360702776
2826,16,1,2028-04-01 00:00:00,0.08856917180906786
2827,16,1,2029-04-01 00:00:00,0.08464796265819022
2828,16,1,2030-04-01 00:00:00,0.08394123310192737
2829,16,1,2031-04-01 00:00:00,0.0857878490392593
2830,16,1,2032-04-01 00:00:00,0.08706452178605667
2831,16,1,2033-04-01 00:00:00,0.08856917180906786
2832,16,1,2034-04-01 00:00:00,0.09025620365305012
2833,16,1,2035-04-01 00:00:00,0.09219401050086756
2834,16,1,2036-04-01 00:00:00,0.09438259235252015
2835,16,1,2037-04-01 00:00:00,0.09675355602514389
2836,16,1,2038-04-01 00:00:00,0.09841779014150473
2837,16,1,2039-04-01 00:00:00,0.09983124925403047
2838,16,1,2040-04-01 00:00:00,0.10192864019519757
2839,16,1,2041-04-01 00:00:00,0.1030001333934025
2840,16,1,2042-04-01 00:00:00,0.10407162659160737
2841,16,1,2043-04-01 00:00:00,0.1053255016107834
2842,16,1,2044-04-01 00:00:00,0.10626020844326003
2843,16,1,2045-04-01 00:00:00,0.10664776981282356
2844,16,1,2046-04-01 00:00:00,0.10755967891767877
2845,16,1,2047-04-01 00:00:00,0.10901873348544723
2846,16,1,2048-04-01 00:00:00,0.1100674289560308
2847,16,1,2049-04-01 00:00:00,0.11385185174118016
2848,16,1,2050-04-01 00:00:00,0.11642799496239635
2849,16,1,2051-04-01 00:00:00,0.11877616090739866
2850,16,1,2052-04-01 00:00:00,0.11977926092273945
2851,16,1,2053-04-01 00:00:00,0.12116992230764377
2852,16,1,2054-04-01 00:00:00,0.12249219050968388
2853,16,2,2023-11-01 00:00:00,0.08494433311726816
2854,16,2,2024-11-01 00:00:00,0.08938989000343764
2855,16,2,2025-11-01 00:00:00,0.09360746961339317
2856,16,2,2026-11-01 00:00:00,0.0984177901415048
2857,16,2,2027-11-01 00:00:00,0.10270376293432448
2858,16,2,2028-11-01 00:00:00,0.10776485846627128
2859,16,2,2029-11-01 00:00:00,0.11332750400588841
2860,16,2,2030-11-01 00:00:00,0.11884455409026269
2861,16,2,2031-11-01 00:00:00,0.12411082917080186
2862,16,2,2032-11-01 00:00:00,0.1295138906170694
2863,16,2,2033-11-01 00:00:00,0.13498534524620096
2864,16,2,2034-11-01 00:00:00,0.14020602487149741
2865,16,2,2035-11-01 00:00:00,0.14663498406072703
2866,16,2,2036-11-01 00:00:00,0.15313233643282087
2867,16,2,2037-11-01 00:00:00,0.15972087971540014
2868,16,2,2038-11-01 00:00:00,0.1652151320721532
2869,16,2,2039-11-01 00:00:00,0.1707549798841488
2870,16,2,2040-11-01 00:00:00,0.17702435498002891
2871,16,2,2041-11-01 00:00:00,0.18304295507207352
2872,16,2,2042-11-01 00:00:00,0.18883357788790464
2873,16,2,2043-11-01 00:00:00,0.19421384160655064
2874,16,2,2044-11-01 00:00:00,0.19863660076509868
2875,16,2,2045-11-01 00:00:00,0.20356090993131704
2876,16,2,2046-11-01 00:00:00,0.20914635319855565
2877,16,2,2047-11-01 00:00:00,0.2143670328238521
2878,16,2,2048-11-01 00:00:00,0.21942812835579878
2879,16,2,2049-11-01 00:00:00,0.22410166251818206
2880,16,2,2050-11-01 00:00:00,0.22642703073556295
2881,16,2,2051-11-01 00:00:00,0.23062181261789713
2882,16,2,2052-11-01 00:00:00,0.23577409906032962
2883,16,2,2053-11-01 00:00:00,0.24010566730839208
2884,16,2,2024-04-01 00:00:00,0.08494433311726816
2885,16,2,2025-04-01 00:00:00,0.0902334059254287
2886,16,2,2026-04-01 00:00:00,0.0954312878231038
2887,16,2,2027-04-01 00:00:00,0.101062326545585
2888,16,2,2028-04-01 00:00:00,0.10660217435758083
2889,16,2,2029-04-01 00:00:00,0.11291714490870353
2890,16,2,2030-04-01 00:00:00,0.11987045183322496
2891,16,2,2031-04-01 00:00:00,0.1267325678472609
2892,16,2,2032-04-01 00:00:00,0.13338950431270433
2893,16,2,2033-04-01 00:00:00,0.13997804759528354
2894,16,2,2034-04-01 00:00:00,0.146452602239756
2895,16,2,2035-04-01 00:00:00,0.15281316824612143
2896,16,2,2036-04-01 00:00:00,0.16143070928700376
2897,16,2,2037-04-01 00:00:00,0.1695011048649728
2898,16,2,2038-04-01 00:00:00,0.1777766799915345
2899,16,2,2039-04-01 00:00:00,0.1840004596321716
2900,16,2,2040-04-01 00:00:00,0.19074858700810066
2901,16,2,2041-04-01 00:00:00,0.19865939849272005
2902,16,2,2042-04-01 00:00:00,0.2068665804364175
2903,16,2,2043-04-01 00:00:00,0.21427584191336654
2904,16,2,2044-04-01 00:00:00,0.22045402609876094
2905,16,2,2045-04-01 00:00:00,0.22592548072789248
2906,16,2,2046-04-01 00:00:00,0.2322404512790152
2907,16,2,2047-04-01 00:00:00,0.23978649912169264
2908,16,2,2048-04-01 00:00:00,0.2467398060462141
2909,16,2,2049-04-01 00:00:00,0.2532599561459293
2910,16,2,2050-04-01 00:00:00,0.25905057896176015
2911,16,2,2051-04-01 00:00:00,0.26103398126482025
2912,16,2,2052-04-01 00:00:00,0.2666650199873017
2913,16,2,2053-04-01 00:00:00,0.2722960587097829
2914,16,2,2054-04-01 00:00:00,0.27756233379032197
2915,16,3,2023-11-01 00:00:00,0.08494433311726816
2916,16,3,2024-11-01 00:00:00,0.09508932190878305
2917,16,3,2025-11-01 00:00:00,0.10582705161845378
2918,16,3,2026-11-01 00:00:00,0.11667876996623144
2919,16,3,2027-11-01 00:00:00,0.12800924059405822
2920,16,3,2028-11-01 00:00:00,0.14125472034208097
2921,16,3,2029-11-01 00:00:00,0.15643800693792118
2922,16,3,2030-11-01 00:00:00,0.17253320263861666
2923,16,3,2031-11-01 00:00:00,0.1883092301526127
2924,16,3,2032-11-01 00:00:00,0.20310495537888942
2925,16,3,2033-11-01 00:00:00,0.21810586015375868
2926,16,3,2034-11-01 00:00:00,0.23385908994013335
2927,16,3,2035-11-01 00:00:00,0.25077500383519863
2928,16,3,2036-11-01 00:00:00,0.26762252454739976
2929,16,3,2037-11-01 00:00:00,0.28440165207673646
2930,16,3,2038-11-01 00:00:00,0.3005424432326749
2931,16,3,2039-11-01 00:00:00,0.31631847074667097
2932,16,3,2040-11-01 00:00:00,0.3334395641903286
2933,16,3,2041-11-01 00:00:00,0.350720241727336
2934,16,3,2042-11-01 00:00:00,0.36795532380910073
2935,16,3,2043-11-01 00:00:00,0.3844836763346022
2936,16,3,2044-11-01 00:00:00,0.39861826745985895
2937,16,3,2045-11-01 00:00:00,0.4133455995032713
2938,16,3,2046-11-01 00:00:00,0.4286428747372188
2939,16,3,2047-11-01 00:00:00,0.443484195418738
2940,16,3,2048-11-01 00:00:00,0.45761878654399474
2941,16,3,2049-11-01 00:00:00,0.4722093322216787
2942,16,3,2050-11-01 00:00:00,0.4762901254659065
2943,16,3,2051-11-01 00:00:00,0.48511284605538096
2944,16,3,2052-11-01 00:00:00,0.49651170986607207
2945,16,3,2053-11-01 00:00:00,0.5074774168519562
2946,16,3,2024-04-01 00:00:00,0.08494433311726816
2947,16,3,2025-04-01 00:00:00,0.09679915148038669
2948,16,3,2026-04-01 00:00:00,0.10924671076166104
2949,16,3,2027-04-01 00:00:00,0.12137510185623615
2950,16,3,2028-04-01 00:00:00,0.13496254751857958
2951,16,3,2029-04-01 00:00:00,0.1509665523087895
2952,16,3,2030-04-01 00:00:00,0.16934152077162315
2953,16,3,2031-04-01 00:00:00,0.18894756652601144
2954,16,3,2032-04-01 00:00:00,0.2080520622727293
2955,16,3,2033-04-01 00:00:00,0.22542393072022215
2956,16,3,2034-04-01 00:00:00,0.24213466506669504
2957,16,3,2035-04-01 00:00:00,0.26110237444768447
2958,16,3,2036-04-01 00:00:00,0.28230426113556945
2959,16,3,2037-04-01 00:00:00,0.3024574523528708
2960,16,3,2038-04-01 00:00:00,0.32224587992823
2961,16,3,2039-04-01 00:00:00,0.34064364611868514
2962,16,3,2040-04-01 00:00:00,0.3589046259434119
2963,16,3,2041-04-01 00:00:00,0.3794225808026554
2964,16,3,2042-04-01 00:00:00,0.4006700629457832
2965,16,3,2043-04-01 00:00:00,0.4216667700850756
2966,16,3,2044-04-01 00:00:00,0.4400645362755307
2967,16,3,2045-04-01 00:00:00,0.4554985978752061
2968,16,3,2046-04-01 00:00:00,0.47227772540454305
2969,16,3,2047-04-01 00:00:00,0.49040191886354134
2970,16,3,2048-04-01 00:00:00,0.508389325956812
2971,16,3,2049-04-01 00:00:00,0.5266731035091595
2972,16,3,2050-04-01 00:00:00,0.5439309833185458
2973,16,3,2051-04-01 00:00:00,0.5476014174655883
2974,16,3,2052-04-01 00:00:00,0.5588178994553084
2975,16,3,2053-04-01 00:00:00,0.5718126041994954
2976,16,3,2054-04-01 00:00:00,0.5847845112160618
2977,17,1,2023-11-01 00:00:00,0.11400868006525695
2978,17,1,2024-11-01 00:00:00,0.11540660666006256
2979,17,1,2025-11-01 00:00:00,0.11623500760513254
2980,17,1,2026-11-01 00:00:00,0.11830600996780752
2981,17,1,2027-11-01 00:00:00,0.11985926173981373
2982,17,1,2028-11-01 00:00:00,0.12177493892528808
2983,17,1,2029-11-01 00:00:00,0.11478530595126007
2984,17,1,2030-11-01 00:00:00,0.11721873372740316
2985,17,1,2031-11-01 00:00:00,0.11897908573567688
2986,17,1,2032-11-01 00:00:00,0.12068766268488372
2987,17,1,2033-11-01 00:00:00,0.12286221516569244
2988,17,1,2034-11-01 00:00:00,0.12524386788276867
2989,17,1,2035-11-01 00:00:00,0.12783262083611238
2990,17,1,2036-11-01 00:00:00,0.13068024908479042
2991,17,1,2037-11-01 00:00:00,0.13249237615213103
2992,17,1,2038-11-01 00:00:00,0.1344080533376054
2993,17,1,2039-11-01 00:00:00,0.13725568158628348
2994,17,1,2040-11-01 00:00:00,0.13886070841735657
2995,17,1,2041-11-01 00:00:00,0.1400515347758947
2996,17,1,2042-11-01 00:00:00,0.141553011488834
2997,17,1,2043-11-01 00:00:00,0.14284738796550586
2998,17,1,2044-11-01 00:00:00,0.14372756396964276
2999,17,1,2045-11-01 00:00:00,0.14491839032818082
3000,17,1,2046-11-01 00:00:00,0.1465751922183208
3001,17,1,2047-11-01 00:00:00,0.14766246845872516
3002,17,1,2048-11-01 00:00:00,0.151442047770607
3003,17,1,2049-11-01 00:00:00,0.15439322613741882
3004,17,1,2050-11-01 00:00:00,0.15760327979956504
3005,17,1,2051-11-01 00:00:00,0.1582245805083675
3006,17,1,2052-11-01 00:00:00,0.16034735793010935
3007,17,1,2053-11-01 00:00:00,0.16200415982024932
3008,17,1,2024-04-01 00:00:00,0.11400868006525695
3009,17,1,2025-04-01 00:00:00,0.11483708101032694
3010,17,1,2026-04-01 00:00:00,0.1155101567781963
3011,17,1,2027-04-01 00:00:00,0.11706340855020253
3012,17,1,2028-04-01 00:00:00,0.11887553561754313
3013,17,1,2029-04-01 00:00:00,0.11359447959272197
3014,17,1,2030-04-01 00:00:00,0.11266252852951823
3015,17,1,2031-04-01 00:00:00,0.11514773136472818
3016,17,1,2032-04-01 00:00:00,0.11685630831393504
3017,17,1,2033-04-01 00:00:00,0.11887553561754313
3018,17,1,2034-04-01 00:00:00,0.12115363821648559
3019,17,1,2035-04-01 00:00:00,0.1237423911698293
3020,17,1,2036-04-01 00:00:00,0.12669356953664113
3021,17,1,2037-04-01 00:00:00,0.12985184813972045
3022,17,1,2038-04-01 00:00:00,0.13207817567959607
3023,17,1,2039-04-01 00:00:00,0.13399385286507037
3024,17,1,2040-04-01 00:00:00,0.13684148111374847
3025,17,1,2041-04-01 00:00:00,0.13823940770855406
3026,17,1,2042-04-01 00:00:00,0.13968910936242657
3027,17,1,2043-04-01 00:00:00,0.14139768631163338
3028,17,1,2044-04-01 00:00:00,0.1425885126701715
3029,17,1,2045-04-01 00:00:00,0.14310626326084025
3030,17,1,2046-04-01 00:00:00,0.1443488646784452
3031,17,1,2047-04-01 00:00:00,0.14631631692298647
3032,17,1,2048-04-01 00:00:00,0.14771424351779205
3033,17,1,2049-04-01 00:00:00,0.15278819930634574
3034,17,1,2050-04-01 00:00:00,0.1562571282638263
3035,17,1,2051-04-01 00:00:00,0.1594154068669056
3036,17,1,2052-04-01 00:00:00,0.16076155840264436
3037,17,1,2053-04-01 00:00:00,0.16262546052905183
3038,17,1,2054-04-01 00:00:00,0.16438581253732554
3039,17,2,2023-11-01 00:00:00,0.11400868006525695
3040,17,2,2024-11-01 00:00:00,0.1199628118579475
3041,17,2,2025-11-01 00:00:00,0.1256062932962368
3042,17,2,2026-11-01 00:00:00,0.13207817567959607
3043,17,2,2027-11-01 00:00:00,0.1378252072360191
3044,17,2,2028-11-01 00:00:00,0.1446595150328465
3045,17,2,2029-11-01 00:00:00,0.15211512353847634
3046,17,2,2030-11-01 00:00:00,0.15951895698503935
3047,17,2,2031-11-01 00:00:00,0.16661214007720113
3048,17,2,2032-11-01 00:00:00,0.17380887328749664
3049,17,2,2033-11-01 00:00:00,0.18121270673405965
3050,17,2,2034-11-01 00:00:00,0.18820233970808767
3051,17,2,2035-11-01 00:00:00,0.19679699951318877
3052,17,2,2036-11-01 00:00:00,0.20549520943642363
3053,17,2,2037-11-01 00:00:00,0.21434874453685912
3054,17,2,2038-11-01 00:00:00,0.22175257798342213
3055,17,2,2039-11-01 00:00:00,0.22915641142998514
3056,17,2,2040-11-01 00:00:00,0.23759574605788564
3057,17,2,2041-11-01 00:00:00,0.24567265527231802
3058,17,2,2042-11-01 00:00:00,0.25343891413234915
3059,17,2,2043-11-01 00:00:00,0.26068742240171155
3060,17,2,2044-11-01 00:00:00,0.2665897791353352
3061,17,2,2045-11-01 00:00:00,0.2732169866958951
3062,17,2,2046-11-01 00:00:00,0.2807243702605918
3063,17,2,2047-11-01 00:00:00,0.2877140032346199
3064,17,2,2048-11-01 00:00:00,0.2944965359723804
3065,17,2,2049-11-01 00:00:00,0.30081309317853905
3066,17,2,2050-11-01 00:00:00,0.3039195967225515
3067,17,2,2051-11-01 00:00:00,0.3095113031017739
3068,17,2,2052-11-01 00:00:00,0.316449161016735
3069,17,2,2053-11-01 00:00:00,0.32224796763222496
3070,17,2,2024-04-01 00:00:00,0.11400868006525695
3071,17,2,2025-04-01 00:00:00,0.12110186315741872
3072,17,2,2026-04-01 00:00:00,0.1280914961314467
3073,17,2,2027-04-01 00:00:00,0.13565065475521035
3074,17,2,2028-04-01 00:00:00,0.14305448820177336
3075,17,2,2029-04-01 00:00:00,0.15154559788874072
3076,17,2,2030-04-01 00:00:00,0.1608651085207781
3077,17,2,2031-04-01 00:00:00,0.1700810690346817
3078,17,2,2032-04-01 00:00:00,0.17903815425325093
3079,17,2,2033-04-01 00:00:00,0.18789168935368641
3080,17,2,2034-04-01 00:00:00,0.1965381242178544
3081,17,2,2035-04-01 00:00:00,0.2051327840229555
3082,17,2,2036-04-01 00:00:00,0.21667862219486847
3083,17,2,2037-04-01 00:00:00,0.22749960953984516
3084,17,2,2038-04-01 00:00:00,0.23863124723922313
3085,17,2,2039-04-01 00:00:00,0.24696703174898987
3086,17,2,2040-04-01 00:00:00,0.25597589202662596
3087,17,2,2041-04-01 00:00:00,0.26664155419440205
3088,17,2,2042-04-01 00:00:00,0.27761786671657934
3089,17,2,2043-04-01 00:00:00,0.2876104531164861
3090,17,2,2044-04-01 00:00:00,0.29589446256718593
3091,17,2,2045-04-01 00:00:00,0.30324652095468213
3092,17,2,2046-04-01 00:00:00,0.3116858555825826
3093,17,2,2047-04-01 00:00:00,0.3218337671596899
3094,17,2,2048-04-01 00:00:00,0.3311532777917273
3095,17,2,2049-04-01 00:00:00,0.33990326277402905
3096,17,2,2050-04-01 00:00:00,0.3476695216340602
3097,17,2,2051-04-01 00:00:00,0.3503618247055376
3098,17,2,2052-04-01 00:00:00,0.3579209833293012
3099,17,2,2053-04-01 00:00:00,0.3654801419530649
3100,17,2,2054-04-01 00:00:00,0.3725215499861598
3101,17,3,2023-11-01 00:00:00,0.11400868006525695
3102,17,3,2024-11-01 00:00:00,0.12762552059984486
3103,17,3,2025-11-01 00:00:00,0.14207076207950278
3104,17,3,2026-11-01 00:00:00,0.1566195536772944
3105,17,3,2027-11-01 00:00:00,0.17178964598388854
3106,17,3,2028-11-01 00:00:00,0.18960026630289326
3107,17,3,2029-11-01 00:00:00,0.2099478645161748
3108,17,3,2030-11-01 00:00:00,0.23153806414706135
3109,17,3,2031-11-01 00:00:00,0.2527658383644798
3110,17,3,2032-11-01 00:00:00,0.27259568598709255
3111,17,3,2033-11-01 00:00:00,0.2926844089050398
3112,17,3,2034-11-01 00:00:00,0.31386040806339127
3113,17,3,2035-11-01 00:00:00,0.3365896589937491
3114,17,3,2036-11-01 00:00:00,0.35916358474690624
3115,17,3,2037-11-01 00:00:00,0.3816857354409965
3116,17,3,2038-11-01 00:00:00,0.40337948519001676
3117,17,3,2039-11-01 00:00:00,0.4245554843483683
3118,17,3,2040-11-01 00:00:00,0.44754361057406045
3119,17,3,2041-11-01 00:00:00,0.4707388370360201
3120,17,3,2042-11-01 00:00:00,0.49383051337984596
3121,17,3,2043-11-01 00:00:00,0.5160420137195351
3122,17,3,2044-11-01 00:00:00,0.5349916853380109
3123,17,3,2045-11-01 00:00:00,0.5547697579015569
3124,17,3,2046-11-01 00:00:00,0.575272681292039
3125,17,3,2047-11-01 00:00:00,0.5952060790327856
3126,17,3,2048-11-01 00:00:00,0.6142075257103284
3127,17,3,2049-11-01 00:00:00,0.6337784980376069
3128,17,3,2050-11-01 00:00:00,0.6392666542986956
3129,17,3,2051-11-01 00:00:00,0.6510713677659429
3130,17,3,2052-11-01 00:00:00,0.6663967852497377
3131,17,3,2053-11-01 00:00:00,0.6811526770837968
3132,17,3,2024-04-01 00:00:00,0.11400868006525695
3133,17,3,2025-04-01 00:00:00,0.12990362319878732
3134,17,3,2026-04-01 00:00:00,0.1466269672773877
3135,17,3,2027-04-01 00:00:00,0.1628843358243862
3136,17,3,2028-04-01 00:00:00,0.18116093167499278
3137,17,3,2029-04-01 00:00:00,0.20264758118774556
3138,17,3,2030-04-01 00:00:00,0.22729250930357767
3139,17,3,2031-04-01 00:00:00,0.2535942393095497
3140,17,3,2032-04-01 00:00:00,0.27922289354765245
3141,17,3,2033-04-01 00:00:00,0.30252167012774583
3142,17,3,2034-04-01 00:00:00,0.3249920457627693
3143,17,3,2035-04-01 00:00:00,0.3504135997646045
3144,17,3,2036-04-01 00:00:00,0.3788898822513853
3145,17,3,2037-04-01 00:00:00,0.40596823814336047
3146,17,3,2038-04-01 00:00:00,0.43247706838560007
3147,17,3,2039-04-01 00:00:00,0.45722554661956594
3148,17,3,2040-04-01 00:00:00,0.48171514955819744
3149,17,3,2041-04-01 00:00:00,0.5092594809817744
3150,17,3,2042-04-01 00:00:00,0.5377875385276222
3151,17,3,2043-04-01 00:00:00,0.5659531706600017
3152,17,3,2044-04-01 00:00:00,0.5905980987758338
3153,17,3,2045-04-01 00:00:00,0.6113598974616503
3154,17,3,2046-04-01 00:00:00,0.6338820481557407
3155,17,3,2047-04-01 00:00:00,0.6581645508581047
3156,17,3,2048-04-01 00:00:00,0.6823435034423349
3157,17,3,2049-04-01 00:00:00,0.7068848814400333
3158,17,3,2050-04-01 00:00:00,0.730028332842926
3159,17,3,2051-04-01 00:00:00,0.734998738513346
3160,17,3,2052-04-01 00:00:00,0.7500135056427395
3161,17,3,2053-04-01 00:00:00,0.7674099254892092
3162,17,3,2054-04-01 00:00:00,0.7848581203947458
3163,18,1,2023-11-01 00:00:00,0.16635326478186674
3164,18,1,2024-11-01 00:00:00,0.16842426714454173
3165,18,1,2025-11-01 00:00:00,0.16961509350307985
3166,18,1,2026-11-01 00:00:00,0.1726698219880254
3167,18,1,2027-11-01 00:00:00,0.17494792458696787
3168,18,1,2028-11-01 00:00:00,0.17774377777657907
3169,18,1,2029-11-01 00:00:00,0.167492316081338
3170,18,1,2030-11-01 00:00:00,0.17101302009788544
3171,18,1,2031-11-01 00:00:00,0.17360177305122915
3172,18,1,2032-11-01 00:00:00,0.17608697588643912
3173,18,1,2033-11-01 00:00:00,0.17929702954858528
3174,18,1,2034-11-01 00:00:00,0.18276595850606586
3175,18,1,2035-11-01 00:00:00,0.1864937627588808
3176,18,1,2036-11-01 00:00:00,0.19068754254329762
3177,18,1,2037-11-01 00:00:00,0.19327629549664133
3178,18,1,2038-11-01 00:00:00,0.19612392374531942
3179,18,1,2039-11-01 00:00:00,0.20026592847066932
3180,18,1,2040-11-01 00:00:00,0.20264758118774553
3181,18,1,2041-11-01 00:00:00,0.20430438307788557
3182,18,1,2042-11-01 00:00:00,0.20647893555869423
3183,18,1,2043-11-01 00:00:00,0.20844638780323543
3184,18,1,2044-11-01 00:00:00,0.20979253933897418
3185,18,1,2045-11-01 00:00:00,0.21144934122911418
3186,18,1,2046-11-01 00:00:00,0.2139345440643241
3187,18,1,2047-11-01 00:00:00,0.21548779583633038
3188,18,1,2048-11-01 00:00:00,0.22092417703835215
3189,18,1,2049-11-01 00:00:00,0.22527328199996957
3190,18,1,2050-11-01 00:00:00,0.22993303731598824
3191,18,1,2051-11-01 00:00:00,0.23091676343825884
3192,18,1,2052-11-01 00:00:00,0.23397149192320443
3193,18,1,2053-11-01 00:00:00,0.23640491969934754
3194,18,1,2024-04-01 00:00:00,0.16635326478186674
3195,18,1,2025-04-01 00:00:00,0.16754409114040486
3196,18,1,2026-04-01 00:00:00,0.16857959232174236
3197,18,1,2027-04-01 00:00:00,0.1708576949206848
3198,18,1,2028-04-01 00:00:00,0.17339467281496165
3199,18,1,2029-04-01 00:00:00,0.16578373913213112
3200,18,1,2030-04-01 00:00:00,0.1643858125373255
3201,18,1,2031-04-01 00:00:00,0.16795829161293985
3202,18,1,2032-04-01 00:00:00,0.17054704456628356
3203,18,1,2033-04-01 00:00:00,0.1734982229330954
3204,18,1,2034-04-01 00:00:00,0.17676005165430847
3205,18,1,2035-04-01 00:00:00,0.1804878559071234
3206,18,1,2036-04-01 00:00:00,0.18483696086874085
3207,18,1,2037-04-01 00:00:00,0.18949671618475952
3208,18,1,2038-04-01 00:00:00,0.1927067698469057
3209,18,1,2039-04-01 00:00:00,0.19550262303651694
3210,18,1,2040-04-01 00:00:00,0.1995928527028
3211,18,1,2041-04-01 00:00:00,0.20166385506547496
3212,18,1,2042-04-01 00:00:00,0.2037866324872168
3213,18,1,2043-04-01 00:00:00,0.20627183532242677
3214,18,1,2044-04-01 00:00:00,0.2081357374488342
3215,18,1,2045-04-01 00:00:00,0.20886058827577048
3216,18,1,2046-04-01 00:00:00,0.2106209402840442
3217,18,1,2047-04-01 00:00:00,0.21352034359178912
3218,18,1,2048-04-01 00:00:00,0.21553957089539721
3219,18,1,2049-04-01 00:00:00,0.22294340434196017
3220,18,1,2050-04-01 00:00:00,0.2280173601305139
3221,18,1,2051-04-01 00:00:00,0.2326771154465326
3222,18,1,2052-04-01 00:00:00,0.23454101757294005
3223,18,1,2053-04-01 00:00:00,0.23733687076255128
3224,18,1,2054-04-01 00:00:00,0.239925623715895
3225,18,2,2023-11-01 00:00:00,0.16635326478186674
3226,18,2,2024-11-01 00:00:00,0.1750514747051016
3227,18,2,2025-11-01 00:00:00,0.18333548415580148
3228,18,2,2026-11-01 00:00:00,0.1927585449059726
3229,18,2,2027-11-01 00:00:00,0.2010943294157393
3230,18,2,2028-11-01 00:00:00,0.2110351407565792
3231,18,2,2029-11-01 00:00:00,0.22195967821968965
3232,18,2,2030-11-01 00:00:00,0.23272889050559947
3233,18,2,2031-11-01 00:00:00,0.24303212725990744
3234,18,2,2032-11-01 00:00:00,0.2535942393095497
3235,18,2,2033-11-01 00:00:00,0.2643634515954596
3236,18,2,2034-11-01 00:00:00,0.27461491329070065
3237,18,2,2035-11-01 00:00:00,0.2870927025258173
3238,18,2,2036-11-01 00:00:00,0.2998811421153353
3239,18,2,2037-11-01 00:00:00,0.3128249068820538
3240,18,2,2038-11-01 00:00:00,0.32354234410889676
3241,18,2,2039-11-01 00:00:00,0.33436333145387354
3242,18,2,2040-11-01 00:00:00,0.3466340204527227
3243,18,2,2041-11-01 00:00:00,0.35849050897903684
3244,18,2,2042-11-01 00:00:00,0.3698292469146823
3245,18,2,2043-11-01 00:00:00,0.38039135896432463
3246,18,2,2044-11-01 00:00:00,0.3890377938284926
3247,18,2,2045-11-01 00:00:00,0.3986161797558643
3248,18,2,2046-11-01 00:00:00,0.40959249227804173
3249,18,2,2047-11-01 00:00:00,0.4198439539732828
3250,18,2,2048-11-01 00:00:00,0.4296812151959889
3251,18,2,2049-11-01 00:00:00,0.43884540065082567
3252,18,2,2050-11-01 00:00:00,0.44345338090777736
3253,18,2,2051-11-01 00:00:00,0.4516338402403435
3254,18,2,2052-11-01 00:00:00,0.46178175181745085
3255,18,2,2053-11-01 00:00:00,0.47027286150441816
3256,18,2,2024-04-01 00:00:00,0.16635326478186674
3257,18,2,2025-04-01 00:00:00,0.17676005165430847
3258,18,2,2026-04-01 00:00:00,0.18695973829048268
3259,18,2,2027-04-01 00:00:00,0.19793605081266002
3260,18,2,2028-04-01 00:00:00,0.20875703815763674
3261,18,2,2029-04-01 00:00:00,0.22118305233368651
3262,18,2,2030-04-01 00:00:00,0.23474811780920754
3263,18,2,2031-04-01 00:00:00,0.24820963316659486
3264,18,2,2032-04-01 00:00:00,0.26125694805144717
3265,18,2,2033-04-01 00:00:00,0.274097162700032
3266,18,2,2034-04-01 00:00:00,0.28678205217141606
3267,18,2,2035-04-01 00:00:00,0.29925984140653283
3268,18,2,2036-04-01 00:00:00,0.31608673560326694
3269,18,2,2037-04-01 00:00:00,0.3319816787367973
3270,18,2,2038-04-01 00:00:00,0.348135497165662
3271,18,2,2039-04-01 00:00:00,0.36030263604637747
3272,18,2,2040-04-01 00:00:00,0.37355705116749727
3273,18,2,2041-04-01 00:00:00,0.3890895688875595
3274,18,2,2042-04-01 00:00:00,0.4051398371982905
3275,18,2,2043-04-01 00:00:00,0.41963685373701526
3276,18,2,2044-04-01 00:00:00,0.4317522175586638
3277,18,2,2045-04-01 00:00:00,0.4424696547855068
3278,18,2,2046-04-01 00:00:00,0.4547921188434228
3279,18,2,2047-04-01 00:00:00,0.46965156079561576
3280,18,2,2048-04-01 00:00:00,0.4832166262711367
3281,18,2,2049-04-01 00:00:00,0.4959532908015878
3282,18,2,2050-04-01 00:00:00,0.5072920287372332
3283,18,2,2051-04-01 00:00:00,0.5111751581672489
3284,18,2,2052-04-01 00:00:00,0.5222550208075599
3285,18,2,2053-04-01 00:00:00,0.5332831083888041
3286,18,2,2054-04-01 00:00:00,0.5435345700840453
3287,18,3,2023-11-01 00:00:00,0.16635326478186674
3288,18,3,2024-11-01 00:00:00,0.18618311240447957
3289,18,3,2025-11-01 00:00:00,0.20725556144469737
3290,18,3,2026-11-01 00:00:00,0.22848333566211576
3291,18,3,2027-11-01 00:00:00,0.25069483600180476
3292,18,3,2028-11-01 00:00:00,0.27658236553524196
3293,18,3,2029-11-01 00:00:00,0.30635302449869456
3294,18,3,2030-11-01 00:00:00,0.33788403547042095
3295,18,3,2031-11-01 00:00:00,0.3687937457333448
3296,18,3,2032-11-01 00:00:00,0.3977877788107943
3297,18,3,2033-11-01 00:00:00,0.4270924622426452
3298,18,3,2034-11-01 00:00:00,0.4579503974465021
3299,18,3,2035-11-01 00:00:00,0.4911382103083685
3300,18,3,2036-11-01 00:00:00,0.5241189229339673
3301,18,3,2037-11-01 00:00:00,0.5569960854414325
3302,18,3,2038-11-01 00:00:00,0.5885788714722258
3303,18,3,2039-11-01 00:00:00,0.6194368066760827
3304,18,3,2040-11-01 00:00:00,0.6529870449514172
3305,18,3,2041-11-01 00:00:00,0.686847933581153
3306,18,3,2042-11-01 00:00:00,0.7206052720927549
3307,18,3,2043-11-01 00:00:00,0.7529646840095513
3308,18,3,2044-11-01 00:00:00,0.780612565551262
3309,18,3,2045-11-01 00:00:00,0.8095030485105779
3310,18,3,2046-11-01 00:00:00,0.839480807710298
3311,18,3,2047-11-01 00:00:00,0.8685266158468145
3312,18,3,2048-11-01 00:00:00,0.8961744973885254
3313,18,3,2049-11-01 00:00:00,0.9248061050525066
3314,18,3,2050-11-01 00:00:00,0.9327794641488053
3315,18,3,2051-11-01 00:00:00,0.9500205588180745
3316,18,3,2052-11-01 00:00:00,0.972387384334964
3317,18,3,2053-11-01 00:00:00,0.9938222587886499
3318,18,3,2024-04-01 00:00:00,0.16635326478186674
3319,18,3,2025-04-01 00:00:00,0.1895484912438264
3320,18,3,2026-04-01 00:00:00,0.21388276900525724
3321,18,3,2027-04-01 00:00:00,0.23775107123508624
3322,18,3,2028-04-01 00:00:00,0.26436345159545954
3323,18,3,2029-04-01 00:00:00,0.2956355872718516
3324,18,3,2030-04-01 00:00:00,0.3316192533233292
3325,18,3,2031-04-01 00:00:00,0.36998457209188296
3326,18,3,2032-04-01 00:00:00,0.4074697148562998
3327,18,3,2033-04-01 00:00:00,0.4414859286632361
3328,18,3,2034-04-01 00:00:00,0.4741559909344337
3329,18,3,2035-04-01 00:00:00,0.5113304833444494
3330,18,3,2036-04-01 00:00:00,0.5528540807160826
3331,18,3,2037-04-01 00:00:00,0.5923584507841075
3332,18,3,2038-04-01 00:00:00,0.6310861949661294
3333,18,3,2039-04-01 00:00:00,0.6671216360766739
3334,18,3,2040-04-01 00:00:00,0.7028464268328171
3335,18,3,2041-04-01 00:00:00,0.7430756477277782
3336,18,3,2042-04-01 00:00:00,0.7846510201584782
3337,18,3,2043-04-01 00:00:00,0.8258121921166433
3338,18,3,2044-04-01 00:00:00,0.8617958581681208
3339,18,3,2045-04-01 00:00:00,0.8920324926631754
3340,18,3,2046-04-01 00:00:00,0.9249096551706404
3341,18,3,2047-04-01 00:00:00,0.9604273456905161
3342,18,3,2048-04-01 00:00:00,0.9956343858559905
3343,18,3,2049-04-01 00:00:00,1.0314109516712007
3344,18,3,2050-04-01 00:00:00,1.0652718403009365
3345,18,3,2051-04-01 00:00:00,1.0724167984521649
3346,18,3,2052-04-01 00:00:00,1.0944211985555865
3347,18,3,2053-04-01 00:00:00,1.119790977498355
3348,18,3,2054-04-01 00:00:00,1.14521253150019
3349,19,1,2023-11-01 00:00:00,0.5058941021424277
3350,19,1,2024-11-01 00:00:00,0.5122106593485863
3351,19,1,2025-11-01 00:00:00,0.5158349134832675
3352,19,1,2026-11-01 00:00:00,0.5250508739971712
3353,19,1,2027-11-01 00:00:00,0.5319369568530654
3354,19,1,2028-11-01 00:00:00,0.5404798415990997
3355,19,1,2029-11-01 00:00:00,0.5093630310999082
3356,19,1,2030-11-01 00:00:00,0.5200804683267513
3357,19,1,2031-11-01 00:00:00,0.5279502773049161
3358,19,1,2032-11-01 00:00:00,0.5355612109877466
3359,19,1,2033-11-01 00:00:00,0.5451913719741851
3360,19,1,2034-11-01 00:00:00,0.5558052590828944
3361,19,1,2035-11-01 00:00:00,0.5671957720776066
3362,19,1,2036-11-01 00:00:00,0.579828886489924
3363,19,1,2037-11-01 00:00:00,0.5878022455862225
3364,19,1,2038-11-01 00:00:00,0.5963969053913237
3365,19,1,2039-11-01 00:00:00,0.609030019803641
3366,19,1,2040-11-01 00:00:00,0.6162267530139365
3367,19,1,2041-11-01 00:00:00,0.6213524838615572
3368,19,1,2042-11-01 00:00:00,0.6280314664811839
3369,19,1,2043-11-01 00:00:00,0.6338820481557407
3370,19,1,2044-11-01 00:00:00,0.6378687277038899
3371,19,1,2045-11-01 00:00:00,0.6429944585515106
3372,19,1,2046-11-01 00:00:00,0.6504500670571404
3373,19,1,2047-11-01 00:00:00,0.6552133724912927
3374,19,1,2048-11-01 00:00:00,0.6718849415108262
3375,19,1,2049-11-01 00:00:00,0.6850875815728792
3376,19,1,2050-11-01 00:00:00,0.6992739477572028
3377,19,1,2051-11-01 00:00:00,0.7022251261240146
3378,19,1,2052-11-01 00:00:00,0.7114410866379182
3379,19,1,2053-11-01 00:00:00,0.718948470202615
3380,19,1,2024-04-01 00:00:00,0.5058941021424277
3381,19,1,2025-04-01 00:00:00,0.5095701313361758
3382,19,1,2026-04-01 00:00:00,0.5126248598211213
3383,19,1,2027-04-01 00:00:00,0.5195109426770155
3384,19,1,2028-04-01 00:00:00,0.5273807516551804
3385,19,1,2029-04-01 00:00:00,0.504133750134154
3386,19,1,2030-04-01 00:00:00,0.4998881952906703
3387,19,1,2031-04-01 00:00:00,0.5109162828719145
3388,19,1,2032-04-01 00:00:00,0.5186307666728788
3389,19,1,2033-04-01 00:00:00,0.5275360768323811
3390,19,1,2034-04-01 00:00:00,0.5375804382913547
3391,19,1,2035-04-01 00:00:00,0.548970951286067
3392,19,1,2036-04-01 00:00:00,0.5621218162890531
3393,19,1,2037-04-01 00:00:00,0.5762046323552428
3394,19,1,2038-04-01 00:00:00,0.5860936686370158
3395,19,1,2039-04-01 00:00:00,0.594584778323983
3396,19,1,2040-04-01 00:00:00,0.6071661176772335
3397,19,1,2041-04-01 00:00:00,0.6133791247652585
3398,19,1,2042-04-01 00:00:00,0.6197992320895509
3399,19,1,2043-04-01 00:00:00,0.6273066156542476
3400,19,1,2044-04-01 00:00:00,0.6327947719153364
3401,19,1,2045-04-01 00:00:00,0.6350728745142786
3402,19,1,2046-04-01 00:00:00,0.6405092557163006
3403,19,1,2047-04-01 00:00:00,0.6493110157576691
3404,19,1,2048-04-01 00:00:00,0.6555240228456941
3405,19,1,2049-04-01 00:00:00,0.6780461735397844
3406,19,1,2050-04-01 00:00:00,0.693423366082646
3407,19,1,2051-04-01 00:00:00,0.7074544070897688
3408,19,1,2052-04-01 00:00:00,0.7133049887643257
3409,19,1,2053-04-01 00:00:00,0.7216925483331592
3410,19,1,2054-04-01 00:00:00,0.7295105822522573
3411,19,2,2023-11-01 00:00:00,0.5058941021424277
3412,19,2,2024-11-01 00:00:00,0.5324029323846673
3413,19,2,2025-11-01 00:00:00,0.5574102859139676
3414,19,2,2026-11-01 00:00:00,0.5860936686370157
3415,19,2,2027-11-01 00:00:00,0.611566997697918
3416,19,2,2028-11-01 00:00:00,0.6418554072520392
3417,19,2,2029-11-01 00:00:00,0.6750432201139056
3418,19,2,2030-11-01 00:00:00,0.7077650574441701
3419,19,2,2031-11-01 00:00:00,0.7392442933568296
3420,19,2,2032-11-01 00:00:00,0.7712412798601578
3421,19,2,2033-11-01 00:00:00,0.8040666673085561
3422,19,2,2034-11-01 00:00:00,0.8350799276896138
3423,19,2,2035-11-01 00:00:00,0.8731863711628333
3424,19,2,2036-11-01 00:00:00,0.911914115344855
3425,19,2,2037-11-01 00:00:00,0.9512631602356795
3426,19,2,2038-11-01 00:00:00,0.9840367726250108
3427,19,2,2039-11-01 00:00:00,1.0168621600734091
3428,19,2,2040-11-01 00:00:00,1.0541919776606252
3429,19,2,2041-11-01 00:00:00,1.0901238686530361
3430,19,2,2042-11-01 00:00:00,1.124606057991574
3431,19,2,2043-11-01 00:00:00,1.156758369672103
3432,19,2,2044-11-01 00:00:00,1.1829565495599415
3433,19,2,2045-11-01 00:00:00,1.2123130080508593
3434,19,2,2046-11-01 00:00:00,1.245656146089926
3435,19,2,2047-11-01 00:00:00,1.2767729565891173
3436,19,2,2048-11-01 00:00:00,1.3068024908479043
3437,19,2,2049-11-01 00:00:00,1.3347092476849494
3438,19,2,2050-11-01 00:00:00,1.3486367385739388
3439,19,2,2051-11-01 00:00:00,1.3733852168079046
3440,19,2,2052-11-01 00:00:00,1.4042431520117615
3441,19,2,2053-11-01 00:00:00,1.430027131427065
3442,19,2,2024-04-01 00:00:00,0.5058941021424277
3443,19,2,2025-04-01 00:00:00,0.5374251131141541
3444,19,2,2026-04-01 00:00:00,0.5684383734952116
3445,19,2,2027-04-01 00:00:00,0.6018850616524124
3446,19,2,2028-04-01 00:00:00,0.6348657742780112
3447,19,2,2029-04-01 00:00:00,0.6725580172786956
3448,19,2,2030-04-01 00:00:00,0.7138227393549944
3449,19,2,2031-04-01 00:00:00,0.7547768110768918
3450,19,2,2032-04-01 00:00:00,0.7944365063221175
3451,19,2,2033-04-01 00:00:00,0.8336820010948081
3452,19,2,2034-04-01 00:00:00,0.8721508699814957
3453,19,2,2035-04-01 00:00:00,0.9102055383956482
3454,19,2,2036-04-01 00:00:00,0.9614110718127866
3455,19,2,2037-04-01 00:00:00,1.0095618767449799
3456,19,2,2038-04-01 00:00:00,1.058799957917577
3457,19,2,2039-04-01 00:00:00,1.0957673500913252
3458,19,2,2040-04-01 00:00:00,1.1359447959272198
3459,19,2,2041-04-01 00:00:00,1.1832671999143425
3460,19,2,2042-04-01 00:00:00,1.2319357554372043
3461,19,2,2043-04-01 00:00:00,1.2762034309393817
3462,19,2,2044-04-01 00:00:00,1.3129637228768625
3463,19,2,2045-04-01 00:00:00,1.345582010088993
3464,19,2,2046-04-01 00:00:00,1.38306715285341
3465,19,2,2047-04-01 00:00:00,1.4281114542415905
3466,19,2,2048-04-01 00:00:00,1.4695315014950903
3467,19,2,2049-04-01 00:00:00,1.5083110207361787
3468,19,2,2050-04-01 00:00:00,1.5427414350156503
3469,19,2,2051-04-01 00:00:00,1.5545979235419642
3470,19,2,2052-04-01 00:00:00,1.5881999368763657
3471,19,2,2053-04-01 00:00:00,1.6216984000926333
3472,19,2,2054-04-01 00:00:00,1.6529187607099582
3473,19,3,2023-11-01 00:00:00,0.5058941021424277
3474,19,3,2024-11-01 00:00:00,0.5662638210144029
3475,19,3,2025-11-01 00:00:00,0.6303095690801264
3476,19,3,2026-11-01 00:00:00,0.6949248427955853
3477,19,3,2027-11-01 00:00:00,0.7623359697006555
3478,19,3,2028-11-01 00:00:00,0.8412411597185718
3479,19,3,2029-11-01 00:00:00,0.931692187908401
3480,19,3,2030-11-01 00:00:00,1.027527822241185
3481,19,3,2031-11-01 00:00:00,1.1215513295066286
3482,19,3,2032-11-01 00:00:00,1.2096207049793817
3483,19,3,2033-11-01 00:00:00,1.2988291317516056
3484,19,3,2034-11-01 00:00:00,1.392645538780782
3485,19,3,2035-11-01 00:00:00,1.4936586790202535
3486,19,3,2036-11-01 00:00:00,1.5937916432555883
3487,19,3,2037-11-01 00:00:00,1.693717507254655
3488,19,3,2038-11-01 00:00:00,1.789915567000907
3489,19,3,2039-11-01 00:00:00,1.8838355241482174
3490,19,3,2040-11-01 00:00:00,1.9857806154508926
3491,19,3,2041-11-01 00:00:00,2.088709432875838
3492,19,3,2042-11-01 00:00:00,2.1913793750054498
3493,19,3,2043-11-01 00:00:00,2.2898037622915774
3494,19,3,2044-11-01 00:00:00,2.3739382332752483
3495,19,3,2045-11-01 00:00:00,2.4616969583936004
3496,19,3,2046-11-01 00:00:00,2.5527692872922314
3497,19,3,2047-11-01 00:00:00,2.6411493131193864
3498,19,3,2048-11-01 00:00:00,2.725335559162123
3499,19,3,2049-11-01 00:00:00,2.8123176583944725
3500,19,3,2050-11-01 00:00:00,2.836651936155903
3501,19,3,2051-11-01 00:00:00,2.8891000709906463
3502,19,3,2052-11-01 00:00:00,2.957028948486385
3503,19,3,2053-11-01 00:00:00,3.0224208480878474
3504,19,3,2024-04-01 00:00:00,0.5058941021424277
3505,19,3,2025-04-01 00:00:00,0.5764635076505771
3506,19,3,2026-04-01 00:00:00,0.6505018421162073
3507,19,3,2027-04-01 00:00:00,0.7228315996326306
3508,19,3,2028-04-01 00:00:00,0.8039113421313554
3509,19,3,2029-04-01 00:00:00,0.899177450814404
3510,19,3,2030-04-01 00:00:00,1.0084746005045755
3511,19,3,2031-04-01 00:00:00,1.1252273587003765
3512,19,3,2032-04-01 00:00:00,1.239080713588433
3513,19,3,2033-04-01 00:00:00,1.342475506544981
3514,19,3,2034-04-01 00:00:00,1.4420389451305797
3515,19,3,2035-04-01 00:00:00,1.5550121240144992
3516,19,3,2036-04-01 00:00:00,1.6812397180195386
3517,19,3,2037-04-01 00:00:00,1.8013578550546867
3518,19,3,2038-04-01 00:00:00,1.9190943393727589
3519,19,3,2039-04-01 00:00:00,2.028805689535465
3520,19,3,2040-04-01 00:00:00,2.137481538516834
3521,19,3,2041-04-01 00:00:00,2.2598260030918578
3522,19,3,2042-04-01 00:00:00,2.3863124723922318
3523,19,3,2043-04-01 00:00:00,2.5112974649796658
3524,19,3,2044-04-01 00:00:00,2.6208017149061047
3525,19,3,2045-04-01 00:00:00,2.71280599486794
3526,19,3,2046-04-01 00:00:00,2.8127318588670067
3527,19,3,2047-04-01 00:00:00,2.920579306903306
3528,19,3,2048-04-01 00:00:00,3.027805454230802
3529,19,3,2049-04-01 00:00:00,3.136688403448439
3530,19,3,2050-04-01 00:00:00,3.239461895696184
3531,19,3,2051-04-01 00:00:00,3.2613109706224055
3532,19,3,2052-04-01 00:00:00,3.3281007968186724
3533,19,3,2053-04-01 00:00:00,3.405349184946449
3534,19,3,2054-04-01 00:00:00,3.4827011231923595
3535,20,1,2023-11-01 00:00:00,0.19291387008317318
3536,20,1,2024-11-01 00:00:00,0.19529552280024942
3537,20,1,2025-11-01 00:00:00,0.19669344939505506
3538,20,1,2026-11-01 00:00:00,0.20026592847066924
3539,20,1,2027-11-01 00:00:00,0.20285468142401308
3540,20,1,2028-11-01 00:00:00,0.20606473508615916
3541,20,1,2029-11-01 00:00:00,0.19420824655984503
3542,20,1,2030-11-01 00:00:00,0.198350251285195
3543,20,1,2031-11-01 00:00:00,0.20130142965200695
3544,20,1,2032-11-01 00:00:00,0.20420083295975178
3545,20,1,2033-11-01 00:00:00,0.2079286372125667
3546,20,1,2034-11-01 00:00:00,0.2119670918197829
3547,20,1,2035-11-01 00:00:00,0.2162644217223335
3548,20,1,2036-11-01 00:00:00,0.22113127727461968
3549,20,1,2037-11-01 00:00:00,0.22413423070049845
3550,20,1,2038-11-01 00:00:00,0.22744783448077832
3551,20,1,2039-11-01 00:00:00,0.23226291497399768
3552,20,1,2040-11-01 00:00:00,0.235006993104542
3553,20,1,2041-11-01 00:00:00,0.23692267029001624
3554,20,1,2042-11-01 00:00:00,0.23951142324335994
3555,20,1,2043-11-01 00:00:00,0.24168597572416872
3556,20,1,2044-11-01 00:00:00,0.24323922749617502
3557,20,1,2045-11-01 00:00:00,0.24520667974071605
3558,20,1,2046-11-01 00:00:00,0.2480543079893942
3559,20,1,2047-11-01 00:00:00,0.24991821011580173
3560,20,1,2048-11-01 00:00:00,0.2561829922628934
3561,20,1,2049-11-01 00:00:00,0.26120517299238033
3562,20,1,2050-11-01 00:00:00,0.2666415541944022
3563,20,1,2051-11-01 00:00:00,0.2677806054938733
3564,20,1,2052-11-01 00:00:00,0.2713013095104209
3565,20,1,2053-11-01 00:00:00,0.27414893775909877
3566,20,1,2024-04-01 00:00:00,0.19291387008317318
3567,20,1,2025-04-01 00:00:00,0.19431179667797882
3568,20,1,2026-04-01 00:00:00,0.1955026230365169
3569,20,1,2027-04-01 00:00:00,0.19814315104892755
3570,20,1,2028-04-01 00:00:00,0.2011461044748062
3571,20,1,2029-04-01 00:00:00,0.19224079431530383
3572,20,1,2030-04-01 00:00:00,0.19063576748423072
3573,20,1,2031-04-01 00:00:00,0.19482954726864754
3574,20,1,2032-04-01 00:00:00,0.1977289505763925
3575,20,1,2033-04-01 00:00:00,0.2011461044748062
3576,20,1,2034-04-01 00:00:00,0.2049774588457549
3577,20,1,2035-04-01 00:00:00,0.2093783388664392
3578,20,1,2036-04-01 00:00:00,0.214348744536859
3579,20,1,2037-04-01 00:00:00,0.21973335067981403
3580,20,1,2038-04-01 00:00:00,0.22351292999169578
3581,20,1,2039-04-01 00:00:00,0.22672298365384216
3582,20,1,2040-04-01 00:00:00,0.2314862890879945
3583,20,1,2041-04-01 00:00:00,0.2339197168641376
3584,20,1,2042-04-01 00:00:00,0.23635314464028054
3585,20,1,2043-04-01 00:00:00,0.23920077288895866
3586,20,1,2044-04-01 00:00:00,0.2413235503107005
3587,20,1,2045-04-01 00:00:00,0.24220372631483744
3588,20,1,2046-04-01 00:00:00,0.2442747286775123
3589,20,1,2047-04-01 00:00:00,0.24758833245779233
3590,20,1,2048-04-01 00:00:00,0.24996998517486857
3591,20,1,2049-04-01 00:00:00,0.25856464497996967
3592,20,1,2050-04-01 00:00:00,0.26441522665452655
3593,20,1,2051-04-01 00:00:00,0.26974805773841465
3594,20,1,2052-04-01 00:00:00,0.27202616033735705
3595,20,1,2053-04-01 00:00:00,0.2751844389404365
3596,20,1,2054-04-01 00:00:00,0.27818739236631507
3597,20,2,2023-11-01 00:00:00,0.19291387008317318
3598,20,2,2024-11-01 00:00:00,0.2030100066012137
3599,20,2,2025-11-01 00:00:00,0.21258839252858527
3600,20,2,2026-11-01 00:00:00,0.22351292999169595
3601,20,2,2027-11-01 00:00:00,0.2332466410962681
3602,20,2,2028-11-01 00:00:00,0.2447407042091143
3603,20,2,2029-11-01 00:00:00,0.2573738186214316
3604,20,2,2030-11-01 00:00:00,0.26990338291561494
3605,20,2,2031-11-01 00:00:00,0.2818634215600629
3606,20,2,2032-11-01 00:00:00,0.29413411055891225
3607,20,2,2033-11-01 00:00:00,0.30656012473496197
3608,20,2,2034-11-01 00:00:00,0.31841661326127624
3609,20,2,2035-11-01 00:00:00,0.33301717991813473
3610,20,2,2036-11-01 00:00:00,0.34777307175219396
3611,20,2,2037-11-01 00:00:00,0.36273606382252055
3612,20,2,2038-11-01 00:00:00,0.3752138530576374
3613,20,2,2039-11-01 00:00:00,0.3877951924108875
3614,20,2,2040-11-01 00:00:00,0.40203333365427824
3615,20,2,2041-11-01 00:00:00,0.41570194924793263
3616,20,2,2042-11-01 00:00:00,0.4288528142509191
3617,20,2,2043-11-01 00:00:00,0.4410717281907012
3618,20,2,2044-11-01 00:00:00,0.45111608964967476
3619,20,2,2045-11-01 00:00:00,0.4622995024081194
3620,20,2,2046-11-01 00:00:00,0.4749843918795038
3621,20,2,2047-11-01 00:00:00,0.48684088040581813
3622,20,2,2048-11-01 00:00:00,0.49833494351866403
3623,20,2,2049-11-01 00:00:00,0.5089488306273733
3624,20,2,2050-11-01 00:00:00,0.5142298866521944
3625,20,2,2051-11-01 00:00:00,0.5237564975204991
3626,20,2,2052-11-01 00:00:00,0.5354576608696132
3627,20,2,2053-11-01 00:00:00,0.5452949220923192
3628,20,2,2024-04-01 00:00:00,0.19291387008317318
3629,20,2,2025-04-01 00:00:00,0.20492568378668793
3630,20,2,2026-04-01 00:00:00,0.21673039725393542
3631,20,2,2027-04-01 00:00:00,0.22951883684345317
3632,20,2,2028-04-01 00:00:00,0.2421001761967038
3633,20,2,2029-04-01 00:00:00,0.25644186755822784
3634,20,2,2030-04-01 00:00:00,0.2722332605736245
3635,20,2,2031-04-01 00:00:00,0.2878175533527538
3636,20,2,2032-04-01 00:00:00,0.30293587060028093
3637,20,2,2033-04-01 00:00:00,0.31789886267060735
3638,20,2,2034-04-01 00:00:00,0.3326029794455998
3639,20,2,2035-04-01 00:00:00,0.3470482209252575
3640,20,2,2036-04-01 00:00:00,0.3666191932525361
3641,20,2,2037-04-01 00:00:00,0.3849475641622094
3642,20,2,2038-04-01 00:00:00,0.40374191060348497
3643,20,2,2039-04-01 00:00:00,0.41787650172874147
3644,20,2,2040-04-01 00:00:00,0.43320191921253637
3645,20,2,2041-04-01 00:00:00,0.4511678647087416
3646,20,2,2042-04-01 00:00:00,0.4698068859728164
3647,20,2,2043-04-01 00:00:00,0.4866337801695505
3648,20,2,2044-04-01 00:00:00,0.5006648211766733
3649,20,2,2045-04-01 00:00:00,0.513090835352723
3650,20,2,2046-04-01 00:00:00,0.527432526714247
3651,20,2,2047-04-01 00:00:00,0.5445700712653827
3652,20,2,2048-04-01 00:00:00,0.5603614642807794
3653,20,2,2049-04-01 00:00:00,0.5751691311739054
3654,20,2,2050-04-01 00:00:00,0.5883199961768913
3655,20,2,2051-04-01 00:00:00,0.5928244263157091
3656,20,2,2052-04-01 00:00:00,0.6056128659052274
3657,20,2,2053-04-01 00:00:00,0.6184013054947453
3658,20,2,2054-04-01 00:00:00,0.6303613441391929
3659,20,3,2023-11-01 00:00:00,0.19291387008317318
3660,20,3,2024-11-01 00:00:00,0.21595377136793226
3661,20,3,2025-11-01 00:00:00,0.2403398241884299
3662,20,3,2026-11-01 00:00:00,0.264984752304262
3663,20,3,2027-11-01 00:00:00,0.29071695666049857
3664,20,3,2028-11-01 00:00:00,0.3207982659783525
3665,20,3,2029-11-01 00:00:00,0.3552804553168907
3666,20,3,2030-11-01 00:00:00,0.39183364701810386
3667,20,3,2031-11-01 00:00:00,0.4276619878923806
3668,20,3,2032-11-01 00:00:00,0.46126400122678196
3669,20,3,2033-11-01 00:00:00,0.4953319900927854
3670,20,3,2034-11-01 00:00:00,0.5311085559079953
3671,20,3,2035-11-01 00:00:00,0.569525649735616
3672,20,3,2036-11-01 00:00:00,0.6077874183860362
3673,20,3,2037-11-01 00:00:00,0.6458938618592551
3674,20,3,2038-11-01 00:00:00,0.6825506036786025
3675,20,3,2039-11-01 00:00:00,0.7183789445528793
3676,20,3,2040-11-01 00:00:00,0.7572620139121018
3677,20,3,2041-11-01 00:00:00,0.7965075086847926
3678,20,3,2042-11-01 00:00:00,0.8356494533393498
3679,20,3,2043-11-01 00:00:00,0.873186371162833
3680,20,3,2044-11-01 00:00:00,0.9052869077842952
3681,20,3,2045-11-01 00:00:00,0.9387335959414955
3682,20,3,2046-11-01 00:00:00,0.9734746605753689
3683,20,3,2047-11-01 00:00:00,1.0071802240279033
3684,20,3,2048-11-01 00:00:00,1.0392807606493657
3685,20,3,2049-11-01 00:00:00,1.0724167984521644
3686,20,3,2050-11-01 00:00:00,1.0816845340251358
3687,20,3,2051-11-01 00:00:00,1.1017214818840155
3688,20,3,2052-11-01 00:00:00,1.1276090114174533
3689,20,3,2053-11-01 00:00:00,1.1525128148286188
3690,20,3,2024-04-01 00:00:00,0.19291387008317318
3691,20,3,2025-04-01 00:00:00,0.21983690079794782
3692,20,3,2026-04-01 00:00:00,0.24810608304846102
3693,20,3,2027-04-01 00:00:00,0.2756504144720382
3694,20,3,2028-04-01 00:00:00,0.30650834967589513
3695,20,3,2029-04-01 00:00:00,0.3428544411408407
3696,20,3,2030-04-01 00:00:00,0.3845851387487413
3697,20,3,2031-04-01 00:00:00,0.4291116895462532
3698,20,3,2032-04-01 00:00:00,0.4724991890442938
3699,20,3,2033-04-01 00:00:00,0.5119517840532519
3700,20,3,2034-04-01 00:00:00,0.5499029023492709
3701,20,3,2035-04-01 00:00:00,0.5929797514929099
3702,20,3,2036-04-01 00:00:00,0.641130556425103
3703,20,3,2037-04-01 00:00:00,0.6868997086402197
3704,20,3,2038-04-01 00:00:00,0.7318404599102661
3705,20,3,2039-04-01 00:00:00,0.7736229325772339
3706,20,3,2040-04-01 00:00:00,0.8150947548898
3707,20,3,2041-04-01 00:00:00,0.8616923080499868
3708,20,3,2042-04-01 00:00:00,0.9099466631003138
3709,20,3,2043-04-01 00:00:00,0.9576314925009045
3710,20,3,2044-04-01 00:00:00,0.9994139651678723
3711,20,3,2045-04-01 00:00:00,1.034465680156146
3712,20,3,2046-04-01 00:00:00,1.0725721236293655
3713,20,3,2047-04-01 00:00:00,1.11373329558753
3714,20,3,2048-04-01 00:00:00,1.154583817191295
3715,20,3,2049-04-01 00:00:00,1.1961074145629267
3716,20,3,2050-04-01 00:00:00,1.2353011342765514
3717,20,3,2051-04-01 00:00:00,1.243636918786318
3718,20,3,2052-04-01 00:00:00,1.2691102478472207
3719,20,3,2053-04-01 00:00:00,1.298622031515338
3720,20,3,2054-04-01 00:00:00,1.3280820401243896
3721,21,1,2023-11-01 00:00:00,0.16833136431678056
3722,21,1,2024-11-01 00:00:00,0.1703953728710735
3723,21,1,2025-11-01 00:00:00,0.17161848905139523
3724,21,1,2026-11-01 00:00:00,0.17467627950219963
3725,21,1,2027-11-01 00:00:00,0.1769696223403029
3726,21,1,2028-11-01 00:00:00,0.17979807850729693
3727,21,1,2029-11-01 00:00:00,0.1694780357358322
3728,21,1,2030-11-01 00:00:00,0.17307093951552732
3729,21,1,2031-11-01 00:00:00,0.17567006139871105
3730,21,1,2032-11-01 00:00:00,0.17819273852062464
3731,21,1,2033-11-01 00:00:00,0.18140341849396924
3732,21,1,2034-11-01 00:00:00,0.18491987751239428
3733,21,1,2035-11-01 00:00:00,0.18874211557589973
3734,21,1,2036-11-01 00:00:00,0.19294657744575572
3735,21,1,2037-11-01 00:00:00,0.19562214409020956
3736,21,1,2038-11-01 00:00:00,0.1984506002572036
3737,21,1,2039-11-01 00:00:00,0.2026550621270596
3738,21,1,2040-11-01 00:00:00,0.20502484972643298
3739,21,1,2041-11-01 00:00:00,0.2067830792356455
3740,21,1,2042-11-01 00:00:00,0.20899997731247866
3741,21,1,2043-11-01 00:00:00,0.21091109634423139
3742,21,1,2044-11-01 00:00:00,0.21221065728582328
3743,21,1,2045-11-01 00:00:00,0.21396888679503576
3744,21,1,2046-11-01 00:00:00,0.21641511915567926
3745,21,1,2047-11-01 00:00:00,0.21802045914235155
3746,21,1,2048-11-01 00:00:00,0.22360092671506954
3747,21,1,2049-11-01 00:00:00,0.22795827810746577
3748,21,1,2050-11-01 00:00:00,0.23269785330621254
3749,21,1,2051-11-01 00:00:00,0.23361519044145385
3750,21,1,2052-11-01 00:00:00,0.23674942565352833
3751,21,1,2053-11-01 00:00:00,0.2391956580141718
3752,21,1,2024-04-01 00:00:00,0.16833136431678056
3753,21,1,2025-04-01 00:00:00,0.16955448049710228
3754,21,1,2026-04-01 00:00:00,0.1705482623936137
3755,21,1,2027-04-01 00:00:00,0.172841605231717
3756,21,1,2028-04-01 00:00:00,0.17551717187617083
3757,21,1,2029-04-01 00:00:00,0.1677198062266197
3758,21,1,2030-04-01 00:00:00,0.16634380052375772
3759,21,1,2031-04-01 00:00:00,0.17001314906472295
3760,21,1,2032-04-01 00:00:00,0.17253582618663657
3761,21,1,2033-04-01 00:00:00,0.17551717187617083
3762,21,1,2034-04-01 00:00:00,0.17888074137205562
3763,21,1,2035-04-01 00:00:00,0.18270297943556107
3764,21,1,2036-04-01 00:00:00,0.1870603308279573
3765,21,1,2037-04-01 00:00:00,0.19172346126543396
3766,21,1,2038-04-01 00:00:00,0.1950105860000487
3767,21,1,2039-04-01 00:00:00,0.1978390421670427
3768,21,1,2040-04-01 00:00:00,0.20204350403689872
3769,21,1,2041-04-01 00:00:00,0.20410751259119167
3770,21,1,2042-04-01 00:00:00,0.20624796590675473
3771,21,1,2043-04-01 00:00:00,0.20877064302866832
3772,21,1,2044-04-01 00:00:00,0.21052887253788086
3773,21,1,2045-04-01 00:00:00,0.21129332015058194
3774,21,1,2046-04-01 00:00:00,0.21312799442106456
3775,21,1,2047-04-01 00:00:00,0.21603289534932874
3776,21,1,2048-04-01 00:00:00,0.21809690390362169
3777,21,1,2049-04-01 00:00:00,0.22558849050809238
3778,21,1,2050-04-01 00:00:00,0.2307102895131897
3779,21,1,2051-04-01 00:00:00,0.23537341995066635
3780,21,1,2052-04-01 00:00:00,0.2373609837436892
3781,21,1,2053-04-01 00:00:00,0.24011299514941314
3782,21,1,2054-04-01 00:00:00,0.24271211703259685
3783,21,2,2023-11-01 00:00:00,0.16833136431678056
3784,21,2,2024-11-01 00:00:00,0.17712251186284314
3785,21,2,2025-11-01 00:00:00,0.18545499084128503
3786,21,2,2026-11-01 00:00:00,0.1950105860000487
3787,21,2,2027-11-01 00:00:00,0.2034959545010308
3788,21,2,2028-11-01 00:00:00,0.21358666298868523
3789,21,2,2029-11-01 00:00:00,0.22459470861158096
3790,21,2,2030-11-01 00:00:00,0.23552630947320657
3791,21,2,2031-11-01 00:00:00,0.24599924176721155
3792,21,2,2032-11-01 00:00:00,0.25662506358375675
3793,21,2,2033-11-01 00:00:00,0.26755666444538234
3794,21,2,2034-11-01 00:00:00,0.2778767072168471
3795,21,2,2035-11-01 00:00:00,0.2905665375876852
3796,21,2,2036-11-01 00:00:00,0.30340925748106357
3797,21,2,2037-11-01 00:00:00,0.3164813116582523
3798,21,2,2038-11-01 00:00:00,0.32741291251987786
3799,21,2,2039-11-01 00:00:00,0.3383445133815035
3800,21,2,2040-11-01 00:00:00,0.3508050094685313
3801,21,2,2041-11-01 00:00:00,0.36273039222666836
3802,21,2,2042-11-01 00:00:00,0.3741971064171848
3803,21,2,2043-11-01 00:00:00,0.38489937299500004
3804,21,2,2044-11-01 00:00:00,0.3936140757797925
3805,21,2,2045-11-01 00:00:00,0.4033990052223665
3806,21,2,2046-11-01 00:00:00,0.4144834956065323
3807,21,2,2047-11-01 00:00:00,0.42480353837799706
3808,21,2,2048-11-01 00:00:00,0.43481780210438137
3809,21,2,2049-11-01 00:00:00,0.44414406297933473
3810,21,2,2050-11-01 00:00:00,0.4487307486555413
3811,21,2,2051-11-01 00:00:00,0.45698678287271305
3812,21,2,2052-11-01 00:00:00,0.4672303808829077
3813,21,2,2053-11-01 00:00:00,0.47579219414515994
3814,21,2,2024-04-01 00:00:00,0.16833136431678056
3815,21,2,2025-04-01 00:00:00,0.17880429661078553
3816,21,2,2026-04-01 00:00:00,0.18912433938225026
3817,21,2,2027-04-01 00:00:00,0.2002852745276862
3818,21,2,2028-04-01 00:00:00,0.21121687538931183
3819,21,2,2029-04-01 00:00:00,0.22375381623760976
3820,21,2,2030-04-01 00:00:00,0.2375138732662294
3821,21,2,2031-04-01 00:00:00,0.25112104077230885
3822,21,2,2032-04-01 00:00:00,0.2643459844720377
3823,21,2,2033-04-01 00:00:00,0.27741803864922643
3824,21,2,2034-04-01 00:00:00,0.2901843137813347
3825,21,2,2035-04-01 00:00:00,0.3028741441521728
3826,21,2,2036-04-01 00:00:00,0.3199213259154072
3827,21,2,2037-04-01 00:00:00,0.33589828102086
3828,21,2,2038-04-01 00:00:00,0.3523339046939335
3829,21,2,2039-04-01 00:00:00,0.3646415112584211
3830,21,2,2040-04-01 00:00:00,0.3779428997194201
3831,21,2,2041-04-01 00:00:00,0.39369052054106257
3832,21,2,2042-04-01 00:00:00,0.40989680993032573
3833,21,2,2043-04-01 00:00:00,0.42465064885545684
3834,21,2,2044-04-01 00:00:00,0.4368818106586743
3835,21,2,2045-04-01 00:00:00,0.44773696675902985
3836,21,2,2046-04-01 00:00:00,0.46019746284605767
3837,21,2,2047-04-01 00:00:00,0.47518063605499905
3838,21,2,2048-04-01 00:00:00,0.4889406930836187
3839,21,2,2049-04-01 00:00:00,0.5018598577382672
3840,21,2,2050-04-01 00:00:00,0.5133265719287836
3841,21,2,2051-04-01 00:00:00,0.5173016995148293
3842,21,2,2052-04-01 00:00:00,0.5284626346602651
3843,21,2,2053-04-01 00:00:00,0.5396235698057011
3844,21,2,2054-04-01 00:00:00,0.5500200573384361
3845,21,3,2023-11-01 00:00:00,0.16833136431678056
3846,21,3,2024-11-01 00:00:00,0.18843633653081926
3847,21,3,2025-11-01 00:00:00,0.20976442492517977
3848,21,3,2026-11-01 00:00:00,0.23124540284208045
3849,21,3,2027-11-01 00:00:00,0.25364371789422246
3850,21,3,2028-11-01 00:00:00,0.27994071577114005
3851,21,3,2029-11-01 00:00:00,0.309983506950293
3852,21,3,2030-11-01 00:00:00,0.3418609723999285
3853,21,3,2031-11-01 00:00:00,0.37320332452067334
3854,21,3,2032-11-01 00:00:00,0.40248166808712516
3855,21,3,2033-11-01 00:00:00,0.4321422354599276
3856,21,3,2034-11-01 00:00:00,0.4634081428194022
3857,21,3,2035-11-01 00:00:00,0.49696739301698023
3858,21,3,2036-11-01 00:00:00,0.5302973089307479
3859,21,3,2037-11-01 00:00:00,0.5635507800832453
3860,21,3,2038-11-01 00:00:00,0.5955811350554211
3861,21,3,2039-11-01 00:00:00,0.6268470424148957
3862,21,3,2040-11-01 00:00:00,0.6607885164188243
3863,21,3,2041-11-01 00:00:00,0.6950357694678333
3864,21,3,2042-11-01 00:00:00,0.729130132994302
3865,21,3,2043-11-01 00:00:00,0.7619249355791788
3866,21,3,2044-11-01 00:00:00,0.7899037182040388
3867,21,3,2045-11-01 00:00:00,0.8191056170092206
3868,21,3,2046-11-01 00:00:00,0.8493777424721838
3869,21,3,2047-11-01 00:00:00,0.8788089755611758
3870,21,3,2048-11-01 00:00:00,0.9068642029473059
3871,21,3,2049-11-01 00:00:00,0.9357603227074072
3872,21,3,2050-11-01 00:00:00,0.9438634674020389
3873,21,3,2051-11-01 00:00:00,0.9612928729716237
3874,21,3,2052-11-01 00:00:00,0.9839205223075761
3875,21,3,2053-11-01 00:00:00,1.0057072792695572
3876,21,3,2024-04-01 00:00:00,0.16833136431678056
3877,21,3,2025-04-01 00:00:00,0.19179990602670408
3878,21,3,2026-04-01 00:00:00,0.21649156391694938
3879,21,3,2027-04-01 00:00:00,0.24049521895576367
3880,21,3,2028-04-01 00:00:00,0.26748021968411223
3881,21,3,2029-04-01 00:00:00,0.29920479561120755
3882,21,3,2030-04-01 00:00:00,0.33559250197577956
3883,21,3,2031-04-01 00:00:00,0.37442644070099507
3884,21,3,2032-04-01 00:00:00,0.41226659752969913
3885,21,3,2033-04-01 00:00:00,0.4466667401012483
3886,21,3,2034-04-01 00:00:00,0.47984376649247573
3887,21,3,2035-04-01 00:00:00,0.5173781442760994
3888,21,3,2036-04-01 00:00:00,0.5594227629746595
3889,21,3,2037-04-01 00:00:00,0.5994033731189266
3890,21,3,2038-04-01 00:00:00,0.6385430908892226
3891,21,3,2039-04-01 00:00:00,0.6750836867763348
3892,21,3,2040-04-01 00:00:00,0.7112420588570965
3893,21,3,2041-04-01 00:00:00,0.7519106718527945
3894,21,3,2042-04-01 00:00:00,0.7940317353126247
3895,21,3,2043-04-01 00:00:00,0.8356176854435642
3896,21,3,2044-04-01 00:00:00,0.8720053918081361
3897,21,3,2045-04-01 00:00:00,0.90265974107745
3898,21,3,2046-04-01 00:00:00,0.9359132122299475
3899,21,3,2047-04-01 00:00:00,0.9717658052656287
3900,21,3,2048-04-01 00:00:00,1.0074655087787696
3901,21,3,2049-04-01 00:00:00,1.0437003256208015
3902,21,3,2050-04-01 00:00:00,1.0778711339085403
3903,21,3,2051-04-01 00:00:00,1.085209830990471
3904,21,3,2052-04-01 00:00:00,1.1073788117588026
3905,21,3,2053-04-01 00:00:00,1.1330642515455591
3906,21,3,2054-04-01 00:00:00,1.158826136093586
3907,22,1,2023-11-01 00:00:00,0.24561701796086097
3908,22,1,2024-11-01 00:00:00,0.24867480841166537
3909,22,1,2025-11-01 00:00:00,0.2504330379208779
3910,22,1,2026-11-01 00:00:00,0.25494327883581436
3911,22,1,2027-11-01 00:00:00,0.25830684833169915
3912,22,1,2028-11-01 00:00:00,0.262434865440285
3913,22,1,2029-11-01 00:00:00,0.24729880270880342
3914,22,1,2030-11-01 00:00:00,0.25249704647517085
3915,22,1,2031-11-01 00:00:00,0.2563192845386763
3916,22,1,2032-11-01 00:00:00,0.2599886330796416
3917,22,1,2033-11-01 00:00:00,0.2647282082783883
3918,22,1,2034-11-01 00:00:00,0.2698500072834856
3919,22,1,2035-11-01 00:00:00,0.2753540300949335
3920,22,1,2036-11-01 00:00:00,0.28154605575781233
3921,22,1,2037-11-01 00:00:00,0.2853682938213178
3922,22,1,2038-11-01 00:00:00,0.28957275569117386
3923,22,1,2039-11-01 00:00:00,0.2956883365927825
3924,22,1,2040-11-01 00:00:00,0.2992047956112075
3925,22,1,2041-11-01 00:00:00,0.3016510279718511
3926,22,1,2042-11-01 00:00:00,0.3048617079451956
3927,22,1,2043-11-01 00:00:00,0.30776660887345975
3928,22,1,2044-11-01 00:00:00,0.30975417266648264
3929,22,1,2045-11-01 00:00:00,0.31220040502712615
3930,22,1,2046-11-01 00:00:00,0.3158697535680913
3931,22,1,2047-11-01 00:00:00,0.3181630964061947
3932,22,1,2048-11-01 00:00:00,0.32618979633955614
3933,22,1,2049-11-01 00:00:00,0.3326111562862453
3934,22,1,2050-11-01 00:00:00,0.3394911848005551
3935,22,1,2051-11-01 00:00:00,0.3409436352646872
3936,22,1,2052-11-01 00:00:00,0.34545387617962364
3937,22,1,2053-11-01 00:00:00,0.3490467799593188
3938,22,1,2024-04-01 00:00:00,0.24561701796086097
3939,22,1,2025-04-01 00:00:00,0.2473752474700735
3940,22,1,2026-04-01 00:00:00,0.2489041426954757
3941,22,1,2027-04-01 00:00:00,0.2522677121913605
3942,22,1,2028-04-01 00:00:00,0.25601350549359586
3943,22,1,2029-04-01 00:00:00,0.24477612558688977
3944,22,1,2030-04-01 00:00:00,0.24271211703259682
3945,22,1,2031-04-01 00:00:00,0.24798680556023436
3946,22,1,2032-04-01 00:00:00,0.25180904362373985
3947,22,1,2033-04-01 00:00:00,0.25616639501613603
3948,22,1,2034-04-01 00:00:00,0.26098241497615293
3949,22,1,2035-04-01 00:00:00,0.26648643778760084
3950,22,1,2036-04-01 00:00:00,0.27290779773429
3951,22,1,2037-04-01 00:00:00,0.2797878262485998
3952,22,1,2038-04-01 00:00:00,0.2845274014473466
3953,22,1,2039-04-01 00:00:00,0.2886554185559325
3954,22,1,2040-04-01 00:00:00,0.29469455469627115
3955,22,1,2041-04-01 00:00:00,0.29775234514707555
3956,22,1,2042-04-01 00:00:00,0.30088658035914995
3957,22,1,2043-04-01 00:00:00,0.30455592890011524
3958,22,1,2044-04-01 00:00:00,0.30730794030583913
3959,22,1,2045-04-01 00:00:00,0.3083781669636207
3960,22,1,2046-04-01 00:00:00,0.3109772888468044
3961,22,1,2047-04-01 00:00:00,0.3152581954779305
3962,22,1,2048-04-01 00:00:00,0.3182395411674647
3963,22,1,2049-04-01 00:00:00,0.3291711420290903
3964,22,1,2050-04-01 00:00:00,0.3366627286335611
3965,22,1,2051-04-01 00:00:00,0.34354275714787097
3966,22,1,2052-04-01 00:00:00,0.34629476855359487
3967,22,1,2053-04-01 00:00:00,0.35042278566218077
3968,22,1,2054-04-01 00:00:00,0.3542450237256863
3969,22,2,2023-11-01 00:00:00,0.24561701796086097
3970,22,2,2024-11-01 00:00:00,0.2584597378542393
3971,22,2,2025-11-01 00:00:00,0.2706908996574568
3972,22,2,2026-11-01 00:00:00,0.28460384620861673
3973,22,2,2027-11-01 00:00:00,0.2969114527731042
3974,22,2,2028-11-01 00:00:00,0.3115888469369653
3975,22,2,2029-11-01 00:00:00,0.32771869156495836
3976,22,2,2030-11-01 00:00:00,0.3436192019091411
3977,22,2,2031-11-01 00:00:00,0.3588317094018928
3978,22,2,2032-11-01 00:00:00,0.37442644070099507
3979,22,2,2033-11-01 00:00:00,0.3903269510451778
3980,22,2,2034-11-01 00:00:00,0.4054630137766594
3981,22,2,2035-11-01 00:00:00,0.4238862012427557
3982,22,2,2036-11-01 00:00:00,0.4427680572764727
3983,22,2,2037-11-01 00:00:00,0.461879247594
3984,22,2,2038-11-01 00:00:00,0.4777033131769126
3985,22,2,2039-11-01 00:00:00,0.4936802682823656
3986,22,2,2040-11-01 00:00:00,0.5117976767033814
3987,22,2,2041-11-01 00:00:00,0.5293035270342363
3988,22,2,2042-11-01 00:00:00,0.5460449297523903
3989,22,2,2043-11-01 00:00:00,0.5616396610514925
3990,22,2,2044-11-01 00:00:00,0.5744059361836007
3991,22,2,2045-11-01 00:00:00,0.588548217018571
3992,22,2,2046-11-01 00:00:00,0.6047545064078343
3993,22,2,2047-11-01 00:00:00,0.6198905691393158
3994,22,2,2048-11-01 00:00:00,0.6344150737806367
3995,22,2,2049-11-01 00:00:00,0.647945796525446
3996,22,2,2050-11-01 00:00:00,0.6547493802784856
3997,22,2,2051-11-01 00:00:00,0.6668276525591629
3998,22,2,2052-11-01 00:00:00,0.6818108257681044
3999,22,2,2053-11-01 00:00:00,0.6943477666164021
4000,22,2,2024-04-01 00:00:00,0.24561701796086097
4001,22,2,2025-04-01 00:00:00,0.26098241497615293
4002,22,2,2026-04-01 00:00:00,0.2760420329463645
4003,22,2,2027-04-01 00:00:00,0.29224832233562764
4004,22,2,2028-04-01 00:00:00,0.3082252774410805
4005,22,2,2029-04-01 00:00:00,0.3265720201459067
4006,22,2,2030-04-01 00:00:00,0.34660054759867526
4007,22,2,2031-04-01 00:00:00,0.36647618552890376
4008,22,2,2032-04-01 00:00:00,0.3857402653689713
4009,22,2,2033-04-01 00:00:00,0.4046985661639584
4010,22,2,2034-04-01 00:00:00,0.42342753267513505
4011,22,2,2035-04-01 00:00:00,0.44185072014123145
4012,22,2,2036-04-01 00:00:00,0.46669526755401697
4013,22,2,2037-04-01 00:00:00,0.4901638092639405
4014,22,2,2038-04-01 00:00:00,0.5140145747802145
4015,22,2,2039-04-01 00:00:00,0.5319790936786902
4016,22,2,2040-04-01 00:00:00,0.5515489525638382
4017,22,2,2041-04-01 00:00:00,0.574482380944871
4018,22,2,2042-04-01 00:00:00,0.5981802569386048
4019,22,2,2043-04-01 00:00:00,0.6195847900942354
4020,22,2,2044-04-01 00:00:00,0.6374728642314409
4021,22,2,2045-04-01 00:00:00,0.6532969298143536
4022,22,2,2046-04-01 00:00:00,0.6714907829966394
4023,22,2,2047-04-01 00:00:00,0.693430429481161
4024,22,2,2048-04-01 00:00:00,0.7134589569339295
4025,22,2,2049-04-01 00:00:00,0.7322643682063764
4026,22,2,2050-04-01 00:00:00,0.7490057709245302
4027,22,2,2051-04-01 00:00:00,0.7547391280197886
4028,22,2,2052-04-01 00:00:00,0.771098306931592
4029,22,2,2053-04-01 00:00:00,0.7873810410821251
4030,22,2,2054-04-01 00:00:00,0.8025171038136069
4031,22,3,2023-11-01 00:00:00,0.24561701796086097
4032,22,3,2024-11-01 00:00:00,0.27489536152731286
4033,22,3,2025-11-01 00:00:00,0.3060083793642473
4034,22,3,2026-11-01 00:00:00,0.33735073148499206
4035,22,3,2027-11-01 00:00:00,0.3701455340698689
4036,22,3,2028-11-01 00:00:00,0.4083679147049236
4037,22,3,2029-11-01 00:00:00,0.4523236524352364
4038,22,3,2030-11-01 00:00:00,0.49887851204873296
4039,22,3,2031-11-01 00:00:00,0.544516034526988
4040,22,3,2032-11-01 00:00:00,0.5873251008382492
4041,22,3,2033-11-01 00:00:00,0.6305928357171312
4042,22,3,2034-11-01 00:00:00,0.6761539134341161
4043,22,3,2035-11-01 00:00:00,0.7251550054082563
4044,22,3,2036-11-01 00:00:00,0.7738503183373158
4045,22,3,2037-11-01 00:00:00,0.8223927417438354
4046,22,3,2038-11-01 00:00:00,0.869024046118602
4047,22,3,2039-11-01 00:00:00,0.9145851238355869
4048,22,3,2040-11-01 00:00:00,0.9641213291386178
4049,22,3,2041-11-01 00:00:00,1.0141162030092694
4050,22,3,2042-11-01 00:00:00,1.0639581873573805
4051,22,3,2043-11-01 00:00:00,1.1117361631511988
4052,22,3,2044-11-01 00:00:00,1.152557665669437
4053,22,3,2045-11-01 00:00:00,1.195213842458158
4054,22,3,2046-11-01 00:00:00,1.2394753592335512
4055,22,3,2047-11-01 00:00:00,1.2823608703060825
4056,22,3,2048-11-01 00:00:00,1.323182372824321
4057,22,3,2049-11-01 00:00:00,1.3654563258066912
4058,22,3,2050-11-01 00:00:00,1.377228819042288
4059,22,3,2051-11-01 00:00:00,1.4026849245452346
4060,22,3,2052-11-01 00:00:00,1.4357090614139214
4061,22,3,2053-11-01 00:00:00,1.4673571925797468
4062,22,3,2024-04-01 00:00:00,0.24561701796086097
4063,22,3,2025-04-01 00:00:00,0.27986427100986994
4064,22,3,2026-04-01 00:00:00,0.3157933088068212
4065,22,3,2027-04-01 00:00:00,0.3510343437523416
4066,22,3,2028-04-01 00:00:00,0.39032695104517773
4067,22,3,2029-04-01 00:00:00,0.4364995868523237
4068,22,3,2030-04-01 00:00:00,0.48962869593504976
4069,22,3,2031-04-01 00:00:00,0.5462742640362007
4070,22,3,2032-04-01 00:00:00,0.6016202711957597
4071,22,3,2033-04-01 00:00:00,0.6518444793502214
4072,22,3,2034-04-01 00:00:00,0.7000811237116603
4073,22,3,2035-04-01 00:00:00,0.7549684623035988
4074,22,3,2036-04-01 00:00:00,0.8162771608422265
4075,22,3,2037-04-01 00:00:00,0.8746045136913199
4076,22,3,2038-04-01 00:00:00,0.9317851951213615
4077,22,3,2039-04-01 00:00:00,0.9849907489653575
4078,22,3,2040-04-01 00:00:00,1.037737634241733
4079,22,3,2041-04-01 00:00:00,1.0971352137486077
4080,22,3,2042-04-01 00:00:00,1.1585203570485054
4081,22,3,2043-04-01 00:00:00,1.2192939422582425
4082,22,3,2044-04-01 00:00:00,1.2724230513409682
4083,22,3,2045-04-01 00:00:00,1.3170667919227124
4084,22,3,2046-04-01 00:00:00,1.3656092153292314
4085,22,3,2047-04-01 00:00:00,1.4180503215605265
4086,22,3,2048-04-01 00:00:00,1.4700327592242006
4087,22,3,2049-04-01 00:00:00,1.5228560892618463
4088,22,3,2050-04-01 00:00:00,1.5728509631324976
4089,22,3,2051-04-01 00:00:00,1.5834003401877725
4090,22,3,2052-04-01 00:00:00,1.615889363727569
4091,22,3,2053-04-01 00:00:00,1.6533472967499228
4092,22,3,2054-04-01 00:00:00,1.690881674533546
4093,23,1,2023-11-01 00:00:00,0.7469417623702375
4094,23,1,2024-11-01 00:00:00,0.7562680232451908
4095,23,1,2025-11-01 00:00:00,0.7616191565340984
4096,23,1,2026-11-01 00:00:00,0.7752263240401779
4097,23,1,2027-11-01 00:00:00,0.7853934772891025
4098,23,1,2028-11-01 00:00:00,0.7980068628986705
4099,23,1,2029-11-01 00:00:00,0.7520635613753347
4100,23,1,2030-11-01 00:00:00,0.7678876269582473
4101,23,1,2031-11-01 00:00:00,0.7795072306713039
4102,23,1,2032-11-01 00:00:00,0.7907446105780099
4103,23,1,2033-11-01 00:00:00,0.8049633361742503
4104,23,1,2034-11-01 00:00:00,0.8206345122346227
4105,23,1,2035-11-01 00:00:00,0.8374523597140466
4106,23,1,2036-11-01 00:00:00,0.8561048814639535
4107,23,1,2037-11-01 00:00:00,0.8678773746995502
4108,23,1,2038-11-01 00:00:00,0.8805672050703883
4109,23,1,2039-11-01 00:00:00,0.8992197268202949
4110,23,1,2040-11-01 00:00:00,0.9098455486368402
4111,23,1,2041-11-01 00:00:00,0.9174135800025811
4112,23,1,2042-11-01 00:00:00,0.9272749542064253
4113,23,1,2043-11-01 00:00:00,0.9359132122299475
4114,23,1,2044-11-01 00:00:00,0.9417994588477457
4115,23,1,2045-11-01 00:00:00,0.9493674902134868
4116,23,1,2046-11-01 00:00:00,0.9603755358363824
4117,23,1,2047-11-01 00:00:00,0.9674084538732325
4118,23,1,2048-11-01 00:00:00,0.9920236670022075
4119,23,1,2049-11-01 00:00:00,1.0115170811260854
4120,23,1,2050-11-01 00:00:00,1.0324629457140955
4121,23,1,2051-11-01 00:00:00,1.0368202971064917
4122,23,1,2052-11-01 00:00:00,1.050427464612571
4123,23,1,2053-11-01 00:00:00,1.0615119549967371
4124,23,1,2024-04-01 00:00:00,0.7469417623702375
4125,23,1,2025-04-01 00:00:00,0.7523693404204153
4126,23,1,2026-04-01 00:00:00,0.7568795813353515
4127,23,1,2027-04-01 00:00:00,0.7670467345842761
4128,23,1,2028-04-01 00:00:00,0.7786663382973328
4129,23,1,2029-04-01 00:00:00,0.7443426404870537
4130,23,1,2030-04-01 00:00:00,0.7380741700629048
4131,23,1,2031-04-01 00:00:00,0.754356904213438
4132,23,1,2032-04-01 00:00:00,0.7657471736426844
4133,23,1,2033-04-01 00:00:00,0.7788956725811432
4134,23,1,2034-04-01 00:00:00,0.7937259562675444
4135,23,1,2035-04-01 00:00:00,0.8105438037469683
4136,23,1,2036-04-01 00:00:00,0.829960773109576
4137,23,1,2037-04-01 00:00:00,0.8507537481750457
4138,23,1,2038-04-01 00:00:00,0.8653546975776367
4139,23,1,2039-04-01 00:00:00,0.8778916384259344
4140,23,1,2040-04-01 00:00:00,0.896467715414571
4141,23,1,2041-04-01 00:00:00,0.9056410867669842
4142,23,1,2042-04-01 00:00:00,0.9151202371644778
4143,23,1,2043-04-01 00:00:00,0.9262047275486436
4144,23,1,2044-04-01 00:00:00,0.9343078722432753
4145,23,1,2045-04-01 00:00:00,0.9376714417391598
4146,23,1,2046-04-01 00:00:00,0.9456981416725215
4147,23,1,2047-04-01 00:00:00,0.95869375108844
4148,23,1,2048-04-01 00:00:00,0.9678671224408533
4149,23,1,2049-04-01 00:00:00,1.0011205935933507
4150,23,1,2050-04-01 00:00:00,1.0238246876905732
4151,23,1,2051-04-01 00:00:00,1.0445412179947726
4152,23,1,2052-04-01 00:00:00,1.053179476018295
4153,23,1,2053-04-01 00:00:00,1.0655635273440527
4154,23,1,2054-04-01 00:00:00,1.0771066862958392
4155,23,2,2023-11-01 00:00:00,0.7469417623702375
4156,23,2,2024-11-01 00:00:00,0.7860814801405335
4157,23,2,2025-11-01 00:00:00,0.8230042998339961
4158,23,2,2026-11-01 00:00:00,0.8653546975776365
4159,23,2,2027-11-01 00:00:00,0.9029655201225305
4160,23,2,2028-11-01 00:00:00,0.9476857054655442
4161,23,2,2029-11-01 00:00:00,0.9966867974396842
4162,23,2,2030-11-01 00:00:00,1.0449998865623933
4163,23,2,2031-11-01 00:00:00,1.0914783014146199
4164,23,2,2032-11-01 00:00:00,1.1387211638795471
4165,23,2,2033-11-01 00:00:00,1.1871871425247966
4166,23,2,2034-11-01 00:00:00,1.232977554525592
4167,23,2,2035-11-01 00:00:00,1.2892408988203927
4168,23,2,2036-11-01 00:00:00,1.346421580250434
4169,23,2,2037-11-01 00:00:00,1.4045195988157173
4170,23,2,2038-11-01 00:00:00,1.4529091326996963
4171,23,2,2039-11-01 00:00:00,1.5013751113449456
4172,23,2,2040-11-01 00:00:00,1.5564917842206942
4173,23,2,2041-11-01 00:00:00,1.6095444485421502
4174,23,2,2042-11-01 00:00:00,1.6604566595480428
4175,23,2,2043-11-01 00:00:00,1.7079288562967807
4176,23,2,2044-11-01 00:00:00,1.7466099054994562
4177,23,2,2045-11-01 00:00:00,1.789954085139608
4178,23,2,2046-11-01 00:00:00,1.8391845113975582
4179,23,2,2047-11-01 00:00:00,1.885127812920894
4180,23,2,2048-11-01 00:00:00,1.9294657744575572
4181,23,2,2049-11-01 00:00:00,1.970669500782146
4182,23,2,2050-11-01 00:00:00,1.9912331415638056
4183,23,2,2051-11-01 00:00:00,2.0277737374509175
4184,23,2,2052-11-01 00:00:00,2.0733348151679025
4185,23,2,2053-11-01 00:00:00,2.1114043062804173
4186,23,2,2024-04-01 00:00:00,0.7469417623702375
4187,23,2,2025-04-01 00:00:00,0.793496621983734
4188,23,2,2026-04-01 00:00:00,0.8392870339845293
4189,23,2,2027-04-01 00:00:00,0.8886703497650199
4190,23,2,2028-04-01 00:00:00,0.9373656626940795
4191,23,2,2029-04-01 00:00:00,0.9930174488987189
4192,23,2,2030-04-01 00:00:00,1.0539439236309962
4193,23,2,2031-04-01 00:00:00,1.1144117297956524
4194,23,2,2032-04-01 00:00:00,1.1729684169285561
4195,23,2,2033-04-01 00:00:00,1.230913545971299
4196,23,2,2034-04-01 00:00:00,1.2877120035949903
4197,23,2,2035-04-01 00:00:00,1.3438989031285207
4198,23,2,2036-04-01 00:00:00,1.4195027720246582
4199,23,2,2037-04-01 00:00:00,1.4905964000058602
4200,23,2,2038-04-01 00:00:00,1.563295367973734
4201,23,2,2039-04-01 00:00:00,1.617876927520592
4202,23,2,2040-04-01 00:00:00,1.6771980622661968
4203,23,2,2041-04-01 00:00:00,1.7470685740670766
4204,23,2,2042-04-01 00:00:00,1.8189266496609793
4205,23,2,2043-04-01 00:00:00,1.8842869205469226
4206,23,2,2044-04-01 00:00:00,1.9385627010487003
4207,23,2,2045-04-01 00:00:00,1.986722900648869
4208,23,2,2046-04-01 00:00:00,2.042068907808428
4209,23,2,2047-04-01 00:00:00,2.1085758501134233
4210,23,2,2048-04-01 00:00:00,2.169731659129511
4211,23,2,2049-04-01 00:00:00,2.2269887853208226
4212,23,2,2050-04-01 00:00:00,2.277824551565445
4213,23,2,2051-04-01 00:00:00,2.2953304018963
4214,23,2,2052-04-01 00:00:00,2.344943051960601
4215,23,2,2053-04-01 00:00:00,2.3944028125023618
4216,23,2,2054-04-01 00:00:00,2.4404990035482377
4217,23,3,2023-11-01 00:00:00,0.7469417623702375
4218,23,3,2024-11-01 00:00:00,0.8360763540111847
4219,23,3,2025-11-01 00:00:00,0.93063852370231
4220,23,3,2026-11-01 00:00:00,1.0260415857674063
4221,23,3,2027-11-01 00:00:00,1.1255726649410887
4222,23,3,2028-11-01 00:00:00,1.242074481116735
4223,23,3,2029-11-01 00:00:00,1.3756234790556159
4224,23,3,2030-11-01 00:00:00,1.5171227321665879
4225,23,3,2031-11-01 00:00:00,1.6559464186331065
4226,23,3,2032-11-01 00:00:00,1.7859789575535625
4227,23,3,2033-11-01 00:00:00,1.9176932812219603
4228,23,3,2034-11-01 00:00:00,2.0562111886433985
4229,23,3,2035-11-01 00:00:00,2.2053549178813814
4230,23,3,2036-11-01 00:00:00,2.353199086177773
4231,23,3,2037-11-01 00:00:00,2.5007374754290836
4232,23,3,2038-11-01 00:00:00,2.642771841868946
4233,23,3,2039-11-01 00:00:00,2.781442638812925
4234,23,3,2040-11-01 00:00:00,2.93196237375377
4235,23,3,2041-11-01 00:00:00,3.0839345591587466
4236,23,3,2042-11-01 00:00:00,3.235524520757373
4237,23,3,2043-11-01 00:00:00,3.380846011931851
4238,23,3,2044-11-01 00:00:00,3.505068748995779
4239,23,3,2045-11-01 00:00:00,3.634642619348614
4240,23,3,2046-11-01 00:00:00,3.7691089544227356
4241,23,3,2047-11-01 00:00:00,3.899600161910813
4242,23,3,2048-11-01 00:00:00,4.02389934373601
4243,23,3,2049-11-01 00:00:00,4.152326542669794
4244,23,3,2050-11-01 00:00:00,4.188255580466745
4245,23,3,2051-11-01 00:00:00,4.265694123633366
4246,23,3,2052-11-01 00:00:00,4.365989650419749
4247,23,3,2053-11-01 00:00:00,4.462539383903897
4248,23,3,2024-04-01 00:00:00,0.7469417623702375
4249,23,3,2025-04-01 00:00:00,0.8511359719813962
4250,23,3,2026-04-01 00:00:00,0.9604519805976526
4251,23,3,2027-04-01 00:00:00,1.0672453120919951
4252,23,3,2028-04-01 00:00:00,1.186957808240986
4253,23,3,2029-04-01 00:00:00,1.3276161689779873
4254,23,3,2030-04-01 00:00:00,1.488991060019188
4255,23,3,2031-04-01 00:00:00,1.6613739966832841
4256,23,3,2032-04-01 00:00:00,1.8294760267162544
4257,23,3,2033-04-01 00:00:00,1.9821362149726627
4258,23,3,2034-04-01 00:00:00,2.1291394908950823
4259,23,3,2035-04-01 00:00:00,2.295941959986461
4260,23,3,2036-04-01 00:00:00,2.4823142879629874
4261,23,3,2037-04-01 00:00:00,2.659666134109641
4262,23,3,2038-04-01 00:00:00,2.83350152123787
4263,23,3,2039-04-01 00:00:00,2.995487970369231
4264,23,3,2040-04-01 00:00:00,3.1559455242751904
4265,23,3,2041-04-01 00:00:00,3.3365844951564583
4266,23,3,2042-04-01 00:00:00,3.5233390469393355
4267,23,3,2043-04-01 00:00:00,3.7078767006453788
4268,23,3,2044-04-01 00:00:00,3.86955737073166
4269,23,3,2045-04-01 00:00:00,4.005399711508644
4270,23,3,2046-04-01 00:00:00,4.152938100759955
4271,23,3,2047-04-01 00:00:00,4.3121725384855925
4272,23,3,2048-04-01 00:00:00,4.470489639075988
4273,23,3,2049-04-01 00:00:00,4.631252972027029
4274,23,3,2050-04-01 00:00:00,4.782995823148195
4275,23,3,2051-04-01 00:00:00,4.815255512404182
4276,23,3,2052-04-01 00:00:00,4.913869254442622
4277,23,3,2053-04-01 00:00:00,5.027924838257626
4278,23,3,2054-04-01 00:00:00,5.142133311595169
4279,24,1,2023-11-01 00:00:00,0.28483318049242695
4280,24,1,2024-11-01 00:00:00,0.2883496395108521
4281,24,1,2025-11-01 00:00:00,0.2904136480651451
4282,24,1,2026-11-01 00:00:00,0.2956883365927824
4283,24,1,2027-11-01 00:00:00,0.29951057465628805
4284,24,1,2028-11-01 00:00:00,0.3042501498550347
4285,24,1,2029-11-01 00:00:00,0.2867442995241797
4286,24,1,2030-11-01 00:00:00,0.29285988042578853
4287,24,1,2031-11-01 00:00:00,0.29721723181818493
4288,24,1,2032-11-01 00:00:00,0.30149813844931084
4289,24,1,2033-11-01 00:00:00,0.3070021612607587
4290,24,1,2034-11-01 00:00:00,0.3129648526398272
4291,24,1,2035-11-01 00:00:00,0.3193097678252464
4292,24,1,2036-11-01 00:00:00,0.32649557538463664
4293,24,1,2037-11-01 00:00:00,0.33092937153830304
4294,24,1,2038-11-01 00:00:00,0.33582183625958995
4295,24,1,2039-11-01 00:00:00,0.3429311990577102
4296,24,1,2040-11-01 00:00:00,0.346982771405026
4297,24,1,2041-11-01 00:00:00,0.3498112275720198
4298,24,1,2042-11-01 00:00:00,0.3536334656355253
4299,24,1,2043-11-01 00:00:00,0.35684414560887
4300,24,1,2044-11-01 00:00:00,0.35913748844697335
4301,24,1,2045-11-01 00:00:00,0.36204238937523725
4302,24,1,2046-11-01 00:00:00,0.3662468512450934
4303,24,1,2047-11-01 00:00:00,0.3689988626508174
4304,24,1,2048-11-01 00:00:00,0.37824867876450047
4305,24,1,2049-11-01 00:00:00,0.38566382060770127
4306,24,1,2050-11-01 00:00:00,0.3936905205410628
4307,24,1,2051-11-01 00:00:00,0.39537230528900497
4308,24,1,2052-11-01 00:00:00,0.4005705490553727
4309,24,1,2053-11-01 00:00:00,0.40477501092522833
4310,24,1,2024-04-01 00:00:00,0.28483318049242695
4311,24,1,2025-04-01 00:00:00,0.28689718904672
4312,24,1,2026-04-01 00:00:00,0.2886554185559324
4313,24,1,2027-04-01 00:00:00,0.29255410138070814
4314,24,1,2028-04-01 00:00:00,0.2969878975343744
4315,24,1,2029-04-01 00:00:00,0.28383939859591556
4316,24,1,2030-04-01 00:00:00,0.28146961099654216
4317,24,1,2031-04-01 00:00:00,0.287661636659421
4318,24,1,2032-04-01 00:00:00,0.2919425432905472
4319,24,1,2033-04-01 00:00:00,0.2969878975343744
4320,24,1,2034-04-01 00:00:00,0.3026448098683625
4321,24,1,2035-04-01 00:00:00,0.30914261457632175
4322,24,1,2036-04-01 00:00:00,0.3164813116582521
4323,24,1,2037-04-01 00:00:00,0.32443156683034363
4324,24,1,2038-04-01 00:00:00,0.3300120344030615
4325,24,1,2039-04-01 00:00:00,0.33475160960180855
4326,24,1,2040-04-01 00:00:00,0.34178452763865846
4327,24,1,2041-04-01 00:00:00,0.3453774314183536
4328,24,1,2042-04-01 00:00:00,0.34897033519804854
4329,24,1,2043-04-01 00:00:00,0.3531747970679046
4330,24,1,2044-04-01 00:00:00,0.35630903227997907
4331,24,1,2045-04-01 00:00:00,0.35760859322157107
4332,24,1,2046-04-01 00:00:00,0.36066638367237525
4333,24,1,2047-04-01 00:00:00,0.3655588483936623
4334,24,1,2048-04-01 00:00:00,0.36907530741208744
4335,24,1,2049-04-01 00:00:00,0.38176513778292553
4336,24,1,2050-04-01 00:00:00,0.39040339580644806
4337,24,1,2051-04-01 00:00:00,0.3982772062172693
4338,24,1,2052-04-01 00:00:00,0.4016407757131541
4339,24,1,2053-04-01 00:00:00,0.4063039061506309
4340,24,1,2054-04-01 00:00:00,0.41073770230429707
4341,24,2,2023-11-01 00:00:00,0.28483318049242695
4342,24,2,2024-11-01 00:00:00,0.2997399089400984
4343,24,2,2025-11-01 00:00:00,0.3138821897750683
4344,24,2,2026-11-01 00:00:00,0.3300120344030617
4345,24,2,2027-11-01 00:00:00,0.34438364952184203
4346,24,2,2028-11-01 00:00:00,0.36135438652380647
4347,24,2,2029-11-01 00:00:00,0.3800069082737131
4348,24,2,2030-11-01 00:00:00,0.39850654050107925
4349,24,2,2031-11-01 00:00:00,0.4161652803544745
4350,24,2,2032-11-01 00:00:00,0.43428268877549064
4351,24,2,2033-11-01 00:00:00,0.45262943148031665
4352,24,2,2034-11-01 00:00:00,0.4701352818111718
4353,24,2,2035-11-01 00:00:00,0.4916927044893426
4354,24,2,2036-11-01 00:00:00,0.513479461451324
4355,24,2,2037-11-01 00:00:00,0.5355719974583854
4356,24,2,2038-11-01 00:00:00,0.5539951849244819
4357,24,2,2039-11-01 00:00:00,0.572571261913118
4358,24,2,2040-11-01 00:00:00,0.5935935712623985
4359,24,2,2041-11-01 00:00:00,0.6137749882377068
4360,24,2,2042-11-01 00:00:00,0.6331919576003152
4361,24,2,2043-11-01 00:00:00,0.6512329212600606
4362,24,2,2044-11-01 00:00:00,0.6660632049464618
4363,24,2,2045-11-01 00:00:00,0.6825752733808051
4364,24,2,2046-11-01 00:00:00,0.7013042398919822
4365,24,2,2047-11-01 00:00:00,0.7188100902228375
4366,24,2,2048-11-01 00:00:00,0.7357808272248014
4367,24,2,2049-11-01 00:00:00,0.7514520032851739
4368,24,2,2050-11-01 00:00:00,0.7592493689347249
4369,24,2,2051-11-01 00:00:00,0.7733152050084249
4370,24,2,2052-11-01 00:00:00,0.7905917210554704
4371,24,2,2053-11-01 00:00:00,0.805116225696791
4372,24,2,2024-04-01 00:00:00,0.28483318049242695
4373,24,2,2025-04-01 00:00:00,0.3025683651070923
4374,24,2,2026-04-01 00:00:00,0.3199977706766774
4375,24,2,2027-04-01 00:00:00,0.3388796267103941
4376,24,2,2028-04-01 00:00:00,0.35745570369903096
4377,24,2,2029-04-01 00:00:00,0.3786309025708511
4378,24,2,2030-04-01 00:00:00,0.4019465547582345
4379,24,2,2031-04-01 00:00:00,0.4249564279005375
4380,24,2,2032-04-01 00:00:00,0.44727829819140935
4381,24,2,2033-04-01 00:00:00,0.4693708341984706
4382,24,2,2034-04-01 00:00:00,0.4910811463991818
4383,24,2,2035-04-01 00:00:00,0.5124092347935421
4384,24,2,2036-04-01 00:00:00,0.5413053545536436
4385,24,2,2037-04-01 00:00:00,0.568366800043262
4386,24,2,2038-04-01 00:00:00,0.596116248384312
4387,24,2,2039-04-01 00:00:00,0.6169856682110515
4388,24,2,2040-04-01 00:00:00,0.6396133175470041
4389,24,2,2041-04-01 00:00:00,0.6661396497077319
4390,24,2,2042-04-01 00:00:00,0.6936597637649713
4391,24,2,2043-04-01 00:00:00,0.7185043111777568
4392,24,2,2044-04-01 00:00:00,0.7392208414819563
4393,24,2,2045-04-01 00:00:00,0.7575675841867824
4394,24,2,2046-04-01 00:00:00,0.7787427830586025
4395,24,2,2047-04-01 00:00:00,0.8040459990390091
4396,24,2,2048-04-01 00:00:00,0.8273616512263925
4397,24,2,2049-04-01 00:00:00,0.8492248529496438
4398,24,2,2050-04-01 00:00:00,0.8686418223122513
4399,24,2,2051-04-01 00:00:00,0.8752925165427504
4400,24,2,2052-04-01 00:00:00,0.894174372576468
4401,24,2,2053-04-01 00:00:00,0.9130562286101848
4402,24,2,2054-04-01 00:00:00,0.9307149684635796
4403,24,3,2023-11-01 00:00:00,0.28483318049242695
4404,24,3,2024-11-01 00:00:00,0.3188510992576257
4405,24,3,2025-11-01 00:00:00,0.354856581815847
4406,24,3,2026-11-01 00:00:00,0.39124428818041895
4407,24,3,2027-11-01 00:00:00,0.42923733453166346
4408,24,3,2028-11-01 00:00:00,0.47365174082959693
4409,24,3,2029-11-01 00:00:00,0.5245639518354897
4410,24,3,2030-11-01 00:00:00,0.5785339532921868
4411,24,3,2031-11-01 00:00:00,0.6314337280911021
4412,24,3,2032-11-01 00:00:00,0.681046378155403
4413,24,3,2033-11-01 00:00:00,0.7313470310711352
4414,24,3,2034-11-01 00:00:00,0.7841703611087805
4415,24,3,2035-11-01 00:00:00,0.8408923739712016
4416,24,3,2036-11-01 00:00:00,0.8973850525498127
4417,24,3,2037-11-01 00:00:00,0.9536483968446123
4418,24,3,2038-11-01 00:00:00,1.0077712878238505
4419,24,3,2039-11-01 00:00:00,1.0606710626227658
4420,24,3,2040-11-01 00:00:00,1.1180810783366177
4421,24,3,2041-11-01 00:00:00,1.1760262073793608
4422,24,3,2042-11-01 00:00:00,1.2338184468995639
4423,24,3,2043-11-01 00:00:00,1.2892408988203923
4424,24,3,2044-11-01 00:00:00,1.3366366508078602
4425,24,3,2045-11-01 00:00:00,1.3860199665883504
4426,24,3,2046-11-01 00:00:00,1.4373144014005947
4427,24,3,2047-11-01 00:00:00,1.487079940987435
4428,24,3,2048-11-01 00:00:00,1.534475692974903
4429,24,3,2049-11-01 00:00:00,1.5834003401877719
4430,24,3,2050-11-01 00:00:00,1.5970839524551228
4431,24,3,2051-11-01 00:00:00,1.6266680750666542
4432,24,3,2052-11-01 00:00:00,1.6648904557017097
4433,24,3,2053-11-01 00:00:00,1.7016603858726311
4434,24,3,2024-04-01 00:00:00,0.28483318049242695
4435,24,3,2025-04-01 00:00:00,0.3245844563528839
4436,24,3,2026-04-01 00:00:00,0.3663232960063634
4437,24,3,2027-04-01 00:00:00,0.40699190900206167
4438,24,3,2028-04-01 00:00:00,0.45255298671904665
4439,24,3,2029-04-01 00:00:00,0.5062172091306631
4440,24,3,2030-04-01 00:00:00,0.5678316867143712
4441,24,3,2031-04-01 00:00:00,0.6335741814066653
4442,24,3,2032-04-01 00:00:00,0.6976348913510169
4443,24,3,2033-04-01 00:00:00,0.7558857994388402
4444,24,3,2034-04-01 00:00:00,0.8119198094498306
4445,24,3,2035-04-01 00:00:00,0.875521850826561
4446,24,3,2036-04-01 00:00:00,0.9466154788077626
4447,24,3,2037-04-01 00:00:00,1.014192647770539
4448,24,3,2038-04-01 00:00:00,1.0805467005529934
4449,24,3,2039-04-01 00:00:00,1.142237622897972
4450,24,3,2040-04-01 00:00:00,1.2034698766753293
4451,24,3,2041-04-01 00:00:00,1.2722701618184278
4452,24,3,2042-04-01 00:00:00,1.34351667932217
4453,24,3,2043-04-01 00:00:00,1.41392230445194
4454,24,3,2044-04-01 00:00:00,1.4756132267969184
4455,24,3,2045-04-01 00:00:00,1.5273663301767824
4456,24,3,2046-04-01 00:00:00,1.5836296744715828
4457,24,3,2047-04-01 00:00:00,1.6444032596813192
4458,24,3,2048-04-01 00:00:00,1.704718176323437
4459,24,3,2049-04-01 00:00:00,1.7660268748620627
4460,24,3,2050-04-01 00:00:00,1.8238955591435366
4461,24,3,2051-04-01 00:00:00,1.8362031657080244
4462,24,3,2052-04-01 00:00:00,1.8738139882529186
4463,24,3,2053-04-01 00:00:00,1.9173875021768796
4464,24,3,2054-04-01 00:00:00,1.9608845713395722
4465,25,1,2023-11-01 00:00:00,0.11244565783855583
4466,25,1,2024-11-01 00:00:00,0.1138244193106907
4467,25,1,2025-11-01 00:00:00,0.1146414631460299
4468,25,1,2026-11-01 00:00:00,0.11668407273437788
4469,25,1,2027-11-01 00:00:00,0.11821602992563884
4470,25,1,2028-11-01 00:00:00,0.12010544379486073
4471,25,1,2029-11-01 00:00:00,0.11321163643418633
4472,25,1,2030-11-01 00:00:00,0.11561170270049519
4473,25,1,2031-11-01 00:00:00,0.11734792085059097
4474,25,1,2032-11-01 00:00:00,0.11903307376097803
4475,25,1,2033-11-01 00:00:00,0.12117781382874342
4476,25,1,2034-11-01 00:00:00,0.12352681485534359
4477,25,1,2035-11-01 00:00:00,0.12608007684077854
4478,25,1,2036-11-01 00:00:00,0.128888665024757
4479,25,1,2037-11-01 00:00:00,0.13067594841456148
4480,25,1,2038-11-01 00:00:00,0.13256536228378335
4481,25,1,2039-11-01 00:00:00,0.13537395046776182
4482,25,1,2040-11-01 00:00:00,0.1369569728987315
4483,25,1,2041-11-01 00:00:00,0.13813147341203158
4484,25,1,2042-11-01 00:00:00,0.13961236536358385
4485,25,1,2043-11-01 00:00:00,0.14088899635630134
4486,25,1,2044-11-01 00:00:00,0.14175710543134923
4487,25,1,2045-11-01 00:00:00,0.1429316059446493
4488,25,1,2046-11-01 00:00:00,0.14456569361532767
4489,25,1,2047-11-01 00:00:00,0.14563806364921036
4490,25,1,2048-11-01 00:00:00,0.1493658261479454
4491,25,1,2049-11-01 00:00:00,0.15227654481134129
4492,25,1,2050-11-01 00:00:00,0.15544258967328065
4493,25,1,2051-11-01 00:00:00,0.15605537254978502
4494,25,1,2052-11-01 00:00:00,0.1581490473778417
4495,25,1,2053-11-01 00:00:00,0.15978313504852007
4496,25,1,2024-04-01 00:00:00,0.11244565783855583
4497,25,1,2025-04-01 00:00:00,0.11326270167389502
4498,25,1,2026-04-01 00:00:00,0.1139265497901081
4499,25,1,2027-04-01 00:00:00,0.11545850698136909
4500,25,1,2028-04-01 00:00:00,0.11724579037117357
4501,25,1,2029-04-01 00:00:00,0.11203713592088624
4502,25,1,2030-04-01 00:00:00,0.11111796160612966
4503,25,1,2031-04-01 00:00:00,0.1135690931121472
4504,25,1,2032-04-01 00:00:00,0.1152542460225343
4505,25,1,2033-04-01 00:00:00,0.11724579037117357
4506,25,1,2034-04-01 00:00:00,0.11949266091835632
4507,25,1,2035-04-01 00:00:00,0.12204592290379129
4508,25,1,2036-04-01 00:00:00,0.12495664156718715
4509,25,1,2037-04-01 00:00:00,0.1280716211894178
4510,25,1,2038-04-01 00:00:00,0.13026742649689188
4511,25,1,2039-04-01 00:00:00,0.13215684036611375
4512,25,1,2040-04-01 00:00:00,0.13496542855009222
4513,25,1,2041-04-01 00:00:00,0.13634419002222709
4514,25,1,2042-04-01 00:00:00,0.13777401673407066
4515,25,1,2043-04-01 00:00:00,0.13945916964445776
4516,25,1,2044-04-01 00:00:00,0.14063367015775782
4517,25,1,2045-04-01 00:00:00,0.14114432255484483
4518,25,1,2046-04-01 00:00:00,0.1423698883078536
4519,25,1,2047-04-01 00:00:00,0.14431036741678419
4520,25,1,2048-04-01 00:00:00,0.14568912888891908
4521,25,1,2049-04-01 00:00:00,0.1506935223803716
4522,25,1,2050-04-01 00:00:00,0.15411489344085444
4523,25,1,2051-04-01 00:00:00,0.1572298730630851
4524,25,1,2052-04-01 00:00:00,0.1585575692955113
4525,25,1,2053-04-01 00:00:00,0.16039591792502447
4526,25,1,2054-04-01 00:00:00,0.16213213607512023
4527,25,2,2023-11-01 00:00:00,0.11244565783855583
4528,25,2,2024-11-01 00:00:00,0.11831816040505626
4529,25,2,2025-11-01 00:00:00,0.12388427153330447
4530,25,2,2026-11-01 00:00:00,0.13026742649689188
4531,25,2,2027-11-01 00:00:00,0.1359356681045575
4532,25,2,2028-11-01 00:00:00,0.1426762797461058
4533,25,2,2029-11-01 00:00:00,0.1500296742641585
4534,25,2,2030-11-01 00:00:00,0.15733200354250249
4535,25,2,2031-11-01 00:00:00,0.1643279413825943
4536,25,2,2032-11-01 00:00:00,0.1714260097021035
4537,25,2,2033-11-01 00:00:00,0.17872833898044752
4538,25,2,2034-11-01 00:00:00,0.18562214634112192
4539,25,2,2035-11-01 00:00:00,0.19409897613276597
4540,25,2,2036-11-01 00:00:00,0.20267793640382745
4541,25,2,2037-11-01 00:00:00,0.21141009239401504
4542,25,2,2038-11-01 00:00:00,0.21871242167235905
4543,25,2,2039-11-01 00:00:00,0.22601475095070303
4544,25,2,2040-11-01 00:00:00,0.23433838502322102
4545,25,2,2041-11-01 00:00:00,0.24230456241777812
4546,25,2,2042-11-01 00:00:00,0.24996434837408302
4547,25,2,2043-11-01 00:00:00,0.2571134819333009
4548,25,2,2044-11-01 00:00:00,0.26293491926009266
4549,25,2,2045-11-01 00:00:00,0.2694712699428062
4550,25,2,2046-11-01 00:00:00,0.2768757297005675
4551,25,2,2047-11-01 00:00:00,0.2837695370612419
4552,25,2,2048-11-01 00:00:00,0.2904590834630816
4553,25,2,2049-11-01 00:00:00,0.29668904270754287
4554,25,2,2050-11-01 00:00:00,0.29975295709006483
4555,25,2,2051-11-01 00:00:00,0.30526800297860435
4556,25,2,2052-11-01 00:00:00,0.31211074509957004
4557,25,2,2053-11-01 00:00:00,0.31783005194694436
4558,25,2,2024-04-01 00:00:00,0.11244565783855583
4559,25,2,2025-04-01 00:00:00,0.11944159567864764
4560,25,2,2026-04-01 00:00:00,0.12633540303932203
4561,25,2,2027-04-01 00:00:00,0.13379092803679213
4562,25,2,2028-04-01 00:00:00,0.1410932573151361
4563,25,2,2029-04-01 00:00:00,0.1494679566273628
4564,25,2,2030-04-01 00:00:00,0.1586596997749287
4565,25,2,2031-04-01 00:00:00,0.16774931244307717
4566,25,2,2032-04-01 00:00:00,0.17658359891268213
4567,25,2,2033-04-01 00:00:00,0.1853157549028697
4568,25,2,2034-04-01 00:00:00,0.19384364993422248
4569,25,2,2035-04-01 00:00:00,0.20232047972586656
4570,25,2,2036-04-01 00:00:00,0.21370802818090653
4571,25,2,2037-04-01 00:00:00,0.22438066328002465
4572,25,2,2038-04-01 00:00:00,0.23535968981739502
4573,25,2,2039-04-01 00:00:00,0.2435811934104956
4574,25,2,2040-04-01 00:00:00,0.25246654511980926
4575,25,2,2041-04-01 00:00:00,0.2629859844998013
4576,25,2,2042-04-01 00:00:00,0.27381181531804555
4577,25,2,2043-04-01 00:00:00,0.28366740658182454
4578,25,2,2044-04-01 00:00:00,0.2918378449352164
4579,25,2,2045-04-01 00:00:00,0.2990891089738517
4580,25,2,2046-04-01 00:00:00,0.30741274304636973
4581,25,2,2047-04-01 00:00:00,0.31742153002927476
4582,25,2,2048-04-01 00:00:00,0.32661327317684063
4583,25,2,2049-04-01 00:00:00,0.3352432986876108
4584,25,2,2050-04-01 00:00:00,0.3429030846439157
4585,25,2,2051-04-01 00:00:00,0.3455584771087681
4586,25,2,2052-04-01 00:00:00,0.3530140021062381
4587,25,2,2053-04-01 00:00:00,0.3604695271037083
4588,25,2,2054-04-01 00:00:00,0.3674143997040914
4589,25,3,2023-11-01 00:00:00,0.11244565783855583
4590,25,3,2024-11-01 00:00:00,0.12587581588194374
4591,25,3,2025-11-01 00:00:00,0.14012301776067085
4592,25,3,2026-11-01 00:00:00,0.15447235011881535
4593,25,3,2027-11-01 00:00:00,0.16943446535346424
4594,25,3,2028-11-01 00:00:00,0.1870009078132568
4595,25,3,2029-11-01 00:00:00,0.20706954701877558
4596,25,3,2030-11-01 00:00:00,0.22836375197730321
4597,25,3,2031-11-01 00:00:00,0.24930050025786993
4598,25,3,2032-11-01 00:00:00,0.2688584870663017
4599,25,3,2033-11-01 00:00:00,0.2886718000732771
4600,25,3,2034-11-01 00:00:00,0.30955748311413506
4601,25,3,2035-11-01 00:00:00,0.33197512334625406
4602,25,3,2036-11-01 00:00:00,0.354239567859247
4603,25,3,2037-11-01 00:00:00,0.37645294713253113
4604,25,3,2038-11-01 00:00:00,0.39784928257047614
4605,25,3,2039-11-01 00:00:00,0.41873496561133416
4606,25,3,2040-11-01 00:00:00,0.44140793204199663
4607,25,3,2041-11-01 00:00:00,0.4642851594314939
4608,25,3,2042-11-01 00:00:00,0.4870602563415738
4609,25,3,2043-11-01 00:00:00,0.5089672441766058
4610,25,3,2044-11-01 00:00:00,0.5276571219099897
4611,25,3,2045-11-01 00:00:00,0.5471640434787128
4612,25,3,2046-11-01 00:00:00,0.5673858784033577
4613,25,3,2047-11-01 00:00:00,0.587045995691207
4614,25,3,2048-11-01 00:00:00,0.6057869386642997
4615,25,3,2049-11-01 00:00:00,0.625089599274188
4616,25,3,2050-11-01 00:00:00,0.6305025146833101
4617,25,3,2051-11-01 00:00:00,0.6421453893368936
4618,25,3,2052-11-01 00:00:00,0.6572607002906685
4619,25,3,2053-11-01 00:00:00,0.6718142936076479
4620,25,3,2024-04-01 00:00:00,0.11244565783855583
4621,25,3,2025-04-01 00:00:00,0.1281226864291265
4622,25,3,2026-04-01 00:00:00,0.1446167588550364
4623,25,3,2027-04-01 00:00:00,0.16065124412356796
4624,25,3,2028-04-01 00:00:00,0.1786772737407388
4625,25,3,2029-04-01 00:00:00,0.199869348219849
4626,25,3,2030-04-01 00:00:00,0.22417640232118985
4627,25,3,2031-04-01 00:00:00,0.2501175440932091
4628,25,3,2032-04-01 00:00:00,0.27539483774901524
4629,25,3,2033-04-01 00:00:00,0.29837419561792994
4630,25,3,2034-04-01 00:00:00,0.32053650965150543
4631,25,3,2035-04-01 00:00:00,0.3456095423484768
4632,25,3,2036-04-01 00:00:00,0.3736954241882614
4633,25,3,2037-04-01 00:00:00,0.40040254455591107
4634,25,3,2038-04-01 00:00:00,0.42654794728676515
4635,25,3,2039-04-01 00:00:00,0.4509571318675234
4636,25,3,2040-04-01 00:00:00,0.4751109902497382
4637,25,3,2041-04-01 00:00:00,0.5022776977747662
4638,25,3,2042-04-01 00:00:00,0.5304146448542595
4639,25,3,2043-04-01 00:00:00,0.5581941352557919
4640,25,3,2044-04-01 00:00:00,0.5825011893571327
4641,25,3,2045-04-01 00:00:00,0.6029783504803212
4642,25,3,2046-04-01 00:00:00,0.6251917297536054
4643,25,3,2047-04-01 00:00:00,0.6491413271769854
4644,25,3,2048-04-01 00:00:00,0.6729887941209478
4645,25,3,2049-04-01 00:00:00,0.6971937177428714
4646,25,3,2050-04-01 00:00:00,0.7200198798926599
4647,25,3,2051-04-01 00:00:00,0.7249221429046951
4648,25,3,2052-04-01 00:00:00,0.7397310624202179
4649,25,3,2053-04-01 00:00:00,0.7568889829623409
4650,25,3,2054-04-01 00:00:00,0.7740979687441725
4651,26,1,2023-11-01 00:00:00,0.16407261518405078
4652,26,1,2024-11-01 00:00:00,0.1661152247723988
4653,26,1,2025-11-01 00:00:00,0.16728972528569888
4654,26,1,2026-11-01 00:00:00,0.17030257442851213
4655,26,1,2027-11-01 00:00:00,0.17254944497569488
4656,26,1,2028-11-01 00:00:00,0.17530696791996464
4657,26,1,2029-11-01 00:00:00,0.1651960504576422
4658,26,1,2030-11-01 00:00:00,0.16866848675783375
4659,26,1,2031-11-01 00:00:00,0.1712217487432687
4660,26,1,2032-11-01 00:00:00,0.1736728802492863
4661,26,1,2033-11-01 00:00:00,0.17683892511122562
4662,26,1,2034-11-01 00:00:00,0.18026029617170847
4663,26,1,2035-11-01 00:00:00,0.1839369934307348
4664,26,1,2036-11-01 00:00:00,0.18807327784713945
4665,26,1,2037-11-01 00:00:00,0.19062653983257444
4666,26,1,2038-11-01 00:00:00,0.1934351280165529
4667,26,1,2039-11-01 00:00:00,0.1975203471932488
4668,26,1,2040-11-01 00:00:00,0.19986934821984897
4669,26,1,2041-11-01 00:00:00,0.20150343589052744
4670,26,1,2042-11-01 00:00:00,0.20364817595829274
4671,26,1,2043-11-01 00:00:00,0.2055886550672233
4672,26,1,2044-11-01 00:00:00,0.2069163512996495
4673,26,1,2045-11-01 00:00:00,0.2085504389703279
4674,26,1,2046-11-01 00:00:00,0.2110015704763454
4675,26,1,2047-11-01 00:00:00,0.21253352766760644
4676,26,1,2048-11-01 00:00:00,0.21789537783701987
4677,26,1,2049-11-01 00:00:00,0.22218485797255058
4678,26,1,2050-11-01 00:00:00,0.22678072954633352
4679,26,1,2051-11-01 00:00:00,0.22775096910079878
4680,26,1,2052-11-01 00:00:00,0.23076381824361206
4681,26,1,2053-11-01 00:00:00,0.23316388450992095
4682,26,1,2024-04-01 00:00:00,0.16407261518405078
4683,26,1,2025-04-01 00:00:00,0.1652471156973509
4684,26,1,2026-04-01 00:00:00,0.16626842049152488
4685,26,1,2027-04-01 00:00:00,0.16851529103870766
4686,26,1,2028-04-01 00:00:00,0.17101748778443393
4687,26,1,2029-04-01 00:00:00,0.1635108975472551
4688,26,1,2030-04-01 00:00:00,0.16213213607512023
4689,26,1,2031-04-01 00:00:00,0.16565563761502047
4690,26,1,2032-04-01 00:00:00,0.16820889960045543
4691,26,1,2033-04-01 00:00:00,0.1711196182638513
4692,26,1,2034-04-01 00:00:00,0.17433672836549938
4693,26,1,2035-04-01 00:00:00,0.1780134256245257
4694,26,1,2036-04-01 00:00:00,0.18230290576005648
4695,26,1,2037-04-01 00:00:00,0.1868987773338394
4696,26,1,2038-04-01 00:00:00,0.19006482219577875
4697,26,1,2039-04-01 00:00:00,0.19282234514004853
4698,26,1,2040-04-01 00:00:00,0.19685649907703578
4699,26,1,2041-04-01 00:00:00,0.19889910866538374
4700,26,1,2042-04-01 00:00:00,0.20099278349344038
4701,26,1,2043-04-01 00:00:00,0.20344391499945796
4702,26,1,2044-04-01 00:00:00,0.20528226362897112
4703,26,1,2045-04-01 00:00:00,0.20599717698489295
4704,26,1,2046-04-01 00:00:00,0.20773339513498873
4705,26,1,2047-04-01 00:00:00,0.21059304855867583
4706,26,1,2048-04-01 00:00:00,0.2125845929073151
4707,26,1,2049-04-01 00:00:00,0.21988692218565906
4708,26,1,2050-04-01 00:00:00,0.22489131567711165
4709,26,1,2051-04-01 00:00:00,0.22948718725089462
4710,26,1,2052-04-01 00:00:00,0.23132553588040775
4711,26,1,2053-04-01 00:00:00,0.23408305882467756
4712,26,1,2054-04-01 00:00:00,0.23663632081011252
4713,26,2,2023-11-01 00:00:00,0.16407261518405078
4714,26,2,2024-11-01 00:00:00,0.17265157545511226
4715,26,2,2025-11-01 00:00:00,0.18082201380850416
4716,26,2,2026-11-01 00:00:00,0.19011588743548746
4717,26,2,2027-11-01 00:00:00,0.19833739102858797
4718,26,2,2028-11-01 00:00:00,0.20814191705265833
4719,26,2,2029-11-01 00:00:00,0.21891668263119388
4720,26,2,2030-11-01 00:00:00,0.2295382524906033
4721,26,2,2031-11-01 00:00:00,0.23970023519263448
4722,26,2,2032-11-01 00:00:00,0.2501175440932091
4723,26,2,2033-11-01 00:00:00,0.26073911395261856
4724,26,2,2034-11-01 00:00:00,0.270850031414941
4725,26,2,2035-11-01 00:00:00,0.2831567541847375
4726,26,2,2036-11-01 00:00:00,0.2957698683927863
4727,26,2,2037-11-01 00:00:00,0.30853617831996105
4728,26,2,2038-11-01 00:00:00,0.3191066829396618
4729,26,2,2039-11-01 00:00:00,0.3297793180387801
4730,26,2,2040-11-01 00:00:00,0.3418817798497417
4731,26,2,2041-11-01 00:00:00,0.3535757197430338
4732,26,2,2042-11-01 00:00:00,0.364759007239239
4733,26,2,2043-11-01 00:00:00,0.37517631613981367
4734,26,2,2044-11-01 00:00:00,0.3837042111711664
4735,26,2,2045-11-01 00:00:00,0.3931512805172757
4736,26,2,2046-11-01 00:00:00,0.4039771113355201
4737,26,2,2047-11-01 00:00:00,0.4140880287978425
4738,26,2,2048-11-01 00:00:00,0.4237904243424954
4739,26,2,2049-11-01 00:00:00,0.43282897177093527
4740,26,2,2050-11-01 00:00:00,0.4373737781050093
4741,26,2,2051-11-01 00:00:00,0.4454420859789838
4742,26,2,2052-11-01 00:00:00,0.4554508729618889
4743,26,2,2053-11-01 00:00:00,0.4638255722741155
4744,26,2,2024-04-01 00:00:00,0.16407261518405078
4745,26,2,2025-04-01 00:00:00,0.17433672836549938
4746,26,2,2026-04-01 00:00:00,0.18439658058811312
4747,26,2,2027-04-01 00:00:00,0.1952224114063574
4748,26,2,2028-04-01 00:00:00,0.20589504650547555
4749,26,2,2029-04-01 00:00:00,0.21815070403556336
4750,26,2,2030-04-01 00:00:00,0.23152979683924255
4751,26,2,2031-04-01 00:00:00,0.24480675916350442
4752,26,2,2032-04-01 00:00:00,0.25767519957009666
4753,26,2,2033-04-01 00:00:00,0.27033937901785404
4754,26,2,2034-04-01 00:00:00,0.28285036274648534
4755,26,2,2035-04-01 00:00:00,0.2951570855162819
4756,26,2,2036-04-01 00:00:00,0.31175328842160915
4757,26,2,2037-04-01 00:00:00,0.32743031701217984
4758,26,2,2038-04-01 00:00:00,0.343362671801294
4759,26,2,2039-04-01 00:00:00,0.35536300313283836
4760,26,2,2040-04-01 00:00:00,0.3684357044982654
4761,26,2,2041-04-01 00:00:00,0.38375527641087515
4762,26,2,2042-04-01 00:00:00,0.3995855007205719
4763,26,2,2043-04-01 00:00:00,0.4138837678390077
4764,26,2,2044-04-01 00:00:00,0.42583303393084326
4765,26,2,2045-04-01 00:00:00,0.43640353855054415
4766,26,2,2046-04-01 00:00:00,0.4485570656012145
4767,26,2,2047-04-01 00:00:00,0.4632127893976113
4768,26,2,2048-04-01 00:00:00,0.47659188220129034
4769,26,2,2049-04-01 00:00:00,0.4891539311696304
4770,26,2,2050-04-01 00:00:00,0.5003372186658356
4771,26,2,2051-04-01 00:00:00,0.5041671116439881
4772,26,2,2052-04-01 00:00:00,0.5150950729416497
4773,26,2,2053-04-01 00:00:00,0.5259719689996026
4774,26,2,2054-04-01 00:00:00,0.5360828864619251
4775,26,3,2023-11-01 00:00:00,0.16407261518405078
4776,26,3,2024-11-01 00:00:00,0.18363060199248263
4777,26,3,2025-11-01 00:00:00,0.20441415455392326
4778,26,3,2026-11-01 00:00:00,0.22535090283448994
4779,26,3,2027-11-01 00:00:00,0.24725789066952192
4780,26,3,2028-11-01 00:00:00,0.27279051052387165
4781,26,3,2029-11-01 00:00:00,0.3021530233563737
4782,26,3,2030-11-01 00:00:00,0.3332517543389716
4783,26,3,2031-11-01 00:00:00,0.363737702445065
4784,26,3,2032-11-01 00:00:00,0.39233423668193657
4785,26,3,2033-11-01 00:00:00,0.4212371623570605
4786,26,3,2034-11-01 00:00:00,0.4516720452234451
4787,26,3,2035-11-01 00:00:00,0.48440486387672144
4788,26,3,2036-11-01 00:00:00,0.5169334215711628
4789,26,3,2037-11-01 00:00:00,0.549359848786187
4790,26,3,2038-11-01 00:00:00,0.5805096450084936
4791,26,3,2039-11-01 00:00:00,0.6109445278748782
4792,26,3,2040-11-01 00:00:00,0.6440348032061154
4793,26,3,2041-11-01 00:00:00,0.6774314699756049
4794,26,3,2042-11-01 00:00:00,0.7107260062656767
4795,26,3,2043-11-01 00:00:00,0.7426417810836138
4796,26,3,2044-11-01 00:00:00,0.769910619088059
4797,26,3,2045-11-01 00:00:00,0.7984050228455133
4798,26,3,2046-11-01 00:00:00,0.8279717966368502
4799,26,3,2047-11-01 00:00:00,0.8566193961134305
4800,26,3,2048-11-01 00:00:00,0.8838882341178761
4801,26,3,2049-11-01 00:00:00,0.9121273116767865
4802,26,3,2050-11-01 00:00:00,0.9199913585919264
4803,26,3,2051-11-01 00:00:00,0.9369960834149232
4804,26,3,2052-11-01 00:00:00,0.9590562669690812
4805,26,3,2053-11-01 00:00:00,0.9801972762084827
4806,26,3,2024-04-01 00:00:00,0.16407261518405078
4807,26,3,2025-04-01 00:00:00,0.18694984257354808
4808,26,3,2026-04-01 00:00:00,0.21095050523663672
4809,26,3,2027-04-01 00:00:00,0.2344915807423471
4810,26,3,2028-04-01 00:00:00,0.2607391139526185
4811,26,3,2029-04-01 00:00:00,0.2915825187366729
4812,26,3,2030-04-01 00:00:00,0.327072860334219
4813,26,3,2031-04-01 00:00:00,0.36491220295836513
4814,26,3,2032-04-01 00:00:00,0.40188343650746333
4815,26,3,2033-04-01 00:00:00,0.43543329899607874
4816,26,3,2034-04-01 00:00:00,0.467655465252268
4817,26,3,2035-04-01 00:00:00,0.5043203073631141
4818,26,3,2036-04-01 00:00:00,0.545274629609491
4819,26,3,2037-04-01 00:00:00,0.5842374075072285
4820,26,3,2038-04-01 00:00:00,0.6224342068093356
4821,26,3,2039-04-01 00:00:00,0.6579756136465903
4822,26,3,2040-04-01 00:00:00,0.6932106290455928
4823,26,3,2041-04-01 00:00:00,0.7328883202992521
4824,26,3,2042-04-01 00:00:00,0.7738937077853376
4825,26,3,2043-04-01 00:00:00,0.8144905733537536
4826,26,3,2044-04-01 00:00:00,0.8499809149512996
4827,26,3,2045-04-01 00:00:00,0.8798030149411801
4828,26,3,2046-04-01 00:00:00,0.9122294421562039
4829,26,3,2047-04-01 00:00:00,0.9472601965963717
4830,26,3,2048-04-01 00:00:00,0.9819845595982872
4831,26,3,2049-04-01 00:00:00,1.0172706402369984
4832,26,3,2050-04-01 00:00:00,1.0506673070064878
4833,26,3,2051-04-01 00:00:00,1.0577143100862882
4834,26,3,2052-04-01 00:00:00,1.0794170369624856
4835,26,3,2053-04-01 00:00:00,1.104439004419748
4836,26,3,2054-04-01 00:00:00,1.1295120371167193
4837,27,1,2023-11-01 00:00:00,0.4989584571937008
4838,27,1,2024-11-01 00:00:00,0.505188416438162
4839,27,1,2025-11-01 00:00:00,0.508762983217771
4840,27,1,2026-11-01 00:00:00,0.5178525958859195
4841,27,1,2027-11-01 00:00:00,0.5246442727671765
4842,27,1,2028-11-01 00:00:00,0.533070037319112
4843,27,1,2029-11-01 00:00:00,0.5023798282541836
4844,27,1,2030-11-01 00:00:00,0.5129503328738844
4845,27,1,2031-11-01 00:00:00,0.5207122493096066
4846,27,1,2032-11-01 00:00:00,0.5282188395467854
4847,27,1,2033-11-01 00:00:00,0.5377169741326034
4848,27,1,2034-11-01 00:00:00,0.5481853482728868
4849,27,1,2035-11-01 00:00:00,0.5594197010088006
4850,27,1,2036-11-01 00:00:00,0.5718796194977234
4851,27,1,2037-11-01 00:00:00,0.5797436664128629
4852,27,1,2038-11-01 00:00:00,0.5882204962045071
4853,27,1,2039-11-01 00:00:00,0.6006804146934297
4854,27,1,2040-11-01 00:00:00,0.6077784830129389
4855,27,1,2041-11-01 00:00:00,0.6128339417441002
4856,27,1,2042-11-01 00:00:00,0.6194213576665224
4857,27,1,2043-11-01 00:00:00,0.6251917297536054
4858,27,1,2044-11-01 00:00:00,0.6291237532111752
4859,27,1,2045-11-01 00:00:00,0.6341792119423365
4860,27,1,2046-11-01 00:00:00,0.6415326064603891
4861,27,1,2047-11-01 00:00:00,0.6462306085135895
4862,27,1,2048-11-01 00:00:00,0.6626736156997906
4863,27,1,2049-11-01 00:00:00,0.6756952518255089
4864,27,1,2050-11-01 00:00:00,0.6896871275056926
4865,27,1,2051-11-01 00:00:00,0.6925978461690884
4866,27,1,2052-11-01 00:00:00,0.7016874588372369
4867,27,1,2053-11-01 00:00:00,0.7090919185949983
4868,27,1,2024-04-01 00:00:00,0.4989584571937008
4869,27,1,2025-04-01 00:00:00,0.5025840892130184
4870,27,1,2026-04-01 00:00:00,0.5055969383558316
4871,27,1,2027-04-01 00:00:00,0.5123886152370886
4872,27,1,2028-04-01 00:00:00,0.5201505316728109
4873,27,1,2029-04-01 00:00:00,0.49722223904360496
4874,27,1,2030-04-01 00:00:00,0.4930348893874917
4875,27,1,2031-04-01 00:00:00,0.5039117854454446
4876,27,1,2032-04-01 00:00:00,0.5115205061620408
4877,27,1,2033-04-01 00:00:00,0.5203037273919371
4878,27,1,2034-04-01 00:00:00,0.5302103838954247
4879,27,1,2035-04-01 00:00:00,0.5414447366313385
4880,27,1,2036-04-01 00:00:00,0.5544153075173482
4881,27,1,2037-04-01 00:00:00,0.5683050527181143
4882,27,1,2038-04-01 00:00:00,0.5780585135024761
4883,27,1,2039-04-01 00:00:00,0.5864332128147025
4884,27,1,2040-04-01 00:00:00,0.5988420660639165
4885,27,1,2041-04-01 00:00:00,0.6049698948289605
4886,27,1,2042-04-01 00:00:00,0.6113019845528392
4887,27,1,2043-04-01 00:00:00,0.6187064443106005
4888,27,1,2044-04-01 00:00:00,0.6241193597197228
4889,27,1,2045-04-01 00:00:00,0.6263662302669054
4890,27,1,2046-04-01 00:00:00,0.6317280804363189
4891,27,1,2047-04-01 00:00:00,0.6404091711867977
4892,27,1,2048-04-01 00:00:00,0.6465369999518418
4893,27,1,2049-04-01 00:00:00,0.6687503792251259
4894,27,1,2050-04-01 00:00:00,0.6839167554186096
4895,27,1,2051-04-01 00:00:00,0.697755435379667
4896,27,1,2052-04-01 00:00:00,0.7035258074667501
4897,27,1,2053-04-01 00:00:00,0.7117983762995593
4898,27,1,2054-04-01 00:00:00,0.719509227495573
4899,27,2,2023-11-01 00:00:00,0.4989584571937008
4900,27,2,2024-11-01 00:00:00,0.5251038599245549
4901,27,2,2025-11-01 00:00:00,0.5497683707038565
4902,27,2,2026-11-01 00:00:00,0.5780585135024758
4903,27,2,2027-11-01 00:00:00,0.6031826114391561
4904,27,2,2028-11-01 00:00:00,0.633055776668745
4905,27,2,2029-11-01 00:00:00,0.6657885953220213
4906,27,2,2030-11-01 00:00:00,0.6980618268179192
4907,27,2,2031-11-01 00:00:00,0.7291094925608084
4908,27,2,2032-11-01 00:00:00,0.7606678107007845
4909,27,2,2033-11-01 00:00:00,0.7930431726761
4910,27,2,2034-11-01 00:00:00,0.8236312512616109
4911,27,2,2035-11-01 00:00:00,0.8612152676872137
4912,27,2,2036-11-01 00:00:00,0.8994120669893205
4913,27,2,2037-11-01 00:00:00,0.938221649167932
4914,27,2,2038-11-01 00:00:00,0.9705459459035387
4915,27,2,2039-11-01 00:00:00,1.002921307878854
4916,27,2,2040-11-01 00:00:00,1.0397393457088262
4917,27,2,2041-11-01 00:00:00,1.0751786220666635
4918,27,2,2042-11-01 00:00:00,1.1091880717126572
4919,27,2,2043-11-01 00:00:00,1.1408995855717596
4920,27,2,2044-11-01 00:00:00,1.1667385968643613
4921,27,2,2045-11-01 00:00:00,1.195692587779194
4922,27,2,2046-11-01 00:00:00,1.228578602151596
4923,27,2,2047-11-01 00:00:00,1.2592688112165245
4924,27,2,2048-11-01 00:00:00,1.28888665024757
4925,27,2,2049-11-01 00:00:00,1.3164108144505586
4926,27,2,2050-11-01 00:00:00,1.330147363932199
4927,27,2,2051-11-01 00:00:00,1.3545565485129571
4928,27,2,2052-11-01 00:00:00,1.3849914313793419
4929,27,2,2053-11-01 00:00:00,1.4104219207542743
4930,27,2,2024-04-01 00:00:00,0.4989584571937008
4931,27,2,2025-04-01 00:00:00,0.5300571881762987
4932,27,2,2026-04-01 00:00:00,0.5606452667618095
4933,27,2,2027-04-01 00:00:00,0.5936334116136293
4934,27,2,2028-04-01 00:00:00,0.6261619693080706
4935,27,2,2029-04-01 00:00:00,0.6633374638160037
4936,27,2,2030-04-01 00:00:00,0.7040364598638371
4937,27,2,2031-04-01 00:00:00,0.7444290644734181
4938,27,2,2032-04-01 00:00:00,0.7835450380902819
4939,27,2,2033-04-01 00:00:00,0.8222524897894758
4940,27,2,2034-04-01 00:00:00,0.8601939628930396
4941,27,2,2035-04-01 00:00:00,0.8977269140789336
4942,27,2,2036-04-01 00:00:00,0.9482304361508369
4943,27,2,2037-04-01 00:00:00,0.9957211090799274
4944,27,2,2038-04-01 00:00:00,1.0442841520429005
4945,27,2,2039-04-01 00:00:00,1.0807447331949116
4946,27,2,2040-04-01 00:00:00,1.1203713592088624
4947,27,2,2041-04-01 00:00:00,1.1670449883026135
4948,27,2,2042-04-01 00:00:00,1.2150463136287908
4949,27,2,2043-04-01 00:00:00,1.2587070935797287
4950,27,2,2044-04-01 00:00:00,1.2949634137729051
4951,27,2,2045-04-01 00:00:00,1.3271345147893856
4952,27,2,2046-04-01 00:00:00,1.364105748338484
4953,27,2,2047-04-01 00:00:00,1.4085325068850523
4954,27,2,2048-04-01 00:00:00,1.449384698652012
4955,27,2,2049-04-01 00:00:00,1.4876325631938276
4956,27,2,2050-04-01 00:00:00,1.5215909476001128
4957,27,2,2051-04-01 00:00:00,1.5332848874934046
4958,27,2,2052-04-01 00:00:00,1.5664262280643506
4959,27,2,2053-04-01 00:00:00,1.5994654381558793
4960,27,2,2054-04-01 00:00:00,1.6302577777002247
4961,27,3,2023-11-01 00:00:00,0.4989584571937008
4962,27,3,2024-11-01 00:00:00,0.558500526694044
4963,27,3,2025-11-01 00:00:00,0.6216682282137052
4964,27,3,2026-11-01 00:00:00,0.6853976473701618
4965,27,3,2027-11-01 00:00:00,0.7518845894708883
4966,27,3,2028-11-01 00:00:00,0.8297080147869461
4967,27,3,2029-11-01 00:00:00,0.9189189885580438
4968,27,3,2030-11-01 00:00:00,1.013440747258846
4969,27,3,2031-11-01 00:00:00,1.106175222569844
4970,27,3,2032-11-01 00:00:00,1.1930371953143415
4971,27,3,2033-11-01 00:00:00,1.2810226033324303
4972,27,3,2034-11-01 00:00:00,1.3735528176845935
4973,27,3,2035-11-01 00:00:00,1.4731811003562658
4974,27,3,2036-11-01 00:00:00,1.5719412739528904
4975,27,3,2037-11-01 00:00:00,1.6704971865906797
4976,27,3,2038-11-01 00:00:00,1.7653764019694427
4977,27,3,2039-11-01 00:00:00,1.8580087468010236
4978,27,3,2040-11-01 00:00:00,1.9585562037874527
4979,27,3,2041-11-01 00:00:00,2.0600739003283466
4980,27,3,2042-11-01 00:00:00,2.161336270670697
4981,27,3,2043-11-01 00:00:00,2.2584112913569347
4982,27,3,2044-11-01 00:00:00,2.341392305883571
4983,27,3,2045-11-01 00:00:00,2.4279478871898164
4984,27,3,2046-11-01 00:00:00,2.5177716438374182
4985,27,3,2047-11-01 00:00:00,2.604940008020168
4986,27,3,2048-11-01 00:00:00,2.687972087786513
4987,27,3,2049-11-01 00:00:00,2.7737616904971283
4988,27,3,2050-11-01 00:00:00,2.7977623531602167
4989,27,3,2051-11-01 00:00:00,2.849491440985129
4990,27,3,2052-11-01 00:00:00,2.9164890354829422
4991,27,3,2053-11-01 00:00:00,2.9809844332350295
4992,27,3,2024-04-01 00:00:00,0.4989584571937008
4993,27,3,2025-04-01 00:00:00,0.5685603789166578
4994,27,3,2026-04-01 00:00:00,0.6415836717000979
4995,27,3,2027-04-01 00:00:00,0.7129218115731508
4996,27,3,2028-04-01 00:00:00,0.7928899769569737
4997,27,3,2029-04-01 00:00:00,0.8868500180209806
4998,27,3,2030-04-01 00:00:00,0.9946487390460449
4999,27,3,2031-04-01 00:00:00,1.1098008545891616
5000,27,3,2032-04-01 00:00:00,1.2220933167085912
5001,27,3,2033-04-01 00:00:00,1.3240706004068639
5002,27,3,2034-04-01 00:00:00,1.4222690563666924
5003,27,3,2035-04-01 00:00:00,1.5336934094110743
5004,27,3,2036-04-01 00:00:00,1.6581904638208833
5005,27,3,2037-04-01 00:00:00,1.7766618199450657
5006,27,3,2038-04-01 00:00:00,1.8927841750426482
5007,27,3,2039-04-01 00:00:00,2.000991417985382
5008,27,3,2040-04-01 00:00:00,2.1081773561339414
5009,27,3,2041-04-01 00:00:00,2.228844517565598
5010,27,3,2042-04-01 00:00:00,2.353596898173951
5011,27,3,2043-04-01 00:00:00,2.47686838683075
5012,27,3,2044-04-01 00:00:00,2.5848713688146496
5013,27,3,2045-04-01 00:00:00,2.675614299777008
5014,27,3,2046-04-01 00:00:00,2.7741702124147976
5015,27,3,2047-04-01 00:00:00,2.880539106728018
5016,27,3,2048-04-01 00:00:00,2.986295218164734
5017,27,3,2049-04-01 00:00:00,3.093685417272129
5018,27,3,2050-04-01 00:00:00,3.195049918093897
5019,27,3,2051-04-01 00:00:00,3.2165994492509684
5020,27,3,2052-04-01 00:00:00,3.2824736084751898
5021,27,3,2053-04-01 00:00:00,3.3586629461205697
5022,27,3,2054-04-01 00:00:00,3.4349544142453667
5023,28,1,2023-11-01 00:00:00,0.1902690831546135
5024,28,1,2024-11-01 00:00:00,0.1926180841812137
5025,28,1,2025-11-01 00:00:00,0.19399684565334863
5026,28,1,2026-11-01 00:00:00,0.19752034719324874
5027,28,1,2027-11-01 00:00:00,0.20007360917868383
5028,28,1,2028-11-01 00:00:00,0.20323965404062308
5029,28,1,2029-11-01 00:00:00,0.191545714147331
5030,28,1,2030-11-01 00:00:00,0.19563093332402698
5031,28,1,2031-11-01 00:00:00,0.19854165198742296
5032,28,1,2032-11-01 00:00:00,0.20140130541110998
5033,28,1,2033-11-01 00:00:00,0.20507800267013632
5034,28,1,2034-11-01 00:00:00,0.20906109136741488
5035,28,1,2035-11-01 00:00:00,0.21329950626323696
5036,28,1,2036-11-01 00:00:00,0.2180996387958547
5037,28,1,2037-11-01 00:00:00,0.22106142269895931
5038,28,1,2038-11-01 00:00:00,0.224329598040316
5039,28,1,2039-11-01 00:00:00,0.22907866533322507
5040,28,1,2040-11-01 00:00:00,0.23178512303778614
5041,28,1,2041-11-01 00:00:00,0.2336745369070079
5042,28,1,2042-11-01 00:00:00,0.23622779889244286
5043,28,1,2043-11-01 00:00:00,0.2383725389602083
5044,28,1,2044-11-01 00:00:00,0.23990449615146933
5045,28,1,2045-11-01 00:00:00,0.24184497526039975
5046,28,1,2046-11-01 00:00:00,0.24465356344437827
5047,28,1,2047-11-01 00:00:00,0.2464919120738915
5048,28,1,2048-11-01 00:00:00,0.252670806078644
5049,28,1,2049-11-01 00:00:00,0.257624134330388
5050,28,1,2050-11-01 00:00:00,0.2629859844998015
5051,28,1,2051-11-01 00:00:00,0.2641094197733927
5052,28,1,2052-11-01 00:00:00,0.2675818560735844
5053,28,1,2053-11-01 00:00:00,0.27039044425756265
5054,28,1,2024-04-01 00:00:00,0.1902690831546135
5055,28,1,2025-04-01 00:00:00,0.19164784462674844
5056,28,1,2026-04-01 00:00:00,0.19282234514004845
5057,28,1,2027-04-01 00:00:00,0.19542667236519223
5058,28,1,2028-04-01 00:00:00,0.1983884562682967
5059,28,1,2029-04-01 00:00:00,0.18960523503840043
5060,28,1,2030-04-01 00:00:00,0.18802221260743074
5061,28,1,2031-04-01 00:00:00,0.1921584970238354
5062,28,1,2032-04-01 00:00:00,0.19501815044752258
5063,28,1,2033-04-01 00:00:00,0.1983884562682967
5064,28,1,2034-04-01 00:00:00,0.2021672840067405
5065,28,1,2035-04-01 00:00:00,0.2065078293819799
5066,28,1,2036-04-01 00:00:00,0.21141009239401493
5067,28,1,2037-04-01 00:00:00,0.21672087732371975
5068,28,1,2038-04-01 00:00:00,0.22044863982245474
5069,28,1,2039-04-01 00:00:00,0.22361468468439427
5070,28,1,2040-04-01 00:00:00,0.22831268673759456
5071,28,1,2041-04-01 00:00:00,0.23071275300390343
5072,28,1,2042-04-01 00:00:00,0.23311281927021213
5073,28,1,2043-04-01 00:00:00,0.23592140745419066
5074,28,1,2044-04-01 00:00:00,0.2380150822822473
5075,28,1,2045-04-01 00:00:00,0.23888319135729527
5076,28,1,2046-04-01 00:00:00,0.24092580094564311
5077,28,1,2047-04-01 00:00:00,0.24419397628699996
5078,28,1,2048-04-01 00:00:00,0.24654297731360017
5079,28,1,2049-04-01 00:00:00,0.25501980710524425
5080,28,1,2050-04-01 00:00:00,0.2607901791923274
5081,28,1,2051-04-01 00:00:00,0.2660498988823234
5082,28,1,2052-04-01 00:00:00,0.26829676942950614
5083,28,1,2053-04-01 00:00:00,0.2714117490517369
5084,28,1,2054-04-01 00:00:00,0.27437353295484135
5085,28,2,2023-11-01 00:00:00,0.1902690831546135
5086,28,2,2024-11-01 00:00:00,0.20022680489780995
5087,28,2,2025-11-01 00:00:00,0.20967387424391914
5088,28,2,2026-11-01 00:00:00,0.2204486398224549
5089,28,2,2027-11-01 00:00:00,0.2300489048876902
5090,28,2,2028-11-01 00:00:00,0.24138538810302157
5091,28,2,2029-11-01 00:00:00,0.2538453065919442
5092,28,2,2030-11-01 00:00:00,0.2662030946014492
5093,28,2,2031-11-01 00:00:00,0.2779991649741588
5094,28,2,2032-11-01 00:00:00,0.29010162678512064
5095,28,2,2033-11-01 00:00:00,0.30235728431520836
5096,28,2,2034-11-01 00:00:00,0.3140512242085006
5097,28,2,2035-11-01 00:00:00,0.3284516218063538
5098,28,2,2036-11-01 00:00:00,0.3430052151233332
5099,28,2,2037-11-01 00:00:00,0.3577630693991472
5100,28,2,2038-11-01 00:00:00,0.37006979216894387
5101,28,2,2039-11-01 00:00:00,0.38247864541815757
5102,28,2,2040-11-01 00:00:00,0.3965215863380501
5103,28,2,2041-11-01 00:00:00,0.4100028096211464
5104,28,2,2042-11-01 00:00:00,0.4229733805071564
5105,28,2,2043-11-01 00:00:00,0.4350247770784092
5106,28,2,2044-11-01 00:00:00,0.44493143358189685
5107,28,2,2045-11-01 00:00:00,0.45596152535897577
5108,28,2,2046-11-01 00:00:00,0.4684725090876073
5109,28,2,2047-11-01 00:00:00,0.48016644898089955
5110,28,2,2048-11-01 00:00:00,0.49150293219623065
5111,28,2,2049-11-01 00:00:00,0.5019713063365141
5112,28,2,2050-11-01 00:00:00,0.5071799607868013
5113,28,2,2051-11-01 00:00:00,0.5165759648932018
5114,28,2,2052-11-01 00:00:00,0.5281167090673684
5115,28,2,2053-11-01 00:00:00,0.5378191046120211
5116,28,2,2024-04-01 00:00:00,0.1902690831546135
5117,28,2,2025-04-01 00:00:00,0.2021162187670317
5118,28,2,2026-04-01 00:00:00,0.21375909342061528
5119,28,2,2027-04-01 00:00:00,0.22637220762866386
5120,28,2,2028-04-01 00:00:00,0.23878106087787795
5121,28,2,2029-04-01 00:00:00,0.2529261322771876
5122,28,2,2030-04-01 00:00:00,0.2685010303883409
5123,28,2,2031-04-01 00:00:00,0.2838716675406595
5124,28,2,2032-04-01 00:00:00,0.29878271753559965
5125,28,2,2033-04-01 00:00:00,0.3135405718114135
5126,28,2,2034-04-01 00:00:00,0.32804309988868424
5127,28,2,2035-04-01 00:00:00,0.34229030176741115
5128,28,2,2036-04-01 00:00:00,0.36159296237729965
5129,28,2,2037-04-01 00:00:00,0.379670057234179
5130,28,2,2038-04-01 00:00:00,0.39820673924843714
5131,28,2,2039-04-01 00:00:00,0.4121475496889118
5132,28,2,2040-04-01 00:00:00,0.42726286064268704
5133,28,2,2041-04-01 00:00:00,0.4449824988216055
5134,28,2,2042-04-01 00:00:00,0.4633659851167374
5135,28,2,2043-04-01 00:00:00,0.47996218802206464
5136,28,2,2044-04-01 00:00:00,0.49380086798312206
5137,28,2,2045-04-01 00:00:00,0.5060565255132098
5138,28,2,2046-04-01 00:00:00,0.5202015969125193
5139,28,2,2047-04-01 00:00:00,0.5371041912560991
5140,28,2,2048-04-01 00:00:00,0.5526790893672525
5141,28,2,2049-04-01 00:00:00,0.5672837479239405
5142,28,2,2050-04-01 00:00:00,0.5802543188099499
5143,28,2,2051-04-01 00:00:00,0.5846969946646066
5144,28,2,2052-04-01 00:00:00,0.5973101088726557
5145,28,2,2053-04-01 00:00:00,0.6099232230807042
5146,28,2,2054-04-01 00:00:00,0.6217192934534135
5147,28,3,2023-11-01 00:00:00,0.1902690831546135
5148,28,3,2024-11-01 00:00:00,0.21299311482498476
5149,28,3,2025-11-01 00:00:00,0.23704484272778203
5150,28,3,2026-11-01 00:00:00,0.26135189682912285
5151,28,3,2027-11-01 00:00:00,0.2867313209643465
5152,28,3,2028-11-01 00:00:00,0.3164002252351008
5153,28,3,2029-11-01 00:00:00,0.35040967488109453
5154,28,3,2030-11-01 00:00:00,0.3864617341154362
5155,28,3,2031-11-01 00:00:00,0.42179887999385596
5156,28,3,2032-11-01 00:00:00,0.4549402205648018
5157,28,3,2033-11-01 00:00:00,0.48854114829312617
5158,28,3,2034-11-01 00:00:00,0.5238272289318372
5159,28,3,2035-11-01 00:00:00,0.5617176367956922
5160,28,3,2036-11-01 00:00:00,0.5994548489404211
5161,28,3,2037-11-01 00:00:00,0.6370388653660233
5162,28,3,2038-11-01 00:00:00,0.6731930550797829
5163,28,3,2039-11-01 00:00:00,0.7085302009582026
5164,28,3,2040-11-01 00:00:00,0.7468801959794357
5165,28,3,2041-11-01 00:00:00,0.78558764767863
5166,28,3,2042-11-01 00:00:00,0.824192968898407
5167,28,3,2043-11-01 00:00:00,0.8612152676872133
5168,28,3,2044-11-01 00:00:00,0.8928757163066071
5169,28,3,2045-11-01 00:00:00,0.9258638611584264
5170,28,3,2046-11-01 00:00:00,0.9601286370029645
5171,28,3,2047-11-01 00:00:00,0.9933721080533271
5172,28,3,2048-11-01 00:00:00,1.025032556672721
5173,28,3,2049-11-01 00:00:00,1.0577143100862878
5174,28,3,2050-11-01 00:00:00,1.0668549879941458
5175,28,3,2051-11-01 00:00:00,1.086617235761412
5176,28,3,2052-11-01 00:00:00,1.112149855615762
5177,28,3,2053-11-01 00:00:00,1.1367122359156456
5178,28,3,2024-04-01 00:00:00,0.1902690831546135
5179,28,3,2025-04-01 00:00:00,0.2168230078031372
5180,28,3,2026-04-01 00:00:00,0.2447046286840869
5181,28,3,2027-04-01 00:00:00,0.271871336209115
5182,28,3,2028-04-01 00:00:00,0.3023062190754997
5183,28,3,2029-04-01 00:00:00,0.33815401735100653
5184,28,3,2030-04-01 00:00:00,0.3793126005562182
5185,28,3,2031-04-01 00:00:00,0.4232287067056997
5186,28,3,2032-04-01 00:00:00,0.4660213775815896
5187,28,3,2033-04-01 00:00:00,0.5049330902396185
5188,28,3,2034-04-01 00:00:00,0.5423639109460953
5189,28,3,2035-04-01 00:00:00,0.5848501903837328
5190,28,3,2036-04-01 00:00:00,0.6323408633128232
5191,28,3,2037-04-01 00:00:00,0.6774825352153132
5192,28,3,2038-04-01 00:00:00,0.721807163282464
5193,28,3,2039-04-01 00:00:00,0.7630168117273846
5194,28,3,2040-04-01 00:00:00,0.8039200687340526
5195,28,3,2041-04-01 00:00:00,0.8498787844718819
5196,28,3,2042-04-01 00:00:00,0.8974715878803899
5197,28,3,2043-04-01 00:00:00,0.9445026736521016
5198,28,3,2044-04-01 00:00:00,0.9857123220970222
5199,28,3,2045-04-01 00:00:00,1.0202834893798116
5200,28,3,2046-04-01 00:00:00,1.0578675058054143
5201,28,3,2047-04-01 00:00:00,1.0984643713738298
5202,28,3,2048-04-01 00:00:00,1.1387548455039946
5203,28,3,2049-04-01 00:00:00,1.1797091677503702
5204,28,3,2050-04-01 00:00:00,1.2183655542098564
5205,28,3,2051-04-01 00:00:00,1.2265870578029572
5206,28,3,2052-04-01 00:00:00,1.2517111557396374
5207,28,3,2053-04-01 00:00:00,1.2808183423735953
5208,28,3,2054-04-01 00:00:00,1.3098744637678454
5209,29,1,2023-11-01 00:00:00,0.038217425817574036
5210,29,1,2024-11-01 00:00:00,0.038686031856209134
5211,29,1,2025-11-01 00:00:00,0.03896372432354846
5212,29,1,2026-11-01 00:00:00,0.03965795549189676
5213,29,1,2027-11-01 00:00:00,0.040178628868157984
5214,29,1,2028-11-01 00:00:00,0.040820792698880164
5215,29,1,2029-11-01 00:00:00,0.03847776250570465
5216,29,1,2030-11-01 00:00:00,0.039293484128513904
5217,29,1,2031-11-01 00:00:00,0.03988358062160996
5218,29,1,2032-11-01 00:00:00,0.04045632133549731
5219,29,1,2033-11-01 00:00:00,0.04118526406226303
5220,29,1,2034-11-01 00:00:00,0.04198362990586357
5221,29,1,2035-11-01 00:00:00,0.04285141886629895
5222,29,1,2036-11-01 00:00:00,0.043805986722777863
5223,29,1,2037-11-01 00:00:00,0.04441343899508263
5224,29,1,2038-11-01 00:00:00,0.045055602825804814
5225,29,1,2039-11-01 00:00:00,0.046010170682283726
5226,29,1,2040-11-01 00:00:00,0.04654819983775366
5227,29,1,2041-11-01 00:00:00,0.046947382759553936
5228,29,1,2042-11-01 00:00:00,0.04745070035660645
5229,29,1,2043-11-01 00:00:00,0.04788459483682414
5230,29,1,2044-11-01 00:00:00,0.04817964308337217
5231,29,1,2045-11-01 00:00:00,0.04857882600517244
5232,29,1,2046-11-01 00:00:00,0.04913421093985108
5233,29,1,2047-11-01 00:00:00,0.04949868230323394
5234,29,1,2048-11-01 00:00:00,0.0507656541854696
5235,29,1,2049-11-01 00:00:00,0.05175493360036593
5236,29,1,2050-11-01 00:00:00,0.052830991911305795
5237,29,1,2051-11-01 00:00:00,0.05303926126181028
5238,29,1,2052-11-01 00:00:00,0.05375084820936729
5239,29,1,2053-11-01 00:00:00,0.05430623314404594
5240,29,1,2024-04-01 00:00:00,0.038217425817574036
5241,29,1,2025-04-01 00:00:00,0.03849511828491335
5242,29,1,2026-04-01 00:00:00,0.03872074341462655
5243,29,1,2027-04-01 00:00:00,0.03924141679088778
5244,29,1,2028-04-01 00:00:00,0.039848869063192544
5245,29,1,2029-04-01 00:00:00,0.03807857958390438
5246,29,1,2030-04-01 00:00:00,0.03776617555814764
5247,29,1,2031-04-01 00:00:00,0.0385992529601656
5248,29,1,2032-04-01 00:00:00,0.03917199367405295
5249,29,1,2033-04-01 00:00:00,0.039848869063192544
5250,29,1,2034-04-01 00:00:00,0.04061252334837567
5251,29,1,2035-04-01 00:00:00,0.04148031230881105
5252,29,1,2036-04-01 00:00:00,0.04246959172370738
5253,29,1,2037-04-01 00:00:00,0.04352829425543854
5254,29,1,2038-04-01 00:00:00,0.044274592761412976
5255,29,1,2039-04-01 00:00:00,0.04491675659213515
5256,29,1,2040-04-01 00:00:00,0.04587132444861407
5257,29,1,2041-04-01 00:00:00,0.046339930487249166
5258,29,1,2042-04-01 00:00:00,0.04682589230509298
5259,29,1,2043-04-01 00:00:00,0.04739863301898033
5260,29,1,2044-04-01 00:00:00,0.0477978159407806
5261,29,1,2045-04-01 00:00:00,0.04797137373286768
5262,29,1,2046-04-01 00:00:00,0.048387912433876655
5263,29,1,2047-04-01 00:00:00,0.04904743204380755
5264,29,1,2048-04-01 00:00:00,0.049516038082442655
5265,29,1,2049-04-01 00:00:00,0.051216904444895996
5266,29,1,2050-04-01 00:00:00,0.0523797416518794
5267,29,1,2051-04-01 00:00:00,0.05343844418361056
5268,29,1,2052-04-01 00:00:00,0.053889694443036956
5269,29,1,2053-04-01 00:00:00,0.05451450249455043
5270,29,1,2054-04-01 00:00:00,0.05510459898764648
5271,29,2,2023-11-01 00:00:00,0.038217425817574036
5272,29,2,2024-11-01 00:00:00,0.04021334042657541
5273,29,2,2025-11-01 00:00:00,0.04210512036032453
5274,29,2,2026-11-01 00:00:00,0.044274592761412976
5275,29,2,2027-11-01 00:00:00,0.04620108425357951
5276,29,2,2028-11-01 00:00:00,0.04849204710912891
5277,29,2,2029-11-01 00:00:00,0.05099127931518279
5278,29,2,2030-11-01 00:00:00,0.05347315574202797
5279,29,2,2031-11-01 00:00:00,0.055850897493620905
5280,29,2,2032-11-01 00:00:00,0.05826335080363126
5281,29,2,2033-11-01 00:00:00,0.060745227230476435
5282,29,2,2034-11-01 00:00:00,0.06308825742365196
5283,29,2,2035-11-01 00:00:00,0.0659693167722974
5284,29,2,2036-11-01 00:00:00,0.06888508767936027
5285,29,2,2037-11-01 00:00:00,0.07185292592404927
5286,29,2,2038-11-01 00:00:00,0.07433480235089444
5287,29,2,2039-11-01 00:00:00,0.07681667877773964
5288,29,2,2040-11-01 00:00:00,0.07964567078875896
5289,29,2,2041-11-01 00:00:00,0.08235317234531735
5290,29,2,2042-11-01 00:00:00,0.08495653922662348
5291,29,2,2043-11-01 00:00:00,0.08738634831584254
5292,29,2,2044-11-01 00:00:00,0.08936490714563519
5293,29,2,2045-11-01 00:00:00,0.09158644688434976
5294,29,2,2046-11-01 00:00:00,0.09410303486961236
5295,29,2,2047-11-01 00:00:00,0.09644606506278788
5296,29,2,2048-11-01 00:00:00,0.09871967213912856
5297,29,2,2049-11-01 00:00:00,0.10083707720259089
5298,29,2,2050-11-01 00:00:00,0.10187842395511335
5299,29,2,2051-11-01 00:00:00,0.10375284810965375
5300,29,2,2052-11-01 00:00:00,0.10607852252362056
5301,29,2,2053-11-01 00:00:00,0.10802236979499581
5302,29,2,2024-04-01 00:00:00,0.038217425817574036
5303,29,2,2025-04-01 00:00:00,0.04059516756916697
5304,29,2,2026-04-01 00:00:00,0.042938197762342485
5305,29,2,2027-04-01 00:00:00,0.04547214152681379
5306,29,2,2028-04-01 00:00:00,0.04795401795365897
5307,29,2,2029-04-01 00:00:00,0.05080036574388701
5308,29,2,2030-04-01 00:00:00,0.05392440600145437
5309,29,2,2031-04-01 00:00:00,0.057013734700604314
5310,29,2,2032-04-01 00:00:00,0.060016284503710715
5311,29,2,2033-04-01 00:00:00,0.0629841227483997
5312,29,2,2034-04-01 00:00:00,0.06588253787625388
5313,29,2,2035-04-01 00:00:00,0.06876359722489932
5314,29,2,2036-04-01 00:00:00,0.07263393598844112
5315,29,2,2037-04-01 00:00:00,0.07626129384306099
5316,29,2,2038-04-01 00:00:00,0.07999278637293313
5317,29,2,2039-04-01 00:00:00,0.08278706682553504
5318,29,2,2040-04-01 00:00:00,0.08580697240785014
5319,29,2,2041-04-01 00:00:00,0.0893822629248439
5320,29,2,2042-04-01 00:00:00,0.0930616881170899
5321,29,2,2043-04-01 00:00:00,0.09641135350437045
5322,29,2,2044-04-01 00:00:00,0.09918827817776367
5323,29,2,2045-04-01 00:00:00,0.10165279882540014
5324,29,2,2046-04-01 00:00:00,0.10448179083641948
5325,29,2,2047-04-01 00:00:00,0.10788352356132615
5326,29,2,2048-04-01 00:00:00,0.11100756381889351
5327,29,2,2049-04-01 00:00:00,0.1139406905051651
5328,29,2,2050-04-01 00:00:00,0.11654405738647124
5329,29,2,2051-04-01 00:00:00,0.11744655790532402
5330,29,2,2052-04-01 00:00:00,0.1199805016697953
5331,29,2,2053-04-01 00:00:00,0.12251444543426662
5332,29,2,2054-04-01 00:00:00,0.12487483140665086
5333,29,3,2023-11-01 00:00:00,0.038217425817574036
5334,29,3,2024-11-01 00:00:00,0.04278199574946412
5335,29,3,2025-11-01 00:00:00,0.04762425814869353
5336,29,3,2026-11-01 00:00:00,0.05250123210634035
5337,29,3,2027-11-01 00:00:00,0.05758647541449166
5338,29,3,2028-11-01 00:00:00,0.06355686346228706
5339,29,3,2029-11-01 00:00:00,0.07037768469130913
5340,29,3,2030-11-01 00:00:00,0.07761504462134018
5341,29,3,2031-11-01 00:00:00,0.08473091409691028
5342,29,3,2032-11-01 00:00:00,0.09137817753384526
5343,29,3,2033-11-01 00:00:00,0.09811221986682381
5344,29,3,2034-11-01 00:00:00,0.1052107335631852
5345,29,3,2035-11-01 00:00:00,0.11282992063580782
5346,29,3,2036-11-01 00:00:00,0.12039704037080431
5347,29,3,2037-11-01 00:00:00,0.12794680432659208
5348,29,3,2038-11-01 00:00:00,0.13521887581504055
5349,29,3,2039-11-01 00:00:00,0.14231738951140194
5350,29,3,2040-11-01 00:00:00,0.1500233554800681
5351,29,3,2041-11-01 00:00:00,0.15779874456556908
5352,29,3,2042-11-01 00:00:00,0.16553942209265263
5353,29,3,2043-11-01 00:00:00,0.1729850513731882
5354,29,3,2044-11-01 00:00:00,0.17933726656357515
5355,29,3,2045-11-01 00:00:00,0.18596717422130146
5356,29,3,2046-11-01 00:00:00,0.19284006278794963
5357,29,3,2047-11-01 00:00:00,0.19952203778330202
5358,29,3,2048-11-01 00:00:00,0.2058916087528977
5359,29,3,2049-11-01 00:00:00,0.21245209329378917
5360,29,3,2050-11-01 00:00:00,0.21429180588991217
5361,29,3,2051-11-01 00:00:00,0.2182489235494975
5362,29,3,2052-11-01 00:00:00,0.22338623419527495
5363,29,3,2053-11-01 00:00:00,0.2283326312697566
5364,29,3,2024-04-01 00:00:00,0.038217425817574036
5365,29,3,2025-04-01 00:00:00,0.043545650034647256
5366,29,3,2026-04-01 00:00:00,0.04915156671905979
5367,29,3,2027-04-01 00:00:00,0.05460128139059397
5368,29,3,2028-04-01 00:00:00,0.060727871451267734
5369,29,3,2029-04-01 00:00:00,0.06793051982288137
5370,29,3,2030-04-01 00:00:00,0.07619187072622616
5371,29,3,2031-04-01 00:00:00,0.08500860656424959
5372,29,3,2032-04-01 00:00:00,0.09359971727255983
5373,29,3,2033-04-01 00:00:00,0.10140981791647824
5374,29,3,2034-04-01 00:00:00,0.10894222609305731
5375,29,3,2035-04-01 00:00:00,0.11746391368453274
5376,29,3,2036-04-01 00:00:00,0.1270095922493219
5377,29,3,2037-04-01 00:00:00,0.13608666477547593
5378,29,3,2038-04-01 00:00:00,0.1449728237303342
5379,29,3,2039-04-01 00:00:00,0.15326888619209642
5380,29,3,2040-04-01 00:00:00,0.1614781697578151
5381,29,3,2041-04-01 00:00:00,0.1707114442968475
5382,29,3,2042-04-01 00:00:00,0.18027447864084536
5383,29,3,2043-04-01 00:00:00,0.18971602253038228
5384,29,3,2044-04-01 00:00:00,0.19797737343372707
5385,29,3,2045-04-01 00:00:00,0.2049370408964188
5386,29,3,2046-04-01 00:00:00,0.21248680485220658
5387,29,3,2047-04-01 00:00:00,0.22062666530109043
5388,29,3,2048-04-01 00:00:00,0.22873181419155683
5389,29,3,2049-04-01 00:00:00,0.23695845353648423
5390,29,3,2050-04-01 00:00:00,0.2447164868427765
5391,29,3,2051-04-01 00:00:00,0.24638264164681245
5392,29,3,2052-04-01 00:00:00,0.25141581761733767
5393,29,3,2053-04-01 00:00:00,0.2572473594314634
5394,29,3,2054-04-01 00:00:00,0.26309625702479783
5395,30,1,2023-11-01 00:00:00,0.055764118597577364
5396,30,1,2024-11-01 00:00:00,0.056458349765925675
5397,30,1,2025-11-01 00:00:00,0.056857532687725955
5398,30,1,2026-11-01 00:00:00,0.05788152366103969
5399,30,1,2027-11-01 00:00:00,0.05864517794622282
5400,30,1,2028-11-01 00:00:00,0.059582390023493026
5401,30,1,2029-11-01 00:00:00,0.056145945740168936
5402,30,1,2030-11-01 00:00:00,0.05732613872636105
5403,30,1,2031-11-01 00:00:00,0.05819392768679643
5404,30,1,2032-11-01 00:00:00,0.0590270050888144
5405,30,1,2033-11-01 00:00:00,0.06010306339975425
5406,30,1,2034-11-01 00:00:00,0.06126590060673766
5407,30,1,2035-11-01 00:00:00,0.0625155167097646
5408,30,1,2036-11-01 00:00:00,0.06392133482566992
5409,30,1,2037-11-01 00:00:00,0.0647891237861053
5410,30,1,2038-11-01 00:00:00,0.06574369164258421
5411,30,1,2039-11-01 00:00:00,0.06713215397928081
5412,30,1,2040-11-01 00:00:00,0.06793051982288136
5413,30,1,2041-11-01 00:00:00,0.06848590475756001
5414,30,1,2042-11-01 00:00:00,0.06921484748432571
5415,30,1,2043-11-01 00:00:00,0.0698743670942566
5416,30,1,2044-11-01 00:00:00,0.070325617353683
5417,30,1,2045-11-01 00:00:00,0.07088100228836165
5418,30,1,2046-11-01 00:00:00,0.0717140796903796
5419,30,1,2047-11-01 00:00:00,0.07223475306664084
5420,30,1,2048-11-01 00:00:00,0.07405710988355514
5421,30,1,2049-11-01 00:00:00,0.07551499533708657
5422,30,1,2050-11-01 00:00:00,0.07707701546587024
5423,30,1,2051-11-01 00:00:00,0.07740677527083568
5424,30,1,2052-11-01 00:00:00,0.07843076624414944
5425,30,1,2053-11-01 00:00:00,0.0792464878669587
5426,30,1,2024-04-01 00:00:00,0.055764118597577364
5427,30,1,2025-04-01 00:00:00,0.056163301519377644
5428,30,1,2026-04-01 00:00:00,0.0565104171035518
5429,30,1,2027-04-01 00:00:00,0.05727407138873493
5430,30,1,2028-04-01 00:00:00,0.0581245045699616
5431,30,1,2029-04-01 00:00:00,0.05557320502628158
5432,30,1,2030-04-01 00:00:00,0.055104598987646476
5433,30,1,2031-04-01 00:00:00,0.0563021477530473
5434,30,1,2032-04-01 00:00:00,0.05716993671348268
5435,30,1,2033-04-01 00:00:00,0.05815921612837901
5436,30,1,2034-04-01 00:00:00,0.05925263021852759
5437,30,1,2035-04-01 00:00:00,0.06050224632155453
5438,30,1,2036-04-01 00:00:00,0.06196013177508597
5439,30,1,2037-04-01 00:00:00,0.06352215190386964
5440,30,1,2038-04-01 00:00:00,0.0645982102148095
5441,30,1,2039-04-01 00:00:00,0.06553542229207973
5442,30,1,2040-04-01 00:00:00,0.06690652884956763
5443,30,1,2041-04-01 00:00:00,0.06760076001791593
5444,30,1,2042-04-01 00:00:00,0.06831234696547293
5445,30,1,2043-04-01 00:00:00,0.0691454243674909
5446,30,1,2044-04-01 00:00:00,0.06977023241900436
5447,30,1,2045-04-01 00:00:00,0.07001321332792627
5448,30,1,2046-04-01 00:00:00,0.07060330982102234
5449,30,1,2047-04-01 00:00:00,0.07157523345670995
5450,30,1,2048-04-01 00:00:00,0.07225210884584954
5451,30,1,2049-04-01 00:00:00,0.0747339852726947
5452,30,1,2050-04-01 00:00:00,0.07643485163514807
5453,30,1,2051-04-01 00:00:00,0.07799687176393176
5454,30,1,2052-04-01 00:00:00,0.07862167981544521
5455,30,1,2053-04-01 00:00:00,0.07955889189271544
5456,30,1,2054-04-01 00:00:00,0.08042668085315081
5457,30,2,2023-11-01 00:00:00,0.055764118597577364
5458,30,2,2024-11-01 00:00:00,0.05867988950464023
5459,30,2,2025-11-01 00:00:00,0.06145681417803344
5460,30,2,2026-11-01 00:00:00,0.06461556599401823
5461,30,2,2027-11-01 00:00:00,0.06740984644662013
5462,30,2,2028-11-01 00:00:00,0.070742156054692
5463,30,2,2029-11-01 00:00:00,0.07440422546772929
5464,30,2,2030-11-01 00:00:00,0.07801422754314045
5465,30,2,2031-11-01 00:00:00,0.08146802760567326
5466,30,2,2032-11-01 00:00:00,0.08500860656424959
5467,30,2,2033-11-01 00:00:00,0.08861860863966077
5468,30,2,2034-11-01 00:00:00,0.09205505292298487
5469,30,2,2035-11-01 00:00:00,0.09623779571228337
5470,30,2,2036-11-01 00:00:00,0.10052467317683415
5471,30,2,2037-11-01 00:00:00,0.10486361797901103
5472,30,2,2038-11-01 00:00:00,0.1084562642752135
5473,30,2,2039-11-01 00:00:00,0.1120836221298334
5474,30,2,2040-11-01 00:00:00,0.11619694180229707
5475,30,2,2041-11-01 00:00:00,0.1201714152410911
5476,30,2,2042-11-01 00:00:00,0.12397233088779805
5477,30,2,2043-11-01 00:00:00,0.1275129098463744
5478,30,2,2044-11-01 00:00:00,0.13041132497422853
5479,30,2,2045-11-01 00:00:00,0.13362214412783943
5480,30,2,2046-11-01 00:00:00,0.13730156932008547
5481,30,2,2047-11-01 00:00:00,0.14073801360340957
5482,30,2,2048-11-01 00:00:00,0.144035611653064
5483,30,2,2049-11-01 00:00:00,0.14710758457300527
5484,30,2,2050-11-01 00:00:00,0.1486522489225802
5485,30,2,2051-11-01 00:00:00,0.15139446203755597
5486,30,2,2052-11-01 00:00:00,0.15479619476246267
5487,30,2,2053-11-01 00:00:00,0.1576425425526907
5488,30,2,2024-04-01 00:00:00,0.055764118597577364
5489,30,2,2025-04-01 00:00:00,0.05925263021852759
5490,30,2,2026-04-01 00:00:00,0.06267171872264297
5491,30,2,2027-04-01 00:00:00,0.06635114391488899
5492,30,2,2028-04-01 00:00:00,0.06997850176950887
5493,30,2,2029-04-01 00:00:00,0.07414388877959867
5494,30,2,2030-04-01 00:00:00,0.07869110293228004
5495,30,2,2031-04-01 00:00:00,0.08320360552654402
5496,30,2,2032-04-01 00:00:00,0.08757726188713832
5497,30,2,2033-04-01 00:00:00,0.0918814951308978
5498,30,2,2034-04-01 00:00:00,0.09613366103703112
5499,30,2,2035-04-01 00:00:00,0.10031640382632967
5500,30,2,2036-04-01 00:00:00,0.10595703206915963
5501,30,2,2037-04-01 00:00:00,0.11128525628623284
5502,30,2,2038-04-01 00:00:00,0.11670025939934958
5503,30,2,2039-04-01 00:00:00,0.12077886751339588
5504,30,2,2040-04-01 00:00:00,0.125221946990825
5505,30,2,2041-04-01 00:00:00,0.13042868075343728
5506,30,2,2042-04-01 00:00:00,0.1358089723081366
5507,30,2,2043-04-01 00:00:00,0.1406685904865747
5508,30,2,2044-04-01 00:00:00,0.14472984282141227
5509,30,2,2045-04-01 00:00:00,0.14832248911761478
5510,30,2,2046-04-01 00:00:00,0.15245316456928715
5511,30,2,2047-04-01 00:00:00,0.15743427320218623
5512,30,2,2048-04-01 00:00:00,0.16198148735486756
5513,30,2,2049-04-01 00:00:00,0.16625100904020965
5514,30,2,2050-04-01 00:00:00,0.1700519246869166
5515,30,2,2051-04-01 00:00:00,0.1713536081275697
5516,30,2,2052-04-01 00:00:00,0.1750677448782331
5517,30,2,2053-04-01 00:00:00,0.1787645258496878
5518,30,2,2054-04-01 00:00:00,0.1822009701330119
5519,30,3,2023-11-01 00:00:00,0.055764118597577364
5520,30,3,2024-11-01 00:00:00,0.06241138203451237
5521,30,3,2025-11-01 00:00:00,0.06947518417245634
5522,30,3,2026-11-01 00:00:00,0.07659105364802643
5523,30,3,2027-11-01 00:00:00,0.08403668292856196
5524,30,3,2028-11-01 00:00:00,0.09271457253291576
5525,30,3,2029-11-01 00:00:00,0.1026941455779226
5526,30,3,2030-11-01 00:00:00,0.1132638151160255
5527,30,3,2031-11-01 00:00:00,0.12362521530362389
5528,30,3,2032-11-01 00:00:00,0.1333444516605001
5529,30,3,2033-11-01 00:00:00,0.14316782269262862
5530,30,3,2034-11-01 00:00:00,0.1535118671010183
5531,30,3,2035-11-01 00:00:00,0.16463692157379986
5532,30,3,2036-11-01 00:00:00,0.17569255292974656
5533,30,3,2037-11-01 00:00:00,0.1867134727272759
5534,30,3,2038-11-01 00:00:00,0.1973004980445875
5535,30,3,2039-11-01 00:00:00,0.20764454245297714
5536,30,3,2040-11-01 00:00:00,0.21889108738021967
5537,30,3,2041-11-01 00:00:00,0.23024176698271445
5538,30,3,2042-11-01 00:00:00,0.24155773502679176
5539,30,3,2043-11-01 00:00:00,0.25240509703223396
5540,30,3,2044-11-01 00:00:00,0.26167308312968374
5541,30,3,2045-11-01 00:00:00,0.2713576079281426
5542,30,3,2046-11-01 00:00:00,0.28140660408998425
5543,30,3,2047-11-01 00:00:00,0.2911431962260692
5544,30,3,2048-11-01 00:00:00,0.3004111823235191
5545,30,3,2049-11-01 00:00:00,0.3100089282259343
5546,30,3,2050-11-01 00:00:00,0.3126817182240753
5547,30,3,2051-11-01 00:00:00,0.31846119270057494
5548,30,3,2052-11-01 00:00:00,0.3259588893187365
5549,30,3,2053-11-01 00:00:00,0.3331441819111415
5550,30,3,2024-04-01 00:00:00,0.055764118597577364
5551,30,3,2025-04-01 00:00:00,0.06353950768307835
5552,30,3,2026-04-01 00:00:00,0.07169672391117089
5553,30,3,2027-04-01 00:00:00,0.07969773812638507
5554,30,3,2028-04-01 00:00:00,0.08861860863966076
5555,30,3,2029-04-01 00:00:00,0.09910149928172013
5556,30,3,2030-04-01 00:00:00,0.1111637658317719
5557,30,3,2031-04-01 00:00:00,0.12402439822542419
5558,30,3,2032-04-01 00:00:00,0.13658998237252842
5559,30,3,2033-04-01 00:00:00,0.14799272931264928
5560,30,3,2034-04-01 00:00:00,0.15894422599334376
5561,30,3,2035-04-01 00:00:00,0.17140567546519578
5562,30,3,2036-04-01 00:00:00,0.18532501039057928
5563,30,3,2037-04-01 00:00:00,0.19856746992682311
5564,30,3,2038-04-01 00:00:00,0.21154959277493635
5565,30,3,2039-04-01 00:00:00,0.2236292151041968
5566,30,3,2040-04-01 00:00:00,0.23560470275820505
5567,30,3,2041-04-01 00:00:00,0.24909014320337078
5568,30,3,2042-04-01 00:00:00,0.26302683390796294
5569,30,3,2043-04-01 00:00:00,0.27682467837888547
5570,30,3,2044-04-01 00:00:00,0.28888694492893724
5571,30,3,2045-04-01 00:00:00,0.2990227199868225
5572,30,3,2046-04-01 00:00:00,0.31004363978435173
5573,30,3,2047-04-01 00:00:00,0.32194970432152514
5574,30,3,2048-04-01 00:00:00,0.3337516341834462
5575,30,3,2049-04-01 00:00:00,0.3457444776166632
5576,30,3,2050-04-01 00:00:00,0.3570951572191579
5577,30,3,2051-04-01 00:00:00,0.3594902547499595
5578,30,3,2052-04-01 00:00:00,0.36686646091366026
5579,30,3,2053-04-01 00:00:00,0.375370792725927
5580,30,3,2054-04-01 00:00:00,0.3838924803174023
5581,31,1,2023-11-01 00:00:00,0.16958331864828152
5582,31,1,2024-11-01 00:00:00,0.17170072371174383
5583,31,1,2025-11-01 00:00:00,0.17291562825635334
5584,31,1,2026-11-01 00:00:00,0.17600495695550333
5585,31,1,2027-11-01 00:00:00,0.17831327559026142
5586,31,1,2028-11-01 00:00:00,0.1811769791596982
5587,31,1,2029-11-01 00:00:00,0.1707461558552649
5588,31,1,2030-11-01 00:00:00,0.17433880215146738
5589,31,1,2031-11-01 00:00:00,0.17697688059119093
5590,31,1,2032-11-01 00:00:00,0.17952818013487093
5591,31,1,2033-11-01 00:00:00,0.18275635506769053
5592,31,1,2034-11-01 00:00:00,0.18631428980547557
5593,31,1,2035-11-01 00:00:00,0.19013256123139122
5594,31,1,2036-11-01 00:00:00,0.19436737135831592
5595,31,1,2037-11-01 00:00:00,0.19704016135645683
5596,31,1,2038-11-01 00:00:00,0.19992122070510232
5597,31,1,2039-11-01 00:00:00,0.20415603083202694
5598,31,1,2040-11-01 00:00:00,0.2065684841420373
5599,31,1,2041-11-01 00:00:00,0.20828670628369936
5600,31,1,2042-11-01 00:00:00,0.21052560180162264
5601,31,1,2043-11-01 00:00:00,0.21248680485220658
5602,31,1,2044-11-01 00:00:00,0.21382319985127704
5603,31,1,2045-11-01 00:00:00,0.21554142199293913
5604,31,1,2046-11-01 00:00:00,0.218040654198993
5605,31,1,2047-11-01 00:00:00,0.21963738588619408
5606,31,1,2048-11-01 00:00:00,0.2252259467913979
5607,31,1,2049-11-01 00:00:00,0.22965167048961835
5608,31,1,2050-11-01 00:00:00,0.23440715399280423
5609,31,1,2051-11-01 00:00:00,0.23539643340770056
5610,31,1,2052-11-01 00:00:00,0.2384857621068505
5611,31,1,2053-11-01 00:00:00,0.24100235009211313
5612,31,1,2024-04-01 00:00:00,0.16958331864828152
5613,31,1,2025-04-01 00:00:00,0.17081557897209979
5614,31,1,2026-04-01 00:00:00,0.17183956994541347
5615,31,1,2027-04-01 00:00:00,0.17414788858017158
5616,31,1,2028-04-01 00:00:00,0.17678596701989513
5617,31,1,2029-04-01 00:00:00,0.16899322215518545
5618,31,1,2030-04-01 00:00:00,0.16757004826007146
5619,31,1,2031-04-01 00:00:00,0.17126682923152614
5620,31,1,2032-04-01 00:00:00,0.17385284033362358
5621,31,1,2033-04-01 00:00:00,0.1768380343575213
5622,31,1,2034-04-01 00:00:00,0.18020505552401056
5623,31,1,2035-04-01 00:00:00,0.1840233269499262
5624,31,1,2036-04-01 00:00:00,0.18843169486893793
5625,31,1,2037-04-01 00:00:00,0.19315246681370635
5626,31,1,2038-04-01 00:00:00,0.19646742064256953
5627,31,1,2039-04-01 00:00:00,0.19931376843279752
5628,31,1,2040-04-01 00:00:00,0.20353122278051347
5629,31,1,2041-04-01 00:00:00,0.2056139162855584
5630,31,1,2042-04-01 00:00:00,0.20776603290743814
5631,31,1,2043-04-01 00:00:00,0.21028262089270072
5632,31,1,2044-04-01 00:00:00,0.21212233348882376
5633,31,1,2045-04-01 00:00:00,0.21288598777400683
5634,31,1,2046-04-01 00:00:00,0.21470834459092117
5635,31,1,2047-04-01 00:00:00,0.21765882705640144
5636,31,1,2048-04-01 00:00:00,0.21974152056144636
5637,31,1,2049-04-01 00:00:00,0.22729128451723413
5638,31,1,2050-04-01 00:00:00,0.2324459509422203
5639,31,1,2051-04-01 00:00:00,0.23714936710777998
5640,31,1,2052-04-01 00:00:00,0.23911057015836398
5641,31,1,2053-04-01 00:00:00,0.24192220639017456
5642,31,1,2054-04-01 00:00:00,0.24454292905068944
5643,31,2,2023-11-01 00:00:00,0.16958331864828152
5644,31,2,2024-11-01 00:00:00,0.1784694776031398
5645,31,2,2025-11-01 00:00:00,0.18685231896094553
5646,31,2,2026-11-01 00:00:00,0.1964674206425695
5647,31,2,2027-11-01 00:00:00,0.20500646401325365
5648,31,2,2028-11-01 00:00:00,0.21515959485034752
5649,31,2,2029-11-01 00:00:00,0.22628464932312908
5650,31,2,2030-11-01 00:00:00,0.23725350178303223
5651,31,2,2031-11-01 00:00:00,0.24780581554192646
5652,31,2,2032-11-01 00:00:00,0.2585316870929077
5653,31,2,2033-11-01 00:00:00,0.26953525111122834
5654,31,2,2034-11-01 00:00:00,0.2799313628572442
5655,31,2,2035-11-01 00:00:00,0.29270521635485297
5656,31,2,2036-11-01 00:00:00,0.30568733920296615
5657,31,2,2037-11-01 00:00:00,0.31887773140158393
5658,31,2,2038-11-01 00:00:00,0.32986393964069577
5659,31,2,2039-11-01 00:00:00,0.34086750365901636
5660,31,2,2040-11-01 00:00:00,0.35338102046849446
5661,31,2,2041-11-01 00:00:00,0.3654259312393376
5662,31,2,2042-11-01 00:00:00,0.3769848801923367
5663,31,2,2043-11-01 00:00:00,0.3877628190809442
5664,31,2,2044-11-01 00:00:00,0.39654484336055024
5665,31,2,2045-11-01 00:00:00,0.4063855701718874
5666,31,2,2046-11-01 00:00:00,0.41756269198229506
5667,31,2,2047-11-01 00:00:00,0.42799351528672824
5668,31,2,2048-11-01 00:00:00,0.4380598672277786
5669,31,2,2049-11-01 00:00:00,0.447414632221272
5670,31,2,2050-11-01 00:00:00,0.4520833368284144
5671,31,2,2051-11-01 00:00:00,0.46037939929017657
5672,31,2,2052-11-01 00:00:00,0.4707234436985662
5673,31,2,2053-11-01 00:00:00,0.4793666217445026
5674,31,2,2024-04-01 00:00:00,0.16958331864828152
5675,31,2,2025-04-01 00:00:00,0.18015298818638442
5676,31,2,2026-04-01 00:00:00,0.1905490999324002
5677,31,2,2027-04-01 00:00:00,0.20176093330122533
5678,31,2,2028-04-01 00:00:00,0.212816564657172
5679,31,2,2029-04-01 00:00:00,0.2254515719211111
5680,31,2,2030-04-01 00:00:00,0.23928412795045106
5681,31,2,2031-04-01 00:00:00,0.25301254930453865
5682,31,2,2032-04-01 00:00:00,0.2663070761784087
5683,31,2,2033-04-01 00:00:00,0.279462756818609
5684,31,2,2034-04-01 00:00:00,0.29235810077067875
5685,31,2,2035-04-01 00:00:00,0.3051145984890788
5686,31,2,2036-04-01 00:00:00,0.3222794641264905
5687,31,2,2037-04-01 00:00:00,0.3384203387905886
5688,31,2,2038-04-01 00:00:00,0.35492568481806946
5689,31,2,2039-04-01 00:00:00,0.36731771117308665
5690,31,2,2040-04-01 00:00:00,0.38078579583904376
5691,31,2,2041-04-01 00:00:00,0.3966489780358024
5692,31,2,2042-04-01 00:00:00,0.41296341049198754
5693,31,2,2043-04-01 00:00:00,0.42780260171543244
5694,31,2,2044-04-01 00:00:00,0.44012520495361485
5695,31,2,2045-04-01 00:00:00,0.4510593458551006
5696,31,2,2046-04-01 00:00:00,0.4636249300022049
5697,31,2,2047-04-01 00:00:00,0.47872445791378043
5698,31,2,2048-04-01 00:00:00,0.4926090812807466
5699,31,2,2049-04-01 00:00:00,0.5056085599080684
5700,31,2,2050-04-01 00:00:00,0.5171501530818591
5701,31,2,2051-04-01 00:00:00,0.521124626520653
5702,31,2,2052-04-01 00:00:00,0.5323885272271042
5703,31,2,2053-04-01 00:00:00,0.543617716375138
5704,31,2,2054-04-01 00:00:00,0.5540832512379886
5705,31,3,2023-11-01 00:00:00,0.16958331864828152
5706,31,3,2024-11-01 00:00:00,0.1898201572056345
5707,31,3,2025-11-01 00:00:00,0.21128925608680577
5708,31,3,2026-11-01 00:00:00,0.23294926853927278
5709,31,3,2027-11-01 00:00:00,0.25554649306901006
5710,31,3,2028-11-01 00:00:00,0.28199670058308035
5711,31,3,2029-11-01 00:00:00,0.31231724686069245
5712,31,3,2030-11-01 00:00:00,0.3444427941760101
5713,31,3,2031-11-01 00:00:00,0.37596088921902304
5714,31,3,2032-11-01 00:00:00,0.4054830696530346
5715,31,3,2033-11-01 00:00:00,0.43538707722963765
5716,31,3,2034-11-01 00:00:00,0.4668357491558158
5717,31,3,2035-11-01 00:00:00,0.5006968743920043
5718,31,3,2036-11-01 00:00:00,0.5342629513816447
5719,31,3,2037-11-01 00:00:00,0.5677596052544502
5720,31,3,2038-11-01 00:00:00,0.6000066430242287
5721,31,3,2039-11-01 00:00:00,0.6314900265088244
5722,31,3,2040-11-01 00:00:00,0.6656635557707695
5723,31,3,2041-11-01 00:00:00,0.7001668448376801
5724,31,3,2042-11-01 00:00:00,0.7345833550085471
5725,31,3,2043-11-01 00:00:00,0.7675766912843003
5726,31,3,2044-11-01 00:00:00,0.7957798324984501
5727,31,3,2045-11-01 00:00:00,0.8251978782572095
5728,31,3,2046-11-01 00:00:00,0.8557266938853259
5729,31,3,2047-11-01 00:00:00,0.8853530089945898
5730,31,3,2048-11-01 00:00:00,0.9135735059879482
5731,31,3,2049-11-01 00:00:00,0.942731215058577
5732,31,3,2050-11-01 00:00:00,0.9508884312866694
5733,31,3,2051-11-01 00:00:00,0.9684698356250901
5734,31,3,2052-11-01 00:00:00,0.9912406179469145
5735,31,3,2053-11-01 00:00:00,1.0131609670875121
5736,31,3,2024-04-01 00:00:00,0.16958331864828152
5737,31,3,2025-04-01 00:00:00,0.19323924570974987
5738,31,3,2026-04-01 00:00:00,0.21805800997820174
5739,31,3,2027-04-01 00:00:00,0.2423040335327662
5740,31,3,2028-04-01 00:00:00,0.26948318377360214
5741,31,3,2029-04-01 00:00:00,0.30141781751762414
5742,31,3,2030-04-01 00:00:00,0.3380558674272058
5743,31,3,2031-04-01 00:00:00,0.3771931495428412
5744,31,3,2032-04-01 00:00:00,0.4153585080227892
5745,31,3,2033-04-01 00:00:00,0.4500179991025782
5746,31,3,2034-04-01 00:00:00,0.48339316252092274
5747,31,3,2035-04-01 00:00:00,0.5212634727543226
5748,31,3,2036-04-01 00:00:00,0.5635768624651517
5749,31,3,2037-04-01 00:00:00,0.6038422702293532
5750,31,3,2038-04-01 00:00:00,0.6433093121499543
5751,31,3,2039-04-01 00:00:00,0.6800862082932055
5752,31,3,2040-04-01 00:00:00,0.7165159888522827
5753,31,3,2041-04-01 00:00:00,0.7575276951224587
5754,31,3,2042-04-01 00:00:00,0.7999278637293313
5755,31,3,2043-04-01 00:00:00,0.8418247147391512
5756,31,3,2044-04-01 00:00:00,0.8785321877655677
5757,31,3,2045-04-01 00:00:00,0.9093734074194411
5758,31,3,2046-04-01 00:00:00,0.9428700612922466
5759,31,3,2047-04-01 00:00:00,0.9790221493839845
5760,31,3,2048-04-01 00:00:00,1.0149659681252177
5761,31,3,2049-04-01 00:00:00,1.0514651718011299
5762,31,3,2050-04-01 00:00:00,1.0859163935304141
5763,31,3,2051-04-01 00:00:00,1.0932405323564889
5764,31,3,2052-04-01 00:00:00,1.1156294875357216
5765,31,3,2053-04-01 00:00:00,1.1415243101151133
5766,31,3,2054-04-01 00:00:00,1.1674538442529225
5767,32,1,2023-11-01 00:00:00,0.06466763333164433
5768,32,1,2024-11-01 00:00:00,0.06546599917524488
5769,32,1,2025-11-01 00:00:00,0.06593460521388002
5770,32,1,2026-11-01 00:00:00,0.06713215397928078
5771,32,1,2027-11-01 00:00:00,0.0679999429397162
5772,32,1,2028-11-01 00:00:00,0.06907600125065604
5773,32,1,2029-11-01 00:00:00,0.06510152781186201
5774,32,1,2030-11-01 00:00:00,0.06648999014855864
5775,32,1,2031-11-01 00:00:00,0.06747926956345501
5776,32,1,2032-11-01 00:00:00,0.06845119319914258
5777,32,1,2033-11-01 00:00:00,0.06970080930216953
5778,32,1,2034-11-01 00:00:00,0.07105456008044872
5779,32,1,2035-11-01 00:00:00,0.07249508975477147
5780,32,1,2036-11-01 00:00:00,0.07412653300038997
5781,32,1,2037-11-01 00:00:00,0.07513316819449503
5782,32,1,2038-11-01 00:00:00,0.0762439380638523
5783,32,1,2039-11-01 00:00:00,0.07785802553026211
5784,32,1,2040-11-01 00:00:00,0.07877788182832361
5785,32,1,2041-11-01 00:00:00,0.07942004565904576
5786,32,1,2042-11-01 00:00:00,0.08028783461948112
5787,32,1,2043-11-01 00:00:00,0.08101677734624688
5788,32,1,2044-11-01 00:00:00,0.08153745072250812
5789,32,1,2045-11-01 00:00:00,0.08219697033243895
5790,32,1,2046-11-01 00:00:00,0.08315153818891788
5791,32,1,2047-11-01 00:00:00,0.08377634624043138
5792,32,1,2048-11-01 00:00:00,0.08587639552468496
5793,32,1,2049-11-01 00:00:00,0.08755990610792964
5794,32,1,2050-11-01 00:00:00,0.08938226292484396
5795,32,1,2051-11-01 00:00:00,0.08976409006743546
5796,32,1,2052-11-01 00:00:00,0.09094428305362764
5797,32,1,2053-11-01 00:00:00,0.09189885091010648
5798,32,1,2024-04-01 00:00:00,0.06466763333164433
5799,32,1,2025-04-01 00:00:00,0.06513623937027946
5800,32,1,2026-04-01 00:00:00,0.0655354222920797
5801,32,1,2027-04-01 00:00:00,0.06642056703172383
5802,32,1,2028-04-01 00:00:00,0.06742720222582883
5803,32,1,2029-04-01 00:00:00,0.06444200820193113
5804,32,1,2030-04-01 00:00:00,0.0639039790464612
5805,32,1,2031-04-01 00:00:00,0.06530979716236651
5806,32,1,2032-04-01 00:00:00,0.06628172079805414
5807,32,1,2033-04-01 00:00:00,0.06742720222582883
5808,32,1,2034-04-01 00:00:00,0.0687115298872732
5809,32,1,2035-04-01 00:00:00,0.07018677112001334
5810,32,1,2036-04-01 00:00:00,0.07185292592404924
5811,32,1,2037-04-01 00:00:00,0.07365792696175485
5812,32,1,2038-04-01 00:00:00,0.07492489884399049
5813,32,1,2039-04-01 00:00:00,0.07600095715493041
5814,32,1,2040-04-01 00:00:00,0.07759768884213149
5815,32,1,2041-04-01 00:00:00,0.07841341046494074
5816,32,1,2042-04-01 00:00:00,0.07922913208774994
5817,32,1,2043-04-01 00:00:00,0.08018369994422887
5818,32,1,2044-04-01 00:00:00,0.08089528689178588
5819,32,1,2045-04-01 00:00:00,0.08119033513833394
5820,32,1,2046-04-01 00:00:00,0.0818845663066822
5821,32,1,2047-04-01 00:00:00,0.0829953361760395
5822,32,1,2048-04-01 00:00:00,0.08379370201964007
5823,32,1,2049-04-01 00:00:00,0.08667476136828552
5824,32,1,2050-04-01 00:00:00,0.08863596441886952
5825,32,1,2051-04-01 00:00:00,0.0904236096773664
5826,32,1,2052-04-01 00:00:00,0.09118726396254952
5827,32,1,2053-04-01 00:00:00,0.09224596649428071
5828,32,1,2054-04-01 00:00:00,0.09325260168838571
5829,32,2,2023-11-01 00:00:00,0.06466763333164433
5830,32,2,2024-11-01 00:00:00,0.06805201027734233
5831,32,2,2025-11-01 00:00:00,0.07126282943095318
5832,32,2,2026-11-01 00:00:00,0.07492489884399053
5833,32,2,2027-11-01 00:00:00,0.0781877853352275
5834,32,2,2028-11-01 00:00:00,0.08204076831956063
5835,32,2,2029-11-01 00:00:00,0.08627557844648526
5836,32,2,2030-11-01 00:00:00,0.09047567701499241
5837,32,2,2031-11-01 00:00:00,0.09448486201220387
5838,32,2,2032-11-01 00:00:00,0.09859818168466762
5839,32,2,2033-11-01 00:00:00,0.10276356869475739
5840,32,2,2034-11-01 00:00:00,0.10673804213355145
5841,32,2,2035-11-01 00:00:00,0.11163237187040698
5842,32,2,2036-11-01 00:00:00,0.11657876894488867
5843,32,2,2037-11-01 00:00:00,0.12159458913620512
5844,32,2,2038-11-01 00:00:00,0.1257773319255037
5845,32,2,2039-11-01 00:00:00,0.12999478627321953
5846,32,2,2040-11-01 00:00:00,0.13476762555561422
5847,32,2,2041-11-01 00:00:00,0.1393495512667129
5848,32,2,2042-11-01 00:00:00,0.14375791918572475
5849,32,2,2043-11-01 00:00:00,0.14785388307897965
5850,32,2,2044-11-01 00:00:00,0.1512209042454689
5851,32,2,2045-11-01 00:00:00,0.15496975255454967
5852,32,2,2046-11-01 00:00:00,0.15922191846068312
5853,32,2,2047-11-01 00:00:00,0.16319639189947718
5854,32,2,2048-11-01 00:00:00,0.1670493748838102
5855,32,2,2049-11-01 00:00:00,0.1706073096215953
5856,32,2,2050-11-01 00:00:00,0.1723775991008834
5857,32,2,2051-11-01 00:00:00,0.17557106247528556
5858,32,2,2052-11-01 00:00:00,0.17949346857645365
5859,32,2,2053-11-01 00:00:00,0.18279106662610806
5860,32,2,2024-04-01 00:00:00,0.06466763333164433
5861,32,2,2025-04-01 00:00:00,0.06869417410806447
5862,32,2,2026-04-01 00:00:00,0.07265129176764984
5863,32,2,2027-04-01 00:00:00,0.07693816923220057
5864,32,2,2028-04-01 00:00:00,0.08115562357991656
5865,32,2,2029-04-01 00:00:00,0.08596317442072851
5866,32,2,2030-04-01 00:00:00,0.09125668707938434
5867,32,2,2031-04-01 00:00:00,0.09648077662120534
5868,32,2,2032-04-01 00:00:00,0.10154866415014793
5869,32,2,2033-04-01 00:00:00,0.10656448434146434
5870,32,2,2034-04-01 00:00:00,0.11149352563673734
5871,32,2,2035-04-01 00:00:00,0.11633578803596668
5872,32,2,2036-04-01 00:00:00,0.12289627257685819
5873,32,2,2037-04-01 00:00:00,0.1290402184167406
5874,32,2,2038-04-01 00:00:00,0.13534036626950155
5875,32,2,2039-04-01 00:00:00,0.14007849399347863
5876,32,2,2040-04-01 00:00:00,0.14521580463925612
5877,32,2,2041-04-01 00:00:00,0.1512382600246776
5878,32,2,2042-04-01 00:00:00,0.15748634053981236
5879,32,2,2043-04-01 00:00:00,0.16312696878264232
5880,32,2,2044-04-01 00:00:00,0.16783038494820202
5881,32,2,2045-04-01 00:00:00,0.1719957719582918
5882,32,2,2046-04-01 00:00:00,0.17680332279910377
5883,32,2,2047-04-01 00:00:00,0.18254808571718606
5884,32,2,2048-04-01 00:00:00,0.18784159837584188
5885,32,2,2049-04-01 00:00:00,0.19280535122953227
5886,32,2,2050-04-01 00:00:00,0.19721371914854394
5887,32,2,2051-04-01 00:00:00,0.1987236719397014
5888,32,2,2052-04-01 00:00:00,0.2030105494042523
5889,32,2,2053-04-01 00:00:00,0.207297426868803
5890,32,2,2054-04-01 00:00:00,0.21130661186601438
5891,32,3,2023-11-01 00:00:00,0.06466763333164433
5892,32,3,2024-11-01 00:00:00,0.07239095507951922
5893,32,3,2025-11-01 00:00:00,0.08056552708682044
5894,32,3,2026-11-01 00:00:00,0.08882687799016523
5895,32,3,2027-11-01 00:00:00,0.09745270025689293
5896,32,3,2028-11-01 00:00:00,0.10753640797715201
5897,32,3,2029-11-01 00:00:00,0.11909535693015125
5898,32,3,2030-11-01 00:00:00,0.1313485370514988
5899,32,3,2031-11-01 00:00:00,0.14335873626392434
5900,32,3,2032-11-01 00:00:00,0.15462263697037557
5901,32,3,2033-11-01 00:00:00,0.1660427396897052
5902,32,3,2034-11-01 00:00:00,0.17803558312292206
5903,32,3,2035-11-01 00:00:00,0.1909135712957831
5904,32,3,2036-11-01 00:00:00,0.20373949213101805
5905,32,3,2037-11-01 00:00:00,0.21651334562862665
5906,32,3,2038-11-01 00:00:00,0.22880123730839175
5907,32,3,2039-11-01 00:00:00,0.2408114365208173
5908,32,3,2040-11-01 00:00:00,0.2538456267065567
5909,32,3,2041-11-01 00:00:00,0.2670013073467571
5910,32,3,2042-11-01 00:00:00,0.2801222764285401
5911,32,3,2043-11-01 00:00:00,0.29270521635485286
5912,32,3,2044-11-01 00:00:00,0.3034657994642516
5913,32,3,2045-11-01 00:00:00,0.31467763283307654
5914,32,3,2046-11-01 00:00:00,0.3263233606821196
5915,32,3,2047-11-01 00:00:00,0.337621972946988
5916,32,3,2048-11-01 00:00:00,0.34838255605638674
5917,32,3,2049-11-01 00:00:00,0.3594902547499594
5918,32,3,2050-11-01 00:00:00,0.3625969392283183
5919,32,3,2051-11-01 00:00:00,0.369313625782088
5920,32,3,2052-11-01 00:00:00,0.37799151538644193
5921,32,3,2053-11-01 00:00:00,0.38633964518582997
5922,32,3,2024-04-01 00:00:00,0.06466763333164433
5923,32,3,2025-04-01 00:00:00,0.07369263852017228
5924,32,3,2026-04-01 00:00:00,0.08316889396812657
5925,32,3,2027-04-01 00:00:00,0.09240216850715903
5926,32,3,2028-04-01 00:00:00,0.1027462129155487
5927,32,3,2029-04-01 00:00:00,0.11492996992006137
5928,32,3,2030-04-01 00:00:00,0.12891872796227966
5929,32,3,2031-04-01 00:00:00,0.1438446980817682
5930,32,3,2032-04-01 00:00:00,0.15838884105866513
5931,32,3,2033-04-01 00:00:00,0.17161394481570028
5932,32,3,2034-04-01 00:00:00,0.18433573097568298
5933,32,3,2035-04-01 00:00:00,0.19877573927732756
5934,32,3,2036-04-01 00:00:00,0.2149166139414256
5935,32,3,2037-04-01 00:00:00,0.23025912276192304
5936,32,3,2038-04-01 00:00:00,0.2453239391150811
5937,32,3,2039-04-01 00:00:00,0.2593300529365082
5938,32,3,2040-04-01 00:00:00,0.27323203208268293
5939,32,3,2041-04-01 00:00:00,0.28885223337051974
5940,32,3,2042-04-01 00:00:00,0.30502781959303527
5941,32,3,2043-04-01 00:00:00,0.32101249224425477
5942,32,3,2044-04-01 00:00:00,0.33501860606568185
5943,32,3,2045-04-01 00:00:00,0.34676846858997684
5944,32,3,2046-04-01 00:00:00,0.35954232208758563
5945,32,3,2047-04-01 00:00:00,0.373340166558508
5946,32,3,2048-04-01 00:00:00,0.38703387635417863
5947,32,3,2049-04-01 00:00:00,0.4009532112795617
5948,32,3,2050-04-01 00:00:00,0.4140915361405536
5949,32,3,2051-04-01 00:00:00,0.41688581659315554
5950,32,3,2052-04-01 00:00:00,0.4254248599638398
5951,32,3,2053-04-01 00:00:00,0.43531765411280277
5952,32,3,2054-04-01 00:00:00,0.44519309248255745
