id,gen_id,scenario,date,value
1,1,1,2022-07-01 00:00:00,2.0055079064552537
2,1,1,2023-07-01 00:00:00,2.039097189273568
3,1,1,2024-07-01 00:00:00,1.9893157650956823
4,1,1,2025-07-01 00:00:00,1.947636825981997
5,1,1,2026-07-01 00:00:00,3.8460108525515415
6,1,1,2027-07-01 00:00:00,3.825631103973741
7,1,1,2028-07-01 00:00:00,3.809809505927561
8,1,1,2029-07-01 00:00:00,3.804692246168973
9,1,1,2030-07-01 00:00:00,3.7802985493478043
10,1,1,2031-07-01 00:00:00,3.754356738723411
11,1,1,2032-07-01 00:00:00,3.727167126494283
12,1,1,2033-07-01 00:00:00,3.699321005481786
13,1,1,2034-07-01 00:00:00,3.6711079737766954
14,1,1,2035-07-01 00:00:00,3.6418927310454823
15,1,1,2036-07-01 00:00:00,3.6120438182932624
16,1,1,2037-07-01 00:00:00,3.5809458332725557
17,1,1,2038-07-01 00:00:00,3.548873594834224
18,1,1,2039-07-01 00:00:00,3.5672299894246113
19,1,1,2040-07-01 00:00:00,3.5579726916229304
20,1,1,2041-07-01 00:00:00,3.520992139913816
21,1,1,2042-07-01 00:00:00,3.4833361096565763
22,1,1,2043-07-01 00:00:00,3.4451040769732186
23,1,1,2044-07-01 00:00:00,3.4357530656869626
24,1,1,2045-07-01 00:00:00,3.4357530656869626
25,1,1,2046-07-01 00:00:00,3.4357530656869626
26,1,1,2047-07-01 00:00:00,3.4357530656869626
27,1,1,2048-07-01 00:00:00,3.4357530656869626
28,1,1,2049-07-01 00:00:00,3.4357530656869626
29,1,1,2050-07-01 00:00:00,3.4357530656869626
30,1,1,2051-07-01 00:00:00,3.4357530656869626
31,1,1,2052-07-01 00:00:00,3.4357530656869626
32,1,1,2053-07-01 00:00:00,3.4357530656869626
33,1,2,2022-07-01 00:00:00,1.9823558922806415
34,1,2,2023-07-01 00:00:00,2.006185443964832
35,1,2,2024-07-01 00:00:00,1.956083562475672
36,1,2,2025-07-01 00:00:00,1.914484288447552
37,1,2,2026-07-01 00:00:00,3.6295170989031313
38,1,2,2027-07-01 00:00:00,3.6097476830791346
39,1,2,2028-07-01 00:00:00,3.590582357052928
40,1,2,2029-07-01 00:00:00,3.585843542932878
41,1,2,2030-07-01 00:00:00,3.5120690168094835
42,1,2,2031-07-01 00:00:00,3.3268853155230054
43,1,2,2032-07-01 00:00:00,3.1308940996873376
44,1,2,2033-07-01 00:00:00,2.9600706544193667
45,1,2,2034-07-01 00:00:00,2.870272657486624
46,1,2,2035-07-01 00:00:00,2.815882462844612
47,1,2,2036-07-01 00:00:00,2.7335221744830025
48,1,2,2037-07-01 00:00:00,2.6516188981024955
49,1,2,2038-07-01 00:00:00,2.5701888829095902
50,1,2,2039-07-01 00:00:00,2.5482139767581793
51,1,2,2040-07-01 00:00:00,2.537027657104
52,1,2,2041-07-01 00:00:00,2.537027657104
53,1,2,2042-07-01 00:00:00,2.537027657104
54,1,2,2043-07-01 00:00:00,2.537027657104
55,1,2,2044-07-01 00:00:00,2.537027657104
56,1,2,2045-07-01 00:00:00,2.537027657104
57,1,2,2046-07-01 00:00:00,2.537027657104
58,1,2,2047-07-01 00:00:00,2.537027657104
59,1,2,2048-07-01 00:00:00,2.537027657104
60,1,2,2049-07-01 00:00:00,2.537027657104
61,1,2,2050-07-01 00:00:00,2.537027657104
62,1,2,2051-07-01 00:00:00,2.537027657104
63,1,2,2052-07-01 00:00:00,2.537027657104
64,1,2,2053-07-01 00:00:00,2.537027657104
65,1,3,2022-07-01 00:00:00,1.9823558922806415
66,1,3,2023-07-01 00:00:00,2.006185443964832
67,1,3,2024-07-01 00:00:00,1.956083562475672
68,1,3,2025-07-01 00:00:00,1.914484288447552
69,1,3,2026-07-01 00:00:00,3.048396515588658
70,1,3,2027-07-01 00:00:00,3.007404995477101
71,1,3,2028-07-01 00:00:00,2.985527461206433
72,1,3,2029-07-01 00:00:00,2.9816784447201305
73,1,3,2030-07-01 00:00:00,2.9627535190310246
74,1,3,2031-07-01 00:00:00,2.944387780258047
75,1,3,2032-07-01 00:00:00,2.9237473470260174
76,1,3,2033-07-01 00:00:00,2.8963917986823398
77,1,3,2034-07-01 00:00:00,2.870272657486624
78,1,3,2035-07-01 00:00:00,2.815882462844612
79,1,3,2036-07-01 00:00:00,2.7335221744830025
80,1,3,2037-07-01 00:00:00,2.6516188981024955
81,1,3,2038-07-01 00:00:00,2.5701888829095902
82,1,3,2039-07-01 00:00:00,2.5482139767581793
83,1,3,2040-07-01 00:00:00,2.537027657104
84,1,3,2041-07-01 00:00:00,2.537027657104
85,1,3,2042-07-01 00:00:00,2.537027657104
86,1,3,2043-07-01 00:00:00,2.537027657104
87,1,3,2044-07-01 00:00:00,2.537027657104
88,1,3,2045-07-01 00:00:00,2.537027657104
89,1,3,2046-07-01 00:00:00,2.537027657104
90,1,3,2047-07-01 00:00:00,2.537027657104
91,1,3,2048-07-01 00:00:00,2.537027657104
92,1,3,2049-07-01 00:00:00,2.537027657104
93,1,3,2050-07-01 00:00:00,2.537027657104
94,1,3,2051-07-01 00:00:00,2.537027657104
95,1,3,2052-07-01 00:00:00,2.537027657104
96,1,3,2053-07-01 00:00:00,2.537027657104
97,2,1,2022-07-01 00:00:00,2.3084143277583533
98,2,1,2023-07-01 00:00:00,2.319666664750284
99,2,1,2024-07-01 00:00:00,2.3264285526961475
100,2,1,2025-07-01 00:00:00,2.327174809826572
101,2,1,2026-07-01 00:00:00,2.3279210669569914
102,2,1,2027-07-01 00:00:00,2.3286673240874047
103,2,1,2028-07-01 00:00:00,2.329413581217823
104,2,1,2029-07-01 00:00:00,2.3301598383482447
105,2,1,2030-07-01 00:00:00,2.33090609547866
106,2,1,2031-07-01 00:00:00,2.3316523526090807
107,2,1,2032-07-01 00:00:00,2.3323986097395037
108,2,1,2033-07-01 00:00:00,2.3327715114788363
109,2,1,2034-07-01 00:00:00,2.3327715114788363
110,2,1,2035-07-01 00:00:00,2.3327715114788363
111,2,1,2036-07-01 00:00:00,2.3327715114788363
112,2,1,2037-07-01 00:00:00,2.3327715114788363
113,2,1,2038-07-01 00:00:00,2.3327715114788363
114,2,1,2039-07-01 00:00:00,2.3327715114788363
115,2,1,2040-07-01 00:00:00,2.3327715114788363
116,2,1,2041-07-01 00:00:00,2.3327715114788363
117,2,1,2042-07-01 00:00:00,2.3327715114788363
118,2,1,2043-07-01 00:00:00,2.3327715114788363
119,2,1,2044-07-01 00:00:00,2.3327715114788363
120,2,1,2045-07-01 00:00:00,2.3327715114788363
121,2,1,2046-07-01 00:00:00,2.3327715114788363
122,2,1,2047-07-01 00:00:00,2.3327715114788363
123,2,1,2048-07-01 00:00:00,2.3327715114788363
124,2,1,2049-07-01 00:00:00,2.3327715114788363
125,2,1,2050-07-01 00:00:00,2.3327715114788363
126,2,1,2051-07-01 00:00:00,2.3327715114788363
127,2,1,2052-07-01 00:00:00,2.3327715114788363
128,2,1,2053-07-01 00:00:00,2.3327715114788363
129,2,2,2022-07-01 00:00:00,2.3084143277583533
130,2,2,2023-07-01 00:00:00,2.319666664750284
131,2,2,2024-07-01 00:00:00,2.3264285526961475
132,2,2,2025-07-01 00:00:00,2.327174809826572
133,2,2,2026-07-01 00:00:00,2.3279210669569914
134,2,2,2027-07-01 00:00:00,2.3286673240874047
135,2,2,2028-07-01 00:00:00,2.329413581217823
136,2,2,2029-07-01 00:00:00,2.3301598383482447
137,2,2,2030-07-01 00:00:00,2.33090609547866
138,2,2,2031-07-01 00:00:00,2.3316523526090807
139,2,2,2032-07-01 00:00:00,2.3323986097395037
140,2,2,2033-07-01 00:00:00,2.3327715114788363
141,2,2,2034-07-01 00:00:00,2.3327715114788363
142,2,2,2035-07-01 00:00:00,2.3327715114788363
143,2,2,2036-07-01 00:00:00,2.3327715114788363
144,2,2,2037-07-01 00:00:00,2.3327715114788363
145,2,2,2038-07-01 00:00:00,2.3327715114788363
146,2,2,2039-07-01 00:00:00,2.3327715114788363
147,2,2,2040-07-01 00:00:00,2.3327715114788363
148,2,2,2041-07-01 00:00:00,2.3327715114788363
149,2,2,2042-07-01 00:00:00,2.3327715114788363
150,2,2,2043-07-01 00:00:00,2.3327715114788363
151,2,2,2044-07-01 00:00:00,2.3327715114788363
152,2,2,2045-07-01 00:00:00,2.3327715114788363
153,2,2,2046-07-01 00:00:00,2.3327715114788363
154,2,2,2047-07-01 00:00:00,2.3327715114788363
155,2,2,2048-07-01 00:00:00,2.3327715114788363
156,2,2,2049-07-01 00:00:00,2.3327715114788363
157,2,2,2050-07-01 00:00:00,2.3327715114788363
158,2,2,2051-07-01 00:00:00,2.3327715114788363
159,2,2,2052-07-01 00:00:00,2.3327715114788363
160,2,2,2053-07-01 00:00:00,2.3327715114788363
161,2,3,2022-07-01 00:00:00,2.3084143277583533
162,2,3,2023-07-01 00:00:00,2.319666664750284
163,2,3,2024-07-01 00:00:00,2.3264285526961475
164,2,3,2025-07-01 00:00:00,2.327174809826572
165,2,3,2026-07-01 00:00:00,2.3279210669569914
166,2,3,2027-07-01 00:00:00,2.3286673240874047
167,2,3,2028-07-01 00:00:00,2.329413581217823
168,2,3,2029-07-01 00:00:00,2.3301598383482447
169,2,3,2030-07-01 00:00:00,2.33090609547866
170,2,3,2031-07-01 00:00:00,2.3316523526090807
171,2,3,2032-07-01 00:00:00,2.3323986097395037
172,2,3,2033-07-01 00:00:00,2.3327715114788363
173,2,3,2034-07-01 00:00:00,2.3327715114788363
174,2,3,2035-07-01 00:00:00,2.3327715114788363
175,2,3,2036-07-01 00:00:00,2.3327715114788363
176,2,3,2037-07-01 00:00:00,2.3327715114788363
177,2,3,2038-07-01 00:00:00,2.3327715114788363
178,2,3,2039-07-01 00:00:00,2.3327715114788363
179,2,3,2040-07-01 00:00:00,2.3327715114788363
180,2,3,2041-07-01 00:00:00,2.3327715114788363
181,2,3,2042-07-01 00:00:00,2.3327715114788363
182,2,3,2043-07-01 00:00:00,2.3327715114788363
183,2,3,2044-07-01 00:00:00,2.3327715114788363
184,2,3,2045-07-01 00:00:00,2.3327715114788363
185,2,3,2046-07-01 00:00:00,2.3327715114788363
186,2,3,2047-07-01 00:00:00,2.3327715114788363
187,2,3,2048-07-01 00:00:00,2.3327715114788363
188,2,3,2049-07-01 00:00:00,2.3327715114788363
189,2,3,2050-07-01 00:00:00,2.3327715114788363
190,2,3,2051-07-01 00:00:00,2.3327715114788363
191,2,3,2052-07-01 00:00:00,2.3327715114788363
192,2,3,2053-07-01 00:00:00,2.3327715114788363
193,3,1,2022-07-01 00:00:00,2.3084143277583533
194,3,1,2023-07-01 00:00:00,2.319666664750284
195,3,1,2024-07-01 00:00:00,2.3264285526961475
196,3,1,2025-07-01 00:00:00,2.327174809826572
197,3,1,2026-07-01 00:00:00,2.3279210669569914
198,3,1,2027-07-01 00:00:00,2.3286673240874047
199,3,1,2028-07-01 00:00:00,2.329413581217823
200,3,1,2029-07-01 00:00:00,2.3301598383482447
201,3,1,2030-07-01 00:00:00,2.33090609547866
202,3,1,2031-07-01 00:00:00,2.3316523526090807
203,3,1,2032-07-01 00:00:00,2.3323986097395037
204,3,1,2033-07-01 00:00:00,2.3327715114788363
205,3,1,2034-07-01 00:00:00,2.3327715114788363
206,3,1,2035-07-01 00:00:00,2.3327715114788363
207,3,1,2036-07-01 00:00:00,2.3327715114788363
208,3,1,2037-07-01 00:00:00,2.3327715114788363
209,3,1,2038-07-01 00:00:00,2.3327715114788363
210,3,1,2039-07-01 00:00:00,2.3327715114788363
211,3,1,2040-07-01 00:00:00,2.3327715114788363
212,3,1,2041-07-01 00:00:00,2.3327715114788363
213,3,1,2042-07-01 00:00:00,2.3327715114788363
214,3,1,2043-07-01 00:00:00,2.3327715114788363
215,3,1,2044-07-01 00:00:00,2.3327715114788363
216,3,1,2045-07-01 00:00:00,2.3327715114788363
217,3,1,2046-07-01 00:00:00,2.3327715114788363
218,3,1,2047-07-01 00:00:00,2.3327715114788363
219,3,1,2048-07-01 00:00:00,2.3327715114788363
220,3,1,2049-07-01 00:00:00,2.3327715114788363
221,3,1,2050-07-01 00:00:00,2.3327715114788363
222,3,1,2051-07-01 00:00:00,2.3327715114788363
223,3,1,2052-07-01 00:00:00,2.3327715114788363
224,3,1,2053-07-01 00:00:00,2.3327715114788363
225,3,2,2022-07-01 00:00:00,2.3084143277583533
226,3,2,2023-07-01 00:00:00,2.319666664750284
227,3,2,2024-07-01 00:00:00,2.3264285526961475
228,3,2,2025-07-01 00:00:00,2.327174809826572
229,3,2,2026-07-01 00:00:00,2.3279210669569914
230,3,2,2027-07-01 00:00:00,2.3286673240874047
231,3,2,2028-07-01 00:00:00,2.329413581217823
232,3,2,2029-07-01 00:00:00,2.3301598383482447
233,3,2,2030-07-01 00:00:00,2.33090609547866
234,3,2,2031-07-01 00:00:00,2.3316523526090807
235,3,2,2032-07-01 00:00:00,2.3323986097395037
236,3,2,2033-07-01 00:00:00,2.3327715114788363
237,3,2,2034-07-01 00:00:00,2.3327715114788363
238,3,2,2035-07-01 00:00:00,2.3327715114788363
239,3,2,2036-07-01 00:00:00,2.3327715114788363
240,3,2,2037-07-01 00:00:00,2.3327715114788363
241,3,2,2038-07-01 00:00:00,2.3327715114788363
242,3,2,2039-07-01 00:00:00,2.3327715114788363
243,3,2,2040-07-01 00:00:00,2.3327715114788363
244,3,2,2041-07-01 00:00:00,2.3327715114788363
245,3,2,2042-07-01 00:00:00,2.3327715114788363
246,3,2,2043-07-01 00:00:00,2.3327715114788363
247,3,2,2044-07-01 00:00:00,2.3327715114788363
248,3,2,2045-07-01 00:00:00,2.3327715114788363
249,3,2,2046-07-01 00:00:00,2.3327715114788363
250,3,2,2047-07-01 00:00:00,2.3327715114788363
251,3,2,2048-07-01 00:00:00,2.3327715114788363
252,3,2,2049-07-01 00:00:00,2.3327715114788363
253,3,2,2050-07-01 00:00:00,2.3327715114788363
254,3,2,2051-07-01 00:00:00,2.3327715114788363
255,3,2,2052-07-01 00:00:00,2.3327715114788363
256,3,2,2053-07-01 00:00:00,2.3327715114788363
257,3,3,2022-07-01 00:00:00,2.3084143277583533
258,3,3,2023-07-01 00:00:00,2.319666664750284
259,3,3,2024-07-01 00:00:00,2.3264285526961475
260,3,3,2025-07-01 00:00:00,2.327174809826572
261,3,3,2026-07-01 00:00:00,2.3279210669569914
262,3,3,2027-07-01 00:00:00,2.3286673240874047
263,3,3,2028-07-01 00:00:00,2.329413581217823
264,3,3,2029-07-01 00:00:00,2.3301598383482447
265,3,3,2030-07-01 00:00:00,2.33090609547866
266,3,3,2031-07-01 00:00:00,2.3316523526090807
267,3,3,2032-07-01 00:00:00,2.3323986097395037
268,3,3,2033-07-01 00:00:00,2.3327715114788363
269,3,3,2034-07-01 00:00:00,2.3327715114788363
270,3,3,2035-07-01 00:00:00,2.3327715114788363
271,3,3,2036-07-01 00:00:00,2.3327715114788363
272,3,3,2037-07-01 00:00:00,2.3327715114788363
273,3,3,2038-07-01 00:00:00,2.3327715114788363
274,3,3,2039-07-01 00:00:00,2.3327715114788363
275,3,3,2040-07-01 00:00:00,2.3327715114788363
276,3,3,2041-07-01 00:00:00,2.3327715114788363
277,3,3,2042-07-01 00:00:00,2.3327715114788363
278,3,3,2043-07-01 00:00:00,2.3327715114788363
279,3,3,2044-07-01 00:00:00,2.3327715114788363
280,3,3,2045-07-01 00:00:00,2.3327715114788363
281,3,3,2046-07-01 00:00:00,2.3327715114788363
282,3,3,2047-07-01 00:00:00,2.3327715114788363
283,3,3,2048-07-01 00:00:00,2.3327715114788363
284,3,3,2049-07-01 00:00:00,2.3327715114788363
285,3,3,2050-07-01 00:00:00,2.3327715114788363
286,3,3,2051-07-01 00:00:00,2.3327715114788363
287,3,3,2052-07-01 00:00:00,2.3327715114788363
288,3,3,2053-07-01 00:00:00,2.3327715114788363
289,4,1,2022-07-01 00:00:00,11.26786247030835
290,4,1,2023-07-01 00:00:00,4.383869111857084
291,4,1,2024-07-01 00:00:00,5.2905639206843915
292,4,1,2025-07-01 00:00:00,4.2375355888524915
293,4,1,2026-07-01 00:00:00,4.157519599483589
294,4,1,2027-07-01 00:00:00,4.135489187351875
295,4,1,2028-07-01 00:00:00,4.118386114455316
296,4,1,2029-07-01 00:00:00,4.095137186042569
297,4,1,2030-07-01 00:00:00,4.069257101337718
298,4,1,2031-07-01 00:00:00,4.041832488861367
299,4,1,2032-07-01 00:00:00,4.012946578831678
300,4,1,2033-07-01 00:00:00,3.982668267532399
301,4,1,2034-07-01 00:00:00,3.9510535062734515
302,4,1,2035-07-01 00:00:00,3.918167337314334
303,4,1,2036-07-01 00:00:00,3.884080187302714
304,4,1,2037-07-01 00:00:00,3.8488833415819084
305,4,1,2038-07-01 00:00:00,3.812652249748183
306,4,1,2039-07-01 00:00:00,3.77548190925897
307,4,1,2040-07-01 00:00:00,3.7374385342811314
308,4,1,2041-07-01 00:00:00,3.698592665873531
309,4,1,2042-07-01 00:00:00,3.6590372474570763
310,4,1,2043-07-01 00:00:00,3.6188767727769013
311,4,1,2044-07-01 00:00:00,3.609054092013208
312,4,1,2045-07-01 00:00:00,3.609054092013208
313,4,1,2046-07-01 00:00:00,3.609054092013208
314,4,1,2047-07-01 00:00:00,3.609054092013208
315,4,1,2048-07-01 00:00:00,3.609054092013208
316,4,1,2049-07-01 00:00:00,3.609054092013208
317,4,1,2050-07-01 00:00:00,3.609054092013208
318,4,1,2051-07-01 00:00:00,3.609054092013208
319,4,1,2052-07-01 00:00:00,3.609054092013208
320,4,1,2053-07-01 00:00:00,3.609054092013208
321,4,2,2022-07-01 00:00:00,9.692774722737775
322,4,2,2023-07-01 00:00:00,4.382111459460995
323,4,2,2024-07-01 00:00:00,4.159983669182618
324,4,2,2025-07-01 00:00:00,4.006732626763319
325,4,2,2026-07-01 00:00:00,3.9649140550629416
326,4,2,2027-07-01 00:00:00,3.943317784119726
327,4,2,2028-07-01 00:00:00,3.9223814257942244
328,4,2,2029-07-01 00:00:00,3.8983575781996835
329,4,2,2030-07-01 00:00:00,3.8196600753747365
330,4,2,2031-07-01 00:00:00,3.6196633714253634
331,4,2,2032-07-01 00:00:00,3.40776669956103
332,4,2,2033-07-01 00:00:00,3.221799549592023
333,4,2,2034-07-01 00:00:00,3.122731354993976
334,4,2,2035-07-01 00:00:00,3.0607752940494777
335,4,2,2036-07-01 00:00:00,2.9669941717979316
336,4,2,2037-07-01 00:00:00,2.8737781397310314
337,4,2,2038-07-01 00:00:00,2.781147289810218
338,4,2,2039-07-01 00:00:00,2.689122677922603
339,4,2,2040-07-01 00:00:00,2.643344569090976
340,4,2,2041-07-01 00:00:00,2.643344569090976
341,4,2,2042-07-01 00:00:00,2.643344569090976
342,4,2,2043-07-01 00:00:00,2.643344569090976
343,4,2,2044-07-01 00:00:00,2.643344569090976
344,4,2,2045-07-01 00:00:00,2.643344569090976
345,4,2,2046-07-01 00:00:00,2.643344569090976
346,4,2,2047-07-01 00:00:00,2.643344569090976
347,4,2,2048-07-01 00:00:00,2.643344569090976
348,4,2,2049-07-01 00:00:00,2.643344569090976
349,4,2,2050-07-01 00:00:00,2.643344569090976
350,4,2,2051-07-01 00:00:00,2.643344569090976
351,4,2,2052-07-01 00:00:00,2.643344569090976
352,4,2,2053-07-01 00:00:00,2.643344569090976
353,4,3,2022-07-01 00:00:00,9.52727299760795
354,4,3,2023-07-01 00:00:00,4.470150969436158
355,4,3,2024-07-01 00:00:00,4.096044969589476
356,4,3,2025-07-01 00:00:00,3.4804094435864563
357,4,3,2026-07-01 00:00:00,3.3300931944128442
358,4,3,2027-07-01 00:00:00,3.2853137238111425
359,4,3,2028-07-01 00:00:00,3.2614145270981396
360,4,3,2029-07-01 00:00:00,3.241538182455761
361,4,3,2030-07-01 00:00:00,3.222234892211601
362,4,3,2031-07-01 00:00:00,3.2035046563656593
363,4,3,2032-07-01 00:00:00,3.182301454437617
364,4,3,2033-07-01 00:00:00,3.1524902213076507
365,4,3,2034-07-01 00:00:00,3.122731354993976
366,4,3,2035-07-01 00:00:00,3.0607752940494777
367,4,3,2036-07-01 00:00:00,2.9669941717979316
368,4,3,2037-07-01 00:00:00,2.8737781397310314
369,4,3,2038-07-01 00:00:00,2.781147289810218
370,4,3,2039-07-01 00:00:00,2.689122677922603
371,4,3,2040-07-01 00:00:00,2.643344569090976
372,4,3,2041-07-01 00:00:00,2.643344569090976
373,4,3,2042-07-01 00:00:00,2.643344569090976
374,4,3,2043-07-01 00:00:00,2.643344569090976
375,4,3,2044-07-01 00:00:00,2.643344569090976
376,4,3,2045-07-01 00:00:00,2.643344569090976
377,4,3,2046-07-01 00:00:00,2.643344569090976
378,4,3,2047-07-01 00:00:00,2.643344569090976
379,4,3,2048-07-01 00:00:00,2.643344569090976
380,4,3,2049-07-01 00:00:00,2.643344569090976
381,4,3,2050-07-01 00:00:00,2.643344569090976
382,4,3,2051-07-01 00:00:00,2.643344569090976
383,4,3,2052-07-01 00:00:00,2.643344569090976
384,4,3,2053-07-01 00:00:00,2.643344569090976
385,5,1,2022-07-01 00:00:00,9.035294299772037
386,5,1,2023-07-01 00:00:00,3.8139887117262874
387,5,1,2024-07-01 00:00:00,4.50168993766808
388,5,1,2025-07-01 00:00:00,3.7029990576697074
389,5,1,2026-07-01 00:00:00,3.6423092936518566
390,5,1,2027-07-01 00:00:00,3.625599876896093
391,5,1,2028-07-01 00:00:00,3.612627701381437
392,5,1,2029-07-01 00:00:00,3.5949940760252295
393,5,1,2030-07-01 00:00:00,3.5753647963539112
394,5,1,2031-07-01 00:00:00,3.5545640379980115
395,5,1,2032-07-01 00:00:00,3.532654928619131
396,5,1,2033-07-01 00:00:00,3.5096897240130818
397,5,1,2034-07-01 00:00:00,3.485710861595467
398,5,1,2035-07-01 00:00:00,3.4607676739985687
399,5,1,2036-07-01 00:00:00,3.4349135777540205
400,5,1,2037-07-01 00:00:00,3.4082178100978804
401,5,1,2038-07-01 00:00:00,3.380737597319902
402,5,1,2039-07-01 00:00:00,3.352544992185031
403,5,1,2040-07-01 00:00:00,3.323690216182662
404,5,1,2041-07-01 00:00:00,3.2942267726219434
405,5,1,2042-07-01 00:00:00,3.264225156341798
406,5,1,2043-07-01 00:00:00,3.2337646227608436
407,5,1,2044-07-01 00:00:00,3.202937888418375
408,5,1,2045-07-01 00:00:00,3.1722931664727607
409,5,1,2046-07-01 00:00:00,3.1420750169957756
410,5,1,2047-07-01 00:00:00,3.112277620612849
411,5,1,2048-07-01 00:00:00,3.107296199566831
412,5,1,2049-07-01 00:00:00,3.107296199566831
413,5,1,2050-07-01 00:00:00,3.107296199566831
414,5,1,2051-07-01 00:00:00,3.107296199566831
415,5,1,2052-07-01 00:00:00,3.107296199566831
416,5,1,2053-07-01 00:00:00,3.107296199566831
417,5,2,2022-07-01 00:00:00,7.84063677617692
418,5,2,2023-07-01 00:00:00,3.8126555843103116
419,5,2,2024-07-01 00:00:00,3.644178217722372
420,5,2,2025-07-01 00:00:00,3.5279418295545386
421,5,2,2026-07-01 00:00:00,3.496223678369048
422,5,2,2027-07-01 00:00:00,3.4798435448788947
423,5,2,2028-07-01 00:00:00,3.463963935613428
424,5,2,2029-07-01 00:00:00,3.445742556951326
425,5,2,2030-07-01 00:00:00,3.386052826024917
426,5,2,2031-07-01 00:00:00,3.234361234597159
427,5,2,2032-07-01 00:00:00,3.169826083924229
428,5,2,2033-07-01 00:00:00,3.1488116838163616
429,5,2,2034-07-01 00:00:00,3.127797283708495
430,5,2,2035-07-01 00:00:00,3.0839257010212413
431,5,2,2036-07-01 00:00:00,3.0171969357546
432,5,2,2037-07-01 00:00:00,2.9504681704879583
433,5,2,2038-07-01 00:00:00,2.883739405221317
434,5,2,2039-07-01 00:00:00,2.8170106399546757
435,5,2,2040-07-01 00:00:00,2.7836462573213545
436,5,2,2041-07-01 00:00:00,2.7836462573213545
437,5,2,2042-07-01 00:00:00,2.7836462573213545
438,5,2,2043-07-01 00:00:00,2.7836462573213545
439,5,2,2044-07-01 00:00:00,2.7836462573213545
440,5,2,2045-07-01 00:00:00,2.7836462573213545
441,5,2,2046-07-01 00:00:00,2.7836462573213545
442,5,2,2047-07-01 00:00:00,2.7836462573213545
443,5,2,2048-07-01 00:00:00,2.7836462573213545
444,5,2,2049-07-01 00:00:00,2.7836462573213545
445,5,2,2050-07-01 00:00:00,2.7836462573213545
446,5,2,2051-07-01 00:00:00,2.7836462573213545
447,5,2,2052-07-01 00:00:00,2.7836462573213545
448,5,2,2053-07-01 00:00:00,2.7836462573213545
449,5,3,2022-07-01 00:00:00,7.686885029581
450,5,3,2023-07-01 00:00:00,3.8512073741535273
451,5,3,2024-07-01 00:00:00,3.567459025511836
452,5,3,2025-07-01 00:00:00,3.1005176668057284
453,5,3,2026-07-01 00:00:00,3.0972898324546843
454,5,3,2027-07-01 00:00:00,3.130605039456899
455,5,3,2028-07-01 00:00:00,3.166821721222263
456,5,3,2029-07-01 00:00:00,3.2037489593505732
457,5,3,2030-07-01 00:00:00,3.2118548841399646
458,5,3,2031-07-01 00:00:00,3.190840484032097
459,5,3,2032-07-01 00:00:00,3.169826083924229
460,5,3,2033-07-01 00:00:00,3.1488116838163616
461,5,3,2034-07-01 00:00:00,3.127797283708495
462,5,3,2035-07-01 00:00:00,3.0839257010212413
463,5,3,2036-07-01 00:00:00,3.0171969357546
464,5,3,2037-07-01 00:00:00,2.9504681704879583
465,5,3,2038-07-01 00:00:00,2.883739405221317
466,5,3,2039-07-01 00:00:00,2.8170106399546757
467,5,3,2040-07-01 00:00:00,2.7836462573213545
468,5,3,2041-07-01 00:00:00,2.7836462573213545
469,5,3,2042-07-01 00:00:00,2.7836462573213545
470,5,3,2043-07-01 00:00:00,2.7836462573213545
471,5,3,2044-07-01 00:00:00,2.7836462573213545
472,5,3,2045-07-01 00:00:00,2.7836462573213545
473,5,3,2046-07-01 00:00:00,2.7836462573213545
474,5,3,2047-07-01 00:00:00,2.7836462573213545
475,5,3,2048-07-01 00:00:00,2.7836462573213545
476,5,3,2049-07-01 00:00:00,2.7836462573213545
477,5,3,2050-07-01 00:00:00,2.7836462573213545
478,5,3,2051-07-01 00:00:00,2.7836462573213545
479,5,3,2052-07-01 00:00:00,2.7836462573213545
480,5,3,2053-07-01 00:00:00,2.7836462573213545
481,6,1,2022-07-01 00:00:00,1.5659969903958622
482,6,1,2023-07-01 00:00:00,1.5701612939383698
483,6,1,2024-07-01 00:00:00,1.5774955327275784
484,6,1,2025-07-01 00:00:00,1.5862817393399895
485,6,1,2026-07-01 00:00:00,1.5950766475600509
486,6,1,2027-07-01 00:00:00,1.6091771193328535
487,6,1,2028-07-01 00:00:00,1.6187972300116333
488,6,1,2029-07-01 00:00:00,1.6187972300116333
489,6,1,2030-07-01 00:00:00,1.6187972300116333
490,6,1,2031-07-01 00:00:00,1.6187972300116333
491,6,1,2032-07-01 00:00:00,1.6187972300116333
492,6,1,2033-07-01 00:00:00,1.6187972300116333
493,6,1,2034-07-01 00:00:00,1.6187972300116333
494,6,1,2035-07-01 00:00:00,1.6187972300116333
495,6,1,2036-07-01 00:00:00,1.6187972300116333
496,6,1,2037-07-01 00:00:00,1.6187972300116333
497,6,1,2038-07-01 00:00:00,1.6187972300116333
498,6,1,2039-07-01 00:00:00,1.6187972300116333
499,6,1,2040-07-01 00:00:00,1.6187972300116333
500,6,1,2041-07-01 00:00:00,1.6187972300116333
501,6,1,2042-07-01 00:00:00,1.6187972300116333
502,6,1,2043-07-01 00:00:00,1.6187972300116333
503,6,1,2044-07-01 00:00:00,1.6187972300116333
504,6,1,2045-07-01 00:00:00,1.6187972300116333
505,6,1,2046-07-01 00:00:00,1.6187972300116333
506,6,1,2047-07-01 00:00:00,1.6187972300116333
507,6,1,2048-07-01 00:00:00,1.6187972300116333
508,6,1,2049-07-01 00:00:00,1.6187972300116333
509,6,1,2050-07-01 00:00:00,1.6187972300116333
510,6,1,2051-07-01 00:00:00,1.6187972300116333
511,6,1,2052-07-01 00:00:00,1.6187972300116333
512,6,1,2053-07-01 00:00:00,1.6187972300116333
513,6,2,2022-07-01 00:00:00,1.5659969903958622
514,6,2,2023-07-01 00:00:00,1.5701612939383698
515,6,2,2024-07-01 00:00:00,1.5774955327275784
516,6,2,2025-07-01 00:00:00,1.5862817393399895
517,6,2,2026-07-01 00:00:00,1.5950766475600509
518,6,2,2027-07-01 00:00:00,1.6091771193328535
519,6,2,2028-07-01 00:00:00,1.6187972300116333
520,6,2,2029-07-01 00:00:00,1.6187972300116333
521,6,2,2030-07-01 00:00:00,1.6187972300116333
522,6,2,2031-07-01 00:00:00,1.6187972300116333
523,6,2,2032-07-01 00:00:00,1.6187972300116333
524,6,2,2033-07-01 00:00:00,1.6187972300116333
525,6,2,2034-07-01 00:00:00,1.6187972300116333
526,6,2,2035-07-01 00:00:00,1.6187972300116333
527,6,2,2036-07-01 00:00:00,1.6187972300116333
528,6,2,2037-07-01 00:00:00,1.6187972300116333
529,6,2,2038-07-01 00:00:00,1.6187972300116333
530,6,2,2039-07-01 00:00:00,1.6187972300116333
531,6,2,2040-07-01 00:00:00,1.6187972300116333
532,6,2,2041-07-01 00:00:00,1.6187972300116333
533,6,2,2042-07-01 00:00:00,1.6187972300116333
534,6,2,2043-07-01 00:00:00,1.6187972300116333
535,6,2,2044-07-01 00:00:00,1.6187972300116333
536,6,2,2045-07-01 00:00:00,1.6187972300116333
537,6,2,2046-07-01 00:00:00,1.6187972300116333
538,6,2,2047-07-01 00:00:00,1.6187972300116333
539,6,2,2048-07-01 00:00:00,1.6187972300116333
540,6,2,2049-07-01 00:00:00,1.6187972300116333
541,6,2,2050-07-01 00:00:00,1.6187972300116333
542,6,2,2051-07-01 00:00:00,1.6187972300116333
543,6,2,2052-07-01 00:00:00,1.6187972300116333
544,6,2,2053-07-01 00:00:00,1.6187972300116333
545,6,3,2022-07-01 00:00:00,1.5659969903958622
546,6,3,2023-07-01 00:00:00,1.5701612939383698
547,6,3,2024-07-01 00:00:00,1.5774955327275784
548,6,3,2025-07-01 00:00:00,1.5862817393399895
549,6,3,2026-07-01 00:00:00,1.5950766475600509
550,6,3,2027-07-01 00:00:00,1.6091771193328535
551,6,3,2028-07-01 00:00:00,1.6187972300116333
552,6,3,2029-07-01 00:00:00,1.6187972300116333
553,6,3,2030-07-01 00:00:00,1.6187972300116333
554,6,3,2031-07-01 00:00:00,1.6187972300116333
555,6,3,2032-07-01 00:00:00,1.6187972300116333
556,6,3,2033-07-01 00:00:00,1.6187972300116333
557,6,3,2034-07-01 00:00:00,1.6187972300116333
558,6,3,2035-07-01 00:00:00,1.6187972300116333
559,6,3,2036-07-01 00:00:00,1.6187972300116333
560,6,3,2037-07-01 00:00:00,1.6187972300116333
561,6,3,2038-07-01 00:00:00,1.6187972300116333
562,6,3,2039-07-01 00:00:00,1.6187972300116333
563,6,3,2040-07-01 00:00:00,1.6187972300116333
564,6,3,2041-07-01 00:00:00,1.6187972300116333
565,6,3,2042-07-01 00:00:00,1.6187972300116333
566,6,3,2043-07-01 00:00:00,1.6187972300116333
567,6,3,2044-07-01 00:00:00,1.6187972300116333
568,6,3,2045-07-01 00:00:00,1.6187972300116333
569,6,3,2046-07-01 00:00:00,1.6187972300116333
570,6,3,2047-07-01 00:00:00,1.6187972300116333
571,6,3,2048-07-01 00:00:00,1.6187972300116333
572,6,3,2049-07-01 00:00:00,1.6187972300116333
573,6,3,2050-07-01 00:00:00,1.6187972300116333
574,6,3,2051-07-01 00:00:00,1.6187972300116333
575,6,3,2052-07-01 00:00:00,1.6187972300116333
576,6,3,2053-07-01 00:00:00,1.6187972300116333
577,7,1,2022-07-01 00:00:00,0.7593421468618192
578,7,1,2023-07-01 00:00:00,0.7593421468618192
579,7,1,2024-07-01 00:00:00,0.7593421468618192
580,7,1,2025-07-01 00:00:00,0.7593421468618192
581,7,1,2026-07-01 00:00:00,0.7593421468618192
582,7,1,2027-07-01 00:00:00,0.7593421468618192
583,7,1,2028-07-01 00:00:00,0.7593421468618192
584,7,1,2029-07-01 00:00:00,0.7593421468618192
585,7,1,2030-07-01 00:00:00,0.7593421468618192
586,7,1,2031-07-01 00:00:00,0.7593421468618192
587,7,1,2032-07-01 00:00:00,0.7593421468618192
588,7,1,2033-07-01 00:00:00,0.7593421468618192
589,7,1,2034-07-01 00:00:00,0.7593421468618192
590,7,1,2035-07-01 00:00:00,0.7593421468618192
591,7,1,2036-07-01 00:00:00,0.7593421468618192
592,7,1,2037-07-01 00:00:00,0.7593421468618192
593,7,1,2038-07-01 00:00:00,0.7593421468618192
594,7,1,2039-07-01 00:00:00,0.7593421468618192
595,7,1,2040-07-01 00:00:00,0.7593421468618192
596,7,1,2041-07-01 00:00:00,0.7593421468618192
597,7,1,2042-07-01 00:00:00,0.7593421468618192
598,7,1,2043-07-01 00:00:00,0.7593421468618192
599,7,1,2044-07-01 00:00:00,0.7593421468618192
600,7,1,2045-07-01 00:00:00,0.7593421468618192
601,7,1,2046-07-01 00:00:00,0.7593421468618192
602,7,1,2047-07-01 00:00:00,0.7593421468618192
603,7,1,2048-07-01 00:00:00,0.7593421468618192
604,7,1,2049-07-01 00:00:00,0.7593421468618192
605,7,1,2050-07-01 00:00:00,0.7593421468618192
606,7,1,2051-07-01 00:00:00,0.7593421468618192
607,7,1,2052-07-01 00:00:00,0.7593421468618192
608,7,1,2053-07-01 00:00:00,0.7593421468618192
609,7,2,2022-07-01 00:00:00,0.7593421468618192
610,7,2,2023-07-01 00:00:00,0.7593421468618192
611,7,2,2024-07-01 00:00:00,0.7593421468618192
612,7,2,2025-07-01 00:00:00,0.7593421468618192
613,7,2,2026-07-01 00:00:00,0.7593421468618192
614,7,2,2027-07-01 00:00:00,0.7593421468618192
615,7,2,2028-07-01 00:00:00,0.7593421468618192
616,7,2,2029-07-01 00:00:00,0.7593421468618192
617,7,2,2030-07-01 00:00:00,0.7593421468618192
618,7,2,2031-07-01 00:00:00,0.7593421468618192
619,7,2,2032-07-01 00:00:00,0.7593421468618192
620,7,2,2033-07-01 00:00:00,0.7593421468618192
621,7,2,2034-07-01 00:00:00,0.7593421468618192
622,7,2,2035-07-01 00:00:00,0.7593421468618192
623,7,2,2036-07-01 00:00:00,0.7593421468618192
624,7,2,2037-07-01 00:00:00,0.7593421468618192
625,7,2,2038-07-01 00:00:00,0.7593421468618192
626,7,2,2039-07-01 00:00:00,0.7593421468618192
627,7,2,2040-07-01 00:00:00,0.7593421468618192
628,7,2,2041-07-01 00:00:00,0.7593421468618192
629,7,2,2042-07-01 00:00:00,0.7593421468618192
630,7,2,2043-07-01 00:00:00,0.7593421468618192
631,7,2,2044-07-01 00:00:00,0.7593421468618192
632,7,2,2045-07-01 00:00:00,0.7593421468618192
633,7,2,2046-07-01 00:00:00,0.7593421468618192
634,7,2,2047-07-01 00:00:00,0.7593421468618192
635,7,2,2048-07-01 00:00:00,0.7593421468618192
636,7,2,2049-07-01 00:00:00,0.7593421468618192
637,7,2,2050-07-01 00:00:00,0.7593421468618192
638,7,2,2051-07-01 00:00:00,0.7593421468618192
639,7,2,2052-07-01 00:00:00,0.7593421468618192
640,7,2,2053-07-01 00:00:00,0.7593421468618192
641,7,3,2022-07-01 00:00:00,0.7593421468618192
642,7,3,2023-07-01 00:00:00,0.7593421468618192
643,7,3,2024-07-01 00:00:00,0.7593421468618192
644,7,3,2025-07-01 00:00:00,0.7593421468618192
645,7,3,2026-07-01 00:00:00,0.7593421468618192
646,7,3,2027-07-01 00:00:00,0.7593421468618192
647,7,3,2028-07-01 00:00:00,0.7593421468618192
648,7,3,2029-07-01 00:00:00,0.7593421468618192
649,7,3,2030-07-01 00:00:00,0.7593421468618192
650,7,3,2031-07-01 00:00:00,0.7593421468618192
651,7,3,2032-07-01 00:00:00,0.7593421468618192
652,7,3,2033-07-01 00:00:00,0.7593421468618192
653,7,3,2034-07-01 00:00:00,0.7593421468618192
654,7,3,2035-07-01 00:00:00,0.7593421468618192
655,7,3,2036-07-01 00:00:00,0.7593421468618192
656,7,3,2037-07-01 00:00:00,0.7593421468618192
657,7,3,2038-07-01 00:00:00,0.7593421468618192
658,7,3,2039-07-01 00:00:00,0.7593421468618192
659,7,3,2040-07-01 00:00:00,0.7593421468618192
660,7,3,2041-07-01 00:00:00,0.7593421468618192
661,7,3,2042-07-01 00:00:00,0.7593421468618192
662,7,3,2043-07-01 00:00:00,0.7593421468618192
663,7,3,2044-07-01 00:00:00,0.7593421468618192
664,7,3,2045-07-01 00:00:00,0.7593421468618192
665,7,3,2046-07-01 00:00:00,0.7593421468618192
666,7,3,2047-07-01 00:00:00,0.7593421468618192
667,7,3,2048-07-01 00:00:00,0.7593421468618192
668,7,3,2049-07-01 00:00:00,0.7593421468618192
669,7,3,2050-07-01 00:00:00,0.7593421468618192
670,7,3,2051-07-01 00:00:00,0.7593421468618192
671,7,3,2052-07-01 00:00:00,0.7593421468618192
672,7,3,2053-07-01 00:00:00,0.7593421468618192
673,8,1,2022-07-01 00:00:00,0.7593421468618192
674,8,1,2023-07-01 00:00:00,0.7593421468618192
675,8,1,2024-07-01 00:00:00,0.7593421468618192
676,8,1,2025-07-01 00:00:00,0.7593421468618192
677,8,1,2026-07-01 00:00:00,0.7593421468618192
678,8,1,2027-07-01 00:00:00,0.7593421468618192
679,8,1,2028-07-01 00:00:00,0.7593421468618192
680,8,1,2029-07-01 00:00:00,0.7593421468618192
681,8,1,2030-07-01 00:00:00,0.7593421468618192
682,8,1,2031-07-01 00:00:00,0.7593421468618192
683,8,1,2032-07-01 00:00:00,0.7593421468618192
684,8,1,2033-07-01 00:00:00,0.7593421468618192
685,8,1,2034-07-01 00:00:00,0.7593421468618192
686,8,1,2035-07-01 00:00:00,0.7593421468618192
687,8,1,2036-07-01 00:00:00,0.7593421468618192
688,8,1,2037-07-01 00:00:00,0.7593421468618192
689,8,1,2038-07-01 00:00:00,0.7593421468618192
690,8,1,2039-07-01 00:00:00,0.7593421468618192
691,8,1,2040-07-01 00:00:00,0.7593421468618192
692,8,1,2041-07-01 00:00:00,0.7593421468618192
693,8,1,2042-07-01 00:00:00,0.7593421468618192
694,8,1,2043-07-01 00:00:00,0.7593421468618192
695,8,1,2044-07-01 00:00:00,0.7593421468618192
696,8,1,2045-07-01 00:00:00,0.7593421468618192
697,8,1,2046-07-01 00:00:00,0.7593421468618192
698,8,1,2047-07-01 00:00:00,0.7593421468618192
699,8,1,2048-07-01 00:00:00,0.7593421468618192
700,8,1,2049-07-01 00:00:00,0.7593421468618192
701,8,1,2050-07-01 00:00:00,0.7593421468618192
702,8,1,2051-07-01 00:00:00,0.7593421468618192
703,8,1,2052-07-01 00:00:00,0.7593421468618192
704,8,1,2053-07-01 00:00:00,0.7593421468618192
705,8,2,2022-07-01 00:00:00,0.7593421468618192
706,8,2,2023-07-01 00:00:00,0.7593421468618192
707,8,2,2024-07-01 00:00:00,0.7593421468618192
708,8,2,2025-07-01 00:00:00,0.7593421468618192
709,8,2,2026-07-01 00:00:00,0.7593421468618192
710,8,2,2027-07-01 00:00:00,0.7593421468618192
711,8,2,2028-07-01 00:00:00,0.7593421468618192
712,8,2,2029-07-01 00:00:00,0.7593421468618192
713,8,2,2030-07-01 00:00:00,0.7593421468618192
714,8,2,2031-07-01 00:00:00,0.7593421468618192
715,8,2,2032-07-01 00:00:00,0.7593421468618192
716,8,2,2033-07-01 00:00:00,0.7593421468618192
717,8,2,2034-07-01 00:00:00,0.7593421468618192
718,8,2,2035-07-01 00:00:00,0.7593421468618192
719,8,2,2036-07-01 00:00:00,0.7593421468618192
720,8,2,2037-07-01 00:00:00,0.7593421468618192
721,8,2,2038-07-01 00:00:00,0.7593421468618192
722,8,2,2039-07-01 00:00:00,0.7593421468618192
723,8,2,2040-07-01 00:00:00,0.7593421468618192
724,8,2,2041-07-01 00:00:00,0.7593421468618192
725,8,2,2042-07-01 00:00:00,0.7593421468618192
726,8,2,2043-07-01 00:00:00,0.7593421468618192
727,8,2,2044-07-01 00:00:00,0.7593421468618192
728,8,2,2045-07-01 00:00:00,0.7593421468618192
729,8,2,2046-07-01 00:00:00,0.7593421468618192
730,8,2,2047-07-01 00:00:00,0.7593421468618192
731,8,2,2048-07-01 00:00:00,0.7593421468618192
732,8,2,2049-07-01 00:00:00,0.7593421468618192
733,8,2,2050-07-01 00:00:00,0.7593421468618192
734,8,2,2051-07-01 00:00:00,0.7593421468618192
735,8,2,2052-07-01 00:00:00,0.7593421468618192
736,8,2,2053-07-01 00:00:00,0.7593421468618192
737,8,3,2022-07-01 00:00:00,0.7593421468618192
738,8,3,2023-07-01 00:00:00,0.7593421468618192
739,8,3,2024-07-01 00:00:00,0.7593421468618192
740,8,3,2025-07-01 00:00:00,0.7593421468618192
741,8,3,2026-07-01 00:00:00,0.7593421468618192
742,8,3,2027-07-01 00:00:00,0.7593421468618192
743,8,3,2028-07-01 00:00:00,0.7593421468618192
744,8,3,2029-07-01 00:00:00,0.7593421468618192
745,8,3,2030-07-01 00:00:00,0.7593421468618192
746,8,3,2031-07-01 00:00:00,0.7593421468618192
747,8,3,2032-07-01 00:00:00,0.7593421468618192
748,8,3,2033-07-01 00:00:00,0.7593421468618192
749,8,3,2034-07-01 00:00:00,0.7593421468618192
750,8,3,2035-07-01 00:00:00,0.7593421468618192
751,8,3,2036-07-01 00:00:00,0.7593421468618192
752,8,3,2037-07-01 00:00:00,0.7593421468618192
753,8,3,2038-07-01 00:00:00,0.7593421468618192
754,8,3,2039-07-01 00:00:00,0.7593421468618192
755,8,3,2040-07-01 00:00:00,0.7593421468618192
756,8,3,2041-07-01 00:00:00,0.7593421468618192
757,8,3,2042-07-01 00:00:00,0.7593421468618192
758,8,3,2043-07-01 00:00:00,0.7593421468618192
759,8,3,2044-07-01 00:00:00,0.7593421468618192
760,8,3,2045-07-01 00:00:00,0.7593421468618192
761,8,3,2046-07-01 00:00:00,0.7593421468618192
762,8,3,2047-07-01 00:00:00,0.7593421468618192
763,8,3,2048-07-01 00:00:00,0.7593421468618192
764,8,3,2049-07-01 00:00:00,0.7593421468618192
765,8,3,2050-07-01 00:00:00,0.7593421468618192
766,8,3,2051-07-01 00:00:00,0.7593421468618192
767,8,3,2052-07-01 00:00:00,0.7593421468618192
768,8,3,2053-07-01 00:00:00,0.7593421468618192
769,9,1,2022-07-01 00:00:00,1.432679834051045
770,9,1,2023-07-01 00:00:00,1.4316030162947089
771,9,1,2024-07-01 00:00:00,1.440837040235829
772,9,1,2025-07-01 00:00:00,1.4523555250480684
773,9,1,2026-07-01 00:00:00,1.4642911026172691
774,9,1,2027-07-01 00:00:00,1.4800897917003282
775,9,1,2028-07-01 00:00:00,1.4793780921591762
776,9,1,2029-07-01 00:00:00,1.4703989897367382
777,9,1,2030-07-01 00:00:00,1.4717215180179306
778,9,1,2031-07-01 00:00:00,1.4723139338339635
779,9,1,2032-07-01 00:00:00,1.4727350294004955
780,9,1,2033-07-01 00:00:00,1.4725673116796059
781,9,1,2034-07-01 00:00:00,1.4725673116796059
782,9,1,2035-07-01 00:00:00,1.4725673116796059
783,9,1,2036-07-01 00:00:00,1.4725673116796059
784,9,1,2037-07-01 00:00:00,1.4725673116796059
785,9,1,2038-07-01 00:00:00,1.4725673116796059
786,9,1,2039-07-01 00:00:00,1.4725673116796059
787,9,1,2040-07-01 00:00:00,1.4725673116796059
788,9,1,2041-07-01 00:00:00,1.4725673116796059
789,9,1,2042-07-01 00:00:00,1.4725673116796059
790,9,1,2043-07-01 00:00:00,1.4725673116796059
791,9,1,2044-07-01 00:00:00,1.4725673116796059
792,9,1,2045-07-01 00:00:00,1.4725673116796059
793,9,1,2046-07-01 00:00:00,1.4725673116796059
794,9,1,2047-07-01 00:00:00,1.4725673116796059
795,9,1,2048-07-01 00:00:00,1.4725673116796059
796,9,1,2049-07-01 00:00:00,1.4725673116796059
797,9,1,2050-07-01 00:00:00,1.4725673116796059
798,9,1,2051-07-01 00:00:00,1.4725673116796059
799,9,1,2052-07-01 00:00:00,1.4725673116796059
800,9,1,2053-07-01 00:00:00,1.4725673116796059
801,9,2,2022-07-01 00:00:00,1.432679834051045
802,9,2,2023-07-01 00:00:00,1.4316030162947089
803,9,2,2024-07-01 00:00:00,1.440837040235829
804,9,2,2025-07-01 00:00:00,1.4523555250480684
805,9,2,2026-07-01 00:00:00,1.4642911026172691
806,9,2,2027-07-01 00:00:00,1.4800897917003282
807,9,2,2028-07-01 00:00:00,1.4793780921591762
808,9,2,2029-07-01 00:00:00,1.4703989897367382
809,9,2,2030-07-01 00:00:00,1.4717215180179306
810,9,2,2031-07-01 00:00:00,1.4723139338339635
811,9,2,2032-07-01 00:00:00,1.4727350294004955
812,9,2,2033-07-01 00:00:00,1.4725673116796059
813,9,2,2034-07-01 00:00:00,1.4725673116796059
814,9,2,2035-07-01 00:00:00,1.4725673116796059
815,9,2,2036-07-01 00:00:00,1.4725673116796059
816,9,2,2037-07-01 00:00:00,1.4725673116796059
817,9,2,2038-07-01 00:00:00,1.4725673116796059
818,9,2,2039-07-01 00:00:00,1.4725673116796059
819,9,2,2040-07-01 00:00:00,1.4725673116796059
820,9,2,2041-07-01 00:00:00,1.4725673116796059
821,9,2,2042-07-01 00:00:00,1.4725673116796059
822,9,2,2043-07-01 00:00:00,1.4725673116796059
823,9,2,2044-07-01 00:00:00,1.4725673116796059
824,9,2,2045-07-01 00:00:00,1.4725673116796059
825,9,2,2046-07-01 00:00:00,1.4725673116796059
826,9,2,2047-07-01 00:00:00,1.4725673116796059
827,9,2,2048-07-01 00:00:00,1.4725673116796059
828,9,2,2049-07-01 00:00:00,1.4725673116796059
829,9,2,2050-07-01 00:00:00,1.4725673116796059
830,9,2,2051-07-01 00:00:00,1.4725673116796059
831,9,2,2052-07-01 00:00:00,1.4725673116796059
832,9,2,2053-07-01 00:00:00,1.4725673116796059
833,9,3,2022-07-01 00:00:00,1.432679834051045
834,9,3,2023-07-01 00:00:00,1.4316030162947089
835,9,3,2024-07-01 00:00:00,1.440837040235829
836,9,3,2025-07-01 00:00:00,1.4523555250480684
837,9,3,2026-07-01 00:00:00,1.4642911026172691
838,9,3,2027-07-01 00:00:00,1.4800897917003282
839,9,3,2028-07-01 00:00:00,1.4793780921591762
840,9,3,2029-07-01 00:00:00,1.4703989897367382
841,9,3,2030-07-01 00:00:00,1.4717215180179306
842,9,3,2031-07-01 00:00:00,1.4723139338339635
843,9,3,2032-07-01 00:00:00,1.4727350294004955
844,9,3,2033-07-01 00:00:00,1.4725673116796059
845,9,3,2034-07-01 00:00:00,1.4725673116796059
846,9,3,2035-07-01 00:00:00,1.4725673116796059
847,9,3,2036-07-01 00:00:00,1.4725673116796059
848,9,3,2037-07-01 00:00:00,1.4725673116796059
849,9,3,2038-07-01 00:00:00,1.4725673116796059
850,9,3,2039-07-01 00:00:00,1.4725673116796059
851,9,3,2040-07-01 00:00:00,1.4725673116796059
852,9,3,2041-07-01 00:00:00,1.4725673116796059
853,9,3,2042-07-01 00:00:00,1.4725673116796059
854,9,3,2043-07-01 00:00:00,1.4725673116796059
855,9,3,2044-07-01 00:00:00,1.4725673116796059
856,9,3,2045-07-01 00:00:00,1.4725673116796059
857,9,3,2046-07-01 00:00:00,1.4725673116796059
858,9,3,2047-07-01 00:00:00,1.4725673116796059
859,9,3,2048-07-01 00:00:00,1.4725673116796059
860,9,3,2049-07-01 00:00:00,1.4725673116796059
861,9,3,2050-07-01 00:00:00,1.4725673116796059
862,9,3,2051-07-01 00:00:00,1.4725673116796059
863,9,3,2052-07-01 00:00:00,1.4725673116796059
864,9,3,2053-07-01 00:00:00,1.4725673116796059
865,10,1,2022-07-01 00:00:00,4.048568138546479
866,10,1,2023-07-01 00:00:00,4.134167339504244
867,10,1,2024-07-01 00:00:00,5.290563920684391
868,10,1,2025-07-01 00:00:00,4.2375355888524915
869,10,1,2026-07-01 00:00:00,4.157519599483589
870,10,1,2027-07-01 00:00:00,4.135489187351875
871,10,1,2028-07-01 00:00:00,4.118386114455316
872,10,1,2029-07-01 00:00:00,4.095137186042569
873,10,1,2030-07-01 00:00:00,4.069257101337718
874,10,1,2031-07-01 00:00:00,4.041832488861367
875,10,1,2032-07-01 00:00:00,4.012946578831678
876,10,1,2033-07-01 00:00:00,3.982668267532399
877,10,1,2034-07-01 00:00:00,3.9510535062734515
878,10,1,2035-07-01 00:00:00,3.918167337314334
879,10,1,2036-07-01 00:00:00,3.884080187302714
880,10,1,2037-07-01 00:00:00,3.8488833415819084
881,10,1,2038-07-01 00:00:00,3.812652249748183
882,10,1,2039-07-01 00:00:00,3.77548190925897
883,10,1,2040-07-01 00:00:00,3.7374385342811314
884,10,1,2041-07-01 00:00:00,3.698592665873531
885,10,1,2042-07-01 00:00:00,3.6590372474570763
886,10,1,2043-07-01 00:00:00,3.6188767727769013
887,10,1,2044-07-01 00:00:00,3.609054092013208
888,10,1,2045-07-01 00:00:00,3.609054092013208
889,10,1,2046-07-01 00:00:00,3.609054092013208
890,10,1,2047-07-01 00:00:00,3.609054092013208
891,10,1,2048-07-01 00:00:00,3.609054092013208
892,10,1,2049-07-01 00:00:00,3.609054092013208
893,10,1,2050-07-01 00:00:00,3.609054092013208
894,10,1,2051-07-01 00:00:00,3.609054092013208
895,10,1,2052-07-01 00:00:00,3.609054092013208
896,10,1,2053-07-01 00:00:00,3.609054092013208
897,10,2,2022-07-01 00:00:00,3.725922263918753
898,10,2,2023-07-01 00:00:00,3.628492623274354
899,10,2,2024-07-01 00:00:00,4.159983669182618
900,10,2,2025-07-01 00:00:00,4.006732626763319
901,10,2,2026-07-01 00:00:00,3.964914055062942
902,10,2,2027-07-01 00:00:00,3.943317784119726
903,10,2,2028-07-01 00:00:00,3.9223814257942244
904,10,2,2029-07-01 00:00:00,3.8983575781996835
905,10,2,2030-07-01 00:00:00,3.8196600753747365
906,10,2,2031-07-01 00:00:00,3.6196633714253634
907,10,2,2032-07-01 00:00:00,3.40776669956103
908,10,2,2033-07-01 00:00:00,3.221799549592023
909,10,2,2034-07-01 00:00:00,3.122731354993976
910,10,2,2035-07-01 00:00:00,3.0607752940494777
911,10,2,2036-07-01 00:00:00,2.9669941717979316
912,10,2,2037-07-01 00:00:00,2.8737781397310322
913,10,2,2038-07-01 00:00:00,2.781147289810218
914,10,2,2039-07-01 00:00:00,2.689122677922603
915,10,2,2040-07-01 00:00:00,2.643344569090976
916,10,2,2041-07-01 00:00:00,2.643344569090976
917,10,2,2042-07-01 00:00:00,2.643344569090976
918,10,2,2043-07-01 00:00:00,2.643344569090976
919,10,2,2044-07-01 00:00:00,2.643344569090976
920,10,2,2045-07-01 00:00:00,2.643344569090976
921,10,2,2046-07-01 00:00:00,2.643344569090976
922,10,2,2047-07-01 00:00:00,2.643344569090976
923,10,2,2048-07-01 00:00:00,2.643344569090976
924,10,2,2049-07-01 00:00:00,2.643344569090976
925,10,2,2050-07-01 00:00:00,2.643344569090976
926,10,2,2051-07-01 00:00:00,2.643344569090976
927,10,2,2052-07-01 00:00:00,2.643344569090976
928,10,2,2053-07-01 00:00:00,2.643344569090976
929,10,3,2022-07-01 00:00:00,3.725922263918753
930,10,3,2023-07-01 00:00:00,3.628492623274354
931,10,3,2024-07-01 00:00:00,4.096044969589476
932,10,3,2025-07-01 00:00:00,3.4804094435864563
933,10,3,2026-07-01 00:00:00,3.3300931944128447
934,10,3,2027-07-01 00:00:00,3.2853137238111425
935,10,3,2028-07-01 00:00:00,3.2614145270981396
936,10,3,2029-07-01 00:00:00,3.241538182455761
937,10,3,2030-07-01 00:00:00,3.222234892211601
938,10,3,2031-07-01 00:00:00,3.2035046563656593
939,10,3,2032-07-01 00:00:00,3.182301454437617
940,10,3,2033-07-01 00:00:00,3.1524902213076507
941,10,3,2034-07-01 00:00:00,3.122731354993976
942,10,3,2035-07-01 00:00:00,3.0607752940494777
943,10,3,2036-07-01 00:00:00,2.9669941717979316
944,10,3,2037-07-01 00:00:00,2.8737781397310322
945,10,3,2038-07-01 00:00:00,2.781147289810218
946,10,3,2039-07-01 00:00:00,2.689122677922603
947,10,3,2040-07-01 00:00:00,2.643344569090976
948,10,3,2041-07-01 00:00:00,2.643344569090976
949,10,3,2042-07-01 00:00:00,2.643344569090976
950,10,3,2043-07-01 00:00:00,2.643344569090976
951,10,3,2044-07-01 00:00:00,2.643344569090976
952,10,3,2045-07-01 00:00:00,2.643344569090976
953,10,3,2046-07-01 00:00:00,2.643344569090976
954,10,3,2047-07-01 00:00:00,2.643344569090976
955,10,3,2048-07-01 00:00:00,2.643344569090976
956,10,3,2049-07-01 00:00:00,2.643344569090976
957,10,3,2050-07-01 00:00:00,2.643344569090976
958,10,3,2051-07-01 00:00:00,2.643344569090976
959,10,3,2052-07-01 00:00:00,2.643344569090976
960,10,3,2053-07-01 00:00:00,2.643344569090976
961,11,1,2022-07-01 00:00:00,7.458685580971199
962,11,1,2023-07-01 00:00:00,3.490588582654597
963,11,1,2024-07-01 00:00:00,4.013228969121546
964,11,1,2025-07-01 00:00:00,3.4062384702776356
965,11,1,2026-07-01 00:00:00,3.3601153567446636
966,11,1,2027-07-01 00:00:00,3.3474165048283973
967,11,1,2028-07-01 00:00:00,3.3375578880795143
968,11,1,2029-07-01 00:00:00,3.324156654486597
969,11,1,2030-07-01 00:00:00,3.3092387600195106
970,11,1,2031-07-01 00:00:00,3.2934305631226026
971,11,1,2032-07-01 00:00:00,3.276780039667095
972,11,1,2033-07-01 00:00:00,3.259326903104541
973,11,1,2034-07-01 00:00:00,3.2411034050966414
974,11,1,2035-07-01 00:00:00,3.2221470375439916
975,11,1,2036-07-01 00:00:00,3.2024983960361926
976,11,1,2037-07-01 00:00:00,3.182210099609602
977,11,1,2038-07-01 00:00:00,3.1613256392004936
978,11,1,2039-07-01 00:00:00,3.1398997735958187
979,11,1,2040-07-01 00:00:00,3.1179706702113617
980,11,1,2041-07-01 00:00:00,3.095578990586052
981,11,1,2042-07-01 00:00:00,3.0727783095114836
982,11,1,2043-07-01 00:00:00,3.049628859660006
983,11,1,2044-07-01 00:00:00,3.0454226292462288
984,11,1,2045-07-01 00:00:00,3.0454226292462288
985,11,1,2046-07-01 00:00:00,3.0454226292462288
986,11,1,2047-07-01 00:00:00,3.0454226292462288
987,11,1,2048-07-01 00:00:00,3.0454226292462288
988,11,1,2049-07-01 00:00:00,3.0454226292462288
989,11,1,2050-07-01 00:00:00,3.0454226292462288
990,11,1,2051-07-01 00:00:00,3.0454226292462288
991,11,1,2052-07-01 00:00:00,3.0454226292462288
992,11,1,2053-07-01 00:00:00,3.0454226292462288
993,11,2,2022-07-01 00:00:00,6.550767656334187
994,11,2,2023-07-01 00:00:00,3.489575430137759
995,11,2,2024-07-01 00:00:00,3.3615357049447905
996,11,2,2025-07-01 00:00:00,3.27319817035575
997,11,2,2026-07-01 00:00:00,3.249092954066656
998,11,2,2027-07-01 00:00:00,3.2366443514253707
999,11,2,2028-07-01 00:00:00,3.2245761380641373
1000,11,2,2029-07-01 00:00:00,3.210728222680709
1001,11,2,2030-07-01 00:00:00,3.1653651160543337
1002,11,2,2031-07-01 00:00:00,3.0500822737720363
1003,11,2,2032-07-01 00:00:00,2.9294664787401907
1004,11,2,2033-07-01 00:00:00,2.8287287284865212
1005,11,2,2034-07-01 00:00:00,2.744412116860623
1006,11,2,2035-07-01 00:00:00,2.6756772516346574
1007,11,2,2036-07-01 00:00:00,2.6202574365954057
1008,11,2,2037-07-01 00:00:00,2.5755003458699153
1009,11,2,2038-07-01 00:00:00,2.5394864460867295
1010,11,2,2039-07-01 00:00:00,2.510750473601928
1011,11,2,2040-07-01 00:00:00,2.4874959779644894
1012,11,2,2041-07-01 00:00:00,2.466054520478468
1013,11,2,2042-07-01 00:00:00,2.4456351813913733
1014,11,2,2043-07-01 00:00:00,2.4261937192446354
1015,11,2,2044-07-01 00:00:00,2.4076860512127167
1016,11,2,2045-07-01 00:00:00,2.405713073289593
1017,11,2,2046-07-01 00:00:00,2.405713073289593
1018,11,2,2047-07-01 00:00:00,2.405713073289593
1019,11,2,2048-07-01 00:00:00,2.405713073289593
1020,11,2,2049-07-01 00:00:00,2.405713073289593
1021,11,2,2050-07-01 00:00:00,2.405713073289593
1022,11,2,2051-07-01 00:00:00,2.405713073289593
1023,11,2,2052-07-01 00:00:00,2.405713073289593
1024,11,2,2053-07-01 00:00:00,2.405713073289593
1025,11,3,2022-07-01 00:00:00,6.424928650931941
1026,11,3,2023-07-01 00:00:00,3.5098836043713653
1027,11,3,2024-07-01 00:00:00,3.2942400356248345
1028,11,3,2025-07-01 00:00:00,2.939373121090326
1029,11,3,2026-07-01 00:00:00,2.7529834128262896
1030,11,3,2027-07-01 00:00:00,2.6569279624787367
1031,11,3,2028-07-01 00:00:00,2.6092624702894067
1032,11,3,2029-07-01 00:00:00,2.5772028656746304
1033,11,3,2030-07-01 00:00:00,2.5541061289067075
1034,11,3,2031-07-01 00:00:00,2.53870981974784
1035,11,3,2032-07-01 00:00:00,2.527009033429517
1036,11,3,2033-07-01 00:00:00,2.5155371112294347
1037,11,3,2034-07-01 00:00:00,2.50419170001532
1038,11,3,2035-07-01 00:00:00,2.492978161806971
1039,11,3,2036-07-01 00:00:00,2.481900055276945
1040,11,3,2037-07-01 00:00:00,2.4709616857598364
1041,11,3,2038-07-01 00:00:00,2.460167153269204
1042,11,3,2039-07-01 00:00:00,2.449527582445849
1043,11,3,2040-07-01 00:00:00,2.4392770412422555
1044,11,3,2041-07-01 00:00:00,2.4296232821348807
1045,11,3,2042-07-01 00:00:00,2.420541382161108
1046,11,3,2043-07-01 00:00:00,2.4120006610468985
1047,11,3,2044-07-01 00:00:00,2.405713073289593
1048,11,3,2045-07-01 00:00:00,2.405713073289593
1049,11,3,2046-07-01 00:00:00,2.405713073289593
1050,11,3,2047-07-01 00:00:00,2.405713073289593
1051,11,3,2048-07-01 00:00:00,2.405713073289593
1052,11,3,2049-07-01 00:00:00,2.405713073289593
1053,11,3,2050-07-01 00:00:00,2.405713073289593
1054,11,3,2051-07-01 00:00:00,2.405713073289593
1055,11,3,2052-07-01 00:00:00,2.405713073289593
1056,11,3,2053-07-01 00:00:00,2.405713073289593
1057,12,1,2022-07-01 00:00:00,3.014059944367254
1058,12,1,2023-07-01 00:00:00,3.0268616254803313
1059,12,1,2024-07-01 00:00:00,3.036611567715447
1060,12,1,2025-07-01 00:00:00,3.0366983358828916
1061,12,1,2026-07-01 00:00:00,3.036713210425884
1062,12,1,2027-07-01 00:00:00,3.0413084525735936
1063,12,1,2028-07-01 00:00:00,3.044134615741689
1064,12,1,2029-07-01 00:00:00,3.044134615741689
1065,12,1,2030-07-01 00:00:00,3.044134615741689
1066,12,1,2031-07-01 00:00:00,3.044134615741689
1067,12,1,2032-07-01 00:00:00,3.044134615741689
1068,12,1,2033-07-01 00:00:00,3.044134615741689
1069,12,1,2034-07-01 00:00:00,3.044134615741689
1070,12,1,2035-07-01 00:00:00,3.044134615741689
1071,12,1,2036-07-01 00:00:00,3.044134615741689
1072,12,1,2037-07-01 00:00:00,3.044134615741689
1073,12,1,2038-07-01 00:00:00,3.044134615741689
1074,12,1,2039-07-01 00:00:00,3.044134615741689
1075,12,1,2040-07-01 00:00:00,3.044134615741689
1076,12,1,2041-07-01 00:00:00,3.044134615741689
1077,12,1,2042-07-01 00:00:00,3.044134615741689
1078,12,1,2043-07-01 00:00:00,3.044134615741689
1079,12,1,2044-07-01 00:00:00,3.044134615741689
1080,12,1,2045-07-01 00:00:00,3.044134615741689
1081,12,1,2046-07-01 00:00:00,3.044134615741689
1082,12,1,2047-07-01 00:00:00,3.044134615741689
1083,12,1,2048-07-01 00:00:00,3.044134615741689
1084,12,1,2049-07-01 00:00:00,3.044134615741689
1085,12,1,2050-07-01 00:00:00,3.044134615741689
1086,12,1,2051-07-01 00:00:00,3.044134615741689
1087,12,1,2052-07-01 00:00:00,3.044134615741689
1088,12,1,2053-07-01 00:00:00,3.044134615741689
1089,12,2,2022-07-01 00:00:00,3.014059944367254
1090,12,2,2023-07-01 00:00:00,3.0268616254803313
1091,12,2,2024-07-01 00:00:00,3.036611567715447
1092,12,2,2025-07-01 00:00:00,3.0366983358828916
1093,12,2,2026-07-01 00:00:00,3.036713210425884
1094,12,2,2027-07-01 00:00:00,3.0413084525735936
1095,12,2,2028-07-01 00:00:00,3.044134615741689
1096,12,2,2029-07-01 00:00:00,3.044134615741689
1097,12,2,2030-07-01 00:00:00,3.044134615741689
1098,12,2,2031-07-01 00:00:00,3.044134615741689
1099,12,2,2032-07-01 00:00:00,3.044134615741689
1100,12,2,2033-07-01 00:00:00,3.044134615741689
1101,12,2,2034-07-01 00:00:00,3.044134615741689
1102,12,2,2035-07-01 00:00:00,3.044134615741689
1103,12,2,2036-07-01 00:00:00,3.044134615741689
1104,12,2,2037-07-01 00:00:00,3.044134615741689
1105,12,2,2038-07-01 00:00:00,3.044134615741689
1106,12,2,2039-07-01 00:00:00,3.044134615741689
1107,12,2,2040-07-01 00:00:00,3.044134615741689
1108,12,2,2041-07-01 00:00:00,3.044134615741689
1109,12,2,2042-07-01 00:00:00,3.044134615741689
1110,12,2,2043-07-01 00:00:00,3.044134615741689
1111,12,2,2044-07-01 00:00:00,3.044134615741689
1112,12,2,2045-07-01 00:00:00,3.044134615741689
1113,12,2,2046-07-01 00:00:00,3.044134615741689
1114,12,2,2047-07-01 00:00:00,3.044134615741689
1115,12,2,2048-07-01 00:00:00,3.044134615741689
1116,12,2,2049-07-01 00:00:00,3.044134615741689
1117,12,2,2050-07-01 00:00:00,3.044134615741689
1118,12,2,2051-07-01 00:00:00,3.044134615741689
1119,12,2,2052-07-01 00:00:00,3.044134615741689
1120,12,2,2053-07-01 00:00:00,3.044134615741689
1121,12,3,2022-07-01 00:00:00,3.014059944367254
1122,12,3,2023-07-01 00:00:00,3.0268616254803313
1123,12,3,2024-07-01 00:00:00,3.036611567715447
1124,12,3,2025-07-01 00:00:00,3.0366983358828916
1125,12,3,2026-07-01 00:00:00,3.036713210425884
1126,12,3,2027-07-01 00:00:00,3.0413084525735936
1127,12,3,2028-07-01 00:00:00,3.044134615741689
1128,12,3,2029-07-01 00:00:00,3.044134615741689
1129,12,3,2030-07-01 00:00:00,3.044134615741689
1130,12,3,2031-07-01 00:00:00,3.044134615741689
1131,12,3,2032-07-01 00:00:00,3.044134615741689
1132,12,3,2033-07-01 00:00:00,3.044134615741689
1133,12,3,2034-07-01 00:00:00,3.044134615741689
1134,12,3,2035-07-01 00:00:00,3.044134615741689
1135,12,3,2036-07-01 00:00:00,3.044134615741689
1136,12,3,2037-07-01 00:00:00,3.044134615741689
1137,12,3,2038-07-01 00:00:00,3.044134615741689
1138,12,3,2039-07-01 00:00:00,3.044134615741689
1139,12,3,2040-07-01 00:00:00,3.044134615741689
1140,12,3,2041-07-01 00:00:00,3.044134615741689
1141,12,3,2042-07-01 00:00:00,3.044134615741689
1142,12,3,2043-07-01 00:00:00,3.044134615741689
1143,12,3,2044-07-01 00:00:00,3.044134615741689
1144,12,3,2045-07-01 00:00:00,3.044134615741689
1145,12,3,2046-07-01 00:00:00,3.044134615741689
1146,12,3,2047-07-01 00:00:00,3.044134615741689
1147,12,3,2048-07-01 00:00:00,3.044134615741689
1148,12,3,2049-07-01 00:00:00,3.044134615741689
1149,12,3,2050-07-01 00:00:00,3.044134615741689
1150,12,3,2051-07-01 00:00:00,3.044134615741689
1151,12,3,2052-07-01 00:00:00,3.044134615741689
1152,12,3,2053-07-01 00:00:00,3.044134615741689
1153,13,1,2022-07-01 00:00:00,3.014059944367254
1154,13,1,2023-07-01 00:00:00,3.0268616254803313
1155,13,1,2024-07-01 00:00:00,3.036611567715447
1156,13,1,2025-07-01 00:00:00,3.0366983358828916
1157,13,1,2026-07-01 00:00:00,3.036713210425884
1158,13,1,2027-07-01 00:00:00,3.0413084525735936
1159,13,1,2028-07-01 00:00:00,3.044134615741689
1160,13,1,2029-07-01 00:00:00,3.044134615741689
1161,13,1,2030-07-01 00:00:00,3.044134615741689
1162,13,1,2031-07-01 00:00:00,3.044134615741689
1163,13,1,2032-07-01 00:00:00,3.044134615741689
1164,13,1,2033-07-01 00:00:00,3.044134615741689
1165,13,1,2034-07-01 00:00:00,3.044134615741689
1166,13,1,2035-07-01 00:00:00,3.044134615741689
1167,13,1,2036-07-01 00:00:00,3.044134615741689
1168,13,1,2037-07-01 00:00:00,3.044134615741689
1169,13,1,2038-07-01 00:00:00,3.044134615741689
1170,13,1,2039-07-01 00:00:00,3.044134615741689
1171,13,1,2040-07-01 00:00:00,3.044134615741689
1172,13,1,2041-07-01 00:00:00,3.044134615741689
1173,13,1,2042-07-01 00:00:00,3.044134615741689
1174,13,1,2043-07-01 00:00:00,3.044134615741689
1175,13,1,2044-07-01 00:00:00,3.044134615741689
1176,13,1,2045-07-01 00:00:00,3.044134615741689
1177,13,1,2046-07-01 00:00:00,3.044134615741689
1178,13,1,2047-07-01 00:00:00,3.044134615741689
1179,13,1,2048-07-01 00:00:00,3.044134615741689
1180,13,1,2049-07-01 00:00:00,3.044134615741689
1181,13,1,2050-07-01 00:00:00,3.044134615741689
1182,13,1,2051-07-01 00:00:00,3.044134615741689
1183,13,1,2052-07-01 00:00:00,3.044134615741689
1184,13,1,2053-07-01 00:00:00,3.044134615741689
1185,13,2,2022-07-01 00:00:00,3.014059944367254
1186,13,2,2023-07-01 00:00:00,3.0268616254803313
1187,13,2,2024-07-01 00:00:00,3.036611567715447
1188,13,2,2025-07-01 00:00:00,3.0366983358828916
1189,13,2,2026-07-01 00:00:00,3.036713210425884
1190,13,2,2027-07-01 00:00:00,3.0413084525735936
1191,13,2,2028-07-01 00:00:00,3.044134615741689
1192,13,2,2029-07-01 00:00:00,3.044134615741689
1193,13,2,2030-07-01 00:00:00,3.044134615741689
1194,13,2,2031-07-01 00:00:00,3.044134615741689
1195,13,2,2032-07-01 00:00:00,3.044134615741689
1196,13,2,2033-07-01 00:00:00,3.044134615741689
1197,13,2,2034-07-01 00:00:00,3.044134615741689
1198,13,2,2035-07-01 00:00:00,3.044134615741689
1199,13,2,2036-07-01 00:00:00,3.044134615741689
1200,13,2,2037-07-01 00:00:00,3.044134615741689
1201,13,2,2038-07-01 00:00:00,3.044134615741689
1202,13,2,2039-07-01 00:00:00,3.044134615741689
1203,13,2,2040-07-01 00:00:00,3.044134615741689
1204,13,2,2041-07-01 00:00:00,3.044134615741689
1205,13,2,2042-07-01 00:00:00,3.044134615741689
1206,13,2,2043-07-01 00:00:00,3.044134615741689
1207,13,2,2044-07-01 00:00:00,3.044134615741689
1208,13,2,2045-07-01 00:00:00,3.044134615741689
1209,13,2,2046-07-01 00:00:00,3.044134615741689
1210,13,2,2047-07-01 00:00:00,3.044134615741689
1211,13,2,2048-07-01 00:00:00,3.044134615741689
1212,13,2,2049-07-01 00:00:00,3.044134615741689
1213,13,2,2050-07-01 00:00:00,3.044134615741689
1214,13,2,2051-07-01 00:00:00,3.044134615741689
1215,13,2,2052-07-01 00:00:00,3.044134615741689
1216,13,2,2053-07-01 00:00:00,3.044134615741689
1217,13,3,2022-07-01 00:00:00,3.014059944367254
1218,13,3,2023-07-01 00:00:00,3.0268616254803313
1219,13,3,2024-07-01 00:00:00,3.036611567715447
1220,13,3,2025-07-01 00:00:00,3.0366983358828916
1221,13,3,2026-07-01 00:00:00,3.036713210425884
1222,13,3,2027-07-01 00:00:00,3.0413084525735936
1223,13,3,2028-07-01 00:00:00,3.044134615741689
1224,13,3,2029-07-01 00:00:00,3.044134615741689
1225,13,3,2030-07-01 00:00:00,3.044134615741689
1226,13,3,2031-07-01 00:00:00,3.044134615741689
1227,13,3,2032-07-01 00:00:00,3.044134615741689
1228,13,3,2033-07-01 00:00:00,3.044134615741689
1229,13,3,2034-07-01 00:00:00,3.044134615741689
1230,13,3,2035-07-01 00:00:00,3.044134615741689
1231,13,3,2036-07-01 00:00:00,3.044134615741689
1232,13,3,2037-07-01 00:00:00,3.044134615741689
1233,13,3,2038-07-01 00:00:00,3.044134615741689
1234,13,3,2039-07-01 00:00:00,3.044134615741689
1235,13,3,2040-07-01 00:00:00,3.044134615741689
1236,13,3,2041-07-01 00:00:00,3.044134615741689
1237,13,3,2042-07-01 00:00:00,3.044134615741689
1238,13,3,2043-07-01 00:00:00,3.044134615741689
1239,13,3,2044-07-01 00:00:00,3.044134615741689
1240,13,3,2045-07-01 00:00:00,3.044134615741689
1241,13,3,2046-07-01 00:00:00,3.044134615741689
1242,13,3,2047-07-01 00:00:00,3.044134615741689
1243,13,3,2048-07-01 00:00:00,3.044134615741689
1244,13,3,2049-07-01 00:00:00,3.044134615741689
1245,13,3,2050-07-01 00:00:00,3.044134615741689
1246,13,3,2051-07-01 00:00:00,3.044134615741689
1247,13,3,2052-07-01 00:00:00,3.044134615741689
1248,13,3,2053-07-01 00:00:00,3.044134615741689
1249,14,1,2022-07-01 00:00:00,10.058772461676643
1250,14,1,2023-07-01 00:00:00,3.888633685487452
1251,14,1,2024-07-01 00:00:00,4.761695464528367
1252,14,1,2025-07-01 00:00:00,3.8517516862368284
1253,14,1,2026-07-01 00:00:00,3.7666218986615796
1254,14,1,2027-07-01 00:00:00,3.7314818268596586
1255,14,1,2028-07-01 00:00:00,3.7157413254960776
1256,14,1,2029-07-01 00:00:00,3.6928266786468527
1257,14,1,2030-07-01 00:00:00,3.672837974916827
1258,14,1,2031-07-01 00:00:00,3.652541609624937
1259,14,1,2032-07-01 00:00:00,3.629873801558473
1260,14,1,2033-07-01 00:00:00,3.60611242022935
1261,14,1,2034-07-01 00:00:00,3.587770062921682
1262,14,1,2035-07-01 00:00:00,3.569871356905928
1263,14,1,2036-07-01 00:00:00,3.5551847377326684
1264,14,1,2037-07-01 00:00:00,3.5375453038149303
1265,14,1,2038-07-01 00:00:00,3.5188481623951673
1266,14,1,2039-07-01 00:00:00,3.508350906093037
1267,14,1,2040-07-01 00:00:00,3.4849980782913015
1268,14,1,2041-07-01 00:00:00,3.448776003865646
1269,14,1,2042-07-01 00:00:00,3.4118923050695487
1270,14,1,2043-07-01 00:00:00,3.374444417753163
1271,14,1,2044-07-01 00:00:00,3.3652851972680233
1272,14,1,2045-07-01 00:00:00,3.3652851972680233
1273,14,1,2046-07-01 00:00:00,3.3652851972680233
1274,14,1,2047-07-01 00:00:00,3.3652851972680233
1275,14,1,2048-07-01 00:00:00,3.3652851972680233
1276,14,1,2049-07-01 00:00:00,3.3652851972680233
1277,14,1,2050-07-01 00:00:00,3.3652851972680233
1278,14,1,2051-07-01 00:00:00,3.3652851972680233
1279,14,1,2052-07-01 00:00:00,3.3652851972680233
1280,14,1,2053-07-01 00:00:00,3.3652851972680233
1281,14,2,2022-07-01 00:00:00,8.986542315246677
1282,14,2,2023-07-01 00:00:00,4.119295255846896
1283,14,2,2024-07-01 00:00:00,3.9720566779721094
1284,14,2,2025-07-01 00:00:00,3.871756400473145
1285,14,2,2026-07-01 00:00:00,3.8685238880964805
1286,14,2,2027-07-01 00:00:00,3.8750490251555965
1287,14,2,2028-07-01 00:00:00,3.8708689973727624
1288,14,2,2029-07-01 00:00:00,3.860930010403218
1289,14,2,2030-07-01 00:00:00,3.796280939500529
1290,14,2,2031-07-01 00:00:00,3.6099049319505876
1291,14,2,2032-07-01 00:00:00,3.4104148746583256
1292,14,2,2033-07-01 00:00:00,3.235651504714048
1293,14,2,2034-07-01 00:00:00,3.147313948827838
1294,14,2,2035-07-01 00:00:00,3.108210996259646
1295,14,2,2036-07-01 00:00:00,3.0487353269692017
1296,14,2,2037-07-01 00:00:00,2.9892596576787565
1297,14,2,2038-07-01 00:00:00,2.9297839883883112
1298,14,2,2039-07-01 00:00:00,2.870308319097867
1299,14,2,2040-07-01 00:00:00,2.8405704844526447
1300,14,2,2041-07-01 00:00:00,2.8405704844526447
1301,14,2,2042-07-01 00:00:00,2.8405704844526447
1302,14,2,2043-07-01 00:00:00,2.8405704844526447
1303,14,2,2044-07-01 00:00:00,2.8405704844526447
1304,14,2,2045-07-01 00:00:00,2.8405704844526447
1305,14,2,2046-07-01 00:00:00,2.8405704844526447
1306,14,2,2047-07-01 00:00:00,2.8405704844526447
1307,14,2,2048-07-01 00:00:00,2.8405704844526447
1308,14,2,2049-07-01 00:00:00,2.8405704844526447
1309,14,2,2050-07-01 00:00:00,2.8405704844526447
1310,14,2,2051-07-01 00:00:00,2.8405704844526447
1311,14,2,2052-07-01 00:00:00,2.8405704844526447
1312,14,2,2053-07-01 00:00:00,2.8405704844526447
1313,14,3,2022-07-01 00:00:00,8.833099333368995
1314,14,3,2023-07-01 00:00:00,4.20205461491906
1315,14,3,2024-07-01 00:00:00,3.911006404967145
1316,14,3,2025-07-01 00:00:00,3.363163653462579
1317,14,3,2026-07-01 00:00:00,3.249136019915342
1318,14,3,2027-07-01 00:00:00,3.228436671792755
1319,14,3,2028-07-01 00:00:00,3.2185825421017182
1320,14,3,2029-07-01 00:00:00,3.2104166427675715
1321,14,3,2030-07-01 00:00:00,3.2025124389364263
1322,14,3,2031-07-01 00:00:00,3.1948681608995084
1323,14,3,2032-07-01 00:00:00,3.1847744205197186
1324,14,3,2033-07-01 00:00:00,3.1660441846737784
1325,14,3,2034-07-01 00:00:00,3.147313948827838
1326,14,3,2035-07-01 00:00:00,3.108210996259646
1327,14,3,2036-07-01 00:00:00,3.0487353269692017
1328,14,3,2037-07-01 00:00:00,2.9892596576787565
1329,14,3,2038-07-01 00:00:00,2.9297839883883112
1330,14,3,2039-07-01 00:00:00,2.870308319097867
1331,14,3,2040-07-01 00:00:00,2.8405704844526447
1332,14,3,2041-07-01 00:00:00,2.8405704844526447
1333,14,3,2042-07-01 00:00:00,2.8405704844526447
1334,14,3,2043-07-01 00:00:00,2.8405704844526447
1335,14,3,2044-07-01 00:00:00,2.8405704844526447
1336,14,3,2045-07-01 00:00:00,2.8405704844526447
1337,14,3,2046-07-01 00:00:00,2.8405704844526447
1338,14,3,2047-07-01 00:00:00,2.8405704844526447
1339,14,3,2048-07-01 00:00:00,2.8405704844526447
1340,14,3,2049-07-01 00:00:00,2.8405704844526447
1341,14,3,2050-07-01 00:00:00,2.8405704844526447
1342,14,3,2051-07-01 00:00:00,2.8405704844526447
1343,14,3,2052-07-01 00:00:00,2.8405704844526447
1344,14,3,2053-07-01 00:00:00,2.8405704844526447
1345,15,1,2022-07-01 00:00:00,0.7518239077839793
1346,15,1,2023-07-01 00:00:00,0.7518239077839793
1347,15,1,2024-07-01 00:00:00,0.7518239077839793
1348,15,1,2025-07-01 00:00:00,0.7518239077839793
1349,15,1,2026-07-01 00:00:00,0.7518239077839793
1350,15,1,2027-07-01 00:00:00,0.7518239077839793
1351,15,1,2028-07-01 00:00:00,0.7518239077839793
1352,15,1,2029-07-01 00:00:00,0.7518239077839793
1353,15,1,2030-07-01 00:00:00,0.7518239077839793
1354,15,1,2031-07-01 00:00:00,0.7518239077839793
1355,15,1,2032-07-01 00:00:00,0.7518239077839793
1356,15,1,2033-07-01 00:00:00,0.7518239077839793
1357,15,1,2034-07-01 00:00:00,0.7518239077839793
1358,15,1,2035-07-01 00:00:00,0.7518239077839793
1359,15,1,2036-07-01 00:00:00,0.7518239077839793
1360,15,1,2037-07-01 00:00:00,0.7518239077839793
1361,15,1,2038-07-01 00:00:00,0.7518239077839793
1362,15,1,2039-07-01 00:00:00,0.7518239077839793
1363,15,1,2040-07-01 00:00:00,0.7518239077839793
1364,15,1,2041-07-01 00:00:00,0.7518239077839793
1365,15,1,2042-07-01 00:00:00,0.7518239077839793
1366,15,1,2043-07-01 00:00:00,0.7518239077839793
1367,15,1,2044-07-01 00:00:00,0.7518239077839793
1368,15,1,2045-07-01 00:00:00,0.7518239077839793
1369,15,1,2046-07-01 00:00:00,0.7518239077839793
1370,15,1,2047-07-01 00:00:00,0.7518239077839793
1371,15,1,2048-07-01 00:00:00,0.7518239077839793
1372,15,1,2049-07-01 00:00:00,0.7518239077839793
1373,15,1,2050-07-01 00:00:00,0.7518239077839793
1374,15,1,2051-07-01 00:00:00,0.7518239077839793
1375,15,1,2052-07-01 00:00:00,0.7518239077839793
1376,15,1,2053-07-01 00:00:00,0.7518239077839793
1377,15,2,2022-07-01 00:00:00,0.7518239077839793
1378,15,2,2023-07-01 00:00:00,0.7518239077839793
1379,15,2,2024-07-01 00:00:00,0.7518239077839793
1380,15,2,2025-07-01 00:00:00,0.7518239077839793
1381,15,2,2026-07-01 00:00:00,0.7518239077839793
1382,15,2,2027-07-01 00:00:00,0.7518239077839793
1383,15,2,2028-07-01 00:00:00,0.7518239077839793
1384,15,2,2029-07-01 00:00:00,0.7518239077839793
1385,15,2,2030-07-01 00:00:00,0.7518239077839793
1386,15,2,2031-07-01 00:00:00,0.7518239077839793
1387,15,2,2032-07-01 00:00:00,0.7518239077839793
1388,15,2,2033-07-01 00:00:00,0.7518239077839793
1389,15,2,2034-07-01 00:00:00,0.7518239077839793
1390,15,2,2035-07-01 00:00:00,0.7518239077839793
1391,15,2,2036-07-01 00:00:00,0.7518239077839793
1392,15,2,2037-07-01 00:00:00,0.7518239077839793
1393,15,2,2038-07-01 00:00:00,0.7518239077839793
1394,15,2,2039-07-01 00:00:00,0.7518239077839793
1395,15,2,2040-07-01 00:00:00,0.7518239077839793
1396,15,2,2041-07-01 00:00:00,0.7518239077839793
1397,15,2,2042-07-01 00:00:00,0.7518239077839793
1398,15,2,2043-07-01 00:00:00,0.7518239077839793
1399,15,2,2044-07-01 00:00:00,0.7518239077839793
1400,15,2,2045-07-01 00:00:00,0.7518239077839793
1401,15,2,2046-07-01 00:00:00,0.7518239077839793
1402,15,2,2047-07-01 00:00:00,0.7518239077839793
1403,15,2,2048-07-01 00:00:00,0.7518239077839793
1404,15,2,2049-07-01 00:00:00,0.7518239077839793
1405,15,2,2050-07-01 00:00:00,0.7518239077839793
1406,15,2,2051-07-01 00:00:00,0.7518239077839793
1407,15,2,2052-07-01 00:00:00,0.7518239077839793
1408,15,2,2053-07-01 00:00:00,0.7518239077839793
1409,15,3,2022-07-01 00:00:00,0.7518239077839793
1410,15,3,2023-07-01 00:00:00,0.7518239077839793
1411,15,3,2024-07-01 00:00:00,0.7518239077839793
1412,15,3,2025-07-01 00:00:00,0.7518239077839793
1413,15,3,2026-07-01 00:00:00,0.7518239077839793
1414,15,3,2027-07-01 00:00:00,0.7518239077839793
1415,15,3,2028-07-01 00:00:00,0.7518239077839793
1416,15,3,2029-07-01 00:00:00,0.7518239077839793
1417,15,3,2030-07-01 00:00:00,0.7518239077839793
1418,15,3,2031-07-01 00:00:00,0.7518239077839793
1419,15,3,2032-07-01 00:00:00,0.7518239077839793
1420,15,3,2033-07-01 00:00:00,0.7518239077839793
1421,15,3,2034-07-01 00:00:00,0.7518239077839793
1422,15,3,2035-07-01 00:00:00,0.7518239077839793
1423,15,3,2036-07-01 00:00:00,0.7518239077839793
1424,15,3,2037-07-01 00:00:00,0.7518239077839793
1425,15,3,2038-07-01 00:00:00,0.7518239077839793
1426,15,3,2039-07-01 00:00:00,0.7518239077839793
1427,15,3,2040-07-01 00:00:00,0.7518239077839793
1428,15,3,2041-07-01 00:00:00,0.7518239077839793
1429,15,3,2042-07-01 00:00:00,0.7518239077839793
1430,15,3,2043-07-01 00:00:00,0.7518239077839793
1431,15,3,2044-07-01 00:00:00,0.7518239077839793
1432,15,3,2045-07-01 00:00:00,0.7518239077839793
1433,15,3,2046-07-01 00:00:00,0.7518239077839793
1434,15,3,2047-07-01 00:00:00,0.7518239077839793
1435,15,3,2048-07-01 00:00:00,0.7518239077839793
1436,15,3,2049-07-01 00:00:00,0.7518239077839793
1437,15,3,2050-07-01 00:00:00,0.7518239077839793
1438,15,3,2051-07-01 00:00:00,0.7518239077839793
1439,15,3,2052-07-01 00:00:00,0.7518239077839793
1440,15,3,2053-07-01 00:00:00,0.7518239077839793
1441,16,1,2022-07-01 00:00:00,42.64859722568076
1442,16,1,2023-07-01 00:00:00,42.02447050897309
1443,16,1,2024-07-01 00:00:00,41.44834602280522
1444,16,1,2025-07-01 00:00:00,40.9133354374554
1445,16,1,2026-07-01 00:00:00,40.44467658806013
1446,16,1,2027-07-01 00:00:00,40.02738855762125
1447,16,1,2028-07-01 00:00:00,39.606887408070214
1448,16,1,2029-07-01 00:00:00,39.19839582856742
1449,16,1,2030-07-01 00:00:00,38.82106568877033
1450,16,1,2031-07-01 00:00:00,38.47943122399836
1451,16,1,2032-07-01 00:00:00,38.16816450550294
1452,16,1,2033-07-01 00:00:00,37.878038178298326
1453,16,1,2034-07-01 00:00:00,37.60283565192008
1454,16,1,2035-07-01 00:00:00,37.33785443198884
1455,16,1,2036-07-01 00:00:00,37.08126599359692
1456,16,1,2037-07-01 00:00:00,36.83166950485866
1457,16,1,2038-07-01 00:00:00,36.58653887744854
1458,16,1,2039-07-01 00:00:00,36.34568044819916
1459,16,1,2040-07-01 00:00:00,35.88507879526464
1460,16,1,2041-07-01 00:00:00,35.43153658193376
1461,16,1,2042-07-01 00:00:00,34.98492255044059
1462,16,1,2043-07-01 00:00:00,34.545108243266455
1463,16,1,2044-07-01 00:00:00,34.111967938773816
1464,16,1,2045-07-01 00:00:00,34.111967938773816
1465,16,1,2046-07-01 00:00:00,34.111967938773816
1466,16,1,2047-07-01 00:00:00,34.111967938773816
1467,16,1,2048-07-01 00:00:00,34.111967938773816
1468,16,1,2049-07-01 00:00:00,34.111967938773816
1469,16,1,2050-07-01 00:00:00,34.111967938773816
1470,16,1,2051-07-01 00:00:00,34.111967938773816
1471,16,1,2052-07-01 00:00:00,34.111967938773816
1472,16,1,2053-07-01 00:00:00,34.111967938773816
1473,16,2,2022-07-01 00:00:00,42.64859722568076
1474,16,2,2023-07-01 00:00:00,42.02447050897309
1475,16,2,2024-07-01 00:00:00,41.44834602280522
1476,16,2,2025-07-01 00:00:00,40.9133354374554
1477,16,2,2026-07-01 00:00:00,40.44467658806013
1478,16,2,2027-07-01 00:00:00,40.02738855762125
1479,16,2,2028-07-01 00:00:00,39.606887408070214
1480,16,2,2029-07-01 00:00:00,39.19839582856742
1481,16,2,2030-07-01 00:00:00,38.82106568877033
1482,16,2,2031-07-01 00:00:00,38.47943122399836
1483,16,2,2032-07-01 00:00:00,38.16816450550294
1484,16,2,2033-07-01 00:00:00,37.878038178298326
1485,16,2,2034-07-01 00:00:00,37.60283565192008
1486,16,2,2035-07-01 00:00:00,37.33785443198884
1487,16,2,2036-07-01 00:00:00,37.08126599359692
1488,16,2,2037-07-01 00:00:00,36.83166950485866
1489,16,2,2038-07-01 00:00:00,36.58653887744854
1490,16,2,2039-07-01 00:00:00,36.34568044819916
1491,16,2,2040-07-01 00:00:00,35.88507879526464
1492,16,2,2041-07-01 00:00:00,35.43153658193376
1493,16,2,2042-07-01 00:00:00,34.98492255044059
1494,16,2,2043-07-01 00:00:00,34.545108243266455
1495,16,2,2044-07-01 00:00:00,34.111967938773816
1496,16,2,2045-07-01 00:00:00,34.111967938773816
1497,16,2,2046-07-01 00:00:00,34.111967938773816
1498,16,2,2047-07-01 00:00:00,34.111967938773816
1499,16,2,2048-07-01 00:00:00,34.111967938773816
1500,16,2,2049-07-01 00:00:00,34.111967938773816
1501,16,2,2050-07-01 00:00:00,34.111967938773816
1502,16,2,2051-07-01 00:00:00,34.111967938773816
1503,16,2,2052-07-01 00:00:00,34.111967938773816
1504,16,2,2053-07-01 00:00:00,34.111967938773816
1505,16,3,2022-07-01 00:00:00,42.64859722568076
1506,16,3,2023-07-01 00:00:00,42.02447050897309
1507,16,3,2024-07-01 00:00:00,41.44834602280522
1508,16,3,2025-07-01 00:00:00,40.9133354374554
1509,16,3,2026-07-01 00:00:00,40.44467658806013
1510,16,3,2027-07-01 00:00:00,40.02738855762125
1511,16,3,2028-07-01 00:00:00,39.606887408070214
1512,16,3,2029-07-01 00:00:00,39.19839582856742
1513,16,3,2030-07-01 00:00:00,38.82106568877033
1514,16,3,2031-07-01 00:00:00,38.47943122399836
1515,16,3,2032-07-01 00:00:00,38.16816450550294
1516,16,3,2033-07-01 00:00:00,37.878038178298326
1517,16,3,2034-07-01 00:00:00,37.60283565192008
1518,16,3,2035-07-01 00:00:00,37.33785443198884
1519,16,3,2036-07-01 00:00:00,37.08126599359692
1520,16,3,2037-07-01 00:00:00,36.83166950485866
1521,16,3,2038-07-01 00:00:00,36.58653887744854
1522,16,3,2039-07-01 00:00:00,36.34568044819916
1523,16,3,2040-07-01 00:00:00,35.88507879526464
1524,16,3,2041-07-01 00:00:00,35.43153658193376
1525,16,3,2042-07-01 00:00:00,34.98492255044059
1526,16,3,2043-07-01 00:00:00,34.545108243266455
1527,16,3,2044-07-01 00:00:00,34.111967938773816
1528,16,3,2045-07-01 00:00:00,34.111967938773816
1529,16,3,2046-07-01 00:00:00,34.111967938773816
1530,16,3,2047-07-01 00:00:00,34.111967938773816
1531,16,3,2048-07-01 00:00:00,34.111967938773816
1532,16,3,2049-07-01 00:00:00,34.111967938773816
1533,16,3,2050-07-01 00:00:00,34.111967938773816
1534,16,3,2051-07-01 00:00:00,34.111967938773816
1535,16,3,2052-07-01 00:00:00,34.111967938773816
1536,16,3,2053-07-01 00:00:00,34.111967938773816
1537,17,1,2022-07-01 00:00:00,42.64859722568076
1538,17,1,2023-07-01 00:00:00,42.02447050897309
1539,17,1,2024-07-01 00:00:00,41.44834602280522
1540,17,1,2025-07-01 00:00:00,40.9133354374554
1541,17,1,2026-07-01 00:00:00,40.44467658806013
1542,17,1,2027-07-01 00:00:00,40.02738855762125
1543,17,1,2028-07-01 00:00:00,39.606887408070214
1544,17,1,2029-07-01 00:00:00,39.19839582856742
1545,17,1,2030-07-01 00:00:00,38.82106568877033
1546,17,1,2031-07-01 00:00:00,38.47943122399836
1547,17,1,2032-07-01 00:00:00,38.16816450550294
1548,17,1,2033-07-01 00:00:00,37.878038178298326
1549,17,1,2034-07-01 00:00:00,37.60283565192008
1550,17,1,2035-07-01 00:00:00,37.33785443198884
1551,17,1,2036-07-01 00:00:00,37.08126599359692
1552,17,1,2037-07-01 00:00:00,36.83166950485866
1553,17,1,2038-07-01 00:00:00,36.58653887744854
1554,17,1,2039-07-01 00:00:00,36.34568044819916
1555,17,1,2040-07-01 00:00:00,35.88507879526464
1556,17,1,2041-07-01 00:00:00,35.43153658193376
1557,17,1,2042-07-01 00:00:00,34.98492255044059
1558,17,1,2043-07-01 00:00:00,34.545108243266455
1559,17,1,2044-07-01 00:00:00,34.111967938773816
1560,17,1,2045-07-01 00:00:00,34.111967938773816
1561,17,1,2046-07-01 00:00:00,34.111967938773816
1562,17,1,2047-07-01 00:00:00,34.111967938773816
1563,17,1,2048-07-01 00:00:00,34.111967938773816
1564,17,1,2049-07-01 00:00:00,34.111967938773816
1565,17,1,2050-07-01 00:00:00,34.111967938773816
1566,17,1,2051-07-01 00:00:00,34.111967938773816
1567,17,1,2052-07-01 00:00:00,34.111967938773816
1568,17,1,2053-07-01 00:00:00,34.111967938773816
1569,17,2,2022-07-01 00:00:00,42.64859722568076
1570,17,2,2023-07-01 00:00:00,42.02447050897309
1571,17,2,2024-07-01 00:00:00,41.44834602280522
1572,17,2,2025-07-01 00:00:00,40.9133354374554
1573,17,2,2026-07-01 00:00:00,40.44467658806013
1574,17,2,2027-07-01 00:00:00,40.02738855762125
1575,17,2,2028-07-01 00:00:00,39.606887408070214
1576,17,2,2029-07-01 00:00:00,39.19839582856742
1577,17,2,2030-07-01 00:00:00,38.82106568877033
1578,17,2,2031-07-01 00:00:00,38.47943122399836
1579,17,2,2032-07-01 00:00:00,38.16816450550294
1580,17,2,2033-07-01 00:00:00,37.878038178298326
1581,17,2,2034-07-01 00:00:00,37.60283565192008
1582,17,2,2035-07-01 00:00:00,37.33785443198884
1583,17,2,2036-07-01 00:00:00,37.08126599359692
1584,17,2,2037-07-01 00:00:00,36.83166950485866
1585,17,2,2038-07-01 00:00:00,36.58653887744854
1586,17,2,2039-07-01 00:00:00,36.34568044819916
1587,17,2,2040-07-01 00:00:00,35.88507879526464
1588,17,2,2041-07-01 00:00:00,35.43153658193376
1589,17,2,2042-07-01 00:00:00,34.98492255044059
1590,17,2,2043-07-01 00:00:00,34.545108243266455
1591,17,2,2044-07-01 00:00:00,34.111967938773816
1592,17,2,2045-07-01 00:00:00,34.111967938773816
1593,17,2,2046-07-01 00:00:00,34.111967938773816
1594,17,2,2047-07-01 00:00:00,34.111967938773816
1595,17,2,2048-07-01 00:00:00,34.111967938773816
1596,17,2,2049-07-01 00:00:00,34.111967938773816
1597,17,2,2050-07-01 00:00:00,34.111967938773816
1598,17,2,2051-07-01 00:00:00,34.111967938773816
1599,17,2,2052-07-01 00:00:00,34.111967938773816
1600,17,2,2053-07-01 00:00:00,34.111967938773816
1601,17,3,2022-07-01 00:00:00,42.64859722568076
1602,17,3,2023-07-01 00:00:00,42.02447050897309
1603,17,3,2024-07-01 00:00:00,41.44834602280522
1604,17,3,2025-07-01 00:00:00,40.9133354374554
1605,17,3,2026-07-01 00:00:00,40.44467658806013
1606,17,3,2027-07-01 00:00:00,40.02738855762125
1607,17,3,2028-07-01 00:00:00,39.606887408070214
1608,17,3,2029-07-01 00:00:00,39.19839582856742
1609,17,3,2030-07-01 00:00:00,38.82106568877033
1610,17,3,2031-07-01 00:00:00,38.47943122399836
1611,17,3,2032-07-01 00:00:00,38.16816450550294
1612,17,3,2033-07-01 00:00:00,37.878038178298326
1613,17,3,2034-07-01 00:00:00,37.60283565192008
1614,17,3,2035-07-01 00:00:00,37.33785443198884
1615,17,3,2036-07-01 00:00:00,37.08126599359692
1616,17,3,2037-07-01 00:00:00,36.83166950485866
1617,17,3,2038-07-01 00:00:00,36.58653887744854
1618,17,3,2039-07-01 00:00:00,36.34568044819916
1619,17,3,2040-07-01 00:00:00,35.88507879526464
1620,17,3,2041-07-01 00:00:00,35.43153658193376
1621,17,3,2042-07-01 00:00:00,34.98492255044059
1622,17,3,2043-07-01 00:00:00,34.545108243266455
1623,17,3,2044-07-01 00:00:00,34.111967938773816
1624,17,3,2045-07-01 00:00:00,34.111967938773816
1625,17,3,2046-07-01 00:00:00,34.111967938773816
1626,17,3,2047-07-01 00:00:00,34.111967938773816
1627,17,3,2048-07-01 00:00:00,34.111967938773816
1628,17,3,2049-07-01 00:00:00,34.111967938773816
1629,17,3,2050-07-01 00:00:00,34.111967938773816
1630,17,3,2051-07-01 00:00:00,34.111967938773816
1631,17,3,2052-07-01 00:00:00,34.111967938773816
1632,17,3,2053-07-01 00:00:00,34.111967938773816
1633,18,1,2022-07-01 00:00:00,42.64859722568076
1634,18,1,2023-07-01 00:00:00,42.02447050897309
1635,18,1,2024-07-01 00:00:00,41.44834602280522
1636,18,1,2025-07-01 00:00:00,40.9133354374554
1637,18,1,2026-07-01 00:00:00,40.44467658806013
1638,18,1,2027-07-01 00:00:00,40.02738855762125
1639,18,1,2028-07-01 00:00:00,39.606887408070214
1640,18,1,2029-07-01 00:00:00,39.19839582856742
1641,18,1,2030-07-01 00:00:00,38.82106568877033
1642,18,1,2031-07-01 00:00:00,38.47943122399836
1643,18,1,2032-07-01 00:00:00,38.16816450550294
1644,18,1,2033-07-01 00:00:00,37.878038178298326
1645,18,1,2034-07-01 00:00:00,37.60283565192008
1646,18,1,2035-07-01 00:00:00,37.33785443198884
1647,18,1,2036-07-01 00:00:00,37.08126599359692
1648,18,1,2037-07-01 00:00:00,36.83166950485866
1649,18,1,2038-07-01 00:00:00,36.58653887744854
1650,18,1,2039-07-01 00:00:00,36.34568044819916
1651,18,1,2040-07-01 00:00:00,35.88507879526464
1652,18,1,2041-07-01 00:00:00,35.43153658193376
1653,18,1,2042-07-01 00:00:00,34.98492255044059
1654,18,1,2043-07-01 00:00:00,34.545108243266455
1655,18,1,2044-07-01 00:00:00,34.111967938773816
1656,18,1,2045-07-01 00:00:00,34.111967938773816
1657,18,1,2046-07-01 00:00:00,34.111967938773816
1658,18,1,2047-07-01 00:00:00,34.111967938773816
1659,18,1,2048-07-01 00:00:00,34.111967938773816
1660,18,1,2049-07-01 00:00:00,34.111967938773816
1661,18,1,2050-07-01 00:00:00,34.111967938773816
1662,18,1,2051-07-01 00:00:00,34.111967938773816
1663,18,1,2052-07-01 00:00:00,34.111967938773816
1664,18,1,2053-07-01 00:00:00,34.111967938773816
1665,18,2,2022-07-01 00:00:00,42.64859722568076
1666,18,2,2023-07-01 00:00:00,42.02447050897309
1667,18,2,2024-07-01 00:00:00,41.44834602280522
1668,18,2,2025-07-01 00:00:00,40.9133354374554
1669,18,2,2026-07-01 00:00:00,40.44467658806013
1670,18,2,2027-07-01 00:00:00,40.02738855762125
1671,18,2,2028-07-01 00:00:00,39.606887408070214
1672,18,2,2029-07-01 00:00:00,39.19839582856742
1673,18,2,2030-07-01 00:00:00,38.82106568877033
1674,18,2,2031-07-01 00:00:00,38.47943122399836
1675,18,2,2032-07-01 00:00:00,38.16816450550294
1676,18,2,2033-07-01 00:00:00,37.878038178298326
1677,18,2,2034-07-01 00:00:00,37.60283565192008
1678,18,2,2035-07-01 00:00:00,37.33785443198884
1679,18,2,2036-07-01 00:00:00,37.08126599359692
1680,18,2,2037-07-01 00:00:00,36.83166950485866
1681,18,2,2038-07-01 00:00:00,36.58653887744854
1682,18,2,2039-07-01 00:00:00,36.34568044819916
1683,18,2,2040-07-01 00:00:00,35.88507879526464
1684,18,2,2041-07-01 00:00:00,35.43153658193376
1685,18,2,2042-07-01 00:00:00,34.98492255044059
1686,18,2,2043-07-01 00:00:00,34.545108243266455
1687,18,2,2044-07-01 00:00:00,34.111967938773816
1688,18,2,2045-07-01 00:00:00,34.111967938773816
1689,18,2,2046-07-01 00:00:00,34.111967938773816
1690,18,2,2047-07-01 00:00:00,34.111967938773816
1691,18,2,2048-07-01 00:00:00,34.111967938773816
1692,18,2,2049-07-01 00:00:00,34.111967938773816
1693,18,2,2050-07-01 00:00:00,34.111967938773816
1694,18,2,2051-07-01 00:00:00,34.111967938773816
1695,18,2,2052-07-01 00:00:00,34.111967938773816
1696,18,2,2053-07-01 00:00:00,34.111967938773816
1697,18,3,2022-07-01 00:00:00,42.64859722568076
1698,18,3,2023-07-01 00:00:00,42.02447050897309
1699,18,3,2024-07-01 00:00:00,41.44834602280522
1700,18,3,2025-07-01 00:00:00,40.9133354374554
1701,18,3,2026-07-01 00:00:00,40.44467658806013
1702,18,3,2027-07-01 00:00:00,40.02738855762125
1703,18,3,2028-07-01 00:00:00,39.606887408070214
1704,18,3,2029-07-01 00:00:00,39.19839582856742
1705,18,3,2030-07-01 00:00:00,38.82106568877033
1706,18,3,2031-07-01 00:00:00,38.47943122399836
1707,18,3,2032-07-01 00:00:00,38.16816450550294
1708,18,3,2033-07-01 00:00:00,37.878038178298326
1709,18,3,2034-07-01 00:00:00,37.60283565192008
1710,18,3,2035-07-01 00:00:00,37.33785443198884
1711,18,3,2036-07-01 00:00:00,37.08126599359692
1712,18,3,2037-07-01 00:00:00,36.83166950485866
1713,18,3,2038-07-01 00:00:00,36.58653887744854
1714,18,3,2039-07-01 00:00:00,36.34568044819916
1715,18,3,2040-07-01 00:00:00,35.88507879526464
1716,18,3,2041-07-01 00:00:00,35.43153658193376
1717,18,3,2042-07-01 00:00:00,34.98492255044059
1718,18,3,2043-07-01 00:00:00,34.545108243266455
1719,18,3,2044-07-01 00:00:00,34.111967938773816
1720,18,3,2045-07-01 00:00:00,34.111967938773816
1721,18,3,2046-07-01 00:00:00,34.111967938773816
1722,18,3,2047-07-01 00:00:00,34.111967938773816
1723,18,3,2048-07-01 00:00:00,34.111967938773816
1724,18,3,2049-07-01 00:00:00,34.111967938773816
1725,18,3,2050-07-01 00:00:00,34.111967938773816
1726,18,3,2051-07-01 00:00:00,34.111967938773816
1727,18,3,2052-07-01 00:00:00,34.111967938773816
1728,18,3,2053-07-01 00:00:00,34.111967938773816
1729,19,1,2022-07-01 00:00:00,42.64859722568076
1730,19,1,2023-07-01 00:00:00,42.02447050897309
1731,19,1,2024-07-01 00:00:00,41.44834602280522
1732,19,1,2025-07-01 00:00:00,40.9133354374554
1733,19,1,2026-07-01 00:00:00,40.44467658806013
1734,19,1,2027-07-01 00:00:00,40.02738855762125
1735,19,1,2028-07-01 00:00:00,39.606887408070214
1736,19,1,2029-07-01 00:00:00,39.19839582856742
1737,19,1,2030-07-01 00:00:00,38.82106568877033
1738,19,1,2031-07-01 00:00:00,38.47943122399836
1739,19,1,2032-07-01 00:00:00,38.16816450550294
1740,19,1,2033-07-01 00:00:00,37.878038178298326
1741,19,1,2034-07-01 00:00:00,37.60283565192008
1742,19,1,2035-07-01 00:00:00,37.33785443198884
1743,19,1,2036-07-01 00:00:00,37.08126599359692
1744,19,1,2037-07-01 00:00:00,36.83166950485866
1745,19,1,2038-07-01 00:00:00,36.58653887744854
1746,19,1,2039-07-01 00:00:00,36.34568044819916
1747,19,1,2040-07-01 00:00:00,35.88507879526464
1748,19,1,2041-07-01 00:00:00,35.43153658193376
1749,19,1,2042-07-01 00:00:00,34.98492255044059
1750,19,1,2043-07-01 00:00:00,34.545108243266455
1751,19,1,2044-07-01 00:00:00,34.111967938773816
1752,19,1,2045-07-01 00:00:00,34.111967938773816
1753,19,1,2046-07-01 00:00:00,34.111967938773816
1754,19,1,2047-07-01 00:00:00,34.111967938773816
1755,19,1,2048-07-01 00:00:00,34.111967938773816
1756,19,1,2049-07-01 00:00:00,34.111967938773816
1757,19,1,2050-07-01 00:00:00,34.111967938773816
1758,19,1,2051-07-01 00:00:00,34.111967938773816
1759,19,1,2052-07-01 00:00:00,34.111967938773816
1760,19,1,2053-07-01 00:00:00,34.111967938773816
1761,19,2,2022-07-01 00:00:00,42.64859722568076
1762,19,2,2023-07-01 00:00:00,42.02447050897309
1763,19,2,2024-07-01 00:00:00,41.44834602280522
1764,19,2,2025-07-01 00:00:00,40.9133354374554
1765,19,2,2026-07-01 00:00:00,40.44467658806013
1766,19,2,2027-07-01 00:00:00,40.02738855762125
1767,19,2,2028-07-01 00:00:00,39.606887408070214
1768,19,2,2029-07-01 00:00:00,39.19839582856742
1769,19,2,2030-07-01 00:00:00,38.82106568877033
1770,19,2,2031-07-01 00:00:00,38.47943122399836
1771,19,2,2032-07-01 00:00:00,38.16816450550294
1772,19,2,2033-07-01 00:00:00,37.878038178298326
1773,19,2,2034-07-01 00:00:00,37.60283565192008
1774,19,2,2035-07-01 00:00:00,37.33785443198884
1775,19,2,2036-07-01 00:00:00,37.08126599359692
1776,19,2,2037-07-01 00:00:00,36.83166950485866
1777,19,2,2038-07-01 00:00:00,36.58653887744854
1778,19,2,2039-07-01 00:00:00,36.34568044819916
1779,19,2,2040-07-01 00:00:00,35.88507879526464
1780,19,2,2041-07-01 00:00:00,35.43153658193376
1781,19,2,2042-07-01 00:00:00,34.98492255044059
1782,19,2,2043-07-01 00:00:00,34.545108243266455
1783,19,2,2044-07-01 00:00:00,34.111967938773816
1784,19,2,2045-07-01 00:00:00,34.111967938773816
1785,19,2,2046-07-01 00:00:00,34.111967938773816
1786,19,2,2047-07-01 00:00:00,34.111967938773816
1787,19,2,2048-07-01 00:00:00,34.111967938773816
1788,19,2,2049-07-01 00:00:00,34.111967938773816
1789,19,2,2050-07-01 00:00:00,34.111967938773816
1790,19,2,2051-07-01 00:00:00,34.111967938773816
1791,19,2,2052-07-01 00:00:00,34.111967938773816
1792,19,2,2053-07-01 00:00:00,34.111967938773816
1793,19,3,2022-07-01 00:00:00,42.64859722568076
1794,19,3,2023-07-01 00:00:00,42.02447050897309
1795,19,3,2024-07-01 00:00:00,41.44834602280522
1796,19,3,2025-07-01 00:00:00,40.9133354374554
1797,19,3,2026-07-01 00:00:00,40.44467658806013
1798,19,3,2027-07-01 00:00:00,40.02738855762125
1799,19,3,2028-07-01 00:00:00,39.606887408070214
1800,19,3,2029-07-01 00:00:00,39.19839582856742
1801,19,3,2030-07-01 00:00:00,38.82106568877033
1802,19,3,2031-07-01 00:00:00,38.47943122399836
1803,19,3,2032-07-01 00:00:00,38.16816450550294
1804,19,3,2033-07-01 00:00:00,37.878038178298326
1805,19,3,2034-07-01 00:00:00,37.60283565192008
1806,19,3,2035-07-01 00:00:00,37.33785443198884
1807,19,3,2036-07-01 00:00:00,37.08126599359692
1808,19,3,2037-07-01 00:00:00,36.83166950485866
1809,19,3,2038-07-01 00:00:00,36.58653887744854
1810,19,3,2039-07-01 00:00:00,36.34568044819916
1811,19,3,2040-07-01 00:00:00,35.88507879526464
1812,19,3,2041-07-01 00:00:00,35.43153658193376
1813,19,3,2042-07-01 00:00:00,34.98492255044059
1814,19,3,2043-07-01 00:00:00,34.545108243266455
1815,19,3,2044-07-01 00:00:00,34.111967938773816
1816,19,3,2045-07-01 00:00:00,34.111967938773816
1817,19,3,2046-07-01 00:00:00,34.111967938773816
1818,19,3,2047-07-01 00:00:00,34.111967938773816
1819,19,3,2048-07-01 00:00:00,34.111967938773816
1820,19,3,2049-07-01 00:00:00,34.111967938773816
1821,19,3,2050-07-01 00:00:00,34.111967938773816
1822,19,3,2051-07-01 00:00:00,34.111967938773816
1823,19,3,2052-07-01 00:00:00,34.111967938773816
1824,19,3,2053-07-01 00:00:00,34.111967938773816
1825,20,1,2022-07-01 00:00:00,42.64859722568076
1826,20,1,2023-07-01 00:00:00,42.02447050897309
1827,20,1,2024-07-01 00:00:00,41.44834602280522
1828,20,1,2025-07-01 00:00:00,40.9133354374554
1829,20,1,2026-07-01 00:00:00,40.44467658806013
1830,20,1,2027-07-01 00:00:00,40.02738855762125
1831,20,1,2028-07-01 00:00:00,39.606887408070214
1832,20,1,2029-07-01 00:00:00,39.19839582856742
1833,20,1,2030-07-01 00:00:00,38.82106568877033
1834,20,1,2031-07-01 00:00:00,38.47943122399836
1835,20,1,2032-07-01 00:00:00,38.16816450550294
1836,20,1,2033-07-01 00:00:00,37.878038178298326
1837,20,1,2034-07-01 00:00:00,37.60283565192008
1838,20,1,2035-07-01 00:00:00,37.33785443198884
1839,20,1,2036-07-01 00:00:00,37.08126599359692
1840,20,1,2037-07-01 00:00:00,36.83166950485866
1841,20,1,2038-07-01 00:00:00,36.58653887744854
1842,20,1,2039-07-01 00:00:00,36.34568044819916
1843,20,1,2040-07-01 00:00:00,35.88507879526464
1844,20,1,2041-07-01 00:00:00,35.43153658193376
1845,20,1,2042-07-01 00:00:00,34.98492255044059
1846,20,1,2043-07-01 00:00:00,34.545108243266455
1847,20,1,2044-07-01 00:00:00,34.111967938773816
1848,20,1,2045-07-01 00:00:00,34.111967938773816
1849,20,1,2046-07-01 00:00:00,34.111967938773816
1850,20,1,2047-07-01 00:00:00,34.111967938773816
1851,20,1,2048-07-01 00:00:00,34.111967938773816
1852,20,1,2049-07-01 00:00:00,34.111967938773816
1853,20,1,2050-07-01 00:00:00,34.111967938773816
1854,20,1,2051-07-01 00:00:00,34.111967938773816
1855,20,1,2052-07-01 00:00:00,34.111967938773816
1856,20,1,2053-07-01 00:00:00,34.111967938773816
1857,20,2,2022-07-01 00:00:00,42.64859722568076
1858,20,2,2023-07-01 00:00:00,42.02447050897309
1859,20,2,2024-07-01 00:00:00,41.44834602280522
1860,20,2,2025-07-01 00:00:00,40.9133354374554
1861,20,2,2026-07-01 00:00:00,40.44467658806013
1862,20,2,2027-07-01 00:00:00,40.02738855762125
1863,20,2,2028-07-01 00:00:00,39.606887408070214
1864,20,2,2029-07-01 00:00:00,39.19839582856742
1865,20,2,2030-07-01 00:00:00,38.82106568877033
1866,20,2,2031-07-01 00:00:00,38.47943122399836
1867,20,2,2032-07-01 00:00:00,38.16816450550294
1868,20,2,2033-07-01 00:00:00,37.878038178298326
1869,20,2,2034-07-01 00:00:00,37.60283565192008
1870,20,2,2035-07-01 00:00:00,37.33785443198884
1871,20,2,2036-07-01 00:00:00,37.08126599359692
1872,20,2,2037-07-01 00:00:00,36.83166950485866
1873,20,2,2038-07-01 00:00:00,36.58653887744854
1874,20,2,2039-07-01 00:00:00,36.34568044819916
1875,20,2,2040-07-01 00:00:00,35.88507879526464
1876,20,2,2041-07-01 00:00:00,35.43153658193376
1877,20,2,2042-07-01 00:00:00,34.98492255044059
1878,20,2,2043-07-01 00:00:00,34.545108243266455
1879,20,2,2044-07-01 00:00:00,34.111967938773816
1880,20,2,2045-07-01 00:00:00,34.111967938773816
1881,20,2,2046-07-01 00:00:00,34.111967938773816
1882,20,2,2047-07-01 00:00:00,34.111967938773816
1883,20,2,2048-07-01 00:00:00,34.111967938773816
1884,20,2,2049-07-01 00:00:00,34.111967938773816
1885,20,2,2050-07-01 00:00:00,34.111967938773816
1886,20,2,2051-07-01 00:00:00,34.111967938773816
1887,20,2,2052-07-01 00:00:00,34.111967938773816
1888,20,2,2053-07-01 00:00:00,34.111967938773816
1889,20,3,2022-07-01 00:00:00,42.64859722568076
1890,20,3,2023-07-01 00:00:00,42.02447050897309
1891,20,3,2024-07-01 00:00:00,41.44834602280522
1892,20,3,2025-07-01 00:00:00,40.9133354374554
1893,20,3,2026-07-01 00:00:00,40.44467658806013
1894,20,3,2027-07-01 00:00:00,40.02738855762125
1895,20,3,2028-07-01 00:00:00,39.606887408070214
1896,20,3,2029-07-01 00:00:00,39.19839582856742
1897,20,3,2030-07-01 00:00:00,38.82106568877033
1898,20,3,2031-07-01 00:00:00,38.47943122399836
1899,20,3,2032-07-01 00:00:00,38.16816450550294
1900,20,3,2033-07-01 00:00:00,37.878038178298326
1901,20,3,2034-07-01 00:00:00,37.60283565192008
1902,20,3,2035-07-01 00:00:00,37.33785443198884
1903,20,3,2036-07-01 00:00:00,37.08126599359692
1904,20,3,2037-07-01 00:00:00,36.83166950485866
1905,20,3,2038-07-01 00:00:00,36.58653887744854
1906,20,3,2039-07-01 00:00:00,36.34568044819916
1907,20,3,2040-07-01 00:00:00,35.88507879526464
1908,20,3,2041-07-01 00:00:00,35.43153658193376
1909,20,3,2042-07-01 00:00:00,34.98492255044059
1910,20,3,2043-07-01 00:00:00,34.545108243266455
1911,20,3,2044-07-01 00:00:00,34.111967938773816
1912,20,3,2045-07-01 00:00:00,34.111967938773816
1913,20,3,2046-07-01 00:00:00,34.111967938773816
1914,20,3,2047-07-01 00:00:00,34.111967938773816
1915,20,3,2048-07-01 00:00:00,34.111967938773816
1916,20,3,2049-07-01 00:00:00,34.111967938773816
1917,20,3,2050-07-01 00:00:00,34.111967938773816
1918,20,3,2051-07-01 00:00:00,34.111967938773816
1919,20,3,2052-07-01 00:00:00,34.111967938773816
1920,20,3,2053-07-01 00:00:00,34.111967938773816
1921,21,1,2022-07-01 00:00:00,42.64859722568076
1922,21,1,2023-07-01 00:00:00,42.02447050897309
1923,21,1,2024-07-01 00:00:00,41.44834602280522
1924,21,1,2025-07-01 00:00:00,40.9133354374554
1925,21,1,2026-07-01 00:00:00,40.44467658806013
1926,21,1,2027-07-01 00:00:00,40.02738855762125
1927,21,1,2028-07-01 00:00:00,39.606887408070214
1928,21,1,2029-07-01 00:00:00,39.19839582856742
1929,21,1,2030-07-01 00:00:00,38.82106568877033
1930,21,1,2031-07-01 00:00:00,38.47943122399836
1931,21,1,2032-07-01 00:00:00,38.16816450550294
1932,21,1,2033-07-01 00:00:00,37.878038178298326
1933,21,1,2034-07-01 00:00:00,37.60283565192008
1934,21,1,2035-07-01 00:00:00,37.33785443198884
1935,21,1,2036-07-01 00:00:00,37.08126599359692
1936,21,1,2037-07-01 00:00:00,36.83166950485866
1937,21,1,2038-07-01 00:00:00,36.58653887744854
1938,21,1,2039-07-01 00:00:00,36.34568044819916
1939,21,1,2040-07-01 00:00:00,35.88507879526464
1940,21,1,2041-07-01 00:00:00,35.43153658193376
1941,21,1,2042-07-01 00:00:00,34.98492255044059
1942,21,1,2043-07-01 00:00:00,34.545108243266455
1943,21,1,2044-07-01 00:00:00,34.111967938773816
1944,21,1,2045-07-01 00:00:00,34.111967938773816
1945,21,1,2046-07-01 00:00:00,34.111967938773816
1946,21,1,2047-07-01 00:00:00,34.111967938773816
1947,21,1,2048-07-01 00:00:00,34.111967938773816
1948,21,1,2049-07-01 00:00:00,34.111967938773816
1949,21,1,2050-07-01 00:00:00,34.111967938773816
1950,21,1,2051-07-01 00:00:00,34.111967938773816
1951,21,1,2052-07-01 00:00:00,34.111967938773816
1952,21,1,2053-07-01 00:00:00,34.111967938773816
1953,21,2,2022-07-01 00:00:00,42.64859722568076
1954,21,2,2023-07-01 00:00:00,42.02447050897309
1955,21,2,2024-07-01 00:00:00,41.44834602280522
1956,21,2,2025-07-01 00:00:00,40.9133354374554
1957,21,2,2026-07-01 00:00:00,40.44467658806013
1958,21,2,2027-07-01 00:00:00,40.02738855762125
1959,21,2,2028-07-01 00:00:00,39.606887408070214
1960,21,2,2029-07-01 00:00:00,39.19839582856742
1961,21,2,2030-07-01 00:00:00,38.82106568877033
1962,21,2,2031-07-01 00:00:00,38.47943122399836
1963,21,2,2032-07-01 00:00:00,38.16816450550294
1964,21,2,2033-07-01 00:00:00,37.878038178298326
1965,21,2,2034-07-01 00:00:00,37.60283565192008
1966,21,2,2035-07-01 00:00:00,37.33785443198884
1967,21,2,2036-07-01 00:00:00,37.08126599359692
1968,21,2,2037-07-01 00:00:00,36.83166950485866
1969,21,2,2038-07-01 00:00:00,36.58653887744854
1970,21,2,2039-07-01 00:00:00,36.34568044819916
1971,21,2,2040-07-01 00:00:00,35.88507879526464
1972,21,2,2041-07-01 00:00:00,35.43153658193376
1973,21,2,2042-07-01 00:00:00,34.98492255044059
1974,21,2,2043-07-01 00:00:00,34.545108243266455
1975,21,2,2044-07-01 00:00:00,34.111967938773816
1976,21,2,2045-07-01 00:00:00,34.111967938773816
1977,21,2,2046-07-01 00:00:00,34.111967938773816
1978,21,2,2047-07-01 00:00:00,34.111967938773816
1979,21,2,2048-07-01 00:00:00,34.111967938773816
1980,21,2,2049-07-01 00:00:00,34.111967938773816
1981,21,2,2050-07-01 00:00:00,34.111967938773816
1982,21,2,2051-07-01 00:00:00,34.111967938773816
1983,21,2,2052-07-01 00:00:00,34.111967938773816
1984,21,2,2053-07-01 00:00:00,34.111967938773816
1985,21,3,2022-07-01 00:00:00,42.64859722568076
1986,21,3,2023-07-01 00:00:00,42.02447050897309
1987,21,3,2024-07-01 00:00:00,41.44834602280522
1988,21,3,2025-07-01 00:00:00,40.9133354374554
1989,21,3,2026-07-01 00:00:00,40.44467658806013
1990,21,3,2027-07-01 00:00:00,40.02738855762125
1991,21,3,2028-07-01 00:00:00,39.606887408070214
1992,21,3,2029-07-01 00:00:00,39.19839582856742
1993,21,3,2030-07-01 00:00:00,38.82106568877033
1994,21,3,2031-07-01 00:00:00,38.47943122399836
1995,21,3,2032-07-01 00:00:00,38.16816450550294
1996,21,3,2033-07-01 00:00:00,37.878038178298326
1997,21,3,2034-07-01 00:00:00,37.60283565192008
1998,21,3,2035-07-01 00:00:00,37.33785443198884
1999,21,3,2036-07-01 00:00:00,37.08126599359692
2000,21,3,2037-07-01 00:00:00,36.83166950485866
2001,21,3,2038-07-01 00:00:00,36.58653887744854
2002,21,3,2039-07-01 00:00:00,36.34568044819916
2003,21,3,2040-07-01 00:00:00,35.88507879526464
2004,21,3,2041-07-01 00:00:00,35.43153658193376
2005,21,3,2042-07-01 00:00:00,34.98492255044059
2006,21,3,2043-07-01 00:00:00,34.545108243266455
2007,21,3,2044-07-01 00:00:00,34.111967938773816
2008,21,3,2045-07-01 00:00:00,34.111967938773816
2009,21,3,2046-07-01 00:00:00,34.111967938773816
2010,21,3,2047-07-01 00:00:00,34.111967938773816
2011,21,3,2048-07-01 00:00:00,34.111967938773816
2012,21,3,2049-07-01 00:00:00,34.111967938773816
2013,21,3,2050-07-01 00:00:00,34.111967938773816
2014,21,3,2051-07-01 00:00:00,34.111967938773816
2015,21,3,2052-07-01 00:00:00,34.111967938773816
2016,21,3,2053-07-01 00:00:00,34.111967938773816
2017,22,1,2022-07-01 00:00:00,42.64859722568076
2018,22,1,2023-07-01 00:00:00,42.02447050897309
2019,22,1,2024-07-01 00:00:00,41.44834602280522
2020,22,1,2025-07-01 00:00:00,40.9133354374554
2021,22,1,2026-07-01 00:00:00,40.44467658806013
2022,22,1,2027-07-01 00:00:00,40.02738855762125
2023,22,1,2028-07-01 00:00:00,39.606887408070214
2024,22,1,2029-07-01 00:00:00,39.19839582856742
2025,22,1,2030-07-01 00:00:00,38.82106568877033
2026,22,1,2031-07-01 00:00:00,38.47943122399836
2027,22,1,2032-07-01 00:00:00,38.16816450550294
2028,22,1,2033-07-01 00:00:00,37.878038178298326
2029,22,1,2034-07-01 00:00:00,37.60283565192008
2030,22,1,2035-07-01 00:00:00,37.33785443198884
2031,22,1,2036-07-01 00:00:00,37.08126599359692
2032,22,1,2037-07-01 00:00:00,36.83166950485866
2033,22,1,2038-07-01 00:00:00,36.58653887744854
2034,22,1,2039-07-01 00:00:00,36.34568044819916
2035,22,1,2040-07-01 00:00:00,35.88507879526464
2036,22,1,2041-07-01 00:00:00,35.43153658193376
2037,22,1,2042-07-01 00:00:00,34.98492255044059
2038,22,1,2043-07-01 00:00:00,34.545108243266455
2039,22,1,2044-07-01 00:00:00,34.111967938773816
2040,22,1,2045-07-01 00:00:00,34.111967938773816
2041,22,1,2046-07-01 00:00:00,34.111967938773816
2042,22,1,2047-07-01 00:00:00,34.111967938773816
2043,22,1,2048-07-01 00:00:00,34.111967938773816
2044,22,1,2049-07-01 00:00:00,34.111967938773816
2045,22,1,2050-07-01 00:00:00,34.111967938773816
2046,22,1,2051-07-01 00:00:00,34.111967938773816
2047,22,1,2052-07-01 00:00:00,34.111967938773816
2048,22,1,2053-07-01 00:00:00,34.111967938773816
2049,22,2,2022-07-01 00:00:00,42.64859722568076
2050,22,2,2023-07-01 00:00:00,42.02447050897309
2051,22,2,2024-07-01 00:00:00,41.44834602280522
2052,22,2,2025-07-01 00:00:00,40.9133354374554
2053,22,2,2026-07-01 00:00:00,40.44467658806013
2054,22,2,2027-07-01 00:00:00,40.02738855762125
2055,22,2,2028-07-01 00:00:00,39.606887408070214
2056,22,2,2029-07-01 00:00:00,39.19839582856742
2057,22,2,2030-07-01 00:00:00,38.82106568877033
2058,22,2,2031-07-01 00:00:00,38.47943122399836
2059,22,2,2032-07-01 00:00:00,38.16816450550294
2060,22,2,2033-07-01 00:00:00,37.878038178298326
2061,22,2,2034-07-01 00:00:00,37.60283565192008
2062,22,2,2035-07-01 00:00:00,37.33785443198884
2063,22,2,2036-07-01 00:00:00,37.08126599359692
2064,22,2,2037-07-01 00:00:00,36.83166950485866
2065,22,2,2038-07-01 00:00:00,36.58653887744854
2066,22,2,2039-07-01 00:00:00,36.34568044819916
2067,22,2,2040-07-01 00:00:00,35.88507879526464
2068,22,2,2041-07-01 00:00:00,35.43153658193376
2069,22,2,2042-07-01 00:00:00,34.98492255044059
2070,22,2,2043-07-01 00:00:00,34.545108243266455
2071,22,2,2044-07-01 00:00:00,34.111967938773816
2072,22,2,2045-07-01 00:00:00,34.111967938773816
2073,22,2,2046-07-01 00:00:00,34.111967938773816
2074,22,2,2047-07-01 00:00:00,34.111967938773816
2075,22,2,2048-07-01 00:00:00,34.111967938773816
2076,22,2,2049-07-01 00:00:00,34.111967938773816
2077,22,2,2050-07-01 00:00:00,34.111967938773816
2078,22,2,2051-07-01 00:00:00,34.111967938773816
2079,22,2,2052-07-01 00:00:00,34.111967938773816
2080,22,2,2053-07-01 00:00:00,34.111967938773816
2081,22,3,2022-07-01 00:00:00,42.64859722568076
2082,22,3,2023-07-01 00:00:00,42.02447050897309
2083,22,3,2024-07-01 00:00:00,41.44834602280522
2084,22,3,2025-07-01 00:00:00,40.9133354374554
2085,22,3,2026-07-01 00:00:00,40.44467658806013
2086,22,3,2027-07-01 00:00:00,40.02738855762125
2087,22,3,2028-07-01 00:00:00,39.606887408070214
2088,22,3,2029-07-01 00:00:00,39.19839582856742
2089,22,3,2030-07-01 00:00:00,38.82106568877033
2090,22,3,2031-07-01 00:00:00,38.47943122399836
2091,22,3,2032-07-01 00:00:00,38.16816450550294
2092,22,3,2033-07-01 00:00:00,37.878038178298326
2093,22,3,2034-07-01 00:00:00,37.60283565192008
2094,22,3,2035-07-01 00:00:00,37.33785443198884
2095,22,3,2036-07-01 00:00:00,37.08126599359692
2096,22,3,2037-07-01 00:00:00,36.83166950485866
2097,22,3,2038-07-01 00:00:00,36.58653887744854
2098,22,3,2039-07-01 00:00:00,36.34568044819916
2099,22,3,2040-07-01 00:00:00,35.88507879526464
2100,22,3,2041-07-01 00:00:00,35.43153658193376
2101,22,3,2042-07-01 00:00:00,34.98492255044059
2102,22,3,2043-07-01 00:00:00,34.545108243266455
2103,22,3,2044-07-01 00:00:00,34.111967938773816
2104,22,3,2045-07-01 00:00:00,34.111967938773816
2105,22,3,2046-07-01 00:00:00,34.111967938773816
2106,22,3,2047-07-01 00:00:00,34.111967938773816
2107,22,3,2048-07-01 00:00:00,34.111967938773816
2108,22,3,2049-07-01 00:00:00,34.111967938773816
2109,22,3,2050-07-01 00:00:00,34.111967938773816
2110,22,3,2051-07-01 00:00:00,34.111967938773816
2111,22,3,2052-07-01 00:00:00,34.111967938773816
2112,22,3,2053-07-01 00:00:00,34.111967938773816
2113,53,1,2024-07-01 00:00:00,43.21780644571428
2114,53,1,2025-07-01 00:00:00,42.012919205714276
2115,53,1,2026-07-01 00:00:00,40.838400085714284
2116,53,1,2027-07-01 00:00:00,39.69424908571428
2117,53,1,2028-07-01 00:00:00,38.58046620571428
2118,53,1,2029-07-01 00:00:00,37.49705144571428
2119,53,1,2030-07-01 00:00:00,36.44400480571428
2120,53,1,2031-07-01 00:00:00,35.42132628571428
2121,53,1,2032-07-01 00:00:00,34.42901588571428
2122,53,1,2033-07-01 00:00:00,33.46707360571428
2123,53,1,2034-07-01 00:00:00,32.53549944571428
2124,53,1,2035-07-01 00:00:00,31.634293405714278
2125,53,1,2036-07-01 00:00:00,30.763455485714285
2126,53,1,2037-07-01 00:00:00,29.922985685714284
2127,53,1,2038-07-01 00:00:00,29.11288400571428
2128,53,1,2039-07-01 00:00:00,28.33315044571428
2129,53,1,2040-07-01 00:00:00,27.58378500571428
2130,53,1,2041-07-01 00:00:00,26.864787685714283
2131,53,1,2042-07-01 00:00:00,26.176158485714282
2132,53,1,2043-07-01 00:00:00,25.51789740571428
2133,53,1,2044-07-01 00:00:00,24.890004445714286
2134,53,1,2045-07-01 00:00:00,24.292479605714284
2135,53,1,2046-07-01 00:00:00,23.725322885714284
2136,53,1,2047-07-01 00:00:00,23.18853428571428
2137,53,1,2048-07-01 00:00:00,22.68211380571428
2138,53,1,2049-07-01 00:00:00,22.20606144571428
2139,53,1,2050-07-01 00:00:00,21.76037720571429
2140,53,1,2051-07-01 00:00:00,21.345061085714285
2141,53,1,2052-07-01 00:00:00,20.960113085714287
2142,53,2,2024-07-01 00:00:00,42.904715405714285
2143,53,2,2025-07-01 00:00:00,41.46319207571429
2144,53,2,2026-07-01 00:00:00,40.06208828571428
2145,53,2,2027-07-01 00:00:00,38.70140403571429
2146,53,2,2028-07-01 00:00:00,37.38113932571429
2147,53,2,2029-07-01 00:00:00,36.101294155714285
2148,53,2,2030-07-01 00:00:00,34.861868525714286
2149,53,2,2031-07-01 00:00:00,33.66286243571429
2150,53,2,2032-07-01 00:00:00,32.504275885714286
2151,53,2,2033-07-01 00:00:00,31.386108875714285
2152,53,2,2034-07-01 00:00:00,30.30836140571429
2153,53,2,2035-07-01 00:00:00,29.271033475714287
2154,53,2,2036-07-01 00:00:00,28.274125085714285
2155,53,2,2037-07-01 00:00:00,27.317636235714286
2156,53,2,2038-07-01 00:00:00,26.401566925714285
2157,53,2,2039-07-01 00:00:00,25.525917155714286
2158,53,2,2040-07-01 00:00:00,24.69068692571428
2159,53,2,2041-07-01 00:00:00,23.895876235714287
2160,53,2,2042-07-01 00:00:00,23.141485085714283
2161,53,2,2043-07-01 00:00:00,22.42751347571428
2162,53,2,2044-07-01 00:00:00,21.753961405714286
2163,53,2,2045-07-01 00:00:00,21.120828875714288
2164,53,2,2046-07-01 00:00:00,20.52811588571429
2165,53,2,2047-07-01 00:00:00,19.97582243571428
2166,53,2,2048-07-01 00:00:00,19.463948525714287
2167,53,2,2049-07-01 00:00:00,18.992494155714287
2168,53,2,2050-07-01 00:00:00,18.561459325714285
2169,53,2,2051-07-01 00:00:00,18.170844035714286
2170,53,2,2052-07-01 00:00:00,17.82064828571428
2171,53,3,2024-07-01 00:00:00,40.87689488571428
2172,53,3,2025-07-01 00:00:00,39.440718055714285
2173,53,3,2026-07-01 00:00:00,38.04581620571428
2174,53,3,2027-07-01 00:00:00,36.69218933571428
2175,53,3,2028-07-01 00:00:00,35.37983744571428
2176,53,3,2029-07-01 00:00:00,34.10876053571428
2177,53,3,2030-07-01 00:00:00,32.87895860571428
2178,53,3,2031-07-01 00:00:00,31.69043165571428
2179,53,3,2032-07-01 00:00:00,30.543179685714282
2180,53,3,2033-07-01 00:00:00,29.437202695714284
2181,53,3,2034-07-01 00:00:00,28.372500685714282
2182,53,3,2035-07-01 00:00:00,27.34907365571428
2183,53,3,2036-07-01 00:00:00,26.366921605714285
2184,53,3,2037-07-01 00:00:00,25.426044535714283
2185,53,3,2038-07-01 00:00:00,24.52644244571428
2186,53,3,2039-07-01 00:00:00,23.668115335714283
2187,53,3,2040-07-01 00:00:00,22.851063205714283
2188,53,3,2041-07-01 00:00:00,22.075286055714287
2189,53,3,2042-07-01 00:00:00,21.34078388571428
2190,53,3,2043-07-01 00:00:00,20.647556695714282
2191,53,3,2044-07-01 00:00:00,19.995604485714285
2192,53,3,2045-07-01 00:00:00,19.384927255714285
2193,53,3,2046-07-01 00:00:00,18.81552500571429
2194,53,3,2047-07-01 00:00:00,18.28739773571428
2195,53,3,2048-07-01 00:00:00,17.800545445714285
2196,53,3,2049-07-01 00:00:00,17.354968135714284
2197,53,3,2050-07-01 00:00:00,16.950665805714284
2198,53,3,2051-07-01 00:00:00,16.587638455714288
2199,53,3,2052-07-01 00:00:00,16.265886085714282
2200,54,1,2024-07-01 00:00:00,43.21780644571428
2201,54,1,2025-07-01 00:00:00,42.012919205714276
2202,54,1,2026-07-01 00:00:00,40.838400085714284
2203,54,1,2027-07-01 00:00:00,39.69424908571428
2204,54,1,2028-07-01 00:00:00,38.58046620571428
2205,54,1,2029-07-01 00:00:00,37.49705144571428
2206,54,1,2030-07-01 00:00:00,36.44400480571428
2207,54,1,2031-07-01 00:00:00,35.42132628571428
2208,54,1,2032-07-01 00:00:00,34.42901588571428
2209,54,1,2033-07-01 00:00:00,33.46707360571428
2210,54,1,2034-07-01 00:00:00,32.53549944571428
2211,54,1,2035-07-01 00:00:00,31.634293405714278
2212,54,1,2036-07-01 00:00:00,30.763455485714285
2213,54,1,2037-07-01 00:00:00,29.922985685714284
2214,54,1,2038-07-01 00:00:00,29.11288400571428
2215,54,1,2039-07-01 00:00:00,28.33315044571428
2216,54,1,2040-07-01 00:00:00,27.58378500571428
2217,54,1,2041-07-01 00:00:00,26.864787685714283
2218,54,1,2042-07-01 00:00:00,26.176158485714282
2219,54,1,2043-07-01 00:00:00,25.51789740571428
2220,54,1,2044-07-01 00:00:00,24.890004445714286
2221,54,1,2045-07-01 00:00:00,24.292479605714284
2222,54,1,2046-07-01 00:00:00,23.725322885714284
2223,54,1,2047-07-01 00:00:00,23.18853428571428
2224,54,1,2048-07-01 00:00:00,22.68211380571428
2225,54,1,2049-07-01 00:00:00,22.20606144571428
2226,54,1,2050-07-01 00:00:00,21.76037720571429
2227,54,1,2051-07-01 00:00:00,21.345061085714285
2228,54,1,2052-07-01 00:00:00,20.960113085714287
2229,54,2,2024-07-01 00:00:00,42.904715405714285
2230,54,2,2025-07-01 00:00:00,41.46319207571429
2231,54,2,2026-07-01 00:00:00,40.06208828571428
2232,54,2,2027-07-01 00:00:00,38.70140403571429
2233,54,2,2028-07-01 00:00:00,37.38113932571429
2234,54,2,2029-07-01 00:00:00,36.101294155714285
2235,54,2,2030-07-01 00:00:00,34.861868525714286
2236,54,2,2031-07-01 00:00:00,33.66286243571429
2237,54,2,2032-07-01 00:00:00,32.504275885714286
2238,54,2,2033-07-01 00:00:00,31.386108875714285
2239,54,2,2034-07-01 00:00:00,30.30836140571429
2240,54,2,2035-07-01 00:00:00,29.271033475714287
2241,54,2,2036-07-01 00:00:00,28.274125085714285
2242,54,2,2037-07-01 00:00:00,27.317636235714286
2243,54,2,2038-07-01 00:00:00,26.401566925714285
2244,54,2,2039-07-01 00:00:00,25.525917155714286
2245,54,2,2040-07-01 00:00:00,24.69068692571428
2246,54,2,2041-07-01 00:00:00,23.895876235714287
2247,54,2,2042-07-01 00:00:00,23.141485085714283
2248,54,2,2043-07-01 00:00:00,22.42751347571428
2249,54,2,2044-07-01 00:00:00,21.753961405714286
2250,54,2,2045-07-01 00:00:00,21.120828875714288
2251,54,2,2046-07-01 00:00:00,20.52811588571429
2252,54,2,2047-07-01 00:00:00,19.97582243571428
2253,54,2,2048-07-01 00:00:00,19.463948525714287
2254,54,2,2049-07-01 00:00:00,18.992494155714287
2255,54,2,2050-07-01 00:00:00,18.561459325714285
2256,54,2,2051-07-01 00:00:00,18.170844035714286
2257,54,2,2052-07-01 00:00:00,17.82064828571428
2258,54,3,2024-07-01 00:00:00,40.87689488571428
2259,54,3,2025-07-01 00:00:00,39.440718055714285
2260,54,3,2026-07-01 00:00:00,38.04581620571428
2261,54,3,2027-07-01 00:00:00,36.69218933571428
2262,54,3,2028-07-01 00:00:00,35.37983744571428
2263,54,3,2029-07-01 00:00:00,34.10876053571428
2264,54,3,2030-07-01 00:00:00,32.87895860571428
2265,54,3,2031-07-01 00:00:00,31.69043165571428
2266,54,3,2032-07-01 00:00:00,30.543179685714282
2267,54,3,2033-07-01 00:00:00,29.437202695714284
2268,54,3,2034-07-01 00:00:00,28.372500685714282
2269,54,3,2035-07-01 00:00:00,27.34907365571428
2270,54,3,2036-07-01 00:00:00,26.366921605714285
2271,54,3,2037-07-01 00:00:00,25.426044535714283
2272,54,3,2038-07-01 00:00:00,24.52644244571428
2273,54,3,2039-07-01 00:00:00,23.668115335714283
2274,54,3,2040-07-01 00:00:00,22.851063205714283
2275,54,3,2041-07-01 00:00:00,22.075286055714287
2276,54,3,2042-07-01 00:00:00,21.34078388571428
2277,54,3,2043-07-01 00:00:00,20.647556695714282
2278,54,3,2044-07-01 00:00:00,19.995604485714285
2279,54,3,2045-07-01 00:00:00,19.384927255714285
2280,54,3,2046-07-01 00:00:00,18.81552500571429
2281,54,3,2047-07-01 00:00:00,18.28739773571428
2282,54,3,2048-07-01 00:00:00,17.800545445714285
2283,54,3,2049-07-01 00:00:00,17.354968135714284
2284,54,3,2050-07-01 00:00:00,16.950665805714284
2285,54,3,2051-07-01 00:00:00,16.587638455714288
2286,54,3,2052-07-01 00:00:00,16.265886085714282
2287,55,1,2022-07-01 00:00:00,18.76627036067548
2288,55,1,2023-07-01 00:00:00,18.36140486491803
2289,55,1,2024-07-01 00:00:00,16.76693505620252
2290,55,1,2025-07-01 00:00:00,14.300424994672083
2291,55,1,2026-07-01 00:00:00,12.947577955844908
2292,55,1,2027-07-01 00:00:00,12.687860299993705
2293,55,1,2028-07-01 00:00:00,12.442708475849846
2294,55,1,2029-07-01 00:00:00,12.409022413015762
2295,55,1,2030-07-01 00:00:00,12.553635084823341
2296,55,1,2031-07-01 00:00:00,12.638725576274753
2297,55,1,2032-07-01 00:00:00,12.838025438850675
2298,55,1,2033-07-01 00:00:00,13.332253298023694
2299,55,1,2034-07-01 00:00:00,13.804144494814066
2300,55,1,2035-07-01 00:00:00,14.047316012157646
2301,55,1,2036-07-01 00:00:00,14.091603195990547
2302,55,1,2037-07-01 00:00:00,14.227575514600508
2303,55,1,2038-07-01 00:00:00,14.364362782021821
2304,55,1,2039-07-01 00:00:00,14.37134180010947
2305,55,1,2040-07-01 00:00:00,14.544596316097175
2306,55,1,2041-07-01 00:00:00,14.808804861799974
2307,55,1,2042-07-01 00:00:00,15.053807421556765
2308,55,1,2043-07-01 00:00:00,15.369326301264305
2309,55,1,2044-07-01 00:00:00,15.575737746462291
2310,55,1,2045-07-01 00:00:00,15.737688449764041
2311,55,1,2046-07-01 00:00:00,15.866139180470313
2312,55,1,2047-07-01 00:00:00,16.10198590727159
2313,55,1,2048-07-01 00:00:00,16.64238006040717
2314,55,1,2049-07-01 00:00:00,16.987065731443032
2315,55,1,2050-07-01 00:00:00,17.16373668115949
2316,55,1,2051-07-01 00:00:00,17.46988575152396
2317,55,1,2052-07-01 00:00:00,17.781495593923452
2318,55,1,2053-07-01 00:00:00,18.098663611989423
2319,55,2,2022-07-01 00:00:00,18.73473616808894
2320,55,2,2023-07-01 00:00:00,18.380546221039317
2321,55,2,2024-07-01 00:00:00,17.235441270338
2322,55,2,2025-07-01 00:00:00,14.693060961503303
2323,55,2,2026-07-01 00:00:00,12.599527958026094
2324,55,2,2027-07-01 00:00:00,11.889389584955962
2325,55,2,2028-07-01 00:00:00,11.469774130218543
2326,55,2,2029-07-01 00:00:00,11.415292743852039
2327,55,2,2030-07-01 00:00:00,11.383889413860633
2328,55,2,2031-07-01 00:00:00,11.400705540639246
2329,55,2,2032-07-01 00:00:00,11.549914677332655
2330,55,2,2033-07-01 00:00:00,11.73216792461185
2331,55,2,2034-07-01 00:00:00,11.915035737379451
2332,55,2,2035-07-01 00:00:00,12.059323930963895
2333,55,2,2036-07-01 00:00:00,12.125197297197463
2334,55,2,2037-07-01 00:00:00,12.266442853349616
2335,55,2,2038-07-01 00:00:00,12.438752722811945
2336,55,2,2039-07-01 00:00:00,12.64835410251357
2337,55,2,2040-07-01 00:00:00,12.902264563755264
2338,55,2,2041-07-01 00:00:00,13.054045433230307
2339,55,2,2042-07-01 00:00:00,13.070591036964048
2340,55,2,2043-07-01 00:00:00,13.102753479175572
2341,55,2,2044-07-01 00:00:00,13.314679843334414
2342,55,2,2045-07-01 00:00:00,13.587684536187716
2343,55,2,2046-07-01 00:00:00,13.743209173200189
2344,55,2,2047-07-01 00:00:00,13.76025237980214
2345,55,2,2048-07-01 00:00:00,13.84452792952735
2346,55,2,2049-07-01 00:00:00,13.886565047347906
2347,55,2,2050-07-01 00:00:00,13.881419904706153
2348,55,2,2051-07-01 00:00:00,13.978957583543336
2349,55,2,2052-07-01 00:00:00,14.077180610050878
2350,55,2,2053-07-01 00:00:00,14.17609379981835
2351,55,3,2022-07-01 00:00:00,18.319130723486104
2352,55,3,2023-07-01 00:00:00,17.631851070518238
2353,55,3,2024-07-01 00:00:00,17.067273199314414
2354,55,3,2025-07-01 00:00:00,14.771679126157828
2355,55,3,2026-07-01 00:00:00,11.608066088381904
2356,55,3,2027-07-01 00:00:00,10.745977530827558
2357,55,3,2028-07-01 00:00:00,10.60388229546379
2358,55,3,2029-07-01 00:00:00,10.51465094751784
2359,55,3,2030-07-01 00:00:00,10.384365338320947
2360,55,3,2031-07-01 00:00:00,10.118759122755035
2361,55,3,2032-07-01 00:00:00,9.902588380561905
2362,55,3,2033-07-01 00:00:00,9.902491020702243
2363,55,3,2034-07-01 00:00:00,9.992496484478245
2364,55,3,2035-07-01 00:00:00,10.064166823399988
2365,55,3,2036-07-01 00:00:00,10.03553456499857
2366,55,3,2037-07-01 00:00:00,10.06517713841019
2367,55,3,2038-07-01 00:00:00,10.186754715809082
2368,55,3,2039-07-01 00:00:00,10.20903917406314
2369,55,3,2040-07-01 00:00:00,10.152708296208623
2370,55,3,2041-07-01 00:00:00,10.073557799152002
2371,55,3,2042-07-01 00:00:00,10.09260957349418
2372,55,3,2043-07-01 00:00:00,10.22517297107228
2373,55,3,2044-07-01 00:00:00,10.331405163962401
2374,55,3,2045-07-01 00:00:00,10.437159941690405
2375,55,3,2046-07-01 00:00:00,10.53034902057797
2376,55,3,2047-07-01 00:00:00,10.589109775578981
2377,55,3,2048-07-01 00:00:00,10.652676044690223
2378,55,3,2049-07-01 00:00:00,10.668032347329909
2379,55,3,2050-07-01 00:00:00,10.676839979172481
2380,55,3,2051-07-01 00:00:00,10.764678738975064
2381,55,3,2052-07-01 00:00:00,10.853240151523098
2382,55,3,2053-07-01 00:00:00,10.942530162107605
2383,56,1,2022-07-01 00:00:00,17.78667598365162
2384,56,1,2023-07-01 00:00:00,17.075984585896506
2385,56,1,2024-07-01 00:00:00,15.821040824934506
2386,56,1,2025-07-01 00:00:00,14.28274772564611
2387,56,1,2026-07-01 00:00:00,13.25627793938755
2388,56,1,2027-07-01 00:00:00,13.18006801966165
2389,56,1,2028-07-01 00:00:00,13.12439956111635
2390,56,1,2029-07-01 00:00:00,13.0851411126353
2391,56,1,2030-07-01 00:00:00,13.09190263733165
2392,56,1,2031-07-01 00:00:00,13.099224287086749
2393,56,1,2032-07-01 00:00:00,13.181107757195651
2394,56,1,2033-07-01 00:00:00,13.43091130459465
2395,56,1,2034-07-01 00:00:00,13.60419195619485
2396,56,1,2035-07-01 00:00:00,13.6446010308212
2397,56,1,2036-07-01 00:00:00,13.66227846464055
2398,56,1,2037-07-01 00:00:00,13.8066499741353
2399,56,1,2038-07-01 00:00:00,13.95773073299245
2400,56,1,2039-07-01 00:00:00,13.9851176602062
2401,56,1,2040-07-01 00:00:00,14.1213556701286
2402,56,1,2041-07-01 00:00:00,14.2463556701286
2403,56,1,2042-07-01 00:00:00,14.2463556701286
2404,56,1,2043-07-01 00:00:00,14.2504361772042
2405,56,1,2044-07-01 00:00:00,14.265687015948949
2406,56,1,2045-07-01 00:00:00,14.28448276699045
2407,56,1,2046-07-01 00:00:00,14.2921081863628
2408,56,1,2047-07-01 00:00:00,14.2921081863628
2409,56,1,2048-07-01 00:00:00,14.299733605735199
2410,56,1,2049-07-01 00:00:00,14.312655000972871
2411,56,1,2050-07-01 00:00:00,14.323250873393505
2412,56,1,2051-07-01 00:00:00,14.333854590096863
2413,56,1,2052-07-01 00:00:00,14.344466156890185
2414,56,1,2053-07-01 00:00:00,14.355085579585008
2415,56,2,2022-07-01 00:00:00,17.731394666308788
2416,56,2,2023-07-01 00:00:00,17.017332913445244
2417,56,2,2024-07-01 00:00:00,15.371398100346855
2418,56,2,2025-07-01 00:00:00,13.635483952719056
2419,56,2,2026-07-01 00:00:00,12.319004422071881
2420,56,2,2027-07-01 00:00:00,11.79401548604492
2421,56,2,2028-07-01 00:00:00,11.775514062628146
2422,56,2,2029-07-01 00:00:00,11.77178982417983
2423,56,2,2030-07-01 00:00:00,11.77454945087483
2424,56,2,2031-07-01 00:00:00,11.783192307423882
2425,56,2,2032-07-01 00:00:00,11.913563283639775
2426,56,2,2033-07-01 00:00:00,12.0367998255304
2427,56,2,2034-07-01 00:00:00,12.045767445229
2428,56,2,2035-07-01 00:00:00,12.0541262898048
2429,56,2,2036-07-01 00:00:00,12.060358242767851
2430,56,2,2037-07-01 00:00:00,12.178278353624
2431,56,2,2038-07-01 00:00:00,12.29143336192395
2432,56,2,2039-07-01 00:00:00,12.306644695035398
2433,56,2,2040-07-01 00:00:00,12.4539440334663
2434,56,2,2041-07-01 00:00:00,12.61256303038
2435,56,2,2042-07-01 00:00:00,12.642174777148849
2436,56,2,2043-07-01 00:00:00,12.6463556701286
2437,56,2,2044-07-01 00:00:00,12.6463556701286
2438,56,2,2045-07-01 00:00:00,12.6463556701286
2439,56,2,2046-07-01 00:00:00,12.6463556701286
2440,56,2,2047-07-01 00:00:00,12.65736936679715
2441,56,2,2048-07-01 00:00:00,12.6726202055419
2442,56,2,2049-07-01 00:00:00,12.679911926541113
2443,56,2,2050-07-01 00:00:00,12.68602255643216
2444,56,2,2051-07-01 00:00:00,12.692136131122659
2445,56,2,2052-07-01 00:00:00,12.69825265203175
2446,56,2,2053-07-01 00:00:00,12.704372120579254
2447,56,3,2022-07-01 00:00:00,16.30281120764067
2448,56,3,2023-07-01 00:00:00,15.452903520570903
2449,56,3,2024-07-01 00:00:00,14.169948920107196
2450,56,3,2025-07-01 00:00:00,12.808037795402086
2451,56,3,2026-07-01 00:00:00,11.115901262257832
2452,56,3,2027-07-01 00:00:00,10.360206832533937
2453,56,3,2028-07-01 00:00:00,10.360119332533936
2454,56,3,2029-07-01 00:00:00,10.354490301618132
2455,56,3,2030-07-01 00:00:00,10.348883145702334
2456,56,3,2031-07-01 00:00:00,10.316561237023619
2457,56,3,2032-07-01 00:00:00,10.417501413621242
2458,56,3,2033-07-01 00:00:00,10.545045222947408
2459,56,3,2034-07-01 00:00:00,10.552402620022221
2460,56,3,2035-07-01 00:00:00,10.560066662149264
2461,56,3,2036-07-01 00:00:00,10.58919817792166
2462,56,3,2037-07-01 00:00:00,10.721587959051366
2463,56,3,2038-07-01 00:00:00,10.851731394041156
2464,56,3,2039-07-01 00:00:00,10.755484713910334
2465,56,3,2040-07-01 00:00:00,10.773411288840416
2466,56,3,2041-07-01 00:00:00,10.91237619460219
2467,56,3,2042-07-01 00:00:00,10.912514561881824
2468,56,3,2043-07-01 00:00:00,10.912514561881824
2469,56,3,2044-07-01 00:00:00,10.912514561881824
2470,56,3,2045-07-01 00:00:00,10.912514561881824
2471,56,3,2046-07-01 00:00:00,10.912514561881824
2472,56,3,2047-07-01 00:00:00,10.912514561881824
2473,56,3,2048-07-01 00:00:00,10.912514561881824
2474,56,3,2049-07-01 00:00:00,10.83266689435586
2475,56,3,2050-07-01 00:00:00,10.752819226829896
2476,56,3,2051-07-01 00:00:00,10.752819226829896
2477,56,3,2052-07-01 00:00:00,10.752819226829896
2478,56,3,2053-07-01 00:00:00,10.752819226829896
2479,57,1,2022-07-01 00:00:00,17.36327334951602
2480,57,1,2023-07-01 00:00:00,16.99649162936866
2481,57,1,2024-07-01 00:00:00,15.732167040114009
2482,57,1,2025-07-01 00:00:00,13.76407270721731
2483,57,1,2026-07-01 00:00:00,12.649984378024305
2484,57,1,2027-07-01 00:00:00,12.51534591555591
2485,57,1,2028-07-01 00:00:00,12.462839486883187
2486,57,1,2029-07-01 00:00:00,12.450401234386764
2487,57,1,2030-07-01 00:00:00,12.466654048354801
2488,57,1,2031-07-01 00:00:00,12.353701392122474
2489,57,1,2032-07-01 00:00:00,12.40464149364972
2490,57,1,2033-07-01 00:00:00,12.890920485644513
2491,57,1,2034-07-01 00:00:00,13.372042653138227
2492,57,1,2035-07-01 00:00:00,13.641699827939874
2493,57,1,2036-07-01 00:00:00,13.703588732629267
2494,57,1,2037-07-01 00:00:00,13.863724348945118
2495,57,1,2038-07-01 00:00:00,14.016542543488853
2496,57,1,2039-07-01 00:00:00,14.000226939836157
2497,57,1,2040-07-01 00:00:00,14.150672419301735
2498,57,1,2041-07-01 00:00:00,14.36743079076871
2499,57,1,2042-07-01 00:00:00,14.549917273940672
2500,57,1,2043-07-01 00:00:00,14.81793532782666
2501,57,1,2044-07-01 00:00:00,14.996700077768756
2502,57,1,2045-07-01 00:00:00,15.103039218845083
2503,57,1,2046-07-01 00:00:00,15.145675893599584
2504,57,1,2047-07-01 00:00:00,15.137966366428355
2505,57,1,2048-07-01 00:00:00,15.740460458047165
2506,57,1,2049-07-01 00:00:00,16.3669326956501
2507,57,1,2050-07-01 00:00:00,16.54072415427946
2508,57,1,2051-07-01 00:00:00,16.839381777271523
2509,57,1,2052-07-01 00:00:00,17.14343193174766
2510,57,1,2053-07-01 00:00:00,17.452971984704615
2511,57,2,2022-07-01 00:00:00,17.34584732526332
2512,57,2,2023-07-01 00:00:00,16.92181246047836
2513,57,2,2024-07-01 00:00:00,15.85343017224514
2514,57,2,2025-07-01 00:00:00,13.91566017457264
2515,57,2,2026-07-01 00:00:00,12.273726943420094
2516,57,2,2027-07-01 00:00:00,11.731454025861497
2517,57,2,2028-07-01 00:00:00,11.42346143119407
2518,57,2,2029-07-01 00:00:00,11.27222622844491
2519,57,2,2030-07-01 00:00:00,11.236055369582953
2520,57,2,2031-07-01 00:00:00,11.239579550082862
2521,57,2,2032-07-01 00:00:00,11.30699667118441
2522,57,2,2033-07-01 00:00:00,11.407982611230524
2523,57,2,2034-07-01 00:00:00,11.56005481239996
2524,57,2,2035-07-01 00:00:00,11.642131472910346
2525,57,2,2036-07-01 00:00:00,11.621401600048276
2526,57,2,2037-07-01 00:00:00,11.749527809937062
2527,57,2,2038-07-01 00:00:00,11.922554866750609
2528,57,2,2039-07-01 00:00:00,12.173473815600767
2529,57,2,2040-07-01 00:00:00,12.493806846926894
2530,57,2,2041-07-01 00:00:00,12.704686997084302
2531,57,2,2042-07-01 00:00:00,12.695206593284796
2532,57,2,2043-07-01 00:00:00,12.634339095612305
2533,57,2,2044-07-01 00:00:00,12.805139835869289
2534,57,2,2045-07-01 00:00:00,13.059074763308582
2535,57,2,2046-07-01 00:00:00,13.194307828193242
2536,57,2,2047-07-01 00:00:00,13.190494984717148
2537,57,2,2048-07-01 00:00:00,13.229455420188286
2538,57,2,2049-07-01 00:00:00,13.300991766650153
2539,57,2,2050-07-01 00:00:00,13.41764153901589
2540,57,2,2051-07-01 00:00:00,13.63501646914899
2541,57,2,2052-07-01 00:00:00,13.855913021179125
2542,57,2,2053-07-01 00:00:00,14.080388247779197
2543,57,3,2022-07-01 00:00:00,16.96597895480534
2544,57,3,2023-07-01 00:00:00,16.257079865403078
2545,57,3,2024-07-01 00:00:00,15.07391752101563
2546,57,3,2025-07-01 00:00:00,13.28327211991227
2547,57,3,2026-07-01 00:00:00,11.241365854541794
2548,57,3,2027-07-01 00:00:00,10.399070360590438
2549,57,3,2028-07-01 00:00:00,10.262052502950429
2550,57,3,2029-07-01 00:00:00,10.158202815566579
2551,57,3,2030-07-01 00:00:00,9.987035897214836
2552,57,3,2031-07-01 00:00:00,9.653783065758311
2553,57,3,2032-07-01 00:00:00,9.419869594250489
2554,57,3,2033-07-01 00:00:00,9.450707775650937
2555,57,3,2034-07-01 00:00:00,9.526245992749555
2556,57,3,2035-07-01 00:00:00,9.620606838316526
2557,57,3,2036-07-01 00:00:00,9.668507333237724
2558,57,3,2037-07-01 00:00:00,9.735307659971959
2559,57,3,2038-07-01 00:00:00,9.866686401474151
2560,57,3,2039-07-01 00:00:00,9.90499236551678
2561,57,3,2040-07-01 00:00:00,9.976617482251253
2562,57,3,2041-07-01 00:00:00,10.121358698658565
2563,57,3,2042-07-01 00:00:00,10.243475547183033
2564,57,3,2043-07-01 00:00:00,10.346197958383222
2565,57,3,2044-07-01 00:00:00,10.421680151273339
2566,57,3,2045-07-01 00:00:00,10.527434929001338
2567,57,3,2046-07-01 00:00:00,10.648218016639575
2568,57,3,2047-07-01 00:00:00,10.743833271356124
2569,57,3,2048-07-01 00:00:00,10.814190149689598
2570,57,3,2049-07-01 00:00:00,10.83303776367504
2571,57,3,2050-07-01 00:00:00,10.85505129754252
2572,57,3,2051-07-01 00:00:00,10.957500815493049
2573,57,3,2052-07-01 00:00:00,11.06091724768844
2574,57,3,2053-07-01 00:00:00,11.165309719824698
2575,58,1,2022-07-01 00:00:00,14.595448780946041
2576,58,1,2023-07-01 00:00:00,14.500564772697977
2577,58,1,2024-07-01 00:00:00,14.106224694722354
2578,58,1,2025-07-01 00:00:00,12.550870829848497
2579,58,1,2026-07-01 00:00:00,11.199266410472573
2580,58,1,2027-07-01 00:00:00,11.001928448309663
2581,58,1,2028-07-01 00:00:00,10.982665359697185
2582,58,1,2029-07-01 00:00:00,11.055676475466315
2583,58,1,2030-07-01 00:00:00,11.129733688828125
2584,58,1,2031-07-01 00:00:00,11.021718035939887
2585,58,1,2032-07-01 00:00:00,11.01196136146239
2586,58,1,2033-07-01 00:00:00,11.482357892798259
2587,58,1,2034-07-01 00:00:00,12.032670048271688
2588,58,1,2035-07-01 00:00:00,12.388557286375306
2589,58,1,2036-07-01 00:00:00,12.54735624696766
2590,58,1,2037-07-01 00:00:00,12.838770652299534
2591,58,1,2038-07-01 00:00:00,13.086779382595013
2592,58,1,2039-07-01 00:00:00,13.155107161380123
2593,58,1,2040-07-01 00:00:00,13.395402621287676
2594,58,1,2041-07-01 00:00:00,13.697809554395105
2595,58,1,2042-07-01 00:00:00,13.936271662973677
2596,58,1,2043-07-01 00:00:00,14.217533333545276
2597,58,1,2044-07-01 00:00:00,14.425670944699704
2598,58,1,2045-07-01 00:00:00,14.571154496599174
2599,58,1,2046-07-01 00:00:00,14.676383569932092
2600,58,1,2047-07-01 00:00:00,14.901352157271589
2601,58,1,2048-07-01 00:00:00,15.414738774371504
2602,58,1,2049-07-01 00:00:00,15.744136974865288
2603,58,1,2050-07-01 00:00:00,15.91217515545043
2604,58,1,2051-07-01 00:00:00,16.200355967349747
2605,58,1,2052-07-01 00:00:00,16.49375593876281
2606,58,1,2053-07-01 00:00:00,16.79246959238129
2607,58,2,2022-07-01 00:00:00,14.865945349471895
2608,58,2,2023-07-01 00:00:00,14.530506089606652
2609,58,2,2024-07-01 00:00:00,14.024192484657474
2610,58,2,2025-07-01 00:00:00,12.57741949024047
2611,58,2,2026-07-01 00:00:00,11.007118534219906
2612,58,2,2027-07-01 00:00:00,10.489346394259353
2613,58,2,2028-07-01 00:00:00,10.201573842077982
2614,58,2,2029-07-01 00:00:00,10.141519180839296
2615,58,2,2030-07-01 00:00:00,10.12866069739589
2616,58,2,2031-07-01 00:00:00,10.08747153423448
2617,58,2,2032-07-01 00:00:00,10.135226449519227
2618,58,2,2033-07-01 00:00:00,10.24544721404308
2619,58,2,2034-07-01 00:00:00,10.438036438672825
2620,58,2,2035-07-01 00:00:00,10.542250238508586
2621,58,2,2036-07-01 00:00:00,10.500371283388645
2622,58,2,2037-07-01 00:00:00,10.610146608955793
2623,58,2,2038-07-01 00:00:00,10.769816217166966
2624,58,2,2039-07-01 00:00:00,11.08240846560498
2625,58,2,2040-07-01 00:00:00,11.487894834778267
2626,58,2,2041-07-01 00:00:00,11.795895179449605
2627,58,2,2042-07-01 00:00:00,11.950545784398626
2628,58,2,2043-07-01 00:00:00,12.013895979175572
2629,58,2,2044-07-01 00:00:00,12.225822343334414
2630,58,2,2045-07-01 00:00:00,12.498827036187716
2631,58,2,2046-07-01 00:00:00,12.64261542320019
2632,58,2,2047-07-01 00:00:00,12.636493629802139
2633,58,2,2048-07-01 00:00:00,12.698167929527349
2634,58,2,2049-07-01 00:00:00,12.730534365055789
2635,58,2,2050-07-01 00:00:00,12.719854735944375
2636,58,2,2051-07-01 00:00:00,12.80325082685582
2637,58,2,2052-07-01 00:00:00,12.887193693506742
2638,58,2,2053-07-01 00:00:00,12.971686920761927
2639,58,3,2022-07-01 00:00:00,14.62874670849331
2640,58,3,2023-07-01 00:00:00,14.321986298543615
2641,58,3,2024-07-01 00:00:00,13.909183881872085
2642,58,3,2025-07-01 00:00:00,12.275244389217074
2643,58,3,2026-07-01 00:00:00,9.833649443424923
2644,58,3,2027-07-01 00:00:00,8.779751517473933
2645,58,3,2028-07-01 00:00:00,8.635856522080342
2646,58,3,2029-07-01 00:00:00,8.554011601917239
2647,58,3,2030-07-01 00:00:00,8.402125933871297
2648,58,3,2031-07-01 00:00:00,8.12109454166788
2649,58,3,2032-07-01 00:00:00,7.925574072688729
2650,58,3,2033-07-01 00:00:00,7.956412254089177
2651,58,3,2034-07-01 00:00:00,8.031950471187793
2652,58,3,2035-07-01 00:00:00,8.126311316754766
2653,58,3,2036-07-01 00:00:00,8.17421181167596
2654,58,3,2037-07-01 00:00:00,8.241012138410191
2655,58,3,2038-07-01 00:00:00,8.372390879912388
2656,58,3,2039-07-01 00:00:00,8.428486076354565
2657,58,3,2040-07-01 00:00:00,8.517900425488584
2658,58,3,2041-07-01 00:00:00,8.662641641895895
2659,58,3,2042-07-01 00:00:00,8.788056078199455
2660,58,3,2043-07-01 00:00:00,8.940201077178736
2661,58,3,2044-07-01 00:00:00,9.061808270068852
2662,58,3,2045-07-01 00:00:00,9.167563047796857
2663,58,3,2046-07-01 00:00:00,9.241173482931742
2664,58,3,2047-07-01 00:00:00,9.265629256400974
2665,58,3,2048-07-01 00:00:00,9.31180253953468
2666,58,3,2049-07-01 00:00:00,9.326808377915805
2667,58,3,2050-07-01 00:00:00,9.33033968122502
2668,58,3,2051-07-01 00:00:00,9.402914735100575
2669,58,3,2052-07-01 00:00:00,9.476054306306152
2670,58,3,2053-07-01 00:00:00,9.5497627858797
2671,59,1,2022-07-01 00:00:00,19.053385236898027
2672,59,1,2023-07-01 00:00:00,18.582875270619517
2673,59,1,2024-07-01 00:00:00,16.861645499524286
2674,59,1,2025-07-01 00:00:00,14.402223469067732
2675,59,1,2026-07-01 00:00:00,13.162484378024306
2676,59,1,2027-07-01 00:00:00,13.04034591555591
2677,59,1,2028-07-01 00:00:00,12.987839486883189
2678,59,1,2029-07-01 00:00:00,12.975401234386762
2679,59,1,2030-07-01 00:00:00,12.9916540483548
2680,59,1,2031-07-01 00:00:00,12.878701392122476
2681,59,1,2032-07-01 00:00:00,12.92964149364972
2682,59,1,2033-07-01 00:00:00,13.415920485644513
2683,59,1,2034-07-01 00:00:00,13.897042653138225
2684,59,1,2035-07-01 00:00:00,14.166699827939873
2685,59,1,2036-07-01 00:00:00,14.228588732629268
2686,59,1,2037-07-01 00:00:00,14.388724348945118
2687,59,1,2038-07-01 00:00:00,14.541542543488852
2688,59,1,2039-07-01 00:00:00,14.518976939836156
2689,59,1,2040-07-01 00:00:00,14.663172419301736
2690,59,1,2041-07-01 00:00:00,14.87993079076871
2691,59,1,2042-07-01 00:00:00,15.062417273940671
2692,59,1,2043-07-01 00:00:00,15.33043532782666
2693,59,1,2044-07-01 00:00:00,15.509200077768755
2694,59,1,2045-07-01 00:00:00,15.615539218845083
2695,59,1,2046-07-01 00:00:00,15.658175893599584
2696,59,1,2047-07-01 00:00:00,15.650466366428354
2697,59,1,2048-07-01 00:00:00,16.252960458047166
2698,59,1,2049-07-01 00:00:00,16.87543791321229
2699,59,1,2050-07-01 00:00:00,17.04490142777496
2700,59,1,2051-07-01 00:00:00,17.342801285163578
2701,59,1,2052-07-01 00:00:00,17.645907645236193
2702,59,1,2053-07-01 00:00:00,17.954311503908134
2703,59,2,2022-07-01 00:00:00,19.01567396841441
2704,59,2,2023-07-01 00:00:00,18.55967821227034
2705,59,2,2024-07-01 00:00:00,17.179195358916303
2706,59,2,2025-07-01 00:00:00,14.688472931027366
2707,59,2,2026-07-01 00:00:00,12.786226943420093
2708,59,2,2027-07-01 00:00:00,12.256454025861498
2709,59,2,2028-07-01 00:00:00,11.948461431194069
2710,59,2,2029-07-01 00:00:00,11.797226228444911
2711,59,2,2030-07-01 00:00:00,11.761055369582952
2712,59,2,2031-07-01 00:00:00,11.76457955008286
2713,59,2,2032-07-01 00:00:00,11.83199667118441
2714,59,2,2033-07-01 00:00:00,11.932982611230525
2715,59,2,2034-07-01 00:00:00,12.08505481239996
2716,59,2,2035-07-01 00:00:00,12.167131472910347
2717,59,2,2036-07-01 00:00:00,12.146401600048275
2718,59,2,2037-07-01 00:00:00,12.274527809937062
2719,59,2,2038-07-01 00:00:00,12.447554866750611
2720,59,2,2039-07-01 00:00:00,12.698473815600767
2721,59,2,2040-07-01 00:00:00,13.018806846926896
2722,59,2,2041-07-01 00:00:00,13.229686997084302
2723,59,2,2042-07-01 00:00:00,13.213956593284795
2724,59,2,2043-07-01 00:00:00,13.146839095612304
2725,59,2,2044-07-01 00:00:00,13.31763983586929
2726,59,2,2045-07-01 00:00:00,13.571574763308583
2727,59,2,2046-07-01 00:00:00,13.706807828193242
2728,59,2,2047-07-01 00:00:00,13.702994984717147
2729,59,2,2048-07-01 00:00:00,13.741955420188285
2730,59,2,2049-07-01 00:00:00,13.738504946155484
2731,59,2,2050-07-01 00:00:00,13.707390919855811
2732,59,2,2051-07-01 00:00:00,13.777644805646961
2733,59,2,2052-07-01 00:00:00,13.848258760578737
2734,59,2,2053-07-01 00:00:00,13.919234630097616
2735,59,3,2022-07-01 00:00:00,18.54698041813619
2736,59,3,2023-07-01 00:00:00,17.622392174858007
2737,59,3,2024-07-01 00:00:00,16.107345069541246
2738,59,3,2025-07-01 00:00:00,13.991888090648382
2739,59,3,2026-07-01 00:00:00,11.753865854541793
2740,59,3,2027-07-01 00:00:00,10.924070360590438
2741,59,3,2028-07-01 00:00:00,10.787052502950427
2742,59,3,2029-07-01 00:00:00,10.683202815566577
2743,59,3,2030-07-01 00:00:00,10.512035897214837
2744,59,3,2031-07-01 00:00:00,10.17878306575831
2745,59,3,2032-07-01 00:00:00,9.944869594250488
2746,59,3,2033-07-01 00:00:00,9.975707775650935
2747,59,3,2034-07-01 00:00:00,10.051245992749553
2748,59,3,2035-07-01 00:00:00,10.145606838316525
2749,59,3,2036-07-01 00:00:00,10.193507333237724
2750,59,3,2037-07-01 00:00:00,10.260307659971959
2751,59,3,2038-07-01 00:00:00,10.391686401474152
2752,59,3,2039-07-01 00:00:00,10.423742365516778
2753,59,3,2040-07-01 00:00:00,10.489117482251253
2754,59,3,2041-07-01 00:00:00,10.633858698658564
2755,59,3,2042-07-01 00:00:00,10.755975547183033
2756,59,3,2043-07-01 00:00:00,10.858697958383221
2757,59,3,2044-07-01 00:00:00,10.934180151273338
2758,59,3,2045-07-01 00:00:00,11.039934929001337
2759,59,3,2046-07-01 00:00:00,11.160718016639574
2760,59,3,2047-07-01 00:00:00,11.256333271356123
2761,59,3,2048-07-01 00:00:00,11.326690149689597
2762,59,3,2049-07-01 00:00:00,11.34172261608889
2763,59,3,2050-07-01 00:00:00,11.359833203172993
2764,59,3,2051-07-01 00:00:00,11.46208405897829
2765,59,3,2052-07-01 00:00:00,11.565255283712066
2766,59,3,2053-07-01 00:00:00,11.669355161695837
2767,60,1,2022-07-01 00:00:00,17.827392565678924
2768,60,1,2023-07-01 00:00:00,17.049464464920533
2769,60,1,2024-07-01 00:00:00,15.794891739310096
2770,60,1,2025-07-01 00:00:00,14.352579246031073
2771,60,1,2026-07-01 00:00:00,13.3731727155964
2772,60,1,2027-07-01 00:00:00,13.322944233191901
2773,60,1,2028-07-01 00:00:00,13.27172031495755
2774,60,1,2029-07-01 00:00:00,13.2263079241262
2775,60,1,2030-07-01 00:00:00,13.2291047939947
2776,60,1,2031-07-01 00:00:00,13.23668771790735
2777,60,1,2032-07-01 00:00:00,13.32119011728685
2778,60,1,2033-07-01 00:00:00,13.561477794602851
2779,60,1,2034-07-01 00:00:00,13.7178258791781
2780,60,1,2035-07-01 00:00:00,13.74490918120595
2781,60,1,2036-07-01 00:00:00,13.746165694084901
2782,60,1,2037-07-01 00:00:00,13.871165694084901
2783,60,1,2038-07-01 00:00:00,13.99365266832695
2784,60,1,2039-07-01 00:00:00,13.992396155448
2785,60,1,2040-07-01 00:00:00,14.118652668327
2786,60,1,2041-07-01 00:00:00,14.2442809247665
2787,60,1,2042-07-01 00:00:00,14.24616569408495
2788,60,1,2043-07-01 00:00:00,14.2480504634034
2789,60,1,2044-07-01 00:00:00,14.24616569408495
2790,60,1,2045-07-01 00:00:00,14.2430244118875
2791,60,1,2046-07-01 00:00:00,14.24113964256905
2792,60,1,2047-07-01 00:00:00,14.2405113861296
2793,60,1,2048-07-01 00:00:00,14.24239615544805
2794,60,1,2049-07-01 00:00:00,14.24390403074436
2795,60,1,2050-07-01 00:00:00,14.243150262644807
2796,60,1,2051-07-01 00:00:00,14.242396534433638
2797,60,1,2052-07-01 00:00:00,14.241642846108746
2798,60,1,2053-07-01 00:00:00,14.240889197668018
2799,60,2,2022-07-01 00:00:00,17.758151355093805
2800,60,2,2023-07-01 00:00:00,16.948804587735864
2801,60,2,2024-07-01 00:00:00,15.286811566059033
2802,60,2,2025-07-01 00:00:00,13.658568810297968
2803,60,2,2026-07-01 00:00:00,12.38422882173477
2804,60,2,2027-07-01 00:00:00,11.88799836037167
2805,60,2,2028-07-01 00:00:00,11.891139642569085
2806,60,2,2029-07-01 00:00:00,11.89239615544805
2807,60,2,2030-07-01 00:00:00,11.89302441188753
2808,60,2,2031-07-01 00:00:00,11.89239615544805
2809,60,2,2032-07-01 00:00:00,12.016767899008535
2810,60,2,2033-07-01 00:00:00,12.1417678990085
2811,60,2,2034-07-01 00:00:00,12.1417678990085
2812,60,2,2035-07-01 00:00:00,12.142396155448
2813,60,2,2036-07-01 00:00:00,12.1430244118875
2814,60,2,2037-07-01 00:00:00,12.26676789900855
2815,60,2,2038-07-01 00:00:00,12.3898831296901
2816,60,2,2039-07-01 00:00:00,12.39051138612955
2817,60,2,2040-07-01 00:00:00,12.517396155448
2818,60,2,2041-07-01 00:00:00,12.64176789900855
2819,60,2,2042-07-01 00:00:00,12.64113964256905
2820,60,2,2043-07-01 00:00:00,12.6417678990085
2821,60,2,2044-07-01 00:00:00,12.63988312969005
2822,60,2,2045-07-01 00:00:00,12.64051138612955
2823,60,2,2046-07-01 00:00:00,12.64176789900855
2824,60,2,2047-07-01 00:00:00,12.64113964256905
2825,60,2,2048-07-01 00:00:00,12.64365266832695
2826,60,2,2049-07-01 00:00:00,12.64629161517174
2827,60,2,2050-07-01 00:00:00,12.64780006018244
2828,60,2,2051-07-01 00:00:00,12.649308685119903
2829,60,2,2052-07-01 00:00:00,12.650817490005595
2830,60,2,2053-07-01 00:00:00,12.652326474860978
2831,60,3,2022-07-01 00:00:00,16.151582485309294
2832,60,3,2023-07-01 00:00:00,15.295604480848363
2833,60,3,2024-07-01 00:00:00,14.016059702758765
2834,60,3,2025-07-01 00:00:00,12.740873901190369
2835,60,3,2026-07-01 00:00:00,10.891139642569085
2836,60,3,2027-07-01 00:00:00,9.894280924766495
2837,60,3,2028-07-01 00:00:00,9.893652668327011
2838,60,3,2029-07-01 00:00:00,9.89176789900856
2839,60,3,2030-07-01 00:00:00,9.89176789900856
2840,60,3,2031-07-01 00:00:00,9.89176789900856
2841,60,3,2032-07-01 00:00:00,10.014883129690116
2842,60,3,2033-07-01 00:00:00,10.139254873250636
2843,60,3,2034-07-01 00:00:00,10.1405113861296
2844,60,3,2035-07-01 00:00:00,10.1405113861296
2845,60,3,2036-07-01 00:00:00,10.139254873250636
2846,60,3,2037-07-01 00:00:00,10.26237010393219
2847,60,3,2038-07-01 00:00:00,10.388626616811155
2848,60,3,2039-07-01 00:00:00,10.3905113861296
2849,60,3,2040-07-01 00:00:00,10.514883129690116
2850,60,3,2041-07-01 00:00:00,10.639883129690116
2851,60,3,2042-07-01 00:00:00,10.63988312969012
2852,60,3,2043-07-01 00:00:00,10.639254873250636
2853,60,3,2044-07-01 00:00:00,10.637370103932184
2854,60,3,2045-07-01 00:00:00,10.63548533461374
2855,60,3,2046-07-01 00:00:00,10.63485707817426
2856,60,3,2047-07-01 00:00:00,10.63422882173478
2857,60,3,2048-07-01 00:00:00,10.635485334613744
2858,60,3,2049-07-01 00:00:00,10.63649058053424
2859,60,3,2050-07-01 00:00:00,10.635988058488433
2860,60,3,2051-07-01 00:00:00,10.635485560184332
2861,60,3,2052-07-01 00:00:00,10.63498308562081
2862,60,3,2053-07-01 00:00:00,10.634480634796748
2863,61,1,2022-07-01 00:00:00,17.827392565678924
2864,61,1,2023-07-01 00:00:00,17.049464464920533
2865,61,1,2024-07-01 00:00:00,15.794891739310096
2866,61,1,2025-07-01 00:00:00,14.352579246031073
2867,61,1,2026-07-01 00:00:00,13.3731727155964
2868,61,1,2027-07-01 00:00:00,13.322944233191901
2869,61,1,2028-07-01 00:00:00,13.27172031495755
2870,61,1,2029-07-01 00:00:00,13.2263079241262
2871,61,1,2030-07-01 00:00:00,13.2291047939947
2872,61,1,2031-07-01 00:00:00,13.23668771790735
2873,61,1,2032-07-01 00:00:00,13.32119011728685
2874,61,1,2033-07-01 00:00:00,13.561477794602851
2875,61,1,2034-07-01 00:00:00,13.7178258791781
2876,61,1,2035-07-01 00:00:00,13.74490918120595
2877,61,1,2036-07-01 00:00:00,13.746165694084901
2878,61,1,2037-07-01 00:00:00,13.871165694084901
2879,61,1,2038-07-01 00:00:00,13.99365266832695
2880,61,1,2039-07-01 00:00:00,13.992396155448
2881,61,1,2040-07-01 00:00:00,14.118652668327
2882,61,1,2041-07-01 00:00:00,14.2442809247665
2883,61,1,2042-07-01 00:00:00,14.24616569408495
2884,61,1,2043-07-01 00:00:00,14.2480504634034
2885,61,1,2044-07-01 00:00:00,14.24616569408495
2886,61,1,2045-07-01 00:00:00,14.2430244118875
2887,61,1,2046-07-01 00:00:00,14.24113964256905
2888,61,1,2047-07-01 00:00:00,14.2405113861296
2889,61,1,2048-07-01 00:00:00,14.24239615544805
2890,61,1,2049-07-01 00:00:00,14.24390403074436
2891,61,1,2050-07-01 00:00:00,14.243150262644807
2892,61,1,2051-07-01 00:00:00,14.242396534433638
2893,61,1,2052-07-01 00:00:00,14.241642846108746
2894,61,1,2053-07-01 00:00:00,14.240889197668018
2895,61,2,2022-07-01 00:00:00,17.758151355093805
2896,61,2,2023-07-01 00:00:00,16.948804587735864
2897,61,2,2024-07-01 00:00:00,15.286811566059033
2898,61,2,2025-07-01 00:00:00,13.658568810297968
2899,61,2,2026-07-01 00:00:00,12.38422882173477
2900,61,2,2027-07-01 00:00:00,11.88799836037167
2901,61,2,2028-07-01 00:00:00,11.891139642569085
2902,61,2,2029-07-01 00:00:00,11.89239615544805
2903,61,2,2030-07-01 00:00:00,11.89302441188753
2904,61,2,2031-07-01 00:00:00,11.89239615544805
2905,61,2,2032-07-01 00:00:00,12.016767899008535
2906,61,2,2033-07-01 00:00:00,12.1417678990085
2907,61,2,2034-07-01 00:00:00,12.1417678990085
2908,61,2,2035-07-01 00:00:00,12.142396155448
2909,61,2,2036-07-01 00:00:00,12.1430244118875
2910,61,2,2037-07-01 00:00:00,12.26676789900855
2911,61,2,2038-07-01 00:00:00,12.3898831296901
2912,61,2,2039-07-01 00:00:00,12.39051138612955
2913,61,2,2040-07-01 00:00:00,12.517396155448
2914,61,2,2041-07-01 00:00:00,12.64176789900855
2915,61,2,2042-07-01 00:00:00,12.64113964256905
2916,61,2,2043-07-01 00:00:00,12.6417678990085
2917,61,2,2044-07-01 00:00:00,12.63988312969005
2918,61,2,2045-07-01 00:00:00,12.64051138612955
2919,61,2,2046-07-01 00:00:00,12.64176789900855
2920,61,2,2047-07-01 00:00:00,12.64113964256905
2921,61,2,2048-07-01 00:00:00,12.64365266832695
2922,61,2,2049-07-01 00:00:00,12.64629161517174
2923,61,2,2050-07-01 00:00:00,12.64780006018244
2924,61,2,2051-07-01 00:00:00,12.649308685119903
2925,61,2,2052-07-01 00:00:00,12.650817490005595
2926,61,2,2053-07-01 00:00:00,12.652326474860978
2927,61,3,2022-07-01 00:00:00,16.151582485309294
2928,61,3,2023-07-01 00:00:00,15.295604480848363
2929,61,3,2024-07-01 00:00:00,14.016059702758765
2930,61,3,2025-07-01 00:00:00,12.740873901190369
2931,61,3,2026-07-01 00:00:00,10.891139642569085
2932,61,3,2027-07-01 00:00:00,9.894280924766495
2933,61,3,2028-07-01 00:00:00,9.893652668327011
2934,61,3,2029-07-01 00:00:00,9.89176789900856
2935,61,3,2030-07-01 00:00:00,9.89176789900856
2936,61,3,2031-07-01 00:00:00,9.89176789900856
2937,61,3,2032-07-01 00:00:00,10.014883129690116
2938,61,3,2033-07-01 00:00:00,10.139254873250636
2939,61,3,2034-07-01 00:00:00,10.1405113861296
2940,61,3,2035-07-01 00:00:00,10.1405113861296
2941,61,3,2036-07-01 00:00:00,10.139254873250636
2942,61,3,2037-07-01 00:00:00,10.26237010393219
2943,61,3,2038-07-01 00:00:00,10.388626616811155
2944,61,3,2039-07-01 00:00:00,10.3905113861296
2945,61,3,2040-07-01 00:00:00,10.514883129690116
2946,61,3,2041-07-01 00:00:00,10.639883129690116
2947,61,3,2042-07-01 00:00:00,10.63988312969012
2948,61,3,2043-07-01 00:00:00,10.639254873250636
2949,61,3,2044-07-01 00:00:00,10.637370103932184
2950,61,3,2045-07-01 00:00:00,10.63548533461374
2951,61,3,2046-07-01 00:00:00,10.63485707817426
2952,61,3,2047-07-01 00:00:00,10.63422882173478
2953,61,3,2048-07-01 00:00:00,10.635485334613744
2954,61,3,2049-07-01 00:00:00,10.63649058053424
2955,61,3,2050-07-01 00:00:00,10.635988058488433
2956,61,3,2051-07-01 00:00:00,10.635485560184332
2957,61,3,2052-07-01 00:00:00,10.63498308562081
2958,61,3,2053-07-01 00:00:00,10.634480634796748
2959,62,1,2022-07-01 00:00:00,19.64529615505406
2960,62,1,2023-07-01 00:00:00,19.215867762107315
2961,62,1,2024-07-01 00:00:00,17.408048565952456
2962,62,1,2025-07-01 00:00:00,14.93943850442202
2963,62,1,2026-07-01 00:00:00,13.792817955844907
2964,62,1,2027-07-01 00:00:00,13.551537799993724
2965,62,1,2028-07-01 00:00:00,13.304233475849873
2966,62,1,2029-07-01 00:00:00,13.263209261338313
2967,62,1,2030-07-01 00:00:00,13.399306617507982
2968,62,1,2031-07-01 00:00:00,13.48748276063685
2969,62,1,2032-07-01 00:00:00,13.691045438850676
2970,62,1,2033-07-01 00:00:00,14.183173298023696
2971,62,1,2034-07-01 00:00:00,14.652964494814066
2972,62,1,2035-07-01 00:00:00,14.894036012157645
2973,62,1,2036-07-01 00:00:00,14.936223195990548
2974,62,1,2037-07-01 00:00:00,15.070095514600508
2975,62,1,2038-07-01 00:00:00,15.211065045040936
2976,62,1,2039-07-01 00:00:00,15.130375390409965
2977,62,1,2040-07-01 00:00:00,15.193742433296231
2978,62,1,2041-07-01 00:00:00,15.390928641286203
2979,62,1,2042-07-01 00:00:00,15.520520649272445
2980,62,1,2043-07-01 00:00:00,15.698357558701117
2981,62,1,2044-07-01 00:00:00,15.848919362279279
2982,62,1,2045-07-01 00:00:00,16.037360713362606
2983,62,1,2046-07-01 00:00:00,16.17711398124748
2984,62,1,2047-07-01 00:00:00,16.39680479801322
2985,62,1,2048-07-01 00:00:00,16.958910277181023
2986,62,1,2049-07-01 00:00:00,17.3508191986353
2987,62,1,2050-07-01 00:00:00,17.546597956564376
2988,62,1,2051-07-01 00:00:00,17.87513039802824
2989,62,1,2052-07-01 00:00:00,18.209814092593213
2990,62,1,2053-07-01 00:00:00,18.55076421279612
2991,62,2,2022-07-01 00:00:00,19.566736168088937
2992,62,2,2023-07-01 00:00:00,19.16995829747229
2993,62,2,2024-07-01 00:00:00,17.835925830183463
2994,62,2,2025-07-01 00:00:00,15.33298344491579
2995,62,2,2026-07-01 00:00:00,13.437613112769707
2996,62,2,2027-07-01 00:00:00,12.721838456525678
2997,62,2,2028-07-01 00:00:00,12.250280536170376
2998,62,2,2029-07-01 00:00:00,12.136545117339905
2999,62,2,2030-07-01 00:00:00,12.14266092289384
3000,62,2,2031-07-01 00:00:00,12.227610241411798
3001,62,2,2032-07-01 00:00:00,12.369281625593082
3002,62,2,2033-07-01 00:00:00,12.532004616367237
3003,62,2,2034-07-01 00:00:00,12.69619665313797
3004,62,2,2035-07-01 00:00:00,12.819751630021507
3005,62,2,2036-07-01 00:00:00,12.86840550628815
3006,62,2,2037-07-01 00:00:00,12.989038193417212
3007,62,2,2038-07-01 00:00:00,13.132531441046535
3008,62,2,2039-07-01 00:00:00,13.319195474577722
3009,62,2,2040-07-01 00:00:00,13.558188358299534
3010,62,2,2041-07-01 00:00:00,13.722835718921282
3011,62,2,2042-07-01 00:00:00,13.684472837167235
3012,62,2,2043-07-01 00:00:00,13.588464230685386
3013,62,2,2044-07-01 00:00:00,13.707492820775188
3014,62,2,2045-07-01 00:00:00,13.88939528426137
3015,62,2,2046-07-01 00:00:00,13.9749640739884
3016,62,2,2047-07-01 00:00:00,13.96730237980214
3017,62,2,2048-07-01 00:00:00,14.04230167952735
3018,62,2,2049-07-01 00:00:00,14.08363241171793
3019,62,2,2050-07-01 00:00:00,14.087683126192832
3020,62,2,2051-07-01 00:00:00,14.19597594926876
3021,62,2,2052-07-01 00:00:00,14.305101225447494
3022,62,2,2053-07-01 00:00:00,14.415065353843481
3023,62,3,2022-07-01 00:00:00,19.106027691344746
3024,62,3,2023-07-01 00:00:00,18.375488922232748
3025,62,3,2024-07-01 00:00:00,17.737378864240107
3026,62,3,2025-07-01 00:00:00,15.496450994339785
3027,62,3,2026-07-01 00:00:00,12.44531165942336
3028,62,3,2027-07-01 00:00:00,11.60965503082757
3029,62,3,2028-07-01 00:00:00,11.465407295463802
3030,62,3,2029-07-01 00:00:00,11.374023447517846
3031,62,3,2030-07-01 00:00:00,11.241585338320949
3032,62,3,2031-07-01 00:00:00,10.973879122755035
3033,62,3,2032-07-01 00:00:00,10.794983380561906
3034,62,3,2033-07-01 00:00:00,10.832161020702241
3035,62,3,2034-07-01 00:00:00,10.920066484478241
3036,62,3,2035-07-01 00:00:00,11.029011823399983
3037,62,3,2036-07-01 00:00:00,11.077029564998575
3038,62,3,2037-07-01 00:00:00,11.143947138410201
3039,62,3,2038-07-01 00:00:00,11.263477215809086
3040,62,3,2039-07-01 00:00:00,11.270932924063139
3041,62,3,2040-07-01 00:00:00,11.315109546208625
3042,62,3,2041-07-01 00:00:00,11.444295092794672
3043,62,3,2042-07-01 00:00:00,11.549484186613858
3044,62,3,2043-07-01 00:00:00,11.624482854170713
3045,62,3,2044-07-01 00:00:00,11.670468738152012
3046,62,3,2045-07-01 00:00:00,11.761535145610242
3047,62,3,2046-07-01 00:00:00,11.887192552418494
3048,62,3,2047-07-01 00:00:00,11.99387483463839
3049,62,3,2048-07-01 00:00:00,12.047129658254171
3050,62,3,2049-07-01 00:00:00,12.033093983533053
3051,62,3,2050-07-01 00:00:00,12.036391866286483
3052,62,3,2051-07-01 00:00:00,12.128752589916694
3053,62,3,2052-07-01 00:00:00,12.221822039497694
3054,62,3,2053-07-01 00:00:00,12.315605653406895
3055,63,1,2022-07-01 00:00:00,13.967265253989849
3056,63,1,2023-07-01 00:00:00,13.767691669533965
3057,63,1,2024-07-01 00:00:00,13.45819993607364
3058,63,1,2025-07-01 00:00:00,12.37387914673145
3059,63,1,2026-07-01 00:00:00,11.38573784438605
3060,63,1,2027-07-01 00:00:00,11.3355093619816
3061,63,1,2028-07-01 00:00:00,11.2849137001867
3062,63,1,2029-07-01 00:00:00,11.23887305291585
3063,63,1,2030-07-01 00:00:00,11.23852864058695
3064,63,1,2031-07-01 00:00:00,11.242342025862701
3065,63,1,2032-07-01 00:00:00,11.324959655923749
3066,63,1,2033-07-01 00:00:00,11.56587558967925
3067,63,1,2034-07-01 00:00:00,11.721595417815
3068,63,1,2035-07-01 00:00:00,11.7467939505244
3069,63,1,2036-07-01 00:00:00,11.7467939505244
3070,63,1,2037-07-01 00:00:00,11.8717939505244
3071,63,1,2038-07-01 00:00:00,11.9967939505244
3072,63,1,2039-07-01 00:00:00,11.9967939505244
3073,63,1,2040-07-01 00:00:00,12.1217939505244
3074,63,1,2041-07-01 00:00:00,12.2467939505244
3075,63,1,2042-07-01 00:00:00,12.2467939505244
3076,63,1,2043-07-01 00:00:00,12.2467939505244
3077,63,1,2044-07-01 00:00:00,12.2467939505244
3078,63,1,2045-07-01 00:00:00,12.2467939505244
3079,63,1,2046-07-01 00:00:00,12.2467939505244
3080,63,1,2047-07-01 00:00:00,12.2467939505244
3081,63,1,2048-07-01 00:00:00,12.2467939505244
3082,63,1,2049-07-01 00:00:00,12.2467939505244
3083,63,1,2050-07-01 00:00:00,12.2467939505244
3084,63,1,2051-07-01 00:00:00,12.2467939505244
3085,63,1,2052-07-01 00:00:00,12.2467939505244
3086,63,1,2053-07-01 00:00:00,12.2467939505244
3087,63,2,2022-07-01 00:00:00,13.2610113243468
3088,63,2,2023-07-01 00:00:00,13.0717372174508
3089,63,2,2024-07-01 00:00:00,12.6842655839876
3090,63,2,2025-07-01 00:00:00,11.6914310039724
3091,63,2,2026-07-01 00:00:00,10.39679395052441
3092,63,2,2027-07-01 00:00:00,9.89679395052442
3093,63,2,2028-07-01 00:00:00,9.89679395052442
3094,63,2,2029-07-01 00:00:00,9.89679395052442
3095,63,2,2030-07-01 00:00:00,9.89679395052442
3096,63,2,2031-07-01 00:00:00,9.89679395052442
3097,63,2,2032-07-01 00:00:00,10.02179395052441
3098,63,2,2033-07-01 00:00:00,10.1467939505244
3099,63,2,2034-07-01 00:00:00,10.1467939505244
3100,63,2,2035-07-01 00:00:00,10.1467939505244
3101,63,2,2036-07-01 00:00:00,10.1467939505244
3102,63,2,2037-07-01 00:00:00,10.2717939505244
3103,63,2,2038-07-01 00:00:00,10.3967939505244
3104,63,2,2039-07-01 00:00:00,10.3967939505244
3105,63,2,2040-07-01 00:00:00,10.5217939505244
3106,63,2,2041-07-01 00:00:00,10.6467939505244
3107,63,2,2042-07-01 00:00:00,10.6467939505244
3108,63,2,2043-07-01 00:00:00,10.6467939505244
3109,63,2,2044-07-01 00:00:00,10.6467939505244
3110,63,2,2045-07-01 00:00:00,10.6467939505244
3111,63,2,2046-07-01 00:00:00,10.6467939505244
3112,63,2,2047-07-01 00:00:00,10.6467939505244
3113,63,2,2048-07-01 00:00:00,10.6467939505244
3114,63,2,2049-07-01 00:00:00,10.6467939505244
3115,63,2,2050-07-01 00:00:00,10.6467939505244
3116,63,2,2051-07-01 00:00:00,10.6467939505244
3117,63,2,2052-07-01 00:00:00,10.6467939505244
3118,63,2,2053-07-01 00:00:00,10.6467939505244
3119,63,3,2022-07-01 00:00:00,12.871737217450802
3120,63,3,2023-07-01 00:00:00,12.67855512366464
3121,63,3,2024-07-01 00:00:00,12.382629730726162
3122,63,3,2025-07-01 00:00:00,11.08834019104913
3123,63,3,2026-07-01 00:00:00,8.89679395052442
3124,63,3,2027-07-01 00:00:00,7.89679395052442
3125,63,3,2028-07-01 00:00:00,7.89679395052442
3126,63,3,2029-07-01 00:00:00,7.89679395052442
3127,63,3,2030-07-01 00:00:00,7.89679395052442
3128,63,3,2031-07-01 00:00:00,7.89679395052442
3129,63,3,2032-07-01 00:00:00,8.02179395052442
3130,63,3,2033-07-01 00:00:00,8.14679395052442
3131,63,3,2034-07-01 00:00:00,8.14679395052442
3132,63,3,2035-07-01 00:00:00,8.14679395052442
3133,63,3,2036-07-01 00:00:00,8.14679395052442
3134,63,3,2037-07-01 00:00:00,8.27179395052442
3135,63,3,2038-07-01 00:00:00,8.39679395052442
3136,63,3,2039-07-01 00:00:00,8.39679395052442
3137,63,3,2040-07-01 00:00:00,8.52179395052442
3138,63,3,2041-07-01 00:00:00,8.64679395052442
3139,63,3,2042-07-01 00:00:00,8.64679395052442
3140,63,3,2043-07-01 00:00:00,8.64679395052442
3141,63,3,2044-07-01 00:00:00,8.64679395052442
3142,63,3,2045-07-01 00:00:00,8.64679395052442
3143,63,3,2046-07-01 00:00:00,8.64679395052442
3144,63,3,2047-07-01 00:00:00,8.64679395052442
3145,63,3,2048-07-01 00:00:00,8.64679395052442
3146,63,3,2049-07-01 00:00:00,8.64679395052442
3147,63,3,2050-07-01 00:00:00,8.64679395052442
3148,63,3,2051-07-01 00:00:00,8.64679395052442
3149,63,3,2052-07-01 00:00:00,8.64679395052442
3150,63,3,2053-07-01 00:00:00,8.64679395052442
3151,64,1,2022-07-01 00:00:00,13.967265253989849
3152,64,1,2023-07-01 00:00:00,13.767691669533965
3153,64,1,2024-07-01 00:00:00,13.45819993607364
3154,64,1,2025-07-01 00:00:00,12.37387914673145
3155,64,1,2026-07-01 00:00:00,11.38573784438605
3156,64,1,2027-07-01 00:00:00,11.3355093619816
3157,64,1,2028-07-01 00:00:00,11.2849137001867
3158,64,1,2029-07-01 00:00:00,11.23887305291585
3159,64,1,2030-07-01 00:00:00,11.23852864058695
3160,64,1,2031-07-01 00:00:00,11.242342025862701
3161,64,1,2032-07-01 00:00:00,11.324959655923749
3162,64,1,2033-07-01 00:00:00,11.56587558967925
3163,64,1,2034-07-01 00:00:00,11.721595417815
3164,64,1,2035-07-01 00:00:00,11.7467939505244
3165,64,1,2036-07-01 00:00:00,11.7467939505244
3166,64,1,2037-07-01 00:00:00,11.8717939505244
3167,64,1,2038-07-01 00:00:00,11.9967939505244
3168,64,1,2039-07-01 00:00:00,11.9967939505244
3169,64,1,2040-07-01 00:00:00,12.1217939505244
3170,64,1,2041-07-01 00:00:00,12.2467939505244
3171,64,1,2042-07-01 00:00:00,12.2467939505244
3172,64,1,2043-07-01 00:00:00,12.2467939505244
3173,64,1,2044-07-01 00:00:00,12.2467939505244
3174,64,1,2045-07-01 00:00:00,12.2467939505244
3175,64,1,2046-07-01 00:00:00,12.2467939505244
3176,64,1,2047-07-01 00:00:00,12.2467939505244
3177,64,1,2048-07-01 00:00:00,12.2467939505244
3178,64,1,2049-07-01 00:00:00,12.2467939505244
3179,64,1,2050-07-01 00:00:00,12.2467939505244
3180,64,1,2051-07-01 00:00:00,12.2467939505244
3181,64,1,2052-07-01 00:00:00,12.2467939505244
3182,64,1,2053-07-01 00:00:00,12.2467939505244
3183,64,2,2022-07-01 00:00:00,13.2610113243468
3184,64,2,2023-07-01 00:00:00,13.0717372174508
3185,64,2,2024-07-01 00:00:00,12.6842655839876
3186,64,2,2025-07-01 00:00:00,11.6914310039724
3187,64,2,2026-07-01 00:00:00,10.39679395052441
3188,64,2,2027-07-01 00:00:00,9.89679395052442
3189,64,2,2028-07-01 00:00:00,9.89679395052442
3190,64,2,2029-07-01 00:00:00,9.89679395052442
3191,64,2,2030-07-01 00:00:00,9.89679395052442
3192,64,2,2031-07-01 00:00:00,9.89679395052442
3193,64,2,2032-07-01 00:00:00,10.02179395052441
3194,64,2,2033-07-01 00:00:00,10.1467939505244
3195,64,2,2034-07-01 00:00:00,10.1467939505244
3196,64,2,2035-07-01 00:00:00,10.1467939505244
3197,64,2,2036-07-01 00:00:00,10.1467939505244
3198,64,2,2037-07-01 00:00:00,10.2717939505244
3199,64,2,2038-07-01 00:00:00,10.3967939505244
3200,64,2,2039-07-01 00:00:00,10.3967939505244
3201,64,2,2040-07-01 00:00:00,10.5217939505244
3202,64,2,2041-07-01 00:00:00,10.6467939505244
3203,64,2,2042-07-01 00:00:00,10.6467939505244
3204,64,2,2043-07-01 00:00:00,10.6467939505244
3205,64,2,2044-07-01 00:00:00,10.6467939505244
3206,64,2,2045-07-01 00:00:00,10.6467939505244
3207,64,2,2046-07-01 00:00:00,10.6467939505244
3208,64,2,2047-07-01 00:00:00,10.6467939505244
3209,64,2,2048-07-01 00:00:00,10.6467939505244
3210,64,2,2049-07-01 00:00:00,10.6467939505244
3211,64,2,2050-07-01 00:00:00,10.6467939505244
3212,64,2,2051-07-01 00:00:00,10.6467939505244
3213,64,2,2052-07-01 00:00:00,10.6467939505244
3214,64,2,2053-07-01 00:00:00,10.6467939505244
3215,64,3,2022-07-01 00:00:00,12.871737217450802
3216,64,3,2023-07-01 00:00:00,12.67855512366464
3217,64,3,2024-07-01 00:00:00,12.382629730726162
3218,64,3,2025-07-01 00:00:00,11.08834019104913
3219,64,3,2026-07-01 00:00:00,8.89679395052442
3220,64,3,2027-07-01 00:00:00,7.89679395052442
3221,64,3,2028-07-01 00:00:00,7.89679395052442
3222,64,3,2029-07-01 00:00:00,7.89679395052442
3223,64,3,2030-07-01 00:00:00,7.89679395052442
3224,64,3,2031-07-01 00:00:00,7.89679395052442
3225,64,3,2032-07-01 00:00:00,8.02179395052442
3226,64,3,2033-07-01 00:00:00,8.14679395052442
3227,64,3,2034-07-01 00:00:00,8.14679395052442
3228,64,3,2035-07-01 00:00:00,8.14679395052442
3229,64,3,2036-07-01 00:00:00,8.14679395052442
3230,64,3,2037-07-01 00:00:00,8.27179395052442
3231,64,3,2038-07-01 00:00:00,8.39679395052442
3232,64,3,2039-07-01 00:00:00,8.39679395052442
3233,64,3,2040-07-01 00:00:00,8.52179395052442
3234,64,3,2041-07-01 00:00:00,8.64679395052442
3235,64,3,2042-07-01 00:00:00,8.64679395052442
3236,64,3,2043-07-01 00:00:00,8.64679395052442
3237,64,3,2044-07-01 00:00:00,8.64679395052442
3238,64,3,2045-07-01 00:00:00,8.64679395052442
3239,64,3,2046-07-01 00:00:00,8.64679395052442
3240,64,3,2047-07-01 00:00:00,8.64679395052442
3241,64,3,2048-07-01 00:00:00,8.64679395052442
3242,64,3,2049-07-01 00:00:00,8.64679395052442
3243,64,3,2050-07-01 00:00:00,8.64679395052442
3244,64,3,2051-07-01 00:00:00,8.64679395052442
3245,64,3,2052-07-01 00:00:00,8.64679395052442
3246,64,3,2053-07-01 00:00:00,8.64679395052442
3247,65,1,2022-07-01 00:00:00,19.053385236898027
3248,65,1,2023-07-01 00:00:00,18.582875270619517
3249,65,1,2024-07-01 00:00:00,16.861645499524286
3250,65,1,2025-07-01 00:00:00,14.402223469067732
3251,65,1,2026-07-01 00:00:00,13.162484378024306
3252,65,1,2027-07-01 00:00:00,13.04034591555591
3253,65,1,2028-07-01 00:00:00,12.987839486883189
3254,65,1,2029-07-01 00:00:00,12.975401234386762
3255,65,1,2030-07-01 00:00:00,12.9916540483548
3256,65,1,2031-07-01 00:00:00,12.878701392122476
3257,65,1,2032-07-01 00:00:00,12.92964149364972
3258,65,1,2033-07-01 00:00:00,13.415920485644513
3259,65,1,2034-07-01 00:00:00,13.897042653138225
3260,65,1,2035-07-01 00:00:00,14.166699827939873
3261,65,1,2036-07-01 00:00:00,14.228588732629268
3262,65,1,2037-07-01 00:00:00,14.388724348945118
3263,65,1,2038-07-01 00:00:00,14.541542543488852
3264,65,1,2039-07-01 00:00:00,14.518976939836156
3265,65,1,2040-07-01 00:00:00,14.663172419301736
3266,65,1,2041-07-01 00:00:00,14.87993079076871
3267,65,1,2042-07-01 00:00:00,15.062417273940671
3268,65,1,2043-07-01 00:00:00,15.33043532782666
3269,65,1,2044-07-01 00:00:00,15.509200077768755
3270,65,1,2045-07-01 00:00:00,15.615539218845083
3271,65,1,2046-07-01 00:00:00,15.658175893599584
3272,65,1,2047-07-01 00:00:00,15.650466366428354
3273,65,1,2048-07-01 00:00:00,16.252960458047166
3274,65,1,2049-07-01 00:00:00,16.87543791321229
3275,65,1,2050-07-01 00:00:00,17.04490142777496
3276,65,1,2051-07-01 00:00:00,17.342801285163578
3277,65,1,2052-07-01 00:00:00,17.645907645236193
3278,65,1,2053-07-01 00:00:00,17.954311503908134
3279,65,2,2022-07-01 00:00:00,19.01567396841441
3280,65,2,2023-07-01 00:00:00,18.55967821227034
3281,65,2,2024-07-01 00:00:00,17.179195358916303
3282,65,2,2025-07-01 00:00:00,14.688472931027366
3283,65,2,2026-07-01 00:00:00,12.786226943420093
3284,65,2,2027-07-01 00:00:00,12.256454025861498
3285,65,2,2028-07-01 00:00:00,11.948461431194069
3286,65,2,2029-07-01 00:00:00,11.797226228444911
3287,65,2,2030-07-01 00:00:00,11.761055369582952
3288,65,2,2031-07-01 00:00:00,11.76457955008286
3289,65,2,2032-07-01 00:00:00,11.83199667118441
3290,65,2,2033-07-01 00:00:00,11.932982611230525
3291,65,2,2034-07-01 00:00:00,12.08505481239996
3292,65,2,2035-07-01 00:00:00,12.167131472910347
3293,65,2,2036-07-01 00:00:00,12.146401600048275
3294,65,2,2037-07-01 00:00:00,12.274527809937062
3295,65,2,2038-07-01 00:00:00,12.447554866750611
3296,65,2,2039-07-01 00:00:00,12.698473815600767
3297,65,2,2040-07-01 00:00:00,13.018806846926896
3298,65,2,2041-07-01 00:00:00,13.229686997084302
3299,65,2,2042-07-01 00:00:00,13.213956593284795
3300,65,2,2043-07-01 00:00:00,13.146839095612304
3301,65,2,2044-07-01 00:00:00,13.31763983586929
3302,65,2,2045-07-01 00:00:00,13.571574763308583
3303,65,2,2046-07-01 00:00:00,13.706807828193242
3304,65,2,2047-07-01 00:00:00,13.702994984717147
3305,65,2,2048-07-01 00:00:00,13.741955420188285
3306,65,2,2049-07-01 00:00:00,13.738504946155484
3307,65,2,2050-07-01 00:00:00,13.707390919855811
3308,65,2,2051-07-01 00:00:00,13.777644805646961
3309,65,2,2052-07-01 00:00:00,13.848258760578737
3310,65,2,2053-07-01 00:00:00,13.919234630097616
3311,65,3,2022-07-01 00:00:00,18.54698041813619
3312,65,3,2023-07-01 00:00:00,17.622392174858007
3313,65,3,2024-07-01 00:00:00,16.107345069541246
3314,65,3,2025-07-01 00:00:00,13.991888090648382
3315,65,3,2026-07-01 00:00:00,11.753865854541793
3316,65,3,2027-07-01 00:00:00,10.924070360590438
3317,65,3,2028-07-01 00:00:00,10.787052502950427
3318,65,3,2029-07-01 00:00:00,10.683202815566577
3319,65,3,2030-07-01 00:00:00,10.512035897214837
3320,65,3,2031-07-01 00:00:00,10.17878306575831
3321,65,3,2032-07-01 00:00:00,9.944869594250488
3322,65,3,2033-07-01 00:00:00,9.975707775650935
3323,65,3,2034-07-01 00:00:00,10.051245992749553
3324,65,3,2035-07-01 00:00:00,10.145606838316525
3325,65,3,2036-07-01 00:00:00,10.193507333237724
3326,65,3,2037-07-01 00:00:00,10.260307659971959
3327,65,3,2038-07-01 00:00:00,10.391686401474152
3328,65,3,2039-07-01 00:00:00,10.423742365516778
3329,65,3,2040-07-01 00:00:00,10.489117482251253
3330,65,3,2041-07-01 00:00:00,10.633858698658564
3331,65,3,2042-07-01 00:00:00,10.755975547183033
3332,65,3,2043-07-01 00:00:00,10.858697958383221
3333,65,3,2044-07-01 00:00:00,10.934180151273338
3334,65,3,2045-07-01 00:00:00,11.039934929001337
3335,65,3,2046-07-01 00:00:00,11.160718016639574
3336,65,3,2047-07-01 00:00:00,11.256333271356123
3337,65,3,2048-07-01 00:00:00,11.326690149689597
3338,65,3,2049-07-01 00:00:00,11.34172261608889
3339,65,3,2050-07-01 00:00:00,11.359833203172993
3340,65,3,2051-07-01 00:00:00,11.46208405897829
3341,65,3,2052-07-01 00:00:00,11.565255283712066
3342,65,3,2053-07-01 00:00:00,11.669355161695837
3343,66,1,2022-07-01 00:00:00,17.36327334951602
3344,66,1,2023-07-01 00:00:00,16.99649162936866
3345,66,1,2024-07-01 00:00:00,15.732167040114009
3346,66,1,2025-07-01 00:00:00,13.76407270721731
3347,66,1,2026-07-01 00:00:00,12.649984378024305
3348,66,1,2027-07-01 00:00:00,12.51534591555591
3349,66,1,2028-07-01 00:00:00,12.462839486883187
3350,66,1,2029-07-01 00:00:00,12.450401234386764
3351,66,1,2030-07-01 00:00:00,12.466654048354801
3352,66,1,2031-07-01 00:00:00,12.353701392122474
3353,66,1,2032-07-01 00:00:00,12.40464149364972
3354,66,1,2033-07-01 00:00:00,12.890920485644513
3355,66,1,2034-07-01 00:00:00,13.372042653138227
3356,66,1,2035-07-01 00:00:00,13.641699827939874
3357,66,1,2036-07-01 00:00:00,13.703588732629267
3358,66,1,2037-07-01 00:00:00,13.863724348945118
3359,66,1,2038-07-01 00:00:00,14.016542543488853
3360,66,1,2039-07-01 00:00:00,14.000226939836157
3361,66,1,2040-07-01 00:00:00,14.150672419301735
3362,66,1,2041-07-01 00:00:00,14.36743079076871
3363,66,1,2042-07-01 00:00:00,14.549917273940672
3364,66,1,2043-07-01 00:00:00,14.81793532782666
3365,66,1,2044-07-01 00:00:00,14.996700077768756
3366,66,1,2045-07-01 00:00:00,15.103039218845083
3367,66,1,2046-07-01 00:00:00,15.145675893599584
3368,66,1,2047-07-01 00:00:00,15.137966366428355
3369,66,1,2048-07-01 00:00:00,15.740460458047165
3370,66,1,2049-07-01 00:00:00,16.3669326956501
3371,66,1,2050-07-01 00:00:00,16.54072415427946
3372,66,1,2051-07-01 00:00:00,16.839381777271523
3373,66,1,2052-07-01 00:00:00,17.14343193174766
3374,66,1,2053-07-01 00:00:00,17.452971984704615
3375,66,2,2022-07-01 00:00:00,17.34584732526332
3376,66,2,2023-07-01 00:00:00,16.92181246047836
3377,66,2,2024-07-01 00:00:00,15.85343017224514
3378,66,2,2025-07-01 00:00:00,13.91566017457264
3379,66,2,2026-07-01 00:00:00,12.273726943420094
3380,66,2,2027-07-01 00:00:00,11.731454025861497
3381,66,2,2028-07-01 00:00:00,11.42346143119407
3382,66,2,2029-07-01 00:00:00,11.27222622844491
3383,66,2,2030-07-01 00:00:00,11.236055369582953
3384,66,2,2031-07-01 00:00:00,11.239579550082862
3385,66,2,2032-07-01 00:00:00,11.30699667118441
3386,66,2,2033-07-01 00:00:00,11.407982611230524
3387,66,2,2034-07-01 00:00:00,11.56005481239996
3388,66,2,2035-07-01 00:00:00,11.642131472910346
3389,66,2,2036-07-01 00:00:00,11.621401600048276
3390,66,2,2037-07-01 00:00:00,11.749527809937062
3391,66,2,2038-07-01 00:00:00,11.922554866750609
3392,66,2,2039-07-01 00:00:00,12.173473815600767
3393,66,2,2040-07-01 00:00:00,12.493806846926894
3394,66,2,2041-07-01 00:00:00,12.704686997084302
3395,66,2,2042-07-01 00:00:00,12.695206593284796
3396,66,2,2043-07-01 00:00:00,12.634339095612305
3397,66,2,2044-07-01 00:00:00,12.805139835869289
3398,66,2,2045-07-01 00:00:00,13.059074763308582
3399,66,2,2046-07-01 00:00:00,13.194307828193242
3400,66,2,2047-07-01 00:00:00,13.190494984717148
3401,66,2,2048-07-01 00:00:00,13.229455420188286
3402,66,2,2049-07-01 00:00:00,13.229775768542059
3403,66,2,2050-07-01 00:00:00,13.202460497219384
3404,66,2,2051-07-01 00:00:00,13.272777432137715
3405,66,2,2052-07-01 00:00:00,13.343468878408483
3406,66,2,2053-07-01 00:00:00,13.41453683069703
3407,66,3,2022-07-01 00:00:00,16.96597895480534
3408,66,3,2023-07-01 00:00:00,16.257079865403078
3409,66,3,2024-07-01 00:00:00,15.07391752101563
3410,66,3,2025-07-01 00:00:00,13.28327211991227
3411,66,3,2026-07-01 00:00:00,11.241365854541794
3412,66,3,2027-07-01 00:00:00,10.399070360590438
3413,66,3,2028-07-01 00:00:00,10.262052502950429
3414,66,3,2029-07-01 00:00:00,10.158202815566579
3415,66,3,2030-07-01 00:00:00,9.987035897214836
3416,66,3,2031-07-01 00:00:00,9.653783065758311
3417,66,3,2032-07-01 00:00:00,9.419869594250489
3418,66,3,2033-07-01 00:00:00,9.450707775650937
3419,66,3,2034-07-01 00:00:00,9.526245992749555
3420,66,3,2035-07-01 00:00:00,9.620606838316526
3421,66,3,2036-07-01 00:00:00,9.668507333237724
3422,66,3,2037-07-01 00:00:00,9.735307659971959
3423,66,3,2038-07-01 00:00:00,9.866686401474151
3424,66,3,2039-07-01 00:00:00,9.90499236551678
3425,66,3,2040-07-01 00:00:00,9.976617482251253
3426,66,3,2041-07-01 00:00:00,10.121358698658565
3427,66,3,2042-07-01 00:00:00,10.243475547183033
3428,66,3,2043-07-01 00:00:00,10.346197958383222
3429,66,3,2044-07-01 00:00:00,10.421680151273339
3430,66,3,2045-07-01 00:00:00,10.527434929001338
3431,66,3,2046-07-01 00:00:00,10.648218016639575
3432,66,3,2047-07-01 00:00:00,10.743833271356124
3433,66,3,2048-07-01 00:00:00,10.814190149689598
3434,66,3,2049-07-01 00:00:00,10.83303776367504
3435,66,3,2050-07-01 00:00:00,10.85505129754252
3436,66,3,2051-07-01 00:00:00,10.957500815493049
3437,66,3,2052-07-01 00:00:00,11.06091724768844
3438,66,3,2053-07-01 00:00:00,11.165309719824698
3439,67,1,2022-07-01 00:00:00,16.627766798042217
3440,67,1,2023-07-01 00:00:00,16.426338016263827
3441,67,1,2024-07-01 00:00:00,15.39787276706206
3442,67,1,2025-07-01 00:00:00,13.41405466717044
3443,67,1,2026-07-01 00:00:00,12.185623910472573
3444,67,1,2027-07-01 00:00:00,12.012343448309654
3445,67,1,2028-07-01 00:00:00,11.993080359697174
3446,67,1,2029-07-01 00:00:00,12.066091475466301
3447,67,1,2030-07-01 00:00:00,12.14014868882811
3448,67,1,2031-07-01 00:00:00,12.032133035939868
3449,67,1,2032-07-01 00:00:00,12.02237636146237
3450,67,1,2033-07-01 00:00:00,12.492772892798257
3451,67,1,2034-07-01 00:00:00,13.043085048271688
3452,67,1,2035-07-01 00:00:00,13.398972286375306
3453,67,1,2036-07-01 00:00:00,13.557771246967658
3454,67,1,2037-07-01 00:00:00,13.849185652299532
3455,67,1,2038-07-01 00:00:00,14.097194382595013
3456,67,1,2039-07-01 00:00:00,14.153493411380122
3457,67,1,2040-07-01 00:00:00,14.381760121287675
3458,67,1,2041-07-01 00:00:00,14.684167054395104
3459,67,1,2042-07-01 00:00:00,14.922629162973676
3460,67,1,2043-07-01 00:00:00,15.203890833545275
3461,67,1,2044-07-01 00:00:00,15.412028444699702
3462,67,1,2045-07-01 00:00:00,15.54483494930152
3463,67,1,2046-07-01 00:00:00,15.643996271018128
3464,67,1,2047-07-01 00:00:00,15.881354368154604
3465,67,1,2048-07-01 00:00:00,16.386339604774903
3466,67,1,2049-07-01 00:00:00,16.69095252971624
3467,67,1,2050-07-01 00:00:00,16.844521747043828
3468,67,1,2051-07-01 00:00:00,17.124696689971927
3469,67,1,2052-07-01 00:00:00,17.40953178293715
3470,67,1,2053-07-01 00:00:00,17.699104538218577
3471,67,2,2022-07-01 00:00:00,16.86290176162938
3472,67,2,2023-07-01 00:00:00,16.55054438774495
3473,67,2,2024-07-01 00:00:00,15.68378696108082
3474,67,2,2025-07-01 00:00:00,13.69660387460426
3475,67,2,2026-07-01 00:00:00,11.99347603421992
3476,67,2,2027-07-01 00:00:00,11.49976139425937
3477,67,2,2028-07-01 00:00:00,11.211988842077988
3478,67,2,2029-07-01 00:00:00,11.151934180839296
3479,67,2,2030-07-01 00:00:00,11.139075697395882
3480,67,2,2031-07-01 00:00:00,11.097886534234473
3481,67,2,2032-07-01 00:00:00,11.145641449519228
3482,67,2,2033-07-01 00:00:00,11.255862214043088
3483,67,2,2034-07-01 00:00:00,11.448451438672805
3484,67,2,2035-07-01 00:00:00,11.552665238508567
3485,67,2,2036-07-01 00:00:00,11.51078628338864
3486,67,2,2037-07-01 00:00:00,11.620561608955798
3487,67,2,2038-07-01 00:00:00,11.780231217166982
3488,67,2,2039-07-01 00:00:00,12.092823465604981
3489,67,2,2040-07-01 00:00:00,12.498309834778269
3490,67,2,2041-07-01 00:00:00,12.806310179449607
3491,67,2,2042-07-01 00:00:00,12.948932034398627
3492,67,2,2043-07-01 00:00:00,13.000253479175573
3493,67,2,2044-07-01 00:00:00,13.212179843334415
3494,67,2,2045-07-01 00:00:00,13.485184536187717
3495,67,2,2046-07-01 00:00:00,13.64070917320019
3496,67,2,2047-07-01 00:00:00,13.65775237980214
3497,67,2,2048-07-01 00:00:00,13.74202792952735
3498,67,2,2049-07-01 00:00:00,13.784822654984062
3499,67,2,2050-07-01 00:00:00,13.780445347058143
3500,67,2,2051-07-01 00:00:00,13.878006136070013
3501,67,2,2052-07-01 00:00:00,13.976257621740295
3502,67,2,2053-07-01 00:00:00,14.075204693962547
3503,67,3,2022-07-01 00:00:00,16.58688537011242
3504,67,3,2023-07-01 00:00:00,16.04160737484024
3505,67,3,2024-07-01 00:00:00,15.533585712476848
3506,67,3,2025-07-01 00:00:00,13.64024447433477
3507,67,3,2026-07-01 00:00:00,10.820006943424923
3508,67,3,2027-07-01 00:00:00,9.790166517473931
3509,67,3,2028-07-01 00:00:00,9.646271522080342
3510,67,3,2029-07-01 00:00:00,9.564426601917239
3511,67,3,2030-07-01 00:00:00,9.412540933871298
3512,67,3,2031-07-01 00:00:00,9.131509541667882
3513,67,3,2032-07-01 00:00:00,8.93598907268873
3514,67,3,2033-07-01 00:00:00,8.966827254089178
3515,67,3,2034-07-01 00:00:00,9.04236547118779
3516,67,3,2035-07-01 00:00:00,9.13672631675476
3517,67,3,2036-07-01 00:00:00,9.18462681167596
3518,67,3,2037-07-01 00:00:00,9.25142713841019
3519,67,3,2038-07-01 00:00:00,9.382805879912386
3520,67,3,2039-07-01 00:00:00,9.426872326354564
3521,67,3,2040-07-01 00:00:00,9.504257925488584
3522,67,3,2041-07-01 00:00:00,9.648999141895896
3523,67,3,2042-07-01 00:00:00,9.77441357819946
3524,67,3,2043-07-01 00:00:00,9.926558577178742
3525,67,3,2044-07-01 00:00:00,10.048165770068852
3526,67,3,2045-07-01 00:00:00,10.153920547796856
3527,67,3,2046-07-01 00:00:00,10.239267232931745
3528,67,3,2047-07-01 00:00:00,10.285459899869199
3529,67,3,2048-07-01 00:00:00,10.354234433002903
3530,67,3,2049-07-01 00:00:00,10.381119880334952
3531,67,3,2050-07-01 00:00:00,10.391008069591447
3532,67,3,2051-07-01 00:00:00,10.477818843432821
3533,67,3,2052-07-01 00:00:00,10.565354870339586
3534,67,3,2053-07-01 00:00:00,10.653622209375442
3535,68,1,2022-07-01 00:00:00,16.627766798042217
3536,68,1,2023-07-01 00:00:00,16.426338016263827
3537,68,1,2024-07-01 00:00:00,15.39787276706206
3538,68,1,2025-07-01 00:00:00,13.41405466717044
3539,68,1,2026-07-01 00:00:00,12.185623910472573
3540,68,1,2027-07-01 00:00:00,12.012343448309654
3541,68,1,2028-07-01 00:00:00,11.993080359697174
3542,68,1,2029-07-01 00:00:00,12.066091475466301
3543,68,1,2030-07-01 00:00:00,12.14014868882811
3544,68,1,2031-07-01 00:00:00,12.032133035939868
3545,68,1,2032-07-01 00:00:00,12.02237636146237
3546,68,1,2033-07-01 00:00:00,12.492772892798257
3547,68,1,2034-07-01 00:00:00,13.043085048271688
3548,68,1,2035-07-01 00:00:00,13.398972286375306
3549,68,1,2036-07-01 00:00:00,13.557771246967658
3550,68,1,2037-07-01 00:00:00,13.849185652299532
3551,68,1,2038-07-01 00:00:00,14.097194382595013
3552,68,1,2039-07-01 00:00:00,14.153493411380122
3553,68,1,2040-07-01 00:00:00,14.381760121287675
3554,68,1,2041-07-01 00:00:00,14.684167054395104
3555,68,1,2042-07-01 00:00:00,14.922629162973676
3556,68,1,2043-07-01 00:00:00,15.203890833545275
3557,68,1,2044-07-01 00:00:00,15.412028444699702
3558,68,1,2045-07-01 00:00:00,15.54483494930152
3559,68,1,2046-07-01 00:00:00,15.643996271018128
3560,68,1,2047-07-01 00:00:00,15.881354368154604
3561,68,1,2048-07-01 00:00:00,16.386339604774903
3562,68,1,2049-07-01 00:00:00,16.69095252971624
3563,68,1,2050-07-01 00:00:00,16.844521747043828
3564,68,1,2051-07-01 00:00:00,17.124696689971927
3565,68,1,2052-07-01 00:00:00,17.40953178293715
3566,68,1,2053-07-01 00:00:00,17.699104538218577
3567,68,2,2022-07-01 00:00:00,16.86290176162938
3568,68,2,2023-07-01 00:00:00,16.55054438774495
3569,68,2,2024-07-01 00:00:00,15.68378696108082
3570,68,2,2025-07-01 00:00:00,13.69660387460426
3571,68,2,2026-07-01 00:00:00,11.99347603421992
3572,68,2,2027-07-01 00:00:00,11.49976139425937
3573,68,2,2028-07-01 00:00:00,11.211988842077988
3574,68,2,2029-07-01 00:00:00,11.151934180839296
3575,68,2,2030-07-01 00:00:00,11.139075697395882
3576,68,2,2031-07-01 00:00:00,11.097886534234473
3577,68,2,2032-07-01 00:00:00,11.145641449519228
3578,68,2,2033-07-01 00:00:00,11.255862214043088
3579,68,2,2034-07-01 00:00:00,11.448451438672805
3580,68,2,2035-07-01 00:00:00,11.552665238508567
3581,68,2,2036-07-01 00:00:00,11.51078628338864
3582,68,2,2037-07-01 00:00:00,11.620561608955798
3583,68,2,2038-07-01 00:00:00,11.780231217166982
3584,68,2,2039-07-01 00:00:00,12.092823465604981
3585,68,2,2040-07-01 00:00:00,12.498309834778269
3586,68,2,2041-07-01 00:00:00,12.806310179449607
3587,68,2,2042-07-01 00:00:00,12.948932034398627
3588,68,2,2043-07-01 00:00:00,13.000253479175573
3589,68,2,2044-07-01 00:00:00,13.212179843334415
3590,68,2,2045-07-01 00:00:00,13.485184536187717
3591,68,2,2046-07-01 00:00:00,13.64070917320019
3592,68,2,2047-07-01 00:00:00,13.65775237980214
3593,68,2,2048-07-01 00:00:00,13.74202792952735
3594,68,2,2049-07-01 00:00:00,13.868208929872026
3595,68,2,2050-07-01 00:00:00,14.032804756044744
3596,68,2,2051-07-01 00:00:00,14.303786521832027
3597,68,2,2052-07-01 00:00:00,14.580001105909435
3598,68,2,2053-07-01 00:00:00,14.861549557095433
3599,68,3,2022-07-01 00:00:00,16.58688537011242
3600,68,3,2023-07-01 00:00:00,16.04160737484024
3601,68,3,2024-07-01 00:00:00,15.533585712476848
3602,68,3,2025-07-01 00:00:00,13.64024447433477
3603,68,3,2026-07-01 00:00:00,10.820006943424923
3604,68,3,2027-07-01 00:00:00,9.790166517473931
3605,68,3,2028-07-01 00:00:00,9.646271522080342
3606,68,3,2029-07-01 00:00:00,9.564426601917239
3607,68,3,2030-07-01 00:00:00,9.412540933871298
3608,68,3,2031-07-01 00:00:00,9.131509541667882
3609,68,3,2032-07-01 00:00:00,8.93598907268873
3610,68,3,2033-07-01 00:00:00,8.966827254089178
3611,68,3,2034-07-01 00:00:00,9.04236547118779
3612,68,3,2035-07-01 00:00:00,9.13672631675476
3613,68,3,2036-07-01 00:00:00,9.18462681167596
3614,68,3,2037-07-01 00:00:00,9.25142713841019
3615,68,3,2038-07-01 00:00:00,9.382805879912386
3616,68,3,2039-07-01 00:00:00,9.426872326354564
3617,68,3,2040-07-01 00:00:00,9.504257925488584
3618,68,3,2041-07-01 00:00:00,9.648999141895896
3619,68,3,2042-07-01 00:00:00,9.77441357819946
3620,68,3,2043-07-01 00:00:00,9.926558577178742
3621,68,3,2044-07-01 00:00:00,10.048165770068852
3622,68,3,2045-07-01 00:00:00,10.153920547796856
3623,68,3,2046-07-01 00:00:00,10.239267232931745
3624,68,3,2047-07-01 00:00:00,10.285459899869199
3625,68,3,2048-07-01 00:00:00,10.354234433002903
3626,68,3,2049-07-01 00:00:00,10.381119880334952
3627,68,3,2050-07-01 00:00:00,10.391008069591447
3628,68,3,2051-07-01 00:00:00,10.477818843432821
3629,68,3,2052-07-01 00:00:00,10.565354870339586
3630,68,3,2053-07-01 00:00:00,10.653622209375442
3631,69,1,2022-07-01 00:00:00,19.64529615505406
3632,69,1,2023-07-01 00:00:00,19.215867762107315
3633,69,1,2024-07-01 00:00:00,17.408048565952456
3634,69,1,2025-07-01 00:00:00,14.93943850442202
3635,69,1,2026-07-01 00:00:00,13.792817955844907
3636,69,1,2027-07-01 00:00:00,13.551537799993724
3637,69,1,2028-07-01 00:00:00,13.304233475849873
3638,69,1,2029-07-01 00:00:00,13.263209261338313
3639,69,1,2030-07-01 00:00:00,13.399306617507982
3640,69,1,2031-07-01 00:00:00,13.48748276063685
3641,69,1,2032-07-01 00:00:00,13.691045438850676
3642,69,1,2033-07-01 00:00:00,14.183173298023696
3643,69,1,2034-07-01 00:00:00,14.652964494814066
3644,69,1,2035-07-01 00:00:00,14.894036012157645
3645,69,1,2036-07-01 00:00:00,14.936223195990548
3646,69,1,2037-07-01 00:00:00,15.070095514600508
3647,69,1,2038-07-01 00:00:00,15.211065045040936
3648,69,1,2039-07-01 00:00:00,15.130375390409965
3649,69,1,2040-07-01 00:00:00,15.193742433296231
3650,69,1,2041-07-01 00:00:00,15.390928641286203
3651,69,1,2042-07-01 00:00:00,15.520520649272445
3652,69,1,2043-07-01 00:00:00,15.698357558701117
3653,69,1,2044-07-01 00:00:00,15.848919362279279
3654,69,1,2045-07-01 00:00:00,16.037360713362606
3655,69,1,2046-07-01 00:00:00,16.17711398124748
3656,69,1,2047-07-01 00:00:00,16.39680479801322
3657,69,1,2048-07-01 00:00:00,16.958910277181023
3658,69,1,2049-07-01 00:00:00,17.3508191986353
3659,69,1,2050-07-01 00:00:00,17.546597956564376
3660,69,1,2051-07-01 00:00:00,17.87513039802824
3661,69,1,2052-07-01 00:00:00,18.209814092593213
3662,69,1,2053-07-01 00:00:00,18.55076421279612
3663,69,2,2022-07-01 00:00:00,19.566736168088937
3664,69,2,2023-07-01 00:00:00,19.16995829747229
3665,69,2,2024-07-01 00:00:00,17.835925830183463
3666,69,2,2025-07-01 00:00:00,15.33298344491579
3667,69,2,2026-07-01 00:00:00,13.437613112769707
3668,69,2,2027-07-01 00:00:00,12.721838456525678
3669,69,2,2028-07-01 00:00:00,12.250280536170376
3670,69,2,2029-07-01 00:00:00,12.136545117339905
3671,69,2,2030-07-01 00:00:00,12.14266092289384
3672,69,2,2031-07-01 00:00:00,12.227610241411798
3673,69,2,2032-07-01 00:00:00,12.369281625593082
3674,69,2,2033-07-01 00:00:00,12.532004616367237
3675,69,2,2034-07-01 00:00:00,12.69619665313797
3676,69,2,2035-07-01 00:00:00,12.819751630021507
3677,69,2,2036-07-01 00:00:00,12.86840550628815
3678,69,2,2037-07-01 00:00:00,12.989038193417212
3679,69,2,2038-07-01 00:00:00,13.132531441046535
3680,69,2,2039-07-01 00:00:00,13.319195474577722
3681,69,2,2040-07-01 00:00:00,13.558188358299534
3682,69,2,2041-07-01 00:00:00,13.722835718921282
3683,69,2,2042-07-01 00:00:00,13.684472837167235
3684,69,2,2043-07-01 00:00:00,13.588464230685386
3685,69,2,2044-07-01 00:00:00,13.707492820775188
3686,69,2,2045-07-01 00:00:00,13.88939528426137
3687,69,2,2046-07-01 00:00:00,13.9749640739884
3688,69,2,2047-07-01 00:00:00,13.96730237980214
3689,69,2,2048-07-01 00:00:00,14.04230167952735
3690,69,2,2049-07-01 00:00:00,14.062187167145407
3691,69,2,2050-07-01 00:00:00,14.02308373647763
3692,69,2,2051-07-01 00:00:00,14.087692620449495
3693,69,2,2052-07-01 00:00:00,14.152599178454157
3694,69,2,2053-07-01 00:00:00,14.217804781972198
3695,69,3,2022-07-01 00:00:00,19.106027691344746
3696,69,3,2023-07-01 00:00:00,18.375488922232748
3697,69,3,2024-07-01 00:00:00,17.737378864240107
3698,69,3,2025-07-01 00:00:00,15.496450994339785
3699,69,3,2026-07-01 00:00:00,12.44531165942336
3700,69,3,2027-07-01 00:00:00,11.60965503082757
3701,69,3,2028-07-01 00:00:00,11.465407295463802
3702,69,3,2029-07-01 00:00:00,11.374023447517846
3703,69,3,2030-07-01 00:00:00,11.241585338320949
3704,69,3,2031-07-01 00:00:00,10.973879122755035
3705,69,3,2032-07-01 00:00:00,10.794983380561906
3706,69,3,2033-07-01 00:00:00,10.832161020702241
3707,69,3,2034-07-01 00:00:00,10.920066484478241
3708,69,3,2035-07-01 00:00:00,11.029011823399983
3709,69,3,2036-07-01 00:00:00,11.077029564998575
3710,69,3,2037-07-01 00:00:00,11.143947138410201
3711,69,3,2038-07-01 00:00:00,11.263477215809086
3712,69,3,2039-07-01 00:00:00,11.270932924063139
3713,69,3,2040-07-01 00:00:00,11.315109546208625
3714,69,3,2041-07-01 00:00:00,11.444295092794672
3715,69,3,2042-07-01 00:00:00,11.549484186613858
3716,69,3,2043-07-01 00:00:00,11.624482854170713
3717,69,3,2044-07-01 00:00:00,11.670468738152012
3718,69,3,2045-07-01 00:00:00,11.761535145610242
3719,69,3,2046-07-01 00:00:00,11.887192552418494
3720,69,3,2047-07-01 00:00:00,11.99387483463839
3721,69,3,2048-07-01 00:00:00,12.047129658254171
3722,69,3,2049-07-01 00:00:00,12.033093983533053
3723,69,3,2050-07-01 00:00:00,12.036391866286483
3724,69,3,2051-07-01 00:00:00,12.128752589916694
3725,69,3,2052-07-01 00:00:00,12.221822039497694
3726,69,3,2053-07-01 00:00:00,12.315605653406895
3727,70,1,2022-07-01 00:00:00,17.6415514888131
3728,70,1,2023-07-01 00:00:00,17.43761291245508
3729,70,1,2024-07-01 00:00:00,16.400115199948658
3730,70,1,2025-07-01 00:00:00,14.13003865361408
3731,70,1,2026-07-01 00:00:00,12.649984378024305
3732,70,1,2027-07-01 00:00:00,12.51534591555591
3733,70,1,2028-07-01 00:00:00,12.462839486883187
3734,70,1,2029-07-01 00:00:00,12.450401234386764
3735,70,1,2030-07-01 00:00:00,12.466654048354801
3736,70,1,2031-07-01 00:00:00,12.353701392122474
3737,70,1,2032-07-01 00:00:00,12.40464149364972
3738,70,1,2033-07-01 00:00:00,12.890920485644513
3739,70,1,2034-07-01 00:00:00,13.372042653138227
3740,70,1,2035-07-01 00:00:00,13.641699827939874
3741,70,1,2036-07-01 00:00:00,13.703588732629267
3742,70,1,2037-07-01 00:00:00,13.863724348945118
3743,70,1,2038-07-01 00:00:00,14.016542543488853
3744,70,1,2039-07-01 00:00:00,14.000226939836157
3745,70,1,2040-07-01 00:00:00,14.150672419301735
3746,70,1,2041-07-01 00:00:00,14.36743079076871
3747,70,1,2042-07-01 00:00:00,14.549917273940672
3748,70,1,2043-07-01 00:00:00,14.81793532782666
3749,70,1,2044-07-01 00:00:00,14.996700077768756
3750,70,1,2045-07-01 00:00:00,15.103039218845083
3751,70,1,2046-07-01 00:00:00,15.145675893599584
3752,70,1,2047-07-01 00:00:00,15.137966366428355
3753,70,1,2048-07-01 00:00:00,15.740460458047165
3754,70,1,2049-07-01 00:00:00,16.3669326956501
3755,70,1,2050-07-01 00:00:00,16.54072415427946
3756,70,1,2051-07-01 00:00:00,16.839381777271523
3757,70,1,2052-07-01 00:00:00,17.14343193174766
3758,70,1,2053-07-01 00:00:00,17.452971984704615
3759,70,2,2022-07-01 00:00:00,17.85797332512428
3760,70,2,2023-07-01 00:00:00,17.54832253612409
3761,70,2,2024-07-01 00:00:00,16.6777490256192
3762,70,2,2025-07-01 00:00:00,14.369531952231448
3763,70,2,2026-07-01 00:00:00,12.273726943420094
3764,70,2,2027-07-01 00:00:00,11.731454025861497
3765,70,2,2028-07-01 00:00:00,11.42346143119407
3766,70,2,2029-07-01 00:00:00,11.27222622844491
3767,70,2,2030-07-01 00:00:00,11.236055369582953
3768,70,2,2031-07-01 00:00:00,11.239579550082862
3769,70,2,2032-07-01 00:00:00,11.30699667118441
3770,70,2,2033-07-01 00:00:00,11.407982611230524
3771,70,2,2034-07-01 00:00:00,11.56005481239996
3772,70,2,2035-07-01 00:00:00,11.642131472910346
3773,70,2,2036-07-01 00:00:00,11.621401600048276
3774,70,2,2037-07-01 00:00:00,11.749527809937062
3775,70,2,2038-07-01 00:00:00,11.922554866750609
3776,70,2,2039-07-01 00:00:00,12.173473815600767
3777,70,2,2040-07-01 00:00:00,12.493806846926894
3778,70,2,2041-07-01 00:00:00,12.704686997084302
3779,70,2,2042-07-01 00:00:00,12.695206593284796
3780,70,2,2043-07-01 00:00:00,12.634339095612305
3781,70,2,2044-07-01 00:00:00,12.805139835869289
3782,70,2,2045-07-01 00:00:00,13.059074763308582
3783,70,2,2046-07-01 00:00:00,13.194307828193242
3784,70,2,2047-07-01 00:00:00,13.190494984717148
3785,70,2,2048-07-01 00:00:00,13.229455420188286
3786,70,2,2049-07-01 00:00:00,13.229775768542059
3787,70,2,2050-07-01 00:00:00,13.202460497219384
3788,70,2,2051-07-01 00:00:00,13.272777432137715
3789,70,2,2052-07-01 00:00:00,13.343468878408483
3790,70,2,2053-07-01 00:00:00,13.41453683069703
3791,70,3,2022-07-01 00:00:00,17.568224328271
3792,70,3,2023-07-01 00:00:00,17.02665109050777
3793,70,3,2024-07-01 00:00:00,16.52769732451558
3794,70,3,2025-07-01 00:00:00,14.26860338504036
3795,70,3,2026-07-01 00:00:00,11.241365854541794
3796,70,3,2027-07-01 00:00:00,10.399070360590438
3797,70,3,2028-07-01 00:00:00,10.262052502950429
3798,70,3,2029-07-01 00:00:00,10.158202815566579
3799,70,3,2030-07-01 00:00:00,9.987035897214836
3800,70,3,2031-07-01 00:00:00,9.653783065758311
3801,70,3,2032-07-01 00:00:00,9.419869594250489
3802,70,3,2033-07-01 00:00:00,9.450707775650937
3803,70,3,2034-07-01 00:00:00,9.526245992749555
3804,70,3,2035-07-01 00:00:00,9.620606838316526
3805,70,3,2036-07-01 00:00:00,9.668507333237724
3806,70,3,2037-07-01 00:00:00,9.735307659971959
3807,70,3,2038-07-01 00:00:00,9.866686401474151
3808,70,3,2039-07-01 00:00:00,9.90499236551678
3809,70,3,2040-07-01 00:00:00,9.976617482251253
3810,70,3,2041-07-01 00:00:00,10.121358698658565
3811,70,3,2042-07-01 00:00:00,10.243475547183033
3812,70,3,2043-07-01 00:00:00,10.346197958383222
3813,70,3,2044-07-01 00:00:00,10.421680151273339
3814,70,3,2045-07-01 00:00:00,10.527434929001338
3815,70,3,2046-07-01 00:00:00,10.648218016639575
3816,70,3,2047-07-01 00:00:00,10.743833271356124
3817,70,3,2048-07-01 00:00:00,10.814190149689598
3818,70,3,2049-07-01 00:00:00,10.83303776367504
3819,70,3,2050-07-01 00:00:00,10.85505129754252
3820,70,3,2051-07-01 00:00:00,10.957500815493049
3821,70,3,2052-07-01 00:00:00,11.06091724768844
3822,70,3,2053-07-01 00:00:00,11.165309719824698
3823,71,1,2022-07-01 00:00:00,18.71637424858907
3824,71,1,2023-07-01 00:00:00,18.448354983354225
3825,71,1,2024-07-01 00:00:00,17.02356150213611
3826,71,1,2025-07-01 00:00:00,14.312030160427522
3827,71,1,2026-07-01 00:00:00,12.698123910472573
3828,71,1,2027-07-01 00:00:00,12.537343448309652
3829,71,1,2028-07-01 00:00:00,12.518080359697176
3830,71,1,2029-07-01 00:00:00,12.5910914754663
3831,71,1,2030-07-01 00:00:00,12.66514868882811
3832,71,1,2031-07-01 00:00:00,12.557133035939867
3833,71,1,2032-07-01 00:00:00,12.54737636146237
3834,71,1,2033-07-01 00:00:00,13.017772892798257
3835,71,1,2034-07-01 00:00:00,13.568085048271687
3836,71,1,2035-07-01 00:00:00,13.923972286375307
3837,71,1,2036-07-01 00:00:00,14.082771246967658
3838,71,1,2037-07-01 00:00:00,14.374185652299534
3839,71,1,2038-07-01 00:00:00,14.622194382595012
3840,71,1,2039-07-01 00:00:00,14.672243411380123
3841,71,1,2040-07-01 00:00:00,14.894260121287676
3842,71,1,2041-07-01 00:00:00,15.196667054395105
3843,71,1,2042-07-01 00:00:00,15.435129162973677
3844,71,1,2043-07-01 00:00:00,15.716390833545276
3845,71,1,2044-07-01 00:00:00,15.924528444699702
3846,71,1,2045-07-01 00:00:00,16.05733494930152
3847,71,1,2046-07-01 00:00:00,16.156496271018128
3848,71,1,2047-07-01 00:00:00,16.393854368154607
3849,71,1,2048-07-01 00:00:00,16.898839604774906
3850,71,1,2049-07-01 00:00:00,17.19949503287009
3851,71,1,2050-07-01 00:00:00,17.34882479179982
3852,71,1,2051-07-01 00:00:00,17.62835896413882
3853,71,1,2052-07-01 00:00:00,17.91239715069451
3854,71,1,2053-07-01 00:00:00,18.20101192271604
3855,71,2,2022-07-01 00:00:00,18.929408209089548
3856,71,2,2023-07-01 00:00:00,18.631477013943126
3857,71,2,2024-07-01 00:00:00,17.53944219870715
3858,71,2,2025-07-01 00:00:00,14.754579709762499
3859,71,2,2026-07-01 00:00:00,12.505976034219922
3860,71,2,2027-07-01 00:00:00,12.024761394259368
3861,71,2,2028-07-01 00:00:00,11.736988842077988
3862,71,2,2029-07-01 00:00:00,11.676934180839297
3863,71,2,2030-07-01 00:00:00,11.66407569739588
3864,71,2,2031-07-01 00:00:00,11.622886534234475
3865,71,2,2032-07-01 00:00:00,11.670641449519227
3866,71,2,2033-07-01 00:00:00,11.780862214043088
3867,71,2,2034-07-01 00:00:00,11.973451438672805
3868,71,2,2035-07-01 00:00:00,12.077665238508565
3869,71,2,2036-07-01 00:00:00,12.035786283388639
3870,71,2,2037-07-01 00:00:00,12.145561608955799
3871,71,2,2038-07-01 00:00:00,12.30523121716698
3872,71,2,2039-07-01 00:00:00,12.617823465604982
3873,71,2,2040-07-01 00:00:00,13.023309834778267
3874,71,2,2041-07-01 00:00:00,13.331310179449606
3875,71,2,2042-07-01 00:00:00,13.467682034398626
3876,71,2,2043-07-01 00:00:00,13.512753479175572
3877,71,2,2044-07-01 00:00:00,13.724679843334414
3878,71,2,2045-07-01 00:00:00,13.997684536187716
3879,71,2,2046-07-01 00:00:00,14.153209173200189
3880,71,2,2047-07-01 00:00:00,14.17025237980214
3881,71,2,2048-07-01 00:00:00,14.254527929527349
3882,71,2,2049-07-01 00:00:00,14.293535731083532
3883,71,2,2050-07-01 00:00:00,14.285321867703004
3884,71,2,2051-07-01 00:00:00,14.382770511084157
3885,71,2,2052-07-01 00:00:00,14.480883909392414
3886,71,2,2053-07-01 00:00:00,14.57966659731495
3887,71,3,2022-07-01 00:00:00,18.629130723486103
3888,71,3,2023-07-01 00:00:00,17.934779237387367
3889,71,3,2024-07-01 00:00:00,17.367245546466567
3890,71,3,2025-07-01 00:00:00,14.8518551224642
3891,71,3,2026-07-01 00:00:00,11.332506943424924
3892,71,3,2027-07-01 00:00:00,10.315166517473934
3893,71,3,2028-07-01 00:00:00,10.171271522080342
3894,71,3,2029-07-01 00:00:00,10.08942660191724
3895,71,3,2030-07-01 00:00:00,9.937540933871297
3896,71,3,2031-07-01 00:00:00,9.65650954166788
3897,71,3,2032-07-01 00:00:00,9.46098907268873
3898,71,3,2033-07-01 00:00:00,9.491827254089177
3899,71,3,2034-07-01 00:00:00,9.567365471187788
3900,71,3,2035-07-01 00:00:00,9.661726316754763
3901,71,3,2036-07-01 00:00:00,9.70962681167596
3902,71,3,2037-07-01 00:00:00,9.77642713841019
3903,71,3,2038-07-01 00:00:00,9.907805879912388
3904,71,3,2039-07-01 00:00:00,9.945622326354563
3905,71,3,2040-07-01 00:00:00,10.016757925488584
3906,71,3,2041-07-01 00:00:00,10.161499141895895
3907,71,3,2042-07-01 00:00:00,10.28691357819946
3908,71,3,2043-07-01 00:00:00,10.439058577178741
3909,71,3,2044-07-01 00:00:00,10.560665770068852
3910,71,3,2045-07-01 00:00:00,10.666420547796855
3911,71,3,2046-07-01 00:00:00,10.751767232931744
3912,71,3,2047-07-01 00:00:00,10.797959899869198
3913,71,3,2048-07-01 00:00:00,10.866734433002904
3914,71,3,2049-07-01 00:00:00,10.889818998733606
3915,71,3,2050-07-01 00:00:00,10.895837818012243
3916,71,3,2051-07-01 00:00:00,10.98249372458313
3917,71,3,2052-07-01 00:00:00,11.06983881598487
3918,71,3,2053-07-01 00:00:00,11.157878573387185
3919,72,1,2022-07-01 00:00:00,19.053385236898027
3920,72,1,2023-07-01 00:00:00,18.582875270619517
3921,72,1,2024-07-01 00:00:00,16.861645499524286
3922,72,1,2025-07-01 00:00:00,14.402223469067732
3923,72,1,2026-07-01 00:00:00,13.162484378024306
3924,72,1,2027-07-01 00:00:00,13.04034591555591
3925,72,1,2028-07-01 00:00:00,12.987839486883189
3926,72,1,2029-07-01 00:00:00,12.975401234386762
3927,72,1,2030-07-01 00:00:00,12.9916540483548
3928,72,1,2031-07-01 00:00:00,12.878701392122476
3929,72,1,2032-07-01 00:00:00,12.92964149364972
3930,72,1,2033-07-01 00:00:00,13.415920485644513
3931,72,1,2034-07-01 00:00:00,13.897042653138225
3932,72,1,2035-07-01 00:00:00,14.166699827939873
3933,72,1,2036-07-01 00:00:00,14.228588732629268
3934,72,1,2037-07-01 00:00:00,14.388724348945118
3935,72,1,2038-07-01 00:00:00,14.541542543488852
3936,72,1,2039-07-01 00:00:00,14.518976939836156
3937,72,1,2040-07-01 00:00:00,14.663172419301736
3938,72,1,2041-07-01 00:00:00,14.87993079076871
3939,72,1,2042-07-01 00:00:00,15.062417273940671
3940,72,1,2043-07-01 00:00:00,15.33043532782666
3941,72,1,2044-07-01 00:00:00,15.509200077768755
3942,72,1,2045-07-01 00:00:00,15.615539218845083
3943,72,1,2046-07-01 00:00:00,15.658175893599584
3944,72,1,2047-07-01 00:00:00,15.650466366428354
3945,72,1,2048-07-01 00:00:00,16.252960458047166
3946,72,1,2049-07-01 00:00:00,16.87543791321229
3947,72,1,2050-07-01 00:00:00,17.04490142777496
3948,72,1,2051-07-01 00:00:00,17.342801285163578
3949,72,1,2052-07-01 00:00:00,17.645907645236193
3950,72,1,2053-07-01 00:00:00,17.954311503908134
3951,72,2,2022-07-01 00:00:00,19.01567396841441
3952,72,2,2023-07-01 00:00:00,18.55967821227034
3953,72,2,2024-07-01 00:00:00,17.179195358916303
3954,72,2,2025-07-01 00:00:00,14.688472931027366
3955,72,2,2026-07-01 00:00:00,12.786226943420093
3956,72,2,2027-07-01 00:00:00,12.256454025861498
3957,72,2,2028-07-01 00:00:00,11.948461431194069
3958,72,2,2029-07-01 00:00:00,11.797226228444911
3959,72,2,2030-07-01 00:00:00,11.761055369582952
3960,72,2,2031-07-01 00:00:00,11.76457955008286
3961,72,2,2032-07-01 00:00:00,11.83199667118441
3962,72,2,2033-07-01 00:00:00,11.932982611230525
3963,72,2,2034-07-01 00:00:00,12.08505481239996
3964,72,2,2035-07-01 00:00:00,12.167131472910347
3965,72,2,2036-07-01 00:00:00,12.146401600048275
3966,72,2,2037-07-01 00:00:00,12.274527809937062
3967,72,2,2038-07-01 00:00:00,12.447554866750611
3968,72,2,2039-07-01 00:00:00,12.698473815600767
3969,72,2,2040-07-01 00:00:00,13.018806846926896
3970,72,2,2041-07-01 00:00:00,13.229686997084302
3971,72,2,2042-07-01 00:00:00,13.213956593284795
3972,72,2,2043-07-01 00:00:00,13.146839095612304
3973,72,2,2044-07-01 00:00:00,13.31763983586929
3974,72,2,2045-07-01 00:00:00,13.571574763308583
3975,72,2,2046-07-01 00:00:00,13.706807828193242
3976,72,2,2047-07-01 00:00:00,13.702994984717147
3977,72,2,2048-07-01 00:00:00,13.741955420188285
3978,72,2,2049-07-01 00:00:00,13.809612943259047
3979,72,2,2050-07-01 00:00:00,13.922187240866489
3980,72,2,2051-07-01 00:00:00,14.13909891716684
3981,72,2,2052-07-01 00:00:00,14.359390139690888
3982,72,2,2053-07-01 00:00:00,14.583113562739552
3983,72,3,2022-07-01 00:00:00,18.54698041813619
3984,72,3,2023-07-01 00:00:00,17.622392174858007
3985,72,3,2024-07-01 00:00:00,16.107345069541246
3986,72,3,2025-07-01 00:00:00,13.991888090648382
3987,72,3,2026-07-01 00:00:00,11.753865854541793
3988,72,3,2027-07-01 00:00:00,10.924070360590438
3989,72,3,2028-07-01 00:00:00,10.787052502950427
3990,72,3,2029-07-01 00:00:00,10.683202815566577
3991,72,3,2030-07-01 00:00:00,10.512035897214837
3992,72,3,2031-07-01 00:00:00,10.17878306575831
3993,72,3,2032-07-01 00:00:00,9.944869594250488
3994,72,3,2033-07-01 00:00:00,9.975707775650935
3995,72,3,2034-07-01 00:00:00,10.051245992749553
3996,72,3,2035-07-01 00:00:00,10.145606838316525
3997,72,3,2036-07-01 00:00:00,10.193507333237724
3998,72,3,2037-07-01 00:00:00,10.260307659971959
3999,72,3,2038-07-01 00:00:00,10.391686401474152
4000,72,3,2039-07-01 00:00:00,10.423742365516778
4001,72,3,2040-07-01 00:00:00,10.489117482251253
4002,72,3,2041-07-01 00:00:00,10.633858698658564
4003,72,3,2042-07-01 00:00:00,10.755975547183033
4004,72,3,2043-07-01 00:00:00,10.858697958383221
4005,72,3,2044-07-01 00:00:00,10.934180151273338
4006,72,3,2045-07-01 00:00:00,11.039934929001337
4007,72,3,2046-07-01 00:00:00,11.160718016639574
4008,72,3,2047-07-01 00:00:00,11.256333271356123
4009,72,3,2048-07-01 00:00:00,11.326690149689597
4010,72,3,2049-07-01 00:00:00,11.34172261608889
4011,72,3,2050-07-01 00:00:00,11.359833203172993
4012,72,3,2051-07-01 00:00:00,11.46208405897829
4013,72,3,2052-07-01 00:00:00,11.565255283712066
4014,72,3,2053-07-01 00:00:00,11.669355161695837
4015,73,1,2022-07-01 00:00:00,17.2221460528101
4016,73,1,2023-07-01 00:00:00,17.03080554166268
4017,73,1,2024-07-01 00:00:00,16.00571054715776
4018,73,1,2025-07-01 00:00:00,13.920022430694981
4019,73,1,2026-07-01 00:00:00,12.62159676746816
4020,73,1,2027-07-01 00:00:00,12.472370899413285
4021,73,1,2028-07-01 00:00:00,12.450955310800754
4022,73,1,2029-07-01 00:00:00,12.501515220731566
4023,73,1,2030-07-01 00:00:00,12.542674637569597
4024,73,1,2031-07-01 00:00:00,12.346837722426166
4025,73,1,2032-07-01 00:00:00,12.267701588954543
4026,73,1,2033-07-01 00:00:00,12.727655873613031
4027,73,1,2034-07-01 00:00:00,13.259530569833416
4028,73,1,2035-07-01 00:00:00,13.61337030793698
4029,73,1,2036-07-01 00:00:00,13.770121768529386
4030,73,1,2037-07-01 00:00:00,14.059436173861313
4031,73,1,2038-07-01 00:00:00,14.30539740415674
4032,73,1,2039-07-01 00:00:00,14.357258450542306
4033,73,1,2040-07-01 00:00:00,14.581059678050366
4034,73,1,2041-07-01 00:00:00,14.881467861157795
4035,73,1,2042-07-01 00:00:00,15.18217583412979
4036,73,1,2043-07-01 00:00:00,15.575632572794273
4037,73,1,2044-07-01 00:00:00,15.829268624450727
4038,73,1,2045-07-01 00:00:00,15.925727421599214
4039,73,1,2046-07-01 00:00:00,16.0032002711879
4040,73,1,2047-07-01 00:00:00,16.280494163176304
4041,73,1,2048-07-01 00:00:00,16.894158321957
4042,73,1,2049-07-01 00:00:00,17.292380836716724
4043,73,1,2050-07-01 00:00:00,17.478157658861996
4044,73,1,2051-07-01 00:00:00,17.795931199078062
4045,73,1,2052-07-01 00:00:00,18.119482237405332
4046,73,1,2053-07-01 00:00:00,18.448915815580147
4047,73,2,2022-07-01 00:00:00,17.392640170728562
4048,73,2,2023-07-01 00:00:00,17.11855130613533
4049,73,2,2024-07-01 00:00:00,16.2833443728283
4050,73,2,2025-07-01 00:00:00,14.199769732345699
4051,73,2,2026-07-01 00:00:00,12.42279195703088
4052,73,2,2027-07-01 00:00:00,11.942685275205658
4053,73,2,2028-07-01 00:00:00,11.647857751434445
4054,73,2,2029-07-01 00:00:00,11.513071651512528
4055,73,2,2030-07-01 00:00:00,11.421922280985857
4056,73,2,2031-07-01 00:00:00,11.349724758502866
4057,73,2,2032-07-01 00:00:00,11.370053530265377
4058,73,2,2033-07-01 00:00:00,11.474407735604853
4059,73,2,2034-07-01 00:00:00,11.664896960234575
4060,73,2,2035-07-01 00:00:00,11.767063260070337
4061,73,2,2036-07-01 00:00:00,11.723136804950414
4062,73,2,2037-07-01 00:00:00,11.830812130517572
4063,73,2,2038-07-01 00:00:00,11.98843423872875
4064,73,2,2039-07-01 00:00:00,12.299031487166703
4065,73,2,2040-07-01 00:00:00,13.059469877194598
4066,73,2,2041-07-01 00:00:00,13.381760181118928
4067,73,2,2042-07-01 00:00:00,13.178965504941722
4068,73,2,2043-07-01 00:00:00,13.225556230194105
4069,73,2,2044-07-01 00:00:00,13.451483566480867
4070,73,2,2045-07-01 00:00:00,13.738489231462092
4071,73,2,2046-07-01 00:00:00,13.888273868474563
4072,73,2,2047-07-01 00:00:00,13.915266774901863
4073,73,2,2048-07-01 00:00:00,14.291228537674272
4074,73,2,2049-07-01 00:00:00,14.664998666184323
4075,73,2,2050-07-01 00:00:00,14.775959031653073
4076,73,2,2051-07-01 00:00:00,14.99748905687068
4077,73,2,2052-07-01 00:00:00,15.222340392872098
4078,73,2,2053-07-01 00:00:00,15.450562834737296
4079,73,3,2022-07-01 00:00:00,18.894435828384637
4080,73,3,2023-07-01 00:00:00,18.194528858946423
4081,73,3,2024-07-01 00:00:00,17.62246561436119
4082,73,3,2025-07-01 00:00:00,15.163219799245386
4083,73,3,2026-07-01 00:00:00,11.727051745625811
4084,73,3,2027-07-01 00:00:00,10.943986615987512
4085,73,3,2028-07-01 00:00:00,10.934999999999999
4086,73,3,2029-07-01 00:00:00,10.634190331988645
4087,73,3,2030-07-01 00:00:00,10.304414582224087
4088,73,3,2031-07-01 00:00:00,9.935678724340761
4089,73,3,2032-07-01 00:00:00,9.681634594250488
4090,73,3,2033-07-01 00:00:00,9.71037277565094
4091,73,3,2034-07-01 00:00:00,9.783810992749558
4092,73,3,2035-07-01 00:00:00,9.876124338316526
4093,73,3,2036-07-01 00:00:00,9.921977333237722
4094,73,3,2037-07-01 00:00:00,9.986677659971958
4095,73,3,2038-07-01 00:00:00,10.116008901474158
4096,73,3,2039-07-01 00:00:00,10.149387365516784
4097,73,3,2040-07-01 00:00:00,10.216057482251259
4098,73,3,2041-07-01 00:00:00,10.358799948658575
4099,73,3,2042-07-01 00:00:00,10.482266884962135
4100,73,3,2043-07-01 00:00:00,10.63246438394141
4101,73,3,2044-07-01 00:00:00,10.752124076831528
4102,73,3,2045-07-01 00:00:00,10.855931354559532
4103,73,3,2046-07-01 00:00:00,10.935538039694421
4104,73,3,2047-07-01 00:00:00,10.972300706631875
4105,73,3,2048-07-01 00:00:00,11.031850239765571
4106,73,3,2049-07-01 00:00:00,11.045898023060868
4107,73,3,2050-07-01 00:00:00,11.04408588826404
4108,73,3,2051-07-01 00:00:00,11.123975632408666
4109,73,3,2052-07-01 00:00:00,11.204443276008627
4110,73,3,2053-07-01 00:00:00,11.28549299942254
4111,74,1,2022-07-01 00:00:00,16.627766798042217
4112,74,1,2023-07-01 00:00:00,16.426338016263827
4113,74,1,2024-07-01 00:00:00,15.39787276706206
4114,74,1,2025-07-01 00:00:00,13.41405466717044
4115,74,1,2026-07-01 00:00:00,12.185623910472573
4116,74,1,2027-07-01 00:00:00,12.012343448309654
4117,74,1,2028-07-01 00:00:00,11.993080359697174
4118,74,1,2029-07-01 00:00:00,12.066091475466301
4119,74,1,2030-07-01 00:00:00,12.14014868882811
4120,74,1,2031-07-01 00:00:00,12.032133035939868
4121,74,1,2032-07-01 00:00:00,12.02237636146237
4122,74,1,2033-07-01 00:00:00,12.492772892798257
4123,74,1,2034-07-01 00:00:00,13.043085048271688
4124,74,1,2035-07-01 00:00:00,13.398972286375306
4125,74,1,2036-07-01 00:00:00,13.557771246967658
4126,74,1,2037-07-01 00:00:00,13.849185652299532
4127,74,1,2038-07-01 00:00:00,14.097194382595013
4128,74,1,2039-07-01 00:00:00,14.153493411380122
4129,74,1,2040-07-01 00:00:00,14.381760121287675
4130,74,1,2041-07-01 00:00:00,14.684167054395104
4131,74,1,2042-07-01 00:00:00,14.922629162973676
4132,74,1,2043-07-01 00:00:00,15.203890833545275
4133,74,1,2044-07-01 00:00:00,15.412028444699702
4134,74,1,2045-07-01 00:00:00,15.54483494930152
4135,74,1,2046-07-01 00:00:00,15.643996271018128
4136,74,1,2047-07-01 00:00:00,15.881354368154604
4137,74,1,2048-07-01 00:00:00,16.386339604774903
4138,74,1,2049-07-01 00:00:00,16.69095252971624
4139,74,1,2050-07-01 00:00:00,16.844521747043828
4140,74,1,2051-07-01 00:00:00,17.124696689971927
4141,74,1,2052-07-01 00:00:00,17.40953178293715
4142,74,1,2053-07-01 00:00:00,17.699104538218577
4143,74,2,2022-07-01 00:00:00,16.86290176162938
4144,74,2,2023-07-01 00:00:00,16.55054438774495
4145,74,2,2024-07-01 00:00:00,15.68378696108082
4146,74,2,2025-07-01 00:00:00,13.69660387460426
4147,74,2,2026-07-01 00:00:00,11.99347603421992
4148,74,2,2027-07-01 00:00:00,11.49976139425937
4149,74,2,2028-07-01 00:00:00,11.211988842077988
4150,74,2,2029-07-01 00:00:00,11.151934180839296
4151,74,2,2030-07-01 00:00:00,11.139075697395882
4152,74,2,2031-07-01 00:00:00,11.097886534234473
4153,74,2,2032-07-01 00:00:00,11.145641449519228
4154,74,2,2033-07-01 00:00:00,11.255862214043088
4155,74,2,2034-07-01 00:00:00,11.448451438672805
4156,74,2,2035-07-01 00:00:00,11.552665238508567
4157,74,2,2036-07-01 00:00:00,11.51078628338864
4158,74,2,2037-07-01 00:00:00,11.620561608955798
4159,74,2,2038-07-01 00:00:00,11.780231217166982
4160,74,2,2039-07-01 00:00:00,12.092823465604981
4161,74,2,2040-07-01 00:00:00,12.498309834778269
4162,74,2,2041-07-01 00:00:00,12.806310179449607
4163,74,2,2042-07-01 00:00:00,12.948932034398627
4164,74,2,2043-07-01 00:00:00,13.000253479175573
4165,74,2,2044-07-01 00:00:00,13.212179843334415
4166,74,2,2045-07-01 00:00:00,13.485184536187717
4167,74,2,2046-07-01 00:00:00,13.64070917320019
4168,74,2,2047-07-01 00:00:00,13.65775237980214
4169,74,2,2048-07-01 00:00:00,13.74202792952735
4170,74,2,2049-07-01 00:00:00,13.784822654984062
4171,74,2,2050-07-01 00:00:00,13.780445347058143
4172,74,2,2051-07-01 00:00:00,13.878006136070013
4173,74,2,2052-07-01 00:00:00,13.976257621740295
4174,74,2,2053-07-01 00:00:00,14.075204693962547
4175,74,3,2022-07-01 00:00:00,16.58688537011242
4176,74,3,2023-07-01 00:00:00,16.04160737484024
4177,74,3,2024-07-01 00:00:00,15.533585712476848
4178,74,3,2025-07-01 00:00:00,13.64024447433477
4179,74,3,2026-07-01 00:00:00,10.820006943424923
4180,74,3,2027-07-01 00:00:00,9.790166517473931
4181,74,3,2028-07-01 00:00:00,9.646271522080342
4182,74,3,2029-07-01 00:00:00,9.564426601917239
4183,74,3,2030-07-01 00:00:00,9.412540933871298
4184,74,3,2031-07-01 00:00:00,9.131509541667882
4185,74,3,2032-07-01 00:00:00,8.93598907268873
4186,74,3,2033-07-01 00:00:00,8.966827254089178
4187,74,3,2034-07-01 00:00:00,9.04236547118779
4188,74,3,2035-07-01 00:00:00,9.13672631675476
4189,74,3,2036-07-01 00:00:00,9.18462681167596
4190,74,3,2037-07-01 00:00:00,9.25142713841019
4191,74,3,2038-07-01 00:00:00,9.382805879912386
4192,74,3,2039-07-01 00:00:00,9.426872326354564
4193,74,3,2040-07-01 00:00:00,9.504257925488584
4194,74,3,2041-07-01 00:00:00,9.648999141895896
4195,74,3,2042-07-01 00:00:00,9.77441357819946
4196,74,3,2043-07-01 00:00:00,9.926558577178742
4197,74,3,2044-07-01 00:00:00,10.048165770068852
4198,74,3,2045-07-01 00:00:00,10.153920547796856
4199,74,3,2046-07-01 00:00:00,10.239267232931745
4200,74,3,2047-07-01 00:00:00,10.285459899869199
4201,74,3,2048-07-01 00:00:00,10.354234433002903
4202,74,3,2049-07-01 00:00:00,10.381119880334952
4203,74,3,2050-07-01 00:00:00,10.391008069591447
4204,74,3,2051-07-01 00:00:00,10.477818843432821
4205,74,3,2052-07-01 00:00:00,10.565354870339586
4206,74,3,2053-07-01 00:00:00,10.653622209375442
4207,75,1,2022-07-01 00:00:00,17.78667598365162
4208,75,1,2023-07-01 00:00:00,17.075984585896506
4209,75,1,2024-07-01 00:00:00,15.821040824934506
4210,75,1,2025-07-01 00:00:00,14.33813248406066
4211,75,1,2026-07-01 00:00:00,13.38573784438605
4212,75,1,2027-07-01 00:00:00,13.3355093619816
4213,75,1,2028-07-01 00:00:00,13.2849137001867
4214,75,1,2029-07-01 00:00:00,13.23887305291585
4215,75,1,2030-07-01 00:00:00,13.23852864058695
4216,75,1,2031-07-01 00:00:00,13.242342025862701
4217,75,1,2032-07-01 00:00:00,13.324959655923749
4218,75,1,2033-07-01 00:00:00,13.56587558967925
4219,75,1,2034-07-01 00:00:00,13.721595417815
4220,75,1,2035-07-01 00:00:00,13.7467939505244
4221,75,1,2036-07-01 00:00:00,13.7467939505244
4222,75,1,2037-07-01 00:00:00,13.8717939505244
4223,75,1,2038-07-01 00:00:00,13.9967939505244
4224,75,1,2039-07-01 00:00:00,13.9967939505244
4225,75,1,2040-07-01 00:00:00,14.1217939505244
4226,75,1,2041-07-01 00:00:00,14.2467939505244
4227,75,1,2042-07-01 00:00:00,14.2467939505244
4228,75,1,2043-07-01 00:00:00,14.2467939505244
4229,75,1,2044-07-01 00:00:00,14.2467939505244
4230,75,1,2045-07-01 00:00:00,14.2467939505244
4231,75,1,2046-07-01 00:00:00,14.2467939505244
4232,75,1,2047-07-01 00:00:00,14.2467939505244
4233,75,1,2048-07-01 00:00:00,14.2467939505244
4234,75,1,2049-07-01 00:00:00,14.2467939505244
4235,75,1,2050-07-01 00:00:00,14.2467939505244
4236,75,1,2051-07-01 00:00:00,14.2467939505244
4237,75,1,2052-07-01 00:00:00,14.2467939505244
4238,75,1,2053-07-01 00:00:00,14.2467939505244
4239,75,2,2022-07-01 00:00:00,17.731394666308788
4240,75,2,2023-07-01 00:00:00,17.017332913445244
4241,75,2,2024-07-01 00:00:00,15.371398100346855
4242,75,2,2025-07-01 00:00:00,13.668159495318205
4243,75,2,2026-07-01 00:00:00,12.39679395052441
4244,75,2,2027-07-01 00:00:00,11.89679395052442
4245,75,2,2028-07-01 00:00:00,11.89679395052442
4246,75,2,2029-07-01 00:00:00,11.89679395052442
4247,75,2,2030-07-01 00:00:00,11.89679395052442
4248,75,2,2031-07-01 00:00:00,11.89679395052442
4249,75,2,2032-07-01 00:00:00,12.02179395052441
4250,75,2,2033-07-01 00:00:00,12.1467939505244
4251,75,2,2034-07-01 00:00:00,12.1467939505244
4252,75,2,2035-07-01 00:00:00,12.1467939505244
4253,75,2,2036-07-01 00:00:00,12.1467939505244
4254,75,2,2037-07-01 00:00:00,12.2717939505244
4255,75,2,2038-07-01 00:00:00,12.3967939505244
4256,75,2,2039-07-01 00:00:00,12.3967939505244
4257,75,2,2040-07-01 00:00:00,12.5217939505244
4258,75,2,2041-07-01 00:00:00,12.6467939505244
4259,75,2,2042-07-01 00:00:00,12.6467939505244
4260,75,2,2043-07-01 00:00:00,12.6467939505244
4261,75,2,2044-07-01 00:00:00,12.6467939505244
4262,75,2,2045-07-01 00:00:00,12.6467939505244
4263,75,2,2046-07-01 00:00:00,12.6467939505244
4264,75,2,2047-07-01 00:00:00,12.6467939505244
4265,75,2,2048-07-01 00:00:00,12.6467939505244
4266,75,2,2049-07-01 00:00:00,12.6467939505244
4267,75,2,2050-07-01 00:00:00,12.6467939505244
4268,75,2,2051-07-01 00:00:00,12.6467939505244
4269,75,2,2052-07-01 00:00:00,12.6467939505244
4270,75,2,2053-07-01 00:00:00,12.6467939505244
4271,75,3,2022-07-01 00:00:00,16.30281120764067
4272,75,3,2023-07-01 00:00:00,15.452903520570903
4273,75,3,2024-07-01 00:00:00,14.169948920107196
4274,75,3,2025-07-01 00:00:00,12.816847978618839
4275,75,3,2026-07-01 00:00:00,10.896793950524419
4276,75,3,2027-07-01 00:00:00,9.896793950524419
4277,75,3,2028-07-01 00:00:00,9.896793950524419
4278,75,3,2029-07-01 00:00:00,9.896793950524419
4279,75,3,2030-07-01 00:00:00,9.896793950524419
4280,75,3,2031-07-01 00:00:00,9.896793950524419
4281,75,3,2032-07-01 00:00:00,10.021793950524419
4282,75,3,2033-07-01 00:00:00,10.14679395052442
4283,75,3,2034-07-01 00:00:00,10.14679395052442
4284,75,3,2035-07-01 00:00:00,10.14679395052442
4285,75,3,2036-07-01 00:00:00,10.14679395052442
4286,75,3,2037-07-01 00:00:00,10.27179395052442
4287,75,3,2038-07-01 00:00:00,10.39679395052442
4288,75,3,2039-07-01 00:00:00,10.39679395052442
4289,75,3,2040-07-01 00:00:00,10.52179395052442
4290,75,3,2041-07-01 00:00:00,10.64679395052442
4291,75,3,2042-07-01 00:00:00,10.64679395052442
4292,75,3,2043-07-01 00:00:00,10.64679395052442
4293,75,3,2044-07-01 00:00:00,10.64679395052442
4294,75,3,2045-07-01 00:00:00,10.64679395052442
4295,75,3,2046-07-01 00:00:00,10.64679395052442
4296,75,3,2047-07-01 00:00:00,10.64679395052442
4297,75,3,2048-07-01 00:00:00,10.64679395052442
4298,75,3,2049-07-01 00:00:00,10.64679395052442
4299,75,3,2050-07-01 00:00:00,10.64679395052442
4300,75,3,2051-07-01 00:00:00,10.64679395052442
4301,75,3,2052-07-01 00:00:00,10.64679395052442
4302,75,3,2053-07-01 00:00:00,10.64679395052442
4303,76,1,2022-07-01 00:00:00,14.659094329704807
4304,76,1,2023-07-01 00:00:00,14.458277803367288
4305,76,1,2024-07-01 00:00:00,13.92500150505757
4306,76,1,2025-07-01 00:00:00,12.393031488256637
4307,76,1,2026-07-01 00:00:00,11.112484378024305
4308,76,1,2027-07-01 00:00:00,10.94034591555591
4309,76,1,2028-07-01 00:00:00,10.887839486883188
4310,76,1,2029-07-01 00:00:00,10.875401234386764
4311,76,1,2030-07-01 00:00:00,10.891654048354802
4312,76,1,2031-07-01 00:00:00,10.778701392122475
4313,76,1,2032-07-01 00:00:00,10.82964149364972
4314,76,1,2033-07-01 00:00:00,11.315920485644511
4315,76,1,2034-07-01 00:00:00,11.797042653138226
4316,76,1,2035-07-01 00:00:00,12.066699827939873
4317,76,1,2036-07-01 00:00:00,12.128588732629268
4318,76,1,2037-07-01 00:00:00,12.288724348945118
4319,76,1,2038-07-01 00:00:00,12.441542543488854
4320,76,1,2039-07-01 00:00:00,12.443976939836155
4321,76,1,2040-07-01 00:00:00,12.613172419301735
4322,76,1,2041-07-01 00:00:00,12.82993079076871
4323,76,1,2042-07-01 00:00:00,13.012417273940674
4324,76,1,2043-07-01 00:00:00,13.280435327826659
4325,76,1,2044-07-01 00:00:00,13.459200077768756
4326,76,1,2045-07-01 00:00:00,13.565539218845082
4327,76,1,2046-07-01 00:00:00,13.608175893599583
4328,76,1,2047-07-01 00:00:00,13.600466366428355
4329,76,1,2048-07-01 00:00:00,14.202960458047166
4330,76,1,2049-07-01 00:00:00,14.841526452619384
4331,76,1,2050-07-01 00:00:00,15.028561762465461
4332,76,1,2051-07-01 00:00:00,15.329837278116742
4333,76,1,2052-07-01 00:00:00,15.637152422693639
4334,76,1,2053-07-01 00:00:00,15.950628271808549
4335,76,2,2022-07-01 00:00:00,14.674124696221575
4336,76,2,2023-07-01 00:00:00,14.301227257611188
4337,76,2,2024-07-01 00:00:00,13.732205873571282
4338,76,2,2025-07-01 00:00:00,12.32915976424508
4339,76,2,2026-07-01 00:00:00,10.736226943420093
4340,76,2,2027-07-01 00:00:00,10.156454025861496
4341,76,2,2028-07-01 00:00:00,9.84846143119407
4342,76,2,2029-07-01 00:00:00,9.697226228444912
4343,76,2,2030-07-01 00:00:00,9.661055369582952
4344,76,2,2031-07-01 00:00:00,9.66457955008286
4345,76,2,2032-07-01 00:00:00,9.731996671184408
4346,76,2,2033-07-01 00:00:00,9.832982611230523
4347,76,2,2034-07-01 00:00:00,9.985054812399959
4348,76,2,2035-07-01 00:00:00,10.067131472910347
4349,76,2,2036-07-01 00:00:00,10.046401600048275
4350,76,2,2037-07-01 00:00:00,10.174527809937063
4351,76,2,2038-07-01 00:00:00,10.34755486675061
4352,76,2,2039-07-01 00:00:00,10.598473815600768
4353,76,2,2040-07-01 00:00:00,10.918806846926895
4354,76,2,2041-07-01 00:00:00,11.129686997084303
4355,76,2,2042-07-01 00:00:00,11.138956593284796
4356,76,2,2043-07-01 00:00:00,11.096839095612303
4357,76,2,2044-07-01 00:00:00,11.26763983586929
4358,76,2,2045-07-01 00:00:00,11.521574763308582
4359,76,2,2046-07-01 00:00:00,11.65680782819324
4360,76,2,2047-07-01 00:00:00,11.652994984717148
4361,76,2,2048-07-01 00:00:00,11.691955420188286
4362,76,2,2049-07-01 00:00:00,11.703599373304431
4363,76,2,2050-07-01 00:00:00,11.687706497471595
4364,76,2,2051-07-01 00:00:00,11.758246483592984
4365,76,2,2052-07-01 00:00:00,11.829212206760651
4366,76,2,2053-07-01 00:00:00,11.900606236468052
4367,76,3,2022-07-01 00:00:00,14.436376613475982
4368,76,3,2023-07-01 00:00:00,14.072580170275195
4369,76,3,2024-07-01 00:00:00,13.420433443374645
4370,76,3,2025-07-01 00:00:00,11.79948656673449
4371,76,3,2026-07-01 00:00:00,9.703865854541794
4372,76,3,2027-07-01 00:00:00,8.824070360590436
4373,76,3,2028-07-01 00:00:00,8.687052502950428
4374,76,3,2029-07-01 00:00:00,8.583202815566578
4375,76,3,2030-07-01 00:00:00,8.412035897214835
4376,76,3,2031-07-01 00:00:00,8.078783065758312
4377,76,3,2032-07-01 00:00:00,7.844869594250488
4378,76,3,2033-07-01 00:00:00,7.875707775650936
4379,76,3,2034-07-01 00:00:00,7.951245992749553
4380,76,3,2035-07-01 00:00:00,8.045606838316525
4381,76,3,2036-07-01 00:00:00,8.093507333237724
4382,76,3,2037-07-01 00:00:00,8.16030765997196
4383,76,3,2038-07-01 00:00:00,8.291686401474152
4384,76,3,2039-07-01 00:00:00,8.34874236551678
4385,76,3,2040-07-01 00:00:00,8.439117482251255
4386,76,3,2041-07-01 00:00:00,8.583858698658565
4387,76,3,2042-07-01 00:00:00,8.705975547183034
4388,76,3,2043-07-01 00:00:00,8.808697958383222
4389,76,3,2044-07-01 00:00:00,8.884180151273338
4390,76,3,2045-07-01 00:00:00,8.989934929001336
4391,76,3,2046-07-01 00:00:00,9.110718016639574
4392,76,3,2047-07-01 00:00:00,9.206333271356126
4393,76,3,2048-07-01 00:00:00,9.276690149689598
4394,76,3,2049-07-01 00:00:00,9.307027945247032
4395,76,3,2050-07-01 00:00:00,9.340855736071918
4396,76,3,2051-07-01 00:00:00,9.444038992081094
4397,76,3,2052-07-01 00:00:00,9.548362056328559
4398,76,3,2053-07-01 00:00:00,9.653837519644167
4399,77,1,2022-07-01 00:00:00,14.659094329704807
4400,77,1,2023-07-01 00:00:00,14.458277803367288
4401,77,1,2024-07-01 00:00:00,13.92500150505757
4402,77,1,2025-07-01 00:00:00,12.393031488256637
4403,77,1,2026-07-01 00:00:00,11.112484378024305
4404,77,1,2027-07-01 00:00:00,10.94034591555591
4405,77,1,2028-07-01 00:00:00,10.887839486883188
4406,77,1,2029-07-01 00:00:00,10.875401234386764
4407,77,1,2030-07-01 00:00:00,10.891654048354802
4408,77,1,2031-07-01 00:00:00,10.778701392122475
4409,77,1,2032-07-01 00:00:00,10.82964149364972
4410,77,1,2033-07-01 00:00:00,11.315920485644511
4411,77,1,2034-07-01 00:00:00,11.797042653138226
4412,77,1,2035-07-01 00:00:00,12.066699827939873
4413,77,1,2036-07-01 00:00:00,12.128588732629268
4414,77,1,2037-07-01 00:00:00,12.288724348945118
4415,77,1,2038-07-01 00:00:00,12.441542543488854
4416,77,1,2039-07-01 00:00:00,12.443976939836155
4417,77,1,2040-07-01 00:00:00,12.613172419301735
4418,77,1,2041-07-01 00:00:00,12.82993079076871
4419,77,1,2042-07-01 00:00:00,13.012417273940674
4420,77,1,2043-07-01 00:00:00,13.280435327826659
4421,77,1,2044-07-01 00:00:00,13.459200077768756
4422,77,1,2045-07-01 00:00:00,13.565539218845082
4423,77,1,2046-07-01 00:00:00,13.608175893599583
4424,77,1,2047-07-01 00:00:00,13.600466366428355
4425,77,1,2048-07-01 00:00:00,14.202960458047166
4426,77,1,2049-07-01 00:00:00,14.841526452619384
4427,77,1,2050-07-01 00:00:00,15.028561762465461
4428,77,1,2051-07-01 00:00:00,15.329837278116742
4429,77,1,2052-07-01 00:00:00,15.637152422693639
4430,77,1,2053-07-01 00:00:00,15.950628271808549
4431,77,2,2022-07-01 00:00:00,14.674124696221575
4432,77,2,2023-07-01 00:00:00,14.301227257611188
4433,77,2,2024-07-01 00:00:00,13.732205873571282
4434,77,2,2025-07-01 00:00:00,12.32915976424508
4435,77,2,2026-07-01 00:00:00,10.736226943420093
4436,77,2,2027-07-01 00:00:00,10.156454025861496
4437,77,2,2028-07-01 00:00:00,9.84846143119407
4438,77,2,2029-07-01 00:00:00,9.697226228444912
4439,77,2,2030-07-01 00:00:00,9.661055369582952
4440,77,2,2031-07-01 00:00:00,9.66457955008286
4441,77,2,2032-07-01 00:00:00,9.731996671184408
4442,77,2,2033-07-01 00:00:00,9.832982611230523
4443,77,2,2034-07-01 00:00:00,9.985054812399959
4444,77,2,2035-07-01 00:00:00,10.067131472910347
4445,77,2,2036-07-01 00:00:00,10.046401600048275
4446,77,2,2037-07-01 00:00:00,10.174527809937063
4447,77,2,2038-07-01 00:00:00,10.34755486675061
4448,77,2,2039-07-01 00:00:00,10.598473815600768
4449,77,2,2040-07-01 00:00:00,10.918806846926895
4450,77,2,2041-07-01 00:00:00,11.129686997084303
4451,77,2,2042-07-01 00:00:00,11.138956593284796
4452,77,2,2043-07-01 00:00:00,11.096839095612303
4453,77,2,2044-07-01 00:00:00,11.26763983586929
4454,77,2,2045-07-01 00:00:00,11.521574763308582
4455,77,2,2046-07-01 00:00:00,11.65680782819324
4456,77,2,2047-07-01 00:00:00,11.652994984717148
4457,77,2,2048-07-01 00:00:00,11.691955420188286
4458,77,2,2049-07-01 00:00:00,11.703599373304431
4459,77,2,2050-07-01 00:00:00,11.687706497471595
4460,77,2,2051-07-01 00:00:00,11.758246483592984
4461,77,2,2052-07-01 00:00:00,11.829212206760651
4462,77,2,2053-07-01 00:00:00,11.900606236468052
4463,77,3,2022-07-01 00:00:00,14.436376613475982
4464,77,3,2023-07-01 00:00:00,14.072580170275195
4465,77,3,2024-07-01 00:00:00,13.420433443374645
4466,77,3,2025-07-01 00:00:00,11.79948656673449
4467,77,3,2026-07-01 00:00:00,9.703865854541794
4468,77,3,2027-07-01 00:00:00,8.824070360590436
4469,77,3,2028-07-01 00:00:00,8.687052502950428
4470,77,3,2029-07-01 00:00:00,8.583202815566578
4471,77,3,2030-07-01 00:00:00,8.412035897214835
4472,77,3,2031-07-01 00:00:00,8.078783065758312
4473,77,3,2032-07-01 00:00:00,7.844869594250488
4474,77,3,2033-07-01 00:00:00,7.875707775650936
4475,77,3,2034-07-01 00:00:00,7.951245992749553
4476,77,3,2035-07-01 00:00:00,8.045606838316525
4477,77,3,2036-07-01 00:00:00,8.093507333237724
4478,77,3,2037-07-01 00:00:00,8.16030765997196
4479,77,3,2038-07-01 00:00:00,8.291686401474152
4480,77,3,2039-07-01 00:00:00,8.34874236551678
4481,77,3,2040-07-01 00:00:00,8.439117482251255
4482,77,3,2041-07-01 00:00:00,8.583858698658565
4483,77,3,2042-07-01 00:00:00,8.705975547183034
4484,77,3,2043-07-01 00:00:00,8.808697958383222
4485,77,3,2044-07-01 00:00:00,8.884180151273338
4486,77,3,2045-07-01 00:00:00,8.989934929001336
4487,77,3,2046-07-01 00:00:00,9.110718016639574
4488,77,3,2047-07-01 00:00:00,9.206333271356126
4489,77,3,2048-07-01 00:00:00,9.276690149689598
4490,77,3,2049-07-01 00:00:00,9.307027945247032
4491,77,3,2050-07-01 00:00:00,9.340855736071918
4492,77,3,2051-07-01 00:00:00,9.444038992081094
4493,77,3,2052-07-01 00:00:00,9.548362056328559
4494,77,3,2053-07-01 00:00:00,9.653837519644167
4495,78,1,2022-07-01 00:00:00,17.36327334951602
4496,78,1,2023-07-01 00:00:00,16.99649162936866
4497,78,1,2024-07-01 00:00:00,15.732167040114009
4498,78,1,2025-07-01 00:00:00,13.76407270721731
4499,78,1,2026-07-01 00:00:00,12.649984378024305
4500,78,1,2027-07-01 00:00:00,12.51534591555591
4501,78,1,2028-07-01 00:00:00,12.462839486883187
4502,78,1,2029-07-01 00:00:00,12.450401234386764
4503,78,1,2030-07-01 00:00:00,12.466654048354801
4504,78,1,2031-07-01 00:00:00,12.353701392122474
4505,78,1,2032-07-01 00:00:00,12.40464149364972
4506,78,1,2033-07-01 00:00:00,12.890920485644513
4507,78,1,2034-07-01 00:00:00,13.372042653138227
4508,78,1,2035-07-01 00:00:00,13.641699827939874
4509,78,1,2036-07-01 00:00:00,13.703588732629267
4510,78,1,2037-07-01 00:00:00,13.863724348945118
4511,78,1,2038-07-01 00:00:00,14.016542543488853
4512,78,1,2039-07-01 00:00:00,14.000226939836157
4513,78,1,2040-07-01 00:00:00,14.150672419301735
4514,78,1,2041-07-01 00:00:00,14.36743079076871
4515,78,1,2042-07-01 00:00:00,14.549917273940672
4516,78,1,2043-07-01 00:00:00,14.81793532782666
4517,78,1,2044-07-01 00:00:00,14.996700077768756
4518,78,1,2045-07-01 00:00:00,15.103039218845083
4519,78,1,2046-07-01 00:00:00,15.145675893599584
4520,78,1,2047-07-01 00:00:00,15.137966366428355
4521,78,1,2048-07-01 00:00:00,15.740460458047165
4522,78,1,2049-07-01 00:00:00,16.3669326956501
4523,78,1,2050-07-01 00:00:00,16.54072415427946
4524,78,1,2051-07-01 00:00:00,16.839381777271523
4525,78,1,2052-07-01 00:00:00,17.14343193174766
4526,78,1,2053-07-01 00:00:00,17.452971984704615
4527,78,2,2022-07-01 00:00:00,17.34584732526332
4528,78,2,2023-07-01 00:00:00,16.92181246047836
4529,78,2,2024-07-01 00:00:00,15.85343017224514
4530,78,2,2025-07-01 00:00:00,14.16566017457264
4531,78,2,2026-07-01 00:00:00,12.786226943420093
4532,78,2,2027-07-01 00:00:00,12.256454025861498
4533,78,2,2028-07-01 00:00:00,11.948461431194069
4534,78,2,2029-07-01 00:00:00,11.797226228444911
4535,78,2,2030-07-01 00:00:00,11.761055369582952
4536,78,2,2031-07-01 00:00:00,11.76457955008286
4537,78,2,2032-07-01 00:00:00,11.83199667118441
4538,78,2,2033-07-01 00:00:00,11.932982611230525
4539,78,2,2034-07-01 00:00:00,12.08505481239996
4540,78,2,2035-07-01 00:00:00,12.167131472910347
4541,78,2,2036-07-01 00:00:00,12.146401600048275
4542,78,2,2037-07-01 00:00:00,12.274527809937062
4543,78,2,2038-07-01 00:00:00,12.447554866750611
4544,78,2,2039-07-01 00:00:00,12.698473815600767
4545,78,2,2040-07-01 00:00:00,13.018806846926896
4546,78,2,2041-07-01 00:00:00,13.229686997084302
4547,78,2,2042-07-01 00:00:00,13.213956593284795
4548,78,2,2043-07-01 00:00:00,13.146839095612304
4549,78,2,2044-07-01 00:00:00,13.31763983586929
4550,78,2,2045-07-01 00:00:00,13.571574763308583
4551,78,2,2046-07-01 00:00:00,13.706807828193242
4552,78,2,2047-07-01 00:00:00,13.702994984717147
4553,78,2,2048-07-01 00:00:00,13.741955420188285
4554,78,2,2049-07-01 00:00:00,13.738504946155484
4555,78,2,2050-07-01 00:00:00,13.707390919855811
4556,78,2,2051-07-01 00:00:00,13.777644805646961
4557,78,2,2052-07-01 00:00:00,13.848258760578737
4558,78,2,2053-07-01 00:00:00,13.919234630097616
4559,78,3,2022-07-01 00:00:00,16.96597895480534
4560,78,3,2023-07-01 00:00:00,16.257079865403078
4561,78,3,2024-07-01 00:00:00,15.07391752101563
4562,78,3,2025-07-01 00:00:00,13.53327211991227
4563,78,3,2026-07-01 00:00:00,11.753865854541793
4564,78,3,2027-07-01 00:00:00,10.924070360590438
4565,78,3,2028-07-01 00:00:00,10.787052502950427
4566,78,3,2029-07-01 00:00:00,10.683202815566577
4567,78,3,2030-07-01 00:00:00,10.512035897214837
4568,78,3,2031-07-01 00:00:00,10.17878306575831
4569,78,3,2032-07-01 00:00:00,9.944869594250488
4570,78,3,2033-07-01 00:00:00,9.975707775650935
4571,78,3,2034-07-01 00:00:00,10.051245992749553
4572,78,3,2035-07-01 00:00:00,10.145606838316525
4573,78,3,2036-07-01 00:00:00,10.193507333237724
4574,78,3,2037-07-01 00:00:00,10.260307659971959
4575,78,3,2038-07-01 00:00:00,10.391686401474152
4576,78,3,2039-07-01 00:00:00,10.423742365516778
4577,78,3,2040-07-01 00:00:00,10.489117482251253
4578,78,3,2041-07-01 00:00:00,10.633858698658564
4579,78,3,2042-07-01 00:00:00,10.755975547183033
4580,78,3,2043-07-01 00:00:00,10.858697958383221
4581,78,3,2044-07-01 00:00:00,10.934180151273338
4582,78,3,2045-07-01 00:00:00,11.039934929001337
4583,78,3,2046-07-01 00:00:00,11.160718016639574
4584,78,3,2047-07-01 00:00:00,11.256333271356123
4585,78,3,2048-07-01 00:00:00,11.326690149689597
4586,78,3,2049-07-01 00:00:00,11.34172261608889
4587,78,3,2050-07-01 00:00:00,11.359833203172993
4588,78,3,2051-07-01 00:00:00,11.46208405897829
4589,78,3,2052-07-01 00:00:00,11.565255283712066
4590,78,3,2053-07-01 00:00:00,11.669355161695837
4591,79,1,2022-07-01 00:00:00,16.30172312158738
4592,79,1,2023-07-01 00:00:00,15.792836724905271
4593,79,1,2024-07-01 00:00:00,14.89323518577346
4594,79,1,2025-07-01 00:00:00,13.70099827485873
4595,79,1,2026-07-01 00:00:00,12.88573784438605
4596,79,1,2027-07-01 00:00:00,12.8355093619816
4597,79,1,2028-07-01 00:00:00,12.7849137001867
4598,79,1,2029-07-01 00:00:00,12.73887305291585
4599,79,1,2030-07-01 00:00:00,12.73852864058695
4600,79,1,2031-07-01 00:00:00,12.742342025862701
4601,79,1,2032-07-01 00:00:00,12.824959655923749
4602,79,1,2033-07-01 00:00:00,13.06587558967925
4603,79,1,2034-07-01 00:00:00,13.221595417815
4604,79,1,2035-07-01 00:00:00,13.2467939505244
4605,79,1,2036-07-01 00:00:00,13.2467939505244
4606,79,1,2037-07-01 00:00:00,13.3717939505244
4607,79,1,2038-07-01 00:00:00,13.4967939505244
4608,79,1,2039-07-01 00:00:00,13.4967939505244
4609,79,1,2040-07-01 00:00:00,13.6217939505244
4610,79,1,2041-07-01 00:00:00,13.7467939505244
4611,79,1,2042-07-01 00:00:00,13.7467939505244
4612,79,1,2043-07-01 00:00:00,13.7467939505244
4613,79,1,2044-07-01 00:00:00,13.7467939505244
4614,79,1,2045-07-01 00:00:00,13.7467939505244
4615,79,1,2046-07-01 00:00:00,13.7467939505244
4616,79,1,2047-07-01 00:00:00,13.7467939505244
4617,79,1,2048-07-01 00:00:00,13.7467939505244
4618,79,1,2049-07-01 00:00:00,13.7467939505244
4619,79,1,2050-07-01 00:00:00,13.7467939505244
4620,79,1,2051-07-01 00:00:00,13.7467939505244
4621,79,1,2052-07-01 00:00:00,13.7467939505244
4622,79,1,2053-07-01 00:00:00,13.7467939505244
4623,79,2,2022-07-01 00:00:00,16.02525785430488
4624,79,2,2023-07-01 00:00:00,15.51751902870679
4625,79,2,2024-07-01 00:00:00,14.34573687826078
4626,79,2,2025-07-01 00:00:00,13.03924375196863
4627,79,2,2026-07-01 00:00:00,11.89679395052441
4628,79,2,2027-07-01 00:00:00,11.39679395052442
4629,79,2,2028-07-01 00:00:00,11.39679395052442
4630,79,2,2029-07-01 00:00:00,11.39679395052442
4631,79,2,2030-07-01 00:00:00,11.39679395052442
4632,79,2,2031-07-01 00:00:00,11.39679395052442
4633,79,2,2032-07-01 00:00:00,11.52179395052441
4634,79,2,2033-07-01 00:00:00,11.6467939505244
4635,79,2,2034-07-01 00:00:00,11.6467939505244
4636,79,2,2035-07-01 00:00:00,11.6467939505244
4637,79,2,2036-07-01 00:00:00,11.6467939505244
4638,79,2,2037-07-01 00:00:00,11.7717939505244
4639,79,2,2038-07-01 00:00:00,11.8967939505244
4640,79,2,2039-07-01 00:00:00,11.8967939505244
4641,79,2,2040-07-01 00:00:00,12.0217939505244
4642,79,2,2041-07-01 00:00:00,12.1467939505244
4643,79,2,2042-07-01 00:00:00,12.1467939505244
4644,79,2,2043-07-01 00:00:00,12.1467939505244
4645,79,2,2044-07-01 00:00:00,12.1467939505244
4646,79,2,2045-07-01 00:00:00,12.1467939505244
4647,79,2,2046-07-01 00:00:00,12.1467939505244
4648,79,2,2047-07-01 00:00:00,12.1467939505244
4649,79,2,2048-07-01 00:00:00,12.1467939505244
4650,79,2,2049-07-01 00:00:00,12.1467939505244
4651,79,2,2050-07-01 00:00:00,12.1467939505244
4652,79,2,2051-07-01 00:00:00,12.1467939505244
4653,79,2,2052-07-01 00:00:00,12.1467939505244
4654,79,2,2053-07-01 00:00:00,12.1467939505244
4655,79,3,2022-07-01 00:00:00,15.00855366193262
4656,79,3,2023-07-01 00:00:00,14.40879982974658
4657,79,3,2024-07-01 00:00:00,13.487587561843359
4658,79,3,2025-07-01 00:00:00,12.2814615383253
4659,79,3,2026-07-01 00:00:00,10.396793950524419
4660,79,3,2027-07-01 00:00:00,9.396793950524419
4661,79,3,2028-07-01 00:00:00,9.396793950524419
4662,79,3,2029-07-01 00:00:00,9.396793950524419
4663,79,3,2030-07-01 00:00:00,9.396793950524419
4664,79,3,2031-07-01 00:00:00,9.396793950524419
4665,79,3,2032-07-01 00:00:00,9.521793950524419
4666,79,3,2033-07-01 00:00:00,9.64679395052442
4667,79,3,2034-07-01 00:00:00,9.64679395052442
4668,79,3,2035-07-01 00:00:00,9.64679395052442
4669,79,3,2036-07-01 00:00:00,9.64679395052442
4670,79,3,2037-07-01 00:00:00,9.77179395052442
4671,79,3,2038-07-01 00:00:00,9.89679395052442
4672,79,3,2039-07-01 00:00:00,9.89679395052442
4673,79,3,2040-07-01 00:00:00,10.02179395052442
4674,79,3,2041-07-01 00:00:00,10.14679395052442
4675,79,3,2042-07-01 00:00:00,10.14679395052442
4676,79,3,2043-07-01 00:00:00,10.14679395052442
4677,79,3,2044-07-01 00:00:00,10.14679395052442
4678,79,3,2045-07-01 00:00:00,10.14679395052442
4679,79,3,2046-07-01 00:00:00,10.14679395052442
4680,79,3,2047-07-01 00:00:00,10.14679395052442
4681,79,3,2048-07-01 00:00:00,10.14679395052442
4682,79,3,2049-07-01 00:00:00,10.14679395052442
4683,79,3,2050-07-01 00:00:00,10.14679395052442
4684,79,3,2051-07-01 00:00:00,10.14679395052442
4685,79,3,2052-07-01 00:00:00,10.14679395052442
4686,79,3,2053-07-01 00:00:00,10.14679395052442
4687,80,1,2022-07-01 00:00:00,19.21329615505406
4688,80,1,2023-07-01 00:00:00,18.784917762107316
4689,80,1,2024-07-01 00:00:00,16.97919856595246
4690,80,1,2025-07-01 00:00:00,14.51268850442202
4691,80,1,2026-07-01 00:00:00,13.357577955844906
4692,80,1,2027-07-01 00:00:00,13.107860299993725
4693,80,1,2028-07-01 00:00:00,12.862708475849875
4694,80,1,2029-07-01 00:00:00,12.823836761338313
4695,80,1,2030-07-01 00:00:00,12.962086617507984
4696,80,1,2031-07-01 00:00:00,13.05236276063685
4697,80,1,2032-07-01 00:00:00,13.258025438850677
4698,80,1,2033-07-01 00:00:00,13.752253298023696
4699,80,1,2034-07-01 00:00:00,14.224144494814066
4700,80,1,2035-07-01 00:00:00,14.467316012157646
4701,80,1,2036-07-01 00:00:00,14.51160319599055
4702,80,1,2037-07-01 00:00:00,14.647575514600508
4703,80,1,2038-07-01 00:00:00,14.790592545040935
4704,80,1,2039-07-01 00:00:00,14.716919140409964
4705,80,1,2040-07-01 00:00:00,14.787278683296233
4706,80,1,2041-07-01 00:00:00,14.986463641286205
4707,80,1,2042-07-01 00:00:00,15.118054399272445
4708,80,1,2043-07-01 00:00:00,15.297838808701115
4709,80,1,2044-07-01 00:00:00,15.45034811227928
4710,80,1,2045-07-01 00:00:00,15.640736963362606
4711,80,1,2046-07-01 00:00:00,15.786281481247482
4712,80,1,2047-07-01 00:00:00,16.015504798013225
4713,80,1,2048-07-01 00:00:00,16.586886527181022
4714,80,1,2049-07-01 00:00:00,16.989792081985698
4715,80,1,2050-07-01 00:00:00,17.195962722025072
4716,80,1,2051-07-01 00:00:00,17.532624691164983
4717,80,1,2052-07-01 00:00:00,17.875877816804675
4718,80,1,2053-07-01 00:00:00,18.225851140380318
4719,80,2,2022-07-01 00:00:00,19.134736168088942
4720,80,2,2023-07-01 00:00:00,18.739008297472296
4721,80,2,2024-07-01 00:00:00,17.407075830183466
4722,80,2,2025-07-01 00:00:00,14.906233444915788
4723,80,2,2026-07-01 00:00:00,13.002373112769707
4724,80,2,2027-07-01 00:00:00,12.278160956525678
4725,80,2,2028-07-01 00:00:00,11.808755536170374
4726,80,2,2029-07-01 00:00:00,11.697172617339898
4727,80,2,2030-07-01 00:00:00,11.70544092289383
4728,80,2,2031-07-01 00:00:00,11.792490241411787
4729,80,2,2032-07-01 00:00:00,11.936261625593072
4730,80,2,2033-07-01 00:00:00,12.101084616367237
4731,80,2,2034-07-01 00:00:00,12.26737665313796
4732,80,2,2035-07-01 00:00:00,12.393031630021488
4733,80,2,2036-07-01 00:00:00,12.44378550628814
4734,80,2,2037-07-01 00:00:00,12.566518193417208
4735,80,2,2038-07-01 00:00:00,12.712058941046536
4736,80,2,2039-07-01 00:00:00,12.900770474577719
4737,80,2,2040-07-01 00:00:00,13.141810858299532
4738,80,2,2041-07-01 00:00:00,13.308505718921282
4739,80,2,2042-07-01 00:00:00,13.277086587167236
4740,80,2,2043-07-01 00:00:00,13.187945480685384
4741,80,2,2044-07-01 00:00:00,13.308921570775187
4742,80,2,2045-07-01 00:00:00,13.492771534261369
4743,80,2,2046-07-01 00:00:00,13.584131573988397
4744,80,2,2047-07-01 00:00:00,13.586002379802139
4745,80,2,2048-07-01 00:00:00,13.67027792952735
4746,80,2,2049-07-01 00:00:00,13.70048415935081
4747,80,2,2050-07-01 00:00:00,13.670245350164958
4748,80,2,2051-07-01 00:00:00,13.741099143094312
4749,80,2,2052-07-01 00:00:00,13.81232017595564
4750,80,2,2053-07-01 00:00:00,13.883910352177995
4751,80,3,2022-07-01 00:00:00,18.674027691344744
4752,80,3,2023-07-01 00:00:00,17.944538922232745
4753,80,3,2024-07-01 00:00:00,17.308528864240106
4754,80,3,2025-07-01 00:00:00,15.069700994339783
4755,80,3,2026-07-01 00:00:00,12.01007165942336
4756,80,3,2027-07-01 00:00:00,11.16597753082757
4757,80,3,2028-07-01 00:00:00,11.023882295463803
4758,80,3,2029-07-01 00:00:00,10.934650947517847
4759,80,3,2030-07-01 00:00:00,10.804365338320949
4760,80,3,2031-07-01 00:00:00,10.538759122755035
4761,80,3,2032-07-01 00:00:00,10.361963380561907
4762,80,3,2033-07-01 00:00:00,10.401241020702242
4763,80,3,2034-07-01 00:00:00,10.491246484478246
4764,80,3,2035-07-01 00:00:00,10.602291823399987
4765,80,3,2036-07-01 00:00:00,10.652409564998575
4766,80,3,2037-07-01 00:00:00,10.721427138410196
4767,80,3,2038-07-01 00:00:00,10.84300471580908
4768,80,3,2039-07-01 00:00:00,10.85747667406314
4769,80,3,2040-07-01 00:00:00,10.908645796208624
4770,80,3,2041-07-01 00:00:00,11.039830092794672
4771,80,3,2042-07-01 00:00:00,11.147017936613864
4772,80,3,2043-07-01 00:00:00,11.223964104170719
4773,80,3,2044-07-01 00:00:00,11.271897488152012
4774,80,3,2045-07-01 00:00:00,11.364911395610243
4775,80,3,2046-07-01 00:00:00,11.496360052418499
4776,80,3,2047-07-01 00:00:00,11.61257483463839
4777,80,3,2048-07-01 00:00:00,11.675105908254165
4778,80,3,2049-07-01 00:00:00,11.671673799714247
4779,80,3,2050-07-01 00:00:00,11.68443359130822
4780,80,3,2051-07-01 00:00:00,11.783700375701859
4781,80,3,2052-07-01 00:00:00,11.883810495324955
4782,80,3,2053-07-01 00:00:00,11.984771114853125
4783,81,1,2022-07-01 00:00:00,16.627766798042217
4784,81,1,2023-07-01 00:00:00,16.426338016263827
4785,81,1,2024-07-01 00:00:00,15.39787276706206
4786,81,1,2025-07-01 00:00:00,13.41405466717044
4787,81,1,2026-07-01 00:00:00,12.185623910472573
4788,81,1,2027-07-01 00:00:00,12.012343448309654
4789,81,1,2028-07-01 00:00:00,11.993080359697174
4790,81,1,2029-07-01 00:00:00,12.066091475466301
4791,81,1,2030-07-01 00:00:00,12.14014868882811
4792,81,1,2031-07-01 00:00:00,12.032133035939868
4793,81,1,2032-07-01 00:00:00,12.02237636146237
4794,81,1,2033-07-01 00:00:00,12.492772892798257
4795,81,1,2034-07-01 00:00:00,13.043085048271688
4796,81,1,2035-07-01 00:00:00,13.398972286375306
4797,81,1,2036-07-01 00:00:00,13.557771246967658
4798,81,1,2037-07-01 00:00:00,13.849185652299532
4799,81,1,2038-07-01 00:00:00,14.097194382595013
4800,81,1,2039-07-01 00:00:00,14.153493411380122
4801,81,1,2040-07-01 00:00:00,14.381760121287675
4802,81,1,2041-07-01 00:00:00,14.684167054395104
4803,81,1,2042-07-01 00:00:00,14.922629162973676
4804,81,1,2043-07-01 00:00:00,15.203890833545275
4805,81,1,2044-07-01 00:00:00,15.412028444699702
4806,81,1,2045-07-01 00:00:00,15.54483494930152
4807,81,1,2046-07-01 00:00:00,15.643996271018128
4808,81,1,2047-07-01 00:00:00,15.881354368154604
4809,81,1,2048-07-01 00:00:00,16.386339604774903
4810,81,1,2049-07-01 00:00:00,16.69095252971624
4811,81,1,2050-07-01 00:00:00,16.844521747043828
4812,81,1,2051-07-01 00:00:00,17.124696689971927
4813,81,1,2052-07-01 00:00:00,17.40953178293715
4814,81,1,2053-07-01 00:00:00,17.699104538218577
4815,81,2,2022-07-01 00:00:00,16.86290176162938
4816,81,2,2023-07-01 00:00:00,16.55054438774495
4817,81,2,2024-07-01 00:00:00,15.68378696108082
4818,81,2,2025-07-01 00:00:00,13.69660387460426
4819,81,2,2026-07-01 00:00:00,11.99347603421992
4820,81,2,2027-07-01 00:00:00,11.49976139425937
4821,81,2,2028-07-01 00:00:00,11.211988842077988
4822,81,2,2029-07-01 00:00:00,11.151934180839296
4823,81,2,2030-07-01 00:00:00,11.139075697395882
4824,81,2,2031-07-01 00:00:00,11.097886534234473
4825,81,2,2032-07-01 00:00:00,11.145641449519228
4826,81,2,2033-07-01 00:00:00,11.255862214043088
4827,81,2,2034-07-01 00:00:00,11.448451438672805
4828,81,2,2035-07-01 00:00:00,11.552665238508567
4829,81,2,2036-07-01 00:00:00,11.51078628338864
4830,81,2,2037-07-01 00:00:00,11.620561608955798
4831,81,2,2038-07-01 00:00:00,11.780231217166982
4832,81,2,2039-07-01 00:00:00,12.092823465604981
4833,81,2,2040-07-01 00:00:00,12.498309834778269
4834,81,2,2041-07-01 00:00:00,12.806310179449607
4835,81,2,2042-07-01 00:00:00,12.948932034398627
4836,81,2,2043-07-01 00:00:00,13.000253479175573
4837,81,2,2044-07-01 00:00:00,13.212179843334415
4838,81,2,2045-07-01 00:00:00,13.485184536187717
4839,81,2,2046-07-01 00:00:00,13.64070917320019
4840,81,2,2047-07-01 00:00:00,13.65775237980214
4841,81,2,2048-07-01 00:00:00,13.74202792952735
4842,81,2,2049-07-01 00:00:00,13.784822654984062
4843,81,2,2050-07-01 00:00:00,13.780445347058143
4844,81,2,2051-07-01 00:00:00,13.878006136070013
4845,81,2,2052-07-01 00:00:00,13.976257621740295
4846,81,2,2053-07-01 00:00:00,14.075204693962547
4847,81,3,2022-07-01 00:00:00,16.58688537011242
4848,81,3,2023-07-01 00:00:00,16.04160737484024
4849,81,3,2024-07-01 00:00:00,15.533585712476848
4850,81,3,2025-07-01 00:00:00,13.64024447433477
4851,81,3,2026-07-01 00:00:00,10.820006943424923
4852,81,3,2027-07-01 00:00:00,9.790166517473931
4853,81,3,2028-07-01 00:00:00,9.646271522080342
4854,81,3,2029-07-01 00:00:00,9.564426601917239
4855,81,3,2030-07-01 00:00:00,9.412540933871298
4856,81,3,2031-07-01 00:00:00,9.131509541667882
4857,81,3,2032-07-01 00:00:00,8.93598907268873
4858,81,3,2033-07-01 00:00:00,8.966827254089178
4859,81,3,2034-07-01 00:00:00,9.04236547118779
4860,81,3,2035-07-01 00:00:00,9.13672631675476
4861,81,3,2036-07-01 00:00:00,9.18462681167596
4862,81,3,2037-07-01 00:00:00,9.25142713841019
4863,81,3,2038-07-01 00:00:00,9.382805879912386
4864,81,3,2039-07-01 00:00:00,9.426872326354564
4865,81,3,2040-07-01 00:00:00,9.504257925488584
4866,81,3,2041-07-01 00:00:00,9.648999141895896
4867,81,3,2042-07-01 00:00:00,9.77441357819946
4868,81,3,2043-07-01 00:00:00,9.926558577178742
4869,81,3,2044-07-01 00:00:00,10.048165770068852
4870,81,3,2045-07-01 00:00:00,10.153920547796856
4871,81,3,2046-07-01 00:00:00,10.239267232931745
4872,81,3,2047-07-01 00:00:00,10.285459899869199
4873,81,3,2048-07-01 00:00:00,10.354234433002903
4874,81,3,2049-07-01 00:00:00,10.381119880334952
4875,81,3,2050-07-01 00:00:00,10.391008069591447
4876,81,3,2051-07-01 00:00:00,10.477818843432821
4877,81,3,2052-07-01 00:00:00,10.565354870339586
4878,81,3,2053-07-01 00:00:00,10.653622209375442
4879,82,1,2022-07-01 00:00:00,14.338660630793974
4880,82,1,2023-07-01 00:00:00,14.029591557829441
4881,82,1,2024-07-01 00:00:00,13.518826788600386
4882,82,1,2025-07-01 00:00:00,12.312006986728933
4883,82,1,2026-07-01 00:00:00,11.2865213006424
4884,82,1,2027-07-01 00:00:00,11.24988951876895
4885,82,1,2028-07-01 00:00:00,11.19992211341355
4886,82,1,2029-07-01 00:00:00,11.1342901035792
4887,82,1,2030-07-01 00:00:00,11.13394569125025
4888,82,1,2031-07-01 00:00:00,11.137759076525999
4889,82,1,2032-07-01 00:00:00,11.2203767065871
4890,82,1,2033-07-01 00:00:00,11.4612926403426
4891,82,1,2034-07-01 00:00:00,11.61701246847835
4892,82,1,2035-07-01 00:00:00,11.6422110011878
4893,82,1,2036-07-01 00:00:00,11.6422110011878
4894,82,1,2037-07-01 00:00:00,11.7672110011878
4895,82,1,2038-07-01 00:00:00,11.8922110011878
4896,82,1,2039-07-01 00:00:00,11.8922110011878
4897,82,1,2040-07-01 00:00:00,12.0172110011878
4898,82,1,2041-07-01 00:00:00,12.1422110011878
4899,82,1,2042-07-01 00:00:00,12.1422110011878
4900,82,1,2043-07-01 00:00:00,12.14625498489705
4901,82,1,2044-07-01 00:00:00,12.16146930027545
4902,82,1,2045-07-01 00:00:00,12.18024678963385
4903,82,1,2046-07-01 00:00:00,12.1871539473231
4904,82,1,2047-07-01 00:00:00,12.1858039473231
4905,82,1,2048-07-01 00:00:00,12.1921611050123
4906,82,1,2049-07-01 00:00:00,12.204066972814012
4907,82,1,2050-07-01 00:00:00,12.213868327300823
4908,82,1,2051-07-01 00:00:00,12.2236775534709
4909,82,1,2052-07-01 00:00:00,12.233494657646167
4910,82,1,2053-07-01 00:00:00,12.243319646153621
4911,82,2,2022-07-01 00:00:00,13.651871938312622
4912,82,2,2023-07-01 00:00:00,13.318265108029141
4913,82,2,2024-07-01 00:00:00,12.617250781682571
4914,82,2,2025-07-01 00:00:00,11.424938472102742
4915,82,2,2026-07-01 00:00:00,10.12379168781616
4916,82,2,2027-07-01 00:00:00,9.68155612969999
4917,82,2,2028-07-01 00:00:00,9.69015934311001
4918,82,2,2029-07-01 00:00:00,9.66870686921105
4919,82,2,2030-07-01 00:00:00,9.66347378278505
4920,82,2,2031-07-01 00:00:00,9.65952305744036
4921,82,2,2032-07-01 00:00:00,9.79370686921105
4922,82,2,2033-07-01 00:00:00,9.92265759455574
4923,82,2,2034-07-01 00:00:00,9.91870686921105
4924,82,2,2035-07-01 00:00:00,9.888070583541396
4925,82,2,2036-07-01 00:00:00,9.826798012202094
4926,82,2,2037-07-01 00:00:00,9.91721100118778
4927,82,2,2038-07-01 00:00:00,10.0422110011878
4928,82,2,2039-07-01 00:00:00,10.0422110011878
4929,82,2,2040-07-01 00:00:00,10.1752889965536
4930,82,2,2041-07-01 00:00:00,10.3002889965536
4931,82,2,2042-07-01 00:00:00,10.2922110011878
4932,82,2,2043-07-01 00:00:00,10.32284728685745
4933,82,2,2044-07-01 00:00:00,10.38681407066245
4934,82,2,2045-07-01 00:00:00,10.57402034714725
4935,82,2,2046-07-01 00:00:00,10.90244556307405
4936,82,2,2047-07-01 00:00:00,11.095155850894251
4937,82,2,2048-07-01 00:00:00,11.113973214016049
4938,82,2,2049-07-01 00:00:00,11.18680748784949
4939,82,2,2050-07-01 00:00:00,11.332100446147162
4940,82,2,2051-07-01 00:00:00,11.479280452537314
4941,82,2,2052-07-01 00:00:00,11.628372015781725
4942,82,2,2053-07-01 00:00:00,11.779399962959134
4943,82,3,2022-07-01 00:00:00,13.48856748181682
4944,82,3,2023-07-01 00:00:00,13.019453052943266
4945,82,3,2024-07-01 00:00:00,12.438690075962555
4946,82,3,2025-07-01 00:00:00,11.098488848446067
4947,82,3,2026-07-01 00:00:00,8.979860958197776
4948,82,3,2027-07-01 00:00:00,8.007469571760115
4949,82,3,2028-07-01 00:00:00,7.85868219867459
4950,82,3,2029-07-01 00:00:00,7.79221100118776
4951,82,3,2030-07-01 00:00:00,7.79221100118776
4952,82,3,2031-07-01 00:00:00,7.79221100118776
4953,82,3,2032-07-01 00:00:00,7.917211001187759
4954,82,3,2033-07-01 00:00:00,8.04221100118776
4955,82,3,2034-07-01 00:00:00,8.04221100118776
4956,82,3,2035-07-01 00:00:00,8.04221100118776
4957,82,3,2036-07-01 00:00:00,8.04221100118776
4958,82,3,2037-07-01 00:00:00,8.16721100118776
4959,82,3,2038-07-01 00:00:00,8.29221100118776
4960,82,3,2039-07-01 00:00:00,8.29221100118776
4961,82,3,2040-07-01 00:00:00,8.41721100118776
4962,82,3,2041-07-01 00:00:00,8.54221100118776
4963,82,3,2042-07-01 00:00:00,8.54221100118776
4964,82,3,2043-07-01 00:00:00,8.54221100118776
4965,82,3,2044-07-01 00:00:00,8.54221100118776
4966,82,3,2045-07-01 00:00:00,8.54221100118776
4967,82,3,2046-07-01 00:00:00,8.54151100118776
4968,82,3,2047-07-01 00:00:00,8.54016100118776
4969,82,3,2048-07-01 00:00:00,8.53891100118776
4970,82,3,2049-07-01 00:00:00,8.537921108034936
4971,82,3,2050-07-01 00:00:00,8.537141357337426
4972,82,3,2051-07-01 00:00:00,8.536361677852938
4973,82,3,2052-07-01 00:00:00,8.535582069574964
4974,82,3,2053-07-01 00:00:00,8.534802532497006
4975,83,1,2022-07-01 00:00:00,14.74820099423192
4976,83,1,2023-07-01 00:00:00,14.615585426522234
4977,83,1,2024-07-01 00:00:00,14.12199451894674
4978,83,1,2025-07-01 00:00:00,12.592269212590317
4979,83,1,2026-07-01 00:00:00,11.307577955844907
4980,83,1,2027-07-01 00:00:00,11.007860299993727
4981,83,1,2028-07-01 00:00:00,10.762708475849873
4982,83,1,2029-07-01 00:00:00,10.723836761338312
4983,83,1,2030-07-01 00:00:00,10.862086617507984
4984,83,1,2031-07-01 00:00:00,10.95236276063685
4985,83,1,2032-07-01 00:00:00,11.158025438850675
4986,83,1,2033-07-01 00:00:00,11.652253298023695
4987,83,1,2034-07-01 00:00:00,12.124144494814065
4988,83,1,2035-07-01 00:00:00,12.367316012157644
4989,83,1,2036-07-01 00:00:00,12.411603195990548
4990,83,1,2037-07-01 00:00:00,12.547575514600508
4991,83,1,2038-07-01 00:00:00,12.690592545040936
4992,83,1,2039-07-01 00:00:00,12.641919140409964
4993,83,1,2040-07-01 00:00:00,12.737278683296232
4994,83,1,2041-07-01 00:00:00,12.936463641286204
4995,83,1,2042-07-01 00:00:00,13.068054399272444
4996,83,1,2043-07-01 00:00:00,13.247838808701115
4997,83,1,2044-07-01 00:00:00,13.400348112279278
4998,83,1,2045-07-01 00:00:00,13.590736963362607
4999,83,1,2046-07-01 00:00:00,13.736281481247481
5000,83,1,2047-07-01 00:00:00,13.965504798013225
5001,83,1,2048-07-01 00:00:00,14.536886527181025
5002,83,1,2049-07-01 00:00:00,14.956162249953987
5003,83,1,2050-07-01 00:00:00,15.180574904486235
5004,83,1,2051-07-01 00:00:00,15.521502731413548
5005,83,1,2052-07-01 00:00:00,15.870087171078175
5006,83,1,2053-07-01 00:00:00,16.226500176937645
5007,83,2,2022-07-01 00:00:00,14.83206700571008
5008,83,2,2023-07-01 00:00:00,14.480749785672991
5009,83,2,2024-07-01 00:00:00,13.94306643845363
5010,83,2,2025-07-01 00:00:00,12.54914798379583
5011,83,2,2026-07-01 00:00:00,10.952373112769706
5012,83,2,2027-07-01 00:00:00,10.178160956525677
5013,83,2,2028-07-01 00:00:00,9.708755536170374
5014,83,2,2029-07-01 00:00:00,9.597172617339899
5015,83,2,2030-07-01 00:00:00,9.60544092289383
5016,83,2,2031-07-01 00:00:00,9.692490241411786
5017,83,2,2032-07-01 00:00:00,9.836261625593073
5018,83,2,2033-07-01 00:00:00,10.001084616367237
5019,83,2,2034-07-01 00:00:00,10.16737665313796
5020,83,2,2035-07-01 00:00:00,10.293031630021487
5021,83,2,2036-07-01 00:00:00,10.343785506288139
5022,83,2,2037-07-01 00:00:00,10.466518193417208
5023,83,2,2038-07-01 00:00:00,10.612058941046536
5024,83,2,2039-07-01 00:00:00,10.800770474577721
5025,83,2,2040-07-01 00:00:00,11.041810858299531
5026,83,2,2041-07-01 00:00:00,11.20850571892128
5027,83,2,2042-07-01 00:00:00,11.202086587167233
5028,83,2,2043-07-01 00:00:00,11.137945480685383
5029,83,2,2044-07-01 00:00:00,11.258921570775188
5030,83,2,2045-07-01 00:00:00,11.442771534261372
5031,83,2,2046-07-01 00:00:00,11.534131573988399
5032,83,2,2047-07-01 00:00:00,11.53600237980214
5033,83,2,2048-07-01 00:00:00,11.62027792952735
5034,83,2,2049-07-01 00:00:00,11.665580788127802
5035,83,2,2050-07-01 00:00:00,11.65056829539271
5036,83,2,2051-07-01 00:00:00,11.72171489273537
5037,83,2,2052-07-01 00:00:00,11.793295961443299
5038,83,2,2053-07-01 00:00:00,11.865314154705464
5039,83,3,2022-07-01 00:00:00,14.540571116862793
5040,83,3,2023-07-01 00:00:00,14.271527150277747
5041,83,3,2024-07-01 00:00:00,13.86297910543012
5042,83,3,2025-07-01 00:00:00,12.23043472024382
5043,83,3,2026-07-01 00:00:00,9.96007165942336
5044,83,3,2027-07-01 00:00:00,9.06597753082757
5045,83,3,2028-07-01 00:00:00,8.923882295463802
5046,83,3,2029-07-01 00:00:00,8.834650947517847
5047,83,3,2030-07-01 00:00:00,8.704365338320947
5048,83,3,2031-07-01 00:00:00,8.438759122755036
5049,83,3,2032-07-01 00:00:00,8.261963380561905
5050,83,3,2033-07-01 00:00:00,8.301241020702243
5051,83,3,2034-07-01 00:00:00,8.391246484478247
5052,83,3,2035-07-01 00:00:00,8.50229182339999
5053,83,3,2036-07-01 00:00:00,8.552409564998577
5054,83,3,2037-07-01 00:00:00,8.621427138410201
5055,83,3,2038-07-01 00:00:00,8.743004715809086
5056,83,3,2039-07-01 00:00:00,8.782476674063139
5057,83,3,2040-07-01 00:00:00,8.858645796208624
5058,83,3,2041-07-01 00:00:00,8.989830092794673
5059,83,3,2042-07-01 00:00:00,9.097017936613865
5060,83,3,2043-07-01 00:00:00,9.173964104170718
5061,83,3,2044-07-01 00:00:00,9.221897488152011
5062,83,3,2045-07-01 00:00:00,9.314911395610242
5063,83,3,2046-07-01 00:00:00,9.446360052418498
5064,83,3,2047-07-01 00:00:00,9.56257483463839
5065,83,3,2048-07-01 00:00:00,9.625105908254165
5066,83,3,2049-07-01 00:00:00,9.636943744579604
5067,83,3,2050-07-01 00:00:00,9.665337371864005
5068,83,3,2051-07-01 00:00:00,9.765427631115571
5069,83,3,2052-07-01 00:00:00,9.866554383932918
5070,83,3,2053-07-01 00:00:00,9.968728363817188
5071,84,1,2022-07-01 00:00:00,14.74820099423192
5072,84,1,2023-07-01 00:00:00,14.615585426522234
5073,84,1,2024-07-01 00:00:00,14.12199451894674
5074,84,1,2025-07-01 00:00:00,12.592269212590317
5075,84,1,2026-07-01 00:00:00,11.307577955844907
5076,84,1,2027-07-01 00:00:00,11.007860299993727
5077,84,1,2028-07-01 00:00:00,10.762708475849873
5078,84,1,2029-07-01 00:00:00,10.723836761338312
5079,84,1,2030-07-01 00:00:00,10.862086617507984
5080,84,1,2031-07-01 00:00:00,10.95236276063685
5081,84,1,2032-07-01 00:00:00,11.158025438850675
5082,84,1,2033-07-01 00:00:00,11.652253298023695
5083,84,1,2034-07-01 00:00:00,12.124144494814065
5084,84,1,2035-07-01 00:00:00,12.367316012157644
5085,84,1,2036-07-01 00:00:00,12.411603195990548
5086,84,1,2037-07-01 00:00:00,12.547575514600508
5087,84,1,2038-07-01 00:00:00,12.690592545040936
5088,84,1,2039-07-01 00:00:00,12.641919140409964
5089,84,1,2040-07-01 00:00:00,12.737278683296232
5090,84,1,2041-07-01 00:00:00,12.936463641286204
5091,84,1,2042-07-01 00:00:00,13.068054399272444
5092,84,1,2043-07-01 00:00:00,13.247838808701115
5093,84,1,2044-07-01 00:00:00,13.400348112279278
5094,84,1,2045-07-01 00:00:00,13.590736963362607
5095,84,1,2046-07-01 00:00:00,13.736281481247481
5096,84,1,2047-07-01 00:00:00,13.965504798013225
5097,84,1,2048-07-01 00:00:00,14.536886527181025
5098,84,1,2049-07-01 00:00:00,14.956162249953987
5099,84,1,2050-07-01 00:00:00,15.180574904486235
5100,84,1,2051-07-01 00:00:00,15.521502731413548
5101,84,1,2052-07-01 00:00:00,15.870087171078175
5102,84,1,2053-07-01 00:00:00,16.226500176937645
5103,84,2,2022-07-01 00:00:00,14.83206700571008
5104,84,2,2023-07-01 00:00:00,14.480749785672991
5105,84,2,2024-07-01 00:00:00,13.94306643845363
5106,84,2,2025-07-01 00:00:00,12.54914798379583
5107,84,2,2026-07-01 00:00:00,10.952373112769706
5108,84,2,2027-07-01 00:00:00,10.178160956525677
5109,84,2,2028-07-01 00:00:00,9.708755536170374
5110,84,2,2029-07-01 00:00:00,9.597172617339899
5111,84,2,2030-07-01 00:00:00,9.60544092289383
5112,84,2,2031-07-01 00:00:00,9.692490241411786
5113,84,2,2032-07-01 00:00:00,9.836261625593073
5114,84,2,2033-07-01 00:00:00,10.001084616367237
5115,84,2,2034-07-01 00:00:00,10.16737665313796
5116,84,2,2035-07-01 00:00:00,10.293031630021487
5117,84,2,2036-07-01 00:00:00,10.343785506288139
5118,84,2,2037-07-01 00:00:00,10.466518193417208
5119,84,2,2038-07-01 00:00:00,10.612058941046536
5120,84,2,2039-07-01 00:00:00,10.800770474577721
5121,84,2,2040-07-01 00:00:00,11.041810858299531
5122,84,2,2041-07-01 00:00:00,11.20850571892128
5123,84,2,2042-07-01 00:00:00,11.202086587167233
5124,84,2,2043-07-01 00:00:00,11.137945480685383
5125,84,2,2044-07-01 00:00:00,11.258921570775188
5126,84,2,2045-07-01 00:00:00,11.442771534261372
5127,84,2,2046-07-01 00:00:00,11.534131573988399
5128,84,2,2047-07-01 00:00:00,11.53600237980214
5129,84,2,2048-07-01 00:00:00,11.62027792952735
5130,84,2,2049-07-01 00:00:00,11.665580788127802
5131,84,2,2050-07-01 00:00:00,11.65056829539271
5132,84,2,2051-07-01 00:00:00,11.72171489273537
5133,84,2,2052-07-01 00:00:00,11.793295961443299
5134,84,2,2053-07-01 00:00:00,11.865314154705464
5135,84,3,2022-07-01 00:00:00,14.540571116862793
5136,84,3,2023-07-01 00:00:00,14.271527150277747
5137,84,3,2024-07-01 00:00:00,13.86297910543012
5138,84,3,2025-07-01 00:00:00,12.23043472024382
5139,84,3,2026-07-01 00:00:00,9.96007165942336
5140,84,3,2027-07-01 00:00:00,9.06597753082757
5141,84,3,2028-07-01 00:00:00,8.923882295463802
5142,84,3,2029-07-01 00:00:00,8.834650947517847
5143,84,3,2030-07-01 00:00:00,8.704365338320947
5144,84,3,2031-07-01 00:00:00,8.438759122755036
5145,84,3,2032-07-01 00:00:00,8.261963380561905
5146,84,3,2033-07-01 00:00:00,8.301241020702243
5147,84,3,2034-07-01 00:00:00,8.391246484478247
5148,84,3,2035-07-01 00:00:00,8.50229182339999
5149,84,3,2036-07-01 00:00:00,8.552409564998577
5150,84,3,2037-07-01 00:00:00,8.621427138410201
5151,84,3,2038-07-01 00:00:00,8.743004715809086
5152,84,3,2039-07-01 00:00:00,8.782476674063139
5153,84,3,2040-07-01 00:00:00,8.858645796208624
5154,84,3,2041-07-01 00:00:00,8.989830092794673
5155,84,3,2042-07-01 00:00:00,9.097017936613865
5156,84,3,2043-07-01 00:00:00,9.173964104170718
5157,84,3,2044-07-01 00:00:00,9.221897488152011
5158,84,3,2045-07-01 00:00:00,9.314911395610242
5159,84,3,2046-07-01 00:00:00,9.446360052418498
5160,84,3,2047-07-01 00:00:00,9.56257483463839
5161,84,3,2048-07-01 00:00:00,9.625105908254165
5162,84,3,2049-07-01 00:00:00,9.636943744579604
5163,84,3,2050-07-01 00:00:00,9.665337371864005
5164,84,3,2051-07-01 00:00:00,9.765427631115571
5165,84,3,2052-07-01 00:00:00,9.866554383932918
5166,84,3,2053-07-01 00:00:00,9.968728363817188
5167,85,1,2022-07-01 00:00:00,14.595448780946041
5168,85,1,2023-07-01 00:00:00,14.500564772697977
5169,85,1,2024-07-01 00:00:00,14.106224694722354
5170,85,1,2025-07-01 00:00:00,12.550870829848497
5171,85,1,2026-07-01 00:00:00,11.199266410472573
5172,85,1,2027-07-01 00:00:00,11.001928448309663
5173,85,1,2028-07-01 00:00:00,10.982665359697185
5174,85,1,2029-07-01 00:00:00,11.055676475466315
5175,85,1,2030-07-01 00:00:00,11.129733688828125
5176,85,1,2031-07-01 00:00:00,11.021718035939887
5177,85,1,2032-07-01 00:00:00,11.01196136146239
5178,85,1,2033-07-01 00:00:00,11.482357892798259
5179,85,1,2034-07-01 00:00:00,12.032670048271688
5180,85,1,2035-07-01 00:00:00,12.388557286375306
5181,85,1,2036-07-01 00:00:00,12.54735624696766
5182,85,1,2037-07-01 00:00:00,12.838770652299534
5183,85,1,2038-07-01 00:00:00,13.086779382595013
5184,85,1,2039-07-01 00:00:00,13.155107161380123
5185,85,1,2040-07-01 00:00:00,13.395402621287676
5186,85,1,2041-07-01 00:00:00,13.697809554395105
5187,85,1,2042-07-01 00:00:00,13.936271662973677
5188,85,1,2043-07-01 00:00:00,14.217533333545276
5189,85,1,2044-07-01 00:00:00,14.425670944699704
5190,85,1,2045-07-01 00:00:00,14.571154496599174
5191,85,1,2046-07-01 00:00:00,14.676383569932092
5192,85,1,2047-07-01 00:00:00,14.901352157271589
5193,85,1,2048-07-01 00:00:00,15.414738774371504
5194,85,1,2049-07-01 00:00:00,15.744136974865288
5195,85,1,2050-07-01 00:00:00,15.91217515545043
5196,85,1,2051-07-01 00:00:00,16.200355967349747
5197,85,1,2052-07-01 00:00:00,16.49375593876281
5198,85,1,2053-07-01 00:00:00,16.79246959238129
5199,85,2,2022-07-01 00:00:00,14.865945349471895
5200,85,2,2023-07-01 00:00:00,14.530506089606652
5201,85,2,2024-07-01 00:00:00,14.024192484657474
5202,85,2,2025-07-01 00:00:00,12.57741949024047
5203,85,2,2026-07-01 00:00:00,11.007118534219906
5204,85,2,2027-07-01 00:00:00,10.489346394259353
5205,85,2,2028-07-01 00:00:00,10.201573842077982
5206,85,2,2029-07-01 00:00:00,10.141519180839296
5207,85,2,2030-07-01 00:00:00,10.12866069739589
5208,85,2,2031-07-01 00:00:00,10.08747153423448
5209,85,2,2032-07-01 00:00:00,10.135226449519227
5210,85,2,2033-07-01 00:00:00,10.24544721404308
5211,85,2,2034-07-01 00:00:00,10.438036438672825
5212,85,2,2035-07-01 00:00:00,10.542250238508586
5213,85,2,2036-07-01 00:00:00,10.500371283388645
5214,85,2,2037-07-01 00:00:00,10.610146608955793
5215,85,2,2038-07-01 00:00:00,10.769816217166966
5216,85,2,2039-07-01 00:00:00,11.08240846560498
5217,85,2,2040-07-01 00:00:00,11.487894834778267
5218,85,2,2041-07-01 00:00:00,11.795895179449605
5219,85,2,2042-07-01 00:00:00,11.950545784398626
5220,85,2,2043-07-01 00:00:00,12.013895979175572
5221,85,2,2044-07-01 00:00:00,12.225822343334414
5222,85,2,2045-07-01 00:00:00,12.498827036187716
5223,85,2,2046-07-01 00:00:00,12.64261542320019
5224,85,2,2047-07-01 00:00:00,12.636493629802139
5225,85,2,2048-07-01 00:00:00,12.698167929527349
5226,85,2,2049-07-01 00:00:00,12.730534365055789
5227,85,2,2050-07-01 00:00:00,12.719854735944375
5228,85,2,2051-07-01 00:00:00,12.80325082685582
5229,85,2,2052-07-01 00:00:00,12.887193693506742
5230,85,2,2053-07-01 00:00:00,12.971686920761927
5231,85,3,2022-07-01 00:00:00,14.62874670849331
5232,85,3,2023-07-01 00:00:00,14.321986298543615
5233,85,3,2024-07-01 00:00:00,13.909183881872085
5234,85,3,2025-07-01 00:00:00,12.275244389217074
5235,85,3,2026-07-01 00:00:00,9.833649443424923
5236,85,3,2027-07-01 00:00:00,8.779751517473933
5237,85,3,2028-07-01 00:00:00,8.635856522080342
5238,85,3,2029-07-01 00:00:00,8.554011601917239
5239,85,3,2030-07-01 00:00:00,8.402125933871297
5240,85,3,2031-07-01 00:00:00,8.12109454166788
5241,85,3,2032-07-01 00:00:00,7.925574072688729
5242,85,3,2033-07-01 00:00:00,7.956412254089177
5243,85,3,2034-07-01 00:00:00,8.031950471187793
5244,85,3,2035-07-01 00:00:00,8.126311316754766
5245,85,3,2036-07-01 00:00:00,8.17421181167596
5246,85,3,2037-07-01 00:00:00,8.241012138410191
5247,85,3,2038-07-01 00:00:00,8.372390879912388
5248,85,3,2039-07-01 00:00:00,8.428486076354565
5249,85,3,2040-07-01 00:00:00,8.517900425488584
5250,85,3,2041-07-01 00:00:00,8.662641641895895
5251,85,3,2042-07-01 00:00:00,8.788056078199455
5252,85,3,2043-07-01 00:00:00,8.940201077178736
5253,85,3,2044-07-01 00:00:00,9.061808270068852
5254,85,3,2045-07-01 00:00:00,9.167563047796857
5255,85,3,2046-07-01 00:00:00,9.241173482931742
5256,85,3,2047-07-01 00:00:00,9.265629256400974
5257,85,3,2048-07-01 00:00:00,9.31180253953468
5258,85,3,2049-07-01 00:00:00,9.326808377915805
5259,85,3,2050-07-01 00:00:00,9.33033968122502
5260,85,3,2051-07-01 00:00:00,9.402914735100575
5261,85,3,2052-07-01 00:00:00,9.476054306306152
5262,85,3,2053-07-01 00:00:00,9.5497627858797
5263,86,1,2022-07-01 00:00:00,14.595448780946041
5264,86,1,2023-07-01 00:00:00,14.500564772697977
5265,86,1,2024-07-01 00:00:00,14.106224694722354
5266,86,1,2025-07-01 00:00:00,12.550870829848497
5267,86,1,2026-07-01 00:00:00,11.199266410472573
5268,86,1,2027-07-01 00:00:00,11.001928448309663
5269,86,1,2028-07-01 00:00:00,10.982665359697185
5270,86,1,2029-07-01 00:00:00,11.055676475466315
5271,86,1,2030-07-01 00:00:00,11.129733688828125
5272,86,1,2031-07-01 00:00:00,11.021718035939887
5273,86,1,2032-07-01 00:00:00,11.01196136146239
5274,86,1,2033-07-01 00:00:00,11.482357892798259
5275,86,1,2034-07-01 00:00:00,12.032670048271688
5276,86,1,2035-07-01 00:00:00,12.388557286375306
5277,86,1,2036-07-01 00:00:00,12.54735624696766
5278,86,1,2037-07-01 00:00:00,12.838770652299534
5279,86,1,2038-07-01 00:00:00,13.086779382595013
5280,86,1,2039-07-01 00:00:00,13.155107161380123
5281,86,1,2040-07-01 00:00:00,13.395402621287676
5282,86,1,2041-07-01 00:00:00,13.697809554395105
5283,86,1,2042-07-01 00:00:00,13.936271662973677
5284,86,1,2043-07-01 00:00:00,14.217533333545276
5285,86,1,2044-07-01 00:00:00,14.425670944699704
5286,86,1,2045-07-01 00:00:00,14.571154496599174
5287,86,1,2046-07-01 00:00:00,14.676383569932092
5288,86,1,2047-07-01 00:00:00,14.901352157271589
5289,86,1,2048-07-01 00:00:00,15.414738774371504
5290,86,1,2049-07-01 00:00:00,15.744136974865288
5291,86,1,2050-07-01 00:00:00,15.91217515545043
5292,86,1,2051-07-01 00:00:00,16.200355967349747
5293,86,1,2052-07-01 00:00:00,16.49375593876281
5294,86,1,2053-07-01 00:00:00,16.79246959238129
5295,86,2,2022-07-01 00:00:00,14.865945349471895
5296,86,2,2023-07-01 00:00:00,14.530506089606652
5297,86,2,2024-07-01 00:00:00,14.024192484657474
5298,86,2,2025-07-01 00:00:00,12.57741949024047
5299,86,2,2026-07-01 00:00:00,11.007118534219906
5300,86,2,2027-07-01 00:00:00,10.489346394259353
5301,86,2,2028-07-01 00:00:00,10.201573842077982
5302,86,2,2029-07-01 00:00:00,10.141519180839296
5303,86,2,2030-07-01 00:00:00,10.12866069739589
5304,86,2,2031-07-01 00:00:00,10.08747153423448
5305,86,2,2032-07-01 00:00:00,10.135226449519227
5306,86,2,2033-07-01 00:00:00,10.24544721404308
5307,86,2,2034-07-01 00:00:00,10.438036438672825
5308,86,2,2035-07-01 00:00:00,10.542250238508586
5309,86,2,2036-07-01 00:00:00,10.500371283388645
5310,86,2,2037-07-01 00:00:00,10.610146608955793
5311,86,2,2038-07-01 00:00:00,10.769816217166966
5312,86,2,2039-07-01 00:00:00,11.08240846560498
5313,86,2,2040-07-01 00:00:00,11.487894834778267
5314,86,2,2041-07-01 00:00:00,11.795895179449605
5315,86,2,2042-07-01 00:00:00,11.950545784398626
5316,86,2,2043-07-01 00:00:00,12.013895979175572
5317,86,2,2044-07-01 00:00:00,12.225822343334414
5318,86,2,2045-07-01 00:00:00,12.498827036187716
5319,86,2,2046-07-01 00:00:00,12.64261542320019
5320,86,2,2047-07-01 00:00:00,12.636493629802139
5321,86,2,2048-07-01 00:00:00,12.698167929527349
5322,86,2,2049-07-01 00:00:00,12.730534365055789
5323,86,2,2050-07-01 00:00:00,12.719854735944375
5324,86,2,2051-07-01 00:00:00,12.80325082685582
5325,86,2,2052-07-01 00:00:00,12.887193693506742
5326,86,2,2053-07-01 00:00:00,12.971686920761927
5327,86,3,2022-07-01 00:00:00,14.62874670849331
5328,86,3,2023-07-01 00:00:00,14.321986298543615
5329,86,3,2024-07-01 00:00:00,13.909183881872085
5330,86,3,2025-07-01 00:00:00,12.275244389217074
5331,86,3,2026-07-01 00:00:00,9.833649443424923
5332,86,3,2027-07-01 00:00:00,8.779751517473933
5333,86,3,2028-07-01 00:00:00,8.635856522080342
5334,86,3,2029-07-01 00:00:00,8.554011601917239
5335,86,3,2030-07-01 00:00:00,8.402125933871297
5336,86,3,2031-07-01 00:00:00,8.12109454166788
5337,86,3,2032-07-01 00:00:00,7.925574072688729
5338,86,3,2033-07-01 00:00:00,7.956412254089177
5339,86,3,2034-07-01 00:00:00,8.031950471187793
5340,86,3,2035-07-01 00:00:00,8.126311316754766
5341,86,3,2036-07-01 00:00:00,8.17421181167596
5342,86,3,2037-07-01 00:00:00,8.241012138410191
5343,86,3,2038-07-01 00:00:00,8.372390879912388
5344,86,3,2039-07-01 00:00:00,8.428486076354565
5345,86,3,2040-07-01 00:00:00,8.517900425488584
5346,86,3,2041-07-01 00:00:00,8.662641641895895
5347,86,3,2042-07-01 00:00:00,8.788056078199455
5348,86,3,2043-07-01 00:00:00,8.940201077178736
5349,86,3,2044-07-01 00:00:00,9.061808270068852
5350,86,3,2045-07-01 00:00:00,9.167563047796857
5351,86,3,2046-07-01 00:00:00,9.241173482931742
5352,86,3,2047-07-01 00:00:00,9.265629256400974
5353,86,3,2048-07-01 00:00:00,9.31180253953468
5354,86,3,2049-07-01 00:00:00,9.326808377915805
5355,86,3,2050-07-01 00:00:00,9.33033968122502
5356,86,3,2051-07-01 00:00:00,9.402914735100575
5357,86,3,2052-07-01 00:00:00,9.476054306306152
5358,86,3,2053-07-01 00:00:00,9.5497627858797
5359,87,1,2022-07-01 00:00:00,17.36327334951602
5360,87,1,2023-07-01 00:00:00,16.99649162936866
5361,87,1,2024-07-01 00:00:00,15.732167040114009
5362,87,1,2025-07-01 00:00:00,13.76407270721731
5363,87,1,2026-07-01 00:00:00,12.649984378024305
5364,87,1,2027-07-01 00:00:00,12.51534591555591
5365,87,1,2028-07-01 00:00:00,12.462839486883187
5366,87,1,2029-07-01 00:00:00,12.450401234386764
5367,87,1,2030-07-01 00:00:00,12.466654048354801
5368,87,1,2031-07-01 00:00:00,12.353701392122474
5369,87,1,2032-07-01 00:00:00,12.40464149364972
5370,87,1,2033-07-01 00:00:00,12.890920485644513
5371,87,1,2034-07-01 00:00:00,13.372042653138227
5372,87,1,2035-07-01 00:00:00,13.641699827939874
5373,87,1,2036-07-01 00:00:00,13.703588732629267
5374,87,1,2037-07-01 00:00:00,13.863724348945118
5375,87,1,2038-07-01 00:00:00,14.016542543488853
5376,87,1,2039-07-01 00:00:00,14.000226939836157
5377,87,1,2040-07-01 00:00:00,14.150672419301735
5378,87,1,2041-07-01 00:00:00,14.36743079076871
5379,87,1,2042-07-01 00:00:00,14.549917273940672
5380,87,1,2043-07-01 00:00:00,14.81793532782666
5381,87,1,2044-07-01 00:00:00,14.996700077768756
5382,87,1,2045-07-01 00:00:00,15.103039218845083
5383,87,1,2046-07-01 00:00:00,15.145675893599584
5384,87,1,2047-07-01 00:00:00,15.137966366428355
5385,87,1,2048-07-01 00:00:00,15.740460458047165
5386,87,1,2049-07-01 00:00:00,16.3669326956501
5387,87,1,2050-07-01 00:00:00,16.54072415427946
5388,87,1,2051-07-01 00:00:00,16.839381777271523
5389,87,1,2052-07-01 00:00:00,17.14343193174766
5390,87,1,2053-07-01 00:00:00,17.452971984704615
5391,87,2,2022-07-01 00:00:00,17.34584732526332
5392,87,2,2023-07-01 00:00:00,16.92181246047836
5393,87,2,2024-07-01 00:00:00,15.85343017224514
5394,87,2,2025-07-01 00:00:00,14.16566017457264
5395,87,2,2026-07-01 00:00:00,12.786226943420093
5396,87,2,2027-07-01 00:00:00,12.256454025861498
5397,87,2,2028-07-01 00:00:00,11.948461431194069
5398,87,2,2029-07-01 00:00:00,11.797226228444911
5399,87,2,2030-07-01 00:00:00,11.761055369582952
5400,87,2,2031-07-01 00:00:00,11.76457955008286
5401,87,2,2032-07-01 00:00:00,11.83199667118441
5402,87,2,2033-07-01 00:00:00,11.932982611230525
5403,87,2,2034-07-01 00:00:00,12.08505481239996
5404,87,2,2035-07-01 00:00:00,12.167131472910347
5405,87,2,2036-07-01 00:00:00,12.146401600048275
5406,87,2,2037-07-01 00:00:00,12.274527809937062
5407,87,2,2038-07-01 00:00:00,12.447554866750611
5408,87,2,2039-07-01 00:00:00,12.698473815600767
5409,87,2,2040-07-01 00:00:00,13.018806846926896
5410,87,2,2041-07-01 00:00:00,13.229686997084302
5411,87,2,2042-07-01 00:00:00,13.213956593284795
5412,87,2,2043-07-01 00:00:00,13.146839095612304
5413,87,2,2044-07-01 00:00:00,13.31763983586929
5414,87,2,2045-07-01 00:00:00,13.571574763308583
5415,87,2,2046-07-01 00:00:00,13.706807828193242
5416,87,2,2047-07-01 00:00:00,13.702994984717147
5417,87,2,2048-07-01 00:00:00,13.741955420188285
5418,87,2,2049-07-01 00:00:00,13.809612943259047
5419,87,2,2050-07-01 00:00:00,13.922187240866489
5420,87,2,2051-07-01 00:00:00,14.13909891716684
5421,87,2,2052-07-01 00:00:00,14.359390139690888
5422,87,2,2053-07-01 00:00:00,14.583113562739552
5423,87,3,2022-07-01 00:00:00,16.96597895480534
5424,87,3,2023-07-01 00:00:00,16.257079865403078
5425,87,3,2024-07-01 00:00:00,15.07391752101563
5426,87,3,2025-07-01 00:00:00,13.53327211991227
5427,87,3,2026-07-01 00:00:00,11.753865854541793
5428,87,3,2027-07-01 00:00:00,10.924070360590438
5429,87,3,2028-07-01 00:00:00,10.787052502950427
5430,87,3,2029-07-01 00:00:00,10.683202815566577
5431,87,3,2030-07-01 00:00:00,10.512035897214837
5432,87,3,2031-07-01 00:00:00,10.17878306575831
5433,87,3,2032-07-01 00:00:00,9.944869594250488
5434,87,3,2033-07-01 00:00:00,9.975707775650935
5435,87,3,2034-07-01 00:00:00,10.051245992749553
5436,87,3,2035-07-01 00:00:00,10.145606838316525
5437,87,3,2036-07-01 00:00:00,10.193507333237724
5438,87,3,2037-07-01 00:00:00,10.260307659971959
5439,87,3,2038-07-01 00:00:00,10.391686401474152
5440,87,3,2039-07-01 00:00:00,10.423742365516778
5441,87,3,2040-07-01 00:00:00,10.489117482251253
5442,87,3,2041-07-01 00:00:00,10.633858698658564
5443,87,3,2042-07-01 00:00:00,10.755975547183033
5444,87,3,2043-07-01 00:00:00,10.858697958383221
5445,87,3,2044-07-01 00:00:00,10.934180151273338
5446,87,3,2045-07-01 00:00:00,11.039934929001337
5447,87,3,2046-07-01 00:00:00,11.160718016639574
5448,87,3,2047-07-01 00:00:00,11.256333271356123
5449,87,3,2048-07-01 00:00:00,11.326690149689597
5450,87,3,2049-07-01 00:00:00,11.34172261608889
5451,87,3,2050-07-01 00:00:00,11.359833203172993
5452,87,3,2051-07-01 00:00:00,11.46208405897829
5453,87,3,2052-07-01 00:00:00,11.565255283712066
5454,87,3,2053-07-01 00:00:00,11.669355161695837
5455,88,1,2022-07-01 00:00:00,13.967265253989849
5456,88,1,2023-07-01 00:00:00,13.767691669533965
5457,88,1,2024-07-01 00:00:00,13.45819993607364
5458,88,1,2025-07-01 00:00:00,12.3184943883169
5459,88,1,2026-07-01 00:00:00,11.25627793938755
5460,88,1,2027-07-01 00:00:00,11.18006801966165
5461,88,1,2028-07-01 00:00:00,11.12439956111635
5462,88,1,2029-07-01 00:00:00,11.0851411126353
5463,88,1,2030-07-01 00:00:00,11.09190263733165
5464,88,1,2031-07-01 00:00:00,11.099224287086749
5465,88,1,2032-07-01 00:00:00,11.181107757195651
5466,88,1,2033-07-01 00:00:00,11.43091130459465
5467,88,1,2034-07-01 00:00:00,11.60419195619485
5468,88,1,2035-07-01 00:00:00,11.6446010308212
5469,88,1,2036-07-01 00:00:00,11.66227846464055
5470,88,1,2037-07-01 00:00:00,11.8066499741353
5471,88,1,2038-07-01 00:00:00,11.95773073299245
5472,88,1,2039-07-01 00:00:00,11.9851176602062
5473,88,1,2040-07-01 00:00:00,12.1213556701286
5474,88,1,2041-07-01 00:00:00,12.2463556701286
5475,88,1,2042-07-01 00:00:00,12.2463556701286
5476,88,1,2043-07-01 00:00:00,12.2504361772042
5477,88,1,2044-07-01 00:00:00,12.265687015948949
5478,88,1,2045-07-01 00:00:00,12.28448276699045
5479,88,1,2046-07-01 00:00:00,12.2921081863628
5480,88,1,2047-07-01 00:00:00,12.2921081863628
5481,88,1,2048-07-01 00:00:00,12.299733605735199
5482,88,1,2049-07-01 00:00:00,12.312656915094228
5483,88,1,2050-07-01 00:00:00,12.323257256182224
5484,88,1,2051-07-01 00:00:00,12.333866723426496
5485,88,1,2052-07-01 00:00:00,12.344485324684028
5486,88,1,2053-07-01 00:00:00,12.355113067818571
5487,88,2,2022-07-01 00:00:00,13.2610113243468
5488,88,2,2023-07-01 00:00:00,13.0717372174508
5489,88,2,2024-07-01 00:00:00,12.6842655839876
5490,88,2,2025-07-01 00:00:00,11.65875546137325
5491,88,2,2026-07-01 00:00:00,10.319004422071881
5492,88,2,2027-07-01 00:00:00,9.79401548604492
5493,88,2,2028-07-01 00:00:00,9.775514062628146
5494,88,2,2029-07-01 00:00:00,9.77178982417983
5495,88,2,2030-07-01 00:00:00,9.77454945087483
5496,88,2,2031-07-01 00:00:00,9.783192307423882
5497,88,2,2032-07-01 00:00:00,9.913563283639775
5498,88,2,2033-07-01 00:00:00,10.0367998255304
5499,88,2,2034-07-01 00:00:00,10.045767445229
5500,88,2,2035-07-01 00:00:00,10.0541262898048
5501,88,2,2036-07-01 00:00:00,10.060358242767851
5502,88,2,2037-07-01 00:00:00,10.178278353624
5503,88,2,2038-07-01 00:00:00,10.29143336192395
5504,88,2,2039-07-01 00:00:00,10.306644695035398
5505,88,2,2040-07-01 00:00:00,10.4539440334663
5506,88,2,2041-07-01 00:00:00,10.61256303038
5507,88,2,2042-07-01 00:00:00,10.642174777148849
5508,88,2,2043-07-01 00:00:00,10.6463556701286
5509,88,2,2044-07-01 00:00:00,10.6463556701286
5510,88,2,2045-07-01 00:00:00,10.6463556701286
5511,88,2,2046-07-01 00:00:00,10.6463556701286
5512,88,2,2047-07-01 00:00:00,10.65736936679715
5513,88,2,2048-07-01 00:00:00,10.6726202055419
5514,88,2,2049-07-01 00:00:00,10.679912754582162
5515,88,2,2050-07-01 00:00:00,10.686025317248028
5516,88,2,2051-07-01 00:00:00,10.692141378390257
5517,88,2,2052-07-01 00:00:00,10.698260940011178
5518,88,2,2053-07-01 00:00:00,10.704384004114257
5519,88,3,2022-07-01 00:00:00,12.871737217450802
5520,88,3,2023-07-01 00:00:00,12.67855512366464
5521,88,3,2024-07-01 00:00:00,12.382629730726162
5522,88,3,2025-07-01 00:00:00,11.07953000783238
5523,88,3,2026-07-01 00:00:00,8.869410097009624
5524,88,3,2027-07-01 00:00:00,7.86686365003232
5525,88,3,2028-07-01 00:00:00,7.866780316698986
5526,88,3,2029-07-01 00:00:00,7.861419334874411
5527,88,3,2030-07-01 00:00:00,7.856079186383175
5528,88,3,2031-07-01 00:00:00,7.82529641621297
5529,88,3,2032-07-01 00:00:00,7.921429917734516
5530,88,3,2033-07-01 00:00:00,8.042900212330865
5531,88,3,2034-07-01 00:00:00,8.04990725716402
5532,88,3,2035-07-01 00:00:00,8.05720634490406
5533,88,3,2036-07-01 00:00:00,8.084950645639676
5534,88,3,2037-07-01 00:00:00,8.21103615147749
5535,88,3,2038-07-01 00:00:00,8.334982280039196
5536,88,3,2039-07-01 00:00:00,8.366833116039555
5537,88,3,2040-07-01 00:00:00,8.510645159844309
5538,88,3,2041-07-01 00:00:00,8.646220677660676
5539,88,3,2042-07-01 00:00:00,8.64635567012861
5540,88,3,2043-07-01 00:00:00,8.64635567012861
5541,88,3,2044-07-01 00:00:00,8.64635567012861
5542,88,3,2045-07-01 00:00:00,8.64635567012861
5543,88,3,2046-07-01 00:00:00,8.64635567012861
5544,88,3,2047-07-01 00:00:00,8.64635567012861
5545,88,3,2048-07-01 00:00:00,8.64635567012861
5546,88,3,2049-07-01 00:00:00,8.64635567012861
5547,88,3,2050-07-01 00:00:00,8.64635567012861
5548,88,3,2051-07-01 00:00:00,8.64635567012861
5549,88,3,2052-07-01 00:00:00,8.64635567012861
5550,88,3,2053-07-01 00:00:00,8.64635567012861
5551,89,1,2022-07-01 00:00:00,17.41005926428744
5552,89,1,2023-07-01 00:00:00,17.08876646731997
5553,89,1,2024-07-01 00:00:00,15.87695508607903
5554,89,1,2025-07-01 00:00:00,13.87187577114363
5555,89,1,2026-07-01 00:00:00,12.671340628337113
5556,89,1,2027-07-01 00:00:00,12.464348013822022
5557,89,1,2028-07-01 00:00:00,12.29489486819622
5558,89,1,2029-07-01 00:00:00,12.272965663988506
5559,89,1,2030-07-01 00:00:00,12.396865340577797
5560,89,1,2031-07-01 00:00:00,12.427109940781882
5561,89,1,2032-07-01 00:00:00,12.573010333236834
5562,89,1,2033-07-01 00:00:00,13.064253555159713
5563,89,1,2034-07-01 00:00:00,13.58198128240233
5564,89,1,2035-07-01 00:00:00,13.868528540950546
5565,89,1,2036-07-01 00:00:00,13.937173479138579
5566,89,1,2037-07-01 00:00:00,14.107443145702412
5567,89,1,2038-07-01 00:00:00,14.267017373744784
5568,89,1,2039-07-01 00:00:00,14.247719926874755
5569,89,1,2040-07-01 00:00:00,14.395183563122949
5570,89,1,2041-07-01 00:00:00,14.611941934589924
5571,89,1,2042-07-01 00:00:00,14.794428417761885
5572,89,1,2043-07-01 00:00:00,15.077420125455141
5573,89,1,2044-07-01 00:00:00,15.263361192573129
5574,89,1,2045-07-01 00:00:00,15.409488399099233
5575,89,1,2046-07-01 00:00:00,15.53158918635206
5576,89,1,2047-07-01 00:00:00,15.768947283488536
5577,89,1,2048-07-01 00:00:00,16.315130382240024
5578,89,1,2049-07-01 00:00:00,16.67308843201242
5579,89,1,2050-07-01 00:00:00,16.85115152567733
5580,89,1,2051-07-01 00:00:00,17.15644960631203
5581,89,1,2052-07-01 00:00:00,17.467278876782473
5582,89,1,2053-07-01 00:00:00,17.783739547548322
5583,89,2,2022-07-01 00:00:00,17.460456285528238
5584,89,2,2023-07-01 00:00:00,17.05082708690508
5585,89,2,2024-07-01 00:00:00,16.08193977312382
5586,89,2,2025-07-01 00:00:00,14.11436704548111
5587,89,2,2026-07-01 00:00:00,12.370005083438471
5588,89,2,2027-07-01 00:00:00,11.695849174893809
5589,89,2,2028-07-01 00:00:00,11.284001797221816
5590,89,2,2029-07-01 00:00:00,11.213689187769322
5591,89,2,2030-07-01 00:00:00,11.22893483350969
5592,89,2,2031-07-01 00:00:00,11.260441479380724
5593,89,2,2032-07-01 00:00:00,11.35982433861019
5594,89,2,2033-07-01 00:00:00,11.507247311914222
5595,89,2,2034-07-01 00:00:00,11.713049644951301
5596,89,2,2035-07-01 00:00:00,11.834729102830032
5597,89,2,2036-07-01 00:00:00,11.83134022931235
5598,89,2,2037-07-01 00:00:00,11.956088422451824
5599,89,2,2038-07-01 00:00:00,12.125737462516048
5600,89,2,2039-07-01 00:00:00,12.383412444864826
5601,89,2,2040-07-01 00:00:00,12.719614040472255
5602,89,2,2041-07-01 00:00:00,12.941068302891278
5603,89,2,2042-07-01 00:00:00,12.936383608838337
5604,89,2,2043-07-01 00:00:00,12.878850239433465
5605,89,2,2044-07-01 00:00:00,13.049650979690451
5606,89,2,2045-07-01 00:00:00,13.31347795698552
5607,89,2,2046-07-01 00:00:00,13.466334196580144
5608,89,2,2047-07-01 00:00:00,13.484266868988046
5609,89,2,2048-07-01 00:00:00,13.570321350325155
5610,89,2,2049-07-01 00:00:00,13.694884329886403
5611,89,2,2050-07-01 00:00:00,13.854908486510949
5612,89,2,2051-07-01 00:00:00,14.11990173234945
5613,89,2,2052-07-01 00:00:00,14.389963320603087
5614,89,2,2053-07-01 00:00:00,14.665190189949508
5615,89,3,2022-07-01 00:00:00,17.0028648784394
5616,89,3,2023-07-01 00:00:00,16.453648262879717
5617,89,3,2024-07-01 00:00:00,15.927492226571989
5618,89,3,2025-07-01 00:00:00,14.010871506762971
5619,89,3,2026-07-01 00:00:00,11.312548682152366
5620,89,3,2027-07-01 00:00:00,10.42466619813991
5621,89,3,2028-07-01 00:00:00,10.279138552956763
5622,89,3,2029-07-01 00:00:00,10.196979891612402
5623,89,3,2030-07-01 00:00:00,10.061598261754641
5624,89,3,2031-07-01 00:00:00,9.78479249150191
5625,89,3,2032-07-01 00:00:00,9.589272022522758
5626,89,3,2033-07-01 00:00:00,9.620110203923204
5627,89,3,2034-07-01 00:00:00,9.695648421021822
5628,89,3,2035-07-01 00:00:00,9.790009266588795
5629,89,3,2036-07-01 00:00:00,9.837909761509994
5630,89,3,2037-07-01 00:00:00,9.90471008824423
5631,89,3,2038-07-01 00:00:00,10.036088829746426
5632,89,3,2039-07-01 00:00:00,10.072378098214383
5633,89,3,2040-07-01 00:00:00,10.141986519374186
5634,89,3,2041-07-01 00:00:00,10.286727735781493
5635,89,3,2042-07-01 00:00:00,10.41214217208506
5636,89,3,2043-07-01 00:00:00,10.528054934401627
5637,89,3,2044-07-01 00:00:00,10.613429890629028
5638,89,3,2045-07-01 00:00:00,10.719184668357038
5639,89,3,2046-07-01 00:00:00,10.836670168216177
5640,89,3,2047-07-01 00:00:00,10.91909507181634
5641,89,3,2048-07-01 00:00:00,10.979119638644189
5642,89,3,2049-07-01 00:00:00,10.993467545476737
5643,89,3,2050-07-01 00:00:00,11.008505621201701
5644,89,3,2051-07-01 00:00:00,11.105064982864631
5645,89,3,2052-07-01 00:00:00,11.202471299658946
5646,89,3,2053-07-01 00:00:00,11.300732000517293
5647,90,1,2022-07-01 00:00:00,18.71637424858907
5648,90,1,2023-07-01 00:00:00,18.448354983354225
5649,90,1,2024-07-01 00:00:00,17.02356150213611
5650,90,1,2025-07-01 00:00:00,14.312030160427522
5651,90,1,2026-07-01 00:00:00,12.698123910472573
5652,90,1,2027-07-01 00:00:00,12.537343448309652
5653,90,1,2028-07-01 00:00:00,12.518080359697176
5654,90,1,2029-07-01 00:00:00,12.5910914754663
5655,90,1,2030-07-01 00:00:00,12.66514868882811
5656,90,1,2031-07-01 00:00:00,12.557133035939867
5657,90,1,2032-07-01 00:00:00,12.54737636146237
5658,90,1,2033-07-01 00:00:00,13.017772892798257
5659,90,1,2034-07-01 00:00:00,13.568085048271687
5660,90,1,2035-07-01 00:00:00,13.923972286375307
5661,90,1,2036-07-01 00:00:00,14.082771246967658
5662,90,1,2037-07-01 00:00:00,14.374185652299534
5663,90,1,2038-07-01 00:00:00,14.622194382595012
5664,90,1,2039-07-01 00:00:00,14.672243411380123
5665,90,1,2040-07-01 00:00:00,14.894260121287676
5666,90,1,2041-07-01 00:00:00,15.196667054395105
5667,90,1,2042-07-01 00:00:00,15.435129162973677
5668,90,1,2043-07-01 00:00:00,15.716390833545276
5669,90,1,2044-07-01 00:00:00,15.924528444699702
5670,90,1,2045-07-01 00:00:00,16.05733494930152
5671,90,1,2046-07-01 00:00:00,16.156496271018128
5672,90,1,2047-07-01 00:00:00,16.393854368154607
5673,90,1,2048-07-01 00:00:00,16.898839604774906
5674,90,1,2049-07-01 00:00:00,17.19949503287009
5675,90,1,2050-07-01 00:00:00,17.34882479179982
5676,90,1,2051-07-01 00:00:00,17.62835896413882
5677,90,1,2052-07-01 00:00:00,17.91239715069451
5678,90,1,2053-07-01 00:00:00,18.20101192271604
5679,90,2,2022-07-01 00:00:00,18.929408209089548
5680,90,2,2023-07-01 00:00:00,18.631477013943126
5681,90,2,2024-07-01 00:00:00,17.53944219870715
5682,90,2,2025-07-01 00:00:00,14.754579709762499
5683,90,2,2026-07-01 00:00:00,12.505976034219922
5684,90,2,2027-07-01 00:00:00,12.024761394259368
5685,90,2,2028-07-01 00:00:00,11.736988842077988
5686,90,2,2029-07-01 00:00:00,11.676934180839297
5687,90,2,2030-07-01 00:00:00,11.66407569739588
5688,90,2,2031-07-01 00:00:00,11.622886534234475
5689,90,2,2032-07-01 00:00:00,11.670641449519227
5690,90,2,2033-07-01 00:00:00,11.780862214043088
5691,90,2,2034-07-01 00:00:00,11.973451438672805
5692,90,2,2035-07-01 00:00:00,12.077665238508565
5693,90,2,2036-07-01 00:00:00,12.035786283388639
5694,90,2,2037-07-01 00:00:00,12.145561608955799
5695,90,2,2038-07-01 00:00:00,12.30523121716698
5696,90,2,2039-07-01 00:00:00,12.617823465604982
5697,90,2,2040-07-01 00:00:00,13.023309834778267
5698,90,2,2041-07-01 00:00:00,13.331310179449606
5699,90,2,2042-07-01 00:00:00,13.467682034398626
5700,90,2,2043-07-01 00:00:00,13.512753479175572
5701,90,2,2044-07-01 00:00:00,13.724679843334414
5702,90,2,2045-07-01 00:00:00,13.997684536187716
5703,90,2,2046-07-01 00:00:00,14.153209173200189
5704,90,2,2047-07-01 00:00:00,14.17025237980214
5705,90,2,2048-07-01 00:00:00,14.254527929527349
5706,90,2,2049-07-01 00:00:00,14.37677529250007
5707,90,2,2050-07-01 00:00:00,14.537156215386698
5708,90,2,2051-07-01 00:00:00,14.80747418607937
5709,90,2,2052-07-01 00:00:00,15.082818711085466
5710,90,2,2053-07-01 00:00:00,15.363283259027149
5711,90,3,2022-07-01 00:00:00,18.629130723486103
5712,90,3,2023-07-01 00:00:00,17.934779237387367
5713,90,3,2024-07-01 00:00:00,17.367245546466567
5714,90,3,2025-07-01 00:00:00,14.8518551224642
5715,90,3,2026-07-01 00:00:00,11.332506943424924
5716,90,3,2027-07-01 00:00:00,10.315166517473934
5717,90,3,2028-07-01 00:00:00,10.171271522080342
5718,90,3,2029-07-01 00:00:00,10.08942660191724
5719,90,3,2030-07-01 00:00:00,9.937540933871297
5720,90,3,2031-07-01 00:00:00,9.65650954166788
5721,90,3,2032-07-01 00:00:00,9.46098907268873
5722,90,3,2033-07-01 00:00:00,9.491827254089177
5723,90,3,2034-07-01 00:00:00,9.567365471187788
5724,90,3,2035-07-01 00:00:00,9.661726316754763
5725,90,3,2036-07-01 00:00:00,9.70962681167596
5726,90,3,2037-07-01 00:00:00,9.77642713841019
5727,90,3,2038-07-01 00:00:00,9.907805879912388
5728,90,3,2039-07-01 00:00:00,9.945622326354563
5729,90,3,2040-07-01 00:00:00,10.016757925488584
5730,90,3,2041-07-01 00:00:00,10.161499141895895
5731,90,3,2042-07-01 00:00:00,10.28691357819946
5732,90,3,2043-07-01 00:00:00,10.439058577178741
5733,90,3,2044-07-01 00:00:00,10.560665770068852
5734,90,3,2045-07-01 00:00:00,10.666420547796855
5735,90,3,2046-07-01 00:00:00,10.751767232931744
5736,90,3,2047-07-01 00:00:00,10.797959899869198
5737,90,3,2048-07-01 00:00:00,10.866734433002904
5738,90,3,2049-07-01 00:00:00,10.889818998733606
5739,90,3,2050-07-01 00:00:00,10.895837818012243
5740,90,3,2051-07-01 00:00:00,10.98249372458313
5741,90,3,2052-07-01 00:00:00,11.06983881598487
5742,90,3,2053-07-01 00:00:00,11.157878573387185
5743,91,1,2022-07-01 00:00:00,14.078305095888654
5744,91,1,2023-07-01 00:00:00,13.878731511432811
5745,91,1,2024-07-01 00:00:00,13.569239777972488
5746,91,1,2025-07-01 00:00:00,12.484918988630254
5747,91,1,2026-07-01 00:00:00,11.49803580903465
5748,91,1,2027-07-01 00:00:00,11.447807326630201
5749,91,1,2028-07-01 00:00:00,11.398206633876551
5750,91,1,2029-07-01 00:00:00,11.354609654688101
5751,91,1,2030-07-01 00:00:00,11.354265242359151
5752,91,1,2031-07-01 00:00:00,11.3556349595525
5753,91,1,2032-07-01 00:00:00,11.43599949782255
5754,91,1,2033-07-01 00:00:00,11.67691543157805
5755,91,1,2034-07-01 00:00:00,11.8326352597138
5756,91,1,2035-07-01 00:00:00,11.8578337924232
5757,91,1,2036-07-01 00:00:00,11.8578337924232
5758,91,1,2037-07-01 00:00:00,11.9828337924232
5759,91,1,2038-07-01 00:00:00,12.1078337924232
5760,91,1,2039-07-01 00:00:00,12.1078337924232
5761,91,1,2040-07-01 00:00:00,12.2328337924232
5762,91,1,2041-07-01 00:00:00,12.3578337924232
5763,91,1,2042-07-01 00:00:00,12.3578337924232
5764,91,1,2043-07-01 00:00:00,12.3578337924232
5765,91,1,2044-07-01 00:00:00,12.3578337924232
5766,91,1,2045-07-01 00:00:00,12.3578337924232
5767,91,1,2046-07-01 00:00:00,12.3578337924232
5768,91,1,2047-07-01 00:00:00,12.3578337924232
5769,91,1,2048-07-01 00:00:00,12.3578337924232
5770,91,1,2049-07-01 00:00:00,12.388728376904258
5771,91,1,2050-07-01 00:00:00,12.450672018788778
5772,91,1,2051-07-01 00:00:00,12.51292537888272
5773,91,1,2052-07-01 00:00:00,12.575490005777132
5774,91,1,2053-07-01 00:00:00,12.638367455806016
5775,91,2,2022-07-01 00:00:00,13.372051166245608
5776,91,2,2023-07-01 00:00:00,13.182777059349611
5777,91,2,2024-07-01 00:00:00,12.795305425886411
5778,91,2,2025-07-01 00:00:00,11.302470845871255
5779,91,2,2026-07-01 00:00:00,10.00783379242325
5780,91,2,2027-07-01 00:00:00,10.0078337924232
5781,91,2,2028-07-01 00:00:00,10.0078337924232
5782,91,2,2029-07-01 00:00:00,10.0078337924232
5783,91,2,2030-07-01 00:00:00,10.0078337924232
5784,91,2,2031-07-01 00:00:00,10.13283379242325
5785,91,2,2032-07-01 00:00:00,10.25783379242325
5786,91,2,2033-07-01 00:00:00,10.2578337924232
5787,91,2,2034-07-01 00:00:00,10.2578337924232
5788,91,2,2035-07-01 00:00:00,10.2578337924232
5789,91,2,2036-07-01 00:00:00,10.3828337924232
5790,91,2,2037-07-01 00:00:00,10.50783379242325
5791,91,2,2038-07-01 00:00:00,10.50783379242325
5792,91,2,2039-07-01 00:00:00,10.6328337924232
5793,91,2,2040-07-01 00:00:00,10.7578337924232
5794,91,2,2041-07-01 00:00:00,10.75783379242325
5795,91,2,2042-07-01 00:00:00,10.75783379242325
5796,91,2,2043-07-01 00:00:00,10.7578337924232
5797,91,2,2044-07-01 00:00:00,10.7578337924232
5798,91,2,2045-07-01 00:00:00,10.7578337924232
5799,91,2,2046-07-01 00:00:00,10.7578337924232
5800,91,2,2047-07-01 00:00:00,10.7578337924232
5801,91,2,2048-07-01 00:00:00,10.784728376904258
5802,91,2,2049-07-01 00:00:00,10.838652018788778
5803,91,2,2050-07-01 00:00:00,10.892845278882723
5804,91,2,2051-07-01 00:00:00,10.947309505277136
5805,91,2,2052-07-01 00:00:00,11.00204605280352
5806,91,2,2053-07-01 00:00:00,11.057056283067535
5807,91,3,2022-07-01 00:00:00,12.982777059349614
5808,91,3,2023-07-01 00:00:00,12.789594965563488
5809,91,3,2024-07-01 00:00:00,12.49366957262501
5810,91,3,2025-07-01 00:00:00,11.199380032947928
5811,91,3,2026-07-01 00:00:00,9.007833792423225
5812,91,3,2027-07-01 00:00:00,8.00783379242325
5813,91,3,2028-07-01 00:00:00,8.00783379242325
5814,91,3,2029-07-01 00:00:00,8.00783379242325
5815,91,3,2030-07-01 00:00:00,8.00783379242325
5816,91,3,2031-07-01 00:00:00,8.00783379242325
5817,91,3,2032-07-01 00:00:00,8.13283379242325
5818,91,3,2033-07-01 00:00:00,8.25783379242325
5819,91,3,2034-07-01 00:00:00,8.25783379242325
5820,91,3,2035-07-01 00:00:00,8.25783379242325
5821,91,3,2036-07-01 00:00:00,8.25783379242325
5822,91,3,2037-07-01 00:00:00,8.38283379242325
5823,91,3,2038-07-01 00:00:00,8.50783379242325
5824,91,3,2039-07-01 00:00:00,8.50783379242325
5825,91,3,2040-07-01 00:00:00,8.63283379242325
5826,91,3,2041-07-01 00:00:00,8.75783379242325
5827,91,3,2042-07-01 00:00:00,8.75783379242325
5828,91,3,2043-07-01 00:00:00,8.75783379242325
5829,91,3,2044-07-01 00:00:00,8.75783379242325
5830,91,3,2045-07-01 00:00:00,8.75783379242325
5831,91,3,2046-07-01 00:00:00,8.75783379242325
5832,91,3,2047-07-01 00:00:00,8.75783379242325
5833,91,3,2048-07-01 00:00:00,8.75783379242325
5834,91,3,2049-07-01 00:00:00,8.779728376904309
5835,91,3,2050-07-01 00:00:00,8.82362701878883
5836,91,3,2051-07-01 00:00:00,8.867745153882773
5837,91,3,2052-07-01 00:00:00,8.912083879652185
5838,91,3,2053-07-01 00:00:00,8.956644299050446
