id,gen_id,scenario,date,value
1,1,1,2022-07-01 00:00:00,24.050846068205146
2,1,1,2023-07-01 00:00:00,24.368225118456934
3,1,1,2024-07-01 00:00:00,23.897849456933606
4,1,1,2025-07-01 00:00:00,23.504032709402722
5,1,1,2026-07-01 00:00:00,41.44142508643778
6,1,1,2027-07-01 00:00:00,41.24886053294676
7,1,1,2028-07-01 00:00:00,41.09936511833718
8,1,1,2029-07-01 00:00:00,41.051013057626115
9,1,1,2030-07-01 00:00:00,40.82052143411901
10,1,1,2031-07-01 00:00:00,40.5754019636523
11,1,1,2032-07-01 00:00:00,40.31849224180227
12,1,1,2033-07-01 00:00:00,40.05537928735348
13,1,1,2034-07-01 00:00:00,39.78879946021876
14,1,1,2035-07-01 00:00:00,39.512749922601
15,1,1,2036-07-01 00:00:00,39.23071295171388
16,1,1,2037-07-01 00:00:00,38.93687372317177
17,1,1,2038-07-01 00:00:00,38.63382895052612
18,1,1,2039-07-01 00:00:00,38.80727519862427
19,1,1,2040-07-01 00:00:00,38.719804668214685
20,1,1,2041-07-01 00:00:00,38.370382132380534
21,1,1,2042-07-01 00:00:00,38.014577122075906
22,1,1,2043-07-01 00:00:00,37.65332956916229
23,1,1,2044-07-01 00:00:00,37.56497355700869
24,1,1,2045-07-01 00:00:00,37.56497355700869
25,1,1,2046-07-01 00:00:00,37.56497355700869
26,1,1,2047-07-01 00:00:00,37.56497355700869
27,1,1,2048-07-01 00:00:00,37.56497355700869
28,1,1,2049-07-01 00:00:00,37.56497355700869
29,1,1,2050-07-01 00:00:00,37.56497355700869
30,1,1,2051-07-01 00:00:00,37.56497355700869
31,1,1,2052-07-01 00:00:00,37.56497355700869
32,1,1,2053-07-01 00:00:00,37.56497355700869
33,1,2,2022-07-01 00:00:00,23.832086879153692
34,1,2,2023-07-01 00:00:00,24.057247997429506
35,1,2,2024-07-01 00:00:00,23.58384439280752
36,1,2,2025-07-01 00:00:00,23.190780386242608
37,1,2,2026-07-01 00:00:00,39.395814815744146
38,1,2,2027-07-01 00:00:00,39.2090171859111
39,1,2,2028-07-01 00:00:00,39.02792749117529
40,1,2,2029-07-01 00:00:00,38.98315129476537
41,1,2,2030-07-01 00:00:00,38.28606915816637
42,1,2,2031-07-01 00:00:00,36.53630190191618
43,1,2,2032-07-01 00:00:00,34.684416397957115
44,1,2,2033-07-01 00:00:00,33.07033660014952
45,1,2,2034-07-01 00:00:00,32.2218515897614
46,1,2,2035-07-01 00:00:00,31.70792849078176
47,1,2,2036-07-01 00:00:00,30.929721041695686
48,1,2,2037-07-01 00:00:00,30.1558318160531
49,1,2,2038-07-01 00:00:00,29.38641434966344
50,1,2,2039-07-01 00:00:00,29.178777441146174
51,1,2,2040-07-01 00:00:00,29.073079932602745
52,1,2,2041-07-01 00:00:00,29.073079932602745
53,1,2,2042-07-01 00:00:00,29.073079932602745
54,1,2,2043-07-01 00:00:00,29.073079932602745
55,1,2,2044-07-01 00:00:00,29.073079932602745
56,1,2,2045-07-01 00:00:00,29.073079932602745
57,1,2,2046-07-01 00:00:00,29.073079932602745
58,1,2,2047-07-01 00:00:00,29.073079932602745
59,1,2,2048-07-01 00:00:00,29.073079932602745
60,1,2,2049-07-01 00:00:00,29.073079932602745
61,1,2,2050-07-01 00:00:00,29.073079932602745
62,1,2,2051-07-01 00:00:00,29.073079932602745
63,1,2,2052-07-01 00:00:00,29.073079932602745
64,1,2,2053-07-01 00:00:00,29.073079932602745
65,1,3,2022-07-01 00:00:00,23.832086879153692
66,1,3,2023-07-01 00:00:00,24.057247997429506
67,1,3,2024-07-01 00:00:00,23.58384439280752
68,1,3,2025-07-01 00:00:00,23.190780386242608
69,1,3,2026-07-01 00:00:00,33.90491166631605
70,1,3,2027-07-01 00:00:00,33.51759021644307
71,1,3,2028-07-01 00:00:00,33.31087335719266
72,1,3,2029-07-01 00:00:00,33.27450469747957
73,1,3,2030-07-01 00:00:00,33.095686501991956
74,1,3,2031-07-01 00:00:00,32.92215196240477
75,1,3,2032-07-01 00:00:00,32.727124246826534
76,1,3,2033-07-01 00:00:00,32.46864662468155
77,1,3,2034-07-01 00:00:00,32.2218515897614
78,1,3,2035-07-01 00:00:00,31.70792849078176
79,1,3,2036-07-01 00:00:00,30.929721041695686
80,1,3,2037-07-01 00:00:00,30.1558318160531
81,1,3,2038-07-01 00:00:00,29.38641434966344
82,1,3,2039-07-01 00:00:00,29.178777441146174
83,1,3,2040-07-01 00:00:00,29.073079932602745
84,1,3,2041-07-01 00:00:00,29.073079932602745
85,1,3,2042-07-01 00:00:00,29.073079932602745
86,1,3,2043-07-01 00:00:00,29.073079932602745
87,1,3,2044-07-01 00:00:00,29.073079932602745
88,1,3,2045-07-01 00:00:00,29.073079932602745
89,1,3,2046-07-01 00:00:00,29.073079932602745
90,1,3,2047-07-01 00:00:00,29.073079932602745
91,1,3,2048-07-01 00:00:00,29.073079932602745
92,1,3,2049-07-01 00:00:00,29.073079932602745
93,1,3,2050-07-01 00:00:00,29.073079932602745
94,1,3,2051-07-01 00:00:00,29.073079932602745
95,1,3,2052-07-01 00:00:00,29.073079932602745
96,1,3,2053-07-01 00:00:00,29.073079932602745
97,2,1,2022-07-01 00:00:00,26.169487808942197
98,2,1,2023-07-01 00:00:00,26.27256265161637
99,2,1,2024-07-01 00:00:00,26.334503609899087
100,2,1,2025-07-01 00:00:00,26.341339553078548
101,2,1,2026-07-01 00:00:00,26.348175496257966
102,2,1,2027-07-01 00:00:00,26.355011439437323
103,2,1,2028-07-01 00:00:00,26.361847382616727
104,2,1,2029-07-01 00:00:00,26.368683325796162
105,2,1,2030-07-01 00:00:00,26.375519268975538
106,2,1,2031-07-01 00:00:00,26.382355212154966
107,2,1,2032-07-01 00:00:00,26.389191155334412
108,2,1,2033-07-01 00:00:00,26.392607049129825
109,2,1,2034-07-01 00:00:00,26.392607049129825
110,2,1,2035-07-01 00:00:00,26.392607049129825
111,2,1,2036-07-01 00:00:00,26.392607049129825
112,2,1,2037-07-01 00:00:00,26.392607049129825
113,2,1,2038-07-01 00:00:00,26.392607049129825
114,2,1,2039-07-01 00:00:00,26.392607049129825
115,2,1,2040-07-01 00:00:00,26.392607049129825
116,2,1,2041-07-01 00:00:00,26.392607049129825
117,2,1,2042-07-01 00:00:00,26.392607049129825
118,2,1,2043-07-01 00:00:00,26.392607049129825
119,2,1,2044-07-01 00:00:00,26.392607049129825
120,2,1,2045-07-01 00:00:00,26.392607049129825
121,2,1,2046-07-01 00:00:00,26.392607049129825
122,2,1,2047-07-01 00:00:00,26.392607049129825
123,2,1,2048-07-01 00:00:00,26.392607049129825
124,2,1,2049-07-01 00:00:00,26.392607049129825
125,2,1,2050-07-01 00:00:00,26.392607049129825
126,2,1,2051-07-01 00:00:00,26.392607049129825
127,2,1,2052-07-01 00:00:00,26.392607049129825
128,2,1,2053-07-01 00:00:00,26.392607049129825
129,2,2,2022-07-01 00:00:00,26.169487808942197
130,2,2,2023-07-01 00:00:00,26.27256265161637
131,2,2,2024-07-01 00:00:00,26.334503609899087
132,2,2,2025-07-01 00:00:00,26.341339553078548
133,2,2,2026-07-01 00:00:00,26.348175496257966
134,2,2,2027-07-01 00:00:00,26.355011439437323
135,2,2,2028-07-01 00:00:00,26.361847382616727
136,2,2,2029-07-01 00:00:00,26.368683325796162
137,2,2,2030-07-01 00:00:00,26.375519268975538
138,2,2,2031-07-01 00:00:00,26.382355212154966
139,2,2,2032-07-01 00:00:00,26.389191155334412
140,2,2,2033-07-01 00:00:00,26.392607049129825
141,2,2,2034-07-01 00:00:00,26.392607049129825
142,2,2,2035-07-01 00:00:00,26.392607049129825
143,2,2,2036-07-01 00:00:00,26.392607049129825
144,2,2,2037-07-01 00:00:00,26.392607049129825
145,2,2,2038-07-01 00:00:00,26.392607049129825
146,2,2,2039-07-01 00:00:00,26.392607049129825
147,2,2,2040-07-01 00:00:00,26.392607049129825
148,2,2,2041-07-01 00:00:00,26.392607049129825
149,2,2,2042-07-01 00:00:00,26.392607049129825
150,2,2,2043-07-01 00:00:00,26.392607049129825
151,2,2,2044-07-01 00:00:00,26.392607049129825
152,2,2,2045-07-01 00:00:00,26.392607049129825
153,2,2,2046-07-01 00:00:00,26.392607049129825
154,2,2,2047-07-01 00:00:00,26.392607049129825
155,2,2,2048-07-01 00:00:00,26.392607049129825
156,2,2,2049-07-01 00:00:00,26.392607049129825
157,2,2,2050-07-01 00:00:00,26.392607049129825
158,2,2,2051-07-01 00:00:00,26.392607049129825
159,2,2,2052-07-01 00:00:00,26.392607049129825
160,2,2,2053-07-01 00:00:00,26.392607049129825
161,2,3,2022-07-01 00:00:00,26.169487808942197
162,2,3,2023-07-01 00:00:00,26.27256265161637
163,2,3,2024-07-01 00:00:00,26.334503609899087
164,2,3,2025-07-01 00:00:00,26.341339553078548
165,2,3,2026-07-01 00:00:00,26.348175496257966
166,2,3,2027-07-01 00:00:00,26.355011439437323
167,2,3,2028-07-01 00:00:00,26.361847382616727
168,2,3,2029-07-01 00:00:00,26.368683325796162
169,2,3,2030-07-01 00:00:00,26.375519268975538
170,2,3,2031-07-01 00:00:00,26.382355212154966
171,2,3,2032-07-01 00:00:00,26.389191155334412
172,2,3,2033-07-01 00:00:00,26.392607049129825
173,2,3,2034-07-01 00:00:00,26.392607049129825
174,2,3,2035-07-01 00:00:00,26.392607049129825
175,2,3,2036-07-01 00:00:00,26.392607049129825
176,2,3,2037-07-01 00:00:00,26.392607049129825
177,2,3,2038-07-01 00:00:00,26.392607049129825
178,2,3,2039-07-01 00:00:00,26.392607049129825
179,2,3,2040-07-01 00:00:00,26.392607049129825
180,2,3,2041-07-01 00:00:00,26.392607049129825
181,2,3,2042-07-01 00:00:00,26.392607049129825
182,2,3,2043-07-01 00:00:00,26.392607049129825
183,2,3,2044-07-01 00:00:00,26.392607049129825
184,2,3,2045-07-01 00:00:00,26.392607049129825
185,2,3,2046-07-01 00:00:00,26.392607049129825
186,2,3,2047-07-01 00:00:00,26.392607049129825
187,2,3,2048-07-01 00:00:00,26.392607049129825
188,2,3,2049-07-01 00:00:00,26.392607049129825
189,2,3,2050-07-01 00:00:00,26.392607049129825
190,2,3,2051-07-01 00:00:00,26.392607049129825
191,2,3,2052-07-01 00:00:00,26.392607049129825
192,2,3,2053-07-01 00:00:00,26.392607049129825
193,3,1,2022-07-01 00:00:00,26.497329360905034
194,3,1,2023-07-01 00:00:00,26.602002263155555
195,3,1,2024-07-01 00:00:00,26.664903546372887
196,3,1,2025-07-01 00:00:00,26.671845473167533
197,3,1,2026-07-01 00:00:00,26.678787399962133
198,3,1,2027-07-01 00:00:00,26.685729326756675
199,3,1,2028-07-01 00:00:00,26.692671253551264
200,3,1,2029-07-01 00:00:00,26.699613180345885
201,3,1,2030-07-01 00:00:00,26.706555107140446
202,3,1,2031-07-01 00:00:00,26.713497033935056
203,3,1,2032-07-01 00:00:00,26.72043896072969
204,3,1,2033-07-01 00:00:00,26.72390781411883
205,3,1,2034-07-01 00:00:00,26.72390781411883
206,3,1,2035-07-01 00:00:00,26.72390781411883
207,3,1,2036-07-01 00:00:00,26.72390781411883
208,3,1,2037-07-01 00:00:00,26.72390781411883
209,3,1,2038-07-01 00:00:00,26.72390781411883
210,3,1,2039-07-01 00:00:00,26.72390781411883
211,3,1,2040-07-01 00:00:00,26.72390781411883
212,3,1,2041-07-01 00:00:00,26.72390781411883
213,3,1,2042-07-01 00:00:00,26.72390781411883
214,3,1,2043-07-01 00:00:00,26.72390781411883
215,3,1,2044-07-01 00:00:00,26.72390781411883
216,3,1,2045-07-01 00:00:00,26.72390781411883
217,3,1,2046-07-01 00:00:00,26.72390781411883
218,3,1,2047-07-01 00:00:00,26.72390781411883
219,3,1,2048-07-01 00:00:00,26.72390781411883
220,3,1,2049-07-01 00:00:00,26.72390781411883
221,3,1,2050-07-01 00:00:00,26.72390781411883
222,3,1,2051-07-01 00:00:00,26.72390781411883
223,3,1,2052-07-01 00:00:00,26.72390781411883
224,3,1,2053-07-01 00:00:00,26.72390781411883
225,3,2,2022-07-01 00:00:00,26.497329360905034
226,3,2,2023-07-01 00:00:00,26.602002263155555
227,3,2,2024-07-01 00:00:00,26.664903546372887
228,3,2,2025-07-01 00:00:00,26.671845473167533
229,3,2,2026-07-01 00:00:00,26.678787399962133
230,3,2,2027-07-01 00:00:00,26.685729326756675
231,3,2,2028-07-01 00:00:00,26.692671253551264
232,3,2,2029-07-01 00:00:00,26.699613180345885
233,3,2,2030-07-01 00:00:00,26.706555107140446
234,3,2,2031-07-01 00:00:00,26.713497033935056
235,3,2,2032-07-01 00:00:00,26.72043896072969
236,3,2,2033-07-01 00:00:00,26.72390781411883
237,3,2,2034-07-01 00:00:00,26.72390781411883
238,3,2,2035-07-01 00:00:00,26.72390781411883
239,3,2,2036-07-01 00:00:00,26.72390781411883
240,3,2,2037-07-01 00:00:00,26.72390781411883
241,3,2,2038-07-01 00:00:00,26.72390781411883
242,3,2,2039-07-01 00:00:00,26.72390781411883
243,3,2,2040-07-01 00:00:00,26.72390781411883
244,3,2,2041-07-01 00:00:00,26.72390781411883
245,3,2,2042-07-01 00:00:00,26.72390781411883
246,3,2,2043-07-01 00:00:00,26.72390781411883
247,3,2,2044-07-01 00:00:00,26.72390781411883
248,3,2,2045-07-01 00:00:00,26.72390781411883
249,3,2,2046-07-01 00:00:00,26.72390781411883
250,3,2,2047-07-01 00:00:00,26.72390781411883
251,3,2,2048-07-01 00:00:00,26.72390781411883
252,3,2,2049-07-01 00:00:00,26.72390781411883
253,3,2,2050-07-01 00:00:00,26.72390781411883
254,3,2,2051-07-01 00:00:00,26.72390781411883
255,3,2,2052-07-01 00:00:00,26.72390781411883
256,3,2,2053-07-01 00:00:00,26.72390781411883
257,3,3,2022-07-01 00:00:00,26.497329360905034
258,3,3,2023-07-01 00:00:00,26.602002263155555
259,3,3,2024-07-01 00:00:00,26.664903546372887
260,3,3,2025-07-01 00:00:00,26.671845473167533
261,3,3,2026-07-01 00:00:00,26.678787399962133
262,3,3,2027-07-01 00:00:00,26.685729326756675
263,3,3,2028-07-01 00:00:00,26.692671253551264
264,3,3,2029-07-01 00:00:00,26.699613180345885
265,3,3,2030-07-01 00:00:00,26.706555107140446
266,3,3,2031-07-01 00:00:00,26.713497033935056
267,3,3,2032-07-01 00:00:00,26.72043896072969
268,3,3,2033-07-01 00:00:00,26.72390781411883
269,3,3,2034-07-01 00:00:00,26.72390781411883
270,3,3,2035-07-01 00:00:00,26.72390781411883
271,3,3,2036-07-01 00:00:00,26.72390781411883
272,3,3,2037-07-01 00:00:00,26.72390781411883
273,3,3,2038-07-01 00:00:00,26.72390781411883
274,3,3,2039-07-01 00:00:00,26.72390781411883
275,3,3,2040-07-01 00:00:00,26.72390781411883
276,3,3,2041-07-01 00:00:00,26.72390781411883
277,3,3,2042-07-01 00:00:00,26.72390781411883
278,3,3,2043-07-01 00:00:00,26.72390781411883
279,3,3,2044-07-01 00:00:00,26.72390781411883
280,3,3,2045-07-01 00:00:00,26.72390781411883
281,3,3,2046-07-01 00:00:00,26.72390781411883
282,3,3,2047-07-01 00:00:00,26.72390781411883
283,3,3,2048-07-01 00:00:00,26.72390781411883
284,3,3,2049-07-01 00:00:00,26.72390781411883
285,3,3,2050-07-01 00:00:00,26.72390781411883
286,3,3,2051-07-01 00:00:00,26.72390781411883
287,3,3,2052-07-01 00:00:00,26.72390781411883
288,3,3,2053-07-01 00:00:00,26.72390781411883
289,4,1,2022-07-01 00:00:00,112.69879077349599
290,4,1,2023-07-01 00:00:00,46.96304517555287
291,4,1,2024-07-01 00:00:00,55.62113884074732
292,4,1,2025-07-01 00:00:00,45.56569588426233
293,4,1,2026-07-01 00:00:00,44.80161747119058
294,4,1,2027-07-01 00:00:00,44.59124748796997
295,4,1,2028-07-01 00:00:00,44.42792901999223
296,4,1,2029-07-01 00:00:00,44.205923337536284
297,4,1,2030-07-01 00:00:00,43.958792555208795
298,4,1,2031-07-01 00:00:00,43.6969129665752
299,4,1,2032-07-01 00:00:00,43.421079342949525
300,4,1,2033-07-01 00:00:00,43.13194957987949
301,4,1,2034-07-01 00:00:00,42.83005796043065
302,4,1,2035-07-01 00:00:00,42.51602557779717
303,4,1,2036-07-01 00:00:00,42.190524941081435
304,4,1,2037-07-01 00:00:00,41.85442774056446
305,4,1,2038-07-01 00:00:00,41.508454449844535
306,4,1,2039-07-01 00:00:00,41.153512206446216
307,4,1,2040-07-01 00:00:00,40.79023329419099
308,4,1,2041-07-01 00:00:00,40.419291314701965
309,4,1,2042-07-01 00:00:00,40.04157379136182
310,4,1,2043-07-01 00:00:00,39.65807854242646
311,4,1,2044-07-01 00:00:00,39.56428106033284
312,4,1,2045-07-01 00:00:00,39.56428106033284
313,4,1,2046-07-01 00:00:00,39.56428106033284
314,4,1,2047-07-01 00:00:00,39.56428106033284
315,4,1,2048-07-01 00:00:00,39.56428106033284
316,4,1,2049-07-01 00:00:00,39.56428106033284
317,4,1,2050-07-01 00:00:00,39.56428106033284
318,4,1,2051-07-01 00:00:00,39.56428106033284
319,4,1,2052-07-01 00:00:00,39.56428106033284
320,4,1,2053-07-01 00:00:00,39.56428106033284
321,4,2,2022-07-01 00:00:00,97.65816506725177
322,4,2,2023-07-01 00:00:00,46.946261226943
323,4,2,2024-07-01 00:00:00,44.82514704921845
324,4,2,2025-07-01 00:00:00,43.36174186961772
325,4,2,2026-07-01 00:00:00,42.96241333348679
326,4,2,2027-07-01 00:00:00,42.75618899556749
327,4,2,2028-07-01 00:00:00,42.55626621049639
328,4,2,2029-07-01 00:00:00,42.32686076927531
329,4,2,2030-07-01 00:00:00,41.57537267863921
330,4,2,2031-07-01 00:00:00,39.665589829255275
331,4,2,2032-07-01 00:00:00,37.64217333399904
332,4,2,2033-07-01 00:00:00,35.86635970034274
333,4,2,2034-07-01 00:00:00,34.920350415056355
334,4,2,2035-07-01 00:00:00,34.328727551925866
335,4,2,2036-07-01 00:00:00,33.433204899125954
336,4,2,2037-07-01 00:00:00,32.54307833296988
337,4,2,2038-07-01 00:00:00,31.658539713036383
338,4,2,2039-07-01 00:00:00,30.77979010349948
339,4,2,2040-07-01 00:00:00,30.34265166372797
340,4,2,2041-07-01 00:00:00,30.34265166372797
341,4,2,2042-07-01 00:00:00,30.34265166372797
342,4,2,2043-07-01 00:00:00,30.34265166372797
343,4,2,2044-07-01 00:00:00,30.34265166372797
344,4,2,2045-07-01 00:00:00,30.34265166372797
345,4,2,2046-07-01 00:00:00,30.34265166372797
346,4,2,2047-07-01 00:00:00,30.34265166372797
347,4,2,2048-07-01 00:00:00,30.34265166372797
348,4,2,2049-07-01 00:00:00,30.34265166372797
349,4,2,2050-07-01 00:00:00,30.34265166372797
350,4,2,2051-07-01 00:00:00,30.34265166372797
351,4,2,2052-07-01 00:00:00,30.34265166372797
352,4,2,2053-07-01 00:00:00,30.34265166372797
353,4,3,2022-07-01 00:00:00,96.07777724107838
354,4,3,2023-07-01 00:00:00,47.786956812912734
355,4,3,2024-07-01 00:00:00,44.214591827639374
356,4,3,2025-07-01 00:00:00,38.335844099228574
357,4,3,2026-07-01 00:00:00,36.90046347051504
358,4,3,2027-07-01 00:00:00,36.4728610987216
359,4,3,2028-07-01 00:00:00,36.24464595769558
360,4,3,2029-07-01 00:00:00,36.054845319200716
361,4,3,2030-07-01 00:00:00,35.870516818195476
362,4,3,2031-07-01 00:00:00,35.691660454679855
363,4,3,2032-07-01 00:00:00,35.48918956093728
364,4,3,2033-07-01 00:00:00,35.204519960757224
365,4,3,2034-07-01 00:00:00,34.920350415056355
366,4,3,2035-07-01 00:00:00,34.328727551925866
367,4,3,2036-07-01 00:00:00,33.433204899125954
368,4,3,2037-07-01 00:00:00,32.54307833296988
369,4,3,2038-07-01 00:00:00,31.658539713036383
370,4,3,2039-07-01 00:00:00,30.77979010349948
371,4,3,2040-07-01 00:00:00,30.34265166372797
372,4,3,2041-07-01 00:00:00,30.34265166372797
373,4,3,2042-07-01 00:00:00,30.34265166372797
374,4,3,2043-07-01 00:00:00,30.34265166372797
375,4,3,2044-07-01 00:00:00,30.34265166372797
376,4,3,2045-07-01 00:00:00,30.34265166372797
377,4,3,2046-07-01 00:00:00,30.34265166372797
378,4,3,2047-07-01 00:00:00,30.34265166372797
379,4,3,2048-07-01 00:00:00,30.34265166372797
380,4,3,2049-07-01 00:00:00,30.34265166372797
381,4,3,2050-07-01 00:00:00,30.34265166372797
382,4,3,2051-07-01 00:00:00,30.34265166372797
383,4,3,2052-07-01 00:00:00,30.34265166372797
384,4,3,2053-07-01 00:00:00,30.34265166372797
385,5,1,2022-07-01 00:00:00,90.62123265254772
386,5,1,2023-07-01 00:00:00,41.15623234474589
387,5,1,2024-07-01 00:00:00,47.67129659051024
388,5,1,2025-07-01 00:00:00,40.104751411578285
389,5,1,2026-07-01 00:00:00,39.52979575246181
390,5,1,2027-07-01 00:00:00,39.37149601477562
391,5,1,2028-07-01 00:00:00,39.24860172042625
392,5,1,2029-07-01 00:00:00,39.081546322314814
393,5,1,2030-07-01 00:00:00,38.89558472542864
394,5,1,2031-07-01 00:00:00,38.69852490942538
395,5,1,2032-07-01 00:00:00,38.49096492583598
396,5,1,2033-07-01 00:00:00,38.27339982956815
397,5,1,2034-07-01 00:00:00,38.04623165929601
398,5,1,2035-07-01 00:00:00,37.80992777679908
399,5,1,2036-07-01 00:00:00,37.56499423342967
400,5,1,2037-07-01 00:00:00,37.31208696089782
401,5,1,2038-07-01 00:00:00,37.05174810300118
402,5,1,2039-07-01 00:00:00,36.78466026488135
403,5,1,2040-07-01 00:00:00,36.51129922906944
404,5,1,2041-07-01 00:00:00,36.23217186902052
405,5,1,2042-07-01 00:00:00,35.94794603057704
406,5,1,2043-07-01 00:00:00,35.65937255454695
407,5,1,2044-07-01 00:00:00,35.36732980814461
408,5,1,2045-07-01 00:00:00,35.07701138971248
409,5,1,2046-07-01 00:00:00,34.790734184141044
410,5,1,2047-07-01 00:00:00,34.508443060513315
411,5,1,2048-07-01 00:00:00,34.461250650603674
412,5,1,2049-07-01 00:00:00,34.461250650603674
413,5,1,2050-07-01 00:00:00,34.461250650603674
414,5,1,2051-07-01 00:00:00,34.461250650603674
415,5,1,2052-07-01 00:00:00,34.461250650603674
416,5,1,2053-07-01 00:00:00,34.461250650603674
417,5,2,2022-07-01 00:00:00,79.3034245342782
418,5,2,2023-07-01 00:00:00,41.143602716594536
419,5,2,2024-07-01 00:00:00,39.54750134891932
420,5,2,2025-07-01 00:00:00,38.44631451364511
421,5,2,2026-07-01 00:00:00,38.14582676557204
422,5,2,2027-07-01 00:00:00,37.99064655356006
423,5,2,2028-07-01 00:00:00,37.840208149992485
424,5,2,2029-07-01 00:00:00,37.66758456266731
425,5,2,2030-07-01 00:00:00,37.10210290125922
426,5,2,2031-07-01 00:00:00,35.66502466668046
427,5,2,2032-07-01 00:00:00,35.05363902872639
428,5,2,2033-07-01 00:00:00,34.8545552382308
429,5,2,2034-07-01 00:00:00,34.65547144773522
430,5,2,2035-07-01 00:00:00,34.23984592754019
431,5,2,2036-07-01 00:00:00,33.607678677645694
432,5,2,2037-07-01 00:00:00,32.97551142775119
433,5,2,2038-07-01 00:00:00,32.34334417785669
434,5,2,2039-07-01 00:00:00,31.7111769279622
435,5,2,2040-07-01 00:00:00,31.395093303014946
436,5,2,2041-07-01 00:00:00,31.395093303014946
437,5,2,2042-07-01 00:00:00,31.395093303014946
438,5,2,2043-07-01 00:00:00,31.395093303014946
439,5,2,2044-07-01 00:00:00,31.395093303014946
440,5,2,2045-07-01 00:00:00,31.395093303014946
441,5,2,2046-07-01 00:00:00,31.395093303014946
442,5,2,2047-07-01 00:00:00,31.395093303014946
443,5,2,2048-07-01 00:00:00,31.395093303014946
444,5,2,2049-07-01 00:00:00,31.395093303014946
445,5,2,2050-07-01 00:00:00,31.395093303014946
446,5,2,2051-07-01 00:00:00,31.395093303014946
447,5,2,2052-07-01 00:00:00,31.395093303014946
448,5,2,2053-07-01 00:00:00,31.395093303014946
449,5,3,2022-07-01 00:00:00,77.84682904021159
450,5,3,2023-07-01 00:00:00,41.50883019931974
451,5,3,2024-07-01 00:00:00,38.82068794903003
452,5,3,2025-07-01 00:00:00,34.397032971814276
453,5,3,2026-07-01 00:00:00,34.366453488488595
454,5,3,2027-07-01 00:00:00,34.68207123903589
455,5,3,2028-07-01 00:00:00,35.025176645234076
456,5,3,2029-07-01 00:00:00,35.37501363802859
457,5,3,2030-07-01 00:00:00,35.451806609717565
458,5,3,2031-07-01 00:00:00,35.25272281922198
459,5,3,2032-07-01 00:00:00,35.05363902872639
460,5,3,2033-07-01 00:00:00,34.8545552382308
461,5,3,2034-07-01 00:00:00,34.65547144773522
462,5,3,2035-07-01 00:00:00,34.23984592754019
463,5,3,2036-07-01 00:00:00,33.607678677645694
464,5,3,2037-07-01 00:00:00,32.97551142775119
465,5,3,2038-07-01 00:00:00,32.34334417785669
466,5,3,2039-07-01 00:00:00,31.7111769279622
467,5,3,2040-07-01 00:00:00,31.395093303014946
468,5,3,2041-07-01 00:00:00,31.395093303014946
469,5,3,2042-07-01 00:00:00,31.395093303014946
470,5,3,2043-07-01 00:00:00,31.395093303014946
471,5,3,2044-07-01 00:00:00,31.395093303014946
472,5,3,2045-07-01 00:00:00,31.395093303014946
473,5,3,2046-07-01 00:00:00,31.395093303014946
474,5,3,2047-07-01 00:00:00,31.395093303014946
475,5,3,2048-07-01 00:00:00,31.395093303014946
476,5,3,2049-07-01 00:00:00,31.395093303014946
477,5,3,2050-07-01 00:00:00,31.395093303014946
478,5,3,2051-07-01 00:00:00,31.395093303014946
479,5,3,2052-07-01 00:00:00,31.395093303014946
480,5,3,2053-07-01 00:00:00,31.395093303014946
481,6,1,2022-07-01 00:00:00,18.807544297620385
482,6,1,2023-07-01 00:00:00,18.844198314131454
483,6,1,2024-07-01 00:00:00,18.908753961175833
484,6,1,2025-07-01 00:00:00,18.98608976509926
485,6,1,2026-07-01 00:00:00,19.06350216019026
486,6,1,2027-07-01 00:00:00,19.18761389217581
487,6,1,2028-07-01 00:00:00,19.272289682991477
488,6,1,2029-07-01 00:00:00,19.272289682991477
489,6,1,2030-07-01 00:00:00,19.272289682991477
490,6,1,2031-07-01 00:00:00,19.272289682991477
491,6,1,2032-07-01 00:00:00,19.272289682991477
492,6,1,2033-07-01 00:00:00,19.272289682991477
493,6,1,2034-07-01 00:00:00,19.272289682991477
494,6,1,2035-07-01 00:00:00,19.272289682991477
495,6,1,2036-07-01 00:00:00,19.272289682991477
496,6,1,2037-07-01 00:00:00,19.272289682991477
497,6,1,2038-07-01 00:00:00,19.272289682991477
498,6,1,2039-07-01 00:00:00,19.272289682991477
499,6,1,2040-07-01 00:00:00,19.272289682991477
500,6,1,2041-07-01 00:00:00,19.272289682991477
501,6,1,2042-07-01 00:00:00,19.272289682991477
502,6,1,2043-07-01 00:00:00,19.272289682991477
503,6,1,2044-07-01 00:00:00,19.272289682991477
504,6,1,2045-07-01 00:00:00,19.272289682991477
505,6,1,2046-07-01 00:00:00,19.272289682991477
506,6,1,2047-07-01 00:00:00,19.272289682991477
507,6,1,2048-07-01 00:00:00,19.272289682991477
508,6,1,2049-07-01 00:00:00,19.272289682991477
509,6,1,2050-07-01 00:00:00,19.272289682991477
510,6,1,2051-07-01 00:00:00,19.272289682991477
511,6,1,2052-07-01 00:00:00,19.272289682991477
512,6,1,2053-07-01 00:00:00,19.272289682991477
513,6,2,2022-07-01 00:00:00,18.807544297620385
514,6,2,2023-07-01 00:00:00,18.844198314131454
515,6,2,2024-07-01 00:00:00,18.908753961175833
516,6,2,2025-07-01 00:00:00,18.98608976509926
517,6,2,2026-07-01 00:00:00,19.06350216019026
518,6,2,2027-07-01 00:00:00,19.18761389217581
519,6,2,2028-07-01 00:00:00,19.272289682991477
520,6,2,2029-07-01 00:00:00,19.272289682991477
521,6,2,2030-07-01 00:00:00,19.272289682991477
522,6,2,2031-07-01 00:00:00,19.272289682991477
523,6,2,2032-07-01 00:00:00,19.272289682991477
524,6,2,2033-07-01 00:00:00,19.272289682991477
525,6,2,2034-07-01 00:00:00,19.272289682991477
526,6,2,2035-07-01 00:00:00,19.272289682991477
527,6,2,2036-07-01 00:00:00,19.272289682991477
528,6,2,2037-07-01 00:00:00,19.272289682991477
529,6,2,2038-07-01 00:00:00,19.272289682991477
530,6,2,2039-07-01 00:00:00,19.272289682991477
531,6,2,2040-07-01 00:00:00,19.272289682991477
532,6,2,2041-07-01 00:00:00,19.272289682991477
533,6,2,2042-07-01 00:00:00,19.272289682991477
534,6,2,2043-07-01 00:00:00,19.272289682991477
535,6,2,2044-07-01 00:00:00,19.272289682991477
536,6,2,2045-07-01 00:00:00,19.272289682991477
537,6,2,2046-07-01 00:00:00,19.272289682991477
538,6,2,2047-07-01 00:00:00,19.272289682991477
539,6,2,2048-07-01 00:00:00,19.272289682991477
540,6,2,2049-07-01 00:00:00,19.272289682991477
541,6,2,2050-07-01 00:00:00,19.272289682991477
542,6,2,2051-07-01 00:00:00,19.272289682991477
543,6,2,2052-07-01 00:00:00,19.272289682991477
544,6,2,2053-07-01 00:00:00,19.272289682991477
545,6,3,2022-07-01 00:00:00,18.807544297620385
546,6,3,2023-07-01 00:00:00,18.844198314131454
547,6,3,2024-07-01 00:00:00,18.908753961175833
548,6,3,2025-07-01 00:00:00,18.98608976509926
549,6,3,2026-07-01 00:00:00,19.06350216019026
550,6,3,2027-07-01 00:00:00,19.18761389217581
551,6,3,2028-07-01 00:00:00,19.272289682991477
552,6,3,2029-07-01 00:00:00,19.272289682991477
553,6,3,2030-07-01 00:00:00,19.272289682991477
554,6,3,2031-07-01 00:00:00,19.272289682991477
555,6,3,2032-07-01 00:00:00,19.272289682991477
556,6,3,2033-07-01 00:00:00,19.272289682991477
557,6,3,2034-07-01 00:00:00,19.272289682991477
558,6,3,2035-07-01 00:00:00,19.272289682991477
559,6,3,2036-07-01 00:00:00,19.272289682991477
560,6,3,2037-07-01 00:00:00,19.272289682991477
561,6,3,2038-07-01 00:00:00,19.272289682991477
562,6,3,2039-07-01 00:00:00,19.272289682991477
563,6,3,2040-07-01 00:00:00,19.272289682991477
564,6,3,2041-07-01 00:00:00,19.272289682991477
565,6,3,2042-07-01 00:00:00,19.272289682991477
566,6,3,2043-07-01 00:00:00,19.272289682991477
567,6,3,2044-07-01 00:00:00,19.272289682991477
568,6,3,2045-07-01 00:00:00,19.272289682991477
569,6,3,2046-07-01 00:00:00,19.272289682991477
570,6,3,2047-07-01 00:00:00,19.272289682991477
571,6,3,2048-07-01 00:00:00,19.272289682991477
572,6,3,2049-07-01 00:00:00,19.272289682991477
573,6,3,2050-07-01 00:00:00,19.272289682991477
574,6,3,2051-07-01 00:00:00,19.272289682991477
575,6,3,2052-07-01 00:00:00,19.272289682991477
576,6,3,2053-07-01 00:00:00,19.272289682991477
577,7,1,2022-07-01 00:00:00,14.019853824653358
578,7,1,2023-07-01 00:00:00,14.019853824653358
579,7,1,2024-07-01 00:00:00,14.019853824653358
580,7,1,2025-07-01 00:00:00,14.019853824653358
581,7,1,2026-07-01 00:00:00,14.019853824653358
582,7,1,2027-07-01 00:00:00,14.019853824653358
583,7,1,2028-07-01 00:00:00,14.019853824653358
584,7,1,2029-07-01 00:00:00,14.019853824653358
585,7,1,2030-07-01 00:00:00,14.019853824653358
586,7,1,2031-07-01 00:00:00,14.019853824653358
587,7,1,2032-07-01 00:00:00,14.019853824653358
588,7,1,2033-07-01 00:00:00,14.019853824653358
589,7,1,2034-07-01 00:00:00,14.019853824653358
590,7,1,2035-07-01 00:00:00,14.019853824653358
591,7,1,2036-07-01 00:00:00,14.019853824653358
592,7,1,2037-07-01 00:00:00,14.019853824653358
593,7,1,2038-07-01 00:00:00,14.019853824653358
594,7,1,2039-07-01 00:00:00,14.019853824653358
595,7,1,2040-07-01 00:00:00,14.019853824653358
596,7,1,2041-07-01 00:00:00,14.019853824653358
597,7,1,2042-07-01 00:00:00,14.019853824653358
598,7,1,2043-07-01 00:00:00,14.019853824653358
599,7,1,2044-07-01 00:00:00,14.019853824653358
600,7,1,2045-07-01 00:00:00,14.019853824653358
601,7,1,2046-07-01 00:00:00,14.019853824653358
602,7,1,2047-07-01 00:00:00,14.019853824653358
603,7,1,2048-07-01 00:00:00,14.019853824653358
604,7,1,2049-07-01 00:00:00,14.019853824653358
605,7,1,2050-07-01 00:00:00,14.019853824653358
606,7,1,2051-07-01 00:00:00,14.019853824653358
607,7,1,2052-07-01 00:00:00,14.019853824653358
608,7,1,2053-07-01 00:00:00,14.019853824653358
609,7,2,2022-07-01 00:00:00,14.019853824653358
610,7,2,2023-07-01 00:00:00,14.019853824653358
611,7,2,2024-07-01 00:00:00,14.019853824653358
612,7,2,2025-07-01 00:00:00,14.019853824653358
613,7,2,2026-07-01 00:00:00,14.019853824653358
614,7,2,2027-07-01 00:00:00,14.019853824653358
615,7,2,2028-07-01 00:00:00,14.019853824653358
616,7,2,2029-07-01 00:00:00,14.019853824653358
617,7,2,2030-07-01 00:00:00,14.019853824653358
618,7,2,2031-07-01 00:00:00,14.019853824653358
619,7,2,2032-07-01 00:00:00,14.019853824653358
620,7,2,2033-07-01 00:00:00,14.019853824653358
621,7,2,2034-07-01 00:00:00,14.019853824653358
622,7,2,2035-07-01 00:00:00,14.019853824653358
623,7,2,2036-07-01 00:00:00,14.019853824653358
624,7,2,2037-07-01 00:00:00,14.019853824653358
625,7,2,2038-07-01 00:00:00,14.019853824653358
626,7,2,2039-07-01 00:00:00,14.019853824653358
627,7,2,2040-07-01 00:00:00,14.019853824653358
628,7,2,2041-07-01 00:00:00,14.019853824653358
629,7,2,2042-07-01 00:00:00,14.019853824653358
630,7,2,2043-07-01 00:00:00,14.019853824653358
631,7,2,2044-07-01 00:00:00,14.019853824653358
632,7,2,2045-07-01 00:00:00,14.019853824653358
633,7,2,2046-07-01 00:00:00,14.019853824653358
634,7,2,2047-07-01 00:00:00,14.019853824653358
635,7,2,2048-07-01 00:00:00,14.019853824653358
636,7,2,2049-07-01 00:00:00,14.019853824653358
637,7,2,2050-07-01 00:00:00,14.019853824653358
638,7,2,2051-07-01 00:00:00,14.019853824653358
639,7,2,2052-07-01 00:00:00,14.019853824653358
640,7,2,2053-07-01 00:00:00,14.019853824653358
641,7,3,2022-07-01 00:00:00,14.019853824653358
642,7,3,2023-07-01 00:00:00,14.019853824653358
643,7,3,2024-07-01 00:00:00,14.019853824653358
644,7,3,2025-07-01 00:00:00,14.019853824653358
645,7,3,2026-07-01 00:00:00,14.019853824653358
646,7,3,2027-07-01 00:00:00,14.019853824653358
647,7,3,2028-07-01 00:00:00,14.019853824653358
648,7,3,2029-07-01 00:00:00,14.019853824653358
649,7,3,2030-07-01 00:00:00,14.019853824653358
650,7,3,2031-07-01 00:00:00,14.019853824653358
651,7,3,2032-07-01 00:00:00,14.019853824653358
652,7,3,2033-07-01 00:00:00,14.019853824653358
653,7,3,2034-07-01 00:00:00,14.019853824653358
654,7,3,2035-07-01 00:00:00,14.019853824653358
655,7,3,2036-07-01 00:00:00,14.019853824653358
656,7,3,2037-07-01 00:00:00,14.019853824653358
657,7,3,2038-07-01 00:00:00,14.019853824653358
658,7,3,2039-07-01 00:00:00,14.019853824653358
659,7,3,2040-07-01 00:00:00,14.019853824653358
660,7,3,2041-07-01 00:00:00,14.019853824653358
661,7,3,2042-07-01 00:00:00,14.019853824653358
662,7,3,2043-07-01 00:00:00,14.019853824653358
663,7,3,2044-07-01 00:00:00,14.019853824653358
664,7,3,2045-07-01 00:00:00,14.019853824653358
665,7,3,2046-07-01 00:00:00,14.019853824653358
666,7,3,2047-07-01 00:00:00,14.019853824653358
667,7,3,2048-07-01 00:00:00,14.019853824653358
668,7,3,2049-07-01 00:00:00,14.019853824653358
669,7,3,2050-07-01 00:00:00,14.019853824653358
670,7,3,2051-07-01 00:00:00,14.019853824653358
671,7,3,2052-07-01 00:00:00,14.019853824653358
672,7,3,2053-07-01 00:00:00,14.019853824653358
673,8,1,2022-07-01 00:00:00,14.309460726884302
674,8,1,2023-07-01 00:00:00,14.309460726884302
675,8,1,2024-07-01 00:00:00,14.309460726884302
676,8,1,2025-07-01 00:00:00,14.309460726884302
677,8,1,2026-07-01 00:00:00,14.309460726884302
678,8,1,2027-07-01 00:00:00,14.309460726884302
679,8,1,2028-07-01 00:00:00,14.309460726884302
680,8,1,2029-07-01 00:00:00,14.309460726884302
681,8,1,2030-07-01 00:00:00,14.309460726884302
682,8,1,2031-07-01 00:00:00,14.309460726884302
683,8,1,2032-07-01 00:00:00,14.309460726884302
684,8,1,2033-07-01 00:00:00,14.309460726884302
685,8,1,2034-07-01 00:00:00,14.309460726884302
686,8,1,2035-07-01 00:00:00,14.309460726884302
687,8,1,2036-07-01 00:00:00,14.309460726884302
688,8,1,2037-07-01 00:00:00,14.309460726884302
689,8,1,2038-07-01 00:00:00,14.309460726884302
690,8,1,2039-07-01 00:00:00,14.309460726884302
691,8,1,2040-07-01 00:00:00,14.309460726884302
692,8,1,2041-07-01 00:00:00,14.309460726884302
693,8,1,2042-07-01 00:00:00,14.309460726884302
694,8,1,2043-07-01 00:00:00,14.309460726884302
695,8,1,2044-07-01 00:00:00,14.309460726884302
696,8,1,2045-07-01 00:00:00,14.309460726884302
697,8,1,2046-07-01 00:00:00,14.309460726884302
698,8,1,2047-07-01 00:00:00,14.309460726884302
699,8,1,2048-07-01 00:00:00,14.309460726884302
700,8,1,2049-07-01 00:00:00,14.309460726884302
701,8,1,2050-07-01 00:00:00,14.309460726884302
702,8,1,2051-07-01 00:00:00,14.309460726884302
703,8,1,2052-07-01 00:00:00,14.309460726884302
704,8,1,2053-07-01 00:00:00,14.309460726884302
705,8,2,2022-07-01 00:00:00,14.309460726884302
706,8,2,2023-07-01 00:00:00,14.309460726884302
707,8,2,2024-07-01 00:00:00,14.309460726884302
708,8,2,2025-07-01 00:00:00,14.309460726884302
709,8,2,2026-07-01 00:00:00,14.309460726884302
710,8,2,2027-07-01 00:00:00,14.309460726884302
711,8,2,2028-07-01 00:00:00,14.309460726884302
712,8,2,2029-07-01 00:00:00,14.309460726884302
713,8,2,2030-07-01 00:00:00,14.309460726884302
714,8,2,2031-07-01 00:00:00,14.309460726884302
715,8,2,2032-07-01 00:00:00,14.309460726884302
716,8,2,2033-07-01 00:00:00,14.309460726884302
717,8,2,2034-07-01 00:00:00,14.309460726884302
718,8,2,2035-07-01 00:00:00,14.309460726884302
719,8,2,2036-07-01 00:00:00,14.309460726884302
720,8,2,2037-07-01 00:00:00,14.309460726884302
721,8,2,2038-07-01 00:00:00,14.309460726884302
722,8,2,2039-07-01 00:00:00,14.309460726884302
723,8,2,2040-07-01 00:00:00,14.309460726884302
724,8,2,2041-07-01 00:00:00,14.309460726884302
725,8,2,2042-07-01 00:00:00,14.309460726884302
726,8,2,2043-07-01 00:00:00,14.309460726884302
727,8,2,2044-07-01 00:00:00,14.309460726884302
728,8,2,2045-07-01 00:00:00,14.309460726884302
729,8,2,2046-07-01 00:00:00,14.309460726884302
730,8,2,2047-07-01 00:00:00,14.309460726884302
731,8,2,2048-07-01 00:00:00,14.309460726884302
732,8,2,2049-07-01 00:00:00,14.309460726884302
733,8,2,2050-07-01 00:00:00,14.309460726884302
734,8,2,2051-07-01 00:00:00,14.309460726884302
735,8,2,2052-07-01 00:00:00,14.309460726884302
736,8,2,2053-07-01 00:00:00,14.309460726884302
737,8,3,2022-07-01 00:00:00,14.309460726884302
738,8,3,2023-07-01 00:00:00,14.309460726884302
739,8,3,2024-07-01 00:00:00,14.309460726884302
740,8,3,2025-07-01 00:00:00,14.309460726884302
741,8,3,2026-07-01 00:00:00,14.309460726884302
742,8,3,2027-07-01 00:00:00,14.309460726884302
743,8,3,2028-07-01 00:00:00,14.309460726884302
744,8,3,2029-07-01 00:00:00,14.309460726884302
745,8,3,2030-07-01 00:00:00,14.309460726884302
746,8,3,2031-07-01 00:00:00,14.309460726884302
747,8,3,2032-07-01 00:00:00,14.309460726884302
748,8,3,2033-07-01 00:00:00,14.309460726884302
749,8,3,2034-07-01 00:00:00,14.309460726884302
750,8,3,2035-07-01 00:00:00,14.309460726884302
751,8,3,2036-07-01 00:00:00,14.309460726884302
752,8,3,2037-07-01 00:00:00,14.309460726884302
753,8,3,2038-07-01 00:00:00,14.309460726884302
754,8,3,2039-07-01 00:00:00,14.309460726884302
755,8,3,2040-07-01 00:00:00,14.309460726884302
756,8,3,2041-07-01 00:00:00,14.309460726884302
757,8,3,2042-07-01 00:00:00,14.309460726884302
758,8,3,2043-07-01 00:00:00,14.309460726884302
759,8,3,2044-07-01 00:00:00,14.309460726884302
760,8,3,2045-07-01 00:00:00,14.309460726884302
761,8,3,2046-07-01 00:00:00,14.309460726884302
762,8,3,2047-07-01 00:00:00,14.309460726884302
763,8,3,2048-07-01 00:00:00,14.309460726884302
764,8,3,2049-07-01 00:00:00,14.309460726884302
765,8,3,2050-07-01 00:00:00,14.309460726884302
766,8,3,2051-07-01 00:00:00,14.309460726884302
767,8,3,2052-07-01 00:00:00,14.309460726884302
768,8,3,2053-07-01 00:00:00,14.309460726884302
769,9,1,2022-07-01 00:00:00,18.21462178044321
770,9,1,2023-07-01 00:00:00,18.20470734585802
771,9,1,2024-07-01 00:00:00,18.28972649211897
772,9,1,2025-07-01 00:00:00,18.395779037704806
773,9,1,2026-07-01 00:00:00,18.505671823508187
774,9,1,2027-07-01 00:00:00,18.65113289946474
775,9,1,2028-07-01 00:00:00,18.644580167116537
776,9,1,2029-07-01 00:00:00,18.561908124352406
777,9,1,2030-07-01 00:00:00,18.574084855330135
778,9,1,2031-07-01 00:00:00,18.579539323201537
779,9,1,2032-07-01 00:00:00,18.583416417931755
780,9,1,2033-07-01 00:00:00,18.581872213851952
781,9,1,2034-07-01 00:00:00,18.581872213851952
782,9,1,2035-07-01 00:00:00,18.581872213851952
783,9,1,2036-07-01 00:00:00,18.581872213851952
784,9,1,2037-07-01 00:00:00,18.581872213851952
785,9,1,2038-07-01 00:00:00,18.581872213851952
786,9,1,2039-07-01 00:00:00,18.581872213851952
787,9,1,2040-07-01 00:00:00,18.581872213851952
788,9,1,2041-07-01 00:00:00,18.581872213851952
789,9,1,2042-07-01 00:00:00,18.581872213851952
790,9,1,2043-07-01 00:00:00,18.581872213851952
791,9,1,2044-07-01 00:00:00,18.581872213851952
792,9,1,2045-07-01 00:00:00,18.581872213851952
793,9,1,2046-07-01 00:00:00,18.581872213851952
794,9,1,2047-07-01 00:00:00,18.581872213851952
795,9,1,2048-07-01 00:00:00,18.581872213851952
796,9,1,2049-07-01 00:00:00,18.581872213851952
797,9,1,2050-07-01 00:00:00,18.581872213851952
798,9,1,2051-07-01 00:00:00,18.581872213851952
799,9,1,2052-07-01 00:00:00,18.581872213851952
800,9,1,2053-07-01 00:00:00,18.581872213851952
801,9,2,2022-07-01 00:00:00,18.21462178044321
802,9,2,2023-07-01 00:00:00,18.20470734585802
803,9,2,2024-07-01 00:00:00,18.28972649211897
804,9,2,2025-07-01 00:00:00,18.395779037704806
805,9,2,2026-07-01 00:00:00,18.505671823508187
806,9,2,2027-07-01 00:00:00,18.65113289946474
807,9,2,2028-07-01 00:00:00,18.644580167116537
808,9,2,2029-07-01 00:00:00,18.561908124352406
809,9,2,2030-07-01 00:00:00,18.574084855330135
810,9,2,2031-07-01 00:00:00,18.579539323201537
811,9,2,2032-07-01 00:00:00,18.583416417931755
812,9,2,2033-07-01 00:00:00,18.581872213851952
813,9,2,2034-07-01 00:00:00,18.581872213851952
814,9,2,2035-07-01 00:00:00,18.581872213851952
815,9,2,2036-07-01 00:00:00,18.581872213851952
816,9,2,2037-07-01 00:00:00,18.581872213851952
817,9,2,2038-07-01 00:00:00,18.581872213851952
818,9,2,2039-07-01 00:00:00,18.581872213851952
819,9,2,2040-07-01 00:00:00,18.581872213851952
820,9,2,2041-07-01 00:00:00,18.581872213851952
821,9,2,2042-07-01 00:00:00,18.581872213851952
822,9,2,2043-07-01 00:00:00,18.581872213851952
823,9,2,2044-07-01 00:00:00,18.581872213851952
824,9,2,2045-07-01 00:00:00,18.581872213851952
825,9,2,2046-07-01 00:00:00,18.581872213851952
826,9,2,2047-07-01 00:00:00,18.581872213851952
827,9,2,2048-07-01 00:00:00,18.581872213851952
828,9,2,2049-07-01 00:00:00,18.581872213851952
829,9,2,2050-07-01 00:00:00,18.581872213851952
830,9,2,2051-07-01 00:00:00,18.581872213851952
831,9,2,2052-07-01 00:00:00,18.581872213851952
832,9,2,2053-07-01 00:00:00,18.581872213851952
833,9,3,2022-07-01 00:00:00,18.21462178044321
834,9,3,2023-07-01 00:00:00,18.20470734585802
835,9,3,2024-07-01 00:00:00,18.28972649211897
836,9,3,2025-07-01 00:00:00,18.395779037704806
837,9,3,2026-07-01 00:00:00,18.505671823508187
838,9,3,2027-07-01 00:00:00,18.65113289946474
839,9,3,2028-07-01 00:00:00,18.644580167116537
840,9,3,2029-07-01 00:00:00,18.561908124352406
841,9,3,2030-07-01 00:00:00,18.574084855330135
842,9,3,2031-07-01 00:00:00,18.579539323201537
843,9,3,2032-07-01 00:00:00,18.583416417931755
844,9,3,2033-07-01 00:00:00,18.581872213851952
845,9,3,2034-07-01 00:00:00,18.581872213851952
846,9,3,2035-07-01 00:00:00,18.581872213851952
847,9,3,2036-07-01 00:00:00,18.581872213851952
848,9,3,2037-07-01 00:00:00,18.581872213851952
849,9,3,2038-07-01 00:00:00,18.581872213851952
850,9,3,2039-07-01 00:00:00,18.581872213851952
851,9,3,2040-07-01 00:00:00,18.581872213851952
852,9,3,2041-07-01 00:00:00,18.581872213851952
853,9,3,2042-07-01 00:00:00,18.581872213851952
854,9,3,2043-07-01 00:00:00,18.581872213851952
855,9,3,2044-07-01 00:00:00,18.581872213851952
856,9,3,2045-07-01 00:00:00,18.581872213851952
857,9,3,2046-07-01 00:00:00,18.581872213851952
858,9,3,2047-07-01 00:00:00,18.581872213851952
859,9,3,2048-07-01 00:00:00,18.581872213851952
860,9,3,2049-07-01 00:00:00,18.581872213851952
861,9,3,2050-07-01 00:00:00,18.581872213851952
862,9,3,2051-07-01 00:00:00,18.581872213851952
863,9,3,2052-07-01 00:00:00,18.581872213851952
864,9,3,2053-07-01 00:00:00,18.581872213851952
865,10,1,2022-07-01 00:00:00,42.56863369669203
866,10,1,2023-07-01 00:00:00,43.360811391930994
867,10,1,2024-07-01 00:00:00,54.06268206609173
868,10,1,2025-07-01 00:00:00,44.31743272266028
869,10,1,2026-07-01 00:00:00,43.576924851894084
870,10,1,2027-07-01 00:00:00,43.37304443113786
871,10,1,2028-07-01 00:00:00,43.21476406500005
872,10,1,2029-07-01 00:00:00,42.999606886887214
873,10,1,2030-07-01 00:00:00,42.760099676251066
874,10,1,2031-07-01 00:00:00,42.506298635338815
875,10,1,2032-07-01 00:00:00,42.23897401809748
876,10,1,2033-07-01 00:00:00,41.95876342509644
877,10,1,2034-07-01 00:00:00,41.66618465766145
878,10,1,2035-07-01 00:00:00,41.36183964929944
879,10,1,2036-07-01 00:00:00,41.04638016333072
880,10,1,2037-07-01 00:00:00,40.720650999847685
881,10,1,2038-07-01 00:00:00,40.385350407042
882,10,1,2039-07-01 00:00:00,40.04135753876136
883,10,1,2040-07-01 00:00:00,39.68928517392789
884,10,1,2041-07-01 00:00:00,39.32978613468018
885,10,1,2042-07-01 00:00:00,38.96372056578754
886,10,1,2043-07-01 00:00:00,38.59205550448001
887,10,1,2044-07-01 00:00:00,38.50115151797796
888,10,1,2045-07-01 00:00:00,38.50115151797796
889,10,1,2046-07-01 00:00:00,38.50115151797796
890,10,1,2047-07-01 00:00:00,38.50115151797796
891,10,1,2048-07-01 00:00:00,38.50115151797796
892,10,1,2049-07-01 00:00:00,38.50115151797796
893,10,1,2050-07-01 00:00:00,38.50115151797796
894,10,1,2051-07-01 00:00:00,38.50115151797796
895,10,1,2052-07-01 00:00:00,38.50115151797796
896,10,1,2053-07-01 00:00:00,38.50115151797796
897,10,2,2022-07-01 00:00:00,39.582707864661664
898,10,2,2023-07-01 00:00:00,38.68104538054898
899,10,2,2024-07-01 00:00:00,43.599728581756565
900,10,2,2025-07-01 00:00:00,42.18146700666794
901,10,2,2026-07-01 00:00:00,41.794457088618174
902,10,2,2027-07-01 00:00:00,41.594594426932886
903,10,2,2028-07-01 00:00:00,41.40083892572002
904,10,2,2029-07-01 00:00:00,41.17851025903532
905,10,2,2030-07-01 00:00:00,40.45020432029545
906,10,2,2031-07-01 00:00:00,38.59933508066115
907,10,2,2032-07-01 00:00:00,36.63833760325344
908,10,2,2033-07-01 00:00:00,34.91730485289759
909,10,2,2034-07-01 00:00:00,34.00047837332697
910,10,2,2035-07-01 00:00:00,33.427106086951156
911,10,2,2036-07-01 00:00:00,32.559208811615505
912,10,2,2037-07-01 00:00:00,31.696541162667337
913,10,2,2038-07-01 00:00:00,30.83928908113795
914,10,2,2039-07-01 00:00:00,29.987647428707582
915,10,2,2040-07-01 00:00:00,29.563993979366046
916,10,2,2041-07-01 00:00:00,29.563993979366046
917,10,2,2042-07-01 00:00:00,29.563993979366046
918,10,2,2043-07-01 00:00:00,29.563993979366046
919,10,2,2044-07-01 00:00:00,29.563993979366046
920,10,2,2045-07-01 00:00:00,29.563993979366046
921,10,2,2046-07-01 00:00:00,29.563993979366046
922,10,2,2047-07-01 00:00:00,29.563993979366046
923,10,2,2048-07-01 00:00:00,29.563993979366046
924,10,2,2049-07-01 00:00:00,29.563993979366046
925,10,2,2050-07-01 00:00:00,29.563993979366046
926,10,2,2051-07-01 00:00:00,29.563993979366046
927,10,2,2052-07-01 00:00:00,29.563993979366046
928,10,2,2053-07-01 00:00:00,29.563993979366046
929,10,3,2022-07-01 00:00:00,39.582707864661664
930,10,3,2023-07-01 00:00:00,38.68104538054898
931,10,3,2024-07-01 00:00:00,43.008007968555255
932,10,3,2025-07-01 00:00:00,37.310609784465605
933,10,3,2026-07-01 00:00:00,35.91950824969697
934,10,3,2027-07-01 00:00:00,35.505096696570675
935,10,3,2028-07-01 00:00:00,35.28392161130895
936,10,3,2029-07-01 00:00:00,35.099976005364056
937,10,3,2030-07-01 00:00:00,34.921333730610904
938,10,3,2031-07-01 00:00:00,34.74799478704949
939,10,3,2032-07-01 00:00:00,34.5517697820599
940,10,3,2033-07-01 00:00:00,34.275881763376404
941,10,3,2034-07-01 00:00:00,34.00047837332697
942,10,3,2035-07-01 00:00:00,33.427106086951156
943,10,3,2036-07-01 00:00:00,32.559208811615505
944,10,3,2037-07-01 00:00:00,31.696541162667337
945,10,3,2038-07-01 00:00:00,30.83928908113795
946,10,3,2039-07-01 00:00:00,29.987647428707582
947,10,3,2040-07-01 00:00:00,29.563993979366046
948,10,3,2041-07-01 00:00:00,29.563993979366046
949,10,3,2042-07-01 00:00:00,29.563993979366046
950,10,3,2043-07-01 00:00:00,29.563993979366046
951,10,3,2044-07-01 00:00:00,29.563993979366046
952,10,3,2045-07-01 00:00:00,29.563993979366046
953,10,3,2046-07-01 00:00:00,29.563993979366046
954,10,3,2047-07-01 00:00:00,29.563993979366046
955,10,3,2048-07-01 00:00:00,29.563993979366046
956,10,3,2049-07-01 00:00:00,29.563993979366046
957,10,3,2050-07-01 00:00:00,29.563993979366046
958,10,3,2051-07-01 00:00:00,29.563993979366046
959,10,3,2052-07-01 00:00:00,29.563993979366046
960,10,3,2053-07-01 00:00:00,29.563993979366046
961,11,1,2022-07-01 00:00:00,72.65914370607022
962,11,1,2023-07-01 00:00:00,36.6764001445091
963,11,1,2024-07-01 00:00:00,41.4157084348895
964,11,1,2025-07-01 00:00:00,35.911512475599636
965,11,1,2026-07-01 00:00:00,35.49326761736613
966,11,1,2027-07-01 00:00:00,35.3781143002413
967,11,1,2028-07-01 00:00:00,35.288716264231276
968,11,1,2029-07-01 00:00:00,35.167193742985674
969,11,1,2030-07-01 00:00:00,35.0319181256519
970,11,1,2031-07-01 00:00:00,34.88856923691419
971,11,1,2032-07-01 00:00:00,34.73758212245619
972,11,1,2033-07-01 00:00:00,34.579316904256714
973,11,1,2034-07-01 00:00:00,34.414066040709
974,11,1,2035-07-01 00:00:00,34.242169508745434
975,11,1,2036-07-01 00:00:00,34.06399542958151
976,11,1,2037-07-01 00:00:00,33.880020953169094
977,11,1,2038-07-01 00:00:00,33.69064045575653
978,11,1,2039-07-01 00:00:00,33.4963504905756
979,11,1,2040-07-01 00:00:00,33.2974971601372
980,11,1,2041-07-01 00:00:00,33.094449183686024
981,11,1,2042-07-01 00:00:00,32.88769237797206
982,11,1,2043-07-01 00:00:00,32.677772933475026
983,11,1,2044-07-01 00:00:00,32.63963079370274
984,11,1,2045-07-01 00:00:00,32.63963079370274
985,11,1,2046-07-01 00:00:00,32.63963079370274
986,11,1,2047-07-01 00:00:00,32.63963079370274
987,11,1,2048-07-01 00:00:00,32.63963079370274
988,11,1,2049-07-01 00:00:00,32.63963079370274
989,11,1,2050-07-01 00:00:00,32.63963079370274
990,11,1,2051-07-01 00:00:00,32.63963079370274
991,11,1,2052-07-01 00:00:00,32.63963079370274
992,11,1,2053-07-01 00:00:00,32.63963079370274
993,11,2,2022-07-01 00:00:00,64.42613481767415
994,11,2,2023-07-01 00:00:00,36.66721286727834
995,11,2,2024-07-01 00:00:00,35.5061473491557
996,11,2,2025-07-01 00:00:00,34.705101695451546
997,11,2,2026-07-01 00:00:00,34.48651535126833
998,11,2,2027-07-01 00:00:00,34.37363129709043
999,11,2,2028-07-01 00:00:00,34.264196616736676
1000,11,2,2029-07-01 00:00:00,34.13862358051415
1001,11,2,2030-07-01 00:00:00,33.72727047256717
1002,11,2,2031-07-01 00:00:00,32.68188449721133
1003,11,2,2032-07-01 00:00:00,31.588139252590057
1004,11,2,2033-07-01 00:00:00,30.674648318299855
1005,11,2,2034-07-01 00:00:00,29.910064434538562
1006,11,2,2035-07-01 00:00:00,29.28677598412678
1007,11,2,2036-07-01 00:00:00,28.7842285429648
1008,11,2,2037-07-01 00:00:00,28.378370793313
1009,11,2,2038-07-01 00:00:00,28.05179638721862
1010,11,2,2039-07-01 00:00:00,27.791218299195233
1011,11,2,2040-07-01 00:00:00,27.580346298452714
1012,11,2,2041-07-01 00:00:00,27.385914945934637
1013,11,2,2042-07-01 00:00:00,27.200752173356445
1014,11,2,2043-07-01 00:00:00,27.024456798726078
1015,11,2,2044-07-01 00:00:00,26.856629078537395
1016,11,2,2045-07-01 00:00:00,26.83873809485164
1017,11,2,2046-07-01 00:00:00,26.83873809485164
1018,11,2,2047-07-01 00:00:00,26.83873809485164
1019,11,2,2048-07-01 00:00:00,26.83873809485164
1020,11,2,2049-07-01 00:00:00,26.83873809485164
1021,11,2,2050-07-01 00:00:00,26.83873809485164
1022,11,2,2051-07-01 00:00:00,26.83873809485164
1023,11,2,2052-07-01 00:00:00,26.83873809485164
1024,11,2,2053-07-01 00:00:00,26.83873809485164
1025,11,3,2022-07-01 00:00:00,63.28502544878729
1026,11,3,2023-07-01 00:00:00,36.85136759584504
1027,11,3,2024-07-01 00:00:00,34.89590954172033
1028,11,3,2025-07-01 00:00:00,31.67797278523612
1029,11,3,2026-07-01 00:00:00,29.987789032715888
1030,11,3,2027-07-01 00:00:00,29.116757241151177
1031,11,3,2028-07-01 00:00:00,28.684526077721486
1032,11,3,2029-07-01 00:00:00,28.39380926005601
1033,11,3,2030-07-01 00:00:00,28.18436781833177
1034,11,3,2031-07-01 00:00:00,28.04475393175262
1035,11,3,2032-07-01 00:00:00,27.93865108352601
1036,11,3,2033-07-01 00:00:00,27.834623577429547
1037,11,3,2034-07-01 00:00:00,27.731743274228506
1038,11,3,2035-07-01 00:00:00,27.630058796772445
1039,11,3,2036-07-01 00:00:00,27.529602415139966
1040,11,3,2037-07-01 00:00:00,27.430413170148555
1041,11,3,2038-07-01 00:00:00,27.33252824076247
1042,11,3,2039-07-01 00:00:00,27.23604850533658
1043,11,3,2040-07-01 00:00:00,27.14309649442238
1044,11,3,2041-07-01 00:00:00,27.05555610956961
1045,11,3,2042-07-01 00:00:00,26.973201349102155
1046,11,3,2043-07-01 00:00:00,26.895754003985896
1047,11,3,2044-07-01 00:00:00,26.83873809485164
1048,11,3,2045-07-01 00:00:00,26.83873809485164
1049,11,3,2046-07-01 00:00:00,26.83873809485164
1050,11,3,2047-07-01 00:00:00,26.83873809485164
1051,11,3,2048-07-01 00:00:00,26.83873809485164
1052,11,3,2049-07-01 00:00:00,26.83873809485164
1053,11,3,2050-07-01 00:00:00,26.83873809485164
1054,11,3,2051-07-01 00:00:00,26.83873809485164
1055,11,3,2052-07-01 00:00:00,26.83873809485164
1056,11,3,2053-07-01 00:00:00,26.83873809485164
1057,12,1,2022-07-01 00:00:00,32.77464325650038
1058,12,1,2023-07-01 00:00:00,32.89251039718344
1059,12,1,2024-07-01 00:00:00,32.98227968630471
1060,12,1,2025-07-01 00:00:00,32.98307857480292
1061,12,1,2026-07-01 00:00:00,32.98321552711692
1062,12,1,2027-07-01 00:00:00,33.02552466198074
1063,12,1,2028-07-01 00:00:00,33.05154560163584
1064,12,1,2029-07-01 00:00:00,33.05154560163584
1065,12,1,2030-07-01 00:00:00,33.05154560163584
1066,12,1,2031-07-01 00:00:00,33.05154560163584
1067,12,1,2032-07-01 00:00:00,33.05154560163584
1068,12,1,2033-07-01 00:00:00,33.05154560163584
1069,12,1,2034-07-01 00:00:00,33.05154560163584
1070,12,1,2035-07-01 00:00:00,33.05154560163584
1071,12,1,2036-07-01 00:00:00,33.05154560163584
1072,12,1,2037-07-01 00:00:00,33.05154560163584
1073,12,1,2038-07-01 00:00:00,33.05154560163584
1074,12,1,2039-07-01 00:00:00,33.05154560163584
1075,12,1,2040-07-01 00:00:00,33.05154560163584
1076,12,1,2041-07-01 00:00:00,33.05154560163584
1077,12,1,2042-07-01 00:00:00,33.05154560163584
1078,12,1,2043-07-01 00:00:00,33.05154560163584
1079,12,1,2044-07-01 00:00:00,33.05154560163584
1080,12,1,2045-07-01 00:00:00,33.05154560163584
1081,12,1,2046-07-01 00:00:00,33.05154560163584
1082,12,1,2047-07-01 00:00:00,33.05154560163584
1083,12,1,2048-07-01 00:00:00,33.05154560163584
1084,12,1,2049-07-01 00:00:00,33.05154560163584
1085,12,1,2050-07-01 00:00:00,33.05154560163584
1086,12,1,2051-07-01 00:00:00,33.05154560163584
1087,12,1,2052-07-01 00:00:00,33.05154560163584
1088,12,1,2053-07-01 00:00:00,33.05154560163584
1089,12,2,2022-07-01 00:00:00,32.77464325650038
1090,12,2,2023-07-01 00:00:00,32.89251039718344
1091,12,2,2024-07-01 00:00:00,32.98227968630471
1092,12,2,2025-07-01 00:00:00,32.98307857480292
1093,12,2,2026-07-01 00:00:00,32.98321552711692
1094,12,2,2027-07-01 00:00:00,33.02552466198074
1095,12,2,2028-07-01 00:00:00,33.05154560163584
1096,12,2,2029-07-01 00:00:00,33.05154560163584
1097,12,2,2030-07-01 00:00:00,33.05154560163584
1098,12,2,2031-07-01 00:00:00,33.05154560163584
1099,12,2,2032-07-01 00:00:00,33.05154560163584
1100,12,2,2033-07-01 00:00:00,33.05154560163584
1101,12,2,2034-07-01 00:00:00,33.05154560163584
1102,12,2,2035-07-01 00:00:00,33.05154560163584
1103,12,2,2036-07-01 00:00:00,33.05154560163584
1104,12,2,2037-07-01 00:00:00,33.05154560163584
1105,12,2,2038-07-01 00:00:00,33.05154560163584
1106,12,2,2039-07-01 00:00:00,33.05154560163584
1107,12,2,2040-07-01 00:00:00,33.05154560163584
1108,12,2,2041-07-01 00:00:00,33.05154560163584
1109,12,2,2042-07-01 00:00:00,33.05154560163584
1110,12,2,2043-07-01 00:00:00,33.05154560163584
1111,12,2,2044-07-01 00:00:00,33.05154560163584
1112,12,2,2045-07-01 00:00:00,33.05154560163584
1113,12,2,2046-07-01 00:00:00,33.05154560163584
1114,12,2,2047-07-01 00:00:00,33.05154560163584
1115,12,2,2048-07-01 00:00:00,33.05154560163584
1116,12,2,2049-07-01 00:00:00,33.05154560163584
1117,12,2,2050-07-01 00:00:00,33.05154560163584
1118,12,2,2051-07-01 00:00:00,33.05154560163584
1119,12,2,2052-07-01 00:00:00,33.05154560163584
1120,12,2,2053-07-01 00:00:00,33.05154560163584
1121,12,3,2022-07-01 00:00:00,32.77464325650038
1122,12,3,2023-07-01 00:00:00,32.89251039718344
1123,12,3,2024-07-01 00:00:00,32.98227968630471
1124,12,3,2025-07-01 00:00:00,32.98307857480292
1125,12,3,2026-07-01 00:00:00,32.98321552711692
1126,12,3,2027-07-01 00:00:00,33.02552466198074
1127,12,3,2028-07-01 00:00:00,33.05154560163584
1128,12,3,2029-07-01 00:00:00,33.05154560163584
1129,12,3,2030-07-01 00:00:00,33.05154560163584
1130,12,3,2031-07-01 00:00:00,33.05154560163584
1131,12,3,2032-07-01 00:00:00,33.05154560163584
1132,12,3,2033-07-01 00:00:00,33.05154560163584
1133,12,3,2034-07-01 00:00:00,33.05154560163584
1134,12,3,2035-07-01 00:00:00,33.05154560163584
1135,12,3,2036-07-01 00:00:00,33.05154560163584
1136,12,3,2037-07-01 00:00:00,33.05154560163584
1137,12,3,2038-07-01 00:00:00,33.05154560163584
1138,12,3,2039-07-01 00:00:00,33.05154560163584
1139,12,3,2040-07-01 00:00:00,33.05154560163584
1140,12,3,2041-07-01 00:00:00,33.05154560163584
1141,12,3,2042-07-01 00:00:00,33.05154560163584
1142,12,3,2043-07-01 00:00:00,33.05154560163584
1143,12,3,2044-07-01 00:00:00,33.05154560163584
1144,12,3,2045-07-01 00:00:00,33.05154560163584
1145,12,3,2046-07-01 00:00:00,33.05154560163584
1146,12,3,2047-07-01 00:00:00,33.05154560163584
1147,12,3,2048-07-01 00:00:00,33.05154560163584
1148,12,3,2049-07-01 00:00:00,33.05154560163584
1149,12,3,2050-07-01 00:00:00,33.05154560163584
1150,12,3,2051-07-01 00:00:00,33.05154560163584
1151,12,3,2052-07-01 00:00:00,33.05154560163584
1152,12,3,2053-07-01 00:00:00,33.05154560163584
1153,13,1,2022-07-01 00:00:00,31.10691876436327
1154,13,1,2023-07-01 00:00:00,31.217702543226437
1155,13,1,2024-07-01 00:00:00,31.302077043338013
1156,13,1,2025-07-01 00:00:00,31.302827921710133
1157,13,1,2026-07-01 00:00:00,31.302956643716797
1158,13,1,2027-07-01 00:00:00,31.342723162302747
1159,13,1,2028-07-01 00:00:00,31.36718034356511
1160,13,1,2029-07-01 00:00:00,31.36718034356511
1161,13,1,2030-07-01 00:00:00,31.36718034356511
1162,13,1,2031-07-01 00:00:00,31.36718034356511
1163,13,1,2032-07-01 00:00:00,31.36718034356511
1164,13,1,2033-07-01 00:00:00,31.36718034356511
1165,13,1,2034-07-01 00:00:00,31.36718034356511
1166,13,1,2035-07-01 00:00:00,31.36718034356511
1167,13,1,2036-07-01 00:00:00,31.36718034356511
1168,13,1,2037-07-01 00:00:00,31.36718034356511
1169,13,1,2038-07-01 00:00:00,31.36718034356511
1170,13,1,2039-07-01 00:00:00,31.36718034356511
1171,13,1,2040-07-01 00:00:00,31.36718034356511
1172,13,1,2041-07-01 00:00:00,31.36718034356511
1173,13,1,2042-07-01 00:00:00,31.36718034356511
1174,13,1,2043-07-01 00:00:00,31.36718034356511
1175,13,1,2044-07-01 00:00:00,31.36718034356511
1176,13,1,2045-07-01 00:00:00,31.36718034356511
1177,13,1,2046-07-01 00:00:00,31.36718034356511
1178,13,1,2047-07-01 00:00:00,31.36718034356511
1179,13,1,2048-07-01 00:00:00,31.36718034356511
1180,13,1,2049-07-01 00:00:00,31.36718034356511
1181,13,1,2050-07-01 00:00:00,31.36718034356511
1182,13,1,2051-07-01 00:00:00,31.36718034356511
1183,13,1,2052-07-01 00:00:00,31.36718034356511
1184,13,1,2053-07-01 00:00:00,31.36718034356511
1185,13,2,2022-07-01 00:00:00,31.10691876436327
1186,13,2,2023-07-01 00:00:00,31.217702543226437
1187,13,2,2024-07-01 00:00:00,31.302077043338013
1188,13,2,2025-07-01 00:00:00,31.302827921710133
1189,13,2,2026-07-01 00:00:00,31.302956643716797
1190,13,2,2027-07-01 00:00:00,31.342723162302747
1191,13,2,2028-07-01 00:00:00,31.36718034356511
1192,13,2,2029-07-01 00:00:00,31.36718034356511
1193,13,2,2030-07-01 00:00:00,31.36718034356511
1194,13,2,2031-07-01 00:00:00,31.36718034356511
1195,13,2,2032-07-01 00:00:00,31.36718034356511
1196,13,2,2033-07-01 00:00:00,31.36718034356511
1197,13,2,2034-07-01 00:00:00,31.36718034356511
1198,13,2,2035-07-01 00:00:00,31.36718034356511
1199,13,2,2036-07-01 00:00:00,31.36718034356511
1200,13,2,2037-07-01 00:00:00,31.36718034356511
1201,13,2,2038-07-01 00:00:00,31.36718034356511
1202,13,2,2039-07-01 00:00:00,31.36718034356511
1203,13,2,2040-07-01 00:00:00,31.36718034356511
1204,13,2,2041-07-01 00:00:00,31.36718034356511
1205,13,2,2042-07-01 00:00:00,31.36718034356511
1206,13,2,2043-07-01 00:00:00,31.36718034356511
1207,13,2,2044-07-01 00:00:00,31.36718034356511
1208,13,2,2045-07-01 00:00:00,31.36718034356511
1209,13,2,2046-07-01 00:00:00,31.36718034356511
1210,13,2,2047-07-01 00:00:00,31.36718034356511
1211,13,2,2048-07-01 00:00:00,31.36718034356511
1212,13,2,2049-07-01 00:00:00,31.36718034356511
1213,13,2,2050-07-01 00:00:00,31.36718034356511
1214,13,2,2051-07-01 00:00:00,31.36718034356511
1215,13,2,2052-07-01 00:00:00,31.36718034356511
1216,13,2,2053-07-01 00:00:00,31.36718034356511
1217,13,3,2022-07-01 00:00:00,31.10691876436327
1218,13,3,2023-07-01 00:00:00,31.217702543226437
1219,13,3,2024-07-01 00:00:00,31.302077043338013
1220,13,3,2025-07-01 00:00:00,31.302827921710133
1221,13,3,2026-07-01 00:00:00,31.302956643716797
1222,13,3,2027-07-01 00:00:00,31.342723162302747
1223,13,3,2028-07-01 00:00:00,31.36718034356511
1224,13,3,2029-07-01 00:00:00,31.36718034356511
1225,13,3,2030-07-01 00:00:00,31.36718034356511
1226,13,3,2031-07-01 00:00:00,31.36718034356511
1227,13,3,2032-07-01 00:00:00,31.36718034356511
1228,13,3,2033-07-01 00:00:00,31.36718034356511
1229,13,3,2034-07-01 00:00:00,31.36718034356511
1230,13,3,2035-07-01 00:00:00,31.36718034356511
1231,13,3,2036-07-01 00:00:00,31.36718034356511
1232,13,3,2037-07-01 00:00:00,31.36718034356511
1233,13,3,2038-07-01 00:00:00,31.36718034356511
1234,13,3,2039-07-01 00:00:00,31.36718034356511
1235,13,3,2040-07-01 00:00:00,31.36718034356511
1236,13,3,2041-07-01 00:00:00,31.36718034356511
1237,13,3,2042-07-01 00:00:00,31.36718034356511
1238,13,3,2043-07-01 00:00:00,31.36718034356511
1239,13,3,2044-07-01 00:00:00,31.36718034356511
1240,13,3,2045-07-01 00:00:00,31.36718034356511
1241,13,3,2046-07-01 00:00:00,31.36718034356511
1242,13,3,2047-07-01 00:00:00,31.36718034356511
1243,13,3,2048-07-01 00:00:00,31.36718034356511
1244,13,3,2049-07-01 00:00:00,31.36718034356511
1245,13,3,2050-07-01 00:00:00,31.36718034356511
1246,13,3,2051-07-01 00:00:00,31.36718034356511
1247,13,3,2052-07-01 00:00:00,31.36718034356511
1248,13,3,2053-07-01 00:00:00,31.36718034356511
1249,14,1,2022-07-01 00:00:00,102.44412436887687
1250,14,1,2023-07-01 00:00:00,42.73310395414278
1251,14,1,2024-07-01 00:00:00,51.18208891260325
1252,14,1,2025-07-01 00:00:00,42.37618138074965
1253,14,1,2026-07-01 00:00:00,41.552344726795624
1254,14,1,2027-07-01 00:00:00,41.21227951580929
1255,14,1,2028-07-01 00:00:00,41.05995208325851
1256,14,1,2029-07-01 00:00:00,40.838197436330525
1257,14,1,2030-07-01 00:00:00,40.64475836797544
1258,14,1,2031-07-01 00:00:00,40.448341929666825
1259,14,1,2032-07-01 00:00:00,40.228976045152656
1260,14,1,2033-07-01 00:00:00,39.9990271935805
1261,14,1,2034-07-01 00:00:00,39.82152050995791
1262,14,1,2035-07-01 00:00:00,39.64830722593448
1263,14,1,2036-07-01 00:00:00,39.506178653290036
1264,14,1,2037-07-01 00:00:00,39.33547445408612
1265,14,1,2038-07-01 00:00:00,39.154534375830345
1266,14,1,2039-07-01 00:00:00,39.05294802451941
1267,14,1,2040-07-01 00:00:00,38.826952916760675
1268,14,1,2041-07-01 00:00:00,38.47641671264143
1269,14,1,2042-07-01 00:00:00,38.11947769203404
1270,14,1,2043-07-01 00:00:00,37.75707878252063
1271,14,1,2044-07-01 00:00:00,37.6684411649225
1272,14,1,2045-07-01 00:00:00,37.6684411649225
1273,14,1,2046-07-01 00:00:00,37.6684411649225
1274,14,1,2047-07-01 00:00:00,37.6684411649225
1275,14,1,2048-07-01 00:00:00,37.6684411649225
1276,14,1,2049-07-01 00:00:00,37.6684411649225
1277,14,1,2050-07-01 00:00:00,37.6684411649225
1278,14,1,2051-07-01 00:00:00,37.6684411649225
1279,14,1,2052-07-01 00:00:00,37.6684411649225
1280,14,1,2053-07-01 00:00:00,37.6684411649225
1281,14,2,2022-07-01 00:00:00,92.06770359697398
1282,14,2,2023-07-01 00:00:00,44.96531269955675
1283,14,2,2024-07-01 00:00:00,43.540423236252366
1284,14,2,2025-07-01 00:00:00,42.56977538948819
1285,14,2,2026-07-01 00:00:00,42.53849301164951
1286,14,2,2027-07-01 00:00:00,42.60163949931837
1287,14,2,2028-07-01 00:00:00,42.56118761754901
1288,14,2,2029-07-01 00:00:00,42.46500387268245
1289,14,2,2030-07-01 00:00:00,41.839367702656425
1290,14,2,2031-07-01 00:00:00,40.03572891991506
1291,14,2,2032-07-01 00:00:00,38.10517997837704
1292,14,2,2033-07-01 00:00:00,36.41392155956145
1293,14,2,2034-07-01 00:00:00,35.5590419864691
1294,14,2,2035-07-01 00:00:00,35.18062631645434
1295,14,2,2036-07-01 00:00:00,34.605055323321004
1296,14,2,2037-07-01 00:00:00,34.029484330187664
1297,14,2,2038-07-01 00:00:00,33.453913337054324
1298,14,2,2039-07-01 00:00:00,32.87834234392099
1299,14,2,2040-07-01 00:00:00,32.59055684735432
1300,14,2,2041-07-01 00:00:00,32.59055684735432
1301,14,2,2042-07-01 00:00:00,32.59055684735432
1302,14,2,2043-07-01 00:00:00,32.59055684735432
1303,14,2,2044-07-01 00:00:00,32.59055684735432
1304,14,2,2045-07-01 00:00:00,32.59055684735432
1305,14,2,2046-07-01 00:00:00,32.59055684735432
1306,14,2,2047-07-01 00:00:00,32.59055684735432
1307,14,2,2048-07-01 00:00:00,32.59055684735432
1308,14,2,2049-07-01 00:00:00,32.59055684735432
1309,14,2,2050-07-01 00:00:00,32.59055684735432
1310,14,2,2051-07-01 00:00:00,32.59055684735432
1311,14,2,2052-07-01 00:00:00,32.59055684735432
1312,14,2,2053-07-01 00:00:00,32.59055684735432
1313,14,3,2022-07-01 00:00:00,90.58277151428673
1314,14,3,2023-07-01 00:00:00,45.76620972283576
1315,14,3,2024-07-01 00:00:00,42.94961414265594
1316,14,3,2025-07-01 00:00:00,37.64791009583755
1317,14,3,2026-07-01 00:00:00,36.54441686796107
1318,14,3,2027-07-01 00:00:00,36.34410059580701
1319,14,3,2028-07-01 00:00:00,36.24873805040988
1320,14,3,2029-07-01 00:00:00,36.16971321814394
1321,14,3,2030-07-01 00:00:00,36.09322092300382
1322,14,3,2031-07-01 00:00:00,36.01924403877558
1323,14,3,2032-07-01 00:00:00,35.92156268026149
1324,14,3,2033-07-01 00:00:00,35.74030233336529
1325,14,3,2034-07-01 00:00:00,35.5590419864691
1326,14,3,2035-07-01 00:00:00,35.18062631645434
1327,14,3,2036-07-01 00:00:00,34.605055323321004
1328,14,3,2037-07-01 00:00:00,34.029484330187664
1329,14,3,2038-07-01 00:00:00,33.453913337054324
1330,14,3,2039-07-01 00:00:00,32.87834234392099
1331,14,3,2040-07-01 00:00:00,32.59055684735432
1332,14,3,2041-07-01 00:00:00,32.59055684735432
1333,14,3,2042-07-01 00:00:00,32.59055684735432
1334,14,3,2043-07-01 00:00:00,32.59055684735432
1335,14,3,2044-07-01 00:00:00,32.59055684735432
1336,14,3,2045-07-01 00:00:00,32.59055684735432
1337,14,3,2046-07-01 00:00:00,32.59055684735432
1338,14,3,2047-07-01 00:00:00,32.59055684735432
1339,14,3,2048-07-01 00:00:00,32.59055684735432
1340,14,3,2049-07-01 00:00:00,32.59055684735432
1341,14,3,2050-07-01 00:00:00,32.59055684735432
1342,14,3,2051-07-01 00:00:00,32.59055684735432
1343,14,3,2052-07-01 00:00:00,32.59055684735432
1344,14,3,2053-07-01 00:00:00,32.59055684735432
1345,15,1,2022-07-01 00:00:00,15.234673536651798
1346,15,1,2023-07-01 00:00:00,15.234673536651798
1347,15,1,2024-07-01 00:00:00,15.234673536651798
1348,15,1,2025-07-01 00:00:00,15.234673536651798
1349,15,1,2026-07-01 00:00:00,15.234673536651798
1350,15,1,2027-07-01 00:00:00,15.234673536651798
1351,15,1,2028-07-01 00:00:00,15.234673536651798
1352,15,1,2029-07-01 00:00:00,15.234673536651798
1353,15,1,2030-07-01 00:00:00,15.234673536651798
1354,15,1,2031-07-01 00:00:00,15.234673536651798
1355,15,1,2032-07-01 00:00:00,15.234673536651798
1356,15,1,2033-07-01 00:00:00,15.234673536651798
1357,15,1,2034-07-01 00:00:00,15.234673536651798
1358,15,1,2035-07-01 00:00:00,15.234673536651798
1359,15,1,2036-07-01 00:00:00,15.234673536651798
1360,15,1,2037-07-01 00:00:00,15.234673536651798
1361,15,1,2038-07-01 00:00:00,15.234673536651798
1362,15,1,2039-07-01 00:00:00,15.234673536651798
1363,15,1,2040-07-01 00:00:00,15.234673536651798
1364,15,1,2041-07-01 00:00:00,15.234673536651798
1365,15,1,2042-07-01 00:00:00,15.234673536651798
1366,15,1,2043-07-01 00:00:00,15.234673536651798
1367,15,1,2044-07-01 00:00:00,15.234673536651798
1368,15,1,2045-07-01 00:00:00,15.234673536651798
1369,15,1,2046-07-01 00:00:00,15.234673536651798
1370,15,1,2047-07-01 00:00:00,15.234673536651798
1371,15,1,2048-07-01 00:00:00,15.234673536651798
1372,15,1,2049-07-01 00:00:00,15.234673536651798
1373,15,1,2050-07-01 00:00:00,15.234673536651798
1374,15,1,2051-07-01 00:00:00,15.234673536651798
1375,15,1,2052-07-01 00:00:00,15.234673536651798
1376,15,1,2053-07-01 00:00:00,15.234673536651798
1377,15,2,2022-07-01 00:00:00,15.234673536651798
1378,15,2,2023-07-01 00:00:00,15.234673536651798
1379,15,2,2024-07-01 00:00:00,15.234673536651798
1380,15,2,2025-07-01 00:00:00,15.234673536651798
1381,15,2,2026-07-01 00:00:00,15.234673536651798
1382,15,2,2027-07-01 00:00:00,15.234673536651798
1383,15,2,2028-07-01 00:00:00,15.234673536651798
1384,15,2,2029-07-01 00:00:00,15.234673536651798
1385,15,2,2030-07-01 00:00:00,15.234673536651798
1386,15,2,2031-07-01 00:00:00,15.234673536651798
1387,15,2,2032-07-01 00:00:00,15.234673536651798
1388,15,2,2033-07-01 00:00:00,15.234673536651798
1389,15,2,2034-07-01 00:00:00,15.234673536651798
1390,15,2,2035-07-01 00:00:00,15.234673536651798
1391,15,2,2036-07-01 00:00:00,15.234673536651798
1392,15,2,2037-07-01 00:00:00,15.234673536651798
1393,15,2,2038-07-01 00:00:00,15.234673536651798
1394,15,2,2039-07-01 00:00:00,15.234673536651798
1395,15,2,2040-07-01 00:00:00,15.234673536651798
1396,15,2,2041-07-01 00:00:00,15.234673536651798
1397,15,2,2042-07-01 00:00:00,15.234673536651798
1398,15,2,2043-07-01 00:00:00,15.234673536651798
1399,15,2,2044-07-01 00:00:00,15.234673536651798
1400,15,2,2045-07-01 00:00:00,15.234673536651798
1401,15,2,2046-07-01 00:00:00,15.234673536651798
1402,15,2,2047-07-01 00:00:00,15.234673536651798
1403,15,2,2048-07-01 00:00:00,15.234673536651798
1404,15,2,2049-07-01 00:00:00,15.234673536651798
1405,15,2,2050-07-01 00:00:00,15.234673536651798
1406,15,2,2051-07-01 00:00:00,15.234673536651798
1407,15,2,2052-07-01 00:00:00,15.234673536651798
1408,15,2,2053-07-01 00:00:00,15.234673536651798
1409,15,3,2022-07-01 00:00:00,15.234673536651798
1410,15,3,2023-07-01 00:00:00,15.234673536651798
1411,15,3,2024-07-01 00:00:00,15.234673536651798
1412,15,3,2025-07-01 00:00:00,15.234673536651798
1413,15,3,2026-07-01 00:00:00,15.234673536651798
1414,15,3,2027-07-01 00:00:00,15.234673536651798
1415,15,3,2028-07-01 00:00:00,15.234673536651798
1416,15,3,2029-07-01 00:00:00,15.234673536651798
1417,15,3,2030-07-01 00:00:00,15.234673536651798
1418,15,3,2031-07-01 00:00:00,15.234673536651798
1419,15,3,2032-07-01 00:00:00,15.234673536651798
1420,15,3,2033-07-01 00:00:00,15.234673536651798
1421,15,3,2034-07-01 00:00:00,15.234673536651798
1422,15,3,2035-07-01 00:00:00,15.234673536651798
1423,15,3,2036-07-01 00:00:00,15.234673536651798
1424,15,3,2037-07-01 00:00:00,15.234673536651798
1425,15,3,2038-07-01 00:00:00,15.234673536651798
1426,15,3,2039-07-01 00:00:00,15.234673536651798
1427,15,3,2040-07-01 00:00:00,15.234673536651798
1428,15,3,2041-07-01 00:00:00,15.234673536651798
1429,15,3,2042-07-01 00:00:00,15.234673536651798
1430,15,3,2043-07-01 00:00:00,15.234673536651798
1431,15,3,2044-07-01 00:00:00,15.234673536651798
1432,15,3,2045-07-01 00:00:00,15.234673536651798
1433,15,3,2046-07-01 00:00:00,15.234673536651798
1434,15,3,2047-07-01 00:00:00,15.234673536651798
1435,15,3,2048-07-01 00:00:00,15.234673536651798
1436,15,3,2049-07-01 00:00:00,15.234673536651798
1437,15,3,2050-07-01 00:00:00,15.234673536651798
1438,15,3,2051-07-01 00:00:00,15.234673536651798
1439,15,3,2052-07-01 00:00:00,15.234673536651798
1440,15,3,2053-07-01 00:00:00,15.234673536651798
1441,16,1,2022-07-01 00:00:00,558.1774537739018
1442,16,1,2023-07-01 00:00:00,550.2042238940309
1443,16,1,2024-07-01 00:00:00,542.8442233610134
1444,16,1,2025-07-01 00:00:00,536.0094536404338
1445,16,1,2026-07-01 00:00:00,530.0223285239576
1446,16,1,2027-07-01 00:00:00,524.6914665311259
1447,16,1,2028-07-01 00:00:00,519.3195568846259
1448,16,1,2029-07-01 00:00:00,514.1010697085787
1449,16,1,2030-07-01 00:00:00,509.280670477672
1450,16,1,2031-07-01 00:00:00,504.9162841285624
1451,16,1,2032-07-01 00:00:00,500.93984627695306
1452,16,1,2033-07-01 00:00:00,497.23347729917936
1453,16,1,2034-07-01 00:00:00,493.7177601417568
1454,16,1,2035-07-01 00:00:00,490.33262035555214
1455,16,1,2036-07-01 00:00:00,487.05469850242616
1456,16,1,2037-07-01 00:00:00,483.86609893018436
1457,16,1,2038-07-01 00:00:00,480.7345508156477
1458,16,1,2039-07-01 00:00:00,477.6575801084164
1459,16,1,2040-07-01 00:00:00,471.77338581968587
1460,16,1,2041-07-01 00:00:00,465.97937599714805
1461,16,1,2042-07-01 00:00:00,460.27387382051415
1462,16,1,2043-07-01 00:00:00,454.65523824270406
1463,16,1,2044-07-01 00:00:00,449.1218631675675
1464,16,1,2045-07-01 00:00:00,449.1218631675675
1465,16,1,2046-07-01 00:00:00,449.1218631675675
1466,16,1,2047-07-01 00:00:00,449.1218631675675
1467,16,1,2048-07-01 00:00:00,449.1218631675675
1468,16,1,2049-07-01 00:00:00,449.1218631675675
1469,16,1,2050-07-01 00:00:00,449.1218631675675
1470,16,1,2051-07-01 00:00:00,449.1218631675675
1471,16,1,2052-07-01 00:00:00,449.1218631675675
1472,16,1,2053-07-01 00:00:00,449.1218631675675
1473,16,2,2022-07-01 00:00:00,558.1774537739018
1474,16,2,2023-07-01 00:00:00,550.2042238940309
1475,16,2,2024-07-01 00:00:00,542.8442233610134
1476,16,2,2025-07-01 00:00:00,536.0094536404338
1477,16,2,2026-07-01 00:00:00,530.0223285239576
1478,16,2,2027-07-01 00:00:00,524.6914665311259
1479,16,2,2028-07-01 00:00:00,519.3195568846259
1480,16,2,2029-07-01 00:00:00,514.1010697085787
1481,16,2,2030-07-01 00:00:00,509.280670477672
1482,16,2,2031-07-01 00:00:00,504.9162841285624
1483,16,2,2032-07-01 00:00:00,500.93984627695306
1484,16,2,2033-07-01 00:00:00,497.23347729917936
1485,16,2,2034-07-01 00:00:00,493.7177601417568
1486,16,2,2035-07-01 00:00:00,490.33262035555214
1487,16,2,2036-07-01 00:00:00,487.05469850242616
1488,16,2,2037-07-01 00:00:00,483.86609893018436
1489,16,2,2038-07-01 00:00:00,480.7345508156477
1490,16,2,2039-07-01 00:00:00,477.6575801084164
1491,16,2,2040-07-01 00:00:00,471.77338581968587
1492,16,2,2041-07-01 00:00:00,465.97937599714805
1493,16,2,2042-07-01 00:00:00,460.27387382051415
1494,16,2,2043-07-01 00:00:00,454.65523824270406
1495,16,2,2044-07-01 00:00:00,449.1218631675675
1496,16,2,2045-07-01 00:00:00,449.1218631675675
1497,16,2,2046-07-01 00:00:00,449.1218631675675
1498,16,2,2047-07-01 00:00:00,449.1218631675675
1499,16,2,2048-07-01 00:00:00,449.1218631675675
1500,16,2,2049-07-01 00:00:00,449.1218631675675
1501,16,2,2050-07-01 00:00:00,449.1218631675675
1502,16,2,2051-07-01 00:00:00,449.1218631675675
1503,16,2,2052-07-01 00:00:00,449.1218631675675
1504,16,2,2053-07-01 00:00:00,449.1218631675675
1505,16,3,2022-07-01 00:00:00,558.1774537739018
1506,16,3,2023-07-01 00:00:00,550.2042238940309
1507,16,3,2024-07-01 00:00:00,542.8442233610134
1508,16,3,2025-07-01 00:00:00,536.0094536404338
1509,16,3,2026-07-01 00:00:00,530.0223285239576
1510,16,3,2027-07-01 00:00:00,524.6914665311259
1511,16,3,2028-07-01 00:00:00,519.3195568846259
1512,16,3,2029-07-01 00:00:00,514.1010697085787
1513,16,3,2030-07-01 00:00:00,509.280670477672
1514,16,3,2031-07-01 00:00:00,504.9162841285624
1515,16,3,2032-07-01 00:00:00,500.93984627695306
1516,16,3,2033-07-01 00:00:00,497.23347729917936
1517,16,3,2034-07-01 00:00:00,493.7177601417568
1518,16,3,2035-07-01 00:00:00,490.33262035555214
1519,16,3,2036-07-01 00:00:00,487.05469850242616
1520,16,3,2037-07-01 00:00:00,483.86609893018436
1521,16,3,2038-07-01 00:00:00,480.7345508156477
1522,16,3,2039-07-01 00:00:00,477.6575801084164
1523,16,3,2040-07-01 00:00:00,471.77338581968587
1524,16,3,2041-07-01 00:00:00,465.97937599714805
1525,16,3,2042-07-01 00:00:00,460.27387382051415
1526,16,3,2043-07-01 00:00:00,454.65523824270406
1527,16,3,2044-07-01 00:00:00,449.1218631675675
1528,16,3,2045-07-01 00:00:00,449.1218631675675
1529,16,3,2046-07-01 00:00:00,449.1218631675675
1530,16,3,2047-07-01 00:00:00,449.1218631675675
1531,16,3,2048-07-01 00:00:00,449.1218631675675
1532,16,3,2049-07-01 00:00:00,449.1218631675675
1533,16,3,2050-07-01 00:00:00,449.1218631675675
1534,16,3,2051-07-01 00:00:00,449.1218631675675
1535,16,3,2052-07-01 00:00:00,449.1218631675675
1536,16,3,2053-07-01 00:00:00,449.1218631675675
1537,17,1,2022-07-01 00:00:00,350.0403192800392
1538,17,1,2023-07-01 00:00:00,345.113003095505
1539,17,1,2024-07-01 00:00:00,340.56465188891656
1540,17,1,2025-07-01 00:00:00,336.34088410983907
1541,17,1,2026-07-01 00:00:00,332.64094582513957
1542,17,1,2027-07-01 00:00:00,329.34656663746415
1543,17,1,2028-07-01 00:00:00,326.026820719956
1544,17,1,2029-07-01 00:00:00,322.8018871975655
1545,17,1,2030-07-01 00:00:00,319.8229650412727
1546,17,1,2031-07-01 00:00:00,317.1258508457045
1547,17,1,2032-07-01 00:00:00,314.66848201547754
1548,17,1,2033-07-01 00:00:00,312.37801101123057
1549,17,1,2034-07-01 00:00:00,310.2053594871918
1550,17,1,2035-07-01 00:00:00,308.1134024877346
1551,17,1,2036-07-01 00:00:00,306.0877042899037
1552,17,1,2037-07-01 00:00:00,304.1172056946016
1553,17,1,2038-07-01 00:00:00,302.18196389925856
1554,17,1,2039-07-01 00:00:00,300.2804499841319
1555,17,1,2040-07-01 00:00:00,296.6441211451751
1556,17,1,2041-07-01 00:00:00,293.06352472414187
1557,17,1,2042-07-01 00:00:00,289.53762447551156
1558,17,1,2043-07-01 00:00:00,286.06540626097893
1559,17,1,2044-07-01 00:00:00,282.6458775413002
1560,17,1,2045-07-01 00:00:00,282.6458775413002
1561,17,1,2046-07-01 00:00:00,282.6458775413002
1562,17,1,2047-07-01 00:00:00,282.6458775413002
1563,17,1,2048-07-01 00:00:00,282.6458775413002
1564,17,1,2049-07-01 00:00:00,282.6458775413002
1565,17,1,2050-07-01 00:00:00,282.6458775413002
1566,17,1,2051-07-01 00:00:00,282.6458775413002
1567,17,1,2052-07-01 00:00:00,282.6458775413002
1568,17,1,2053-07-01 00:00:00,282.6458775413002
1569,17,2,2022-07-01 00:00:00,350.0403192800392
1570,17,2,2023-07-01 00:00:00,345.113003095505
1571,17,2,2024-07-01 00:00:00,340.56465188891656
1572,17,2,2025-07-01 00:00:00,336.34088410983907
1573,17,2,2026-07-01 00:00:00,332.64094582513957
1574,17,2,2027-07-01 00:00:00,329.34656663746415
1575,17,2,2028-07-01 00:00:00,326.026820719956
1576,17,2,2029-07-01 00:00:00,322.8018871975655
1577,17,2,2030-07-01 00:00:00,319.8229650412727
1578,17,2,2031-07-01 00:00:00,317.1258508457045
1579,17,2,2032-07-01 00:00:00,314.66848201547754
1580,17,2,2033-07-01 00:00:00,312.37801101123057
1581,17,2,2034-07-01 00:00:00,310.2053594871918
1582,17,2,2035-07-01 00:00:00,308.1134024877346
1583,17,2,2036-07-01 00:00:00,306.0877042899037
1584,17,2,2037-07-01 00:00:00,304.1172056946016
1585,17,2,2038-07-01 00:00:00,302.18196389925856
1586,17,2,2039-07-01 00:00:00,300.2804499841319
1587,17,2,2040-07-01 00:00:00,296.6441211451751
1588,17,2,2041-07-01 00:00:00,293.06352472414187
1589,17,2,2042-07-01 00:00:00,289.53762447551156
1590,17,2,2043-07-01 00:00:00,286.06540626097893
1591,17,2,2044-07-01 00:00:00,282.6458775413002
1592,17,2,2045-07-01 00:00:00,282.6458775413002
1593,17,2,2046-07-01 00:00:00,282.6458775413002
1594,17,2,2047-07-01 00:00:00,282.6458775413002
1595,17,2,2048-07-01 00:00:00,282.6458775413002
1596,17,2,2049-07-01 00:00:00,282.6458775413002
1597,17,2,2050-07-01 00:00:00,282.6458775413002
1598,17,2,2051-07-01 00:00:00,282.6458775413002
1599,17,2,2052-07-01 00:00:00,282.6458775413002
1600,17,2,2053-07-01 00:00:00,282.6458775413002
1601,17,3,2022-07-01 00:00:00,350.0403192800392
1602,17,3,2023-07-01 00:00:00,345.113003095505
1603,17,3,2024-07-01 00:00:00,340.56465188891656
1604,17,3,2025-07-01 00:00:00,336.34088410983907
1605,17,3,2026-07-01 00:00:00,332.64094582513957
1606,17,3,2027-07-01 00:00:00,329.34656663746415
1607,17,3,2028-07-01 00:00:00,326.026820719956
1608,17,3,2029-07-01 00:00:00,322.8018871975655
1609,17,3,2030-07-01 00:00:00,319.8229650412727
1610,17,3,2031-07-01 00:00:00,317.1258508457045
1611,17,3,2032-07-01 00:00:00,314.66848201547754
1612,17,3,2033-07-01 00:00:00,312.37801101123057
1613,17,3,2034-07-01 00:00:00,310.2053594871918
1614,17,3,2035-07-01 00:00:00,308.1134024877346
1615,17,3,2036-07-01 00:00:00,306.0877042899037
1616,17,3,2037-07-01 00:00:00,304.1172056946016
1617,17,3,2038-07-01 00:00:00,302.18196389925856
1618,17,3,2039-07-01 00:00:00,300.2804499841319
1619,17,3,2040-07-01 00:00:00,296.6441211451751
1620,17,3,2041-07-01 00:00:00,293.06352472414187
1621,17,3,2042-07-01 00:00:00,289.53762447551156
1622,17,3,2043-07-01 00:00:00,286.06540626097893
1623,17,3,2044-07-01 00:00:00,282.6458775413002
1624,17,3,2045-07-01 00:00:00,282.6458775413002
1625,17,3,2046-07-01 00:00:00,282.6458775413002
1626,17,3,2047-07-01 00:00:00,282.6458775413002
1627,17,3,2048-07-01 00:00:00,282.6458775413002
1628,17,3,2049-07-01 00:00:00,282.6458775413002
1629,17,3,2050-07-01 00:00:00,282.6458775413002
1630,17,3,2051-07-01 00:00:00,282.6458775413002
1631,17,3,2052-07-01 00:00:00,282.6458775413002
1632,17,3,2053-07-01 00:00:00,282.6458775413002
1633,18,1,2022-07-01 00:00:00,519.2812423088013
1634,18,1,2023-07-01 00:00:00,511.86587537762114
1635,18,1,2024-07-01 00:00:00,505.0208319776068
1636,18,1,2025-07-01 00:00:00,498.66427056751
1637,18,1,2026-07-01 00:00:00,493.09604661429887
1638,18,1,2027-07-01 00:00:00,488.138169024926
1639,18,1,2028-07-01 00:00:00,483.1421157629335
1640,18,1,2029-07-01 00:00:00,478.28875046191024
1641,18,1,2030-07-01 00:00:00,473.8056200880834
1642,18,1,2031-07-01 00:00:00,469.746596744258
1643,18,1,2032-07-01 00:00:00,466.0483783066887
1644,18,1,2033-07-01 00:00:00,462.60133283495065
1645,18,1,2034-07-01 00:00:00,459.3315998482785
1646,18,1,2035-07-01 00:00:00,456.1833081263231
1647,18,1,2036-07-01 00:00:00,453.1347326206766
1648,18,1,2037-07-01 00:00:00,450.16922978418233
1649,18,1,2038-07-01 00:00:00,447.25678668624033
1650,18,1,2039-07-01 00:00:00,444.39510237832695
1651,18,1,2040-07-01 00:00:00,438.9226074919762
1652,18,1,2041-07-01 00:00:00,433.5339871355697
1653,18,1,2042-07-01 00:00:00,428.22768181089833
1654,18,1,2043-07-01 00:00:00,423.00216529001756
1655,18,1,2044-07-01 00:00:00,417.85594385050103
1656,18,1,2045-07-01 00:00:00,417.85594385050103
1657,18,1,2046-07-01 00:00:00,417.85594385050103
1658,18,1,2047-07-01 00:00:00,417.85594385050103
1659,18,1,2048-07-01 00:00:00,417.85594385050103
1660,18,1,2049-07-01 00:00:00,417.85594385050103
1661,18,1,2050-07-01 00:00:00,417.85594385050103
1662,18,1,2051-07-01 00:00:00,417.85594385050103
1663,18,1,2052-07-01 00:00:00,417.85594385050103
1664,18,1,2053-07-01 00:00:00,417.85594385050103
1665,18,2,2022-07-01 00:00:00,519.2812423088013
1666,18,2,2023-07-01 00:00:00,511.86587537762114
1667,18,2,2024-07-01 00:00:00,505.0208319776068
1668,18,2,2025-07-01 00:00:00,498.66427056751
1669,18,2,2026-07-01 00:00:00,493.09604661429887
1670,18,2,2027-07-01 00:00:00,488.138169024926
1671,18,2,2028-07-01 00:00:00,483.1421157629335
1672,18,2,2029-07-01 00:00:00,478.28875046191024
1673,18,2,2030-07-01 00:00:00,473.8056200880834
1674,18,2,2031-07-01 00:00:00,469.746596744258
1675,18,2,2032-07-01 00:00:00,466.0483783066887
1676,18,2,2033-07-01 00:00:00,462.60133283495065
1677,18,2,2034-07-01 00:00:00,459.3315998482785
1678,18,2,2035-07-01 00:00:00,456.1833081263231
1679,18,2,2036-07-01 00:00:00,453.1347326206766
1680,18,2,2037-07-01 00:00:00,450.16922978418233
1681,18,2,2038-07-01 00:00:00,447.25678668624033
1682,18,2,2039-07-01 00:00:00,444.39510237832695
1683,18,2,2040-07-01 00:00:00,438.9226074919762
1684,18,2,2041-07-01 00:00:00,433.5339871355697
1685,18,2,2042-07-01 00:00:00,428.22768181089833
1686,18,2,2043-07-01 00:00:00,423.00216529001756
1687,18,2,2044-07-01 00:00:00,417.85594385050103
1688,18,2,2045-07-01 00:00:00,417.85594385050103
1689,18,2,2046-07-01 00:00:00,417.85594385050103
1690,18,2,2047-07-01 00:00:00,417.85594385050103
1691,18,2,2048-07-01 00:00:00,417.85594385050103
1692,18,2,2049-07-01 00:00:00,417.85594385050103
1693,18,2,2050-07-01 00:00:00,417.85594385050103
1694,18,2,2051-07-01 00:00:00,417.85594385050103
1695,18,2,2052-07-01 00:00:00,417.85594385050103
1696,18,2,2053-07-01 00:00:00,417.85594385050103
1697,18,3,2022-07-01 00:00:00,519.2812423088013
1698,18,3,2023-07-01 00:00:00,511.86587537762114
1699,18,3,2024-07-01 00:00:00,505.0208319776068
1700,18,3,2025-07-01 00:00:00,498.66427056751
1701,18,3,2026-07-01 00:00:00,493.09604661429887
1702,18,3,2027-07-01 00:00:00,488.138169024926
1703,18,3,2028-07-01 00:00:00,483.1421157629335
1704,18,3,2029-07-01 00:00:00,478.28875046191024
1705,18,3,2030-07-01 00:00:00,473.8056200880834
1706,18,3,2031-07-01 00:00:00,469.746596744258
1707,18,3,2032-07-01 00:00:00,466.0483783066887
1708,18,3,2033-07-01 00:00:00,462.60133283495065
1709,18,3,2034-07-01 00:00:00,459.3315998482785
1710,18,3,2035-07-01 00:00:00,456.1833081263231
1711,18,3,2036-07-01 00:00:00,453.1347326206766
1712,18,3,2037-07-01 00:00:00,450.16922978418233
1713,18,3,2038-07-01 00:00:00,447.25678668624033
1714,18,3,2039-07-01 00:00:00,444.39510237832695
1715,18,3,2040-07-01 00:00:00,438.9226074919762
1716,18,3,2041-07-01 00:00:00,433.5339871355697
1717,18,3,2042-07-01 00:00:00,428.22768181089833
1718,18,3,2043-07-01 00:00:00,423.00216529001756
1719,18,3,2044-07-01 00:00:00,417.85594385050103
1720,18,3,2045-07-01 00:00:00,417.85594385050103
1721,18,3,2046-07-01 00:00:00,417.85594385050103
1722,18,3,2047-07-01 00:00:00,417.85594385050103
1723,18,3,2048-07-01 00:00:00,417.85594385050103
1724,18,3,2049-07-01 00:00:00,417.85594385050103
1725,18,3,2050-07-01 00:00:00,417.85594385050103
1726,18,3,2051-07-01 00:00:00,417.85594385050103
1727,18,3,2052-07-01 00:00:00,417.85594385050103
1728,18,3,2053-07-01 00:00:00,417.85594385050103
1729,19,1,2022-07-01 00:00:00,558.9529581312871
1730,19,1,2023-07-01 00:00:00,550.9570286645696
1731,19,1,2024-07-01 00:00:00,543.5760743933798
1732,19,1,2025-07-01 00:00:00,536.7218462536669
1733,19,1,2026-07-01 00:00:00,530.7176759411296
1734,19,1,2027-07-01 00:00:00,525.3716371170016
1735,19,1,2028-07-01 00:00:00,519.9844337775577
1736,19,1,2029-07-01 00:00:00,514.7510896985183
1737,19,1,2030-07-01 00:00:00,509.91696691108234
1738,19,1,2031-07-01 00:00:00,505.54015526275816
1739,19,1,2032-07-01 00:00:00,501.5523965916425
1740,19,1,2033-07-01 00:00:00,497.8354756737186
1741,19,1,2034-07-01 00:00:00,494.30974935712896
1742,19,1,2035-07-01 00:00:00,490.91497216228026
1743,19,1,2036-07-01 00:00:00,487.6277181472949
1744,19,1,2037-07-01 00:00:00,484.4300407115022
1745,19,1,2038-07-01 00:00:00,481.28957715749357
1746,19,1,2039-07-01 00:00:00,478.20384639130936
1747,19,1,2040-07-01 00:00:00,472.3028999480201
1748,19,1,2041-07-01 00:00:00,466.49239472385227
1749,19,1,2042-07-01 00:00:00,460.77064912465147
1750,19,1,2043-07-01 00:00:00,455.1360174313174
1751,19,1,2044-07-01 00:00:00,449.5868889751839
1752,19,1,2045-07-01 00:00:00,449.5868889751839
1753,19,1,2046-07-01 00:00:00,449.5868889751839
1754,19,1,2047-07-01 00:00:00,449.5868889751839
1755,19,1,2048-07-01 00:00:00,449.5868889751839
1756,19,1,2049-07-01 00:00:00,449.5868889751839
1757,19,1,2050-07-01 00:00:00,449.5868889751839
1758,19,1,2051-07-01 00:00:00,449.5868889751839
1759,19,1,2052-07-01 00:00:00,449.5868889751839
1760,19,1,2053-07-01 00:00:00,449.5868889751839
1761,19,2,2022-07-01 00:00:00,558.9529581312871
1762,19,2,2023-07-01 00:00:00,550.9570286645696
1763,19,2,2024-07-01 00:00:00,543.5760743933798
1764,19,2,2025-07-01 00:00:00,536.7218462536669
1765,19,2,2026-07-01 00:00:00,530.7176759411296
1766,19,2,2027-07-01 00:00:00,525.3716371170016
1767,19,2,2028-07-01 00:00:00,519.9844337775577
1768,19,2,2029-07-01 00:00:00,514.7510896985183
1769,19,2,2030-07-01 00:00:00,509.91696691108234
1770,19,2,2031-07-01 00:00:00,505.54015526275816
1771,19,2,2032-07-01 00:00:00,501.5523965916425
1772,19,2,2033-07-01 00:00:00,497.8354756737186
1773,19,2,2034-07-01 00:00:00,494.30974935712896
1774,19,2,2035-07-01 00:00:00,490.91497216228026
1775,19,2,2036-07-01 00:00:00,487.6277181472949
1776,19,2,2037-07-01 00:00:00,484.4300407115022
1777,19,2,2038-07-01 00:00:00,481.28957715749357
1778,19,2,2039-07-01 00:00:00,478.20384639130936
1779,19,2,2040-07-01 00:00:00,472.3028999480201
1780,19,2,2041-07-01 00:00:00,466.49239472385227
1781,19,2,2042-07-01 00:00:00,460.77064912465147
1782,19,2,2043-07-01 00:00:00,455.1360174313174
1783,19,2,2044-07-01 00:00:00,449.5868889751839
1784,19,2,2045-07-01 00:00:00,449.5868889751839
1785,19,2,2046-07-01 00:00:00,449.5868889751839
1786,19,2,2047-07-01 00:00:00,449.5868889751839
1787,19,2,2048-07-01 00:00:00,449.5868889751839
1788,19,2,2049-07-01 00:00:00,449.5868889751839
1789,19,2,2050-07-01 00:00:00,449.5868889751839
1790,19,2,2051-07-01 00:00:00,449.5868889751839
1791,19,2,2052-07-01 00:00:00,449.5868889751839
1792,19,2,2053-07-01 00:00:00,449.5868889751839
1793,19,3,2022-07-01 00:00:00,558.9529581312871
1794,19,3,2023-07-01 00:00:00,550.9570286645696
1795,19,3,2024-07-01 00:00:00,543.5760743933798
1796,19,3,2025-07-01 00:00:00,536.7218462536669
1797,19,3,2026-07-01 00:00:00,530.7176759411296
1798,19,3,2027-07-01 00:00:00,525.3716371170016
1799,19,3,2028-07-01 00:00:00,519.9844337775577
1800,19,3,2029-07-01 00:00:00,514.7510896985183
1801,19,3,2030-07-01 00:00:00,509.91696691108234
1802,19,3,2031-07-01 00:00:00,505.54015526275816
1803,19,3,2032-07-01 00:00:00,501.5523965916425
1804,19,3,2033-07-01 00:00:00,497.8354756737186
1805,19,3,2034-07-01 00:00:00,494.30974935712896
1806,19,3,2035-07-01 00:00:00,490.91497216228026
1807,19,3,2036-07-01 00:00:00,487.6277181472949
1808,19,3,2037-07-01 00:00:00,484.4300407115022
1809,19,3,2038-07-01 00:00:00,481.28957715749357
1810,19,3,2039-07-01 00:00:00,478.20384639130936
1811,19,3,2040-07-01 00:00:00,472.3028999480201
1812,19,3,2041-07-01 00:00:00,466.49239472385227
1813,19,3,2042-07-01 00:00:00,460.77064912465147
1814,19,3,2043-07-01 00:00:00,455.1360174313174
1815,19,3,2044-07-01 00:00:00,449.5868889751839
1816,19,3,2045-07-01 00:00:00,449.5868889751839
1817,19,3,2046-07-01 00:00:00,449.5868889751839
1818,19,3,2047-07-01 00:00:00,449.5868889751839
1819,19,3,2048-07-01 00:00:00,449.5868889751839
1820,19,3,2049-07-01 00:00:00,449.5868889751839
1821,19,3,2050-07-01 00:00:00,449.5868889751839
1822,19,3,2051-07-01 00:00:00,449.5868889751839
1823,19,3,2052-07-01 00:00:00,449.5868889751839
1824,19,3,2053-07-01 00:00:00,449.5868889751839
1825,20,1,2022-07-01 00:00:00,350.0403192800392
1826,20,1,2023-07-01 00:00:00,345.113003095505
1827,20,1,2024-07-01 00:00:00,340.56465188891656
1828,20,1,2025-07-01 00:00:00,336.34088410983907
1829,20,1,2026-07-01 00:00:00,332.64094582513957
1830,20,1,2027-07-01 00:00:00,329.34656663746415
1831,20,1,2028-07-01 00:00:00,326.026820719956
1832,20,1,2029-07-01 00:00:00,322.8018871975655
1833,20,1,2030-07-01 00:00:00,319.8229650412727
1834,20,1,2031-07-01 00:00:00,317.1258508457045
1835,20,1,2032-07-01 00:00:00,314.66848201547754
1836,20,1,2033-07-01 00:00:00,312.37801101123057
1837,20,1,2034-07-01 00:00:00,310.2053594871918
1838,20,1,2035-07-01 00:00:00,308.1134024877346
1839,20,1,2036-07-01 00:00:00,306.0877042899037
1840,20,1,2037-07-01 00:00:00,304.1172056946016
1841,20,1,2038-07-01 00:00:00,302.18196389925856
1842,20,1,2039-07-01 00:00:00,300.2804499841319
1843,20,1,2040-07-01 00:00:00,296.6441211451751
1844,20,1,2041-07-01 00:00:00,293.06352472414187
1845,20,1,2042-07-01 00:00:00,289.53762447551156
1846,20,1,2043-07-01 00:00:00,286.06540626097893
1847,20,1,2044-07-01 00:00:00,282.6458775413002
1848,20,1,2045-07-01 00:00:00,282.6458775413002
1849,20,1,2046-07-01 00:00:00,282.6458775413002
1850,20,1,2047-07-01 00:00:00,282.6458775413002
1851,20,1,2048-07-01 00:00:00,282.6458775413002
1852,20,1,2049-07-01 00:00:00,282.6458775413002
1853,20,1,2050-07-01 00:00:00,282.6458775413002
1854,20,1,2051-07-01 00:00:00,282.6458775413002
1855,20,1,2052-07-01 00:00:00,282.6458775413002
1856,20,1,2053-07-01 00:00:00,282.6458775413002
1857,20,2,2022-07-01 00:00:00,350.0403192800392
1858,20,2,2023-07-01 00:00:00,345.113003095505
1859,20,2,2024-07-01 00:00:00,340.56465188891656
1860,20,2,2025-07-01 00:00:00,336.34088410983907
1861,20,2,2026-07-01 00:00:00,332.64094582513957
1862,20,2,2027-07-01 00:00:00,329.34656663746415
1863,20,2,2028-07-01 00:00:00,326.026820719956
1864,20,2,2029-07-01 00:00:00,322.8018871975655
1865,20,2,2030-07-01 00:00:00,319.8229650412727
1866,20,2,2031-07-01 00:00:00,317.1258508457045
1867,20,2,2032-07-01 00:00:00,314.66848201547754
1868,20,2,2033-07-01 00:00:00,312.37801101123057
1869,20,2,2034-07-01 00:00:00,310.2053594871918
1870,20,2,2035-07-01 00:00:00,308.1134024877346
1871,20,2,2036-07-01 00:00:00,306.0877042899037
1872,20,2,2037-07-01 00:00:00,304.1172056946016
1873,20,2,2038-07-01 00:00:00,302.18196389925856
1874,20,2,2039-07-01 00:00:00,300.2804499841319
1875,20,2,2040-07-01 00:00:00,296.6441211451751
1876,20,2,2041-07-01 00:00:00,293.06352472414187
1877,20,2,2042-07-01 00:00:00,289.53762447551156
1878,20,2,2043-07-01 00:00:00,286.06540626097893
1879,20,2,2044-07-01 00:00:00,282.6458775413002
1880,20,2,2045-07-01 00:00:00,282.6458775413002
1881,20,2,2046-07-01 00:00:00,282.6458775413002
1882,20,2,2047-07-01 00:00:00,282.6458775413002
1883,20,2,2048-07-01 00:00:00,282.6458775413002
1884,20,2,2049-07-01 00:00:00,282.6458775413002
1885,20,2,2050-07-01 00:00:00,282.6458775413002
1886,20,2,2051-07-01 00:00:00,282.6458775413002
1887,20,2,2052-07-01 00:00:00,282.6458775413002
1888,20,2,2053-07-01 00:00:00,282.6458775413002
1889,20,3,2022-07-01 00:00:00,350.0403192800392
1890,20,3,2023-07-01 00:00:00,345.113003095505
1891,20,3,2024-07-01 00:00:00,340.56465188891656
1892,20,3,2025-07-01 00:00:00,336.34088410983907
1893,20,3,2026-07-01 00:00:00,332.64094582513957
1894,20,3,2027-07-01 00:00:00,329.34656663746415
1895,20,3,2028-07-01 00:00:00,326.026820719956
1896,20,3,2029-07-01 00:00:00,322.8018871975655
1897,20,3,2030-07-01 00:00:00,319.8229650412727
1898,20,3,2031-07-01 00:00:00,317.1258508457045
1899,20,3,2032-07-01 00:00:00,314.66848201547754
1900,20,3,2033-07-01 00:00:00,312.37801101123057
1901,20,3,2034-07-01 00:00:00,310.2053594871918
1902,20,3,2035-07-01 00:00:00,308.1134024877346
1903,20,3,2036-07-01 00:00:00,306.0877042899037
1904,20,3,2037-07-01 00:00:00,304.1172056946016
1905,20,3,2038-07-01 00:00:00,302.18196389925856
1906,20,3,2039-07-01 00:00:00,300.2804499841319
1907,20,3,2040-07-01 00:00:00,296.6441211451751
1908,20,3,2041-07-01 00:00:00,293.06352472414187
1909,20,3,2042-07-01 00:00:00,289.53762447551156
1910,20,3,2043-07-01 00:00:00,286.06540626097893
1911,20,3,2044-07-01 00:00:00,282.6458775413002
1912,20,3,2045-07-01 00:00:00,282.6458775413002
1913,20,3,2046-07-01 00:00:00,282.6458775413002
1914,20,3,2047-07-01 00:00:00,282.6458775413002
1915,20,3,2048-07-01 00:00:00,282.6458775413002
1916,20,3,2049-07-01 00:00:00,282.6458775413002
1917,20,3,2050-07-01 00:00:00,282.6458775413002
1918,20,3,2051-07-01 00:00:00,282.6458775413002
1919,20,3,2052-07-01 00:00:00,282.6458775413002
1920,20,3,2053-07-01 00:00:00,282.6458775413002
1921,21,1,2022-07-01 00:00:00,447.43096351652594
1922,21,1,2023-07-01 00:00:00,441.07096624159135
1923,21,1,2024-07-01 00:00:00,435.2001229273049
1924,21,1,2025-07-01 00:00:00,429.7482398820871
1925,21,1,2026-07-01 00:00:00,424.97249655106737
1926,21,1,2027-07-01 00:00:00,420.7202338848351
1927,21,1,2028-07-01 00:00:00,416.4352287830521
1928,21,1,2029-07-01 00:00:00,412.2726040100312
1929,21,1,2030-07-01 00:00:00,408.42752159869104
1930,21,1,2031-07-01 00:00:00,404.9461864678458
1931,21,1,2032-07-01 00:00:00,401.77430577693167
1932,21,1,2033-07-01 00:00:00,398.8178506196492
1933,21,1,2034-07-01 00:00:00,396.0134724846229
1934,21,1,2035-07-01 00:00:00,393.31325185384844
1935,21,1,2036-07-01 00:00:00,390.69855563068285
1936,21,1,2037-07-01 00:00:00,388.15510901044763
1937,21,1,2038-07-01 00:00:00,385.65717056205784
1938,21,1,2039-07-01 00:00:00,383.20276681252477
1939,21,1,2040-07-01 00:00:00,378.5091281986437
1940,21,1,2041-07-01 00:00:00,373.8874269260746
1941,21,1,2042-07-01 00:00:00,369.3363254474712
1942,21,1,2043-07-01 00:00:00,364.8545147506622
1943,21,1,2044-07-01 00:00:00,360.44071370274486
1944,21,1,2045-07-01 00:00:00,360.44071370274486
1945,21,1,2046-07-01 00:00:00,360.44071370274486
1946,21,1,2047-07-01 00:00:00,360.44071370274486
1947,21,1,2048-07-01 00:00:00,360.44071370274486
1948,21,1,2049-07-01 00:00:00,360.44071370274486
1949,21,1,2050-07-01 00:00:00,360.44071370274486
1950,21,1,2051-07-01 00:00:00,360.44071370274486
1951,21,1,2052-07-01 00:00:00,360.44071370274486
1952,21,1,2053-07-01 00:00:00,360.44071370274486
1953,21,2,2022-07-01 00:00:00,447.43096351652594
1954,21,2,2023-07-01 00:00:00,441.07096624159135
1955,21,2,2024-07-01 00:00:00,435.2001229273049
1956,21,2,2025-07-01 00:00:00,429.7482398820871
1957,21,2,2026-07-01 00:00:00,424.97249655106737
1958,21,2,2027-07-01 00:00:00,420.7202338848351
1959,21,2,2028-07-01 00:00:00,416.4352287830521
1960,21,2,2029-07-01 00:00:00,412.2726040100312
1961,21,2,2030-07-01 00:00:00,408.42752159869104
1962,21,2,2031-07-01 00:00:00,404.9461864678458
1963,21,2,2032-07-01 00:00:00,401.77430577693167
1964,21,2,2033-07-01 00:00:00,398.8178506196492
1965,21,2,2034-07-01 00:00:00,396.0134724846229
1966,21,2,2035-07-01 00:00:00,393.31325185384844
1967,21,2,2036-07-01 00:00:00,390.69855563068285
1968,21,2,2037-07-01 00:00:00,388.15510901044763
1969,21,2,2038-07-01 00:00:00,385.65717056205784
1970,21,2,2039-07-01 00:00:00,383.20276681252477
1971,21,2,2040-07-01 00:00:00,378.5091281986437
1972,21,2,2041-07-01 00:00:00,373.8874269260746
1973,21,2,2042-07-01 00:00:00,369.3363254474712
1974,21,2,2043-07-01 00:00:00,364.8545147506622
1975,21,2,2044-07-01 00:00:00,360.44071370274486
1976,21,2,2045-07-01 00:00:00,360.44071370274486
1977,21,2,2046-07-01 00:00:00,360.44071370274486
1978,21,2,2047-07-01 00:00:00,360.44071370274486
1979,21,2,2048-07-01 00:00:00,360.44071370274486
1980,21,2,2049-07-01 00:00:00,360.44071370274486
1981,21,2,2050-07-01 00:00:00,360.44071370274486
1982,21,2,2051-07-01 00:00:00,360.44071370274486
1983,21,2,2052-07-01 00:00:00,360.44071370274486
1984,21,2,2053-07-01 00:00:00,360.44071370274486
1985,21,3,2022-07-01 00:00:00,447.43096351652594
1986,21,3,2023-07-01 00:00:00,441.07096624159135
1987,21,3,2024-07-01 00:00:00,435.2001229273049
1988,21,3,2025-07-01 00:00:00,429.7482398820871
1989,21,3,2026-07-01 00:00:00,424.97249655106737
1990,21,3,2027-07-01 00:00:00,420.7202338848351
1991,21,3,2028-07-01 00:00:00,416.4352287830521
1992,21,3,2029-07-01 00:00:00,412.2726040100312
1993,21,3,2030-07-01 00:00:00,408.42752159869104
1994,21,3,2031-07-01 00:00:00,404.9461864678458
1995,21,3,2032-07-01 00:00:00,401.77430577693167
1996,21,3,2033-07-01 00:00:00,398.8178506196492
1997,21,3,2034-07-01 00:00:00,396.0134724846229
1998,21,3,2035-07-01 00:00:00,393.31325185384844
1999,21,3,2036-07-01 00:00:00,390.69855563068285
2000,21,3,2037-07-01 00:00:00,388.15510901044763
2001,21,3,2038-07-01 00:00:00,385.65717056205784
2002,21,3,2039-07-01 00:00:00,383.20276681252477
2003,21,3,2040-07-01 00:00:00,378.5091281986437
2004,21,3,2041-07-01 00:00:00,373.8874269260746
2005,21,3,2042-07-01 00:00:00,369.3363254474712
2006,21,3,2043-07-01 00:00:00,364.8545147506622
2007,21,3,2044-07-01 00:00:00,360.44071370274486
2008,21,3,2045-07-01 00:00:00,360.44071370274486
2009,21,3,2046-07-01 00:00:00,360.44071370274486
2010,21,3,2047-07-01 00:00:00,360.44071370274486
2011,21,3,2048-07-01 00:00:00,360.44071370274486
2012,21,3,2049-07-01 00:00:00,360.44071370274486
2013,21,3,2050-07-01 00:00:00,360.44071370274486
2014,21,3,2051-07-01 00:00:00,360.44071370274486
2015,21,3,2052-07-01 00:00:00,360.44071370274486
2016,21,3,2053-07-01 00:00:00,360.44071370274486
2017,22,1,2022-07-01 00:00:00,585.4568401911196
2018,22,1,2023-07-01 00:00:00,577.0730484741508
2019,22,1,2024-07-01 00:00:00,569.33406283906
2020,22,1,2025-07-01 00:00:00,562.1473534836148
2021,22,1,2026-07-01 00:00:00,555.8519361036783
2022,22,1,2027-07-01 00:00:00,550.2465745007679
2023,22,1,2028-07-01 00:00:00,544.5980515963511
2024,22,1,2029-07-01 00:00:00,539.1108512746717
2025,22,1,2030-07-01 00:00:00,534.0422374565019
2026,22,1,2031-07-01 00:00:00,529.4531177804605
2027,22,1,2032-07-01 00:00:00,525.2719230544026
2028,22,1,2033-07-01 00:00:00,521.3747037337436
2029,22,1,2034-07-01 00:00:00,517.6779533794089
2030,22,1,2035-07-01 00:00:00,514.1185041564519
2031,22,1,2036-07-01 00:00:00,510.6717937899934
2032,22,1,2037-07-01 00:00:00,507.3190051353003
2033,22,1,2038-07-01 00:00:00,504.02620566262704
2034,22,1,2039-07-01 00:00:00,500.7907939264414
2035,22,1,2040-07-01 00:00:00,494.60360754373886
2036,22,1,2041-07-01 00:00:00,488.51124945421964
2037,22,1,2042-07-01 00:00:00,482.5119564938635
2038,22,1,2043-07-01 00:00:00,476.6040031139125
2039,22,1,2044-07-01 00:00:00,470.7857005162502
2040,22,1,2045-07-01 00:00:00,470.7857005162502
2041,22,1,2046-07-01 00:00:00,470.7857005162502
2042,22,1,2047-07-01 00:00:00,470.7857005162502
2043,22,1,2048-07-01 00:00:00,470.7857005162502
2044,22,1,2049-07-01 00:00:00,470.7857005162502
2045,22,1,2050-07-01 00:00:00,470.7857005162502
2046,22,1,2051-07-01 00:00:00,470.7857005162502
2047,22,1,2052-07-01 00:00:00,470.7857005162502
2048,22,1,2053-07-01 00:00:00,470.7857005162502
2049,22,2,2022-07-01 00:00:00,585.4568401911196
2050,22,2,2023-07-01 00:00:00,577.0730484741508
2051,22,2,2024-07-01 00:00:00,569.33406283906
2052,22,2,2025-07-01 00:00:00,562.1473534836148
2053,22,2,2026-07-01 00:00:00,555.8519361036783
2054,22,2,2027-07-01 00:00:00,550.2465745007679
2055,22,2,2028-07-01 00:00:00,544.5980515963511
2056,22,2,2029-07-01 00:00:00,539.1108512746717
2057,22,2,2030-07-01 00:00:00,534.0422374565019
2058,22,2,2031-07-01 00:00:00,529.4531177804605
2059,22,2,2032-07-01 00:00:00,525.2719230544026
2060,22,2,2033-07-01 00:00:00,521.3747037337436
2061,22,2,2034-07-01 00:00:00,517.6779533794089
2062,22,2,2035-07-01 00:00:00,514.1185041564519
2063,22,2,2036-07-01 00:00:00,510.6717937899934
2064,22,2,2037-07-01 00:00:00,507.3190051353003
2065,22,2,2038-07-01 00:00:00,504.02620566262704
2066,22,2,2039-07-01 00:00:00,500.7907939264414
2067,22,2,2040-07-01 00:00:00,494.60360754373886
2068,22,2,2041-07-01 00:00:00,488.51124945421964
2069,22,2,2042-07-01 00:00:00,482.5119564938635
2070,22,2,2043-07-01 00:00:00,476.6040031139125
2071,22,2,2044-07-01 00:00:00,470.7857005162502
2072,22,2,2045-07-01 00:00:00,470.7857005162502
2073,22,2,2046-07-01 00:00:00,470.7857005162502
2074,22,2,2047-07-01 00:00:00,470.7857005162502
2075,22,2,2048-07-01 00:00:00,470.7857005162502
2076,22,2,2049-07-01 00:00:00,470.7857005162502
2077,22,2,2050-07-01 00:00:00,470.7857005162502
2078,22,2,2051-07-01 00:00:00,470.7857005162502
2079,22,2,2052-07-01 00:00:00,470.7857005162502
2080,22,2,2053-07-01 00:00:00,470.7857005162502
2081,22,3,2022-07-01 00:00:00,585.4568401911196
2082,22,3,2023-07-01 00:00:00,577.0730484741508
2083,22,3,2024-07-01 00:00:00,569.33406283906
2084,22,3,2025-07-01 00:00:00,562.1473534836148
2085,22,3,2026-07-01 00:00:00,555.8519361036783
2086,22,3,2027-07-01 00:00:00,550.2465745007679
2087,22,3,2028-07-01 00:00:00,544.5980515963511
2088,22,3,2029-07-01 00:00:00,539.1108512746717
2089,22,3,2030-07-01 00:00:00,534.0422374565019
2090,22,3,2031-07-01 00:00:00,529.4531177804605
2091,22,3,2032-07-01 00:00:00,525.2719230544026
2092,22,3,2033-07-01 00:00:00,521.3747037337436
2093,22,3,2034-07-01 00:00:00,517.6779533794089
2094,22,3,2035-07-01 00:00:00,514.1185041564519
2095,22,3,2036-07-01 00:00:00,510.6717937899934
2096,22,3,2037-07-01 00:00:00,507.3190051353003
2097,22,3,2038-07-01 00:00:00,504.02620566262704
2098,22,3,2039-07-01 00:00:00,500.7907939264414
2099,22,3,2040-07-01 00:00:00,494.60360754373886
2100,22,3,2041-07-01 00:00:00,488.51124945421964
2101,22,3,2042-07-01 00:00:00,482.5119564938635
2102,22,3,2043-07-01 00:00:00,476.6040031139125
2103,22,3,2044-07-01 00:00:00,470.7857005162502
2104,22,3,2045-07-01 00:00:00,470.7857005162502
2105,22,3,2046-07-01 00:00:00,470.7857005162502
2106,22,3,2047-07-01 00:00:00,470.7857005162502
2107,22,3,2048-07-01 00:00:00,470.7857005162502
2108,22,3,2049-07-01 00:00:00,470.7857005162502
2109,22,3,2050-07-01 00:00:00,470.7857005162502
2110,22,3,2051-07-01 00:00:00,470.7857005162502
2111,22,3,2052-07-01 00:00:00,470.7857005162502
2112,22,3,2053-07-01 00:00:00,470.7857005162502
2113,53,1,2024-07-01 00:00:00,590.3638979894857
2114,53,1,2025-07-01 00:00:00,575.0377322966857
2115,53,1,2026-07-01 00:00:00,560.0978490902858
2116,53,1,2027-07-01 00:00:00,545.5442483702857
2117,53,1,2028-07-01 00:00:00,531.3769301366857
2118,53,1,2029-07-01 00:00:00,517.5958943894857
2119,53,1,2030-07-01 00:00:00,504.20114112868566
2120,53,1,2031-07-01 00:00:00,491.19267035428567
2121,53,1,2032-07-01 00:00:00,478.57048206628565
2122,53,1,2033-07-01 00:00:00,466.3345762646857
2123,53,1,2034-07-01 00:00:00,454.48495294948566
2124,53,1,2035-07-01 00:00:00,443.02161212068563
2125,53,1,2036-07-01 00:00:00,431.9445537782857
2126,53,1,2037-07-01 00:00:00,421.25377792228574
2127,53,1,2038-07-01 00:00:00,410.9492845526857
2128,53,1,2039-07-01 00:00:00,401.0310736694857
2129,53,1,2040-07-01 00:00:00,391.49914527268567
2130,53,1,2041-07-01 00:00:00,382.3534993622857
2131,53,1,2042-07-01 00:00:00,373.59413593828566
2132,53,1,2043-07-01 00:00:00,365.2210550006856
2133,53,1,2044-07-01 00:00:00,357.23425654948574
2134,53,1,2045-07-01 00:00:00,349.6337405846857
2135,53,1,2046-07-01 00:00:00,342.4195071062857
2136,53,1,2047-07-01 00:00:00,335.59155611428565
2137,53,1,2048-07-01 00:00:00,329.1498876086857
2138,53,1,2049-07-01 00:00:00,323.0945015894857
2139,53,1,2050-07-01 00:00:00,317.42539805668576
2140,53,1,2051-07-01 00:00:00,312.1425770102857
2141,53,1,2052-07-01 00:00:00,307.24603845028577
2142,53,2,2024-07-01 00:00:00,586.3813799606858
2143,53,2,2025-07-01 00:00:00,568.0452032030859
2144,53,2,2026-07-01 00:00:00,550.2231629942858
2145,53,2,2027-07-01 00:00:00,532.9152593342858
2146,53,2,2028-07-01 00:00:00,516.1214922230857
2147,53,2,2029-07-01 00:00:00,499.8418616606857
2148,53,2,2030-07-01 00:00:00,484.0763676470857
2149,53,2,2031-07-01 00:00:00,468.8250101822858
2150,53,2,2032-07-01 00:00:00,454.0877892662857
2151,53,2,2033-07-01 00:00:00,439.8647048990857
2152,53,2,2034-07-01 00:00:00,426.15575708068576
2153,53,2,2035-07-01 00:00:00,412.96094581108576
2154,53,2,2036-07-01 00:00:00,400.28027109028574
2155,53,2,2037-07-01 00:00:00,388.11373291828573
2156,53,2,2038-07-01 00:00:00,376.4613312950857
2157,53,2,2039-07-01 00:00:00,365.32306622068575
2158,53,2,2040-07-01 00:00:00,354.69893769508565
2159,53,2,2041-07-01 00:00:00,344.58894571828574
2160,53,2,2042-07-01 00:00:00,334.9930902902857
2161,53,2,2043-07-01 00:00:00,325.91137141108567
2162,53,2,2044-07-01 00:00:00,317.3437890806857
2163,53,2,2045-07-01 00:00:00,309.29034329908575
2164,53,2,2046-07-01 00:00:00,301.75103406628574
2165,53,2,2047-07-01 00:00:00,294.7258613822857
2166,53,2,2048-07-01 00:00:00,288.21482524708574
2167,53,2,2049-07-01 00:00:00,282.21792566068575
2168,53,2,2050-07-01 00:00:00,276.7351626230857
2169,53,2,2051-07-01 00:00:00,271.76653613428573
2170,53,2,2052-07-01 00:00:00,267.3120461942857
2171,53,3,2024-07-01 00:00:00,560.5875029462857
2172,53,3,2025-07-01 00:00:00,542.3193336686858
2173,53,3,2026-07-01 00:00:00,524.5761821366857
2174,53,3,2027-07-01 00:00:00,507.3580483502857
2175,53,3,2028-07-01 00:00:00,490.66493230948566
2176,53,3,2029-07-01 00:00:00,474.4968340142857
2177,53,3,2030-07-01 00:00:00,458.85375346468567
2178,53,3,2031-07-01 00:00:00,443.7356906606857
2179,53,3,2032-07-01 00:00:00,429.14264560228565
2180,53,3,2033-07-01 00:00:00,415.0746182894857
2181,53,3,2034-07-01 00:00:00,401.5316087222857
2182,53,3,2035-07-01 00:00:00,388.5136169006857
2183,53,3,2036-07-01 00:00:00,376.0206428246857
2184,53,3,2037-07-01 00:00:00,364.0526864942857
2185,53,3,2038-07-01 00:00:00,352.6097479094857
2186,53,3,2039-07-01 00:00:00,341.6918270702857
2187,53,3,2040-07-01 00:00:00,331.29892397668567
2188,53,3,2041-07-01 00:00:00,321.4310386286857
2189,53,3,2042-07-01 00:00:00,312.08817102628564
2190,53,3,2043-07-01 00:00:00,303.27032116948567
2191,53,3,2044-07-01 00:00:00,294.9774890582857
2192,53,3,2045-07-01 00:00:00,287.2096746926857
2193,53,3,2046-07-01 00:00:00,279.96687807268574
2194,53,3,2047-07-01 00:00:00,273.24909919828565
2195,53,3,2048-07-01 00:00:00,267.0563380694857
2196,53,3,2049-07-01 00:00:00,261.3885946862857
2197,53,3,2050-07-01 00:00:00,256.24586904868573
2198,53,3,2051-07-01 00:00:00,251.62816115668574
2199,53,3,2052-07-01 00:00:00,247.53547101028568
2200,54,1,2024-07-01 00:00:00,590.3638979894857
2201,54,1,2025-07-01 00:00:00,575.0377322966857
2202,54,1,2026-07-01 00:00:00,560.0978490902858
2203,54,1,2027-07-01 00:00:00,545.5442483702857
2204,54,1,2028-07-01 00:00:00,531.3769301366857
2205,54,1,2029-07-01 00:00:00,517.5958943894857
2206,54,1,2030-07-01 00:00:00,504.20114112868566
2207,54,1,2031-07-01 00:00:00,491.19267035428567
2208,54,1,2032-07-01 00:00:00,478.57048206628565
2209,54,1,2033-07-01 00:00:00,466.3345762646857
2210,54,1,2034-07-01 00:00:00,454.48495294948566
2211,54,1,2035-07-01 00:00:00,443.02161212068563
2212,54,1,2036-07-01 00:00:00,431.9445537782857
2213,54,1,2037-07-01 00:00:00,421.25377792228574
2214,54,1,2038-07-01 00:00:00,410.9492845526857
2215,54,1,2039-07-01 00:00:00,401.0310736694857
2216,54,1,2040-07-01 00:00:00,391.49914527268567
2217,54,1,2041-07-01 00:00:00,382.3534993622857
2218,54,1,2042-07-01 00:00:00,373.59413593828566
2219,54,1,2043-07-01 00:00:00,365.2210550006856
2220,54,1,2044-07-01 00:00:00,357.23425654948574
2221,54,1,2045-07-01 00:00:00,349.6337405846857
2222,54,1,2046-07-01 00:00:00,342.4195071062857
2223,54,1,2047-07-01 00:00:00,335.59155611428565
2224,54,1,2048-07-01 00:00:00,329.1498876086857
2225,54,1,2049-07-01 00:00:00,323.0945015894857
2226,54,1,2050-07-01 00:00:00,317.42539805668576
2227,54,1,2051-07-01 00:00:00,312.1425770102857
2228,54,1,2052-07-01 00:00:00,307.24603845028577
2229,54,2,2024-07-01 00:00:00,586.3813799606858
2230,54,2,2025-07-01 00:00:00,568.0452032030859
2231,54,2,2026-07-01 00:00:00,550.2231629942858
2232,54,2,2027-07-01 00:00:00,532.9152593342858
2233,54,2,2028-07-01 00:00:00,516.1214922230857
2234,54,2,2029-07-01 00:00:00,499.8418616606857
2235,54,2,2030-07-01 00:00:00,484.0763676470857
2236,54,2,2031-07-01 00:00:00,468.8250101822858
2237,54,2,2032-07-01 00:00:00,454.0877892662857
2238,54,2,2033-07-01 00:00:00,439.8647048990857
2239,54,2,2034-07-01 00:00:00,426.15575708068576
2240,54,2,2035-07-01 00:00:00,412.96094581108576
2241,54,2,2036-07-01 00:00:00,400.28027109028574
2242,54,2,2037-07-01 00:00:00,388.11373291828573
2243,54,2,2038-07-01 00:00:00,376.4613312950857
2244,54,2,2039-07-01 00:00:00,365.32306622068575
2245,54,2,2040-07-01 00:00:00,354.69893769508565
2246,54,2,2041-07-01 00:00:00,344.58894571828574
2247,54,2,2042-07-01 00:00:00,334.9930902902857
2248,54,2,2043-07-01 00:00:00,325.91137141108567
2249,54,2,2044-07-01 00:00:00,317.3437890806857
2250,54,2,2045-07-01 00:00:00,309.29034329908575
2251,54,2,2046-07-01 00:00:00,301.75103406628574
2252,54,2,2047-07-01 00:00:00,294.7258613822857
2253,54,2,2048-07-01 00:00:00,288.21482524708574
2254,54,2,2049-07-01 00:00:00,282.21792566068575
2255,54,2,2050-07-01 00:00:00,276.7351626230857
2256,54,2,2051-07-01 00:00:00,271.76653613428573
2257,54,2,2052-07-01 00:00:00,267.3120461942857
2258,54,3,2024-07-01 00:00:00,560.5875029462857
2259,54,3,2025-07-01 00:00:00,542.3193336686858
2260,54,3,2026-07-01 00:00:00,524.5761821366857
2261,54,3,2027-07-01 00:00:00,507.3580483502857
2262,54,3,2028-07-01 00:00:00,490.66493230948566
2263,54,3,2029-07-01 00:00:00,474.4968340142857
2264,54,3,2030-07-01 00:00:00,458.85375346468567
2265,54,3,2031-07-01 00:00:00,443.7356906606857
2266,54,3,2032-07-01 00:00:00,429.14264560228565
2267,54,3,2033-07-01 00:00:00,415.0746182894857
2268,54,3,2034-07-01 00:00:00,401.5316087222857
2269,54,3,2035-07-01 00:00:00,388.5136169006857
2270,54,3,2036-07-01 00:00:00,376.0206428246857
2271,54,3,2037-07-01 00:00:00,364.0526864942857
2272,54,3,2038-07-01 00:00:00,352.6097479094857
2273,54,3,2039-07-01 00:00:00,341.6918270702857
2274,54,3,2040-07-01 00:00:00,331.29892397668567
2275,54,3,2041-07-01 00:00:00,321.4310386286857
2276,54,3,2042-07-01 00:00:00,312.08817102628564
2277,54,3,2043-07-01 00:00:00,303.27032116948567
2278,54,3,2044-07-01 00:00:00,294.9774890582857
2279,54,3,2045-07-01 00:00:00,287.2096746926857
2280,54,3,2046-07-01 00:00:00,279.96687807268574
2281,54,3,2047-07-01 00:00:00,273.24909919828565
2282,54,3,2048-07-01 00:00:00,267.0563380694857
2283,54,3,2049-07-01 00:00:00,261.3885946862857
2284,54,3,2050-07-01 00:00:00,256.24586904868573
2285,54,3,2051-07-01 00:00:00,251.62816115668574
2286,54,3,2052-07-01 00:00:00,247.53547101028568
2287,55,1,2022-07-01 00:00:00,209.52900621641336
2288,55,1,2023-07-01 00:00:00,205.2796890597754
2289,55,1,2024-07-01 00:00:00,188.54472896830066
2290,55,1,2025-07-01 00:00:00,162.65715980938063
2291,55,1,2026-07-01 00:00:00,148.45818214238986
2292,55,1,2027-07-01 00:00:00,145.73228254745013
2293,55,1,2028-07-01 00:00:00,143.159260486465
2294,55,1,2029-07-01 00:00:00,142.80570414185073
2295,55,1,2030-07-01 00:00:00,144.32350477889818
2296,55,1,2031-07-01 00:00:00,145.2165828232862
2297,55,1,2032-07-01 00:00:00,147.30835980659032
2298,55,1,2033-07-01 00:00:00,152.49559098158412
2299,55,1,2034-07-01 00:00:00,157.44838488375711
2300,55,1,2035-07-01 00:00:00,160.0006223835731
2301,55,1,2036-07-01 00:00:00,160.46544413808752
2302,55,1,2037-07-01 00:00:00,161.89255885236116
2303,55,1,2038-07-01 00:00:00,163.32822696523792
2304,55,1,2039-07-01 00:00:00,163.40147613467096
2305,55,1,2040-07-01 00:00:00,165.21989087973145
2306,55,1,2041-07-01 00:00:00,167.99292517865294
2307,55,1,2042-07-01 00:00:00,170.56438061633355
2308,55,1,2043-07-01 00:00:00,173.87594903308906
2309,55,1,2044-07-01 00:00:00,176.04236653370933
2310,55,1,2045-07-01 00:00:00,177.74214067915045
2311,55,1,2046-07-01 00:00:00,179.0903116136769
2312,55,1,2047-07-01 00:00:00,181.56567084541044
2313,55,1,2048-07-01 00:00:00,187.23744621359728
2314,55,1,2049-07-01 00:00:00,190.8551383877346
2315,55,1,2050-07-01 00:00:00,192.7094107462747
2316,55,1,2051-07-01 00:00:00,195.9226371407706
2317,55,1,2052-07-01 00:00:00,199.19317776070693
2318,55,1,2053-07-01 00:00:00,202.52205491825066
2319,55,2,2022-07-01 00:00:00,209.19803509888698
2320,55,2,2023-07-01 00:00:00,205.48058959049445
2321,55,2,2024-07-01 00:00:00,193.46199535572845
2322,55,2,2025-07-01 00:00:00,166.77812039419808
2323,55,2,2026-07-01 00:00:00,144.80517924983087
2324,55,2,2027-07-01 00:00:00,137.35183189399274
2325,55,2,2028-07-01 00:00:00,132.9477046722589
2326,55,2,2029-07-01 00:00:00,132.3758883722023
2327,55,2,2030-07-01 00:00:00,132.04629073963943
2328,55,2,2031-07-01 00:00:00,132.22278653090186
2329,55,2,2032-07-01 00:00:00,133.78882994809214
2330,55,2,2033-07-01 00:00:00,135.70169201866096
2331,55,2,2034-07-01 00:00:00,137.62100433925386
2332,55,2,2035-07-01 00:00:00,139.1353993739594
2333,55,2,2036-07-01 00:00:00,139.82678164346623
2334,55,2,2037-07-01 00:00:00,141.30924229112733
2335,55,2,2038-07-01 00:00:00,143.1177423787786
2336,55,2,2039-07-01 00:00:00,145.31764024153617
2337,55,2,2040-07-01 00:00:00,147.98258968897085
2338,55,2,2041-07-01 00:00:00,149.57562505372348
2339,55,2,2042-07-01 00:00:00,149.74928153606012
2340,55,2,2043-07-01 00:00:00,150.0868465272015
2341,55,2,2044-07-01 00:00:00,152.31114655918932
2342,55,2,2045-07-01 00:00:00,155.1765019360753
2343,55,2,2046-07-01 00:00:00,156.8088304878097
2344,55,2,2047-07-01 00:00:00,156.9877096241567
2345,55,2,2048-07-01 00:00:00,157.8722343443047
2346,55,2,2049-07-01 00:00:00,158.31344024562833
2347,55,2,2050-07-01 00:00:00,158.2594387485137
2348,55,2,2051-07-01 00:00:00,159.28315782668824
2349,55,2,2052-07-01 00:00:00,160.31407005825426
2350,55,2,2053-07-01 00:00:00,161.3522259858429
2351,55,3,2022-07-01 00:00:00,204.8359954470788
2352,55,3,2023-07-01 00:00:00,197.62256468706622
2353,55,3,2024-07-01 00:00:00,191.6969660388628
2354,55,3,2025-07-01 00:00:00,167.60326731185492
2355,55,3,2026-07-01 00:00:00,134.39916545764694
2356,55,3,2027-07-01 00:00:00,125.35100566990454
2357,55,3,2028-07-01 00:00:00,123.8596271063198
2358,55,3,2029-07-01 00:00:00,122.92308817744102
2359,55,3,2030-07-01 00:00:00,121.555659043013
2360,55,3,2031-07-01 00:00:00,118.76795532278769
2361,55,3,2032-07-01 00:00:00,116.49910788285979
2362,55,3,2033-07-01 00:00:00,116.49808603010531
2363,55,3,2034-07-01 00:00:00,117.44274978985344
2364,55,3,2035-07-01 00:00:00,118.1949749213936
2365,55,3,2036-07-01 00:00:00,117.89446142213674
2366,55,3,2037-07-01 00:00:00,118.2055788107135
2367,55,3,2038-07-01 00:00:00,119.48161169303422
2368,55,3,2039-07-01 00:00:00,119.71550105080277
2369,55,3,2040-07-01 00:00:00,119.12427317827722
2370,55,3,2041-07-01 00:00:00,118.29353909838267
2371,55,3,2042-07-01 00:00:00,118.49349941217811
2372,55,3,2043-07-01 00:00:00,119.88483536343513
2373,55,3,2044-07-01 00:00:00,120.9998088165093
2374,55,3,2045-07-01 00:00:00,122.10977149820263
2375,55,3,2046-07-01 00:00:00,123.08784929410712
2376,55,3,2047-07-01 00:00:00,123.70458025038594
2377,55,3,2048-07-01 00:00:00,124.37174808945437
2378,55,3,2049-07-01 00:00:00,124.53292211132863
2379,55,3,2050-07-01 00:00:00,124.62536372833522
2380,55,3,2051-07-01 00:00:00,125.54728657174425
2381,55,3,2052-07-01 00:00:00,126.47679410869154
2382,55,3,2053-07-01 00:00:00,127.41394873873303
2383,56,1,2022-07-01 00:00:00,238.82683828593952
2384,56,1,2023-07-01 00:00:00,229.78624100000877
2385,56,1,2024-07-01 00:00:00,213.82229209731196
2386,56,1,2025-07-01 00:00:00,194.25389931484472
2387,56,1,2026-07-01 00:00:00,181.19633312922346
2388,56,1,2027-07-01 00:00:00,180.2268783199894
2389,56,1,2028-07-01 00:00:00,179.518728317293
2390,56,1,2029-07-01 00:00:00,179.0193275592302
2391,56,1,2030-07-01 00:00:00,179.10533988752297
2392,56,1,2031-07-01 00:00:00,179.19847748158077
2393,56,1,2032-07-01 00:00:00,180.2401046631781
2394,56,1,2033-07-01 00:00:00,183.41781763362474
2395,56,1,2034-07-01 00:00:00,185.6220944737686
2396,56,1,2035-07-01 00:00:00,186.1361321721957
2397,56,1,2036-07-01 00:00:00,186.36100412184115
2398,56,1,2037-07-01 00:00:00,188.19753215781677
2399,56,1,2038-07-01 00:00:00,190.11940753550488
2400,56,1,2039-07-01 00:00:00,190.46779247532643
2401,56,1,2040-07-01 00:00:00,192.20085549907427
2402,56,1,2041-07-01 00:00:00,193.7909615061414
2403,56,1,2042-07-01 00:00:00,193.7909615061414
2404,56,1,2043-07-01 00:00:00,193.84286901664373
2405,56,1,2044-07-01 00:00:00,194.03687261905043
2406,56,1,2045-07-01 00:00:00,194.27597051215787
2407,56,1,2046-07-01 00:00:00,194.37297231336092
2408,56,1,2047-07-01 00:00:00,194.37297231336092
2409,56,1,2048-07-01 00:00:00,194.46997411456456
2410,56,1,2049-07-01 00:00:00,194.63434522006148
2411,56,1,2050-07-01 00:00:00,194.7691337031508
2412,56,1,2051-07-01 00:00:00,194.90402197216878
2413,56,1,2052-07-01 00:00:00,195.03901010098843
2414,56,1,2053-07-01 00:00:00,195.17409816353742
2415,56,2,2022-07-01 00:00:00,238.12361304765616
2416,56,2,2023-07-01 00:00:00,229.0401419864945
2417,56,2,2024-07-01 00:00:00,208.1024553181051
2418,56,2,2025-07-01 00:00:00,186.02015520693874
2419,56,2,2026-07-01 00:00:00,169.27341912803473
2420,56,2,2027-07-01 00:00:00,162.5951146414727
2421,56,2,2028-07-01 00:00:00,162.35976084535824
2422,56,2,2029-07-01 00:00:00,162.3123853739309
2423,56,2,2030-07-01 00:00:00,162.34749016581077
2424,56,2,2031-07-01 00:00:00,162.4574346307457
2425,56,2,2032-07-01 00:00:00,164.1158640101705
2426,56,2,2033-07-01 00:00:00,165.6835373345742
2427,56,2,2034-07-01 00:00:00,165.7976130621889
2428,56,2,2035-07-01 00:00:00,165.90394465396588
2429,56,2,2036-07-01 00:00:00,165.98322038070432
2430,56,2,2037-07-01 00:00:00,167.4832641937154
2431,56,2,2038-07-01 00:00:00,168.92269186113526
2432,56,2,2039-07-01 00:00:00,169.11619291838338
2433,56,2,2040-07-01 00:00:00,170.9899654213913
2434,56,2,2041-07-01 00:00:00,173.0077335800108
2435,56,2,2042-07-01 00:00:00,173.384420111346
2436,56,2,2043-07-01 00:00:00,173.43760461568203
2437,56,2,2044-07-01 00:00:00,173.43760461568203
2438,56,2,2045-07-01 00:00:00,173.43760461568203
2439,56,2,2046-07-01 00:00:00,173.43760461568203
2440,56,2,2047-07-01 00:00:00,173.57770817754346
2441,56,2,2048-07-01 00:00:00,173.77171177995018
2442,56,2,2049-07-01 00:00:00,173.86446865485183
2443,56,2,2050-07-01 00:00:00,173.94220104922556
2444,56,2,2051-07-01 00:00:00,174.0199709039457
2445,56,2,2052-07-01 00:00:00,174.09777823706486
2446,56,2,2053-07-01 00:00:00,174.17562306664445
2447,56,3,2022-07-01 00:00:00,219.95081993385676
2448,56,3,2023-07-01 00:00:00,209.1392733845594
2449,56,3,2024-07-01 00:00:00,192.8190028486253
2450,56,3,2025-07-01 00:00:00,175.49433836474407
2451,56,3,2026-07-01 00:00:00,153.96892663570054
2452,56,3,2027-07-01 00:00:00,144.35585261801143
2453,56,3,2028-07-01 00:00:00,144.35473954380646
2454,56,3,2029-07-01 00:00:00,144.28313349682097
2455,56,3,2030-07-01 00:00:00,144.2118057183868
2456,56,3,2031-07-01 00:00:00,143.8006436291876
2457,56,3,2032-07-01 00:00:00,145.08468827848597
2458,56,3,2033-07-01 00:00:00,146.7071536974761
2459,56,3,2034-07-01 00:00:00,146.8007460277564
2460,56,3,2035-07-01 00:00:00,146.8982391431534
2461,56,3,2036-07-01 00:00:00,147.26881672895064
2462,56,3,2037-07-01 00:00:00,148.95292701893985
2463,56,3,2038-07-01 00:00:00,150.60846188100078
2464,56,3,2039-07-01 00:00:00,149.3841224871105
2465,56,3,2040-07-01 00:00:00,149.61216372297017
2466,56,3,2041-07-01 00:00:00,151.3799151743567
2467,56,3,2042-07-01 00:00:00,151.38167532349692
2468,56,3,2043-07-01 00:00:00,151.38167532349692
2469,56,3,2044-07-01 00:00:00,151.38167532349692
2470,56,3,2045-07-01 00:00:00,151.38167532349692
2471,56,3,2046-07-01 00:00:00,151.38167532349692
2472,56,3,2047-07-01 00:00:00,151.38167532349692
2473,56,3,2048-07-01 00:00:00,151.38167532349692
2474,56,3,2049-07-01 00:00:00,150.36594527723022
2475,56,3,2050-07-01 00:00:00,149.35021523096356
2476,56,3,2051-07-01 00:00:00,149.35021523096356
2477,56,3,2052-07-01 00:00:00,149.35021523096356
2478,56,3,2053-07-01 00:00:00,149.35021523096356
2479,57,1,2022-07-01 00:00:00,150.41934131031766
2480,57,1,2023-07-01 00:00:00,147.52369615125954
2481,57,1,2024-07-01 00:00:00,137.54218623609123
2482,57,1,2025-07-01 00:00:00,122.00459939743307
2483,57,1,2026-07-01 00:00:00,113.20916521959357
2484,57,1,2027-07-01 00:00:00,112.14622998957992
2485,57,1,2028-07-01 00:00:00,111.73170555269
2486,57,1,2029-07-01 00:00:00,111.63350882245508
2487,57,1,2030-07-01 00:00:00,111.76182051167643
2488,57,1,2031-07-01 00:00:00,110.87008901510542
2489,57,1,2032-07-01 00:00:00,111.27224771137315
2490,57,1,2033-07-01 00:00:00,115.11129238501626
2491,57,1,2034-07-01 00:00:00,118.90962528628242
2492,57,1,2035-07-01 00:00:00,121.038497718927
2493,57,1,2036-07-01 00:00:00,121.52709433489589
2494,57,1,2037-07-01 00:00:00,122.79132288475788
2495,57,1,2038-07-01 00:00:00,123.99778231536631
2496,57,1,2039-07-01 00:00:00,123.86897491810818
2497,57,1,2040-07-01 00:00:00,125.05670238757327
2498,57,1,2041-07-01 00:00:00,126.76795268862834
2499,57,1,2042-07-01 00:00:00,128.20863545051225
2500,57,1,2043-07-01 00:00:00,130.32456745487534
2501,57,1,2044-07-01 00:00:00,131.73586811231291
2502,57,1,2045-07-01 00:00:00,132.57538764712604
2503,57,1,2046-07-01 00:00:00,132.91199297413525
2504,57,1,2047-07-01 00:00:00,132.85112828594134
2505,57,1,2048-07-01 00:00:00,137.6076605881951
2506,57,1,2049-07-01 00:00:00,142.55349404295512
2507,57,1,2050-07-01 00:00:00,143.92553187423954
2508,57,1,2051-07-01 00:00:00,146.28335521365057
2509,57,1,2052-07-01 00:00:00,148.68375117004112
2510,57,1,2053-07-01 00:00:00,151.1274884302276
2511,57,2,2022-07-01 00:00:00,150.28176743463845
2512,57,2,2023-07-01 00:00:00,146.9341237652835
2513,57,2,2024-07-01 00:00:00,138.49952675291595
2514,57,2,2025-07-01 00:00:00,123.20134256076463
2515,57,2,2026-07-01 00:00:00,110.23871178850769
2516,57,2,2027-07-01 00:00:00,105.95760980778192
2517,57,2,2028-07-01 00:00:00,103.5260893235654
2518,57,2,2029-07-01 00:00:00,102.33212719659835
2519,57,2,2030-07-01 00:00:00,102.04656778453025
2520,57,2,2031-07-01 00:00:00,102.07439026216112
2521,57,2,2032-07-01 00:00:00,102.60663069191018
2522,57,2,2033-07-01 00:00:00,103.40388811332687
2523,57,2,2034-07-01 00:00:00,104.60445812255927
2524,57,2,2035-07-01 00:00:00,105.25243175816757
2525,57,2,2036-07-01 00:00:00,105.08877486715123
2526,57,2,2037-07-01 00:00:00,106.10029757679953
2527,57,2,2038-07-01 00:00:00,107.4663006569065
2528,57,2,2039-07-01 00:00:00,109.44723972677616
2529,57,2,2040-07-01 00:00:00,111.9761847109298
2530,57,2,2041-07-01 00:00:00,113.64102800164618
2531,57,2,2042-07-01 00:00:00,113.56618270849218
2532,57,2,2043-07-01 00:00:00,113.0856498321304
2533,57,2,2044-07-01 00:00:00,114.43407672889607
2534,57,2,2045-07-01 00:00:00,116.43882615604838
2535,57,2,2046-07-01 00:00:00,117.50645561566412
2536,57,2,2047-07-01 00:00:00,117.47635421980021
2537,57,2,2048-07-01 00:00:00,117.78393660509867
2538,57,2,2049-07-01 00:00:00,118.34869723506078
2539,57,2,2050-07-01 00:00:00,119.26961649057975
2540,57,2,2051-07-01 00:00:00,120.98573436005161
2541,57,2,2052-07-01 00:00:00,122.72965450765794
2542,57,2,2053-07-01 00:00:00,124.50182734923744
2543,57,3,2022-07-01 00:00:00,147.28280661523334
2544,57,3,2023-07-01 00:00:00,141.6862348567944
2545,57,3,2024-07-01 00:00:00,132.34547950636718
2546,57,3,2025-07-01 00:00:00,118.20880528713013
2547,57,3,2026-07-01 00:00:00,102.08849266578427
2548,57,3,2027-07-01 00:00:00,95.43879139774724
2549,57,3,2028-07-01 00:00:00,94.35707146901034
2550,57,3,2029-07-01 00:00:00,93.53720551597993
2551,57,3,2030-07-01 00:00:00,92.18588773951882
2552,57,3,2031-07-01 00:00:00,89.55494433328309
2553,57,3,2032-07-01 00:00:00,87.70825903190554
2554,57,3,2033-07-01 00:00:00,87.95171835875118
2555,57,3,2034-07-01 00:00:00,88.54807270426659
2556,57,3,2035-07-01 00:00:00,89.29302674821636
2557,57,3,2036-07-01 00:00:00,89.67118855022582
2558,57,3,2037-07-01 00:00:00,90.19855955075926
2559,57,3,2038-07-01 00:00:00,91.23576014156603
2560,57,3,2039-07-01 00:00:00,91.53817564716573
2561,57,3,2040-07-01 00:00:00,92.10363709506947
2562,57,3,2041-07-01 00:00:00,93.2463309088114
2563,57,3,2042-07-01 00:00:00,94.21041129189932
2564,57,3,2043-07-01 00:00:00,95.02137769611133
2565,57,3,2044-07-01 00:00:00,95.61728974524384
2566,57,3,2045-07-01 00:00:00,96.45219588520172
2567,57,3,2046-07-01 00:00:00,97.40574657708254
2568,57,3,2047-07-01 00:00:00,98.16060385116056
2569,57,3,2048-07-01 00:00:00,98.71605289063535
2570,57,3,2049-07-01 00:00:00,98.864849843152
2571,57,3,2050-07-01 00:00:00,99.03864090000053
2572,57,3,2051-07-01 00:00:00,99.8474528838205
2573,57,3,2052-07-01 00:00:00,100.66389840115252
2574,57,3,2053-07-01 00:00:00,101.48804949696509
2575,58,1,2022-07-01 00:00:00,188.29639155803883
2576,58,1,2023-07-01 00:00:00,187.15397540521934
2577,58,1,2024-07-01 00:00:00,182.40606811186734
2578,58,1,2025-07-01 00:00:00,163.67939950469048
2579,58,1,2026-07-01 00:00:00,147.40590147875963
2580,58,1,2027-07-01 00:00:00,145.0299260145908
2581,58,1,2028-07-01 00:00:00,144.79799585069475
2582,58,1,2029-07-01 00:00:00,145.67705945192841
2583,58,1,2030-07-01 00:00:00,146.56871820812412
2584,58,1,2031-07-01 00:00:00,145.2681952970952
2585,58,1,2032-07-01 00:00:00,145.15072363114538
2586,58,1,2033-07-01 00:00:00,150.8143607977311
2587,58,1,2034-07-01 00:00:00,157.44019276998642
2588,58,1,2035-07-01 00:00:00,161.72512272708684
2589,58,1,2036-07-01 00:00:00,163.6370834566269
2590,58,1,2037-07-01 00:00:00,167.14575188202738
2591,58,1,2038-07-01 00:00:00,170.13181017321043
2592,58,1,2039-07-01 00:00:00,170.9544857706231
2593,58,1,2040-07-01 00:00:00,173.84767525445986
2594,58,1,2041-07-01 00:00:00,177.48869518485031
2595,58,1,2042-07-01 00:00:00,180.35981087342176
2596,58,1,2043-07-01 00:00:00,183.74623901408313
2597,58,1,2044-07-01 00:00:00,186.25224369687893
2598,58,1,2045-07-01 00:00:00,188.0038851244311
2599,58,1,2046-07-01 00:00:00,189.27085724482743
2600,58,1,2047-07-01 00:00:00,191.97950913252703
2601,58,1,2048-07-01 00:00:00,198.1607526828939
2602,58,1,2049-07-01 00:00:00,202.12675108348796
2603,58,1,2050-07-01 00:00:00,204.14995325775723
2604,58,1,2051-07-01 00:00:00,207.61968878564198
2605,58,1,2052-07-01 00:00:00,211.15226369228756
2606,58,1,2053-07-01 00:00:00,214.74881604354687
2607,58,2,2022-07-01 00:00:00,191.55320642992203
2608,58,2,2023-07-01 00:00:00,187.51447286632714
2609,58,2,2024-07-01 00:00:00,181.4183893284775
2610,58,2,2025-07-01 00:00:00,163.99904892747008
2611,58,2,2026-07-01 00:00:00,145.092415343276
2612,58,2,2027-07-01 00:00:00,138.85836951097502
2613,58,2,2028-07-01 00:00:00,135.39354948471103
2614,58,2,2029-07-01 00:00:00,134.67048332932885
2615,58,2,2030-07-01 00:00:00,134.5156654684718
2616,58,2,2031-07-01 00:00:00,134.01974243375247
2617,58,2,2032-07-01 00:00:00,134.59471800239825
2618,58,2,2033-07-01 00:00:00,135.92179075251823
2619,58,2,2034-07-01 00:00:00,138.24059078150512
2620,58,2,2035-07-01 00:00:00,139.49533887317315
2621,58,2,2036-07-01 00:00:00,138.99111065099325
2622,58,2,2037-07-01 00:00:00,140.312820256484
2623,58,2,2038-07-01 00:00:00,142.23526369982923
2624,58,2,2039-07-01 00:00:00,145.99891618938392
2625,58,2,2040-07-01 00:00:00,150.8810263198984
2626,58,2,2041-07-01 00:00:00,154.5893916738008
2627,58,2,2042-07-01 00:00:00,156.45140564643117
2628,58,2,2043-07-01 00:00:00,157.21415046648804
2629,58,2,2044-07-01 00:00:00,159.76577224231357
2630,58,2,2045-07-01 00:00:00,163.05278526663426
2631,58,2,2046-07-01 00:00:00,164.78401668216907
2632,58,2,2047-07-01 00:00:00,164.71030947068752
2633,58,2,2048-07-01 00:00:00,165.45287629012148
2634,58,2,2049-07-01 00:00:00,165.8425725038418
2635,58,2,2050-07-01 00:00:00,165.71398834062748
2636,58,2,2051-07-01 00:00:00,166.71808843186895
2637,58,2,2052-07-01 00:00:00,167.72877177616098
2638,58,2,2053-07-01 00:00:00,168.7460815357552
2639,58,3,2022-07-01 00:00:00,188.6973030602802
2640,58,3,2023-07-01 00:00:00,185.00386668630395
2641,58,3,2024-07-01 00:00:00,180.03367036517517
2642,58,3,2025-07-01 00:00:00,160.36082028638572
2643,58,3,2026-07-01 00:00:00,130.96369050427285
2644,58,3,2027-07-01 00:00:00,118.27461848613385
2645,58,3,2028-07-01 00:00:00,116.54210349142839
2646,58,3,2029-07-01 00:00:00,115.55667970351143
2647,58,3,2030-07-01 00:00:00,113.72795594108538
2648,58,3,2031-07-01 00:00:00,110.34430038278337
2649,58,3,2032-07-01 00:00:00,107.99020777968991
2650,58,3,2033-07-01 00:00:00,108.36150360926052
2651,58,3,2034-07-01 00:00:00,109.27099384857496
2652,58,3,2035-07-01 00:00:00,110.40711105272581
2653,58,3,2036-07-01 00:00:00,110.98383941966995
2654,58,3,2037-07-01 00:00:00,111.78812429004866
2655,58,3,2038-07-01 00:00:00,113.36994191348647
2656,58,3,2039-07-01 00:00:00,114.0453355830244
2657,58,3,2040-07-01 00:00:00,115.12189630838382
2658,58,3,2041-07-01 00:00:00,116.86459991730128
2659,58,3,2042-07-01 00:00:00,118.37460650824715
2660,58,3,2043-07-01 00:00:00,120.20645264980372
2661,58,3,2044-07-01 00:00:00,121.67061952072149
2662,58,3,2045-07-01 00:00:00,122.94392119236304
2663,58,3,2046-07-01 00:00:00,123.8302006789369
2664,58,3,2047-07-01 00:00:00,124.12465146318182
2665,58,3,2048-07-01 00:00:00,124.68058396913949
2666,58,3,2049-07-01 00:00:00,124.86125627071826
2667,58,3,2050-07-01 00:00:00,124.90377363497636
2668,58,3,2051-07-01 00:00:00,125.77758699267535
2669,58,3,2052-07-01 00:00:00,126.65819721454851
2670,58,3,2053-07-01 00:00:00,127.5456571692802
2671,59,1,2022-07-01 00:00:00,206.9857745335747
2672,59,1,2023-07-01 00:00:00,202.19127797719668
2673,59,1,2024-07-01 00:00:00,184.65194660973629
2674,59,1,2025-07-01 00:00:00,159.59043611938398
2675,59,1,2026-07-01 00:00:00,146.9574947816515
2676,59,1,2027-07-01 00:00:00,145.71290384909852
2677,59,1,2028-07-01 00:00:00,145.1778633409235
2678,59,1,2029-07-01 00:00:00,145.05111754798492
2679,59,1,2030-07-01 00:00:00,145.21673372231922
2680,59,1,2031-07-01 00:00:00,144.06574615531184
2681,59,1,2032-07-01 00:00:00,144.58482578987446
2682,59,1,2033-07-01 00:00:00,149.54000871830138
2683,59,1,2034-07-01 00:00:00,154.44264360506233
2684,59,1,2035-07-01 00:00:00,157.1904502162911
2685,59,1,2036-07-01 00:00:00,157.82109815507604
2686,59,1,2037-07-01 00:00:00,159.45288008533456
2687,59,1,2038-07-01 00:00:00,161.0100974877352
2688,59,1,2039-07-01 00:00:00,160.78015398651422
2689,59,1,2040-07-01 00:00:00,162.2495059222685
2690,59,1,2041-07-01 00:00:00,164.45827372751697
2691,59,1,2042-07-01 00:00:00,166.31781099103924
2692,59,1,2043-07-01 00:00:00,169.04891496013747
2693,59,1,2044-07-01 00:00:00,170.8705277620474
2694,59,1,2045-07-01 00:00:00,171.95412360961518
2695,59,1,2046-07-01 00:00:00,172.38859132536356
2696,59,1,2047-07-01 00:00:00,172.31003124348874
2697,59,1,2048-07-01 00:00:00,178.4494460370844
2698,59,1,2049-07-01 00:00:00,184.79249130521706
2699,59,1,2050-07-01 00:00:00,186.51932451861063
2700,59,1,2051-07-01 00:00:00,189.55492406540066
2701,59,1,2052-07-01 00:00:00,192.6435778745406
2702,59,1,2053-07-01 00:00:00,195.78621319440768
2703,59,2,2022-07-01 00:00:00,206.60149670772665
2704,59,2,2023-07-01 00:00:00,201.95489995261858
2705,59,2,2024-07-01 00:00:00,187.88777967694094
2706,59,2,2025-07-01 00:00:00,162.50731813675267
2707,59,2,2026-07-01 00:00:00,143.12343152303455
2708,59,2,2027-07-01 00:00:00,137.72504549311248
2709,59,2,2028-07-01 00:00:00,134.58660095345138
2710,59,2,2029-07-01 00:00:00,133.04551423743746
2711,59,2,2030-07-01 00:00:00,132.67693318563408
2712,59,2,2031-07-01 00:00:00,132.71284458492815
2713,59,2,2032-07-01 00:00:00,133.39982504895295
2714,59,2,2033-07-01 00:00:00,134.42887177802285
2715,59,2,2034-07-01 00:00:00,135.9784875079394
2716,59,2,2035-07-01 00:00:00,136.81484867854024
2717,59,2,2036-07-01 00:00:00,136.60361127407575
2718,59,2,2037-07-01 00:00:00,137.90921735284246
2719,59,2,2038-07-01 00:00:00,139.67236306177253
2720,59,2,2039-07-01 00:00:00,142.22922715055563
2721,59,2,2040-07-01 00:00:00,145.49342073976888
2722,59,2,2041-07-01 00:00:00,147.64228946987285
2723,59,2,2042-07-01 00:00:00,147.48199665515585
2724,59,2,2043-07-01 00:00:00,146.7980693538732
2725,59,2,2044-07-01 00:00:00,148.53852889709188
2726,59,2,2045-07-01 00:00:00,151.12612580769826
2727,59,2,2046-07-01 00:00:00,152.50415073887294
2728,59,2,2047-07-01 00:00:00,152.46529786385153
2729,59,2,2048-07-01 00:00:00,152.86230470130243
2730,59,2,2049-07-01 00:00:00,152.82714437090817
2731,59,2,2050-07-01 00:00:00,152.51009244291453
2732,59,2,2051-07-01 00:00:00,153.22597953912634
2733,59,2,2052-07-01 00:00:00,153.94553573988114
2734,59,2,2053-07-01 00:00:00,154.6687798502785
2735,59,3,2022-07-01 00:00:00,201.82550943039158
2736,59,3,2023-07-01 00:00:00,192.4039552313869
2737,59,3,2024-07-01 00:00:00,176.9656252282091
2738,59,3,2025-07-01 00:00:00,155.40911861329081
2739,59,3,2026-07-01 00:00:00,132.6036720273647
2740,59,3,2027-07-01 00:00:00,124.14805594400038
2741,59,3,2028-07-01 00:00:00,122.75184397464866
2742,59,3,2029-07-01 00:00:00,121.69361566020724
2743,59,3,2030-07-01 00:00:00,119.94942476220301
2744,59,3,2031-07-01 00:00:00,116.553578409661
2745,59,3,2032-07-01 00:00:00,114.17000013499629
2746,59,3,2033-07-01 00:00:00,114.48424120346685
2747,59,3,2034-07-01 00:00:00,115.25397563570176
2748,59,3,2035-07-01 00:00:00,116.2155126520292
2749,59,3,2036-07-01 00:00:00,116.70361869527622
2750,59,3,2037-07-01 00:00:00,117.38431402469809
2751,59,3,2038-07-01 00:00:00,118.72306340060543
2752,59,3,2039-07-01 00:00:00,119.0497136741998
2753,59,3,2040-07-01 00:00:00,119.71588611372408
2754,59,3,2041-07-01 00:00:00,121.19079910891459
2755,59,3,2042-07-01 00:00:00,122.43516979537893
2756,59,3,2043-07-01 00:00:00,123.48191116550883
2757,59,3,2044-07-01 00:00:00,124.25107471105913
2758,59,3,2045-07-01 00:00:00,125.32871589610744
2759,59,3,2046-07-01 00:00:00,126.55949555914108
2760,59,3,2047-07-01 00:00:00,127.53381500470272
2761,59,3,2048-07-01 00:00:00,128.2507515949208
2762,59,3,2049-07-01 00:00:00,128.4039324275296
2763,59,3,2050-07-01 00:00:00,128.5884793099166
2764,59,3,2051-07-01 00:00:00,129.63041553057258
2765,59,3,2052-07-01 00:00:00,130.68173031060977
2766,59,3,2053-07-01 00:00:00,131.7425080672644
2767,60,1,2022-07-01 00:00:00,224.3758404077894
2768,60,1,2023-07-01 00:00:00,215.13313029976894
2769,60,1,2024-07-01 00:00:00,200.22731573806078
2770,60,1,2025-07-01 00:00:00,183.0909296793001
2771,60,1,2026-07-01 00:00:00,171.4544164464129
2772,60,1,2027-07-01 00:00:00,170.8576423980426
2773,60,1,2028-07-01 00:00:00,170.24904138931765
2774,60,1,2029-07-01 00:00:00,169.70948823092536
2775,60,1,2030-07-01 00:00:00,169.74271836797686
2776,60,1,2031-07-01 00:00:00,169.83281251347367
2777,60,1,2032-07-01 00:00:00,170.8368014169925
2778,60,1,2033-07-01 00:00:00,173.69170451381626
2779,60,1,2034-07-01 00:00:00,175.54930551867074
2780,60,1,2035-07-01 00:00:00,175.8710873249422
2781,60,1,2036-07-01 00:00:00,175.88601619083073
2782,60,1,2037-07-01 00:00:00,177.37116470568222
2783,60,1,2038-07-01 00:00:00,178.82645548875607
2784,60,1,2039-07-01 00:00:00,178.81152662286755
2785,60,1,2040-07-01 00:00:00,180.31160400360815
2786,60,1,2041-07-01 00:00:00,181.8042169514042
2787,60,1,2042-07-01 00:00:00,181.82661025023725
2788,60,1,2043-07-01 00:00:00,181.84900354907032
2789,60,1,2044-07-01 00:00:00,181.82661025023725
2790,60,1,2045-07-01 00:00:00,181.78928808551507
2791,60,1,2046-07-01 00:00:00,181.76689478668203
2792,60,1,2047-07-01 00:00:00,181.75943035373805
2793,60,1,2048-07-01 00:00:00,181.78182365257112
2794,60,1,2049-07-01 00:00:00,181.7997390026263
2795,60,1,2050-07-01 00:00:00,181.79078334203754
2796,60,1,2051-07-01 00:00:00,181.7818281553702
2797,60,1,2052-07-01 00:00:00,181.77287344259918
2798,60,1,2053-07-01 00:00:00,181.76391920369946
2799,60,2,2022-07-01 00:00:00,223.55317255925337
2800,60,2,2023-07-01 00:00:00,213.9371713629214
2801,60,2,2024-07-01 00:00:00,194.19071962022636
2802,60,2,2025-07-01 00:00:00,174.84526113593648
2803,60,2,2026-07-01 00:00:00,159.70458800449254
2804,60,2,2027-07-01 00:00:00,153.80878054275274
2805,60,2,2028-07-01 00:00:00,153.8461027074745
2806,60,2,2029-07-01 00:00:00,153.8610315733632
2807,60,2,2030-07-01 00:00:00,153.8684960063075
2808,60,2,2031-07-01 00:00:00,153.8610315733632
2809,60,2,2032-07-01 00:00:00,155.33871565526994
2810,60,2,2033-07-01 00:00:00,156.823864170121
2811,60,2,2034-07-01 00:00:00,156.823864170121
2812,60,2,2035-07-01 00:00:00,156.83132860306557
2813,60,2,2036-07-01 00:00:00,156.83879303601012
2814,60,2,2037-07-01 00:00:00,158.30901268497308
2815,60,2,2038-07-01 00:00:00,159.7717679009915
2816,60,2,2039-07-01 00:00:00,159.77923233393545
2817,60,2,2040-07-01 00:00:00,161.28677414762004
2818,60,2,2041-07-01 00:00:00,162.76445822952755
2819,60,2,2042-07-01 00:00:00,162.75699379658298
2820,60,2,2043-07-01 00:00:00,162.76445822952695
2821,60,2,2044-07-01 00:00:00,162.74206493069389
2822,60,2,2045-07-01 00:00:00,162.74952936363843
2823,60,2,2046-07-01 00:00:00,162.76445822952755
2824,60,2,2047-07-01 00:00:00,162.75699379658298
2825,60,2,2048-07-01 00:00:00,162.78685152836002
2826,60,2,2049-07-01 00:00:00,162.81820535225853
2827,60,2,2050-07-01 00:00:00,162.83612747119753
2828,60,2,2051-07-01 00:00:00,162.85405172788026
2829,60,2,2052-07-01 00:00:00,162.87197812256176
2830,60,2,2053-07-01 00:00:00,162.889906655497
2831,60,3,2022-07-01 00:00:00,204.4652255915166
2832,60,3,2023-07-01 00:00:00,194.29518989495108
2833,60,3,2024-07-01 00:00:00,179.09267768002516
2834,60,3,2025-07-01 00:00:00,163.9419552851531
2835,60,3,2026-07-01 00:00:00,141.96491458866262
2836,60,3,2027-07-01 00:00:00,130.12104863457242
2837,60,3,2028-07-01 00:00:00,130.11358420162807
2838,60,3,2029-07-01 00:00:00,130.09119090279498
2839,60,3,2030-07-01 00:00:00,130.09119090279498
2840,60,3,2031-07-01 00:00:00,130.09119090279498
2841,60,3,2032-07-01 00:00:00,131.55394611881346
2842,60,3,2033-07-01 00:00:00,133.03163020072063
2843,60,3,2034-07-01 00:00:00,133.04655906660932
2844,60,3,2035-07-01 00:00:00,133.04655906660932
2845,60,3,2036-07-01 00:00:00,133.03163020072063
2846,60,3,2037-07-01 00:00:00,134.4943854167391
2847,60,3,2038-07-01 00:00:00,135.9944627974793
2848,60,3,2039-07-01 00:00:00,136.0168560963123
2849,60,3,2040-07-01 00:00:00,137.4945401782194
2850,60,3,2041-07-01 00:00:00,138.9796886930709
2851,60,3,2042-07-01 00:00:00,138.97968869307093
2852,60,3,2043-07-01 00:00:00,138.97222426012658
2853,60,3,2044-07-01 00:00:00,138.9498309612935
2854,60,3,2045-07-01 00:00:00,138.9274376624605
2855,60,3,2046-07-01 00:00:00,138.9199732295162
2856,60,3,2047-07-01 00:00:00,138.91250879657184
2857,60,3,2048-07-01 00:00:00,138.92743766246053
2858,60,3,2049-07-01 00:00:00,138.93938117834762
2859,60,3,2050-07-01 00:00:00,138.93341061938753
2860,60,3,2051-07-01 00:00:00,138.9274403425071
2861,60,3,2052-07-01 00:00:00,138.921470347693
2862,60,3,2053-07-01 00:00:00,138.91550063493187
2863,61,1,2022-07-01 00:00:00,224.3758404077894
2864,61,1,2023-07-01 00:00:00,215.13313029976894
2865,61,1,2024-07-01 00:00:00,200.22731573806078
2866,61,1,2025-07-01 00:00:00,183.0909296793001
2867,61,1,2026-07-01 00:00:00,171.4544164464129
2868,61,1,2027-07-01 00:00:00,170.8576423980426
2869,61,1,2028-07-01 00:00:00,170.24904138931765
2870,61,1,2029-07-01 00:00:00,169.70948823092536
2871,61,1,2030-07-01 00:00:00,169.74271836797686
2872,61,1,2031-07-01 00:00:00,169.83281251347367
2873,61,1,2032-07-01 00:00:00,170.8368014169925
2874,61,1,2033-07-01 00:00:00,173.69170451381626
2875,61,1,2034-07-01 00:00:00,175.54930551867074
2876,61,1,2035-07-01 00:00:00,175.8710873249422
2877,61,1,2036-07-01 00:00:00,175.88601619083073
2878,61,1,2037-07-01 00:00:00,177.37116470568222
2879,61,1,2038-07-01 00:00:00,178.82645548875607
2880,61,1,2039-07-01 00:00:00,178.81152662286755
2881,61,1,2040-07-01 00:00:00,180.31160400360815
2882,61,1,2041-07-01 00:00:00,181.8042169514042
2883,61,1,2042-07-01 00:00:00,181.82661025023725
2884,61,1,2043-07-01 00:00:00,181.84900354907032
2885,61,1,2044-07-01 00:00:00,181.82661025023725
2886,61,1,2045-07-01 00:00:00,181.78928808551507
2887,61,1,2046-07-01 00:00:00,181.76689478668203
2888,61,1,2047-07-01 00:00:00,181.75943035373805
2889,61,1,2048-07-01 00:00:00,181.78182365257112
2890,61,1,2049-07-01 00:00:00,181.7997390026263
2891,61,1,2050-07-01 00:00:00,181.79078334203754
2892,61,1,2051-07-01 00:00:00,181.7818281553702
2893,61,1,2052-07-01 00:00:00,181.77287344259918
2894,61,1,2053-07-01 00:00:00,181.76391920369946
2895,61,2,2022-07-01 00:00:00,223.55317255925337
2896,61,2,2023-07-01 00:00:00,213.9371713629214
2897,61,2,2024-07-01 00:00:00,194.19071962022636
2898,61,2,2025-07-01 00:00:00,174.84526113593648
2899,61,2,2026-07-01 00:00:00,159.70458800449254
2900,61,2,2027-07-01 00:00:00,153.80878054275274
2901,61,2,2028-07-01 00:00:00,153.8461027074745
2902,61,2,2029-07-01 00:00:00,153.8610315733632
2903,61,2,2030-07-01 00:00:00,153.8684960063075
2904,61,2,2031-07-01 00:00:00,153.8610315733632
2905,61,2,2032-07-01 00:00:00,155.33871565526994
2906,61,2,2033-07-01 00:00:00,156.823864170121
2907,61,2,2034-07-01 00:00:00,156.823864170121
2908,61,2,2035-07-01 00:00:00,156.83132860306557
2909,61,2,2036-07-01 00:00:00,156.83879303601012
2910,61,2,2037-07-01 00:00:00,158.30901268497308
2911,61,2,2038-07-01 00:00:00,159.7717679009915
2912,61,2,2039-07-01 00:00:00,159.77923233393545
2913,61,2,2040-07-01 00:00:00,161.28677414762004
2914,61,2,2041-07-01 00:00:00,162.76445822952755
2915,61,2,2042-07-01 00:00:00,162.75699379658298
2916,61,2,2043-07-01 00:00:00,162.76445822952695
2917,61,2,2044-07-01 00:00:00,162.74206493069389
2918,61,2,2045-07-01 00:00:00,162.74952936363843
2919,61,2,2046-07-01 00:00:00,162.76445822952755
2920,61,2,2047-07-01 00:00:00,162.75699379658298
2921,61,2,2048-07-01 00:00:00,162.78685152836002
2922,61,2,2049-07-01 00:00:00,162.81820535225853
2923,61,2,2050-07-01 00:00:00,162.83612747119753
2924,61,2,2051-07-01 00:00:00,162.85405172788026
2925,61,2,2052-07-01 00:00:00,162.87197812256176
2926,61,2,2053-07-01 00:00:00,162.889906655497
2927,61,3,2022-07-01 00:00:00,204.4652255915166
2928,61,3,2023-07-01 00:00:00,194.29518989495108
2929,61,3,2024-07-01 00:00:00,179.09267768002516
2930,61,3,2025-07-01 00:00:00,163.9419552851531
2931,61,3,2026-07-01 00:00:00,141.96491458866262
2932,61,3,2027-07-01 00:00:00,130.12104863457242
2933,61,3,2028-07-01 00:00:00,130.11358420162807
2934,61,3,2029-07-01 00:00:00,130.09119090279498
2935,61,3,2030-07-01 00:00:00,130.09119090279498
2936,61,3,2031-07-01 00:00:00,130.09119090279498
2937,61,3,2032-07-01 00:00:00,131.55394611881346
2938,61,3,2033-07-01 00:00:00,133.03163020072063
2939,61,3,2034-07-01 00:00:00,133.04655906660932
2940,61,3,2035-07-01 00:00:00,133.04655906660932
2941,61,3,2036-07-01 00:00:00,133.03163020072063
2942,61,3,2037-07-01 00:00:00,134.4943854167391
2943,61,3,2038-07-01 00:00:00,135.9944627974793
2944,61,3,2039-07-01 00:00:00,136.0168560963123
2945,61,3,2040-07-01 00:00:00,137.4945401782194
2946,61,3,2041-07-01 00:00:00,138.9796886930709
2947,61,3,2042-07-01 00:00:00,138.97968869307093
2948,61,3,2043-07-01 00:00:00,138.97222426012658
2949,61,3,2044-07-01 00:00:00,138.9498309612935
2950,61,3,2045-07-01 00:00:00,138.9274376624605
2951,61,3,2046-07-01 00:00:00,138.9199732295162
2952,61,3,2047-07-01 00:00:00,138.91250879657184
2953,61,3,2048-07-01 00:00:00,138.92743766246053
2954,61,3,2049-07-01 00:00:00,138.93938117834762
2955,61,3,2050-07-01 00:00:00,138.93341061938753
2956,61,3,2051-07-01 00:00:00,138.9274403425071
2957,61,3,2052-07-01 00:00:00,138.921470347693
2958,61,3,2053-07-01 00:00:00,138.91550063493187
2959,62,1,2022-07-01 00:00:00,231.52209683793086
2960,62,1,2023-07-01 00:00:00,226.7358980310941
2961,62,1,2024-07-01 00:00:00,206.58682959097803
2962,62,1,2025-07-01 00:00:00,179.0729094005459
2963,62,1,2026-07-01 00:00:00,166.29323765169883
2964,62,1,2027-07-01 00:00:00,163.60404706016863
2965,62,1,2028-07-01 00:00:00,160.84771403565512
2966,62,1,2029-07-01 00:00:00,160.39047820828168
2967,62,1,2030-07-01 00:00:00,161.9073527662099
2968,62,1,2031-07-01 00:00:00,162.89012092492172
2969,62,1,2032-07-01 00:00:00,165.15893096074146
2970,62,1,2033-07-01 00:00:00,170.6439473478092
2971,62,1,2034-07-01 00:00:00,175.88001022225293
2972,62,1,2035-07-01 00:00:00,178.56687543103587
2973,62,1,2036-07-01 00:00:00,179.03707314558216
2974,62,1,2037-07-01 00:00:00,180.52914852327828
2975,62,1,2038-07-01 00:00:00,182.10032595233568
2976,62,1,2039-07-01 00:00:00,181.2009985323001
2977,62,1,2040-07-01 00:00:00,181.90725659542878
2978,62,1,2041-07-01 00:00:00,184.10499761327367
2979,62,1,2042-07-01 00:00:00,185.54936674253207
2980,62,1,2043-07-01 00:00:00,187.53144994359468
2981,62,1,2044-07-01 00:00:00,189.20953815684973
2982,62,1,2045-07-01 00:00:00,191.3098132772831
2983,62,1,2046-07-01 00:00:00,192.86743483884825
2984,62,1,2047-07-01 00:00:00,195.31600121766147
2985,62,1,2048-07-01 00:00:00,201.58095392665246
2986,62,1,2049-07-01 00:00:00,205.9489790574122
2987,62,1,2050-07-01 00:00:00,208.13103332535238
2988,62,1,2051-07-01 00:00:00,211.79269521163693
2989,62,1,2052-07-01 00:00:00,215.52291595601432
2990,62,1,2053-07-01 00:00:00,219.3229792152418
2991,62,2,2022-07-01 00:00:00,230.6465056519419
2992,62,2,2023-07-01 00:00:00,226.22421359553346
2993,62,2,2024-07-01 00:00:00,211.35574027590565
2994,62,2,2025-07-01 00:00:00,183.45916879923809
2995,62,2,2026-07-01 00:00:00,162.3342982242353
2996,62,2,2027-07-01 00:00:00,154.35662403699536
2997,62,2,2028-07-01 00:00:00,149.10087012591458
2998,62,2,2029-07-01 00:00:00,147.83323078291244
2999,62,2,2030-07-01 00:00:00,147.90139455998417
3000,62,2,2031-07-01 00:00:00,148.8481981100295
3001,62,2,2032-07-01 00:00:00,150.42719805756084
3002,62,2,2033-07-01 00:00:00,152.2408289144864
3003,62,2,2034-07-01 00:00:00,154.0708330394853
3004,62,2,2035-07-01 00:00:00,155.44791637317178
3005,62,2,2036-07-01 00:00:00,155.99018867831083
3006,62,2,2037-07-01 00:00:00,157.33470159987314
3007,62,2,2038-07-01 00:00:00,158.93400714620614
3008,62,2,2039-07-01 00:00:00,161.01447315460328
3009,62,2,2040-07-01 00:00:00,163.67817092983088
3010,62,2,2041-07-01 00:00:00,165.5132498717451
3011,62,2,2042-07-01 00:00:00,165.08567595745853
3012,62,2,2043-07-01 00:00:00,164.01561099357414
3013,62,2,2044-07-01 00:00:00,165.34224543420353
3014,62,2,2045-07-01 00:00:00,167.3696413120681
3015,62,2,2046-07-01 00:00:00,168.3233491851867
3016,62,2,2047-07-01 00:00:00,168.23795568961228
3017,62,2,2048-07-01 00:00:00,169.0738611973855
3018,62,2,2049-07-01 00:00:00,169.53451332087187
3019,62,2,2050-07-01 00:00:00,169.57966060294507
3020,62,2,2051-07-01 00:00:00,170.78663943598946
3021,62,2,2052-07-01 00:00:00,172.00289638411158
3022,62,2,2053-07-01 00:00:00,173.2285027687108
3023,62,3,2022-07-01 00:00:00,225.5116743321924
3024,62,3,2023-07-01 00:00:00,217.36944656499986
3025,62,3,2024-07-01 00:00:00,210.2573839991376
3026,62,3,2025-07-01 00:00:00,185.2810981426634
3027,62,3,2026-07-01 00:00:00,151.27459162347108
3028,62,3,2027-07-01 00:00:00,141.9607716143539
3029,62,3,2028-07-01 00:00:00,140.35305691680105
3030,62,3,2029-07-01 00:00:00,139.33453724929197
3031,62,3,2030-07-01 00:00:00,137.85844686815005
3032,62,3,2031-07-01 00:00:00,134.87472434171883
3033,62,3,2032-07-01 00:00:00,132.88083990860656
3034,62,3,2033-07-01 00:00:00,133.29520369964433
3035,62,3,2034-07-01 00:00:00,134.27495499869573
3036,62,3,2035-07-01 00:00:00,135.48920645417027
3037,62,3,2036-07-01 00:00:00,136.02438871347346
3038,62,3,2037-07-01 00:00:00,136.77021925304575
3039,62,3,2038-07-01 00:00:00,138.10244302591258
3040,62,3,2039-07-01 00:00:00,138.18554070304754
3041,62,3,2040-07-01 00:00:00,138.6779117238641
3042,62,3,2041-07-01 00:00:00,140.11775063318228
3043,62,3,2042-07-01 00:00:00,141.29013681816392
3044,62,3,2043-07-01 00:00:00,142.1260352800979
3045,62,3,2044-07-01 00:00:00,142.63857144831053
3046,62,3,2045-07-01 00:00:00,143.65355307942394
3047,62,3,2046-07-01 00:00:00,145.05406906861808
3048,62,3,2047-07-01 00:00:00,146.2430976010999
3049,62,3,2048-07-01 00:00:00,146.83664981477423
3050,62,3,2049-07-01 00:00:00,146.68021505008065
3051,62,3,2050-07-01 00:00:00,146.71697163804455
3052,62,3,2051-07-01 00:00:00,147.7463790840779
3053,62,3,2052-07-01 00:00:00,148.7836856428754
3054,62,3,2053-07-01 00:00:00,149.8289519279315
3055,63,1,2022-07-01 00:00:00,110.58021038023776
3056,63,1,2023-07-01 00:00:00,109.12582798339326
3057,63,1,2024-07-01 00:00:00,106.87042263833827
3058,63,1,2025-07-01 00:00:00,98.96848976054093
3059,63,1,2026-07-01 00:00:00,91.76746002684975
3060,63,1,2027-07-01 00:00:00,91.40142250325457
3061,63,1,2028-07-01 00:00:00,91.03270917843344
3062,63,1,2029-07-01 00:00:00,90.69719029143938
3063,63,1,2030-07-01 00:00:00,90.6946804040223
3064,63,1,2031-07-01 00:00:00,90.72247025623426
3065,63,1,2032-07-01 00:00:00,91.32454205424999
3066,63,1,2033-07-01 00:00:00,93.08020472939128
3067,63,1,2034-07-01 00:00:00,94.21500509637245
3068,63,1,2035-07-01 00:00:00,94.39863812826283
3069,63,1,2036-07-01 00:00:00,94.39863812826283
3070,63,1,2037-07-01 00:00:00,95.3095693023519
3071,63,1,2038-07-01 00:00:00,96.22050047644098
3072,63,1,2039-07-01 00:00:00,96.22050047644098
3073,63,1,2040-07-01 00:00:00,97.13143165053003
3074,63,1,2041-07-01 00:00:00,98.0423628246191
3075,63,1,2042-07-01 00:00:00,98.0423628246191
3076,63,1,2043-07-01 00:00:00,98.0423628246191
3077,63,1,2044-07-01 00:00:00,98.0423628246191
3078,63,1,2045-07-01 00:00:00,98.0423628246191
3079,63,1,2046-07-01 00:00:00,98.0423628246191
3080,63,1,2047-07-01 00:00:00,98.0423628246191
3081,63,1,2048-07-01 00:00:00,98.0423628246191
3082,63,1,2049-07-01 00:00:00,98.0423628246191
3083,63,1,2050-07-01 00:00:00,98.0423628246191
3084,63,1,2051-07-01 00:00:00,98.0423628246191
3085,63,1,2052-07-01 00:00:00,98.0423628246191
3086,63,1,2053-07-01 00:00:00,98.0423628246191
3087,63,2,2022-07-01 00:00:00,105.43342060955968
3088,63,2,2023-07-01 00:00:00,104.0540951342042
3089,63,2,2024-07-01 00:00:00,101.23041521422947
3090,63,2,2025-07-01 00:00:00,93.99518345703369
3091,63,2,2026-07-01 00:00:00,84.56058144810096
3092,63,2,2027-07-01 00:00:00,80.91685675174476
3093,63,2,2028-07-01 00:00:00,80.91685675174476
3094,63,2,2029-07-01 00:00:00,80.91685675174476
3095,63,2,2030-07-01 00:00:00,80.91685675174476
3096,63,2,2031-07-01 00:00:00,80.91685675174476
3097,63,2,2032-07-01 00:00:00,81.82778792583375
3098,63,2,2033-07-01 00:00:00,82.73871909992275
3099,63,2,2034-07-01 00:00:00,82.73871909992275
3100,63,2,2035-07-01 00:00:00,82.73871909992275
3101,63,2,2036-07-01 00:00:00,82.73871909992275
3102,63,2,2037-07-01 00:00:00,83.6496502740118
3103,63,2,2038-07-01 00:00:00,84.56058144810088
3104,63,2,2039-07-01 00:00:00,84.56058144810088
3105,63,2,2040-07-01 00:00:00,85.47151262218995
3106,63,2,2041-07-01 00:00:00,86.38244379627902
3107,63,2,2042-07-01 00:00:00,86.38244379627902
3108,63,2,2043-07-01 00:00:00,86.38244379627902
3109,63,2,2044-07-01 00:00:00,86.38244379627902
3110,63,2,2045-07-01 00:00:00,86.38244379627902
3111,63,2,2046-07-01 00:00:00,86.38244379627902
3112,63,2,2047-07-01 00:00:00,86.38244379627902
3113,63,2,2048-07-01 00:00:00,86.38244379627902
3114,63,2,2049-07-01 00:00:00,86.38244379627902
3115,63,2,2050-07-01 00:00:00,86.38244379627902
3116,63,2,2051-07-01 00:00:00,86.38244379627902
3117,63,2,2052-07-01 00:00:00,86.38244379627902
3118,63,2,2053-07-01 00:00:00,86.38244379627902
3119,63,3,2022-07-01 00:00:00,102.5966052556617
3120,63,3,2023-07-01 00:00:00,101.1888005236168
3121,63,3,2024-07-01 00:00:00,99.03225919855907
3122,63,3,2025-07-01 00:00:00,89.60018967864548
3123,63,3,2026-07-01 00:00:00,73.62940735903221
3124,63,3,2027-07-01 00:00:00,66.34195796631965
3125,63,3,2028-07-01 00:00:00,66.34195796631965
3126,63,3,2029-07-01 00:00:00,66.34195796631965
3127,63,3,2030-07-01 00:00:00,66.34195796631965
3128,63,3,2031-07-01 00:00:00,66.34195796631965
3129,63,3,2032-07-01 00:00:00,67.25288914040873
3130,63,3,2033-07-01 00:00:00,68.1638203144978
3131,63,3,2034-07-01 00:00:00,68.1638203144978
3132,63,3,2035-07-01 00:00:00,68.1638203144978
3133,63,3,2036-07-01 00:00:00,68.1638203144978
3134,63,3,2037-07-01 00:00:00,69.07475148858687
3135,63,3,2038-07-01 00:00:00,69.98568266267593
3136,63,3,2039-07-01 00:00:00,69.98568266267593
3137,63,3,2040-07-01 00:00:00,70.896613836765
3138,63,3,2041-07-01 00:00:00,71.80754501085407
3139,63,3,2042-07-01 00:00:00,71.80754501085407
3140,63,3,2043-07-01 00:00:00,71.80754501085407
3141,63,3,2044-07-01 00:00:00,71.80754501085407
3142,63,3,2045-07-01 00:00:00,71.80754501085407
3143,63,3,2046-07-01 00:00:00,71.80754501085407
3144,63,3,2047-07-01 00:00:00,71.80754501085407
3145,63,3,2048-07-01 00:00:00,71.80754501085407
3146,63,3,2049-07-01 00:00:00,71.80754501085407
3147,63,3,2050-07-01 00:00:00,71.80754501085407
3148,63,3,2051-07-01 00:00:00,71.80754501085407
3149,63,3,2052-07-01 00:00:00,71.80754501085407
3150,63,3,2053-07-01 00:00:00,71.80754501085407
3151,64,1,2022-07-01 00:00:00,111.83167438056208
3152,64,1,2023-07-01 00:00:00,110.35941023293671
3153,64,1,2024-07-01 00:00:00,108.07627449429496
3154,64,1,2025-07-01 00:00:00,100.0771867040657
3155,64,1,2026-07-01 00:00:00,92.78761971955045
3156,64,1,2027-07-01 00:00:00,92.41708173459959
3157,64,1,2028-07-01 00:00:00,92.04383504922737
3158,64,1,2029-07-01 00:00:00,91.70419093001618
3159,64,1,2030-07-01 00:00:00,91.70165018332757
3160,64,1,2031-07-01 00:00:00,91.72978171405033
3161,64,1,2032-07-01 00:00:00,92.33925603417282
3162,64,1,2033-07-01 00:00:00,94.11650472581175
3163,64,1,2034-07-01 00:00:00,95.26525755632139
3164,64,1,2035-07-01 00:00:00,95.45114837139074
3165,64,1,2036-07-01 00:00:00,95.45114837139074
3166,64,1,2037-07-01 00:00:00,96.37327951893172
3167,64,1,2038-07-01 00:00:00,97.2954106664727
3168,64,1,2039-07-01 00:00:00,97.2954106664727
3169,64,1,2040-07-01 00:00:00,98.21754181401369
3170,64,1,2041-07-01 00:00:00,99.13967296155467
3171,64,1,2042-07-01 00:00:00,99.13967296155467
3172,64,1,2043-07-01 00:00:00,99.13967296155467
3173,64,1,2044-07-01 00:00:00,99.13967296155467
3174,64,1,2045-07-01 00:00:00,99.13967296155467
3175,64,1,2046-07-01 00:00:00,99.13967296155467
3176,64,1,2047-07-01 00:00:00,99.13967296155467
3177,64,1,2048-07-01 00:00:00,99.13967296155467
3178,64,1,2049-07-01 00:00:00,99.13967296155467
3179,64,1,2050-07-01 00:00:00,99.13967296155467
3180,64,1,2051-07-01 00:00:00,99.13967296155467
3181,64,1,2052-07-01 00:00:00,99.13967296155467
3182,64,1,2053-07-01 00:00:00,99.13967296155467
3183,64,2,2022-07-01 00:00:00,106.62160440778548
3184,64,2,2023-07-01 00:00:00,105.22532001265105
3185,64,2,2024-07-01 00:00:00,102.36692271661106
3186,64,2,2025-07-01 00:00:00,95.04273319190877
3187,64,2,2026-07-01 00:00:00,85.49213197794818
3188,64,2,2027-07-01 00:00:00,81.80360738778433
3189,64,2,2028-07-01 00:00:00,81.80360738778433
3190,64,2,2029-07-01 00:00:00,81.80360738778433
3191,64,2,2030-07-01 00:00:00,81.80360738778433
3192,64,2,2031-07-01 00:00:00,81.80360738778433
3193,64,2,2032-07-01 00:00:00,82.72573853532523
3194,64,2,2033-07-01 00:00:00,83.64786968286613
3195,64,2,2034-07-01 00:00:00,83.64786968286613
3196,64,2,2035-07-01 00:00:00,83.64786968286613
3197,64,2,2036-07-01 00:00:00,83.64786968286613
3198,64,2,2037-07-01 00:00:00,84.57000083040712
3199,64,2,2038-07-01 00:00:00,85.4921319779481
3200,64,2,2039-07-01 00:00:00,85.4921319779481
3201,64,2,2040-07-01 00:00:00,86.41426312548909
3202,64,2,2041-07-01 00:00:00,87.33639427303007
3203,64,2,2042-07-01 00:00:00,87.33639427303007
3204,64,2,2043-07-01 00:00:00,87.33639427303007
3205,64,2,2044-07-01 00:00:00,87.33639427303007
3206,64,2,2045-07-01 00:00:00,87.33639427303007
3207,64,2,2046-07-01 00:00:00,87.33639427303007
3208,64,2,2047-07-01 00:00:00,87.33639427303007
3209,64,2,2048-07-01 00:00:00,87.33639427303007
3210,64,2,2049-07-01 00:00:00,87.33639427303007
3211,64,2,2050-07-01 00:00:00,87.33639427303007
3212,64,2,2051-07-01 00:00:00,87.33639427303007
3213,64,2,2052-07-01 00:00:00,87.33639427303007
3214,64,2,2053-07-01 00:00:00,87.33639427303007
3215,64,3,2022-07-01 00:00:00,103.7499101765855
3216,64,3,2023-07-01 00:00:00,102.32479636996628
3217,64,3,2024-07-01 00:00:00,100.14174019255127
3218,64,3,2025-07-01 00:00:00,90.59370260476989
3219,64,3,2026-07-01 00:00:00,74.42655820745645
3220,64,3,2027-07-01 00:00:00,67.04950902712858
3221,64,3,2028-07-01 00:00:00,67.04950902712858
3222,64,3,2029-07-01 00:00:00,67.04950902712858
3223,64,3,2030-07-01 00:00:00,67.04950902712858
3224,64,3,2031-07-01 00:00:00,67.04950902712858
3225,64,3,2032-07-01 00:00:00,67.97164017466957
3226,64,3,2033-07-01 00:00:00,68.89377132221055
3227,64,3,2034-07-01 00:00:00,68.89377132221055
3228,64,3,2035-07-01 00:00:00,68.89377132221055
3229,64,3,2036-07-01 00:00:00,68.89377132221055
3230,64,3,2037-07-01 00:00:00,69.81590246975153
3231,64,3,2038-07-01 00:00:00,70.73803361729252
3232,64,3,2039-07-01 00:00:00,70.73803361729252
3233,64,3,2040-07-01 00:00:00,71.6601647648335
3234,64,3,2041-07-01 00:00:00,72.58229591237449
3235,64,3,2042-07-01 00:00:00,72.58229591237449
3236,64,3,2043-07-01 00:00:00,72.58229591237449
3237,64,3,2044-07-01 00:00:00,72.58229591237449
3238,64,3,2045-07-01 00:00:00,72.58229591237449
3239,64,3,2046-07-01 00:00:00,72.58229591237449
3240,64,3,2047-07-01 00:00:00,72.58229591237449
3241,64,3,2048-07-01 00:00:00,72.58229591237449
3242,64,3,2049-07-01 00:00:00,72.58229591237449
3243,64,3,2050-07-01 00:00:00,72.58229591237449
3244,64,3,2051-07-01 00:00:00,72.58229591237449
3245,64,3,2052-07-01 00:00:00,72.58229591237449
3246,64,3,2053-07-01 00:00:00,72.58229591237449
3247,65,1,2022-07-01 00:00:00,273.372029784285
3248,65,1,2023-07-01 00:00:00,266.93158918123316
3249,65,1,2024-07-01 00:00:00,243.37102957688782
3250,65,1,2025-07-01 00:00:00,209.7059371447829
3251,65,1,2026-07-01 00:00:00,192.736124491717
3252,65,1,2027-07-01 00:00:00,191.06426721078077
3253,65,1,2028-07-01 00:00:00,190.3455480350325
3254,65,1,2029-07-01 00:00:00,190.17529058641222
3255,65,1,2030-07-01 00:00:00,190.39776256468193
3256,65,1,2031-07-01 00:00:00,188.85164255541818
3257,65,1,2032-07-01 00:00:00,189.54892151168463
3258,65,1,2033-07-01 00:00:00,196.20521189640422
3259,65,1,2034-07-01 00:00:00,202.79091456932196
3260,65,1,2035-07-01 00:00:00,206.48203939550422
3261,65,1,2036-07-01 00:00:00,207.32918790075828
3262,65,1,2037-07-01 00:00:00,209.52115831420718
3263,65,1,2038-07-01 00:00:00,211.61296630035716
3264,65,1,2039-07-01 00:00:00,211.3040835127157
3265,65,1,2040-07-01 00:00:00,213.2778619388605
3266,65,1,2041-07-01 00:00:00,216.24489668137423
3267,65,1,2042-07-01 00:00:00,218.74281051946951
3268,65,1,2043-07-01 00:00:00,222.41149870954388
3269,65,1,2044-07-01 00:00:00,224.85846867072846
3270,65,1,2045-07-01 00:00:00,226.31406147633598
3271,65,1,2046-07-01 00:00:00,226.89768135890708
3272,65,1,2047-07-01 00:00:00,226.79215170941498
3273,65,1,2048-07-01 00:00:00,235.0392191232086
3274,65,1,2049-07-01 00:00:00,243.55982307223692
3275,65,1,2050-07-01 00:00:00,245.87947574305673
3276,65,1,2051-07-01 00:00:00,249.95719242214048
3277,65,1,2052-07-01 00:00:00,254.1061768185717
3278,65,1,2053-07-01 00:00:00,258.327674503815
3279,65,2,2022-07-01 00:00:00,272.8558299115055
3280,65,2,2023-07-01 00:00:00,266.61406290725205
3281,65,2,2024-07-01 00:00:00,247.71771966742492
3282,65,2,2025-07-01 00:00:00,213.62418073054215
3283,65,2,2026-07-01 00:00:00,187.58583261120305
3284,65,2,2027-07-01 00:00:00,180.33418811230212
3285,65,2,2028-07-01 00:00:00,176.1183198963221
3286,65,2,2029-07-01 00:00:00,174.0481802389192
3287,65,2,2030-07-01 00:00:00,173.55306582103685
3288,65,2,2031-07-01 00:00:00,173.60130555411544
3289,65,2,2032-07-01 00:00:00,174.5241254627298
3290,65,2,2033-07-01 00:00:00,175.9064425127907
3291,65,2,2034-07-01 00:00:00,177.98803918279057
3292,65,2,2035-07-01 00:00:00,179.11152198825596
3293,65,2,2036-07-01 00:00:00,178.8277670745546
3294,65,2,2037-07-01 00:00:00,180.58158591713874
3295,65,2,2038-07-01 00:00:00,182.95001711306566
3296,65,2,2039-07-01 00:00:00,186.38464911253547
3297,65,2,2040-07-01 00:00:00,190.76943585312125
3298,65,2,2041-07-01 00:00:00,193.65600825071314
3299,65,2,2042-07-01 00:00:00,193.44068713406588
3300,65,2,2043-07-01 00:00:00,192.5219685347466
3301,65,2,2044-07-01 00:00:00,194.8599254356027
3302,65,2,2045-07-01 00:00:00,198.33584079218616
3303,65,2,2046-07-01 00:00:00,200.18693977920051
3304,65,2,2047-07-01 00:00:00,200.13474876583953
3305,65,2,2048-07-01 00:00:00,200.66804750232657
3306,65,2,2049-07-01 00:00:00,200.6208166790639
3307,65,2,2050-07-01 00:00:00,200.19492126203417
3308,65,2,2051-07-01 00:00:00,201.15657140974574
3309,65,2,2052-07-01 00:00:00,202.1231502605229
3310,65,2,2053-07-01 00:00:00,203.09468307522997
3311,65,3,2022-07-01 00:00:00,266.44025279743096
3312,65,3,2023-07-01 00:00:00,253.78429205293872
3313,65,3,2024-07-01 00:00:00,233.04600467978156
3314,65,3,2025-07-01 00:00:00,204.08917911318724
3315,65,3,2026-07-01 00:00:00,173.45465420830615
3316,65,3,2027-07-01 00:00:00,162.09623680060702
3317,65,3,2028-07-01 00:00:00,160.2207071903255
3318,65,3,2029-07-01 00:00:00,158.7991905569344
3319,65,3,2030-07-01 00:00:00,156.45622133234784
3320,65,3,2031-07-01 00:00:00,151.8945856165931
3321,65,3,2032-07-01 00:00:00,148.69272821192328
3322,65,3,2033-07-01 00:00:00,149.1148478052374
3323,65,3,2034-07-01 00:00:00,150.1488310050664
3324,65,3,2035-07-01 00:00:00,151.44046235123025
3325,65,3,2036-07-01 00:00:00,152.09613452505656
3326,65,3,2037-07-01 00:00:00,153.0105116210385
3327,65,3,2038-07-01 00:00:00,154.80885180890118
3328,65,3,2039-07-01 00:00:00,155.24764067032118
3329,65,3,2040-07-01 00:00:00,156.1425091883596
3330,65,3,2041-07-01 00:00:00,158.12375777796538
3331,65,3,2042-07-01 00:00:00,159.79531920263491
3332,65,3,2043-07-01 00:00:00,161.20140543959567
3333,65,3,2044-07-01 00:00:00,162.2346217681296
3334,65,3,2045-07-01 00:00:00,163.68221568379803
3335,65,3,2046-07-01 00:00:00,165.3355203054621
3336,65,3,2047-07-01 00:00:00,166.6443222711639
3337,65,3,2048-07-01 00:00:00,167.60738220272478
3338,65,3,2049-07-01 00:00:00,167.81314980362765
3339,65,3,2050-07-01 00:00:00,168.06105137588153
3340,65,3,2051-07-01 00:00:00,169.46068286218977
3341,65,3,2052-07-01 00:00:00,170.87291255436313
3342,65,3,2053-07-01 00:00:00,172.29785384995847
3343,66,1,2022-07-01 00:00:00,270.86186400695743
3344,66,1,2023-07-01 00:00:00,265.40560701302974
3345,66,1,2024-07-01 00:00:00,246.5974726274234
3346,66,1,2025-07-01 00:00:00,217.3200362702824
3347,66,1,2026-07-01 00:00:00,200.74682145584103
3348,66,1,2027-07-01 00:00:00,198.7439352373029
3349,66,1,2028-07-01 00:00:00,197.96284786861779
3350,66,1,2029-07-01 00:00:00,197.7778160132991
3351,66,1,2030-07-01 00:00:00,198.01959341117072
3352,66,1,2031-07-01 00:00:00,196.3393059630865
3353,66,1,2032-07-01 00:00:00,197.09709259737613
3354,66,1,2033-07-01 00:00:00,204.33099495762923
3355,66,1,2034-07-01 00:00:00,211.48818422613076
3356,66,1,2035-07-01 00:00:00,215.49961327276685
3357,66,1,2036-07-01 00:00:00,216.42027466484046
3358,66,1,2037-07-01 00:00:00,218.80245738689445
3359,66,1,2038-07-01 00:00:00,221.07578590076818
3360,66,1,2039-07-01 00:00:00,220.83307444147187
3361,66,1,2040-07-01 00:00:00,223.0711063674061
3362,66,1,2041-07-01 00:00:00,226.2956110669148
3363,66,1,2042-07-01 00:00:00,229.01028602319192
3364,66,1,2043-07-01 00:00:00,232.99733145290085
3365,66,1,2044-07-01 00:00:00,235.65664178261798
3366,66,1,2045-07-01 00:00:00,237.23854636061293
3367,66,1,2046-07-01 00:00:00,237.87281094373773
3368,66,1,2047-07-01 00:00:00,237.75812376267814
3369,66,1,2048-07-01 00:00:00,246.7208457867596
3370,66,1,2049-07-01 00:00:00,256.0402675031669
3371,66,1,2050-07-01 00:00:00,258.62559498690945
3372,66,1,2051-07-01 00:00:00,263.0684356595186
3373,66,1,2052-07-01 00:00:00,267.59149580875044
3374,66,1,2053-07-01 00:00:00,272.1962238692671
3375,66,2,2022-07-01 00:00:00,270.6026338941074
3376,66,2,2023-07-01 00:00:00,264.2946772278848
3377,66,2,2024-07-01 00:00:00,248.4013869897047
3378,66,2,2025-07-01 00:00:00,219.57505644581624
3379,66,2,2026-07-01 00:00:00,195.14960342040646
3380,66,2,2027-07-01 00:00:00,187.08273357242734
3381,66,2,2028-07-01 00:00:00,182.50102555258132
3382,66,2,2029-07-01 00:00:00,180.251245676974
3383,66,2,2030-07-01 00:00:00,179.71316678481264
3384,66,2,2031-07-01 00:00:00,179.76559261043113
3385,66,2,2032-07-01 00:00:00,180.7684919326029
3386,66,2,2033-07-01 00:00:00,182.2707621151071
3387,66,2,2034-07-01 00:00:00,184.53299320688382
3388,66,2,2035-07-01 00:00:00,185.75396832191436
3389,66,2,2036-07-01 00:00:00,185.44559004793317
3390,66,2,2037-07-01 00:00:00,187.3515997818159
3391,66,2,2038-07-01 00:00:00,189.92555599887694
3392,66,2,2039-07-01 00:00:00,193.6582345768132
3393,66,2,2040-07-01 00:00:00,198.42351934034235
3394,66,2,2041-07-01 00:00:00,201.56057942532857
3395,66,2,2042-07-01 00:00:00,201.41954862500535
3396,66,2,2043-07-01 00:00:00,200.51408171748068
3397,66,2,2044-07-01 00:00:00,203.05491917584905
3398,66,2,2045-07-01 00:00:00,206.832463550979
3399,66,2,2046-07-01 00:00:00,208.84419509471778
3400,66,2,2047-07-01 00:00:00,208.787475109123
3401,66,2,2048-07-01 00:00:00,209.3670518351399
3402,66,2,2049-07-01 00:00:00,209.37181734784065
3403,66,2,2050-07-01 00:00:00,208.96547446866037
3404,66,2,2051-07-01 00:00:00,210.01151151703226
3405,66,2,2052-07-01 00:00:00,211.06311980866352
3406,66,2,2053-07-01 00:00:00,212.1203290162617
3407,66,3,2022-07-01 00:00:00,264.95169945754236
3408,66,3,2023-07-01 00:00:00,254.40609316891369
3409,66,3,2024-07-01 00:00:00,236.80533102100122
3410,66,3,2025-07-01 00:00:00,210.16763083929837
3411,66,3,2026-07-01 00:00:00,179.79216573461358
3412,66,3,2027-07-01 00:00:00,167.26215012211406
3413,66,3,2028-07-01 00:00:00,165.22386794234535
3414,66,3,2029-07-01 00:00:00,163.67899655977567
3415,66,3,2030-07-01 00:00:00,161.13271182396463
3416,66,3,2031-07-01 00:00:00,156.17523168659483
3417,66,3,2032-07-01 00:00:00,152.69552715176772
3418,66,3,2033-07-01 00:00:00,153.1542769577248
3419,66,3,2034-07-01 00:00:00,154.277985972415
3420,66,3,2035-07-01 00:00:00,155.68170103043605
3421,66,3,2036-07-01 00:00:00,156.39427037637122
3422,66,3,2037-07-01 00:00:00,157.38799424514497
3423,66,3,2038-07-01 00:00:00,159.34238874683047
3424,66,3,2039-07-01 00:00:00,159.91222953424148
3425,66,3,2040-07-01 00:00:00,160.97772713855596
3426,66,3,2041-07-01 00:00:00,163.13090225866472
3427,66,3,2042-07-01 00:00:00,164.94751653423532
3428,66,3,2043-07-01 00:00:00,166.4756185190315
3429,66,3,2044-07-01 00:00:00,167.59849411574402
3430,66,3,2045-07-01 00:00:00,169.17170568525142
3431,66,3,2046-07-01 00:00:00,170.96847888978718
3432,66,3,2047-07-01 00:00:00,172.39085457978544
3433,66,3,2048-07-01 00:00:00,173.43748582772142
3434,66,3,2049-07-01 00:00:00,173.71786355643047
3435,66,3,2050-07-01 00:00:00,174.04533761396323
3436,66,3,2051-07-01 00:00:00,175.56938002975622
3437,66,3,2052-07-01 00:00:00,177.1078062938199
3438,66,3,2053-07-01 00:00:00,178.66075216030967
3439,67,1,2022-07-01 00:00:00,266.2091359761682
3440,67,1,2023-07-01 00:00:00,263.1364935422606
3441,67,1,2024-07-01 00:00:00,247.44804058833535
3442,67,1,2025-07-01 00:00:00,217.1864085560903
3443,67,1,2026-07-01 00:00:00,198.44763430137706
3444,67,1,2027-07-01 00:00:00,195.8043730141461
3445,67,1,2028-07-01 00:00:00,195.51052928954894
3446,67,1,2029-07-01 00:00:00,196.62425817416275
3447,67,1,2030-07-01 00:00:00,197.75394447968185
3448,67,1,2031-07-01 00:00:00,196.10624807969174
3449,67,1,2032-07-01 00:00:00,195.9574174520689
3450,67,1,2033-07-01 00:00:00,203.13295776058243
3451,67,1,2034-07-01 00:00:00,211.52754996271952
3452,67,1,2035-07-01 00:00:00,216.9563383405713
3453,67,1,2036-07-01 00:00:00,219.37869536655631
3454,67,1,2037-07-01 00:00:00,223.82399985466967
3455,67,1,2038-07-01 00:00:00,227.60718387612616
3456,67,1,2039-07-01 00:00:00,228.4659826203058
3457,67,1,2040-07-01 00:00:00,231.9480171782176
3458,67,1,2041-07-01 00:00:00,236.56100429341566
3459,67,1,2042-07-01 00:00:00,240.19856188190238
3460,67,1,2043-07-01 00:00:00,244.48899414485896
3461,67,1,2044-07-01 00:00:00,247.6639746539943
3462,67,1,2045-07-01 00:00:00,249.6898365885983
3463,67,1,2046-07-01 00:00:00,251.20246691986858
3464,67,1,2047-07-01 00:00:00,254.8231836558487
3465,67,1,2048-07-01 00:00:00,262.5263482822601
3466,67,1,2049-07-01 00:00:00,267.17298612034824
3467,67,1,2050-07-01 00:00:00,269.5155674016165
3468,67,1,2051-07-01 00:00:00,273.78942246323163
3469,67,1,2052-07-01 00:00:00,278.1343645593113
3470,67,1,2053-07-01 00:00:00,282.5515760805534
3471,67,2,2022-07-01 00:00:00,269.795940505464
3472,67,2,2023-07-01 00:00:00,265.0311670055319
3473,67,2,2024-07-01 00:00:00,251.80944354794354
3474,67,2,2025-07-01 00:00:00,221.49648121186044
3475,67,2,2026-07-01 00:00:00,195.5165650026078
3476,67,2,2027-07-01 00:00:00,187.98532473202312
3477,67,2,2028-07-01 00:00:00,183.59557393603595
3478,67,2,2029-07-01 00:00:00,182.67948588324234
3479,67,2,2030-07-01 00:00:00,182.48333952563092
3480,67,2,2031-07-01 00:00:00,181.85503025706706
3481,67,2,2032-07-01 00:00:00,182.58349506649554
3482,67,2,2033-07-01 00:00:00,184.26482876262222
3483,67,2,2034-07-01 00:00:00,187.20263049426197
3484,67,2,2035-07-01 00:00:00,188.79233252565496
3485,67,2,2036-07-01 00:00:00,188.1535010068764
3486,67,2,2037-07-01 00:00:00,189.82803987146016
3487,67,2,2038-07-01 00:00:00,192.2636779628172
3488,67,2,2039-07-01 00:00:00,197.03203429492228
3489,67,2,2040-07-01 00:00:00,203.21741958739617
3490,67,2,2041-07-01 00:00:00,207.9157299298403
3491,67,2,2042-07-01 00:00:00,210.09131754770672
3492,67,2,2043-07-01 00:00:00,210.8741870443042
3493,67,2,2044-07-01 00:00:00,214.10696209079498
3494,67,2,2045-07-01 00:00:00,218.27144045635384
3495,67,2,2046-07-01 00:00:00,220.64385017349326
3496,67,2,2047-07-01 00:00:00,220.90383129115014
3497,67,2,2048-07-01 00:00:00,222.18939052424653
3498,67,2,2049-07-01 00:00:00,222.84219142104385
3499,67,2,2050-07-01 00:00:00,222.77541892725864
3500,67,2,2051-07-01 00:00:00,224.26363435286345
3501,67,2,2052-07-01 00:00:00,225.76238582918978
3502,67,2,2053-07-01 00:00:00,227.2717479478343
3503,67,3,2022-07-01 00:00:00,265.58552097384927
3504,67,3,2023-07-01 00:00:00,257.2677210459686
3505,67,3,2024-07-01 00:00:00,249.5182380607643
3506,67,3,2025-07-01 00:00:00,220.6367615467326
3507,67,3,2026-07-01 00:00:00,177.61618904132817
3508,67,3,2027-07-01 00:00:00,161.90675881495713
3509,67,3,2028-07-01 00:00:00,159.71175041064814
3510,67,3,2029-07-01 00:00:00,158.46326857765163
3511,67,3,2030-07-01 00:00:00,156.14636855661186
3512,67,3,2031-07-01 00:00:00,151.85944901452584
3513,67,3,2032-07-01 00:00:00,148.87693338603032
3514,67,3,2033-07-01 00:00:00,149.34734632264733
3515,67,3,2034-07-01 00:00:00,150.49962421059223
3516,67,3,2035-07-01 00:00:00,151.93902693957995
3517,67,3,2036-07-01 00:00:00,152.66971245532704
3518,67,3,2037-07-01 00:00:00,153.68870049025597
3519,67,3,2038-07-01 00:00:00,155.6927829877471
3520,67,3,2039-07-01 00:00:00,156.364983018221
3521,67,3,2040-07-01 00:00:00,157.5454413100959
3522,67,3,2041-07-01 00:00:00,159.75335817054642
3523,67,3,2042-07-01 00:00:00,161.66645974127874
3524,67,3,2043-07-01 00:00:00,163.98731565791186
3525,67,3,2044-07-01 00:00:00,165.84234063420166
3526,67,3,2045-07-01 00:00:00,167.4555491080187
3527,67,3,2046-07-01 00:00:00,168.75744769482208
3528,67,3,2047-07-01 00:00:00,169.46208159725782
3529,67,3,2048-07-01 00:00:00,170.51118464506007
3530,67,3,2049-07-01 00:00:00,170.92130163826081
3531,67,3,2050-07-01 00:00:00,171.0721384235294
3532,67,3,2051-07-01 00:00:00,172.39637056687238
3533,67,3,2052-07-01 00:00:00,173.7316658925688
3534,67,3,2053-07-01 00:00:00,175.07811682701404
3535,68,1,2022-07-01 00:00:00,266.2091359761682
3536,68,1,2023-07-01 00:00:00,263.1364935422606
3537,68,1,2024-07-01 00:00:00,247.44804058833535
3538,68,1,2025-07-01 00:00:00,217.1864085560903
3539,68,1,2026-07-01 00:00:00,198.44763430137706
3540,68,1,2027-07-01 00:00:00,195.8043730141461
3541,68,1,2028-07-01 00:00:00,195.51052928954894
3542,68,1,2029-07-01 00:00:00,196.62425817416275
3543,68,1,2030-07-01 00:00:00,197.75394447968185
3544,68,1,2031-07-01 00:00:00,196.10624807969174
3545,68,1,2032-07-01 00:00:00,195.9574174520689
3546,68,1,2033-07-01 00:00:00,203.13295776058243
3547,68,1,2034-07-01 00:00:00,211.52754996271952
3548,68,1,2035-07-01 00:00:00,216.9563383405713
3549,68,1,2036-07-01 00:00:00,219.37869536655631
3550,68,1,2037-07-01 00:00:00,223.82399985466967
3551,68,1,2038-07-01 00:00:00,227.60718387612616
3552,68,1,2039-07-01 00:00:00,228.4659826203058
3553,68,1,2040-07-01 00:00:00,231.9480171782176
3554,68,1,2041-07-01 00:00:00,236.56100429341566
3555,68,1,2042-07-01 00:00:00,240.19856188190238
3556,68,1,2043-07-01 00:00:00,244.48899414485896
3557,68,1,2044-07-01 00:00:00,247.6639746539943
3558,68,1,2045-07-01 00:00:00,249.6898365885983
3559,68,1,2046-07-01 00:00:00,251.20246691986858
3560,68,1,2047-07-01 00:00:00,254.8231836558487
3561,68,1,2048-07-01 00:00:00,262.5263482822601
3562,68,1,2049-07-01 00:00:00,267.17298612034824
3563,68,1,2050-07-01 00:00:00,269.5155674016165
3564,68,1,2051-07-01 00:00:00,273.78942246323163
3565,68,1,2052-07-01 00:00:00,278.1343645593113
3566,68,1,2053-07-01 00:00:00,282.5515760805534
3567,68,2,2022-07-01 00:00:00,269.795940505464
3568,68,2,2023-07-01 00:00:00,265.0311670055319
3569,68,2,2024-07-01 00:00:00,251.80944354794354
3570,68,2,2025-07-01 00:00:00,221.49648121186044
3571,68,2,2026-07-01 00:00:00,195.5165650026078
3572,68,2,2027-07-01 00:00:00,187.98532473202312
3573,68,2,2028-07-01 00:00:00,183.59557393603595
3574,68,2,2029-07-01 00:00:00,182.67948588324234
3575,68,2,2030-07-01 00:00:00,182.48333952563092
3576,68,2,2031-07-01 00:00:00,181.85503025706706
3577,68,2,2032-07-01 00:00:00,182.58349506649554
3578,68,2,2033-07-01 00:00:00,184.26482876262222
3579,68,2,2034-07-01 00:00:00,187.20263049426197
3580,68,2,2035-07-01 00:00:00,188.79233252565496
3581,68,2,2036-07-01 00:00:00,188.1535010068764
3582,68,2,2037-07-01 00:00:00,189.82803987146016
3583,68,2,2038-07-01 00:00:00,192.2636779628172
3584,68,2,2039-07-01 00:00:00,197.03203429492228
3585,68,2,2040-07-01 00:00:00,203.21741958739617
3586,68,2,2041-07-01 00:00:00,207.9157299298403
3587,68,2,2042-07-01 00:00:00,210.09131754770672
3588,68,2,2043-07-01 00:00:00,210.8741870443042
3589,68,2,2044-07-01 00:00:00,214.10696209079498
3590,68,2,2045-07-01 00:00:00,218.27144045635384
3591,68,2,2046-07-01 00:00:00,220.64385017349326
3592,68,2,2047-07-01 00:00:00,220.90383129115014
3593,68,2,2048-07-01 00:00:00,222.18939052424653
3594,68,2,2049-07-01 00:00:00,224.11418544475856
3595,68,2,2050-07-01 00:00:00,226.62496923383392
3596,68,2,2051-07-01 00:00:00,230.75858938991112
3597,68,2,2052-07-01 00:00:00,234.97203219787158
3598,68,2,2053-07-01 00:00:00,239.26683908036983
3599,68,3,2022-07-01 00:00:00,265.58552097384927
3600,68,3,2023-07-01 00:00:00,257.2677210459686
3601,68,3,2024-07-01 00:00:00,249.5182380607643
3602,68,3,2025-07-01 00:00:00,220.6367615467326
3603,68,3,2026-07-01 00:00:00,177.61618904132817
3604,68,3,2027-07-01 00:00:00,161.90675881495713
3605,68,3,2028-07-01 00:00:00,159.71175041064814
3606,68,3,2029-07-01 00:00:00,158.46326857765163
3607,68,3,2030-07-01 00:00:00,156.14636855661186
3608,68,3,2031-07-01 00:00:00,151.85944901452584
3609,68,3,2032-07-01 00:00:00,148.87693338603032
3610,68,3,2033-07-01 00:00:00,149.34734632264733
3611,68,3,2034-07-01 00:00:00,150.49962421059223
3612,68,3,2035-07-01 00:00:00,151.93902693957995
3613,68,3,2036-07-01 00:00:00,152.66971245532704
3614,68,3,2037-07-01 00:00:00,153.68870049025597
3615,68,3,2038-07-01 00:00:00,155.6927829877471
3616,68,3,2039-07-01 00:00:00,156.364983018221
3617,68,3,2040-07-01 00:00:00,157.5454413100959
3618,68,3,2041-07-01 00:00:00,159.75335817054642
3619,68,3,2042-07-01 00:00:00,161.66645974127874
3620,68,3,2043-07-01 00:00:00,163.98731565791186
3621,68,3,2044-07-01 00:00:00,165.84234063420166
3622,68,3,2045-07-01 00:00:00,167.4555491080187
3623,68,3,2046-07-01 00:00:00,168.75744769482208
3624,68,3,2047-07-01 00:00:00,169.46208159725782
3625,68,3,2048-07-01 00:00:00,170.51118464506007
3626,68,3,2049-07-01 00:00:00,170.92130163826081
3627,68,3,2050-07-01 00:00:00,171.0721384235294
3628,68,3,2051-07-01 00:00:00,172.39637056687238
3629,68,3,2052-07-01 00:00:00,173.7316658925688
3630,68,3,2053-07-01 00:00:00,175.07811682701404
3631,69,1,2022-07-01 00:00:00,222.55351831936113
3632,69,1,2023-07-01 00:00:00,217.85933191274106
3633,69,1,2024-07-01 00:00:00,198.09761974931317
3634,69,1,2025-07-01 00:00:00,171.11264161462606
3635,69,1,2026-07-01 00:00:00,158.57865298907785
3636,69,1,2027-07-01 00:00:00,155.94116081020312
3637,69,1,2028-07-01 00:00:00,153.23781697974894
3638,69,1,2029-07-01 00:00:00,152.78937129412256
3639,69,1,2030-07-01 00:00:00,154.277084658683
3640,69,1,2031-07-01 00:00:00,155.24095956603003
3641,69,1,2032-07-01 00:00:00,157.4661528058376
3642,69,1,2033-07-01 00:00:00,162.84572235641343
3643,69,1,2034-07-01 00:00:00,167.98112440747582
3644,69,1,2035-07-01 00:00:00,170.61633590798283
3645,69,1,2036-07-01 00:00:00,171.07749429465372
3646,69,1,2037-07-01 00:00:00,172.54088523145077
3647,69,1,2038-07-01 00:00:00,174.08185752021868
3648,69,1,2039-07-01 00:00:00,173.19981924295334
3649,69,1,2040-07-01 00:00:00,173.89249983005487
3650,69,1,2041-07-01 00:00:00,176.04799032002413
3651,69,1,2042-07-01 00:00:00,177.46459213836513
3652,69,1,2043-07-01 00:00:00,179.40857073071436
3653,69,1,2044-07-01 00:00:00,181.0543984946006
3654,69,1,2045-07-01 00:00:00,183.11429682277233
3655,69,1,2046-07-01 00:00:00,184.64197384916605
3656,69,1,2047-07-01 00:00:00,187.04346770159722
3657,69,1,2048-07-01 00:00:00,193.18797966851642
3658,69,1,2049-07-01 00:00:00,197.47203158948932
3659,69,1,2050-07-01 00:00:00,199.61213689987483
3660,69,1,2051-07-01 00:00:00,203.2034050744611
3661,69,1,2052-07-01 00:00:00,206.86191409563594
3662,69,1,2053-07-01 00:00:00,210.5889229424647
3663,69,2,2022-07-01 00:00:00,221.69475995830962
3664,69,2,2023-07-01 00:00:00,217.35748436757498
3665,69,2,2024-07-01 00:00:00,202.77485038996173
3666,69,2,2025-07-01 00:00:00,175.41457725838555
3667,69,2,2026-07-01 00:00:00,154.6958222929343
3668,69,2,2027-07-01 00:00:00,146.8715151052152
3669,69,2,2028-07-01 00:00:00,141.71680056834848
3670,69,2,2029-07-01 00:00:00,140.47353099001054
3671,69,2,2030-07-01 00:00:00,140.54038435082308
3672,69,2,2031-07-01 00:00:00,141.46898605203404
3673,69,2,2032-07-01 00:00:00,143.01763047507131
3674,69,2,2033-07-01 00:00:00,144.79639513964096
3675,69,2,2034-07-01 00:00:00,146.59121830397706
3676,69,2,2035-07-01 00:00:00,147.94182786422772
3677,69,2,2036-07-01 00:00:00,148.4736752416986
3678,69,2,2037-07-01 00:00:00,149.7923405405381
3679,69,2,2038-07-01 00:00:00,151.36090019687848
3680,69,2,2039-07-01 00:00:00,153.40137023379015
3681,69,2,2040-07-01 00:00:00,156.01385968365517
3682,69,2,2041-07-01 00:00:00,157.81366010396025
3683,69,2,2042-07-01 00:00:00,157.3943060952211
3684,69,2,2043-07-01 00:00:00,156.3448126223442
3685,69,2,2044-07-01 00:00:00,157.64594314556044
3686,69,2,2045-07-01 00:00:00,159.6343633000085
3687,69,2,2046-07-01 00:00:00,160.56973659195884
3688,69,2,2047-07-01 00:00:00,160.48598474580348
3689,69,2,2048-07-01 00:00:00,161.30582036696552
3690,69,2,2049-07-01 00:00:00,161.52319347782375
3691,69,2,2050-07-01 00:00:00,161.09574434845135
3692,69,2,2051-07-01 00:00:00,161.801999803072
3693,69,2,2052-07-01 00:00:00,162.51150920508252
3694,69,2,2053-07-01 00:00:00,163.22428754647134
3695,69,3,2022-07-01 00:00:00,216.65864333335367
3696,69,3,2023-07-01 00:00:00,208.67294603014858
3697,69,3,2024-07-01 00:00:00,201.6976094912624
3698,69,3,2025-07-01 00:00:00,177.20148087499103
3699,69,3,2026-07-01 00:00:00,143.84873330190564
3700,69,3,2027-07-01 00:00:00,134.7139670615122
3701,69,3,2028-07-01 00:00:00,133.13715991589268
3702,69,3,2029-07-01 00:00:00,132.138220805535
3703,69,3,2030-07-01 00:00:00,130.69050756132103
3704,69,3,2031-07-01 00:00:00,127.76414568418946
3705,69,3,2032-07-01 00:00:00,125.80859273287508
3706,69,3,2033-07-01 00:00:00,126.21499057671448
3707,69,3,2034-07-01 00:00:00,127.17590662209602
3708,69,3,2035-07-01 00:00:00,128.36681466970265
3709,69,3,2036-07-01 00:00:00,128.89170830410345
3710,69,3,2037-07-01 00:00:00,129.6232006055727
3711,69,3,2038-07-01 00:00:00,130.92981300876718
3712,69,3,2039-07-01 00:00:00,131.01131317250284
3713,69,3,2040-07-01 00:00:00,131.49421859415585
3714,69,3,2041-07-01 00:00:00,132.90637728388464
3715,69,3,2042-07-01 00:00:00,134.0562249009516
3716,69,3,2043-07-01 00:00:00,134.8760536117273
3717,69,3,2044-07-01 00:00:00,135.3787365153894
3718,69,3,2045-07-01 00:00:00,136.37420560642167
3719,69,3,2046-07-01 00:00:00,137.74779734050057
3720,69,3,2047-07-01 00:00:00,138.91396736383655
3721,69,3,2048-07-01 00:00:00,139.49610881794192
3722,69,3,2049-07-01 00:00:00,139.34268143734536
3723,69,3,2050-07-01 00:00:00,139.37873139735277
3724,69,3,2051-07-01 00:00:00,140.38834897386056
3725,69,3,2052-07-01 00:00:00,141.4057138064391
3726,69,3,2053-07-01 00:00:00,142.43088534331713
3727,70,1,2022-07-01 00:00:00,222.167827613344
3728,70,1,2023-07-01 00:00:00,219.74479502295168
3729,70,1,2024-07-01 00:00:00,207.41808952782586
3730,70,1,2025-07-01 00:00:00,180.44688303672197
3731,70,1,2026-07-01 00:00:00,162.862079762388
3732,70,1,2027-07-01 00:00:00,161.2624148617734
3733,70,1,2028-07-01 00:00:00,160.6385761052658
3734,70,1,2029-07-01 00:00:00,160.49079488748652
3735,70,1,2030-07-01 00:00:00,160.68389762770082
3736,70,1,2031-07-01 00:00:00,159.34188587048507
3737,70,1,2032-07-01 00:00:00,159.94711479952164
3738,70,1,2033-07-01 00:00:00,165.724686981638
3739,70,1,2034-07-01 00:00:00,171.44098996176132
3740,70,1,2035-07-01 00:00:00,174.64483758316703
3741,70,1,2036-07-01 00:00:00,175.38015130224895
3742,70,1,2037-07-01 00:00:00,177.28275268421945
3743,70,1,2038-07-01 00:00:00,179.09841440157075
3744,70,1,2039-07-01 00:00:00,178.9045656453011
3745,70,1,2040-07-01 00:00:00,180.69203668845648
3746,70,1,2041-07-01 00:00:00,183.2673836761829
3747,70,1,2042-07-01 00:00:00,185.4355399118894
3748,70,1,2043-07-01 00:00:00,188.61991282934667
3749,70,1,2044-07-01 00:00:00,190.74385045242107
3750,70,1,2045-07-01 00:00:00,192.0072857919418
3751,70,1,2046-07-01 00:00:00,192.51386014546063
3752,70,1,2047-07-01 00:00:00,192.42226180283217
3753,70,1,2048-07-01 00:00:00,199.58060744582792
3754,70,1,2049-07-01 00:00:00,207.02384195200142
3755,70,1,2050-07-01 00:00:00,209.08869096541954
3756,70,1,2051-07-01 00:00:00,212.63709836730544
3757,70,1,2052-07-01 00:00:00,216.24957545019024
3758,70,1,2053-07-01 00:00:00,219.92727904967882
3759,70,2,2022-07-01 00:00:00,224.73917616357585
3760,70,2,2023-07-01 00:00:00,221.06015688832605
3761,70,2,2024-07-01 00:00:00,210.716709238763
3762,70,2,2025-07-01 00:00:00,183.2923479707897
3763,70,2,2026-07-01 00:00:00,158.3916944007538
3764,70,2,2027-07-01 00:00:00,151.94884785550315
3765,70,2,2028-07-01 00:00:00,148.2895298990585
3766,70,2,2029-07-01 00:00:00,146.49267600500906
3767,70,2,2030-07-01 00:00:00,146.06292322645115
3768,70,2,2031-07-01 00:00:00,146.10479467793522
3769,70,2,2032-07-01 00:00:00,146.90579017617142
3770,70,2,2033-07-01 00:00:00,148.1056231272144
3771,70,2,2034-07-01 00:00:00,149.91242155695025
3772,70,2,2035-07-01 00:00:00,150.887589800638
3773,70,2,2036-07-01 00:00:00,150.6412942814847
3774,70,2,2037-07-01 00:00:00,152.16358588412373
3775,70,2,2038-07-01 00:00:00,154.21935289576984
3776,70,2,2039-07-01 00:00:00,157.2005681296331
3777,70,2,2040-07-01 00:00:00,161.00650513548808
3778,70,2,2041-07-01 00:00:00,163.51201187003153
3779,70,2,2042-07-01 00:00:00,163.3993734090473
3780,70,2,2043-07-01 00:00:00,162.6761952188791
3781,70,2,2044-07-01 00:00:00,164.70551094470466
3782,70,2,2045-07-01 00:00:00,167.72255958754772
3783,70,2,2046-07-01 00:00:00,169.32928907132586
3784,70,2,2047-07-01 00:00:00,169.2839879607188
3785,70,2,2048-07-01 00:00:00,169.74688422374223
3786,70,2,2049-07-01 00:00:00,169.75069034279696
3787,70,2,2050-07-01 00:00:00,169.42615246569588
3788,70,2,2051-07-01 00:00:00,170.26160119739882
3789,70,2,2052-07-01 00:00:00,171.1014995689327
3790,70,2,2053-07-01 00:00:00,171.94587127929165
3791,70,3,2022-07-01 00:00:00,221.296613824725
3792,70,3,2023-07-01 00:00:00,214.862080306746
3793,70,3,2024-07-01 00:00:00,208.93391675040314
3794,70,3,2025-07-01 00:00:00,182.09319667743023
3795,70,3,2026-07-01 00:00:00,146.12601809724924
3796,70,3,2027-07-01 00:00:00,136.1185468819856
3797,70,3,2028-07-01 00:00:00,134.49061193972807
3798,70,3,2029-07-01 00:00:00,133.25675426784076
3799,70,3,2030-07-01 00:00:00,131.22308791118638
3800,70,3,2031-07-01 00:00:00,127.2636483295247
3801,70,3,2032-07-01 00:00:00,124.48447837101591
3802,70,3,2033-07-01 00:00:00,124.85087260547668
3803,70,3,2034-07-01 00:00:00,125.74835637298501
3804,70,3,2035-07-01 00:00:00,126.86947533021635
3805,70,3,2036-07-01 00:00:00,127.4385901213593
3806,70,3,2037-07-01 00:00:00,128.23225736968683
3807,70,3,2038-07-01 00:00:00,129.79319291228717
3808,70,3,2039-07-01 00:00:00,130.24831327715006
3809,70,3,2040-07-01 00:00:00,131.09930476310421
3810,70,3,2041-07-01 00:00:00,132.81900238378515
3811,70,3,2042-07-01 00:00:00,134.2698956335808
3812,70,3,2043-07-01 00:00:00,135.4903599250682
3813,70,3,2044-07-01 00:00:00,136.3871780584161
3814,70,3,2045-07-01 00:00:00,137.64367046706562
3815,70,3,2046-07-01 00:00:00,139.07871705286644
3816,70,3,2047-07-01 00:00:00,140.21473988118188
3817,70,3,2048-07-01 00:00:00,141.05066318811424
3818,70,3,2049-07-01 00:00:00,141.27459523546605
3819,70,3,2050-07-01 00:00:00,141.5361421725054
3820,70,3,2051-07-01 00:00:00,142.75336416795724
3821,70,3,2052-07-01 00:00:00,143.98207425344702
3822,70,3,2053-07-01 00:00:00,145.22238085308575
3823,71,1,2022-07-01 00:00:00,227.8334378872435
3824,71,1,2023-07-01 00:00:00,224.75078819125164
3825,71,1,2024-07-01 00:00:00,208.36338712931808
3826,71,1,2025-07-01 00:00:00,177.1764451799541
3827,71,1,2026-07-01 00:00:00,158.61394518047226
3828,71,1,2027-07-01 00:00:00,156.7647130277997
3829,71,1,2028-07-01 00:00:00,156.54315673704917
3830,71,1,2029-07-01 00:00:00,157.38290119956946
3831,71,1,2030-07-01 00:00:00,158.23467745548803
3832,71,1,2031-07-01 00:00:00,156.99232489830695
3833,71,1,2032-07-01 00:00:00,156.88010755607377
3834,71,1,2033-07-01 00:00:00,162.29041909859515
3835,71,1,2034-07-01 00:00:00,168.6198879794397
3836,71,1,2035-07-01 00:00:00,172.71315972759638
3837,71,1,2036-07-01 00:00:00,174.53960144686943
3838,71,1,2037-07-01 00:00:00,177.8913326264054
3839,71,1,2038-07-01 00:00:00,180.74382920488372
3840,71,1,2039-07-01 00:00:00,181.3194729864377
3841,71,1,2040-07-01 00:00:00,183.87301980965557
3842,71,1,2041-07-01 00:00:00,187.3511826185589
3843,71,1,2042-07-01 00:00:00,190.0938777970984
3844,71,1,2043-07-01 00:00:00,193.32883630846501
3845,71,1,2044-07-01 00:00:00,195.72275132493766
3846,71,1,2045-07-01 00:00:00,197.25023827882438
3847,71,1,2046-07-01 00:00:00,198.39075188323264
3848,71,1,2047-07-01 00:00:00,201.1207491665915
3849,71,1,2048-07-01 00:00:00,206.92888607340646
3850,71,1,2049-07-01 00:00:00,210.38690377673763
3851,71,1,2050-07-01 00:00:00,212.10443455037034
3852,71,1,2051-07-01 00:00:00,215.31952407248022
3853,71,1,2052-07-01 00:00:00,218.58641695299295
3854,71,1,2053-07-01 00:00:00,221.90594787720227
3855,71,2,2022-07-01 00:00:00,230.28366874284004
3856,71,2,2023-07-01 00:00:00,226.85698407022943
3857,71,2,2024-07-01 00:00:00,214.29683923045462
3858,71,2,2025-07-01 00:00:00,182.26647194546823
3859,71,2,2026-07-01 00:00:00,156.40393765807755
3860,71,2,2027-07-01 00:00:00,150.86920058504882
3861,71,2,2028-07-01 00:00:00,147.55935653440037
3862,71,2,2029-07-01 00:00:00,146.86863199619177
3863,71,2,2030-07-01 00:00:00,146.72073889588412
3864,71,2,2031-07-01 00:00:00,146.2469977221427
3865,71,2,2032-07-01 00:00:00,146.79625553372452
3866,71,2,2033-07-01 00:00:00,148.06397039725775
3867,71,2,2034-07-01 00:00:00,150.27905413101809
3868,71,2,2035-07-01 00:00:00,151.4776793048479
3869,71,2,2036-07-01 00:00:00,150.99600442167943
3870,71,2,2037-07-01 00:00:00,152.25859602564674
3871,71,2,2038-07-01 00:00:00,154.09505158334724
3872,71,2,2039-07-01 00:00:00,157.69036178902394
3873,71,2,2040-07-01 00:00:00,162.3541027763205
3874,71,2,2041-07-01 00:00:00,165.89659875337105
3875,71,2,2042-07-01 00:00:00,167.46509293169845
3876,71,2,2043-07-01 00:00:00,167.9834865457464
3877,71,2,2044-07-01 00:00:00,170.42097827409088
3878,71,2,2045-07-01 00:00:00,173.56096835163686
3879,71,2,2046-07-01 00:00:00,175.34975011919246
3880,71,2,2047-07-01 00:00:00,175.54577422068454
3881,71,2,2048-07-01 00:00:00,176.51507766800324
3882,71,2,2049-07-01 00:00:00,176.9637296986814
3883,71,2,2050-07-01 00:00:00,176.8692571486178
3884,71,2,2051-07-01 00:00:00,177.99007221626047
3885,71,2,2052-07-01 00:00:00,179.11853302747363
3886,71,2,2053-07-01 00:00:00,180.25469173840378
3887,71,3,2022-07-01 00:00:00,226.82999798190585
3888,71,3,2023-07-01 00:00:00,218.84384670409293
3889,71,3,2024-07-01 00:00:00,212.31630265516358
3890,71,3,2025-07-01 00:00:00,183.38529458357084
3891,71,3,2026-07-01 00:00:00,142.90716856267184
3892,71,3,2027-07-01 00:00:00,131.20612851978504
3893,71,3,2028-07-01 00:00:00,129.55110620854884
3894,71,3,2029-07-01 00:00:00,128.6097588839892
3895,71,3,2030-07-01 00:00:00,126.86283107259815
3896,71,3,2031-07-01 00:00:00,123.63052113032244
3897,71,3,2032-07-01 00:00:00,121.38172340404466
3898,71,3,2033-07-01 00:00:00,121.73641175242042
3899,71,3,2034-07-01 00:00:00,122.60522191713288
3900,71,3,2035-07-01 00:00:00,123.69052237732811
3901,71,3,2036-07-01 00:00:00,124.24145458728438
3902,71,3,2037-07-01 00:00:00,125.00976505451514
3903,71,3,2038-07-01 00:00:00,126.52083045198451
3904,71,3,2039-07-01 00:00:00,126.95577999572838
3905,71,3,2040-07-01 00:00:00,127.773953020912
3906,71,3,2041-07-01 00:00:00,129.43870822559674
3907,71,3,2042-07-01 00:00:00,130.88117458563775
3908,71,3,2043-07-01 00:00:00,132.63108511702885
3909,71,3,2044-07-01 00:00:00,134.0297620959566
3910,71,3,2045-07-01 00:00:00,135.2461109771733
3911,71,3,2046-07-01 00:00:00,136.2277341927822
3912,71,3,2047-07-01 00:00:00,136.75902365276573
3913,71,3,2048-07-01 00:00:00,137.55004064727478
3914,71,3,2049-07-01 00:00:00,137.81555002948096
3915,71,3,2050-07-01 00:00:00,137.88477606591255
3916,71,3,2051-07-01 00:00:00,138.8814574194435
3917,71,3,2052-07-01 00:00:00,139.88606549946354
3918,71,3,2053-07-01 00:00:00,140.89866334818026
3919,72,1,2022-07-01 00:00:00,254.94045422829666
3920,72,1,2023-07-01 00:00:00,248.95516843818135
3921,72,1,2024-07-01 00:00:00,227.05966604969078
3922,72,1,2025-07-01 00:00:00,195.77373209335298
3923,72,1,2026-07-01 00:00:00,180.00319948644014
3924,72,1,2027-07-01 00:00:00,178.44949466352062
3925,72,1,2028-07-01 00:00:00,177.78156836238352
3926,72,1,2029-07-01 00:00:00,177.62334324228763
3927,72,1,2030-07-01 00:00:00,177.8300928192662
3928,72,1,2031-07-01 00:00:00,176.39323924175255
3929,72,1,2032-07-01 00:00:00,177.0412405332652
3930,72,1,2033-07-01 00:00:00,183.22712170351699
3931,72,1,2034-07-01 00:00:00,189.34740369283628
3932,72,1,2035-07-01 00:00:00,192.7776716408431
3933,72,1,2036-07-01 00:00:00,193.56495099378242
3934,72,1,2037-07-01 00:00:00,195.60201183737627
3935,72,1,2038-07-01 00:00:00,197.54598887044142
3936,72,1,2039-07-01 00:00:00,197.25893525507144
3937,72,1,2040-07-01 00:00:00,199.0932240397926
3938,72,1,2041-07-01 00:00:00,201.8505743482064
3939,72,1,2042-07-01 00:00:00,204.17195717300874
3940,72,1,2043-07-01 00:00:00,207.5813741129012
3941,72,1,2044-07-01 00:00:00,209.85541333477943
3942,72,1,2045-07-01 00:00:00,211.20813739087404
3943,72,1,2046-07-01 00:00:00,211.75051205206205
3944,72,1,2047-07-01 00:00:00,211.65244032832908
3945,72,1,2048-07-01 00:00:00,219.31667612277334
3946,72,1,2049-07-01 00:00:00,227.2351172485488
3947,72,1,2050-07-01 00:00:00,229.39083686842724
3948,72,1,2051-07-01 00:00:00,233.18037569033194
3949,72,1,2052-07-01 00:00:00,237.03614564178568
3950,72,1,2053-07-01 00:00:00,240.9593042680012
3951,72,2,2022-07-01 00:00:00,254.4607349118973
3952,72,2,2023-07-01 00:00:00,248.66008218356285
3953,72,2,2024-07-01 00:00:00,231.09916956139134
3954,72,2,2025-07-01 00:00:00,199.415068005207
3955,72,2,2026-07-01 00:00:00,175.21688583069752
3956,72,2,2027-07-01 00:00:00,168.47772504196627
3957,72,2,2028-07-01 00:00:00,164.5597980426633
3958,72,2,2029-07-01 00:00:00,162.63595800769167
3959,72,2,2030-07-01 00:00:00,162.17583400803423
3960,72,2,2031-07-01 00:00:00,162.2206645726974
3961,72,2,2032-07-01 00:00:00,163.07826752663934
3962,72,2,2033-07-01 00:00:00,164.36289432581253
3963,72,2,2034-07-01 00:00:00,166.29738169051208
3964,72,2,2035-07-01 00:00:00,167.34146641785267
3965,72,2,2036-07-01 00:00:00,167.07776485494293
3966,72,2,2037-07-01 00:00:00,168.70763890299818
3967,72,2,2038-07-01 00:00:00,170.90868980239316
3968,72,2,2039-07-01 00:00:00,174.100591625222
3969,72,2,2040-07-01 00:00:00,178.17549944421162
3970,72,2,2041-07-01 00:00:00,180.8580737925037
3971,72,2,2042-07-01 00:00:00,180.6579697159022
3972,72,2,2043-07-01 00:00:00,179.80417822607546
3973,72,2,2044-07-01 00:00:00,181.97690849082863
3974,72,2,2045-07-01 00:00:00,185.20717611903166
3975,72,2,2046-07-01 00:00:00,186.92745538964923
3976,72,2,2047-07-01 00:00:00,186.87895278712645
3977,72,2,2048-07-01 00:00:00,187.37456256697132
3978,72,2,2049-07-01 00:00:00,188.23522363783616
3979,72,2,2050-07-01 00:00:00,189.6672641727718
3980,72,2,2051-07-01 00:00:00,192.42656464867733
3981,72,2,2052-07-01 00:00:00,195.22885581859452
3982,72,2,2053-07-01 00:00:00,198.07480748988496
3983,72,3,2022-07-01 00:00:00,248.4985554737291
3984,72,3,2023-07-01 00:00:00,236.7370089161268
3985,72,3,2024-07-01 00:00:00,217.4643248908959
3986,72,3,2025-07-01 00:00:00,190.55391809225878
3987,72,3,2026-07-01 00:00:00,162.08437727959546
3988,72,3,2027-07-01 00:00:00,151.52867488304113
3989,72,3,2028-07-01 00:00:00,149.7856915349703
3990,72,3,2029-07-01 00:00:00,148.46463544104148
3991,72,3,2030-07-01 00:00:00,146.2872470803833
3992,72,3,2031-07-01 00:00:00,142.04798844701406
3993,72,3,2032-07-01 00:00:00,139.0724107175859
3994,72,3,2033-07-01 00:00:00,139.46469853752095
3995,72,3,2034-07-01 00:00:00,140.42560871969417
3996,72,3,2035-07-01 00:00:00,141.625958698638
3997,72,3,2036-07-01 00:00:00,142.2352936163635
3998,72,3,2037-07-01 00:00:00,143.08505042287672
3999,72,3,2038-07-01 00:00:00,144.75629943138517
4000,72,3,2039-07-01 00:00:00,145.16407847927726
4001,72,3,2040-07-01 00:00:00,145.99570540593487
4002,72,3,2041-07-01 00:00:00,147.83693642737063
4003,72,3,2042-07-01 00:00:00,149.39036630259355
4004,72,3,2043-07-01 00:00:00,150.69708248747227
4005,72,3,2044-07-01 00:00:00,151.6572799942017
4006,72,3,2045-07-01 00:00:00,153.00257045293242
4007,72,3,2046-07-01 00:00:00,154.53903375857783
4008,72,3,2047-07-01 00:00:00,155.75534088571413
4009,72,3,2048-07-01 00:00:00,156.65034004472653
4010,72,3,2049-07-01 00:00:00,156.84156576570695
4011,72,3,2050-07-01 00:00:00,157.0719477922185
4012,72,3,2051-07-01 00:00:00,158.37266539256856
4013,72,3,2052-07-01 00:00:00,159.68509086621378
4014,72,3,2053-07-01 00:00:00,161.00932959674938
4015,73,1,2022-07-01 00:00:00,204.51485111632638
4016,73,1,2023-07-01 00:00:00,202.38226337598363
4017,73,1,2024-07-01 00:00:00,190.95705600688854
4018,73,1,2025-07-01 00:00:00,167.710996504517
4019,73,1,2026-07-01 00:00:00,153.23937920539453
4020,73,1,2027-07-01 00:00:00,151.57618067599034
4021,73,1,2028-07-01 00:00:00,151.33749300105194
4022,73,1,2029-07-01 00:00:00,151.90100902504858
4023,73,1,2030-07-01 00:00:00,152.35975175141675
4024,73,1,2031-07-01 00:00:00,150.1770492916138
4025,73,1,2032-07-01 00:00:00,149.29503665849353
4026,73,1,2033-07-01 00:00:00,154.42146212217946
4027,73,1,2034-07-01 00:00:00,160.34947731225188
4028,73,1,2035-07-01 00:00:00,164.29320194746188
4029,73,1,2036-07-01 00:00:00,166.04027705003978
4030,73,1,2037-07-01 00:00:00,169.26483388965258
4031,73,1,2038-07-01 00:00:00,172.00619744712483
4032,73,1,2039-07-01 00:00:00,172.58421530157696
4033,73,1,2040-07-01 00:00:00,175.07859430785874
4034,73,1,2041-07-01 00:00:00,178.42679696787962
4035,73,1,2042-07-01 00:00:00,181.77834093908453
4036,73,1,2043-07-01 00:00:00,186.16361728333263
4037,73,1,2044-07-01 00:00:00,188.9905206454479
4038,73,1,2045-07-01 00:00:00,190.06560321428555
4039,73,1,2046-07-01 00:00:00,190.9290776988653
4040,73,1,2047-07-01 00:00:00,194.01965977675465
4041,73,1,2048-07-01 00:00:00,200.85926030805655
4042,73,1,2049-07-01 00:00:00,205.2976536614157
4043,73,1,2050-07-01 00:00:00,207.36823124569736
4044,73,1,2051-07-01 00:00:00,210.90997968154204
4045,73,1,2052-07-01 00:00:00,214.51612128518966
4046,73,1,2053-07-01 00:00:00,218.18782680045075
4047,73,2,2022-07-01 00:00:00,206.4150951550461
4048,73,2,2023-07-01 00:00:00,203.36023474471904
4049,73,2,2024-07-01 00:00:00,194.0514268193156
4050,73,2,2025-07-01 00:00:00,170.8289230863826
4051,73,2,2026-07-01 00:00:00,151.02359803643412
4052,73,2,2027-07-01 00:00:00,145.67256381175673
4053,73,2,2028-07-01 00:00:00,142.3865604508392
4054,73,2,2029-07-01 00:00:00,140.88430051362897
4055,73,2,2030-07-01 00:00:00,139.86839421673727
4056,73,2,2031-07-01 00:00:00,139.063715947577
4057,73,2,2032-07-01 00:00:00,139.29029049353687
4058,73,2,2033-07-01 00:00:00,140.45337141992113
4059,73,2,2034-07-01 00:00:00,142.57647113715643
4060,73,2,2035-07-01 00:00:00,143.71516673904108
4061,73,2,2036-07-01 00:00:00,143.22558395751872
4062,73,2,2037-07-01 00:00:00,144.42568046538798
4063,73,2,2038-07-01 00:00:00,146.18245938043518
4064,73,2,2039-07-01 00:00:00,149.6442243785052
4065,73,2,2040-07-01 00:00:00,158.1196986946056
4066,73,2,2041-07-01 00:00:00,161.711788769304
4067,73,2,2042-07-01 00:00:00,159.45153850850545
4068,73,2,2043-07-01 00:00:00,159.97081594165894
4069,73,2,2044-07-01 00:00:00,162.48889151637206
4070,73,2,2045-07-01 00:00:00,165.68771626538881
4071,73,2,2046-07-01 00:00:00,167.35714256026466
4072,73,2,2047-07-01 00:00:00,167.65799229134294
4073,73,2,2048-07-01 00:00:00,171.84827819221186
4074,73,2,2049-07-01 00:00:00,176.01413720966136
4075,73,2,2050-07-01 00:00:00,177.25084716535022
4076,73,2,2051-07-01 00:00:00,179.71991246189322
4077,73,2,2052-07-01 00:00:00,182.2259954637666
4078,73,2,2053-07-01 00:00:00,184.76965116257375
4079,73,3,2022-07-01 00:00:00,223.15337493077942
4080,73,3,2023-07-01 00:00:00,215.35255421877457
4081,73,3,2024-07-01 00:00:00,208.97661712742212
4082,73,3,2025-07-01 00:00:00,181.56706624687445
4083,73,3,2026-07-01 00:00:00,143.26921797123833
4084,73,3,2027-07-01 00:00:00,134.5415570836288
4085,73,3,2028-07-01 00:00:00,134.44139665776177
4086,73,3,2029-07-01 00:00:00,131.08871924339374
4087,73,3,2030-07-01 00:00:00,127.41320005097141
4088,73,3,2031-07-01 00:00:00,123.303450551343
4089,73,3,2032-07-01 00:00:00,120.4719989466217
4090,73,3,2033-07-01 00:00:00,120.79230065882489
4091,73,3,2034-07-01 00:00:00,121.61080710326769
4092,73,3,2035-07-01 00:00:00,122.63968649658374
4093,73,3,2036-07-01 00:00:00,123.150741548337
4094,73,3,2037-07-01 00:00:00,123.87185974104057
4095,73,3,2038-07-01 00:00:00,125.31332249462545
4096,73,3,2039-07-01 00:00:00,125.68534252729869
4097,73,3,2040-07-01 00:00:00,126.42841503579437
4098,73,3,2041-07-01 00:00:00,128.01935274188213
4099,73,3,2042-07-01 00:00:00,129.39545481833048
4100,73,3,2043-07-01 00:00:00,131.06948267073108
4101,73,3,2044-07-01 00:00:00,132.4031510744599
4102,73,3,2045-07-01 00:00:00,133.56013621322407
4103,73,3,2046-07-01 00:00:00,134.4473933850061
4104,73,3,2047-07-01 00:00:00,134.85713208771458
4105,73,3,2048-07-01 00:00:00,135.52084205452977
4106,73,3,2049-07-01 00:00:00,135.67741177546804
4107,73,3,2050-07-01 00:00:00,135.65721460745385
4108,73,3,2051-07-01 00:00:00,136.54762661649613
4109,73,3,2052-07-01 00:00:00,137.4444796101799
4110,73,3,2053-07-01 00:00:00,138.34782018073747
4111,74,1,2022-07-01 00:00:00,173.8072075357333
4112,74,1,2023-07-01 00:00:00,171.7353686374413
4113,74,1,2024-07-01 00:00:00,161.15686893136598
4114,74,1,2025-07-01 00:00:00,140.75188276105217
4115,74,1,2026-07-01 00:00:00,128.11659497787412
4116,74,1,2027-07-01 00:00:00,126.33428165276979
4117,74,1,2028-07-01 00:00:00,126.13614702704143
4118,74,1,2029-07-01 00:00:00,126.88711850352388
4119,74,1,2030-07-01 00:00:00,127.64884984095963
4120,74,1,2031-07-01 00:00:00,126.53783169696628
4121,74,1,2032-07-01 00:00:00,126.43747733091203
4122,74,1,2033-07-01 00:00:00,131.275841653224
4123,74,1,2034-07-01 00:00:00,136.9361952523793
4124,74,1,2035-07-01 00:00:00,140.59674970144508
4125,74,1,2036-07-01 00:00:00,142.23011043896642
4126,74,1,2037-07-01 00:00:00,145.2275157509514
4127,74,1,2038-07-01 00:00:00,147.77846269113348
4128,74,1,2039-07-01 00:00:00,148.35753841578034
4129,74,1,2040-07-01 00:00:00,150.70542457482944
4130,74,1,2041-07-01 00:00:00,153.81589588679157
4131,74,1,2042-07-01 00:00:00,156.26864900359973
4132,74,1,2043-07-01 00:00:00,159.1616261866219
4133,74,1,2044-07-01 00:00:00,161.30247018706743
4134,74,1,2045-07-01 00:00:00,162.66847994868616
4135,74,1,2046-07-01 00:00:00,163.68842497205696
4136,74,1,2047-07-01 00:00:00,166.12982254260356
4137,74,1,2048-07-01 00:00:00,171.3239564049838
4138,74,1,2049-07-01 00:00:00,174.45711791866614
4139,74,1,2050-07-01 00:00:00,176.03668701117846
4140,74,1,2051-07-01 00:00:00,178.91848642415317
4141,74,1,2052-07-01 00:00:00,181.84821880893833
4142,74,1,2053-07-01 00:00:00,184.82668143469016
4143,74,2,2022-07-01 00:00:00,176.2257385897727
4144,74,2,2023-07-01 00:00:00,173.0129198869614
4145,74,2,2024-07-01 00:00:00,164.0977006412732
4146,74,2,2025-07-01 00:00:00,143.65810318037146
4147,74,2,2026-07-01 00:00:00,126.14021682213253
4148,74,2,2027-07-01 00:00:00,121.06200909682401
4149,74,2,2028-07-01 00:00:00,118.10206284581551
4150,74,2,2029-07-01 00:00:00,117.48435775878897
4151,74,2,2030-07-01 00:00:00,117.35209907194242
4152,74,2,2031-07-01 00:00:00,116.9284391079965
4153,74,2,2032-07-01 00:00:00,117.419632522354
4154,74,2,2033-07-01 00:00:00,118.5533318145994
4155,74,2,2034-07-01 00:00:00,120.53424955364792
4156,74,2,2035-07-01 00:00:00,121.60616292338719
4157,74,2,2036-07-01 00:00:00,121.17540795643937
4158,74,2,2037-07-01 00:00:00,122.30452559084442
4159,74,2,2038-07-01 00:00:00,123.9468415610166
4160,74,2,2039-07-01 00:00:00,127.16207611637888
4161,74,2,2040-07-01 00:00:00,131.33279305644697
4162,74,2,2041-07-01 00:00:00,134.5007966016379
4163,74,2,2042-07-01 00:00:00,135.96776425254208
4164,74,2,2043-07-01 00:00:00,136.49564197024782
4165,74,2,2044-07-01 00:00:00,138.6754560015959
4166,74,2,2045-07-01 00:00:00,141.48350427094417
4167,74,2,2046-07-01 00:00:00,143.08318625164387
4168,74,2,2047-07-01 00:00:00,143.25848780526394
4169,74,2,2048-07-01 00:00:00,144.12532203100895
4170,74,2,2049-07-01 00:00:00,144.5654963499923
4171,74,2,2050-07-01 00:00:00,144.5204726113257
4172,74,2,2051-07-01 00:00:00,145.52395501259065
4173,74,2,2052-07-01 00:00:00,146.5345417223421
4174,74,2,2053-07-01 00:00:00,147.55228303662813
4175,74,3,2022-07-01 00:00:00,173.38671284845537
4176,74,3,2023-07-01 00:00:00,167.77813918279867
4177,74,3,2024-07-01 00:00:00,162.55277351277522
4178,74,3,2025-07-01 00:00:00,143.07840649188526
4179,74,3,2026-07-01 00:00:00,114.07024903109829
4180,74,3,2027-07-01 00:00:00,103.47760464988808
4181,74,3,2028-07-01 00:00:00,101.99754184012545
4182,74,3,2029-07-01 00:00:00,101.15570837559066
4183,74,3,2030-07-01 00:00:00,99.59345578997528
4184,74,3,2031-07-01 00:00:00,96.70284718445441
4185,74,3,2032-07-01 00:00:00,94.691779503526
4186,74,3,2033-07-01 00:00:00,95.00897222650204
4187,74,3,2034-07-01 00:00:00,95.78593674523061
4188,74,3,2035-07-01 00:00:00,96.75650544249089
4189,74,3,2036-07-01 00:00:00,97.24919624739465
4190,74,3,2037-07-01 00:00:00,97.9362853223753
4191,74,3,2038-07-01 00:00:00,99.2876095206836
4192,74,3,2039-07-01 00:00:00,99.74086439837458
4193,74,3,2040-07-01 00:00:00,100.53683056089594
4194,74,3,2041-07-01 00:00:00,102.02559735822828
4195,74,3,2042-07-01 00:00:00,103.31557441735066
4196,74,3,2043-07-01 00:00:00,104.88049440685184
4197,74,3,2044-07-01 00:00:00,106.13131124800726
4198,74,3,2045-07-01 00:00:00,107.21907467606673
4199,74,3,2046-07-01 00:00:00,108.09692629459701
4200,74,3,2047-07-01 00:00:00,108.57205086881083
4201,74,3,2048-07-01 00:00:00,109.2794460667575
4202,74,3,2049-07-01 00:00:00,109.55598209645856
4203,74,3,2050-07-01 00:00:00,109.65768918595394
4204,74,3,2051-07-01 00:00:00,110.55060000260809
4205,74,3,2052-07-01 00:00:00,111.45097056507767
4206,74,3,2053-07-01 00:00:00,112.35886319516075
4207,75,1,2022-07-01 00:00:00,207.19147743345042
4208,75,1,2023-07-01 00:00:00,199.4149150264036
4209,75,1,2024-07-01 00:00:00,185.68300761162183
4210,75,1,2025-07-01 00:00:00,169.45665494552503
4211,75,1,2026-07-01 00:00:00,159.03531542324964
4212,75,1,2027-07-01 00:00:00,158.4857028498271
4213,75,1,2028-07-01 00:00:00,157.9320725079984
4214,75,1,2029-07-01 00:00:00,157.42828427038424
4215,75,1,2030-07-01 00:00:00,157.42451562484004
4216,75,1,2031-07-01 00:00:00,157.46624263697592
4217,75,1,2032-07-01 00:00:00,158.37026533673207
4218,75,1,2033-07-01 00:00:00,161.00642752980139
4219,75,1,2034-07-01 00:00:00,162.71035270089166
4220,75,1,2035-07-01 00:00:00,162.98608132628328
4221,75,1,2036-07-01 00:00:00,162.98608132628328
4222,75,1,2037-07-01 00:00:00,164.35386248129848
4223,75,1,2038-07-01 00:00:00,165.72164363631367
4224,75,1,2039-07-01 00:00:00,165.72164363631367
4225,75,1,2040-07-01 00:00:00,167.08942479132887
4226,75,1,2041-07-01 00:00:00,168.4572059463441
4227,75,1,2042-07-01 00:00:00,168.4572059463441
4228,75,1,2043-07-01 00:00:00,168.4572059463441
4229,75,1,2044-07-01 00:00:00,168.4572059463441
4230,75,1,2045-07-01 00:00:00,168.4572059463441
4231,75,1,2046-07-01 00:00:00,168.4572059463441
4232,75,1,2047-07-01 00:00:00,168.4572059463441
4233,75,1,2048-07-01 00:00:00,168.4572059463441
4234,75,1,2049-07-01 00:00:00,168.4572059463441
4235,75,1,2050-07-01 00:00:00,168.4572059463441
4236,75,1,2051-07-01 00:00:00,168.4572059463441
4237,75,1,2052-07-01 00:00:00,168.4572059463441
4238,75,1,2053-07-01 00:00:00,168.4572059463441
4239,75,2,2022-07-01 00:00:00,206.5865754807629
4240,75,2,2023-07-01 00:00:00,198.7731338080919
4241,75,2,2024-07-01 00:00:00,180.7629048501764
4242,75,2,2025-07-01 00:00:00,162.1256435185559
4243,75,2,2026-07-01 00:00:00,148.21404485211926
4244,75,2,2027-07-01 00:00:00,142.74292023205857
4245,75,2,2028-07-01 00:00:00,142.74292023205857
4246,75,2,2029-07-01 00:00:00,142.74292023205857
4247,75,2,2030-07-01 00:00:00,142.74292023205857
4248,75,2,2031-07-01 00:00:00,142.74292023205857
4249,75,2,2032-07-01 00:00:00,144.11070138707365
4250,75,2,2033-07-01 00:00:00,145.47848254208873
4251,75,2,2034-07-01 00:00:00,145.47848254208873
4252,75,2,2035-07-01 00:00:00,145.47848254208873
4253,75,2,2036-07-01 00:00:00,145.47848254208873
4254,75,2,2037-07-01 00:00:00,146.84626369710395
4255,75,2,2038-07-01 00:00:00,148.21404485211914
4256,75,2,2039-07-01 00:00:00,148.21404485211914
4257,75,2,2040-07-01 00:00:00,149.58182600713434
4258,75,2,2041-07-01 00:00:00,150.94960716214953
4259,75,2,2042-07-01 00:00:00,150.94960716214953
4260,75,2,2043-07-01 00:00:00,150.94960716214953
4261,75,2,2044-07-01 00:00:00,150.94960716214953
4262,75,2,2045-07-01 00:00:00,150.94960716214953
4263,75,2,2046-07-01 00:00:00,150.94960716214953
4264,75,2,2047-07-01 00:00:00,150.94960716214953
4265,75,2,2048-07-01 00:00:00,150.94960716214953
4266,75,2,2049-07-01 00:00:00,150.94960716214953
4267,75,2,2050-07-01 00:00:00,150.94960716214953
4268,75,2,2051-07-01 00:00:00,150.94960716214953
4269,75,2,2052-07-01 00:00:00,150.94960716214953
4270,75,2,2053-07-01 00:00:00,150.94960716214953
4271,75,3,2022-07-01 00:00:00,190.9546592157014
4272,75,3,2023-07-01 00:00:00,181.65475747268877
4273,75,3,2024-07-01 00:00:00,167.6163484706543
4274,75,3,2025-07-01 00:00:00,152.81038072184552
4275,75,3,2026-07-01 00:00:00,131.80067099193698
4276,75,3,2027-07-01 00:00:00,120.85842175181538
4277,75,3,2028-07-01 00:00:00,120.85842175181538
4278,75,3,2029-07-01 00:00:00,120.85842175181538
4279,75,3,2030-07-01 00:00:00,120.85842175181538
4280,75,3,2031-07-01 00:00:00,120.85842175181538
4281,75,3,2032-07-01 00:00:00,122.22620290683058
4282,75,3,2033-07-01 00:00:00,123.59398406184579
4283,75,3,2034-07-01 00:00:00,123.59398406184579
4284,75,3,2035-07-01 00:00:00,123.59398406184579
4285,75,3,2036-07-01 00:00:00,123.59398406184579
4286,75,3,2037-07-01 00:00:00,124.961765216861
4287,75,3,2038-07-01 00:00:00,126.32954637187619
4288,75,3,2039-07-01 00:00:00,126.32954637187619
4289,75,3,2040-07-01 00:00:00,127.69732752689139
4290,75,3,2041-07-01 00:00:00,129.0651086819066
4291,75,3,2042-07-01 00:00:00,129.0651086819066
4292,75,3,2043-07-01 00:00:00,129.0651086819066
4293,75,3,2044-07-01 00:00:00,129.0651086819066
4294,75,3,2045-07-01 00:00:00,129.0651086819066
4295,75,3,2046-07-01 00:00:00,129.0651086819066
4296,75,3,2047-07-01 00:00:00,129.0651086819066
4297,75,3,2048-07-01 00:00:00,129.0651086819066
4298,75,3,2049-07-01 00:00:00,129.0651086819066
4299,75,3,2050-07-01 00:00:00,129.0651086819066
4300,75,3,2051-07-01 00:00:00,129.0651086819066
4301,75,3,2052-07-01 00:00:00,129.0651086819066
4302,75,3,2053-07-01 00:00:00,129.0651086819066
4303,76,1,2022-07-01 00:00:00,128.46054784804988
4304,76,1,2023-07-01 00:00:00,126.82122926570281
4305,76,1,2024-07-01 00:00:00,122.46795336113368
4306,76,1,2025-07-01 00:00:00,109.9620756729628
4307,76,1,2026-07-01 00:00:00,99.50862987514785
4308,76,1,2027-07-01 00:00:00,98.10341793663034
4309,76,1,2028-07-01 00:00:00,97.67479402909791
4310,76,1,2029-07-01 00:00:00,97.57325727402507
4311,76,1,2030-07-01 00:00:00,97.70593330641721
4312,76,1,2031-07-01 00:00:00,96.78387080656148
4313,76,1,2032-07-01 00:00:00,97.1997083700492
4314,76,1,2033-07-01 00:00:00,101.16933279449647
4315,76,1,2034-07-01 00:00:00,105.09686069240433
4316,76,1,2035-07-01 00:00:00,107.29814375200962
4317,76,1,2036-07-01 00:00:00,107.80335930049448
4318,76,1,2037-07-01 00:00:00,109.1105888214402
4319,76,1,2038-07-01 00:00:00,110.35808428710335
4320,76,1,2039-07-01 00:00:00,110.37795691034661
4321,76,1,2040-07-01 00:00:00,111.75914449782074
4322,76,1,2041-07-01 00:00:00,113.5286005914287
4323,76,1,2042-07-01 00:00:00,115.0182861683427
4324,76,1,2043-07-01 00:00:00,117.2061886490446
4325,76,1,2044-07-01 00:00:00,118.66549273020459
4326,76,1,2045-07-01 00:00:00,119.53356735123582
4327,76,1,2046-07-01 00:00:00,119.88162183902766
4328,76,1,2047-07-01 00:00:00,119.81868692334417
4329,76,1,2048-07-01 00:00:00,124.73700603859977
4330,76,1,2049-07-01 00:00:00,129.9497896677607
4331,76,1,2050-07-01 00:00:00,131.47660852364706
4332,76,1,2051-07-01 00:00:00,133.93600048814733
4333,76,1,2052-07-01 00:00:00,136.4446955459179
4334,76,1,2053-07-01 00:00:00,139.00368206930492
4335,76,2,2022-07-01 00:00:00,128.58324471757453
4336,76,2,2023-07-01 00:00:00,125.53918399422444
4337,76,2,2024-07-01 00:00:00,120.89411147144969
4338,76,2,2025-07-01 00:00:00,109.44067384429702
4339,76,2,2026-07-01 00:00:00,96.43714061307264
4340,76,2,2027-07-01 00:00:00,91.70430046973716
4341,76,2,2028-07-01 00:00:00,89.19007520714592
4342,76,2,2029-07-01 00:00:00,87.95550212347932
4343,76,2,2030-07-01 00:00:00,87.66022980623885
4344,76,2,2031-07-01 00:00:00,87.68899862664625
4345,76,2,2032-07-01 00:00:00,88.23934247237318
4346,76,2,2033-07-01 00:00:00,89.0637174931578
4347,76,2,2034-07-01 00:00:00,90.30512321698991
4348,76,2,2035-07-01 00:00:00,90.97513677217675
4349,76,2,2036-07-01 00:00:00,90.80591332024147
4350,76,2,2037-07-01 00:00:00,91.85184156423158
4351,76,2,2038-07-01 00:00:00,93.26430733413808
4352,76,2,2039-07-01 00:00:00,95.31262528393529
4353,76,2,2040-07-01 00:00:00,97.9275888049649
4354,76,2,2041-07-01 00:00:00,99.64905941849476
4355,76,2,2042-07-01 00:00:00,99.72472959156002
4356,76,2,2043-07-01 00:00:00,99.38091328402946
4357,76,2,2044-07-01 00:00:00,100.77520504122934
4358,76,2,2045-07-01 00:00:00,102.84814322440725
4359,76,2,2046-07-01 00:00:00,103.95208661122079
4360,76,2,2047-07-01 00:00:00,103.92096135835473
4361,76,2,2048-07-01 00:00:00,104.23900572954769
4362,76,2,2049-07-01 00:00:00,104.33405840804683
4363,76,2,2050-07-01 00:00:00,104.20432064614613
4364,76,2,2051-07-01 00:00:00,104.78015726754522
4365,76,2,2052-07-01 00:00:00,105.35946929340373
4366,76,2,2053-07-01 00:00:00,105.94227769917843
4367,76,3,2022-07-01 00:00:00,126.64244404210031
4368,76,3,2023-07-01 00:00:00,123.67267715882858
4369,76,3,2024-07-01 00:00:00,118.34903040862001
4370,76,3,2025-07-01 00:00:00,105.11681100747589
4371,76,3,2026-07-01 00:00:00,88.00970315284164
4372,76,3,2027-07-01 00:00:00,80.82769912058565
4373,76,3,2028-07-01 00:00:00,79.70918599699374
4374,76,3,2029-07-01 00:00:00,78.8614334469215
4375,76,3,2030-07-01 00:00:00,77.46415248078482
4376,76,3,2031-07-01 00:00:00,74.74372120358872
4377,76,3,2032-07-01 00:00:00,72.83422347699424
4378,76,3,2033-07-01 00:00:00,73.08596373332442
4379,76,3,2034-07-01 00:00:00,73.7026022402519
4380,76,3,2035-07-01 00:00:00,74.47289485712515
4381,76,3,2036-07-01 00:00:00,74.86391930546147
4382,76,3,2037-07-01 00:00:00,75.4092280951287
4383,76,3,2038-07-01 00:00:00,76.48170761759557
4384,76,3,2039-07-01 00:00:00,76.94747058937212
4385,76,3,2040-07-01 00:00:00,77.68522664434744
4386,76,3,2041-07-01 00:00:00,78.8667875946112
4387,76,3,2042-07-01 00:00:00,79.86365982746399
4388,76,3,2043-07-01 00:00:00,80.70221012297574
4389,76,3,2044-07-01 00:00:00,81.31839128942566
4390,76,3,2045-07-01 00:00:00,82.18169559740932
4391,76,3,2046-07-01 00:00:00,83.1676799862929
4392,76,3,2047-07-01 00:00:00,83.94821267785659
4393,76,3,2048-07-01 00:00:00,84.5225545418033
4394,76,3,2049-07-01 00:00:00,84.77021001574154
4395,76,3,2050-07-01 00:00:00,85.04635524696509
4396,76,3,2051-07-01 00:00:00,85.88866754091755
4397,76,3,2052-07-01 00:00:00,86.74028439191726
4398,76,3,2053-07-01 00:00:00,87.60130858224876
4399,77,1,2022-07-01 00:00:00,116.49394023196434
4400,77,1,2023-07-01 00:00:00,115.01855350785196
4401,77,1,2024-07-01 00:00:00,111.10060519373975
4402,77,1,2025-07-01 00:00:00,99.84531527438595
4403,77,1,2026-07-01 00:00:00,90.4372140563525
4404,77,1,2027-07-01 00:00:00,89.17252331168675
4405,77,1,2028-07-01 00:00:00,88.78676179490755
4406,77,1,2029-07-01 00:00:00,88.69537871534199
4407,77,1,2030-07-01 00:00:00,88.81478714449491
4408,77,1,2031-07-01 00:00:00,87.98493089462475
4409,77,1,2032-07-01 00:00:00,88.35918470176371
4410,77,1,2033-07-01 00:00:00,91.93184668376625
4411,77,1,2034-07-01 00:00:00,95.46662179188334
4412,77,1,2035-07-01 00:00:00,97.4477765455281
4413,77,1,2036-07-01 00:00:00,97.90247053916447
4414,77,1,2037-07-01 00:00:00,99.07897710801561
4415,77,1,2038-07-01 00:00:00,100.20172302711245
4416,77,1,2039-07-01 00:00:00,100.21960838803139
4417,77,1,2040-07-01 00:00:00,101.4626772167581
4418,77,1,2041-07-01 00:00:00,103.05518770100527
4419,77,1,2042-07-01 00:00:00,104.39590472022786
4420,77,1,2043-07-01 00:00:00,106.36501695285958
4421,77,1,2044-07-01 00:00:00,107.67839062590356
4422,77,1,2045-07-01 00:00:00,108.45965778483166
4423,77,1,2046-07-01 00:00:00,108.77290682384434
4424,77,1,2047-07-01 00:00:00,108.71626539972918
4425,77,1,2048-07-01 00:00:00,113.14275260345923
4426,77,1,2049-07-01 00:00:00,117.83425786970409
4427,77,1,2050-07-01 00:00:00,119.2083948400018
4428,77,1,2051-07-01 00:00:00,121.42184760805203
4429,77,1,2052-07-01 00:00:00,123.67967316004555
4430,77,1,2053-07-01 00:00:00,125.98276103109387
4431,77,2,2022-07-01 00:00:00,116.60436741453653
4432,77,2,2023-07-01 00:00:00,113.86471276352142
4433,77,2,2024-07-01 00:00:00,109.68414749302416
4434,77,2,2025-07-01 00:00:00,99.37605362858676
4435,77,2,2026-07-01 00:00:00,87.67287372048482
4436,77,2,2027-07-01 00:00:00,83.41331759148288
4437,77,2,2028-07-01 00:00:00,81.15051485515076
4438,77,2,2029-07-01 00:00:00,80.03939907985082
4439,77,2,2030-07-01 00:00:00,79.77365399433438
4440,77,2,2031-07-01 00:00:00,79.79954593270106
4441,77,2,2032-07-01 00:00:00,80.29485539385529
4442,77,2,2033-07-01 00:00:00,81.03679291256144
4443,77,2,2034-07-01 00:00:00,82.15405806401036
4444,77,2,2035-07-01 00:00:00,82.75707026367851
4445,77,2,2036-07-01 00:00:00,82.60476915693677
4446,77,2,2037-07-01 00:00:00,83.54610457652785
4447,77,2,2038-07-01 00:00:00,84.8173237694437
4448,77,2,2039-07-01 00:00:00,86.6608099242612
4449,77,2,2040-07-01 00:00:00,89.01427709318784
4450,77,2,2041-07-01 00:00:00,90.56360064536472
4451,77,2,2042-07-01 00:00:00,90.63170380112345
4452,77,2,2043-07-01 00:00:00,90.32226912434595
4453,77,2,2044-07-01 00:00:00,91.57713170582585
4454,77,2,2045-07-01 00:00:00,93.44277607068595
4455,77,2,2046-07-01 00:00:00,94.43632511881815
4456,77,2,2047-07-01 00:00:00,94.4083123912387
4457,77,2,2048-07-01 00:00:00,94.69455232531236
4458,77,2,2049-07-01 00:00:00,94.78009973596158
4459,77,2,2050-07-01 00:00:00,94.66333575025095
4460,77,2,2051-07-01 00:00:00,95.18158870951014
4461,77,2,2052-07-01 00:00:00,95.70296953278279
4462,77,2,2053-07-01 00:00:00,96.22749709798002
4463,77,3,2022-07-01 00:00:00,114.85764680660971
4464,77,3,2023-07-01 00:00:00,112.18485661166515
4465,77,3,2024-07-01 00:00:00,107.39357453647743
4466,77,3,2025-07-01 00:00:00,95.48457707544773
4467,77,3,2026-07-01 00:00:00,80.0881800062769
4468,77,3,2027-07-01 00:00:00,73.62437637724652
4469,77,3,2028-07-01 00:00:00,72.6177145660138
4470,77,3,2029-07-01 00:00:00,71.85473727094877
4471,77,3,2030-07-01 00:00:00,70.59718440142578
4472,77,3,2031-07-01 00:00:00,68.14879625194928
4473,77,3,2032-07-01 00:00:00,66.43024829801423
4474,77,3,2033-07-01 00:00:00,66.65681452871141
4475,77,3,2034-07-01 00:00:00,67.21178918494614
4476,77,3,2035-07-01 00:00:00,67.90505254013206
4477,77,3,2036-07-01 00:00:00,68.25697454363475
4478,77,3,2037-07-01 00:00:00,68.74775245433526
4479,77,3,2038-07-01 00:00:00,69.71298402455544
4480,77,3,2039-07-01 00:00:00,70.13217069915434
4481,77,3,2040-07-01 00:00:00,70.79615114863212
4482,77,3,2041-07-01 00:00:00,71.8595560038695
4483,77,3,2042-07-01 00:00:00,72.75674101343702
4484,77,3,2043-07-01 00:00:00,73.5114362793976
4485,77,3,2044-07-01 00:00:00,74.06599932920253
4486,77,3,2045-07-01 00:00:00,74.84297320638782
4487,77,3,2046-07-01 00:00:00,75.73035915638303
4488,77,3,2047-07-01 00:00:00,76.43283857879035
4489,77,3,2048-07-01 00:00:00,76.9497462563424
4490,77,3,2049-07-01 00:00:00,77.17263618288682
4491,77,3,2050-07-01 00:00:00,77.42116689098802
4492,77,3,2051-07-01 00:00:00,78.17924795554522
4493,77,3,2052-07-01 00:00:00,78.94570312144496
4494,77,3,2053-07-01 00:00:00,79.72062489274332
4495,78,1,2022-07-01 00:00:00,198.60030726900706
4496,78,1,2023-07-01 00:00:00,194.67050312457104
4497,78,1,2024-07-01 00:00:00,181.1241682396998
4498,78,1,2025-07-01 00:00:00,160.037443244378
4499,78,1,2026-07-01 00:00:00,148.10078257445298
4500,78,1,2027-07-01 00:00:00,146.65822761943446
4501,78,1,2028-07-01 00:00:00,146.09565874079811
4502,78,1,2029-07-01 00:00:00,145.96239174976503
4503,78,1,2030-07-01 00:00:00,146.1365290422797
4504,78,1,2031-07-01 00:00:00,144.92632201121907
4505,78,1,2032-07-01 00:00:00,145.4721088132967
4506,78,1,2033-07-01 00:00:00,150.68224087038377
4507,78,1,2034-07-01 00:00:00,155.83712123638784
4508,78,1,2035-07-01 00:00:00,158.72630525211977
4509,78,1,2036-07-01 00:00:00,159.38940065950612
4510,78,1,2037-07-01 00:00:00,161.1051394057474
4511,78,1,2038-07-01 00:00:00,162.74247720443026
4512,78,1,2039-07-01 00:00:00,162.56766716529424
4513,78,1,2040-07-01 00:00:00,164.17958301671115
4514,78,1,2041-07-01 00:00:00,166.5019941395716
4515,78,1,2042-07-01 00:00:00,168.4572064592712
4516,78,1,2043-07-01 00:00:00,171.3288284651925
4517,78,1,2044-07-01 00:00:00,173.24416507171495
4518,78,1,2045-07-01 00:00:00,174.38351301181845
4519,78,1,2046-07-01 00:00:00,174.84033452704523
4520,78,1,2047-07-01 00:00:00,174.75773245021063
4521,78,1,2048-07-01 00:00:00,181.2130262889836
4522,78,1,2049-07-01 00:00:00,187.92522883472932
4523,78,1,2050-07-01 00:00:00,189.78728017718674
4524,78,1,2051-07-01 00:00:00,192.98718328067315
4525,78,1,2052-07-01 00:00:00,196.2448635072032
4526,78,1,2053-07-01 00:00:00,199.56136407459914
4527,78,2,2022-07-01 00:00:00,198.41359986629956
4528,78,2,2023-07-01 00:00:00,193.87036917217497
4529,78,2,2024-07-01 00:00:00,182.4234160839619
4530,78,2,2025-07-01 00:00:00,164.3401661088994
4531,78,2,2026-07-01 00:00:00,149.5605243465507
4532,78,2,2027-07-01 00:00:00,143.88438594413716
4533,78,2,2028-07-01 00:00:00,140.58446528698616
4534,78,2,2029-07-01 00:00:00,138.96408811467373
4535,78,2,2030-07-01 00:00:00,138.5765431982956
4536,78,2,2031-07-01 00:00:00,138.61430227508035
4537,78,2,2032-07-01 00:00:00,139.33662857259694
4538,78,2,2033-07-01 00:00:00,140.41862078737674
4539,78,2,2034-07-01 00:00:00,142.04796579990642
4540,78,2,2035-07-01 00:00:00,142.92735859108913
4541,78,2,2036-07-01 00:00:00,142.70525281042407
4542,78,2,2037-07-01 00:00:00,144.07803363066108
4543,78,2,2038-07-01 00:00:00,145.93189495366337
4544,78,2,2039-07-01 00:00:00,148.6203122627722
4545,78,2,2040-07-01 00:00:00,152.05245188412357
4546,78,2,2041-07-01 00:00:00,154.3118820643815
4547,78,2,2042-07-01 00:00:00,154.1433420236725
4548,78,2,2043-07-01 00:00:00,153.42422597718152
4549,78,2,2044-07-01 00:00:00,155.25423390850636
4550,78,2,2045-07-01 00:00:00,157.97496527392735
4551,78,2,2046-07-01 00:00:00,159.42389096912015
4552,78,2,2047-07-01 00:00:00,159.3830390747334
4553,78,2,2048-07-01 00:00:00,159.80047231192418
4554,78,2,2049-07-01 00:00:00,159.763502947287
4555,78,2,2050-07-01 00:00:00,159.43013837979052
4556,78,2,2051-07-01 00:00:00,160.1828585846957
4557,78,2,2052-07-01 00:00:00,160.93943667325044
4558,78,2,2053-07-01 00:00:00,161.69989241809557
4559,78,3,2022-07-01 00:00:00,194.34358161139264
4560,78,3,2023-07-01 00:00:00,186.7482342249398
4561,78,3,2024-07-01 00:00:00,174.0714948207886
4562,78,3,2025-07-01 00:00:00,157.56457980896687
4563,78,3,2026-07-01 00:00:00,138.49951267999748
4564,78,3,2027-07-01 00:00:00,129.6088466733758
4565,78,3,2028-07-01 00:00:00,128.1407981986614
4566,78,3,2029-07-01 00:00:00,127.02812297669159
4567,78,3,2030-07-01 00:00:00,125.19419170863722
4568,78,3,2031-07-01 00:00:00,121.62362565731729
4569,78,3,2032-07-01 00:00:00,119.11740989116205
4570,78,3,2033-07-01 00:00:00,119.44781897759542
4571,78,3,2034-07-01 00:00:00,120.25715701793776
4572,78,3,2035-07-01 00:00:00,121.26816607758387
4573,78,3,2036-07-01 00:00:00,121.7813856660253
4574,78,3,2037-07-01 00:00:00,122.49710345246353
4575,78,3,2038-07-01 00:00:00,123.9047328257013
4576,78,3,2039-07-01 00:00:00,124.24818958330088
4577,78,3,2040-07-01 00:00:00,124.94863726259882
4578,78,3,2041-07-01 00:00:00,126.49943600982002
4579,78,3,2042-07-01 00:00:00,127.80783081543932
4580,78,3,2043-07-01 00:00:00,128.9084280782985
4581,78,3,2044-07-01 00:00:00,129.71716585926404
4582,78,3,2045-07-01 00:00:00,130.8502527634926
4583,78,3,2046-07-01 00:00:00,132.14435727390227
4584,78,3,2047-07-01 00:00:00,133.16880643157958
4585,78,3,2048-07-01 00:00:00,133.92263012800964
4586,78,3,2049-07-01 00:00:00,134.0836922680021
4587,78,3,2050-07-01 00:00:00,134.27773427247462
4588,78,3,2051-07-01 00:00:00,135.3732791561028
4589,78,3,2052-07-01 00:00:00,136.47868513539325
4590,78,3,2053-07-01 00:00:00,137.59404097093366
4591,79,1,2022-07-01 00:00:00,206.24907473541464
4592,79,1,2023-07-01 00:00:00,200.20289972533018
4593,79,1,2024-07-01 00:00:00,189.51456460693242
4594,79,1,2025-07-01 00:00:00,175.34937358616335
4595,79,1,2026-07-01 00:00:00,165.66311104589388
4596,79,1,2027-07-01 00:00:00,165.0663369975242
4597,79,1,2028-07-01 00:00:00,164.4652004217432
4598,79,1,2029-07-01 00:00:00,163.91818283040635
4599,79,1,2030-07-01 00:00:00,163.91409080273624
4600,79,1,2031-07-01 00:00:00,163.95939835056697
4601,79,1,2032-07-01 00:00:00,164.94099395525268
4602,79,1,2033-07-01 00:00:00,167.80336148502101
4603,79,1,2034-07-01 00:00:00,169.6534980569309
4604,79,1,2035-07-01 00:00:00,169.95288656436935
4605,79,1,2036-07-01 00:00:00,169.95288656436935
4606,79,1,2037-07-01 00:00:00,171.43803507922084
4607,79,1,2038-07-01 00:00:00,172.9231835940723
4608,79,1,2039-07-01 00:00:00,172.9231835940723
4609,79,1,2040-07-01 00:00:00,174.4083321089238
4610,79,1,2041-07-01 00:00:00,175.89348062377528
4611,79,1,2042-07-01 00:00:00,175.89348062377528
4612,79,1,2043-07-01 00:00:00,175.89348062377528
4613,79,1,2044-07-01 00:00:00,175.89348062377528
4614,79,1,2045-07-01 00:00:00,175.89348062377528
4615,79,1,2046-07-01 00:00:00,175.89348062377528
4616,79,1,2047-07-01 00:00:00,175.89348062377528
4617,79,1,2048-07-01 00:00:00,175.89348062377528
4618,79,1,2049-07-01 00:00:00,175.89348062377528
4619,79,1,2050-07-01 00:00:00,175.89348062377528
4620,79,1,2051-07-01 00:00:00,175.89348062377528
4621,79,1,2052-07-01 00:00:00,175.89348062377528
4622,79,1,2053-07-01 00:00:00,175.89348062377528
4623,79,2,2022-07-01 00:00:00,202.96433888651364
4624,79,2,2023-07-01 00:00:00,196.93179838435813
4625,79,2,2024-07-01 00:00:00,183.00963422064316
4626,79,2,2025-07-01 00:00:00,167.48694361123148
4627,79,2,2026-07-01 00:00:00,153.9132826039734
4628,79,2,2027-07-01 00:00:00,147.9726885445676
4629,79,2,2028-07-01 00:00:00,147.9726885445676
4630,79,2,2029-07-01 00:00:00,147.9726885445676
4631,79,2,2030-07-01 00:00:00,147.9726885445676
4632,79,2,2031-07-01 00:00:00,147.9726885445676
4633,79,2,2032-07-01 00:00:00,149.45783705941895
4634,79,2,2033-07-01 00:00:00,150.94298557427032
4635,79,2,2034-07-01 00:00:00,150.94298557427032
4636,79,2,2035-07-01 00:00:00,150.94298557427032
4637,79,2,2036-07-01 00:00:00,150.94298557427032
4638,79,2,2037-07-01 00:00:00,152.42813408912178
4639,79,2,2038-07-01 00:00:00,153.91328260397327
4640,79,2,2039-07-01 00:00:00,153.91328260397327
4641,79,2,2040-07-01 00:00:00,155.39843111882476
4642,79,2,2041-07-01 00:00:00,156.88357963367625
4643,79,2,2042-07-01 00:00:00,156.88357963367625
4644,79,2,2043-07-01 00:00:00,156.88357963367625
4645,79,2,2044-07-01 00:00:00,156.88357963367625
4646,79,2,2045-07-01 00:00:00,156.88357963367625
4647,79,2,2046-07-01 00:00:00,156.88357963367625
4648,79,2,2047-07-01 00:00:00,156.88357963367625
4649,79,2,2048-07-01 00:00:00,156.88357963367625
4650,79,2,2049-07-01 00:00:00,156.88357963367625
4651,79,2,2050-07-01 00:00:00,156.88357963367625
4652,79,2,2051-07-01 00:00:00,156.88357963367625
4653,79,2,2052-07-01 00:00:00,156.88357963367625
4654,79,2,2053-07-01 00:00:00,156.88357963367625
4655,79,3,2022-07-01 00:00:00,190.88468511575414
4656,79,3,2023-07-01 00:00:00,183.75889701057343
4657,79,3,2024-07-01 00:00:00,172.81380075825794
4658,79,3,2025-07-01 00:00:00,158.48359057784535
4659,79,3,2026-07-01 00:00:00,136.09150042575567
4660,79,3,2027-07-01 00:00:00,124.21031230694379
4661,79,3,2028-07-01 00:00:00,124.21031230694379
4662,79,3,2029-07-01 00:00:00,124.21031230694379
4663,79,3,2030-07-01 00:00:00,124.21031230694379
4664,79,3,2031-07-01 00:00:00,124.21031230694379
4665,79,3,2032-07-01 00:00:00,125.69546082179528
4666,79,3,2033-07-01 00:00:00,127.18060933664678
4667,79,3,2034-07-01 00:00:00,127.18060933664678
4668,79,3,2035-07-01 00:00:00,127.18060933664678
4669,79,3,2036-07-01 00:00:00,127.18060933664678
4670,79,3,2037-07-01 00:00:00,128.66575785149828
4671,79,3,2038-07-01 00:00:00,130.15090636634977
4672,79,3,2039-07-01 00:00:00,130.15090636634977
4673,79,3,2040-07-01 00:00:00,131.63605488120126
4674,79,3,2041-07-01 00:00:00,133.12120339605272
4675,79,3,2042-07-01 00:00:00,133.12120339605272
4676,79,3,2043-07-01 00:00:00,133.12120339605272
4677,79,3,2044-07-01 00:00:00,133.12120339605272
4678,79,3,2045-07-01 00:00:00,133.12120339605272
4679,79,3,2046-07-01 00:00:00,133.12120339605272
4680,79,3,2047-07-01 00:00:00,133.12120339605272
4681,79,3,2048-07-01 00:00:00,133.12120339605272
4682,79,3,2049-07-01 00:00:00,133.12120339605272
4683,79,3,2050-07-01 00:00:00,133.12120339605272
4684,79,3,2051-07-01 00:00:00,133.12120339605272
4685,79,3,2052-07-01 00:00:00,133.12120339605272
4686,79,3,2053-07-01 00:00:00,133.12120339605272
4687,80,1,2022-07-01 00:00:00,275.56092448147785
4688,80,1,2023-07-01 00:00:00,269.69718982517264
4689,80,1,2024-07-01 00:00:00,244.98012098046735
4690,80,1,2025-07-01 00:00:00,211.21800606978454
4691,80,1,2026-07-01 00:00:00,195.4066069257632
4692,80,1,2027-07-01 00:00:00,191.988418480652
4693,80,1,2028-07-01 00:00:00,188.632728112143
4694,80,1,2029-07-01 00:00:00,188.1006438070418
4695,80,1,2030-07-01 00:00:00,189.993037275524
4696,80,1,2031-07-01 00:00:00,191.22875634496853
4697,80,1,2032-07-01 00:00:00,194.0439108756521
4698,80,1,2033-07-01 00:00:00,200.8090070468417
4699,80,1,2034-07-01 00:00:00,207.2683542272422
4700,80,1,2035-07-01 00:00:00,210.5969377346068
4701,80,1,2036-07-01 00:00:00,211.2031501368823
4702,80,1,2037-07-01 00:00:00,213.06436818629618
4703,80,1,2038-07-01 00:00:00,215.0220157512602
4704,80,1,2039-07-01 00:00:00,214.0135585015587
4705,80,1,2040-07-01 00:00:00,214.97665490608557
4706,80,1,2041-07-01 00:00:00,217.70314102305858
4707,80,1,2042-07-01 00:00:00,219.50438333769912
4708,80,1,2043-07-01 00:00:00,221.96531061504973
4709,80,1,2044-07-01 00:00:00,224.05289043589153
4710,80,1,2045-07-01 00:00:00,226.65897356859105
4711,80,1,2046-07-01 00:00:00,228.65121791986692
4712,80,1,2047-07-01 00:00:00,231.78887548776302
4713,80,1,2048-07-01 00:00:00,239.61007025964162
4714,80,1,2049-07-01 00:00:00,245.12512728358394
4715,80,1,2050-07-01 00:00:00,247.94723490389478
4716,80,1,2051-07-01 00:00:00,252.5555356221597
4717,80,1,2052-07-01 00:00:00,257.2540574940338
4718,80,1,2053-07-01 00:00:00,262.04456686617186
4719,80,2,2022-07-01 00:00:00,274.48557865229753
4720,80,2,2023-07-01 00:00:00,269.06877129784914
4721,80,2,2024-07-01 00:00:00,250.83699608020737
4722,80,2,2025-07-01 00:00:00,216.60493301190456
4723,80,2,2026-07-01 00:00:00,190.5444874007795
4724,80,2,2027-07-01 00:00:00,180.63131720124147
4725,80,2,2028-07-01 00:00:00,174.20599585797495
4726,80,2,2029-07-01 00:00:00,172.6786251059228
4727,80,2,2030-07-01 00:00:00,172.79180343289678
4728,80,2,2031-07-01 00:00:00,173.9833530399867
4729,80,2,2032-07-01 00:00:00,175.95132635957842
4730,80,2,2033-07-01 00:00:00,178.20745855268487
4731,80,2,2034-07-01 00:00:00,180.48369936019287
4732,80,2,2035-07-01 00:00:00,182.20369143920692
4733,80,2,2036-07-01 00:00:00,182.89842130445388
4734,80,2,2037-07-01 00:00:00,184.5784124590723
4735,80,2,2038-07-01 00:00:00,186.57060520228742
4736,80,2,2039-07-01 00:00:00,189.15372885518576
4737,80,2,2040-07-01 00:00:00,192.45314095175812
4738,80,2,2041-07-01 00:00:00,194.73489569791133
4739,80,2,2042-07-01 00:00:00,194.3048239324567
4740,80,2,2043-07-01 00:00:00,193.08464148631728
4741,80,2,2044-07-01 00:00:00,194.740587966634
4742,80,2,2045-07-01 00:00:00,197.25716541359313
4743,80,2,2046-07-01 00:00:00,198.507721090465
4744,80,2,2047-07-01 00:00:00,198.53332907879
4745,80,2,2048-07-01 00:00:00,199.6869107480324
4746,80,2,2049-07-01 00:00:00,200.10038005360067
4747,80,2,2050-07-01 00:00:00,199.68646479478295
4748,80,2,2051-07-01 00:00:00,200.6563265991391
4749,80,2,2052-07-01 00:00:00,201.63121526187973
4750,80,2,2053-07-01 00:00:00,202.61115683754696
4751,80,3,2022-07-01 00:00:00,268.1793029250005
4752,80,3,2023-07-01 00:00:00,258.19390532498835
4753,80,3,2024-07-01 00:00:00,249.48806422699028
4754,80,3,2025-07-01 00:00:00,218.8425116351988
4755,80,3,2026-07-01 00:00:00,176.96165381885234
4756,80,3,2027-07-01 00:00:00,165.40751365556395
4757,80,3,2028-07-01 00:00:00,163.46248381788502
4758,80,3,2029-07-01 00:00:00,162.24106612737003
4759,80,3,2030-07-01 00:00:00,160.4576889672604
4760,80,3,2031-07-01 00:00:00,156.82201453365855
4761,80,3,2032-07-01 00:00:00,154.40199676979822
4762,80,3,2033-07-01 00:00:00,154.93963747133893
4763,80,3,2034-07-01 00:00:00,156.17165142416636
4764,80,3,2035-07-01 00:00:00,157.69166366796205
4765,80,3,2036-07-01 00:00:00,158.3776859864218
4766,80,3,2037-07-01 00:00:00,159.32241322703715
4767,80,3,2038-07-01 00:00:00,160.98659299371388
4768,80,3,2039-07-01 00:00:00,161.18468823977707
4769,80,3,2040-07-01 00:00:00,161.88510207903084
4770,80,3,2041-07-01 00:00:00,163.68078066347866
4771,80,3,2042-07-01 00:00:00,165.14799069294287
4772,80,3,2043-07-01 00:00:00,166.20124621843595
4773,80,3,2044-07-01 00:00:00,166.8573685847198
4774,80,3,2045-07-01 00:00:00,168.1305627552507
4775,80,3,2046-07-01 00:00:00,169.92985995870976
4776,80,3,2047-07-01 00:00:00,171.5206326430885
4777,80,3,2048-07-01 00:00:00,172.37657129334244
4778,80,3,2049-07-01 00:00:00,172.32959186085688
4779,80,3,2050-07-01 00:00:00,172.50425060510898
4780,80,3,2051-07-01 00:00:00,173.8630354865428
4781,80,3,2052-07-01 00:00:00,175.23336412016693
4782,80,3,2053-07-01 00:00:00,176.61533457758674
4783,81,1,2022-07-01 00:00:00,259.920444232967
4784,81,1,2023-07-01 00:00:00,256.92398301642896
4785,81,1,2024-07-01 00:00:00,241.62449997045226
4786,81,1,2025-07-01 00:00:00,212.1131563357009
4787,81,1,2026-07-01 00:00:00,193.8389797897822
4788,81,1,2027-07-01 00:00:00,191.26125390636687
4789,81,1,2028-07-01 00:00:00,190.9746955633713
4790,81,1,2029-07-01 00:00:00,192.06081133514346
4791,81,1,2030-07-01 00:00:00,193.16248888928604
4792,81,1,2031-07-01 00:00:00,191.55564446615517
4793,81,1,2032-07-01 00:00:00,191.41050385409324
4794,81,1,2033-07-01 00:00:00,198.40813820454443
4795,81,1,2034-07-01 00:00:00,206.5946000215046
4796,81,1,2035-07-01 00:00:00,211.88879034040136
4797,81,1,2036-07-01 00:00:00,214.25108892772562
4798,81,1,2037-07-01 00:00:00,218.58617925497663
4799,81,1,2038-07-01 00:00:00,222.27556532548792
4800,81,1,2039-07-01 00:00:00,223.11307153882012
4801,81,1,2040-07-01 00:00:00,226.50877466141182
4802,81,1,2041-07-01 00:00:00,231.00739019524133
4803,81,1,2042-07-01 00:00:00,234.5547604055011
4804,81,1,2043-07-01 00:00:00,238.73881831483067
4805,81,1,2044-07-01 00:00:00,241.8350802989461
4806,81,1,2045-07-01 00:00:00,243.81071425170043
4807,81,1,2046-07-01 00:00:00,245.2858413516169
4808,81,1,2047-07-01 00:00:00,248.8167882511678
4809,81,1,2048-07-01 00:00:00,256.3289653248582
4810,81,1,2049-07-01 00:00:00,260.86039726613427
4811,81,1,2050-07-01 00:00:00,263.1448980197678
4812,81,1,2051-07-01 00:00:00,267.3127897327478
4813,81,1,2052-07-01 00:00:00,271.5500059917346
4814,81,1,2053-07-01 00:00:00,275.85769987195414
4815,81,2,2022-07-01 00:00:00,263.41831972434625
4816,81,2,2023-07-01 00:00:00,258.77168110457785
4817,81,2,2024-07-01 00:00:00,245.87776897238422
4818,81,2,2025-07-01 00:00:00,216.31636768595607
4819,81,2,2026-07-01 00:00:00,190.98058163065184
4820,81,2,2027-07-01 00:00:00,183.63606632545356
4821,81,2,2028-07-01 00:00:00,179.3551523260611
4822,81,2,2029-07-01 00:00:00,178.46177720019625
4823,81,2,2030-07-01 00:00:00,178.2704939754182
4824,81,2,2031-07-01 00:00:00,177.65776262260385
4825,81,2,2032-07-01 00:00:00,178.36816632105476
4826,81,2,2033-07-01 00:00:00,180.00781405777332
4827,81,2,2034-07-01 00:00:00,182.87277772995094
4828,81,2,2035-07-01 00:00:00,184.42306566139203
4829,81,2,2036-07-01 00:00:00,183.80007294059973
4830,81,2,2037-07-01 00:00:00,185.43309431267315
4831,81,2,2038-07-01 00:00:00,187.80834468275688
4832,81,2,2039-07-01 00:00:00,192.4584773041486
4833,81,2,2040-07-01 00:00:00,198.49050593647848
4834,81,2,2041-07-01 00:00:00,203.0723292456389
4835,81,2,2042-07-01 00:00:00,205.19397667463258
4836,81,2,2043-07-01 00:00:00,205.9574361837111
4837,81,2,2044-07-01 00:00:00,209.11005978276827
4838,81,2,2045-07-01 00:00:00,213.17128661860252
4839,81,2,2046-07-01 00:00:00,215.48487626011038
4840,81,2,2047-07-01 00:00:00,215.7384115649328
4841,81,2,2048-07-01 00:00:00,216.9920974286136
4842,81,2,2049-07-01 00:00:00,217.6287131792093
4843,81,2,2050-07-01 00:00:00,217.56359620179893
4844,81,2,2051-07-01 00:00:00,219.01491372428958
4845,81,2,2052-07-01 00:00:00,220.47650607310368
4846,81,2,2053-07-01 00:00:00,221.9484459904595
4847,81,3,2022-07-01 00:00:00,259.31229075963114
4848,81,3,2023-07-01 00:00:00,251.20071727624335
4849,81,3,2024-07-01 00:00:00,243.64337023282098
4850,81,3,2025-07-01 00:00:00,215.47796338442646
4851,81,3,2026-07-01 00:00:00,173.5240166436188
4852,81,3,2027-07-01 00:00:00,158.20407642286025
4853,81,3,2028-07-01 00:00:00,156.06348971452587
4854,81,3,2029-07-01 00:00:00,154.84596197656236
4855,81,3,2030-07-01 00:00:00,152.58650575769713
4856,81,3,2031-07-01 00:00:00,148.40587347698514
4857,81,3,2032-07-01 00:00:00,145.4973045169647
4858,81,3,2033-07-01 00:00:00,145.95605432292177
4859,81,3,2034-07-01 00:00:00,147.07976333761187
4860,81,3,2035-07-01 00:00:00,148.48347839563291
4861,81,3,2036-07-01 00:00:00,149.19604774156812
4862,81,3,2037-07-01 00:00:00,150.18977161034178
4863,81,3,2038-07-01 00:00:00,152.14416611202734
4864,81,3,2039-07-01 00:00:00,152.7997000260432
4865,81,3,2040-07-01 00:00:00,153.95089075696254
4866,81,3,2041-07-01 00:00:00,156.1040658770713
4867,81,3,2042-07-01 00:00:00,157.9697351774549
4868,81,3,2043-07-01 00:00:00,160.23304921185743
4869,81,3,2044-07-01 00:00:00,162.0420818333632
4870,81,3,2045-07-01 00:00:00,163.61529340287072
4871,81,3,2046-07-01 00:00:00,164.88491351231534
4872,81,3,2047-07-01 00:00:00,165.5720771527072
4873,81,3,2048-07-01 00:00:00,166.59516938114248
4874,81,3,2049-07-01 00:00:00,166.99511818442915
4875,81,3,2050-07-01 00:00:00,167.14221521469105
4876,81,3,2051-07-01 00:00:00,168.43361515613302
4877,81,3,2052-07-01 00:00:00,169.73580398615098
4878,81,3,2053-07-01 00:00:00,171.04887183957695
4879,82,1,2022-07-01 00:00:00,115.44566646169497
4880,82,1,2023-07-01 00:00:00,113.14680558840506
4881,82,1,2024-07-01 00:00:00,109.34772879248646
4882,82,1,2025-07-01 00:00:00,100.37138315873186
4883,82,1,2026-07-01 00:00:00,92.74380367544359
4884,82,1,2027-07-01 00:00:00,92.47133587638487
4885,82,1,2028-07-01 00:00:00,92.09967748944388
4886,82,1,2029-07-01 00:00:00,91.61150551546937
4887,82,1,2030-07-01 00:00:00,91.60894377087388
4888,82,1,2031-07-01 00:00:00,91.63730779358606
4889,82,1,2032-07-01 00:00:00,92.25181909156119
4890,82,1,2033-07-01 00:00:00,94.04375578891616
4891,82,1,2034-07-01 00:00:00,95.20200244447132
4892,82,1,2035-07-01 00:00:00,95.38942954726888
4893,82,1,2036-07-01 00:00:00,95.38942954726888
4894,82,1,2037-07-01 00:00:00,96.31918161338457
4895,82,1,2038-07-01 00:00:00,97.24893367950028
4896,82,1,2039-07-01 00:00:00,97.24893367950028
4897,82,1,2040-07-01 00:00:00,98.17868574561598
4898,82,1,2041-07-01 00:00:00,99.10843781173169
4899,82,1,2042-07-01 00:00:00,99.10843781173169
4900,82,1,2043-07-01 00:00:00,99.1385170294038
4901,82,1,2044-07-01 00:00:00,99.25168135866461
4902,82,1,2045-07-01 00:00:00,99.39134863488412
4903,82,1,2046-07-01 00:00:00,99.44272418794466
4904,82,1,2047-07-01 00:00:00,99.43268286563061
4905,82,1,2048-07-01 00:00:00,99.47996750959987
4906,82,1,2049-07-01 00:00:00,99.5685235511002
4907,82,1,2050-07-01 00:00:00,99.64142618777896
4908,82,1,2051-07-01 00:00:00,99.71438737416797
4909,82,1,2052-07-01 00:00:00,99.78740715728979
4910,82,1,2053-07-01 00:00:00,99.86048558420474
4911,82,2,2022-07-01 00:00:00,110.33732081513945
4912,82,2,2023-07-01 00:00:00,107.85594769732845
4913,82,2,2024-07-01 00:00:00,102.641791550949
4914,82,2,2025-07-01 00:00:00,93.77335288465274
4915,82,2,2026-07-01 00:00:00,84.09540159657072
4916,82,2,2027-07-01 00:00:00,80.80604620562401
4917,82,2,2028-07-01 00:00:00,80.87003704916961
4918,82,2,2029-07-01 00:00:00,80.7104731937228
4919,82,2,2030-07-01 00:00:00,80.67154941038892
4920,82,2,2031-07-01 00:00:00,80.64216384997387
4921,82,2,2032-07-01 00:00:00,81.6402252598385
4922,82,2,2033-07-01 00:00:00,82.59936288636926
4923,82,2,2034-07-01 00:00:00,82.56997732595421
4924,82,2,2035-07-01 00:00:00,82.34210412675843
4925,82,2,2036-07-01 00:00:00,81.88635772836693
4926,82,2,2037-07-01 00:00:00,82.55885103487203
4927,82,2,2038-07-01 00:00:00,83.48860310098789
4928,82,2,2039-07-01 00:00:00,83.48860310098789
4929,82,2,2040-07-01 00:00:00,84.47843943015499
4930,82,2,2041-07-01 00:00:00,85.4081914962707
4931,82,2,2042-07-01 00:00:00,85.3481072332193
4932,82,2,2043-07-01 00:00:00,85.57598043241502
4933,82,2,2044-07-01 00:00:00,86.05176642765883
4934,82,2,2045-07-01 00:00:00,87.4442098064714
4935,82,2,2046-07-01 00:00:00,89.8870419910509
4936,82,2,2047-07-01 00:00:00,91.32042429715158
4937,82,2,2048-07-01 00:00:00,91.4603881550823
4938,82,2,2049-07-01 00:00:00,92.00213068772773
4939,82,2,2050-07-01 00:00:00,93.08282211308232
4940,82,2,2051-07-01 00:00:00,94.17754943333964
4941,82,2,2052-07-01 00:00:00,95.28649494507494
4942,82,2,2053-07-01 00:00:00,96.4098433125102
4943,82,3,2022-07-01 00:00:00,109.12265956847646
4944,82,3,2023-07-01 00:00:00,105.63337869255747
4945,82,3,2024-07-01 00:00:00,101.31365407038689
4946,82,3,2025-07-01 00:00:00,91.34521518803285
4947,82,3,2026-07-01 00:00:00,75.58682592172325
4948,82,3,2027-07-01 00:00:00,68.35416271681503
4949,82,3,2028-07-01 00:00:00,67.24747977650946
4950,82,3,2029-07-01 00:00:00,66.75306591090494
4951,82,3,2030-07-01 00:00:00,66.75306591090494
4952,82,3,2031-07-01 00:00:00,66.75306591090494
4953,82,3,2032-07-01 00:00:00,67.68281797702063
4954,82,3,2033-07-01 00:00:00,68.61257004313634
4955,82,3,2034-07-01 00:00:00,68.61257004313634
4956,82,3,2035-07-01 00:00:00,68.61257004313634
4957,82,3,2036-07-01 00:00:00,68.61257004313634
4958,82,3,2037-07-01 00:00:00,69.54232210925204
4959,82,3,2038-07-01 00:00:00,70.47207417536774
4960,82,3,2039-07-01 00:00:00,70.47207417536774
4961,82,3,2040-07-01 00:00:00,71.40182624148345
4962,82,3,2041-07-01 00:00:00,72.33157830759914
4963,82,3,2042-07-01 00:00:00,72.33157830759914
4964,82,3,2043-07-01 00:00:00,72.33157830759914
4965,82,3,2044-07-01 00:00:00,72.33157830759914
4966,82,3,2045-07-01 00:00:00,72.33157830759914
4967,82,3,2046-07-01 00:00:00,72.32637169602891
4968,82,3,2047-07-01 00:00:00,72.31633037371486
4969,82,3,2048-07-01 00:00:00,72.3070328530537
4970,82,3,2049-07-01 00:00:00,72.29967001142113
4971,82,3,2050-07-01 00:00:00,72.2938702128446
4972,82,3,2051-07-01 00:00:00,72.28807094395171
4973,82,3,2052-07-01 00:00:00,72.28227220469407
4974,82,3,2053-07-01 00:00:00,72.2764739950233
4975,83,1,2022-07-01 00:00:00,111.88869222939805
4976,83,1,2023-07-01 00:00:00,110.96167078521383
4977,83,1,2024-07-01 00:00:00,107.51132657691912
4978,83,1,2025-07-01 00:00:00,96.81810113442761
4979,83,1,2026-07-01 00:00:00,87.83773506785775
4980,83,1,2027-07-01 00:00:00,85.74262135705338
4981,83,1,2028-07-01 00:00:00,84.02893870284393
4982,83,1,2029-07-01 00:00:00,83.75721409654952
4983,83,1,2030-07-01 00:00:00,84.72362085812392
4984,83,1,2031-07-01 00:00:00,85.35467739261696
4985,83,1,2032-07-01 00:00:00,86.79231941508255
4986,83,1,2033-07-01 00:00:00,90.24711610056384
4987,83,1,2034-07-01 00:00:00,93.54577301016643
4988,83,1,2035-07-01 00:00:00,95.24561274305358
4989,83,1,2036-07-01 00:00:00,95.55519305722534
4990,83,1,2037-07-01 00:00:00,96.5056791678969
4991,83,1,2038-07-01 00:00:00,97.50540986612125
4992,83,1,2039-07-01 00:00:00,97.16516859103096
4993,83,1,2040-07-01 00:00:00,97.83175957043012
4994,83,1,2041-07-01 00:00:00,99.22412044181634
4995,83,1,2042-07-01 00:00:00,100.1439781675454
4996,83,1,2043-07-01 00:00:00,101.4007235538429
4997,83,1,2044-07-01 00:00:00,102.46680800603977
4998,83,1,2045-07-01 00:00:00,103.79768152817566
4999,83,1,2046-07-01 00:00:00,104.81508009979808
5000,83,1,2047-07-01 00:00:00,106.41741784806347
5001,83,1,2048-07-01 00:00:00,110.41154255680925
5002,83,1,2049-07-01 00:00:00,113.34240197813482
5003,83,1,2050-07-01 00:00:00,114.91111179622432
5004,83,1,2051-07-01 00:00:00,117.2942966058133
5005,83,1,2052-07-01 00:00:00,119.73100336851749
5006,83,1,2053-07-01 00:00:00,122.22243408908854
5007,83,2,2022-07-01 00:00:00,112.47494007662401
5008,83,2,2023-07-01 00:00:00,110.01913038316087
5009,83,2,2024-07-01 00:00:00,106.26056717929737
5010,83,2,2025-07-01 00:00:00,96.51667118557295
5011,83,2,2026-07-01 00:00:00,85.35474975704082
5012,83,2,2027-07-01 00:00:00,79.94278128620877
5013,83,2,2028-07-01 00:00:00,76.66150067789985
5014,83,2,2029-07-01 00:00:00,75.88150357539556
5015,83,2,2030-07-01 00:00:00,75.93930143946189
5016,83,2,2031-07-01 00:00:00,76.54780153007283
5017,83,2,2032-07-01 00:00:00,77.55280538066047
5018,83,2,2033-07-01 00:00:00,78.70496609286822
5019,83,2,2034-07-01 00:00:00,79.86739586446939
5020,83,2,2035-07-01 00:00:00,80.7457607514222
5021,83,2,2036-07-01 00:00:00,81.1005451292085
5022,83,2,2037-07-01 00:00:00,81.9584823596253
5023,83,2,2038-07-01 00:00:00,82.97585457606331
5024,83,2,2039-07-01 00:00:00,84.29500315997063
5025,83,2,2040-07-01 00:00:00,85.97994564812309
5026,83,2,2041-07-01 00:00:00,87.14519127577027
5027,83,2,2042-07-01 00:00:00,87.10031967515945
5028,83,2,2043-07-01 00:00:00,86.65195465897564
5029,83,2,2044-07-01 00:00:00,87.49761276445777
5030,83,2,2045-07-01 00:00:00,88.78277755775926
5031,83,2,2046-07-01 00:00:00,89.42141084517148
5032,83,2,2047-07-01 00:00:00,89.43448832270442
5033,83,2,2048-07-01 00:00:00,90.02359896156027
5034,83,2,2049-07-01 00:00:00,90.34027913818478
5035,83,2,2050-07-01 00:00:00,90.23533744139579
5036,83,2,2051-07-01 00:00:00,90.7326728791309
5037,83,2,2052-07-01 00:00:00,91.23304539825428
5038,83,2,2053-07-01 00:00:00,91.73647354532962
5039,83,3,2022-07-01 00:00:00,110.43729891186628
5040,83,3,2023-07-01 00:00:00,108.55660322311644
5041,83,3,2024-07-01 00:00:00,105.70073339505537
5042,83,3,2025-07-01 00:00:00,94.2887726442385
5043,83,3,2026-07-01 00:00:00,78.41827357830907
5044,83,3,2027-07-01 00:00:00,72.1682952036589
5045,83,3,2028-07-01 00:00:00,71.17500812150439
5046,83,3,2029-07-01 00:00:00,70.55125500964918
5047,83,3,2030-07-01 00:00:00,69.64052065409804
5048,83,3,2031-07-01 00:00:00,67.78385584625865
5049,83,3,2032-07-01 00:00:00,66.54800211442317
5050,83,3,2033-07-01 00:00:00,66.8225642590935
5051,83,3,2034-07-01 00:00:00,67.45172866607139
5052,83,3,2035-07-01 00:00:00,68.22796792843697
5053,83,3,2036-07-01 00:00:00,68.57830553961156
5054,83,3,2037-07-01 00:00:00,69.06075847996466
5055,83,3,2038-07-01 00:00:00,69.91062115692773
5056,83,3,2039-07-01 00:00:00,70.18654164181044
5057,83,3,2040-07-01 00:00:00,70.71898599078858
5058,83,3,2041-07-01 00:00:00,71.6360024329435
5059,83,3,2042-07-01 00:00:00,72.38527668099998
5060,83,3,2043-07-01 00:00:00,72.9231528037275
5061,83,3,2044-07-01 00:00:00,73.25822111893655
5062,83,3,2045-07-01 00:00:00,73.90841542349894
5063,83,3,2046-07-01 00:00:00,74.82727982060518
5064,83,3,2047-07-01 00:00:00,75.63965499728793
5065,83,3,2048-07-01 00:00:00,76.07676541479626
5066,83,3,2049-07-01 00:00:00,76.15951533862457
5067,83,3,2050-07-01 00:00:00,76.35799506333106
5068,83,3,2051-07-01 00:00:00,77.05765512800221
5069,83,3,2052-07-01 00:00:00,77.76456058458949
5070,83,3,2053-07-01 00:00:00,78.47878646339215
5071,84,1,2022-07-01 00:00:00,169.0221777898888
5072,84,1,2023-07-01 00:00:00,167.5725247034283
5073,84,1,2024-07-01 00:00:00,162.17696221424868
5074,84,1,2025-07-01 00:00:00,145.4551621262615
5075,84,1,2026-07-01 00:00:00,131.41188894458847
5076,84,1,2027-07-01 00:00:00,128.13560221313537
5077,84,1,2028-07-01 00:00:00,125.45578788470341
5078,84,1,2029-07-01 00:00:00,125.03087170109929
5079,84,1,2030-07-01 00:00:00,126.54211456768202
5080,84,1,2031-07-01 00:00:00,127.52894508675803
5081,84,1,2032-07-01 00:00:00,129.7770939382946
5082,84,1,2033-07-01 00:00:00,135.17961910059947
5083,84,1,2034-07-01 00:00:00,140.33797676339086
5084,84,1,2035-07-01 00:00:00,142.9961438756269
5085,84,1,2036-07-01 00:00:00,143.48025787402682
5086,84,1,2037-07-01 00:00:00,144.96660442255288
5087,84,1,2038-07-01 00:00:00,146.5299584327566
5088,84,1,2039-07-01 00:00:00,145.99789758597657
5089,84,1,2040-07-01 00:00:00,147.04029598652608
5090,84,1,2041-07-01 00:00:00,149.21763529980169
5091,84,1,2042-07-01 00:00:00,150.65608594144905
5092,84,1,2043-07-01 00:00:00,152.621353130866
5093,84,1,2044-07-01 00:00:00,154.28846949182002
5094,84,1,2045-07-01 00:00:00,156.3696564170595
5095,84,1,2046-07-01 00:00:00,157.96063900841781
5096,84,1,2047-07-01 00:00:00,160.46633494123324
5097,84,1,2048-07-01 00:00:00,166.71224785734356
5098,84,1,2049-07-01 00:00:00,171.2954529522864
5099,84,1,2050-07-01 00:00:00,173.748562363963
5100,84,1,2051-07-01 00:00:00,177.47532751756378
5101,84,1,2052-07-01 00:00:00,181.28578897076326
5102,84,1,2053-07-01 00:00:00,185.18182638870738
5103,84,2,2022-07-01 00:00:00,169.93893759786692
5104,84,2,2023-07-01 00:00:00,166.09860345649082
5105,84,2,2024-07-01 00:00:00,160.221055765097
5106,84,2,2025-07-01 00:00:00,144.98379346650702
5107,84,2,2026-07-01 00:00:00,127.52905824844488
5108,84,2,2027-07-01 00:00:00,119.06595650814741
5109,84,2,2028-07-01 00:00:00,113.93477147330294
5110,84,2,2029-07-01 00:00:00,112.7150313969872
5111,84,2,2030-07-01 00:00:00,112.80541425982194
5112,84,2,2031-07-01 00:00:00,113.7569715727619
5113,84,2,2032-07-01 00:00:00,115.32857160752822
5114,84,2,2033-07-01 00:00:00,117.130291883827
5115,84,2,2034-07-01 00:00:00,118.948070659892
5116,84,2,2035-07-01 00:00:00,120.32163583187157
5117,84,2,2036-07-01 00:00:00,120.87643882107156
5118,84,2,2037-07-01 00:00:00,122.21805973164018
5119,84,2,2038-07-01 00:00:00,123.80900110941639
5120,84,2,2039-07-01 00:00:00,125.87185286776385
5121,84,2,2040-07-01 00:00:00,128.50672403906464
5122,84,2,2041-07-01 00:00:00,130.32890618080552
5123,84,2,2042-07-01 00:00:00,130.2587370873849
5124,84,2,2043-07-01 00:00:00,129.55759502249583
5125,84,2,2044-07-01 00:00:00,130.88001414277983
5126,84,2,2045-07-01 00:00:00,132.88972289429566
5127,84,2,2046-07-01 00:00:00,133.8884017512106
5128,84,2,2047-07-01 00:00:00,133.90885198543947
5129,84,2,2048-07-01 00:00:00,134.83008855579263
5130,84,2,2049-07-01 00:00:00,135.32530514257672
5131,84,2,2050-07-01 00:00:00,135.1611999262379
5132,84,2,2051-07-01 00:00:00,135.93892071882792
5133,84,2,2052-07-01 00:00:00,136.72139082378385
5134,84,2,2053-07-01 00:00:00,137.50863924376085
5135,84,3,2022-07-01 00:00:00,166.75252500501756
5136,84,3,2023-07-01 00:00:00,163.81153984551207
5137,84,3,2024-07-01 00:00:00,159.34560161209683
5138,84,3,2025-07-01 00:00:00,141.49986111841724
5139,84,3,2026-07-01 00:00:00,116.68196925741621
5140,84,3,2027-07-01 00:00:00,106.90840846444445
5141,84,3,2028-07-01 00:00:00,105.35513082084718
5142,84,3,2029-07-01 00:00:00,104.37972121251177
5143,84,3,2030-07-01 00:00:00,102.95553747031998
5144,84,3,2031-07-01 00:00:00,100.05213120491747
5145,84,3,2032-07-01 00:00:00,98.1195338653321
5146,84,3,2033-07-01 00:00:00,98.54888732090055
5147,84,3,2034-07-01 00:00:00,99.53275897801115
5148,84,3,2035-07-01 00:00:00,100.7466226373468
5149,84,3,2036-07-01 00:00:00,101.29447188347655
5150,84,3,2037-07-01 00:00:00,102.04891979667481
5151,84,3,2038-07-01 00:00:00,103.37791392130508
5152,84,3,2039-07-01 00:00:00,103.80939151552607
5153,84,3,2040-07-01 00:00:00,104.64201475062703
5154,84,3,2041-07-01 00:00:00,106.07602226366218
5155,84,3,2042-07-01 00:00:00,107.24771870403558
5156,84,3,2043-07-01 00:00:00,108.088836011879
5157,84,3,2044-07-01 00:00:00,108.6128075126088
5158,84,3,2045-07-01 00:00:00,109.62956520070883
5159,84,3,2046-07-01 00:00:00,111.06646249975236
5160,84,3,2047-07-01 00:00:00,112.33683460347252
5161,84,3,2048-07-01 00:00:00,113.02037700676892
5162,84,3,2049-07-01 00:00:00,113.14977928029201
5163,84,3,2050-07-01 00:00:00,113.46015693911068
5164,84,3,2051-07-01 00:00:00,114.5542679530325
5165,84,3,2052-07-01 00:00:00,115.65970913069512
5166,84,3,2053-07-01 00:00:00,116.77659780261509
5167,85,1,2022-07-01 00:00:00,115.1580660422667
5168,85,1,2023-07-01 00:00:00,114.46660363398121
5169,85,1,2024-07-01 00:00:00,111.59287027221552
5170,85,1,2025-07-01 00:00:00,100.25830769418742
5171,85,1,2026-07-01 00:00:00,90.40855888901875
5172,85,1,2027-07-01 00:00:00,88.97046847649551
5173,85,1,2028-07-01 00:00:00,88.83008969308474
5174,85,1,2029-07-01 00:00:00,89.36215450435776
5175,85,1,2030-07-01 00:00:00,89.90184269889725
5176,85,1,2031-07-01 00:00:00,89.11468409485343
5177,85,1,2032-07-01 00:00:00,89.0435828233575
5178,85,1,2033-07-01 00:00:00,92.47157373997516
5179,85,1,2034-07-01 00:00:00,96.48194572318233
5180,85,1,2035-07-01 00:00:00,99.0754559603747
5181,85,1,2036-07-01 00:00:00,100.23269534930682
5182,85,1,2037-07-01 00:00:00,102.35636308047027
5183,85,1,2038-07-01 00:00:00,104.16371415144948
5184,85,1,2039-07-01 00:00:00,104.66164938146242
5185,85,1,2040-07-01 00:00:00,106.41279038483731
5186,85,1,2041-07-01 00:00:00,108.6165656058631
5187,85,1,2042-07-01 00:00:00,110.35434615420898
5188,85,1,2043-07-01 00:00:00,112.40402634460929
5189,85,1,2044-07-01 00:00:00,113.92081865261727
5190,85,1,2045-07-01 00:00:00,114.98102267455673
5191,85,1,2046-07-01 00:00:00,115.74787422111241
5192,85,1,2047-07-01 00:00:00,117.38732141629902
5193,85,1,2048-07-01 00:00:00,121.12860040731054
5194,85,1,2049-07-01 00:00:00,123.52907312345958
5195,85,1,2050-07-01 00:00:00,124.7536428605173
5196,85,1,2051-07-01 00:00:00,126.85374594318438
5197,85,1,2052-07-01 00:00:00,128.99188338668037
5198,85,1,2053-07-01 00:00:00,131.16874402033733
5199,85,2,2022-07-01 00:00:00,117.12929609630125
5200,85,2,2023-07-01 00:00:00,114.68479946570433
5201,85,2,2024-07-01 00:00:00,110.99506469279535
5202,85,2,2025-07-01 00:00:00,100.45177971323824
5203,85,2,2026-07-01 00:00:00,89.00829096491024
5204,85,2,2027-07-01 00:00:00,85.23505269799124
5205,85,2,2028-07-01 00:00:00,83.13792478735776
5206,85,2,2029-07-01 00:00:00,82.70027948278434
5207,85,2,2030-07-01 00:00:00,82.60657393542348
5208,85,2,2031-07-01 00:00:00,82.30640999335652
5209,85,2,2032-07-01 00:00:00,82.6544215217474
5210,85,2,2033-07-01 00:00:00,83.45764976524107
5211,85,2,2034-07-01 00:00:00,84.86113399331208
5212,85,2,2035-07-01 00:00:00,85.62058678563747
5213,85,2,2036-07-01 00:00:00,85.31539601958121
5214,85,2,2037-07-01 00:00:00,86.11537814922035
5215,85,2,2038-07-01 00:00:00,87.27896233861351
5216,85,2,2039-07-01 00:00:00,89.55696252965976
5217,85,2,2040-07-01 00:00:00,92.51192392444486
5218,85,2,2041-07-01 00:00:00,94.75646084917526
5219,85,2,2042-07-01 00:00:00,95.88346930629362
5220,85,2,2043-07-01 00:00:00,96.3451306447491
5221,85,2,2044-07-01 00:00:00,97.88953329853824
5222,85,2,2045-07-01 00:00:00,99.87904118167971
5223,85,2,2046-07-01 00:00:00,100.92689177529287
5224,85,2,2047-07-01 00:00:00,100.88227951571194
5225,85,2,2048-07-01 00:00:00,101.3317278537904
5226,85,2,2049-07-01 00:00:00,101.56759661472638
5227,85,2,2050-07-01 00:00:00,101.48976935804403
5228,85,2,2051-07-01 00:00:00,102.09751415011122
5229,85,2,2052-07-01 00:00:00,102.70924354270905
5230,85,2,2053-07-01 00:00:00,103.32498366035817
5231,85,3,2022-07-01 00:00:00,115.40072300414961
5232,85,3,2023-07-01 00:00:00,113.16522204095347
5233,85,3,2024-07-01 00:00:00,110.15694532027025
5234,85,3,2025-07-01 00:00:00,98.24969395679243
5235,85,3,2026-07-01 00:00:00,80.4566943518294
5236,85,3,2027-07-01 00:00:00,72.77646655137683
5237,85,3,2028-07-01 00:00:00,71.72783905458144
5238,85,3,2029-07-01 00:00:00,71.13139834084221
5239,85,3,2030-07-01 00:00:00,70.02453922147907
5240,85,3,2031-07-01 00:00:00,67.97653717303312
5241,85,3,2032-07-01 00:00:00,66.55169165010814
5242,85,3,2033-07-01 00:00:00,66.77642333642719
5243,85,3,2034-07-01 00:00:00,67.3269042707491
5244,85,3,2035-07-01 00:00:00,68.01455415747196
5245,85,3,2036-07-01 00:00:00,68.36362659009606
5246,85,3,2037-07-01 00:00:00,68.85043059058843
5247,85,3,2038-07-01 00:00:00,69.80784652056396
5248,85,3,2039-07-01 00:00:00,70.21663742581059
5249,85,3,2040-07-01 00:00:00,70.86823997010708
5250,85,3,2041-07-01 00:00:00,71.92303425971502
5251,85,3,2042-07-01 00:00:00,72.83698561739278
5252,85,3,2043-07-01 00:00:00,73.9457345978086
5253,85,3,2044-07-01 00:00:00,74.83194086178516
5254,85,3,2045-07-01 00:00:00,75.60262345251556
5255,85,3,2046-07-01 00:00:00,76.13905577333658
5256,85,3,2047-07-01 00:00:00,76.31727598485324
5257,85,3,2048-07-01 00:00:00,76.65376144898552
5258,85,3,2049-07-01 00:00:00,76.76311573678319
5259,85,3,2050-07-01 00:00:00,76.7888499309394
5260,85,3,2051-07-01 00:00:00,77.3177369632309
5261,85,3,2052-07-01 00:00:00,77.85073788699624
5262,85,3,2053-07-01 00:00:00,78.38788470170226
5263,86,1,2022-07-01 00:00:00,198.23172192643395
5264,86,1,2023-07-01 00:00:00,197.02471687451512
5265,86,1,2024-07-01 00:00:00,192.0083766599842
5266,86,1,2025-07-01 00:00:00,172.22295647077615
5267,86,1,2026-07-01 00:00:00,155.02940201935095
5268,86,1,2027-07-01 00:00:00,152.51909578688992
5269,86,1,2028-07-01 00:00:00,152.274052963551
5270,86,1,2029-07-01 00:00:00,153.2028162736883
5271,86,1,2030-07-01 00:00:00,154.14488683235444
5272,86,1,2031-07-01 00:00:00,152.77083612423553
5273,86,1,2032-07-01 00:00:00,152.64672295067018
5274,86,1,2033-07-01 00:00:00,158.63056575211587
5275,86,1,2034-07-01 00:00:00,165.6310030655588
5276,86,1,2035-07-01 00:00:00,170.15819054673557
5277,86,1,2036-07-01 00:00:00,172.1782479959669
5278,86,1,2037-07-01 00:00:00,175.88528636767978
5279,86,1,2038-07-01 00:00:00,179.04016774246327
5280,86,1,2039-07-01 00:00:00,179.90935503442932
5281,86,1,2040-07-01 00:00:00,182.96611706858903
5282,86,1,2041-07-01 00:00:00,186.812989715892
5283,86,1,2042-07-01 00:00:00,189.84642996636148
5284,86,1,2043-07-01 00:00:00,193.42431694183057
5285,86,1,2044-07-01 00:00:00,196.07200386817664
5286,86,1,2045-07-01 00:00:00,197.92267802661513
5287,86,1,2046-07-01 00:00:00,199.26128107961338
5288,86,1,2047-07-01 00:00:00,202.12307229665294
5289,86,1,2048-07-01 00:00:00,208.65378544704055
5290,86,1,2049-07-01 00:00:00,212.84400990561872
5291,86,1,2050-07-01 00:00:00,214.98159806853926
5292,86,1,2051-07-01 00:00:00,218.64750238951996
5293,86,1,2052-07-01 00:00:00,222.37979884565786
5294,86,1,2053-07-01 00:00:00,226.1796898457516
5295,86,2,2022-07-01 00:00:00,201.672667674466
5296,86,2,2023-07-01 00:00:00,197.405595817523
5297,86,2,2024-07-01 00:00:00,190.96485738000695
5298,86,2,2025-07-01 00:00:00,172.56067794572704
5299,86,2,2026-07-01 00:00:00,152.5851180811545
5300,86,2,2027-07-01 00:00:00,145.99861736080825
5301,86,2,2028-07-01 00:00:00,142.33790644966712
5302,86,2,2029-07-01 00:00:00,141.573960228963
5303,86,2,2030-07-01 00:00:00,141.41038941484194
5304,86,2,2031-07-01 00:00:00,140.8864283286897
5305,86,2,2032-07-01 00:00:00,141.49391134997978
5306,86,2,2033-07-01 00:00:00,142.89601294816308
5307,86,2,2034-07-01 00:00:00,145.34591121200435
5308,86,2,2035-07-01 00:00:00,146.67159912510945
5309,86,2,2036-07-01 00:00:00,146.13886330026213
5310,86,2,2037-07-01 00:00:00,147.5352985371587
5311,86,2,2038-07-01 00:00:00,149.56643136245984
5312,86,2,2039-07-01 00:00:00,153.54286985849112
5313,86,2,2040-07-01 00:00:00,158.7010003497414
5314,86,2,2041-07-01 00:00:00,162.61902593566657
5315,86,2,2042-07-01 00:00:00,164.58631278307462
5316,86,2,2043-07-01 00:00:00,165.39218098518418
5317,86,2,2044-07-01 00:00:00,168.08806406282315
5318,86,2,2045-07-01 00:00:00,171.5609152793316
5319,86,2,2046-07-01 00:00:00,173.39002550281182
5320,86,2,2047-07-01 00:00:00,173.3121510991617
5321,86,2,2048-07-01 00:00:00,174.09670049495944
5322,86,2,2049-07-01 00:00:00,174.5084290034484
5323,86,2,2050-07-01 00:00:00,174.37257506422193
5324,86,2,2051-07-01 00:00:00,175.43344406521558
5325,86,2,2052-07-01 00:00:00,176.50126851731213
5326,86,2,2053-07-01 00:00:00,177.5760940230318
5327,86,3,2022-07-01 00:00:00,198.65529980336032
5328,86,3,2023-07-01 00:00:00,194.75304723862925
5329,86,3,2024-07-01 00:00:00,189.50185041877938
5330,86,3,2025-07-01 00:00:00,168.71675439913966
5331,86,3,2026-07-01 00:00:00,137.65759607810878
5332,86,3,2027-07-01 00:00:00,124.25112069498664
5333,86,3,2028-07-01 00:00:00,122.42065432248866
5334,86,3,2029-07-01 00:00:00,121.37951752889441
5335,86,3,2030-07-01 00:00:00,119.44740302371635
5336,86,3,2031-07-01 00:00:00,115.87244538437959
5337,86,3,2032-07-01 00:00:00,113.38525920655294
5338,86,3,2033-07-01 00:00:00,113.77754702648797
5339,86,3,2034-07-01 00:00:00,114.73845720866117
5340,86,3,2035-07-01 00:00:00,115.938807187605
5341,86,3,2036-07-01 00:00:00,116.54814210533044
5342,86,3,2037-07-01 00:00:00,117.39789891184363
5343,86,3,2038-07-01 00:00:00,119.06914792035214
5344,86,3,2039-07-01 00:00:00,119.78272639099467
5345,86,3,2040-07-01 00:00:00,120.92015274040268
5346,86,3,2041-07-01 00:00:00,122.76138376183845
5347,86,3,2042-07-01 00:00:00,124.35676175015229
5348,86,3,2043-07-01 00:00:00,126.29217516472971
5349,86,3,2044-07-01 00:00:00,127.83912178806688
5350,86,3,2045-07-01 00:00:00,129.18441224679768
5351,86,3,2046-07-01 00:00:00,130.12079940752415
5352,86,3,2047-07-01 00:00:00,130.43189758593132
5353,86,3,2048-07-01 00:00:00,131.01926090494666
5354,86,3,2049-07-01 00:00:00,131.2101478949539
5355,86,3,2050-07-01 00:00:00,131.255069067792
5356,86,3,2051-07-01 00:00:00,132.17828530083793
5357,86,3,2052-07-01 00:00:00,133.10868267306432
5358,86,3,2053-07-01 00:00:00,134.0463170421978
5359,87,1,2022-07-01 00:00:00,188.81382064354213
5360,87,1,2023-07-01 00:00:00,184.8840164991061
5361,87,1,2024-07-01 00:00:00,171.33768161423487
5362,87,1,2025-07-01 00:00:00,150.25095661891308
5363,87,1,2026-07-01 00:00:00,138.31429594898805
5364,87,1,2027-07-01 00:00:00,136.87174099396952
5365,87,1,2028-07-01 00:00:00,136.30917211533318
5366,87,1,2029-07-01 00:00:00,136.1759051243001
5367,87,1,2030-07-01 00:00:00,136.35004241681477
5368,87,1,2031-07-01 00:00:00,135.13983538575414
5369,87,1,2032-07-01 00:00:00,135.68562218783177
5370,87,1,2033-07-01 00:00:00,140.89575424491883
5371,87,1,2034-07-01 00:00:00,146.0506346109229
5372,87,1,2035-07-01 00:00:00,148.93981862665484
5373,87,1,2036-07-01 00:00:00,149.6029140340412
5374,87,1,2037-07-01 00:00:00,151.31865278028246
5375,87,1,2038-07-01 00:00:00,152.95599057896533
5376,87,1,2039-07-01 00:00:00,152.7811805398293
5377,87,1,2040-07-01 00:00:00,154.39309639124622
5378,87,1,2041-07-01 00:00:00,156.71550751410666
5379,87,1,2042-07-01 00:00:00,158.67071983380626
5380,87,1,2043-07-01 00:00:00,161.54234183972756
5381,87,1,2044-07-01 00:00:00,163.45767844625001
5382,87,1,2045-07-01 00:00:00,164.59702638635352
5383,87,1,2046-07-01 00:00:00,165.0538479015803
5384,87,1,2047-07-01 00:00:00,164.9712458247457
5385,87,1,2048-07-01 00:00:00,171.42653966351867
5386,87,1,2049-07-01 00:00:00,178.1387422092644
5387,87,1,2050-07-01 00:00:00,180.0007935517218
5388,87,1,2051-07-01 00:00:00,183.20069665520822
5389,87,1,2052-07-01 00:00:00,186.45837688173827
5390,87,1,2053-07-01 00:00:00,189.7748774491342
5391,87,2,2022-07-01 00:00:00,188.62711324083463
5392,87,2,2023-07-01 00:00:00,184.08388254671004
5393,87,2,2024-07-01 00:00:00,172.63692945849698
5394,87,2,2025-07-01 00:00:00,154.55367948343448
5395,87,2,2026-07-01 00:00:00,139.77403772108576
5396,87,2,2027-07-01 00:00:00,134.09789931867223
5397,87,2,2028-07-01 00:00:00,130.79797866152123
5398,87,2,2029-07-01 00:00:00,129.17760148920883
5399,87,2,2030-07-01 00:00:00,128.79005657283068
5400,87,2,2031-07-01 00:00:00,128.82781564961542
5401,87,2,2032-07-01 00:00:00,129.550141947132
5402,87,2,2033-07-01 00:00:00,130.63213416191184
5403,87,2,2034-07-01 00:00:00,132.2614791744415
5404,87,2,2035-07-01 00:00:00,133.1408719656242
5405,87,2,2036-07-01 00:00:00,132.91876618495914
5406,87,2,2037-07-01 00:00:00,134.29154700519615
5407,87,2,2038-07-01 00:00:00,136.14540832819844
5408,87,2,2039-07-01 00:00:00,138.83382563730726
5409,87,2,2040-07-01 00:00:00,142.26596525865864
5410,87,2,2041-07-01 00:00:00,144.52539543891658
5411,87,2,2042-07-01 00:00:00,144.35685539820756
5412,87,2,2043-07-01 00:00:00,143.6377393517166
5413,87,2,2044-07-01 00:00:00,145.46774728304143
5414,87,2,2045-07-01 00:00:00,148.18847864846242
5415,87,2,2046-07-01 00:00:00,149.63740434365522
5416,87,2,2047-07-01 00:00:00,149.59655244926847
5417,87,2,2048-07-01 00:00:00,150.01398568645925
5418,87,2,2049-07-01 00:00:00,150.73888771936026
5419,87,2,2050-07-01 00:00:00,151.94504090801144
5420,87,2,2051-07-01 00:00:00,154.26909458265806
5421,87,2,2052-07-01 00:00:00,156.62935768113
5422,87,2,2053-07-01 00:00:00,159.0263943566514
5423,87,3,2022-07-01 00:00:00,184.5570949859277
5424,87,3,2023-07-01 00:00:00,176.96174759947488
5425,87,3,2024-07-01 00:00:00,164.28500819532366
5426,87,3,2025-07-01 00:00:00,147.77809318350194
5427,87,3,2026-07-01 00:00:00,128.71302605453255
5428,87,3,2027-07-01 00:00:00,119.82236004791089
5429,87,3,2028-07-01 00:00:00,118.35431157319648
5430,87,3,2029-07-01 00:00:00,117.24163635122667
5431,87,3,2030-07-01 00:00:00,115.4077050831723
5432,87,3,2031-07-01 00:00:00,111.83713903185237
5433,87,3,2032-07-01 00:00:00,109.33092326569714
5434,87,3,2033-07-01 00:00:00,109.6613323521305
5435,87,3,2034-07-01 00:00:00,110.47067039247284
5436,87,3,2035-07-01 00:00:00,111.48167945211895
5437,87,3,2036-07-01 00:00:00,111.99489904056038
5438,87,3,2037-07-01 00:00:00,112.71061682699862
5439,87,3,2038-07-01 00:00:00,114.11824620023638
5440,87,3,2039-07-01 00:00:00,114.46170295783597
5441,87,3,2040-07-01 00:00:00,115.1621506371339
5442,87,3,2041-07-01 00:00:00,116.7129493843551
5443,87,3,2042-07-01 00:00:00,118.0213441899744
5444,87,3,2043-07-01 00:00:00,119.12194145283357
5445,87,3,2044-07-01 00:00:00,119.93067923379911
5446,87,3,2045-07-01 00:00:00,121.06376613802766
5447,87,3,2046-07-01 00:00:00,122.35787064843734
5448,87,3,2047-07-01 00:00:00,123.38231980611465
5449,87,3,2048-07-01 00:00:00,124.13614350254473
5450,87,3,2049-07-01 00:00:00,124.29720564253716
5451,87,3,2050-07-01 00:00:00,124.49124764700969
5452,87,3,2051-07-01 00:00:00,125.58679253063787
5453,87,3,2052-07-01 00:00:00,126.69219850992833
5454,87,3,2053-07-01 00:00:00,127.80755434546873
5455,88,1,2022-07-01 00:00:00,114.87496728711724
5456,88,1,2023-07-01 00:00:00,113.35921854441433
5457,88,1,2024-07-01 00:00:00,111.00864841686756
5458,88,1,2025-07-01 00:00:00,102.35265691491763
5459,88,1,2026-07-01 00:00:00,94.28519021418839
5460,88,1,2027-07-01 00:00:00,93.70638069728282
5461,88,1,2028-07-01 00:00:00,93.28358227795142
5462,88,1,2029-07-01 00:00:00,92.98541684644978
5463,88,1,2030-07-01 00:00:00,93.03677019857396
5464,88,1,2031-07-01 00:00:00,93.09237766506838
5465,88,1,2032-07-01 00:00:00,93.71427743804738
5466,88,1,2033-07-01 00:00:00,95.61151957019167
5467,88,1,2034-07-01 00:00:00,96.92757515196534
5468,88,1,2035-07-01 00:00:00,97.23447951621611
5469,88,1,2036-07-01 00:00:00,97.36873850724915
5470,88,1,2037-07-01 00:00:00,98.46523098442447
5471,88,1,2038-07-01 00:00:00,99.61267978587118
5472,88,1,2039-07-01 00:00:00,99.82068176470978
5473,88,1,2040-07-01 00:00:00,100.85540082741154
5474,88,1,2041-07-01 00:00:00,101.80476791601914
5475,88,1,2042-07-01 00:00:00,101.80476791601914
5476,88,1,2043-07-01 00:00:00,101.83575910899839
5477,88,1,2044-07-01 00:00:00,101.9515882640218
5478,88,1,2045-07-01 00:00:00,102.09434080357751
5479,88,1,2046-07-01 00:00:00,102.15225538108902
5480,88,1,2047-07-01 00:00:00,102.15225538108902
5481,88,1,2048-07-01 00:00:00,102.21016995860091
5482,88,1,2049-07-01 00:00:00,102.30832167525178
5483,88,1,2050-07-01 00:00:00,102.38883059490743
5484,88,1,2051-07-01 00:00:00,102.4694088271424
5485,88,1,2052-07-01 00:00:00,102.55005643163
5486,88,1,2053-07-01 00:00:00,102.63077346809489
5487,88,2,2022-07-01 00:00:00,109.51101339109408
5488,88,2,2023-07-01 00:00:00,108.07348852859282
5489,88,2,2024-07-01 00:00:00,105.13066599596091
5490,88,2,2025-07-01 00:00:00,97.3419815204089
5491,88,2,2026-07-01 00:00:00,87.16665717128457
5492,88,2,2027-07-01 00:00:00,83.17939942930765
5493,88,2,2028-07-01 00:00:00,83.03888228943342
5494,88,2,2029-07-01 00:00:00,83.01059693412975
5495,88,2,2030-07-01 00:00:00,83.03155612421835
5496,88,2,2031-07-01 00:00:00,83.09719807269217
5497,88,2,2032-07-01 00:00:00,84.08735738572427
5498,88,2,2033-07-01 00:00:00,85.02333112160244
5499,88,2,2034-07-01 00:00:00,85.09143962564244
5500,88,2,2035-07-01 00:00:00,85.15492452115485
5501,88,2,2036-07-01 00:00:00,85.20225580948181
5502,88,2,2037-07-01 00:00:00,86.09785158813611
5503,88,2,2038-07-01 00:00:00,86.95725671446485
5504,88,2,2039-07-01 00:00:00,87.0727858267037
5505,88,2,2040-07-01 00:00:00,88.19151497934345
5506,88,2,2041-07-01 00:00:00,89.396216221726
5507,88,2,2042-07-01 00:00:00,89.6211155642742
5508,88,2,2043-07-01 00:00:00,89.65286918184192
5509,88,2,2044-07-01 00:00:00,89.65286918184192
5510,88,2,2045-07-01 00:00:00,89.65286918184192
5511,88,2,2046-07-01 00:00:00,89.65286918184192
5512,88,2,2047-07-01 00:00:00,89.73651751097016
5513,88,2,2048-07-01 00:00:00,89.85234666599358
5514,88,2,2049-07-01 00:00:00,89.90773311440063
5515,88,2,2050-07-01 00:00:00,89.95415764097683
5516,88,2,2051-07-01 00:00:00,90.00060873825959
5517,88,2,2052-07-01 00:00:00,90.04708642145644
5518,88,2,2053-07-01 00:00:00,90.09359070578363
5519,88,3,2022-07-01 00:00:00,106.55450118682069
5520,88,3,2023-07-01 00:00:00,105.08729541122958
5521,88,3,2024-07-01 00:00:00,102.83976078131708
5522,88,3,2025-07-01 00:00:00,92.94280086060482
5523,88,3,2026-07-01 00:00:00,76.15708001891299
5524,88,3,2027-07-01 00:00:00,68.54280320642714
5525,88,3,2028-07-01 00:00:00,68.54217029503472
5526,88,3,2029-07-01 00:00:00,68.50145397737973
5527,88,3,2030-07-01 00:00:00,68.46089588757287
5528,88,3,2031-07-01 00:00:00,68.22710269640676
5529,88,3,2032-07-01 00:00:00,68.95723055606408
5530,88,3,2033-07-01 00:00:00,69.87978975553001
5531,88,3,2034-07-01 00:00:00,69.93300781755397
5532,88,3,2035-07-01 00:00:00,69.988443926972
5533,88,3,2036-07-01 00:00:00,70.19916013509061
5534,88,3,2037-07-01 00:00:00,71.1567715718335
5535,88,3,2038-07-01 00:00:00,72.09813457356798
5536,88,3,2039-07-01 00:00:00,72.340039657115
5537,88,3,2040-07-01 00:00:00,73.43228302778402
5538,88,3,2041-07-01 00:00:00,74.46197050487035
5539,88,3,2042-07-01 00:00:00,74.46299576412049
5540,88,3,2043-07-01 00:00:00,74.46299576412049
5541,88,3,2044-07-01 00:00:00,74.46299576412049
5542,88,3,2045-07-01 00:00:00,74.46299576412049
5543,88,3,2046-07-01 00:00:00,74.46299576412049
5544,88,3,2047-07-01 00:00:00,74.46299576412049
5545,88,3,2048-07-01 00:00:00,74.46299576412049
5546,88,3,2049-07-01 00:00:00,74.46299576412049
5547,88,3,2050-07-01 00:00:00,74.46299576412049
5548,88,3,2051-07-01 00:00:00,74.46299576412049
5549,88,3,2052-07-01 00:00:00,74.46299576412049
5550,88,3,2053-07-01 00:00:00,74.46299576412049
5551,89,1,2022-07-01 00:00:00,206.60923985105833
5552,89,1,2023-07-01 00:00:00,203.0282675009565
5553,89,1,2024-07-01 00:00:00,189.52201062025253
5554,89,1,2025-07-01 00:00:00,167.1743773887744
5555,89,1,2026-07-01 00:00:00,153.7937999457296
5556,89,1,2027-07-01 00:00:00,151.48676151769763
5557,89,1,2028-07-01 00:00:00,149.59811964694566
5558,89,1,2029-07-01 00:00:00,149.35370746382563
5559,89,1,2030-07-01 00:00:00,150.73463265181772
5560,89,1,2031-07-01 00:00:00,151.07172417112022
5561,89,1,2032-07-01 00:00:00,152.6978585761909
5562,89,1,2033-07-01 00:00:00,158.17301522920133
5563,89,1,2034-07-01 00:00:00,163.94335522323667
5564,89,1,2035-07-01 00:00:00,167.13707079838707
5565,89,1,2036-07-01 00:00:00,167.90215370079238
5566,89,1,2037-07-01 00:00:00,169.79989611450694
5567,89,1,2038-07-01 00:00:00,171.5784324022857
5568,89,1,2039-07-01 00:00:00,171.36335249909033
5569,89,1,2040-07-01 00:00:00,173.00691005479774
5570,89,1,2041-07-01 00:00:00,175.42279283275784
5571,89,1,2042-07-01 00:00:00,177.45669790835865
5572,89,1,2043-07-01 00:00:00,180.61078505292747
5573,89,1,2044-07-01 00:00:00,182.68319323133227
5574,89,1,2045-07-01 00:00:00,184.31185559509072
5575,89,1,2046-07-01 00:00:00,185.67273124249064
5576,89,1,2047-07-01 00:00:00,188.318208486117
5577,89,1,2048-07-01 00:00:00,194.4056981316444
5578,89,1,2049-07-01 00:00:00,198.39532345418505
5579,89,1,2050-07-01 00:00:00,200.37992759410355
5580,89,1,2051-07-01 00:00:00,203.78263066000113
5581,89,1,2052-07-01 00:00:00,207.2469816621485
5582,89,1,2053-07-01 00:00:00,210.77409749730967
5583,89,2,2022-07-01 00:00:00,207.1709403973954
5584,89,2,2023-07-01 00:00:00,202.60541372543452
5585,89,2,2024-07-01 00:00:00,191.80666967090656
5586,89,2,2025-07-01 00:00:00,169.8770665145172
5587,89,2,2026-07-01 00:00:00,150.43526136481594
5588,89,2,2027-07-01 00:00:00,142.92144938103644
5589,89,2,2028-07-01 00:00:00,138.33119997045074
5590,89,2,2029-07-01 00:00:00,137.54753001989664
5591,89,2,2030-07-01 00:00:00,137.7174505296964
5592,89,2,2031-07-01 00:00:00,138.0686081926553
5593,89,2,2032-07-01 00:00:00,139.17628092710137
5594,89,2,2033-07-01 00:00:00,140.819385273524
5595,89,2,2034-07-01 00:00:00,143.11315740644503
5596,89,2,2035-07-01 00:00:00,144.46933712274048
5597,89,2,2036-07-01 00:00:00,144.4315663962276
5598,89,2,2037-07-01 00:00:00,145.82194873462421
5599,89,2,2038-07-01 00:00:00,147.7127739489623
5600,89,2,2039-07-01 00:00:00,150.5846932568744
5601,89,2,2040-07-01 00:00:00,154.33183178376834
5602,89,2,2041-07-01 00:00:00,156.80005266521874
5603,89,2,2042-07-01 00:00:00,156.74783935688876
5604,89,2,2043-07-01 00:00:00,156.10660056476016
5605,89,2,2044-07-01 00:00:00,158.01026206607642
5606,89,2,2045-07-01 00:00:00,160.95074850032486
5607,89,2,2046-07-01 00:00:00,162.6544093750637
5608,89,2,2047-07-01 00:00:00,162.85427816970287
5609,89,2,2048-07-01 00:00:00,163.8133993239245
5610,89,2,2049-07-01 00:00:00,165.20171736237805
5611,89,2,2050-07-01 00:00:00,166.9852683340448
5612,89,2,2051-07-01 00:00:00,169.93875342698166
5613,89,2,2052-07-01 00:00:00,172.94872778522654
5614,89,2,2053-07-01 00:00:00,176.01627183986156
5615,89,3,2022-07-01 00:00:00,202.07085041126595
5616,89,3,2023-07-01 00:00:00,195.94955067128186
5617,89,3,2024-07-01 00:00:00,190.08527286723287
5618,89,3,2025-07-01 00:00:00,168.72355586626549
5619,89,3,2026-07-01 00:00:00,138.64936958577576
5620,89,3,2027-07-01 00:00:00,128.7534657391973
5621,89,3,2028-07-01 00:00:00,127.13148579288358
5622,89,3,2029-07-01 00:00:00,126.21578554260589
5623,89,3,2030-07-01 00:00:00,124.7068881200426
5624,89,3,2031-07-01 00:00:00,121.62174640824746
5625,89,3,2032-07-01 00:00:00,119.44257090259747
5626,89,3,2033-07-01 00:00:00,119.786278187556
5627,89,3,2034-07-01 00:00:00,120.62819020475422
5628,89,3,2035-07-01 00:00:00,121.67989003150686
5629,89,3,2036-07-01 00:00:00,122.2137655166967
5630,89,3,2037-07-01 00:00:00,122.95828928215566
5631,89,3,2038-07-01 00:00:00,124.42257246917704
5632,89,3,2039-07-01 00:00:00,124.82703490411403
5633,89,3,2040-07-01 00:00:00,125.60285631642142
5634,89,3,2041-07-01 00:00:00,127.21607111229235
5635,89,3,2042-07-01 00:00:00,128.61387907109372
5636,89,3,2043-07-01 00:00:00,129.90578601951367
5637,89,3,2044-07-01 00:00:00,130.8573335192618
5638,89,3,2045-07-01 00:00:00,132.03602454037892
5639,89,3,2046-07-01 00:00:00,133.34546045212164
5640,89,3,2047-07-01 00:00:00,134.26412810834637
5641,89,3,2048-07-01 00:00:00,134.93313256834716
5642,89,3,2049-07-01 00:00:00,135.093047319422
5643,89,3,2050-07-01 00:00:00,135.2606543553659
5644,89,3,2051-07-01 00:00:00,136.33685776708893
5645,89,3,2052-07-01 00:00:00,137.42250092640637
5646,89,3,2053-07-01 00:00:00,138.5176666325675
5647,90,1,2022-07-01 00:00:00,290.99063771217635
5648,90,1,2023-07-01 00:00:00,287.0035742624018
5649,90,1,2024-07-01 00:00:00,265.8082993351902
5650,90,1,2025-07-01 00:00:00,225.4714694585335
5651,90,1,2026-07-01 00:00:00,201.46294673193094
5652,90,1,2027-07-01 00:00:00,199.07117126173875
5653,90,1,2028-07-01 00:00:00,198.78461291874325
5654,90,1,2029-07-01 00:00:00,199.87072869051534
5655,90,1,2030-07-01 00:00:00,200.97240624465795
5656,90,1,2031-07-01 00:00:00,199.36556182152705
5657,90,1,2032-07-01 00:00:00,199.22042120946512
5658,90,1,2033-07-01 00:00:00,206.21805555991634
5659,90,1,2034-07-01 00:00:00,214.40451737687647
5660,90,1,2035-07-01 00:00:00,219.69870769577327
5661,90,1,2036-07-01 00:00:00,222.06100628309753
5662,90,1,2037-07-01 00:00:00,226.39609661034856
5663,90,1,2038-07-01 00:00:00,230.0854826808598
5664,90,1,2039-07-01 00:00:00,230.83001368758045
5665,90,1,2040-07-01 00:00:00,234.1327416035606
5666,90,1,2041-07-01 00:00:00,238.63135713739013
5667,90,1,2042-07-01 00:00:00,242.17872734764987
5668,90,1,2043-07-01 00:00:00,246.36278525697944
5669,90,1,2044-07-01 00:00:00,249.45904724109485
5670,90,1,2045-07-01 00:00:00,251.43468119384917
5671,90,1,2046-07-01 00:00:00,252.90980829376565
5672,90,1,2047-07-01 00:00:00,256.4407551933166
5673,90,1,2048-07-01 00:00:00,263.952932267007
5674,90,1,2049-07-01 00:00:00,268.4254923543733
5675,90,1,2050-07-01 00:00:00,270.646926784733
5676,90,1,2051-07-01 00:00:00,274.80528637324704
5677,90,1,2052-07-01 00:00:00,279.0306478261416
5678,90,1,2053-07-01 00:00:00,283.3240907157181
5679,90,2,2022-07-01 00:00:00,294.15973795102644
5680,90,2,2023-07-01 00:00:00,289.72770364306314
5681,90,2,2024-07-01 00:00:00,273.4825576312883
5682,90,2,2025-07-01 00:00:00,232.0548511841778
5683,90,2,2026-07-01 00:00:00,198.6045485728006
5684,90,2,2027-07-01 00:00:00,191.44598368082544
5685,90,2,2028-07-01 00:00:00,187.165069681433
5686,90,2,2029-07-01 00:00:00,186.27169455556816
5687,90,2,2030-07-01 00:00:00,186.08041133079007
5688,90,2,2031-07-01 00:00:00,185.4676799779758
5689,90,2,2032-07-01 00:00:00,186.17808367642664
5690,90,2,2033-07-01 00:00:00,187.81773141314522
5691,90,2,2034-07-01 00:00:00,190.68269508532285
5692,90,2,2035-07-01 00:00:00,192.2329830167639
5693,90,2,2036-07-01 00:00:00,191.6099902959716
5694,90,2,2037-07-01 00:00:00,193.24301166804506
5695,90,2,2038-07-01 00:00:00,195.61826203812876
5696,90,2,2039-07-01 00:00:00,200.2683946595205
5697,90,2,2040-07-01 00:00:00,206.30042329185036
5698,90,2,2041-07-01 00:00:00,210.8822466010108
5699,90,2,2042-07-01 00:00:00,212.9109188233929
5700,90,2,2043-07-01 00:00:00,213.58140312585988
5701,90,2,2044-07-01 00:00:00,216.73402672491702
5702,90,2,2045-07-01 00:00:00,220.79525356075126
5703,90,2,2046-07-01 00:00:00,223.10884320225912
5704,90,2,2047-07-01 00:00:00,223.36237850708153
5705,90,2,2048-07-01 00:00:00,224.61606437076233
5706,90,2,2049-07-01 00:00:00,226.43462018357968
5707,90,2,2050-07-01 00:00:00,228.82045209428983
5708,90,2,2051-07-01 00:00:00,232.84171116244528
5709,90,2,2052-07-01 00:00:00,236.93774541873432
5710,90,2,2053-07-01 00:00:00,241.10994530547012
5711,90,3,2022-07-01 00:00:00,289.69280014866115
5712,90,3,2023-07-01 00:00:00,279.36360448768824
5713,90,3,2024-07-01 00:00:00,270.9209545401061
5714,90,3,2025-07-01 00:00:00,233.50192343924442
5715,90,3,2026-07-01 00:00:00,181.1479835857676
5716,90,3,2027-07-01 00:00:00,166.0139937782322
5717,90,3,2028-07-01 00:00:00,163.87340706989778
5718,90,3,2029-07-01 00:00:00,162.65587933193424
5719,90,3,2030-07-01 00:00:00,160.396423113069
5720,90,3,2031-07-01 00:00:00,156.21579083235702
5721,90,3,2032-07-01 00:00:00,153.30722187233658
5722,90,3,2033-07-01 00:00:00,153.76597167829365
5723,90,3,2034-07-01 00:00:00,154.88968069298375
5724,90,3,2035-07-01 00:00:00,156.29339575100485
5725,90,3,2036-07-01 00:00:00,157.00596509694003
5726,90,3,2037-07-01 00:00:00,157.9996889657137
5727,90,3,2038-07-01 00:00:00,159.95408346739927
5728,90,3,2039-07-01 00:00:00,160.51664217480354
5729,90,3,2040-07-01 00:00:00,161.57485769911128
5730,90,3,2041-07-01 00:00:00,163.72803281922006
5731,90,3,2042-07-01 00:00:00,165.59370211960365
5732,90,3,2043-07-01 00:00:00,167.8570161540062
5733,90,3,2044-07-01 00:00:00,169.66604877551197
5734,90,3,2045-07-01 00:00:00,171.23926034501946
5735,90,3,2046-07-01 00:00:00,172.50888045446408
5736,90,3,2047-07-01 00:00:00,173.19604409485598
5737,90,3,2048-07-01 00:00:00,174.21913632329125
5738,90,3,2049-07-01 00:00:00,174.56254308622732
5739,90,3,2050-07-01 00:00:00,174.65207924078555
5740,90,3,2051-07-01 00:00:00,175.94117537159212
5741,90,3,2052-07-01 00:00:00,177.24052383872547
5742,90,3,2053-07-01 00:00:00,178.5502061802475
5743,91,1,2022-07-01 00:00:00,154.8518156214858
5744,91,1,2023-07-01 00:00:00,152.78131157525806
5745,91,1,2024-07-01 00:00:00,149.5704463289838
5746,91,1,2025-07-01 00:00:00,138.3210087450298
5747,91,1,2026-07-01 00:00:00,128.08245126219356
5748,91,1,2027-07-01 00:00:00,127.56134885108114
5749,91,1,2028-07-01 00:00:00,127.04675953144672
5750,91,1,2029-07-01 00:00:00,126.59445657733023
5751,91,1,2030-07-01 00:00:00,126.59088342348522
5752,91,1,2031-07-01 00:00:00,126.60509374595225
5753,91,1,2032-07-01 00:00:00,127.43884688074239
5754,91,1,2033-07-01 00:00:00,129.93826290817697
5755,91,1,2034-07-01 00:00:00,131.55380003004643
5756,91,1,2035-07-01 00:00:00,131.8152257296252
5757,91,1,2036-07-01 00:00:00,131.8152257296252
5758,91,1,2037-07-01 00:00:00,133.11205570080676
5759,91,1,2038-07-01 00:00:00,134.40888567198832
5760,91,1,2039-07-01 00:00:00,134.40888567198832
5761,91,1,2040-07-01 00:00:00,135.70571564316987
5762,91,1,2041-07-01 00:00:00,137.00254561435142
5763,91,1,2042-07-01 00:00:00,137.00254561435142
5764,91,1,2043-07-01 00:00:00,137.00254561435142
5765,91,1,2044-07-01 00:00:00,137.00254561435142
5766,91,1,2045-07-01 00:00:00,137.00254561435142
5767,91,1,2046-07-01 00:00:00,137.00254561435142
5768,91,1,2047-07-01 00:00:00,137.00254561435142
5769,91,1,2048-07-01 00:00:00,137.00254561435142
5770,91,1,2049-07-01 00:00:00,137.3230657991693
5771,91,1,2050-07-01 00:00:00,137.96570876972916
5772,91,1,2051-07-01 00:00:00,138.61156495514183
5773,91,1,2052-07-01 00:00:00,139.26065042148156
5774,91,1,2053-07-01 00:00:00,139.91298131515296
5775,91,2,2022-07-01 00:00:00,147.524685515679
5776,91,2,2023-07-01 00:00:00,145.5610348389482
5777,91,2,2024-07-01 00:00:00,141.5411562208862
5778,91,2,2025-07-01 00:00:00,126.05353521784711
5779,91,2,2026-07-01 00:00:00,112.62214215613871
5780,91,2,2027-07-01 00:00:00,112.6221421561382
5781,91,2,2028-07-01 00:00:00,112.6221421561382
5782,91,2,2029-07-01 00:00:00,112.6221421561382
5783,91,2,2030-07-01 00:00:00,112.6221421561382
5784,91,2,2031-07-01 00:00:00,113.91897212732026
5785,91,2,2032-07-01 00:00:00,115.21580209850181
5786,91,2,2033-07-01 00:00:00,115.2158020985013
5787,91,2,2034-07-01 00:00:00,115.2158020985013
5788,91,2,2035-07-01 00:00:00,115.2158020985013
5789,91,2,2036-07-01 00:00:00,116.51263206968285
5790,91,2,2037-07-01 00:00:00,117.80946204086493
5791,91,2,2038-07-01 00:00:00,117.80946204086493
5792,91,2,2039-07-01 00:00:00,119.10629201204597
5793,91,2,2040-07-01 00:00:00,120.40312198322752
5794,91,2,2041-07-01 00:00:00,120.40312198322805
5795,91,2,2042-07-01 00:00:00,120.40312198322805
5796,91,2,2043-07-01 00:00:00,120.40312198322752
5797,91,2,2044-07-01 00:00:00,120.40312198322752
5798,91,2,2045-07-01 00:00:00,120.40312198322752
5799,91,2,2046-07-01 00:00:00,120.40312198322752
5800,91,2,2047-07-01 00:00:00,120.40312198322752
5801,91,2,2048-07-01 00:00:00,120.6821436089676
5802,91,2,2049-07-01 00:00:00,121.24158196857645
5803,91,2,2050-07-01 00:00:00,121.80381751998337
5804,91,2,2051-07-01 00:00:00,122.36886424914732
5805,91,2,2052-07-01 00:00:00,122.93673621195707
5806,91,2,2053-07-01 00:00:00,123.50744753458085
5807,91,3,2022-07-01 00:00:00,143.48610688505772
5808,91,3,2023-07-01 00:00:00,141.4819122521181
5809,91,3,2024-07-01 00:00:00,138.4117929017477
5810,91,3,2025-07-01 00:00:00,124.98400517022759
5811,91,3,2026-07-01 00:00:00,102.247502386686
5812,91,3,2027-07-01 00:00:00,91.8728626172338
5813,91,3,2028-07-01 00:00:00,91.8728626172338
5814,91,3,2029-07-01 00:00:00,91.8728626172338
5815,91,3,2030-07-01 00:00:00,91.8728626172338
5816,91,3,2031-07-01 00:00:00,91.8728626172338
5817,91,3,2032-07-01 00:00:00,93.16969258841536
5818,91,3,2033-07-01 00:00:00,94.46652255959692
5819,91,3,2034-07-01 00:00:00,94.46652255959692
5820,91,3,2035-07-01 00:00:00,94.46652255959692
5821,91,3,2036-07-01 00:00:00,94.46652255959692
5822,91,3,2037-07-01 00:00:00,95.76335253077848
5823,91,3,2038-07-01 00:00:00,97.06018250196003
5824,91,3,2039-07-01 00:00:00,97.06018250196003
5825,91,3,2040-07-01 00:00:00,98.3570124731416
5826,91,3,2041-07-01 00:00:00,99.65384244432315
5827,91,3,2042-07-01 00:00:00,99.65384244432315
5828,91,3,2043-07-01 00:00:00,99.65384244432315
5829,91,3,2044-07-01 00:00:00,99.65384244432315
5830,91,3,2045-07-01 00:00:00,99.65384244432315
5831,91,3,2046-07-01 00:00:00,99.65384244432315
5832,91,3,2047-07-01 00:00:00,99.65384244432315
5833,91,3,2048-07-01 00:00:00,99.65384244432315
5834,91,3,2049-07-01 00:00:00,99.88099087121597
5835,91,3,2050-07-01 00:00:00,100.33642346713607
5836,91,3,2051-07-01 00:00:00,100.79413322603577
5837,91,3,2052-07-01 00:00:00,101.25413153372996
5838,91,3,2053-07-01 00:00:00,101.71642983296263
