id,der_id,scenario,date,value
1,1,1,2023-11-01 00:00:00,0
2,2,1,2023-11-01 00:00:00,0
3,3,1,2023-11-01 00:00:00,0
4,4,1,2023-11-01 00:00:00,0
5,1,1,2024-11-01 00:00:00,0
6,2,1,2024-11-01 00:00:00,0
7,3,1,2024-11-01 00:00:00,0
8,4,1,2024-11-01 00:00:00,0
9,1,1,2025-11-01 00:00:00,0
10,2,1,2025-11-01 00:00:00,0
11,3,1,2025-11-01 00:00:00,0
12,4,1,2025-11-01 00:00:00,0
13,1,1,2026-11-01 00:00:00,0
14,2,1,2026-11-01 00:00:00,0
15,3,1,2026-11-01 00:00:00,0
16,4,1,2026-11-01 00:00:00,0
17,1,1,2027-11-01 00:00:00,0
18,2,1,2027-11-01 00:00:00,0
19,3,1,2027-11-01 00:00:00,0
20,4,1,2027-11-01 00:00:00,0
21,1,1,2028-11-01 00:00:00,0
22,2,1,2028-11-01 00:00:00,0
23,3,1,2028-11-01 00:00:00,0
24,4,1,2028-11-01 00:00:00,0
25,1,1,2029-11-01 00:00:00,0
26,2,1,2029-11-01 00:00:00,0
27,3,1,2029-11-01 00:00:00,0
28,4,1,2029-11-01 00:00:00,0
29,1,1,2030-11-01 00:00:00,0
30,2,1,2030-11-01 00:00:00,0
31,3,1,2030-11-01 00:00:00,0
32,4,1,2030-11-01 00:00:00,0
33,1,1,2031-11-01 00:00:00,0
34,2,1,2031-11-01 00:00:00,0
35,3,1,2031-11-01 00:00:00,0
36,4,1,2031-11-01 00:00:00,0
37,1,1,2032-11-01 00:00:00,0
38,2,1,2032-11-01 00:00:00,0
39,3,1,2032-11-01 00:00:00,0
40,4,1,2032-11-01 00:00:00,0
41,1,1,2033-11-01 00:00:00,0
42,2,1,2033-11-01 00:00:00,0
43,3,1,2033-11-01 00:00:00,0
44,4,1,2033-11-01 00:00:00,0
45,1,1,2034-11-01 00:00:00,0
46,2,1,2034-11-01 00:00:00,0
47,3,1,2034-11-01 00:00:00,0
48,4,1,2034-11-01 00:00:00,0
49,1,1,2035-11-01 00:00:00,0
50,2,1,2035-11-01 00:00:00,0
51,3,1,2035-11-01 00:00:00,0
52,4,1,2035-11-01 00:00:00,0
53,1,1,2036-11-01 00:00:00,0
54,2,1,2036-11-01 00:00:00,0
55,3,1,2036-11-01 00:00:00,0
56,4,1,2036-11-01 00:00:00,0
57,1,1,2037-11-01 00:00:00,0
58,2,1,2037-11-01 00:00:00,0
59,3,1,2037-11-01 00:00:00,0
60,4,1,2037-11-01 00:00:00,0
61,1,1,2038-11-01 00:00:00,0
62,2,1,2038-11-01 00:00:00,0
63,3,1,2038-11-01 00:00:00,0
64,4,1,2038-11-01 00:00:00,0
65,1,1,2039-11-01 00:00:00,0
66,2,1,2039-11-01 00:00:00,0
67,3,1,2039-11-01 00:00:00,0
68,4,1,2039-11-01 00:00:00,0
69,1,1,2040-11-01 00:00:00,0
70,2,1,2040-11-01 00:00:00,0
71,3,1,2040-11-01 00:00:00,0
72,4,1,2040-11-01 00:00:00,0
73,1,1,2041-11-01 00:00:00,0
74,2,1,2041-11-01 00:00:00,0
75,3,1,2041-11-01 00:00:00,0
76,4,1,2041-11-01 00:00:00,0
77,1,1,2042-11-01 00:00:00,0
78,2,1,2042-11-01 00:00:00,0
79,3,1,2042-11-01 00:00:00,0
80,4,1,2042-11-01 00:00:00,0
81,1,1,2043-11-01 00:00:00,0
82,2,1,2043-11-01 00:00:00,0
83,3,1,2043-11-01 00:00:00,0
84,4,1,2043-11-01 00:00:00,0
85,1,1,2044-11-01 00:00:00,0
86,2,1,2044-11-01 00:00:00,0
87,3,1,2044-11-01 00:00:00,0
88,4,1,2044-11-01 00:00:00,0
89,1,1,2045-11-01 00:00:00,0
90,2,1,2045-11-01 00:00:00,0
91,3,1,2045-11-01 00:00:00,0
92,4,1,2045-11-01 00:00:00,0
93,1,1,2046-11-01 00:00:00,0
94,2,1,2046-11-01 00:00:00,0
95,3,1,2046-11-01 00:00:00,0
96,4,1,2046-11-01 00:00:00,0
97,1,1,2047-11-01 00:00:00,0
98,2,1,2047-11-01 00:00:00,0
99,3,1,2047-11-01 00:00:00,0
100,4,1,2047-11-01 00:00:00,0
101,1,1,2048-11-01 00:00:00,0
102,2,1,2048-11-01 00:00:00,0
103,3,1,2048-11-01 00:00:00,0
104,4,1,2048-11-01 00:00:00,0
105,1,1,2049-11-01 00:00:00,0
106,2,1,2049-11-01 00:00:00,0
107,3,1,2049-11-01 00:00:00,0
108,4,1,2049-11-01 00:00:00,0
109,1,1,2050-11-01 00:00:00,0
110,2,1,2050-11-01 00:00:00,0
111,3,1,2050-11-01 00:00:00,0
112,4,1,2050-11-01 00:00:00,0
113,1,1,2051-11-01 00:00:00,0
114,2,1,2051-11-01 00:00:00,0
115,3,1,2051-11-01 00:00:00,0
116,4,1,2051-11-01 00:00:00,0
117,1,1,2052-11-01 00:00:00,0
118,2,1,2052-11-01 00:00:00,0
119,3,1,2052-11-01 00:00:00,0
120,4,1,2052-11-01 00:00:00,0
121,1,1,2053-11-01 00:00:00,0
122,2,1,2053-11-01 00:00:00,0
123,3,1,2053-11-01 00:00:00,0
124,4,1,2053-11-01 00:00:00,0
125,1,1,2024-04-01 00:00:00,0
126,2,1,2024-04-01 00:00:00,0
127,3,1,2024-04-01 00:00:00,0
128,4,1,2024-04-01 00:00:00,0
129,1,1,2025-04-01 00:00:00,0
130,2,1,2025-04-01 00:00:00,0
131,3,1,2025-04-01 00:00:00,0
132,4,1,2025-04-01 00:00:00,0
133,1,1,2026-04-01 00:00:00,0
134,2,1,2026-04-01 00:00:00,0
135,3,1,2026-04-01 00:00:00,0
136,4,1,2026-04-01 00:00:00,0
137,1,1,2027-04-01 00:00:00,0
138,2,1,2027-04-01 00:00:00,0
139,3,1,2027-04-01 00:00:00,0
140,4,1,2027-04-01 00:00:00,0
141,1,1,2028-04-01 00:00:00,0
142,2,1,2028-04-01 00:00:00,0
143,3,1,2028-04-01 00:00:00,0
144,4,1,2028-04-01 00:00:00,0
145,1,1,2029-04-01 00:00:00,0
146,2,1,2029-04-01 00:00:00,0
147,3,1,2029-04-01 00:00:00,0
148,4,1,2029-04-01 00:00:00,0
149,1,1,2030-04-01 00:00:00,0
150,2,1,2030-04-01 00:00:00,0
151,3,1,2030-04-01 00:00:00,0
152,4,1,2030-04-01 00:00:00,0
153,1,1,2031-04-01 00:00:00,0
154,2,1,2031-04-01 00:00:00,0
155,3,1,2031-04-01 00:00:00,0
156,4,1,2031-04-01 00:00:00,0
157,1,1,2032-04-01 00:00:00,0
158,2,1,2032-04-01 00:00:00,0
159,3,1,2032-04-01 00:00:00,0
160,4,1,2032-04-01 00:00:00,0
161,1,1,2033-04-01 00:00:00,0
162,2,1,2033-04-01 00:00:00,0
163,3,1,2033-04-01 00:00:00,0
164,4,1,2033-04-01 00:00:00,0
165,1,1,2034-04-01 00:00:00,0
166,2,1,2034-04-01 00:00:00,0
167,3,1,2034-04-01 00:00:00,0
168,4,1,2034-04-01 00:00:00,0
169,1,1,2035-04-01 00:00:00,0
170,2,1,2035-04-01 00:00:00,0
171,3,1,2035-04-01 00:00:00,0
172,4,1,2035-04-01 00:00:00,0
173,1,1,2036-04-01 00:00:00,0
174,2,1,2036-04-01 00:00:00,0
175,3,1,2036-04-01 00:00:00,0
176,4,1,2036-04-01 00:00:00,0
177,1,1,2037-04-01 00:00:00,0
178,2,1,2037-04-01 00:00:00,0
179,3,1,2037-04-01 00:00:00,0
180,4,1,2037-04-01 00:00:00,0
181,1,1,2038-04-01 00:00:00,0
182,2,1,2038-04-01 00:00:00,0
183,3,1,2038-04-01 00:00:00,0
184,4,1,2038-04-01 00:00:00,0
185,1,1,2039-04-01 00:00:00,0
186,2,1,2039-04-01 00:00:00,0
187,3,1,2039-04-01 00:00:00,0
188,4,1,2039-04-01 00:00:00,0
189,1,1,2040-04-01 00:00:00,0
190,2,1,2040-04-01 00:00:00,0
191,3,1,2040-04-01 00:00:00,0
192,4,1,2040-04-01 00:00:00,0
193,1,1,2041-04-01 00:00:00,0
194,2,1,2041-04-01 00:00:00,0
195,3,1,2041-04-01 00:00:00,0
196,4,1,2041-04-01 00:00:00,0
197,1,1,2042-04-01 00:00:00,0
198,2,1,2042-04-01 00:00:00,0
199,3,1,2042-04-01 00:00:00,0
200,4,1,2042-04-01 00:00:00,0
201,1,1,2043-04-01 00:00:00,0
202,2,1,2043-04-01 00:00:00,0
203,3,1,2043-04-01 00:00:00,0
204,4,1,2043-04-01 00:00:00,0
205,1,1,2044-04-01 00:00:00,0
206,2,1,2044-04-01 00:00:00,0
207,3,1,2044-04-01 00:00:00,0
208,4,1,2044-04-01 00:00:00,0
209,1,1,2045-04-01 00:00:00,0
210,2,1,2045-04-01 00:00:00,0
211,3,1,2045-04-01 00:00:00,0
212,4,1,2045-04-01 00:00:00,0
213,1,1,2046-04-01 00:00:00,0
214,2,1,2046-04-01 00:00:00,0
215,3,1,2046-04-01 00:00:00,0
216,4,1,2046-04-01 00:00:00,0
217,1,1,2047-04-01 00:00:00,0
218,2,1,2047-04-01 00:00:00,0
219,3,1,2047-04-01 00:00:00,0
220,4,1,2047-04-01 00:00:00,0
221,1,1,2048-04-01 00:00:00,0
222,2,1,2048-04-01 00:00:00,0
223,3,1,2048-04-01 00:00:00,0
224,4,1,2048-04-01 00:00:00,0
225,1,1,2049-04-01 00:00:00,0
226,2,1,2049-04-01 00:00:00,0
227,3,1,2049-04-01 00:00:00,0
228,4,1,2049-04-01 00:00:00,0
229,1,1,2050-04-01 00:00:00,0
230,2,1,2050-04-01 00:00:00,0
231,3,1,2050-04-01 00:00:00,0
232,4,1,2050-04-01 00:00:00,0
233,1,1,2051-04-01 00:00:00,0
234,2,1,2051-04-01 00:00:00,0
235,3,1,2051-04-01 00:00:00,0
236,4,1,2051-04-01 00:00:00,0
237,1,1,2052-04-01 00:00:00,0
238,2,1,2052-04-01 00:00:00,0
239,3,1,2052-04-01 00:00:00,0
240,4,1,2052-04-01 00:00:00,0
241,1,1,2053-04-01 00:00:00,0
242,2,1,2053-04-01 00:00:00,0
243,3,1,2053-04-01 00:00:00,0
244,4,1,2053-04-01 00:00:00,0
245,1,1,2054-04-01 00:00:00,0
246,2,1,2054-04-01 00:00:00,0
247,3,1,2054-04-01 00:00:00,0
248,4,1,2054-04-01 00:00:00,0
249,5,1,2023-11-01 00:00:00,0
250,6,1,2023-11-01 00:00:00,0
251,7,1,2023-11-01 00:00:00,0
252,8,1,2023-11-01 00:00:00,0
253,5,1,2024-11-01 00:00:00,0
254,6,1,2024-11-01 00:00:00,0
255,7,1,2024-11-01 00:00:00,0
256,8,1,2024-11-01 00:00:00,0
257,5,1,2025-11-01 00:00:00,0
258,6,1,2025-11-01 00:00:00,0
259,7,1,2025-11-01 00:00:00,0
260,8,1,2025-11-01 00:00:00,0
261,5,1,2026-11-01 00:00:00,0
262,6,1,2026-11-01 00:00:00,0
263,7,1,2026-11-01 00:00:00,0
264,8,1,2026-11-01 00:00:00,0
265,5,1,2027-11-01 00:00:00,0
266,6,1,2027-11-01 00:00:00,0
267,7,1,2027-11-01 00:00:00,0
268,8,1,2027-11-01 00:00:00,0
269,5,1,2028-11-01 00:00:00,0
270,6,1,2028-11-01 00:00:00,0
271,7,1,2028-11-01 00:00:00,0
272,8,1,2028-11-01 00:00:00,0
273,5,1,2029-11-01 00:00:00,0
274,6,1,2029-11-01 00:00:00,0
275,7,1,2029-11-01 00:00:00,0
276,8,1,2029-11-01 00:00:00,0
277,5,1,2030-11-01 00:00:00,0
278,6,1,2030-11-01 00:00:00,0
279,7,1,2030-11-01 00:00:00,0
280,8,1,2030-11-01 00:00:00,0
281,5,1,2031-11-01 00:00:00,0
282,6,1,2031-11-01 00:00:00,0
283,7,1,2031-11-01 00:00:00,0
284,8,1,2031-11-01 00:00:00,0
285,5,1,2032-11-01 00:00:00,0
286,6,1,2032-11-01 00:00:00,0
287,7,1,2032-11-01 00:00:00,0
288,8,1,2032-11-01 00:00:00,0
289,5,1,2033-11-01 00:00:00,0
290,6,1,2033-11-01 00:00:00,0
291,7,1,2033-11-01 00:00:00,0
292,8,1,2033-11-01 00:00:00,0
293,5,1,2034-11-01 00:00:00,0
294,6,1,2034-11-01 00:00:00,0
295,7,1,2034-11-01 00:00:00,0
296,8,1,2034-11-01 00:00:00,0
297,5,1,2035-11-01 00:00:00,0
298,6,1,2035-11-01 00:00:00,0
299,7,1,2035-11-01 00:00:00,0
300,8,1,2035-11-01 00:00:00,0
301,5,1,2036-11-01 00:00:00,0
302,6,1,2036-11-01 00:00:00,0
303,7,1,2036-11-01 00:00:00,0
304,8,1,2036-11-01 00:00:00,0
305,5,1,2037-11-01 00:00:00,0
306,6,1,2037-11-01 00:00:00,0
307,7,1,2037-11-01 00:00:00,0
308,8,1,2037-11-01 00:00:00,0
309,5,1,2038-11-01 00:00:00,0
310,6,1,2038-11-01 00:00:00,0
311,7,1,2038-11-01 00:00:00,0
312,8,1,2038-11-01 00:00:00,0
313,5,1,2039-11-01 00:00:00,0
314,6,1,2039-11-01 00:00:00,0
315,7,1,2039-11-01 00:00:00,0
316,8,1,2039-11-01 00:00:00,0
317,5,1,2040-11-01 00:00:00,0
318,6,1,2040-11-01 00:00:00,0
319,7,1,2040-11-01 00:00:00,0
320,8,1,2040-11-01 00:00:00,0
321,5,1,2041-11-01 00:00:00,0
322,6,1,2041-11-01 00:00:00,0
323,7,1,2041-11-01 00:00:00,0
324,8,1,2041-11-01 00:00:00,0
325,5,1,2042-11-01 00:00:00,0
326,6,1,2042-11-01 00:00:00,0
327,7,1,2042-11-01 00:00:00,0
328,8,1,2042-11-01 00:00:00,0
329,5,1,2043-11-01 00:00:00,0
330,6,1,2043-11-01 00:00:00,0
331,7,1,2043-11-01 00:00:00,0
332,8,1,2043-11-01 00:00:00,0
333,5,1,2044-11-01 00:00:00,0
334,6,1,2044-11-01 00:00:00,0
335,7,1,2044-11-01 00:00:00,0
336,8,1,2044-11-01 00:00:00,0
337,5,1,2045-11-01 00:00:00,0
338,6,1,2045-11-01 00:00:00,0
339,7,1,2045-11-01 00:00:00,0
340,8,1,2045-11-01 00:00:00,0
341,5,1,2046-11-01 00:00:00,0
342,6,1,2046-11-01 00:00:00,0
343,7,1,2046-11-01 00:00:00,0
344,8,1,2046-11-01 00:00:00,0
345,5,1,2047-11-01 00:00:00,0
346,6,1,2047-11-01 00:00:00,0
347,7,1,2047-11-01 00:00:00,0
348,8,1,2047-11-01 00:00:00,0
349,5,1,2048-11-01 00:00:00,0
350,6,1,2048-11-01 00:00:00,0
351,7,1,2048-11-01 00:00:00,0
352,8,1,2048-11-01 00:00:00,0
353,5,1,2049-11-01 00:00:00,0
354,6,1,2049-11-01 00:00:00,0
355,7,1,2049-11-01 00:00:00,0
356,8,1,2049-11-01 00:00:00,0
357,5,1,2050-11-01 00:00:00,0
358,6,1,2050-11-01 00:00:00,0
359,7,1,2050-11-01 00:00:00,0
360,8,1,2050-11-01 00:00:00,0
361,5,1,2051-11-01 00:00:00,0
362,6,1,2051-11-01 00:00:00,0
363,7,1,2051-11-01 00:00:00,0
364,8,1,2051-11-01 00:00:00,0
365,5,1,2052-11-01 00:00:00,0
366,6,1,2052-11-01 00:00:00,0
367,7,1,2052-11-01 00:00:00,0
368,8,1,2052-11-01 00:00:00,0
369,5,1,2053-11-01 00:00:00,0
370,6,1,2053-11-01 00:00:00,0
371,7,1,2053-11-01 00:00:00,0
372,8,1,2053-11-01 00:00:00,0
373,5,1,2024-04-01 00:00:00,0
374,6,1,2024-04-01 00:00:00,0
375,7,1,2024-04-01 00:00:00,0
376,8,1,2024-04-01 00:00:00,0
377,5,1,2025-04-01 00:00:00,0
378,6,1,2025-04-01 00:00:00,0
379,7,1,2025-04-01 00:00:00,0
380,8,1,2025-04-01 00:00:00,0
381,5,1,2026-04-01 00:00:00,0
382,6,1,2026-04-01 00:00:00,0
383,7,1,2026-04-01 00:00:00,0
384,8,1,2026-04-01 00:00:00,0
385,5,1,2027-04-01 00:00:00,0
386,6,1,2027-04-01 00:00:00,0
387,7,1,2027-04-01 00:00:00,0
388,8,1,2027-04-01 00:00:00,0
389,5,1,2028-04-01 00:00:00,0
390,6,1,2028-04-01 00:00:00,0
391,7,1,2028-04-01 00:00:00,0
392,8,1,2028-04-01 00:00:00,0
393,5,1,2029-04-01 00:00:00,0
394,6,1,2029-04-01 00:00:00,0
395,7,1,2029-04-01 00:00:00,0
396,8,1,2029-04-01 00:00:00,0
397,5,1,2030-04-01 00:00:00,0
398,6,1,2030-04-01 00:00:00,0
399,7,1,2030-04-01 00:00:00,0
400,8,1,2030-04-01 00:00:00,0
401,5,1,2031-04-01 00:00:00,0
402,6,1,2031-04-01 00:00:00,0
403,7,1,2031-04-01 00:00:00,0
404,8,1,2031-04-01 00:00:00,0
405,5,1,2032-04-01 00:00:00,0
406,6,1,2032-04-01 00:00:00,0
407,7,1,2032-04-01 00:00:00,0
408,8,1,2032-04-01 00:00:00,0
409,5,1,2033-04-01 00:00:00,0
410,6,1,2033-04-01 00:00:00,0
411,7,1,2033-04-01 00:00:00,0
412,8,1,2033-04-01 00:00:00,0
413,5,1,2034-04-01 00:00:00,0
414,6,1,2034-04-01 00:00:00,0
415,7,1,2034-04-01 00:00:00,0
416,8,1,2034-04-01 00:00:00,0
417,5,1,2035-04-01 00:00:00,0
418,6,1,2035-04-01 00:00:00,0
419,7,1,2035-04-01 00:00:00,0
420,8,1,2035-04-01 00:00:00,0
421,5,1,2036-04-01 00:00:00,0
422,6,1,2036-04-01 00:00:00,0
423,7,1,2036-04-01 00:00:00,0
424,8,1,2036-04-01 00:00:00,0
425,5,1,2037-04-01 00:00:00,0
426,6,1,2037-04-01 00:00:00,0
427,7,1,2037-04-01 00:00:00,0
428,8,1,2037-04-01 00:00:00,0
429,5,1,2038-04-01 00:00:00,0
430,6,1,2038-04-01 00:00:00,0
431,7,1,2038-04-01 00:00:00,0
432,8,1,2038-04-01 00:00:00,0
433,5,1,2039-04-01 00:00:00,0
434,6,1,2039-04-01 00:00:00,0
435,7,1,2039-04-01 00:00:00,0
436,8,1,2039-04-01 00:00:00,0
437,5,1,2040-04-01 00:00:00,0
438,6,1,2040-04-01 00:00:00,0
439,7,1,2040-04-01 00:00:00,0
440,8,1,2040-04-01 00:00:00,0
441,5,1,2041-04-01 00:00:00,0
442,6,1,2041-04-01 00:00:00,0
443,7,1,2041-04-01 00:00:00,0
444,8,1,2041-04-01 00:00:00,0
445,5,1,2042-04-01 00:00:00,0
446,6,1,2042-04-01 00:00:00,0
447,7,1,2042-04-01 00:00:00,0
448,8,1,2042-04-01 00:00:00,0
449,5,1,2043-04-01 00:00:00,0
450,6,1,2043-04-01 00:00:00,0
451,7,1,2043-04-01 00:00:00,0
452,8,1,2043-04-01 00:00:00,0
453,5,1,2044-04-01 00:00:00,0
454,6,1,2044-04-01 00:00:00,0
455,7,1,2044-04-01 00:00:00,0
456,8,1,2044-04-01 00:00:00,0
457,5,1,2045-04-01 00:00:00,0
458,6,1,2045-04-01 00:00:00,0
459,7,1,2045-04-01 00:00:00,0
460,8,1,2045-04-01 00:00:00,0
461,5,1,2046-04-01 00:00:00,0
462,6,1,2046-04-01 00:00:00,0
463,7,1,2046-04-01 00:00:00,0
464,8,1,2046-04-01 00:00:00,0
465,5,1,2047-04-01 00:00:00,0
466,6,1,2047-04-01 00:00:00,0
467,7,1,2047-04-01 00:00:00,0
468,8,1,2047-04-01 00:00:00,0
469,5,1,2048-04-01 00:00:00,0
470,6,1,2048-04-01 00:00:00,0
471,7,1,2048-04-01 00:00:00,0
472,8,1,2048-04-01 00:00:00,0
473,5,1,2049-04-01 00:00:00,0
474,6,1,2049-04-01 00:00:00,0
475,7,1,2049-04-01 00:00:00,0
476,8,1,2049-04-01 00:00:00,0
477,5,1,2050-04-01 00:00:00,0
478,6,1,2050-04-01 00:00:00,0
479,7,1,2050-04-01 00:00:00,0
480,8,1,2050-04-01 00:00:00,0
481,5,1,2051-04-01 00:00:00,0
482,6,1,2051-04-01 00:00:00,0
483,7,1,2051-04-01 00:00:00,0
484,8,1,2051-04-01 00:00:00,0
485,5,1,2052-04-01 00:00:00,0
486,6,1,2052-04-01 00:00:00,0
487,7,1,2052-04-01 00:00:00,0
488,8,1,2052-04-01 00:00:00,0
489,5,1,2053-04-01 00:00:00,0
490,6,1,2053-04-01 00:00:00,0
491,7,1,2053-04-01 00:00:00,0
492,8,1,2053-04-01 00:00:00,0
493,5,1,2054-04-01 00:00:00,0
494,6,1,2054-04-01 00:00:00,0
495,7,1,2054-04-01 00:00:00,0
496,8,1,2054-04-01 00:00:00,0
497,9,1,2023-11-01 00:00:00,0
498,10,1,2023-11-01 00:00:00,0
499,11,1,2023-11-01 00:00:00,0
500,12,1,2023-11-01 00:00:00,0
501,9,1,2024-11-01 00:00:00,0
502,10,1,2024-11-01 00:00:00,0
503,11,1,2024-11-01 00:00:00,0
504,12,1,2024-11-01 00:00:00,0
505,9,1,2025-11-01 00:00:00,0
506,10,1,2025-11-01 00:00:00,0
507,11,1,2025-11-01 00:00:00,0
508,12,1,2025-11-01 00:00:00,0
509,9,1,2026-11-01 00:00:00,0
510,10,1,2026-11-01 00:00:00,0
511,11,1,2026-11-01 00:00:00,0
512,12,1,2026-11-01 00:00:00,0
513,9,1,2027-11-01 00:00:00,0
514,10,1,2027-11-01 00:00:00,0
515,11,1,2027-11-01 00:00:00,0
516,12,1,2027-11-01 00:00:00,0
517,9,1,2028-11-01 00:00:00,0
518,10,1,2028-11-01 00:00:00,0
519,11,1,2028-11-01 00:00:00,0
520,12,1,2028-11-01 00:00:00,0
521,9,1,2029-11-01 00:00:00,0
522,10,1,2029-11-01 00:00:00,0
523,11,1,2029-11-01 00:00:00,0
524,12,1,2029-11-01 00:00:00,0
525,9,1,2030-11-01 00:00:00,0
526,10,1,2030-11-01 00:00:00,0
527,11,1,2030-11-01 00:00:00,0
528,12,1,2030-11-01 00:00:00,0
529,9,1,2031-11-01 00:00:00,0
530,10,1,2031-11-01 00:00:00,0
531,11,1,2031-11-01 00:00:00,0
532,12,1,2031-11-01 00:00:00,0
533,9,1,2032-11-01 00:00:00,0
534,10,1,2032-11-01 00:00:00,0
535,11,1,2032-11-01 00:00:00,0
536,12,1,2032-11-01 00:00:00,0
537,9,1,2033-11-01 00:00:00,0
538,10,1,2033-11-01 00:00:00,0
539,11,1,2033-11-01 00:00:00,0
540,12,1,2033-11-01 00:00:00,0
541,9,1,2034-11-01 00:00:00,0
542,10,1,2034-11-01 00:00:00,0
543,11,1,2034-11-01 00:00:00,0
544,12,1,2034-11-01 00:00:00,0
545,9,1,2035-11-01 00:00:00,0
546,10,1,2035-11-01 00:00:00,0
547,11,1,2035-11-01 00:00:00,0
548,12,1,2035-11-01 00:00:00,0
549,9,1,2036-11-01 00:00:00,0
550,10,1,2036-11-01 00:00:00,0
551,11,1,2036-11-01 00:00:00,0
552,12,1,2036-11-01 00:00:00,0
553,9,1,2037-11-01 00:00:00,0
554,10,1,2037-11-01 00:00:00,0
555,11,1,2037-11-01 00:00:00,0
556,12,1,2037-11-01 00:00:00,0
557,9,1,2038-11-01 00:00:00,0
558,10,1,2038-11-01 00:00:00,0
559,11,1,2038-11-01 00:00:00,0
560,12,1,2038-11-01 00:00:00,0
561,9,1,2039-11-01 00:00:00,0
562,10,1,2039-11-01 00:00:00,0
563,11,1,2039-11-01 00:00:00,0
564,12,1,2039-11-01 00:00:00,0
565,9,1,2040-11-01 00:00:00,0
566,10,1,2040-11-01 00:00:00,0
567,11,1,2040-11-01 00:00:00,0
568,12,1,2040-11-01 00:00:00,0
569,9,1,2041-11-01 00:00:00,0
570,10,1,2041-11-01 00:00:00,0
571,11,1,2041-11-01 00:00:00,0
572,12,1,2041-11-01 00:00:00,0
573,9,1,2042-11-01 00:00:00,0
574,10,1,2042-11-01 00:00:00,0
575,11,1,2042-11-01 00:00:00,0
576,12,1,2042-11-01 00:00:00,0
577,9,1,2043-11-01 00:00:00,0
578,10,1,2043-11-01 00:00:00,0
579,11,1,2043-11-01 00:00:00,0
580,12,1,2043-11-01 00:00:00,0
581,9,1,2044-11-01 00:00:00,0
582,10,1,2044-11-01 00:00:00,0
583,11,1,2044-11-01 00:00:00,0
584,12,1,2044-11-01 00:00:00,0
585,9,1,2045-11-01 00:00:00,0
586,10,1,2045-11-01 00:00:00,0
587,11,1,2045-11-01 00:00:00,0
588,12,1,2045-11-01 00:00:00,0
589,9,1,2046-11-01 00:00:00,0
590,10,1,2046-11-01 00:00:00,0
591,11,1,2046-11-01 00:00:00,0
592,12,1,2046-11-01 00:00:00,0
593,9,1,2047-11-01 00:00:00,0
594,10,1,2047-11-01 00:00:00,0
595,11,1,2047-11-01 00:00:00,0
596,12,1,2047-11-01 00:00:00,0
597,9,1,2048-11-01 00:00:00,0
598,10,1,2048-11-01 00:00:00,0
599,11,1,2048-11-01 00:00:00,0
600,12,1,2048-11-01 00:00:00,0
601,9,1,2049-11-01 00:00:00,0
602,10,1,2049-11-01 00:00:00,0
603,11,1,2049-11-01 00:00:00,0
604,12,1,2049-11-01 00:00:00,0
605,9,1,2050-11-01 00:00:00,0
606,10,1,2050-11-01 00:00:00,0
607,11,1,2050-11-01 00:00:00,0
608,12,1,2050-11-01 00:00:00,0
609,9,1,2051-11-01 00:00:00,0
610,10,1,2051-11-01 00:00:00,0
611,11,1,2051-11-01 00:00:00,0
612,12,1,2051-11-01 00:00:00,0
613,9,1,2052-11-01 00:00:00,0
614,10,1,2052-11-01 00:00:00,0
615,11,1,2052-11-01 00:00:00,0
616,12,1,2052-11-01 00:00:00,0
617,9,1,2053-11-01 00:00:00,0
618,10,1,2053-11-01 00:00:00,0
619,11,1,2053-11-01 00:00:00,0
620,12,1,2053-11-01 00:00:00,0
621,9,1,2024-04-01 00:00:00,0
622,10,1,2024-04-01 00:00:00,0
623,11,1,2024-04-01 00:00:00,0
624,12,1,2024-04-01 00:00:00,0
625,9,1,2025-04-01 00:00:00,0
626,10,1,2025-04-01 00:00:00,0
627,11,1,2025-04-01 00:00:00,0
628,12,1,2025-04-01 00:00:00,0
629,9,1,2026-04-01 00:00:00,0
630,10,1,2026-04-01 00:00:00,0
631,11,1,2026-04-01 00:00:00,0
632,12,1,2026-04-01 00:00:00,0
633,9,1,2027-04-01 00:00:00,0
634,10,1,2027-04-01 00:00:00,0
635,11,1,2027-04-01 00:00:00,0
636,12,1,2027-04-01 00:00:00,0
637,9,1,2028-04-01 00:00:00,0
638,10,1,2028-04-01 00:00:00,0
639,11,1,2028-04-01 00:00:00,0
640,12,1,2028-04-01 00:00:00,0
641,9,1,2029-04-01 00:00:00,0
642,10,1,2029-04-01 00:00:00,0
643,11,1,2029-04-01 00:00:00,0
644,12,1,2029-04-01 00:00:00,0
645,9,1,2030-04-01 00:00:00,0
646,10,1,2030-04-01 00:00:00,0
647,11,1,2030-04-01 00:00:00,0
648,12,1,2030-04-01 00:00:00,0
649,9,1,2031-04-01 00:00:00,0
650,10,1,2031-04-01 00:00:00,0
651,11,1,2031-04-01 00:00:00,0
652,12,1,2031-04-01 00:00:00,0
653,9,1,2032-04-01 00:00:00,0
654,10,1,2032-04-01 00:00:00,0
655,11,1,2032-04-01 00:00:00,0
656,12,1,2032-04-01 00:00:00,0
657,9,1,2033-04-01 00:00:00,0
658,10,1,2033-04-01 00:00:00,0
659,11,1,2033-04-01 00:00:00,0
660,12,1,2033-04-01 00:00:00,0
661,9,1,2034-04-01 00:00:00,0
662,10,1,2034-04-01 00:00:00,0
663,11,1,2034-04-01 00:00:00,0
664,12,1,2034-04-01 00:00:00,0
665,9,1,2035-04-01 00:00:00,0
666,10,1,2035-04-01 00:00:00,0
667,11,1,2035-04-01 00:00:00,0
668,12,1,2035-04-01 00:00:00,0
669,9,1,2036-04-01 00:00:00,0
670,10,1,2036-04-01 00:00:00,0
671,11,1,2036-04-01 00:00:00,0
672,12,1,2036-04-01 00:00:00,0
673,9,1,2037-04-01 00:00:00,0
674,10,1,2037-04-01 00:00:00,0
675,11,1,2037-04-01 00:00:00,0
676,12,1,2037-04-01 00:00:00,0
677,9,1,2038-04-01 00:00:00,0
678,10,1,2038-04-01 00:00:00,0
679,11,1,2038-04-01 00:00:00,0
680,12,1,2038-04-01 00:00:00,0
681,9,1,2039-04-01 00:00:00,0
682,10,1,2039-04-01 00:00:00,0
683,11,1,2039-04-01 00:00:00,0
684,12,1,2039-04-01 00:00:00,0
685,9,1,2040-04-01 00:00:00,0
686,10,1,2040-04-01 00:00:00,0
687,11,1,2040-04-01 00:00:00,0
688,12,1,2040-04-01 00:00:00,0
689,9,1,2041-04-01 00:00:00,0
690,10,1,2041-04-01 00:00:00,0
691,11,1,2041-04-01 00:00:00,0
692,12,1,2041-04-01 00:00:00,0
693,9,1,2042-04-01 00:00:00,0
694,10,1,2042-04-01 00:00:00,0
695,11,1,2042-04-01 00:00:00,0
696,12,1,2042-04-01 00:00:00,0
697,9,1,2043-04-01 00:00:00,0
698,10,1,2043-04-01 00:00:00,0
699,11,1,2043-04-01 00:00:00,0
700,12,1,2043-04-01 00:00:00,0
701,9,1,2044-04-01 00:00:00,0
702,10,1,2044-04-01 00:00:00,0
703,11,1,2044-04-01 00:00:00,0
704,12,1,2044-04-01 00:00:00,0
705,9,1,2045-04-01 00:00:00,0
706,10,1,2045-04-01 00:00:00,0
707,11,1,2045-04-01 00:00:00,0
708,12,1,2045-04-01 00:00:00,0
709,9,1,2046-04-01 00:00:00,0
710,10,1,2046-04-01 00:00:00,0
711,11,1,2046-04-01 00:00:00,0
712,12,1,2046-04-01 00:00:00,0
713,9,1,2047-04-01 00:00:00,0
714,10,1,2047-04-01 00:00:00,0
715,11,1,2047-04-01 00:00:00,0
716,12,1,2047-04-01 00:00:00,0
717,9,1,2048-04-01 00:00:00,0
718,10,1,2048-04-01 00:00:00,0
719,11,1,2048-04-01 00:00:00,0
720,12,1,2048-04-01 00:00:00,0
721,9,1,2049-04-01 00:00:00,0
722,10,1,2049-04-01 00:00:00,0
723,11,1,2049-04-01 00:00:00,0
724,12,1,2049-04-01 00:00:00,0
725,9,1,2050-04-01 00:00:00,0
726,10,1,2050-04-01 00:00:00,0
727,11,1,2050-04-01 00:00:00,0
728,12,1,2050-04-01 00:00:00,0
729,9,1,2051-04-01 00:00:00,0
730,10,1,2051-04-01 00:00:00,0
731,11,1,2051-04-01 00:00:00,0
732,12,1,2051-04-01 00:00:00,0
733,9,1,2052-04-01 00:00:00,0
734,10,1,2052-04-01 00:00:00,0
735,11,1,2052-04-01 00:00:00,0
736,12,1,2052-04-01 00:00:00,0
737,9,1,2053-04-01 00:00:00,0
738,10,1,2053-04-01 00:00:00,0
739,11,1,2053-04-01 00:00:00,0
740,12,1,2053-04-01 00:00:00,0
741,9,1,2054-04-01 00:00:00,0
742,10,1,2054-04-01 00:00:00,0
743,11,1,2054-04-01 00:00:00,0
744,12,1,2054-04-01 00:00:00,0
745,13,1,2023-11-01 00:00:00,22.02
746,14,1,2023-11-01 00:00:00,32.129999999999995
747,15,1,2023-11-01 00:00:00,97.71000000000001
748,16,1,2023-11-01 00:00:00,37.25999999999999
749,13,1,2024-11-01 00:00:00,22.29
750,14,1,2024-11-01 00:00:00,32.53
751,15,1,2024-11-01 00:00:00,98.93
752,16,1,2024-11-01 00:00:00,37.72
753,13,1,2025-11-01 00:00:00,22.45
754,14,1,2025-11-01 00:00:00,32.760000000000005
755,15,1,2025-11-01 00:00:00,99.63
756,16,1,2025-11-01 00:00:00,37.99000000000001
757,13,1,2026-11-01 00:00:00,22.85
758,14,1,2026-11-01 00:00:00,33.35
759,15,1,2026-11-01 00:00:00,101.41000000000001
760,16,1,2026-11-01 00:00:00,38.67999999999998
761,13,1,2027-11-01 00:00:00,23.15
762,14,1,2027-11-01 00:00:00,33.79
763,15,1,2027-11-01 00:00:00,102.74000000000001
764,16,1,2027-11-01 00:00:00,39.18000000000001
765,13,1,2028-11-01 00:00:00,23.52
766,14,1,2028-11-01 00:00:00,34.33
767,15,1,2028-11-01 00:00:00,104.39000000000001
768,16,1,2028-11-01 00:00:00,39.79999999999998
769,13,1,2029-11-01 00:00:00,22.17
770,14,1,2029-11-01 00:00:00,32.35
771,15,1,2029-11-01 00:00:00,98.38
772,16,1,2029-11-01 00:00:00,37.50999999999999
773,13,1,2030-11-01 00:00:00,22.64
774,14,1,2030-11-01 00:00:00,33.03
775,15,1,2030-11-01 00:00:00,100.45
776,16,1,2030-11-01 00:00:00,38.31
777,13,1,2031-11-01 00:00:00,22.98
778,14,1,2031-11-01 00:00:00,33.53
779,15,1,2031-11-01 00:00:00,101.97
780,16,1,2031-11-01 00:00:00,38.880000000000024
781,13,1,2032-11-01 00:00:00,23.31
782,14,1,2032-11-01 00:00:00,34.010000000000005
783,15,1,2032-11-01 00:00:00,103.44
784,16,1,2032-11-01 00:00:00,39.44
785,13,1,2033-11-01 00:00:00,23.73
786,14,1,2033-11-01 00:00:00,34.629999999999995
787,15,1,2033-11-01 00:00:00,105.3
788,16,1,2033-11-01 00:00:00,40.16
789,13,1,2034-11-01 00:00:00,24.19
790,14,1,2034-11-01 00:00:00,35.3
791,15,1,2034-11-01 00:00:00,107.35
792,16,1,2034-11-01 00:00:00,40.94
793,13,1,2035-11-01 00:00:00,24.69
794,14,1,2035-11-01 00:00:00,36.019999999999996
795,15,1,2035-11-01 00:00:00,109.54999999999998
796,16,1,2035-11-01 00:00:00,41.77000000000001
797,13,1,2036-11-01 00:00:00,25.24
798,14,1,2036-11-01 00:00:00,36.83
799,15,1,2036-11-01 00:00:00,111.99000000000001
800,16,1,2036-11-01 00:00:00,42.71000000000001
801,13,1,2037-11-01 00:00:00,25.59
802,14,1,2037-11-01 00:00:00,37.33
803,15,1,2037-11-01 00:00:00,113.52999999999999
804,16,1,2037-11-01 00:00:00,43.29000000000002
805,13,1,2038-11-01 00:00:00,25.96
806,14,1,2038-11-01 00:00:00,37.88
807,15,1,2038-11-01 00:00:00,115.19
808,16,1,2038-11-01 00:00:00,43.93000000000001
809,13,1,2039-11-01 00:00:00,26.51
810,14,1,2039-11-01 00:00:00,38.67999999999999
811,15,1,2039-11-01 00:00:00,117.63
812,16,1,2039-11-01 00:00:00,44.860000000000014
813,13,1,2040-11-01 00:00:00,26.82
814,14,1,2040-11-01 00:00:00,39.13999999999999
815,15,1,2040-11-01 00:00:00,119.02
816,16,1,2040-11-01 00:00:00,45.390000000000015
817,13,1,2041-11-01 00:00:00,27.05
818,14,1,2041-11-01 00:00:00,39.46000000000001
819,15,1,2041-11-01 00:00:00,120.01
820,16,1,2041-11-01 00:00:00,45.75999999999999
821,13,1,2042-11-01 00:00:00,27.34
822,14,1,2042-11-01 00:00:00,39.879999999999995
823,15,1,2042-11-01 00:00:00,121.30000000000001
824,16,1,2042-11-01 00:00:00,46.25999999999999
825,13,1,2043-11-01 00:00:00,27.59
826,14,1,2043-11-01 00:00:00,40.25999999999999
827,15,1,2043-11-01 00:00:00,122.43
828,16,1,2043-11-01 00:00:00,46.68000000000001
829,13,1,2044-11-01 00:00:00,27.76
830,14,1,2044-11-01 00:00:00,40.519999999999996
831,15,1,2044-11-01 00:00:00,123.19999999999999
832,16,1,2044-11-01 00:00:00,46.98000000000002
833,13,1,2045-11-01 00:00:00,27.99
834,14,1,2045-11-01 00:00:00,40.84
835,15,1,2045-11-01 00:00:00,124.19000000000001
836,16,1,2045-11-01 00:00:00,47.359999999999985
837,13,1,2046-11-01 00:00:00,28.31
838,14,1,2046-11-01 00:00:00,41.31999999999999
839,15,1,2046-11-01 00:00:00,125.63
840,16,1,2046-11-01 00:00:00,47.91
841,13,1,2047-11-01 00:00:00,28.52
842,14,1,2047-11-01 00:00:00,41.620000000000005
843,15,1,2047-11-01 00:00:00,126.55
844,16,1,2047-11-01 00:00:00,48.27000000000001
845,13,1,2048-11-01 00:00:00,29.25
846,14,1,2048-11-01 00:00:00,42.67
847,15,1,2048-11-01 00:00:00,129.76999999999998
848,16,1,2048-11-01 00:00:00,49.47999999999999
849,13,1,2049-11-01 00:00:00,29.82
850,14,1,2049-11-01 00:00:00,43.51
851,15,1,2049-11-01 00:00:00,132.32
852,16,1,2049-11-01 00:00:00,50.45000000000002
853,13,1,2050-11-01 00:00:00,30.44
854,14,1,2050-11-01 00:00:00,44.41
855,15,1,2050-11-01 00:00:00,135.06
856,16,1,2050-11-01 00:00:00,51.50000000000003
857,13,1,2051-11-01 00:00:00,30.56
858,14,1,2051-11-01 00:00:00,44.599999999999994
859,15,1,2051-11-01 00:00:00,135.63
860,16,1,2051-11-01 00:00:00,51.72
861,13,1,2052-11-01 00:00:00,30.97
862,14,1,2052-11-01 00:00:00,45.19
863,15,1,2052-11-01 00:00:00,137.41
864,16,1,2052-11-01 00:00:00,52.400000000000034
865,13,1,2053-11-01 00:00:00,31.29
866,14,1,2053-11-01 00:00:00,45.660000000000004
867,15,1,2053-11-01 00:00:00,138.86
868,16,1,2053-11-01 00:00:00,52.94999999999999
869,13,1,2024-04-01 00:00:00,22.02
870,14,1,2024-04-01 00:00:00,32.129999999999995
871,15,1,2024-04-01 00:00:00,97.71000000000001
872,16,1,2024-04-01 00:00:00,37.25999999999999
873,13,1,2025-04-01 00:00:00,22.18
874,14,1,2025-04-01 00:00:00,32.36
875,15,1,2025-04-01 00:00:00,98.42000000000002
876,16,1,2025-04-01 00:00:00,37.53
877,13,1,2026-04-01 00:00:00,22.31
878,14,1,2026-04-01 00:00:00,32.56
879,15,1,2026-04-01 00:00:00,99.00999999999999
880,16,1,2026-04-01 00:00:00,37.75999999999999
881,13,1,2027-04-01 00:00:00,22.61
882,14,1,2027-04-01 00:00:00,33
883,15,1,2027-04-01 00:00:00,100.33999999999999
884,16,1,2027-04-01 00:00:00,38.27000000000001
885,13,1,2028-04-01 00:00:00,22.96
886,14,1,2028-04-01 00:00:00,33.49
887,15,1,2028-04-01 00:00:00,101.86
888,16,1,2028-04-01 00:00:00,38.849999999999994
889,13,1,2029-04-01 00:00:00,21.94
890,14,1,2029-04-01 00:00:00,32.019999999999996
891,15,1,2029-04-01 00:00:00,97.37
892,16,1,2029-04-01 00:00:00,37.129999999999995
893,13,1,2030-04-01 00:00:00,21.76
894,14,1,2030-04-01 00:00:00,31.749999999999996
895,15,1,2030-04-01 00:00:00,96.55000000000001
896,16,1,2030-04-01 00:00:00,36.81999999999999
897,13,1,2031-04-01 00:00:00,22.24
898,14,1,2031-04-01 00:00:00,32.44
899,15,1,2031-04-01 00:00:00,98.68
900,16,1,2031-04-01 00:00:00,37.629999999999995
901,13,1,2032-04-01 00:00:00,22.57
902,14,1,2032-04-01 00:00:00,32.94
903,15,1,2032-04-01 00:00:00,100.17000000000002
904,16,1,2032-04-01 00:00:00,38.19
905,13,1,2033-04-01 00:00:00,22.96
906,14,1,2033-04-01 00:00:00,33.51
907,15,1,2033-04-01 00:00:00,101.89000000000001
908,16,1,2033-04-01 00:00:00,38.849999999999994
909,13,1,2034-04-01 00:00:00,23.4
910,14,1,2034-04-01 00:00:00,34.14
911,15,1,2034-04-01 00:00:00,103.83000000000001
912,16,1,2034-04-01 00:00:00,39.59
913,13,1,2035-04-01 00:00:00,23.9
914,14,1,2035-04-01 00:00:00,34.86
915,15,1,2035-04-01 00:00:00,106.03
916,16,1,2035-04-01 00:00:00,40.44
917,13,1,2036-04-01 00:00:00,24.47
918,14,1,2036-04-01 00:00:00,35.7
919,15,1,2036-04-01 00:00:00,108.57000000000001
920,16,1,2036-04-01 00:00:00,41.39999999999998
921,13,1,2037-04-01 00:00:00,25.08
922,14,1,2037-04-01 00:00:00,36.6
923,15,1,2037-04-01 00:00:00,111.28999999999999
924,16,1,2037-04-01 00:00:00,42.44
925,13,1,2038-04-01 00:00:00,25.51
926,14,1,2038-04-01 00:00:00,37.22
927,15,1,2038-04-01 00:00:00,113.20000000000002
928,16,1,2038-04-01 00:00:00,43.16999999999999
929,13,1,2039-04-01 00:00:00,25.88
930,14,1,2039-04-01 00:00:00,37.760000000000005
931,15,1,2039-04-01 00:00:00,114.83999999999999
932,16,1,2039-04-01 00:00:00,43.79000000000002
933,13,1,2040-04-01 00:00:00,26.43
934,14,1,2040-04-01 00:00:00,38.550000000000004
935,15,1,2040-04-01 00:00:00,117.27
936,16,1,2040-04-01 00:00:00,44.71000000000001
937,13,1,2041-04-01 00:00:00,26.7
938,14,1,2041-04-01 00:00:00,38.95
939,15,1,2041-04-01 00:00:00,118.47
940,16,1,2041-04-01 00:00:00,45.18000000000001
941,13,1,2042-04-01 00:00:00,26.98
942,14,1,2042-04-01 00:00:00,39.36
943,15,1,2042-04-01 00:00:00,119.71000000000001
944,16,1,2042-04-01 00:00:00,45.64999999999998
945,13,1,2043-04-01 00:00:00,27.31
946,14,1,2043-04-01 00:00:00,39.84
947,15,1,2043-04-01 00:00:00,121.16
948,16,1,2043-04-01 00:00:00,46.19999999999999
949,13,1,2044-04-01 00:00:00,27.54
950,14,1,2044-04-01 00:00:00,40.199999999999996
951,15,1,2044-04-01 00:00:00,122.22000000000001
952,16,1,2044-04-01 00:00:00,46.609999999999985
953,13,1,2045-04-01 00:00:00,27.64
954,14,1,2045-04-01 00:00:00,40.34
955,15,1,2045-04-01 00:00:00,122.65999999999998
956,16,1,2045-04-01 00:00:00,46.78
957,13,1,2046-04-01 00:00:00,27.88
958,14,1,2046-04-01 00:00:00,40.68000000000001
959,15,1,2046-04-01 00:00:00,123.71000000000001
960,16,1,2046-04-01 00:00:00,47.17999999999998
961,13,1,2047-04-01 00:00:00,28.26
962,14,1,2047-04-01 00:00:00,41.239999999999995
963,15,1,2047-04-01 00:00:00,125.41
964,16,1,2047-04-01 00:00:00,47.81999999999999
965,13,1,2048-04-01 00:00:00,28.53
966,14,1,2048-04-01 00:00:00,41.629999999999995
967,15,1,2048-04-01 00:00:00,126.61000000000001
968,16,1,2048-04-01 00:00:00,48.28
969,13,1,2049-04-01 00:00:00,29.51
970,14,1,2049-04-01 00:00:00,43.05999999999999
971,15,1,2049-04-01 00:00:00,130.96
972,16,1,2049-04-01 00:00:00,49.94
973,13,1,2050-04-01 00:00:00,30.18
974,14,1,2050-04-01 00:00:00,44.04
975,15,1,2050-04-01 00:00:00,133.93
976,16,1,2050-04-01 00:00:00,51.07000000000002
977,13,1,2051-04-01 00:00:00,30.79
978,14,1,2051-04-01 00:00:00,44.940000000000005
979,15,1,2051-04-01 00:00:00,136.64
980,16,1,2051-04-01 00:00:00,52.10000000000002
981,13,1,2052-04-01 00:00:00,31.05
982,14,1,2052-04-01 00:00:00,45.3
983,15,1,2052-04-01 00:00:00,137.77
984,16,1,2052-04-01 00:00:00,52.54000000000002
985,13,1,2053-04-01 00:00:00,31.41
986,14,1,2053-04-01 00:00:00,45.84
987,15,1,2053-04-01 00:00:00,139.39
988,16,1,2053-04-01 00:00:00,53.150000000000034
989,13,1,2054-04-01 00:00:00,31.75
990,14,1,2054-04-01 00:00:00,46.34
991,15,1,2054-04-01 00:00:00,140.9
992,16,1,2054-04-01 00:00:00,53.73000000000002
993,17,1,2023-11-01 00:00:00,0
994,18,1,2023-11-01 00:00:00,0
995,19,1,2023-11-01 00:00:00,0
996,20,1,2023-11-01 00:00:00,0
997,17,1,2024-11-01 00:00:00,0
998,18,1,2024-11-01 00:00:00,0
999,19,1,2024-11-01 00:00:00,0
1000,20,1,2024-11-01 00:00:00,0
1001,17,1,2025-11-01 00:00:00,0
1002,18,1,2025-11-01 00:00:00,0
1003,19,1,2025-11-01 00:00:00,0
1004,20,1,2025-11-01 00:00:00,0
1005,17,1,2026-11-01 00:00:00,0
1006,18,1,2026-11-01 00:00:00,0
1007,19,1,2026-11-01 00:00:00,0
1008,20,1,2026-11-01 00:00:00,0
1009,17,1,2027-11-01 00:00:00,0
1010,18,1,2027-11-01 00:00:00,0
1011,19,1,2027-11-01 00:00:00,0
1012,20,1,2027-11-01 00:00:00,0
1013,17,1,2028-11-01 00:00:00,0
1014,18,1,2028-11-01 00:00:00,0
1015,19,1,2028-11-01 00:00:00,0
1016,20,1,2028-11-01 00:00:00,0
1017,17,1,2029-11-01 00:00:00,0
1018,18,1,2029-11-01 00:00:00,0
1019,19,1,2029-11-01 00:00:00,0
1020,20,1,2029-11-01 00:00:00,0
1021,17,1,2030-11-01 00:00:00,0
1022,18,1,2030-11-01 00:00:00,0
1023,19,1,2030-11-01 00:00:00,0
1024,20,1,2030-11-01 00:00:00,0
1025,17,1,2031-11-01 00:00:00,0
1026,18,1,2031-11-01 00:00:00,0
1027,19,1,2031-11-01 00:00:00,0
1028,20,1,2031-11-01 00:00:00,0
1029,17,1,2032-11-01 00:00:00,0
1030,18,1,2032-11-01 00:00:00,0
1031,19,1,2032-11-01 00:00:00,0
1032,20,1,2032-11-01 00:00:00,0
1033,17,1,2033-11-01 00:00:00,0
1034,18,1,2033-11-01 00:00:00,0
1035,19,1,2033-11-01 00:00:00,0
1036,20,1,2033-11-01 00:00:00,0
1037,17,1,2034-11-01 00:00:00,0
1038,18,1,2034-11-01 00:00:00,0
1039,19,1,2034-11-01 00:00:00,0
1040,20,1,2034-11-01 00:00:00,0
1041,17,1,2035-11-01 00:00:00,0
1042,18,1,2035-11-01 00:00:00,0
1043,19,1,2035-11-01 00:00:00,0
1044,20,1,2035-11-01 00:00:00,0
1045,17,1,2036-11-01 00:00:00,0
1046,18,1,2036-11-01 00:00:00,0
1047,19,1,2036-11-01 00:00:00,0
1048,20,1,2036-11-01 00:00:00,0
1049,17,1,2037-11-01 00:00:00,0
1050,18,1,2037-11-01 00:00:00,0
1051,19,1,2037-11-01 00:00:00,0
1052,20,1,2037-11-01 00:00:00,0
1053,17,1,2038-11-01 00:00:00,0
1054,18,1,2038-11-01 00:00:00,0
1055,19,1,2038-11-01 00:00:00,0
1056,20,1,2038-11-01 00:00:00,0
1057,17,1,2039-11-01 00:00:00,0
1058,18,1,2039-11-01 00:00:00,0
1059,19,1,2039-11-01 00:00:00,0
1060,20,1,2039-11-01 00:00:00,0
1061,17,1,2040-11-01 00:00:00,0
1062,18,1,2040-11-01 00:00:00,0
1063,19,1,2040-11-01 00:00:00,0
1064,20,1,2040-11-01 00:00:00,0
1065,17,1,2041-11-01 00:00:00,0
1066,18,1,2041-11-01 00:00:00,0
1067,19,1,2041-11-01 00:00:00,0
1068,20,1,2041-11-01 00:00:00,0
1069,17,1,2042-11-01 00:00:00,0
1070,18,1,2042-11-01 00:00:00,0
1071,19,1,2042-11-01 00:00:00,0
1072,20,1,2042-11-01 00:00:00,0
1073,17,1,2043-11-01 00:00:00,0
1074,18,1,2043-11-01 00:00:00,0
1075,19,1,2043-11-01 00:00:00,0
1076,20,1,2043-11-01 00:00:00,0
1077,17,1,2044-11-01 00:00:00,0
1078,18,1,2044-11-01 00:00:00,0
1079,19,1,2044-11-01 00:00:00,0
1080,20,1,2044-11-01 00:00:00,0
1081,17,1,2045-11-01 00:00:00,0
1082,18,1,2045-11-01 00:00:00,0
1083,19,1,2045-11-01 00:00:00,0
1084,20,1,2045-11-01 00:00:00,0
1085,17,1,2046-11-01 00:00:00,0
1086,18,1,2046-11-01 00:00:00,0
1087,19,1,2046-11-01 00:00:00,0
1088,20,1,2046-11-01 00:00:00,0
1089,17,1,2047-11-01 00:00:00,0
1090,18,1,2047-11-01 00:00:00,0
1091,19,1,2047-11-01 00:00:00,0
1092,20,1,2047-11-01 00:00:00,0
1093,17,1,2048-11-01 00:00:00,0
1094,18,1,2048-11-01 00:00:00,0
1095,19,1,2048-11-01 00:00:00,0
1096,20,1,2048-11-01 00:00:00,0
1097,17,1,2049-11-01 00:00:00,0
1098,18,1,2049-11-01 00:00:00,0
1099,19,1,2049-11-01 00:00:00,0
1100,20,1,2049-11-01 00:00:00,0
1101,17,1,2050-11-01 00:00:00,0
1102,18,1,2050-11-01 00:00:00,0
1103,19,1,2050-11-01 00:00:00,0
1104,20,1,2050-11-01 00:00:00,0
1105,17,1,2051-11-01 00:00:00,0
1106,18,1,2051-11-01 00:00:00,0
1107,19,1,2051-11-01 00:00:00,0
1108,20,1,2051-11-01 00:00:00,0
1109,17,1,2052-11-01 00:00:00,0
1110,18,1,2052-11-01 00:00:00,0
1111,19,1,2052-11-01 00:00:00,0
1112,20,1,2052-11-01 00:00:00,0
1113,17,1,2053-11-01 00:00:00,0
1114,18,1,2053-11-01 00:00:00,0
1115,19,1,2053-11-01 00:00:00,0
1116,20,1,2053-11-01 00:00:00,0
1117,17,1,2024-04-01 00:00:00,0
1118,18,1,2024-04-01 00:00:00,0
1119,19,1,2024-04-01 00:00:00,0
1120,20,1,2024-04-01 00:00:00,0
1121,17,1,2025-04-01 00:00:00,0
1122,18,1,2025-04-01 00:00:00,0
1123,19,1,2025-04-01 00:00:00,0
1124,20,1,2025-04-01 00:00:00,0
1125,17,1,2026-04-01 00:00:00,0
1126,18,1,2026-04-01 00:00:00,0
1127,19,1,2026-04-01 00:00:00,0
1128,20,1,2026-04-01 00:00:00,0
1129,17,1,2027-04-01 00:00:00,0
1130,18,1,2027-04-01 00:00:00,0
1131,19,1,2027-04-01 00:00:00,0
1132,20,1,2027-04-01 00:00:00,0
1133,17,1,2028-04-01 00:00:00,0
1134,18,1,2028-04-01 00:00:00,0
1135,19,1,2028-04-01 00:00:00,0
1136,20,1,2028-04-01 00:00:00,0
1137,17,1,2029-04-01 00:00:00,0
1138,18,1,2029-04-01 00:00:00,0
1139,19,1,2029-04-01 00:00:00,0
1140,20,1,2029-04-01 00:00:00,0
1141,17,1,2030-04-01 00:00:00,0
1142,18,1,2030-04-01 00:00:00,0
1143,19,1,2030-04-01 00:00:00,0
1144,20,1,2030-04-01 00:00:00,0
1145,17,1,2031-04-01 00:00:00,0
1146,18,1,2031-04-01 00:00:00,0
1147,19,1,2031-04-01 00:00:00,0
1148,20,1,2031-04-01 00:00:00,0
1149,17,1,2032-04-01 00:00:00,0
1150,18,1,2032-04-01 00:00:00,0
1151,19,1,2032-04-01 00:00:00,0
1152,20,1,2032-04-01 00:00:00,0
1153,17,1,2033-04-01 00:00:00,0
1154,18,1,2033-04-01 00:00:00,0
1155,19,1,2033-04-01 00:00:00,0
1156,20,1,2033-04-01 00:00:00,0
1157,17,1,2034-04-01 00:00:00,0
1158,18,1,2034-04-01 00:00:00,0
1159,19,1,2034-04-01 00:00:00,0
1160,20,1,2034-04-01 00:00:00,0
1161,17,1,2035-04-01 00:00:00,0
1162,18,1,2035-04-01 00:00:00,0
1163,19,1,2035-04-01 00:00:00,0
1164,20,1,2035-04-01 00:00:00,0
1165,17,1,2036-04-01 00:00:00,0
1166,18,1,2036-04-01 00:00:00,0
1167,19,1,2036-04-01 00:00:00,0
1168,20,1,2036-04-01 00:00:00,0
1169,17,1,2037-04-01 00:00:00,0
1170,18,1,2037-04-01 00:00:00,0
1171,19,1,2037-04-01 00:00:00,0
1172,20,1,2037-04-01 00:00:00,0
1173,17,1,2038-04-01 00:00:00,0
1174,18,1,2038-04-01 00:00:00,0
1175,19,1,2038-04-01 00:00:00,0
1176,20,1,2038-04-01 00:00:00,0
1177,17,1,2039-04-01 00:00:00,0
1178,18,1,2039-04-01 00:00:00,0
1179,19,1,2039-04-01 00:00:00,0
1180,20,1,2039-04-01 00:00:00,0
1181,17,1,2040-04-01 00:00:00,0
1182,18,1,2040-04-01 00:00:00,0
1183,19,1,2040-04-01 00:00:00,0
1184,20,1,2040-04-01 00:00:00,0
1185,17,1,2041-04-01 00:00:00,0
1186,18,1,2041-04-01 00:00:00,0
1187,19,1,2041-04-01 00:00:00,0
1188,20,1,2041-04-01 00:00:00,0
1189,17,1,2042-04-01 00:00:00,0
1190,18,1,2042-04-01 00:00:00,0
1191,19,1,2042-04-01 00:00:00,0
1192,20,1,2042-04-01 00:00:00,0
1193,17,1,2043-04-01 00:00:00,0
1194,18,1,2043-04-01 00:00:00,0
1195,19,1,2043-04-01 00:00:00,0
1196,20,1,2043-04-01 00:00:00,0
1197,17,1,2044-04-01 00:00:00,0
1198,18,1,2044-04-01 00:00:00,0
1199,19,1,2044-04-01 00:00:00,0
1200,20,1,2044-04-01 00:00:00,0
1201,17,1,2045-04-01 00:00:00,0
1202,18,1,2045-04-01 00:00:00,0
1203,19,1,2045-04-01 00:00:00,0
1204,20,1,2045-04-01 00:00:00,0
1205,17,1,2046-04-01 00:00:00,0
1206,18,1,2046-04-01 00:00:00,0
1207,19,1,2046-04-01 00:00:00,0
1208,20,1,2046-04-01 00:00:00,0
1209,17,1,2047-04-01 00:00:00,0
1210,18,1,2047-04-01 00:00:00,0
1211,19,1,2047-04-01 00:00:00,0
1212,20,1,2047-04-01 00:00:00,0
1213,17,1,2048-04-01 00:00:00,0
1214,18,1,2048-04-01 00:00:00,0
1215,19,1,2048-04-01 00:00:00,0
1216,20,1,2048-04-01 00:00:00,0
1217,17,1,2049-04-01 00:00:00,0
1218,18,1,2049-04-01 00:00:00,0
1219,19,1,2049-04-01 00:00:00,0
1220,20,1,2049-04-01 00:00:00,0
1221,17,1,2050-04-01 00:00:00,0
1222,18,1,2050-04-01 00:00:00,0
1223,19,1,2050-04-01 00:00:00,0
1224,20,1,2050-04-01 00:00:00,0
1225,17,1,2051-04-01 00:00:00,0
1226,18,1,2051-04-01 00:00:00,0
1227,19,1,2051-04-01 00:00:00,0
1228,20,1,2051-04-01 00:00:00,0
1229,17,1,2052-04-01 00:00:00,0
1230,18,1,2052-04-01 00:00:00,0
1231,19,1,2052-04-01 00:00:00,0
1232,20,1,2052-04-01 00:00:00,0
1233,17,1,2053-04-01 00:00:00,0
1234,18,1,2053-04-01 00:00:00,0
1235,19,1,2053-04-01 00:00:00,0
1236,20,1,2053-04-01 00:00:00,0
1237,17,1,2054-04-01 00:00:00,0
1238,18,1,2054-04-01 00:00:00,0
1239,19,1,2054-04-01 00:00:00,0
1240,20,1,2054-04-01 00:00:00,0
1241,21,1,2023-11-01 00:00:00,0
1242,22,1,2023-11-01 00:00:00,0
1243,23,1,2023-11-01 00:00:00,0
1244,24,1,2023-11-01 00:00:00,0
1245,21,1,2024-11-01 00:00:00,0
1246,22,1,2024-11-01 00:00:00,0
1247,23,1,2024-11-01 00:00:00,0
1248,24,1,2024-11-01 00:00:00,0
1249,21,1,2025-11-01 00:00:00,0
1250,22,1,2025-11-01 00:00:00,0
1251,23,1,2025-11-01 00:00:00,0
1252,24,1,2025-11-01 00:00:00,0
1253,21,1,2026-11-01 00:00:00,0
1254,22,1,2026-11-01 00:00:00,0
1255,23,1,2026-11-01 00:00:00,0
1256,24,1,2026-11-01 00:00:00,0
1257,21,1,2027-11-01 00:00:00,0
1258,22,1,2027-11-01 00:00:00,0
1259,23,1,2027-11-01 00:00:00,0
1260,24,1,2027-11-01 00:00:00,0
1261,21,1,2028-11-01 00:00:00,0
1262,22,1,2028-11-01 00:00:00,0
1263,23,1,2028-11-01 00:00:00,0
1264,24,1,2028-11-01 00:00:00,0
1265,21,1,2029-11-01 00:00:00,0
1266,22,1,2029-11-01 00:00:00,0
1267,23,1,2029-11-01 00:00:00,0
1268,24,1,2029-11-01 00:00:00,0
1269,21,1,2030-11-01 00:00:00,0
1270,22,1,2030-11-01 00:00:00,0
1271,23,1,2030-11-01 00:00:00,0
1272,24,1,2030-11-01 00:00:00,0
1273,21,1,2031-11-01 00:00:00,0
1274,22,1,2031-11-01 00:00:00,0
1275,23,1,2031-11-01 00:00:00,0
1276,24,1,2031-11-01 00:00:00,0
1277,21,1,2032-11-01 00:00:00,0
1278,22,1,2032-11-01 00:00:00,0
1279,23,1,2032-11-01 00:00:00,0
1280,24,1,2032-11-01 00:00:00,0
1281,21,1,2033-11-01 00:00:00,0
1282,22,1,2033-11-01 00:00:00,0
1283,23,1,2033-11-01 00:00:00,0
1284,24,1,2033-11-01 00:00:00,0
1285,21,1,2034-11-01 00:00:00,0
1286,22,1,2034-11-01 00:00:00,0
1287,23,1,2034-11-01 00:00:00,0
1288,24,1,2034-11-01 00:00:00,0
1289,21,1,2035-11-01 00:00:00,0
1290,22,1,2035-11-01 00:00:00,0
1291,23,1,2035-11-01 00:00:00,0
1292,24,1,2035-11-01 00:00:00,0
1293,21,1,2036-11-01 00:00:00,0
1294,22,1,2036-11-01 00:00:00,0
1295,23,1,2036-11-01 00:00:00,0
1296,24,1,2036-11-01 00:00:00,0
1297,21,1,2037-11-01 00:00:00,0
1298,22,1,2037-11-01 00:00:00,0
1299,23,1,2037-11-01 00:00:00,0
1300,24,1,2037-11-01 00:00:00,0
1301,21,1,2038-11-01 00:00:00,0
1302,22,1,2038-11-01 00:00:00,0
1303,23,1,2038-11-01 00:00:00,0
1304,24,1,2038-11-01 00:00:00,0
1305,21,1,2039-11-01 00:00:00,0
1306,22,1,2039-11-01 00:00:00,0
1307,23,1,2039-11-01 00:00:00,0
1308,24,1,2039-11-01 00:00:00,0
1309,21,1,2040-11-01 00:00:00,0
1310,22,1,2040-11-01 00:00:00,0
1311,23,1,2040-11-01 00:00:00,0
1312,24,1,2040-11-01 00:00:00,0
1313,21,1,2041-11-01 00:00:00,0
1314,22,1,2041-11-01 00:00:00,0
1315,23,1,2041-11-01 00:00:00,0
1316,24,1,2041-11-01 00:00:00,0
1317,21,1,2042-11-01 00:00:00,0
1318,22,1,2042-11-01 00:00:00,0
1319,23,1,2042-11-01 00:00:00,0
1320,24,1,2042-11-01 00:00:00,0
1321,21,1,2043-11-01 00:00:00,0
1322,22,1,2043-11-01 00:00:00,0
1323,23,1,2043-11-01 00:00:00,0
1324,24,1,2043-11-01 00:00:00,0
1325,21,1,2044-11-01 00:00:00,0
1326,22,1,2044-11-01 00:00:00,0
1327,23,1,2044-11-01 00:00:00,0
1328,24,1,2044-11-01 00:00:00,0
1329,21,1,2045-11-01 00:00:00,0
1330,22,1,2045-11-01 00:00:00,0
1331,23,1,2045-11-01 00:00:00,0
1332,24,1,2045-11-01 00:00:00,0
1333,21,1,2046-11-01 00:00:00,0
1334,22,1,2046-11-01 00:00:00,0
1335,23,1,2046-11-01 00:00:00,0
1336,24,1,2046-11-01 00:00:00,0
1337,21,1,2047-11-01 00:00:00,0
1338,22,1,2047-11-01 00:00:00,0
1339,23,1,2047-11-01 00:00:00,0
1340,24,1,2047-11-01 00:00:00,0
1341,21,1,2048-11-01 00:00:00,0
1342,22,1,2048-11-01 00:00:00,0
1343,23,1,2048-11-01 00:00:00,0
1344,24,1,2048-11-01 00:00:00,0
1345,21,1,2049-11-01 00:00:00,0
1346,22,1,2049-11-01 00:00:00,0
1347,23,1,2049-11-01 00:00:00,0
1348,24,1,2049-11-01 00:00:00,0
1349,21,1,2050-11-01 00:00:00,0
1350,22,1,2050-11-01 00:00:00,0
1351,23,1,2050-11-01 00:00:00,0
1352,24,1,2050-11-01 00:00:00,0
1353,21,1,2051-11-01 00:00:00,0
1354,22,1,2051-11-01 00:00:00,0
1355,23,1,2051-11-01 00:00:00,0
1356,24,1,2051-11-01 00:00:00,0
1357,21,1,2052-11-01 00:00:00,0
1358,22,1,2052-11-01 00:00:00,0
1359,23,1,2052-11-01 00:00:00,0
1360,24,1,2052-11-01 00:00:00,0
1361,21,1,2053-11-01 00:00:00,0
1362,22,1,2053-11-01 00:00:00,0
1363,23,1,2053-11-01 00:00:00,0
1364,24,1,2053-11-01 00:00:00,0
1365,21,1,2024-04-01 00:00:00,0
1366,22,1,2024-04-01 00:00:00,0
1367,23,1,2024-04-01 00:00:00,0
1368,24,1,2024-04-01 00:00:00,0
1369,21,1,2025-04-01 00:00:00,0
1370,22,1,2025-04-01 00:00:00,0
1371,23,1,2025-04-01 00:00:00,0
1372,24,1,2025-04-01 00:00:00,0
1373,21,1,2026-04-01 00:00:00,0
1374,22,1,2026-04-01 00:00:00,0
1375,23,1,2026-04-01 00:00:00,0
1376,24,1,2026-04-01 00:00:00,0
1377,21,1,2027-04-01 00:00:00,0
1378,22,1,2027-04-01 00:00:00,0
1379,23,1,2027-04-01 00:00:00,0
1380,24,1,2027-04-01 00:00:00,0
1381,21,1,2028-04-01 00:00:00,0
1382,22,1,2028-04-01 00:00:00,0
1383,23,1,2028-04-01 00:00:00,0
1384,24,1,2028-04-01 00:00:00,0
1385,21,1,2029-04-01 00:00:00,0
1386,22,1,2029-04-01 00:00:00,0
1387,23,1,2029-04-01 00:00:00,0
1388,24,1,2029-04-01 00:00:00,0
1389,21,1,2030-04-01 00:00:00,0
1390,22,1,2030-04-01 00:00:00,0
1391,23,1,2030-04-01 00:00:00,0
1392,24,1,2030-04-01 00:00:00,0
1393,21,1,2031-04-01 00:00:00,0
1394,22,1,2031-04-01 00:00:00,0
1395,23,1,2031-04-01 00:00:00,0
1396,24,1,2031-04-01 00:00:00,0
1397,21,1,2032-04-01 00:00:00,0
1398,22,1,2032-04-01 00:00:00,0
1399,23,1,2032-04-01 00:00:00,0
1400,24,1,2032-04-01 00:00:00,0
1401,21,1,2033-04-01 00:00:00,0
1402,22,1,2033-04-01 00:00:00,0
1403,23,1,2033-04-01 00:00:00,0
1404,24,1,2033-04-01 00:00:00,0
1405,21,1,2034-04-01 00:00:00,0
1406,22,1,2034-04-01 00:00:00,0
1407,23,1,2034-04-01 00:00:00,0
1408,24,1,2034-04-01 00:00:00,0
1409,21,1,2035-04-01 00:00:00,0
1410,22,1,2035-04-01 00:00:00,0
1411,23,1,2035-04-01 00:00:00,0
1412,24,1,2035-04-01 00:00:00,0
1413,21,1,2036-04-01 00:00:00,0
1414,22,1,2036-04-01 00:00:00,0
1415,23,1,2036-04-01 00:00:00,0
1416,24,1,2036-04-01 00:00:00,0
1417,21,1,2037-04-01 00:00:00,0
1418,22,1,2037-04-01 00:00:00,0
1419,23,1,2037-04-01 00:00:00,0
1420,24,1,2037-04-01 00:00:00,0
1421,21,1,2038-04-01 00:00:00,0
1422,22,1,2038-04-01 00:00:00,0
1423,23,1,2038-04-01 00:00:00,0
1424,24,1,2038-04-01 00:00:00,0
1425,21,1,2039-04-01 00:00:00,0
1426,22,1,2039-04-01 00:00:00,0
1427,23,1,2039-04-01 00:00:00,0
1428,24,1,2039-04-01 00:00:00,0
1429,21,1,2040-04-01 00:00:00,0
1430,22,1,2040-04-01 00:00:00,0
1431,23,1,2040-04-01 00:00:00,0
1432,24,1,2040-04-01 00:00:00,0
1433,21,1,2041-04-01 00:00:00,0
1434,22,1,2041-04-01 00:00:00,0
1435,23,1,2041-04-01 00:00:00,0
1436,24,1,2041-04-01 00:00:00,0
1437,21,1,2042-04-01 00:00:00,0
1438,22,1,2042-04-01 00:00:00,0
1439,23,1,2042-04-01 00:00:00,0
1440,24,1,2042-04-01 00:00:00,0
1441,21,1,2043-04-01 00:00:00,0
1442,22,1,2043-04-01 00:00:00,0
1443,23,1,2043-04-01 00:00:00,0
1444,24,1,2043-04-01 00:00:00,0
1445,21,1,2044-04-01 00:00:00,0
1446,22,1,2044-04-01 00:00:00,0
1447,23,1,2044-04-01 00:00:00,0
1448,24,1,2044-04-01 00:00:00,0
1449,21,1,2045-04-01 00:00:00,0
1450,22,1,2045-04-01 00:00:00,0
1451,23,1,2045-04-01 00:00:00,0
1452,24,1,2045-04-01 00:00:00,0
1453,21,1,2046-04-01 00:00:00,0
1454,22,1,2046-04-01 00:00:00,0
1455,23,1,2046-04-01 00:00:00,0
1456,24,1,2046-04-01 00:00:00,0
1457,21,1,2047-04-01 00:00:00,0
1458,22,1,2047-04-01 00:00:00,0
1459,23,1,2047-04-01 00:00:00,0
1460,24,1,2047-04-01 00:00:00,0
1461,21,1,2048-04-01 00:00:00,0
1462,22,1,2048-04-01 00:00:00,0
1463,23,1,2048-04-01 00:00:00,0
1464,24,1,2048-04-01 00:00:00,0
1465,21,1,2049-04-01 00:00:00,0
1466,22,1,2049-04-01 00:00:00,0
1467,23,1,2049-04-01 00:00:00,0
1468,24,1,2049-04-01 00:00:00,0
1469,21,1,2050-04-01 00:00:00,0
1470,22,1,2050-04-01 00:00:00,0
1471,23,1,2050-04-01 00:00:00,0
1472,24,1,2050-04-01 00:00:00,0
1473,21,1,2051-04-01 00:00:00,0
1474,22,1,2051-04-01 00:00:00,0
1475,23,1,2051-04-01 00:00:00,0
1476,24,1,2051-04-01 00:00:00,0
1477,21,1,2052-04-01 00:00:00,0
1478,22,1,2052-04-01 00:00:00,0
1479,23,1,2052-04-01 00:00:00,0
1480,24,1,2052-04-01 00:00:00,0
1481,21,1,2053-04-01 00:00:00,0
1482,22,1,2053-04-01 00:00:00,0
1483,23,1,2053-04-01 00:00:00,0
1484,24,1,2053-04-01 00:00:00,0
1485,21,1,2054-04-01 00:00:00,0
1486,22,1,2054-04-01 00:00:00,0
1487,23,1,2054-04-01 00:00:00,0
1488,24,1,2054-04-01 00:00:00,0
1489,25,1,2023-11-01 00:00:00,0
1490,26,1,2023-11-01 00:00:00,0
1491,27,1,2023-11-01 00:00:00,93.74
1492,28,1,2023-11-01 00:00:00,1
1493,25,1,2024-11-01 00:00:00,0
1494,26,1,2024-11-01 00:00:00,0
1495,27,1,2024-11-01 00:00:00,95.47
1496,28,1,2024-11-01 00:00:00,1.019999999999996
1497,25,1,2025-11-01 00:00:00,0
1498,26,1,2025-11-01 00:00:00,0
1499,27,1,2025-11-01 00:00:00,97.26
1500,28,1,2025-11-01 00:00:00,1.039999999999992
1501,25,1,2026-11-01 00:00:00,0
1502,26,1,2026-11-01 00:00:00,0
1503,27,1,2026-11-01 00:00:00,99.67
1504,28,1,2026-11-01 00:00:00,1.0699999999999932
1505,25,1,2027-11-01 00:00:00,0
1506,26,1,2027-11-01 00:00:00,0
1507,27,1,2027-11-01 00:00:00,138.93
1508,28,1,2027-11-01 00:00:00,1.4899999999999807
1509,25,1,2028-11-01 00:00:00,0
1510,26,1,2028-11-01 00:00:00,0
1511,27,1,2028-11-01 00:00:00,190.77
1512,28,1,2028-11-01 00:00:00,2.039999999999992
1513,25,1,2029-11-01 00:00:00,0
1514,26,1,2029-11-01 00:00:00,0
1515,27,1,2029-11-01 00:00:00,236.72
1516,28,1,2029-11-01 00:00:00,2.530000000000001
1517,25,1,2030-11-01 00:00:00,0
1518,26,1,2030-11-01 00:00:00,0
1519,27,1,2030-11-01 00:00:00,256.31
1520,28,1,2030-11-01 00:00:00,2.730000000000018
1521,25,1,2031-11-01 00:00:00,0
1522,26,1,2031-11-01 00:00:00,0
1523,27,1,2031-11-01 00:00:00,275.88
1524,28,1,2031-11-01 00:00:00,2.9399999999999977
1525,25,1,2032-11-01 00:00:00,0
1526,26,1,2032-11-01 00:00:00,0
1527,27,1,2032-11-01 00:00:00,295.44
1528,28,1,2032-11-01 00:00:00,3.1499999999999773
1529,25,1,2033-11-01 00:00:00,0
1530,26,1,2033-11-01 00:00:00,0
1531,27,1,2033-11-01 00:00:00,297.87
1532,28,1,2033-11-01 00:00:00,3.180000000000007
1533,25,1,2034-11-01 00:00:00,0
1534,26,1,2034-11-01 00:00:00,0
1535,27,1,2034-11-01 00:00:00,300.52
1536,28,1,2034-11-01 00:00:00,3.2100000000000364
1537,25,1,2035-11-01 00:00:00,0
1538,26,1,2035-11-01 00:00:00,0
1539,27,1,2035-11-01 00:00:00,302.65
1540,28,1,2035-11-01 00:00:00,3.230000000000018
1541,25,1,2036-11-01 00:00:00,0
1542,26,1,2036-11-01 00:00:00,0
1543,27,1,2036-11-01 00:00:00,305.36
1544,28,1,2036-11-01 00:00:00,3.259999999999991
1545,25,1,2037-11-01 00:00:00,0
1546,26,1,2037-11-01 00:00:00,0
1547,27,1,2037-11-01 00:00:00,307.73
1548,28,1,2037-11-01 00:00:00,3.2799999999999727
1549,25,1,2038-11-01 00:00:00,0
1550,26,1,2038-11-01 00:00:00,0
1551,27,1,2038-11-01 00:00:00,310.75
1552,28,1,2038-11-01 00:00:00,3.3100000000000023
1553,25,1,2039-11-01 00:00:00,0
1554,26,1,2039-11-01 00:00:00,0
1555,27,1,2039-11-01 00:00:00,313.13
1556,28,1,2039-11-01 00:00:00,3.340000000000032
1557,25,1,2040-11-01 00:00:00,0
1558,26,1,2040-11-01 00:00:00,0
1559,27,1,2040-11-01 00:00:00,316.32
1560,28,1,2040-11-01 00:00:00,3.3799999999999955
1561,25,1,2041-11-01 00:00:00,0
1562,26,1,2041-11-01 00:00:00,0
1563,27,1,2041-11-01 00:00:00,316.85
1564,28,1,2041-11-01 00:00:00,3.3799999999999955
1565,25,1,2042-11-01 00:00:00,0
1566,26,1,2042-11-01 00:00:00,0
1567,27,1,2042-11-01 00:00:00,317.88
1568,28,1,2042-11-01 00:00:00,3.3899999999999864
1569,25,1,2043-11-01 00:00:00,0
1570,26,1,2043-11-01 00:00:00,0
1571,27,1,2043-11-01 00:00:00,319.67
1572,28,1,2043-11-01 00:00:00,3.409999999999968
1573,25,1,2044-11-01 00:00:00,0
1574,26,1,2044-11-01 00:00:00,0
1575,27,1,2044-11-01 00:00:00,319.09
1576,28,1,2044-11-01 00:00:00,3.410000000000025
1577,25,1,2045-11-01 00:00:00,0
1578,26,1,2045-11-01 00:00:00,0
1579,27,1,2045-11-01 00:00:00,319.88
1580,28,1,2045-11-01 00:00:00,3.410000000000025
1581,25,1,2046-11-01 00:00:00,0
1582,26,1,2046-11-01 00:00:00,0
1583,27,1,2046-11-01 00:00:00,320.5
1584,28,1,2046-11-01 00:00:00,3.410000000000025
1585,25,1,2047-11-01 00:00:00,0
1586,26,1,2047-11-01 00:00:00,0
1587,27,1,2047-11-01 00:00:00,320.06
1588,28,1,2047-11-01 00:00:00,3.410000000000025
1589,25,1,2048-11-01 00:00:00,0
1590,26,1,2048-11-01 00:00:00,0
1591,27,1,2048-11-01 00:00:00,321.14
1592,28,1,2048-11-01 00:00:00,3.420000000000016
1593,25,1,2049-11-01 00:00:00,0
1594,26,1,2049-11-01 00:00:00,0
1595,27,1,2049-11-01 00:00:00,322.34
1596,28,1,2049-11-01 00:00:00,3.4399999999999977
1597,25,1,2050-11-01 00:00:00,0
1598,26,1,2050-11-01 00:00:00,0
1599,27,1,2050-11-01 00:00:00,324.64
1600,28,1,2050-11-01 00:00:00,3.4600000000000364
1601,25,1,2051-11-01 00:00:00,0
1602,26,1,2051-11-01 00:00:00,0
1603,27,1,2051-11-01 00:00:00,329.95
1604,28,1,2051-11-01 00:00:00,3.5200000000000387
1605,25,1,2052-11-01 00:00:00,0
1606,26,1,2052-11-01 00:00:00,0
1607,27,1,2052-11-01 00:00:00,333.56
1608,28,1,2052-11-01 00:00:00,3.5600000000000023
1609,25,1,2053-11-01 00:00:00,0
1610,26,1,2053-11-01 00:00:00,0
1611,27,1,2053-11-01 00:00:00,337.9
1612,28,1,2053-11-01 00:00:00,3.6000000000000227
1613,25,1,2024-04-01 00:00:00,0
1614,26,1,2024-04-01 00:00:00,0
1615,27,1,2024-04-01 00:00:00,93.74
1616,28,1,2024-04-01 00:00:00,1
1617,25,1,2025-04-01 00:00:00,0
1618,26,1,2025-04-01 00:00:00,0
1619,27,1,2025-04-01 00:00:00,95.27
1620,28,1,2025-04-01 00:00:00,1.0100000000000051
1621,25,1,2026-04-01 00:00:00,0
1622,26,1,2026-04-01 00:00:00,0
1623,27,1,2026-04-01 00:00:00,97.61
1624,28,1,2026-04-01 00:00:00,1.0400000000000063
1625,25,1,2027-04-01 00:00:00,0
1626,26,1,2027-04-01 00:00:00,0
1627,27,1,2027-04-01 00:00:00,99.64
1628,28,1,2027-04-01 00:00:00,1.0699999999999932
1629,25,1,2028-04-01 00:00:00,0
1630,26,1,2028-04-01 00:00:00,0
1631,27,1,2028-04-01 00:00:00,101.28
1632,28,1,2028-04-01 00:00:00,1.0799999999999983
1633,25,1,2029-04-01 00:00:00,0
1634,26,1,2029-04-01 00:00:00,0
1635,27,1,2029-04-01 00:00:00,97.74
1636,28,1,2029-04-01 00:00:00,1.0400000000000063
1637,25,1,2030-04-01 00:00:00,0
1638,26,1,2030-04-01 00:00:00,0
1639,27,1,2030-04-01 00:00:00,96.56
1640,28,1,2030-04-01 00:00:00,1.0300000000000011
1641,25,1,2031-04-01 00:00:00,0
1642,26,1,2031-04-01 00:00:00,0
1643,27,1,2031-04-01 00:00:00,97.43
1644,28,1,2031-04-01 00:00:00,1.039999999999992
1645,25,1,2032-04-01 00:00:00,0
1646,26,1,2032-04-01 00:00:00,0
1647,27,1,2032-04-01 00:00:00,98.15
1648,28,1,2032-04-01 00:00:00,1.039999999999992
1649,25,1,2033-04-01 00:00:00,0
1650,26,1,2033-04-01 00:00:00,0
1651,27,1,2033-04-01 00:00:00,98.68
1652,28,1,2033-04-01 00:00:00,1.0499999999999972
1653,25,1,2034-04-01 00:00:00,0
1654,26,1,2034-04-01 00:00:00,0
1655,27,1,2034-04-01 00:00:00,99.45
1656,28,1,2034-04-01 00:00:00,1.0600000000000023
1657,25,1,2035-04-01 00:00:00,0
1658,26,1,2035-04-01 00:00:00,0
1659,27,1,2035-04-01 00:00:00,100.26
1660,28,1,2035-04-01 00:00:00,1.0699999999999932
1661,25,1,2036-04-01 00:00:00,0
1662,26,1,2036-04-01 00:00:00,0
1663,27,1,2036-04-01 00:00:00,101.06
1664,28,1,2036-04-01 00:00:00,1.0799999999999983
1665,25,1,2037-04-01 00:00:00,0
1666,26,1,2037-04-01 00:00:00,0
1667,27,1,2037-04-01 00:00:00,101.73
1668,28,1,2037-04-01 00:00:00,1.0799999999999983
1669,25,1,2038-04-01 00:00:00,0
1670,26,1,2038-04-01 00:00:00,0
1671,27,1,2038-04-01 00:00:00,102.64
1672,28,1,2038-04-01 00:00:00,1.0900000000000034
1673,25,1,2039-04-01 00:00:00,0
1674,26,1,2039-04-01 00:00:00,0
1675,27,1,2039-04-01 00:00:00,103.32
1676,28,1,2039-04-01 00:00:00,1.1000000000000085
1677,25,1,2040-04-01 00:00:00,0
1678,26,1,2040-04-01 00:00:00,0
1679,27,1,2040-04-01 00:00:00,104.21
1680,28,1,2040-04-01 00:00:00,1.1099999999999994
1681,25,1,2041-04-01 00:00:00,0
1682,26,1,2041-04-01 00:00:00,0
1683,27,1,2041-04-01 00:00:00,104.75
1684,28,1,2041-04-01 00:00:00,1.1099999999999994
1685,25,1,2042-04-01 00:00:00,0
1686,26,1,2042-04-01 00:00:00,0
1687,27,1,2042-04-01 00:00:00,105.26
1688,28,1,2042-04-01 00:00:00,1.1299999999999955
1689,25,1,2043-04-01 00:00:00,0
1690,26,1,2043-04-01 00:00:00,0
1691,27,1,2043-04-01 00:00:00,105.58
1692,28,1,2043-04-01 00:00:00,1.1299999999999955
1693,25,1,2044-04-01 00:00:00,0
1694,26,1,2044-04-01 00:00:00,0
1695,27,1,2044-04-01 00:00:00,105.27
1696,28,1,2044-04-01 00:00:00,1.1200000000000045
1697,25,1,2045-04-01 00:00:00,0
1698,26,1,2045-04-01 00:00:00,0
1699,27,1,2045-04-01 00:00:00,104.91
1700,28,1,2045-04-01 00:00:00,1.1200000000000045
1701,25,1,2046-04-01 00:00:00,0
1702,26,1,2046-04-01 00:00:00,0
1703,27,1,2046-04-01 00:00:00,104.99
1704,28,1,2046-04-01 00:00:00,1.1200000000000045
1705,25,1,2047-04-01 00:00:00,0
1706,26,1,2047-04-01 00:00:00,0
1707,27,1,2047-04-01 00:00:00,105.36
1708,28,1,2047-04-01 00:00:00,1.1200000000000045
1709,25,1,2048-04-01 00:00:00,0
1710,26,1,2048-04-01 00:00:00,0
1711,27,1,2048-04-01 00:00:00,105.6
1712,28,1,2048-04-01 00:00:00,1.1300000000000097
1713,25,1,2049-04-01 00:00:00,0
1714,26,1,2049-04-01 00:00:00,0
1715,27,1,2049-04-01 00:00:00,105.65
1716,28,1,2049-04-01 00:00:00,1.1299999999999955
1717,25,1,2050-04-01 00:00:00,0
1718,26,1,2050-04-01 00:00:00,0
1719,27,1,2050-04-01 00:00:00,106
1720,28,1,2050-04-01 00:00:00,1.1400000000000006
1721,25,1,2051-04-01 00:00:00,0
1722,26,1,2051-04-01 00:00:00,0
1723,27,1,2051-04-01 00:00:00,106.6
1724,28,1,2051-04-01 00:00:00,1.1300000000000097
1725,25,1,2052-04-01 00:00:00,0
1726,26,1,2052-04-01 00:00:00,0
1727,27,1,2052-04-01 00:00:00,108.2
1728,28,1,2052-04-01 00:00:00,1.1599999999999966
1729,25,1,2053-04-01 00:00:00,0
1730,26,1,2053-04-01 00:00:00,0
1731,27,1,2053-04-01 00:00:00,109.53
1732,28,1,2053-04-01 00:00:00,1.1700000000000017
1733,25,1,2054-04-01 00:00:00,0
1734,26,1,2054-04-01 00:00:00,0
1735,27,1,2054-04-01 00:00:00,110.75
1736,28,1,2054-04-01 00:00:00,1.1800000000000068
1737,29,1,2023-11-01 00:00:00,0
1738,30,1,2023-11-01 00:00:00,0
1739,31,1,2023-11-01 00:00:00,0
1740,32,1,2023-11-01 00:00:00,0
1741,29,1,2024-11-01 00:00:00,0
1742,30,1,2024-11-01 00:00:00,0
1743,31,1,2024-11-01 00:00:00,0
1744,32,1,2024-11-01 00:00:00,0
1745,29,1,2025-11-01 00:00:00,0
1746,30,1,2025-11-01 00:00:00,0
1747,31,1,2025-11-01 00:00:00,0
1748,32,1,2025-11-01 00:00:00,0
1749,29,1,2026-11-01 00:00:00,0
1750,30,1,2026-11-01 00:00:00,0
1751,31,1,2026-11-01 00:00:00,0
1752,32,1,2026-11-01 00:00:00,0
1753,29,1,2027-11-01 00:00:00,0
1754,30,1,2027-11-01 00:00:00,0
1755,31,1,2027-11-01 00:00:00,0
1756,32,1,2027-11-01 00:00:00,0
1757,29,1,2028-11-01 00:00:00,0
1758,30,1,2028-11-01 00:00:00,0
1759,31,1,2028-11-01 00:00:00,0
1760,32,1,2028-11-01 00:00:00,0
1761,29,1,2029-11-01 00:00:00,0
1762,30,1,2029-11-01 00:00:00,0
1763,31,1,2029-11-01 00:00:00,0
1764,32,1,2029-11-01 00:00:00,0
1765,29,1,2030-11-01 00:00:00,0
1766,30,1,2030-11-01 00:00:00,0
1767,31,1,2030-11-01 00:00:00,0
1768,32,1,2030-11-01 00:00:00,0
1769,29,1,2031-11-01 00:00:00,0
1770,30,1,2031-11-01 00:00:00,0
1771,31,1,2031-11-01 00:00:00,0
1772,32,1,2031-11-01 00:00:00,0
1773,29,1,2032-11-01 00:00:00,0
1774,30,1,2032-11-01 00:00:00,0
1775,31,1,2032-11-01 00:00:00,0
1776,32,1,2032-11-01 00:00:00,0
1777,29,1,2033-11-01 00:00:00,0
1778,30,1,2033-11-01 00:00:00,0
1779,31,1,2033-11-01 00:00:00,0
1780,32,1,2033-11-01 00:00:00,0
1781,29,1,2034-11-01 00:00:00,0
1782,30,1,2034-11-01 00:00:00,0
1783,31,1,2034-11-01 00:00:00,0
1784,32,1,2034-11-01 00:00:00,0
1785,29,1,2035-11-01 00:00:00,0
1786,30,1,2035-11-01 00:00:00,0
1787,31,1,2035-11-01 00:00:00,0
1788,32,1,2035-11-01 00:00:00,0
1789,29,1,2036-11-01 00:00:00,0
1790,30,1,2036-11-01 00:00:00,0
1791,31,1,2036-11-01 00:00:00,0
1792,32,1,2036-11-01 00:00:00,0
1793,29,1,2037-11-01 00:00:00,0
1794,30,1,2037-11-01 00:00:00,0
1795,31,1,2037-11-01 00:00:00,0
1796,32,1,2037-11-01 00:00:00,0
1797,29,1,2038-11-01 00:00:00,0
1798,30,1,2038-11-01 00:00:00,0
1799,31,1,2038-11-01 00:00:00,0
1800,32,1,2038-11-01 00:00:00,0
1801,29,1,2039-11-01 00:00:00,0
1802,30,1,2039-11-01 00:00:00,0
1803,31,1,2039-11-01 00:00:00,0
1804,32,1,2039-11-01 00:00:00,0
1805,29,1,2040-11-01 00:00:00,0
1806,30,1,2040-11-01 00:00:00,0
1807,31,1,2040-11-01 00:00:00,0
1808,32,1,2040-11-01 00:00:00,0
1809,29,1,2041-11-01 00:00:00,0
1810,30,1,2041-11-01 00:00:00,0
1811,31,1,2041-11-01 00:00:00,0
1812,32,1,2041-11-01 00:00:00,0
1813,29,1,2042-11-01 00:00:00,0
1814,30,1,2042-11-01 00:00:00,0
1815,31,1,2042-11-01 00:00:00,0
1816,32,1,2042-11-01 00:00:00,0
1817,29,1,2043-11-01 00:00:00,0
1818,30,1,2043-11-01 00:00:00,0
1819,31,1,2043-11-01 00:00:00,0
1820,32,1,2043-11-01 00:00:00,0
1821,29,1,2044-11-01 00:00:00,0
1822,30,1,2044-11-01 00:00:00,0
1823,31,1,2044-11-01 00:00:00,0
1824,32,1,2044-11-01 00:00:00,0
1825,29,1,2045-11-01 00:00:00,0
1826,30,1,2045-11-01 00:00:00,0
1827,31,1,2045-11-01 00:00:00,0
1828,32,1,2045-11-01 00:00:00,0
1829,29,1,2046-11-01 00:00:00,0
1830,30,1,2046-11-01 00:00:00,0
1831,31,1,2046-11-01 00:00:00,0
1832,32,1,2046-11-01 00:00:00,0
1833,29,1,2047-11-01 00:00:00,0
1834,30,1,2047-11-01 00:00:00,0
1835,31,1,2047-11-01 00:00:00,0
1836,32,1,2047-11-01 00:00:00,0
1837,29,1,2048-11-01 00:00:00,0
1838,30,1,2048-11-01 00:00:00,0
1839,31,1,2048-11-01 00:00:00,0
1840,32,1,2048-11-01 00:00:00,0
1841,29,1,2049-11-01 00:00:00,0
1842,30,1,2049-11-01 00:00:00,0
1843,31,1,2049-11-01 00:00:00,0
1844,32,1,2049-11-01 00:00:00,0
1845,29,1,2050-11-01 00:00:00,0
1846,30,1,2050-11-01 00:00:00,0
1847,31,1,2050-11-01 00:00:00,0
1848,32,1,2050-11-01 00:00:00,0
1849,29,1,2051-11-01 00:00:00,0
1850,30,1,2051-11-01 00:00:00,0
1851,31,1,2051-11-01 00:00:00,0
1852,32,1,2051-11-01 00:00:00,0
1853,29,1,2052-11-01 00:00:00,0
1854,30,1,2052-11-01 00:00:00,0
1855,31,1,2052-11-01 00:00:00,0
1856,32,1,2052-11-01 00:00:00,0
1857,29,1,2053-11-01 00:00:00,0
1858,30,1,2053-11-01 00:00:00,0
1859,31,1,2053-11-01 00:00:00,0
1860,32,1,2053-11-01 00:00:00,0
1861,29,1,2024-04-01 00:00:00,0
1862,30,1,2024-04-01 00:00:00,0
1863,31,1,2024-04-01 00:00:00,0
1864,32,1,2024-04-01 00:00:00,0
1865,29,1,2025-04-01 00:00:00,0
1866,30,1,2025-04-01 00:00:00,0
1867,31,1,2025-04-01 00:00:00,0
1868,32,1,2025-04-01 00:00:00,0
1869,29,1,2026-04-01 00:00:00,0
1870,30,1,2026-04-01 00:00:00,0
1871,31,1,2026-04-01 00:00:00,0
1872,32,1,2026-04-01 00:00:00,0
1873,29,1,2027-04-01 00:00:00,0
1874,30,1,2027-04-01 00:00:00,0
1875,31,1,2027-04-01 00:00:00,0
1876,32,1,2027-04-01 00:00:00,0
1877,29,1,2028-04-01 00:00:00,0
1878,30,1,2028-04-01 00:00:00,0
1879,31,1,2028-04-01 00:00:00,0
1880,32,1,2028-04-01 00:00:00,0
1881,29,1,2029-04-01 00:00:00,0
1882,30,1,2029-04-01 00:00:00,0
1883,31,1,2029-04-01 00:00:00,0
1884,32,1,2029-04-01 00:00:00,0
1885,29,1,2030-04-01 00:00:00,0
1886,30,1,2030-04-01 00:00:00,0
1887,31,1,2030-04-01 00:00:00,0
1888,32,1,2030-04-01 00:00:00,0
1889,29,1,2031-04-01 00:00:00,0
1890,30,1,2031-04-01 00:00:00,0
1891,31,1,2031-04-01 00:00:00,0
1892,32,1,2031-04-01 00:00:00,0
1893,29,1,2032-04-01 00:00:00,0
1894,30,1,2032-04-01 00:00:00,0
1895,31,1,2032-04-01 00:00:00,0
1896,32,1,2032-04-01 00:00:00,0
1897,29,1,2033-04-01 00:00:00,0
1898,30,1,2033-04-01 00:00:00,0
1899,31,1,2033-04-01 00:00:00,0
1900,32,1,2033-04-01 00:00:00,0
1901,29,1,2034-04-01 00:00:00,0
1902,30,1,2034-04-01 00:00:00,0
1903,31,1,2034-04-01 00:00:00,0
1904,32,1,2034-04-01 00:00:00,0
1905,29,1,2035-04-01 00:00:00,0
1906,30,1,2035-04-01 00:00:00,0
1907,31,1,2035-04-01 00:00:00,0
1908,32,1,2035-04-01 00:00:00,0
1909,29,1,2036-04-01 00:00:00,0
1910,30,1,2036-04-01 00:00:00,0
1911,31,1,2036-04-01 00:00:00,0
1912,32,1,2036-04-01 00:00:00,0
1913,29,1,2037-04-01 00:00:00,0
1914,30,1,2037-04-01 00:00:00,0
1915,31,1,2037-04-01 00:00:00,0
1916,32,1,2037-04-01 00:00:00,0
1917,29,1,2038-04-01 00:00:00,0
1918,30,1,2038-04-01 00:00:00,0
1919,31,1,2038-04-01 00:00:00,0
1920,32,1,2038-04-01 00:00:00,0
1921,29,1,2039-04-01 00:00:00,0
1922,30,1,2039-04-01 00:00:00,0
1923,31,1,2039-04-01 00:00:00,0
1924,32,1,2039-04-01 00:00:00,0
1925,29,1,2040-04-01 00:00:00,0
1926,30,1,2040-04-01 00:00:00,0
1927,31,1,2040-04-01 00:00:00,0
1928,32,1,2040-04-01 00:00:00,0
1929,29,1,2041-04-01 00:00:00,0
1930,30,1,2041-04-01 00:00:00,0
1931,31,1,2041-04-01 00:00:00,0
1932,32,1,2041-04-01 00:00:00,0
1933,29,1,2042-04-01 00:00:00,0
1934,30,1,2042-04-01 00:00:00,0
1935,31,1,2042-04-01 00:00:00,0
1936,32,1,2042-04-01 00:00:00,0
1937,29,1,2043-04-01 00:00:00,0
1938,30,1,2043-04-01 00:00:00,0
1939,31,1,2043-04-01 00:00:00,0
1940,32,1,2043-04-01 00:00:00,0
1941,29,1,2044-04-01 00:00:00,0
1942,30,1,2044-04-01 00:00:00,0
1943,31,1,2044-04-01 00:00:00,0
1944,32,1,2044-04-01 00:00:00,0
1945,29,1,2045-04-01 00:00:00,0
1946,30,1,2045-04-01 00:00:00,0
1947,31,1,2045-04-01 00:00:00,0
1948,32,1,2045-04-01 00:00:00,0
1949,29,1,2046-04-01 00:00:00,0
1950,30,1,2046-04-01 00:00:00,0
1951,31,1,2046-04-01 00:00:00,0
1952,32,1,2046-04-01 00:00:00,0
1953,29,1,2047-04-01 00:00:00,0
1954,30,1,2047-04-01 00:00:00,0
1955,31,1,2047-04-01 00:00:00,0
1956,32,1,2047-04-01 00:00:00,0
1957,29,1,2048-04-01 00:00:00,0
1958,30,1,2048-04-01 00:00:00,0
1959,31,1,2048-04-01 00:00:00,0
1960,32,1,2048-04-01 00:00:00,0
1961,29,1,2049-04-01 00:00:00,0
1962,30,1,2049-04-01 00:00:00,0
1963,31,1,2049-04-01 00:00:00,0
1964,32,1,2049-04-01 00:00:00,0
1965,29,1,2050-04-01 00:00:00,0
1966,30,1,2050-04-01 00:00:00,0
1967,31,1,2050-04-01 00:00:00,0
1968,32,1,2050-04-01 00:00:00,0
1969,29,1,2051-04-01 00:00:00,0
1970,30,1,2051-04-01 00:00:00,0
1971,31,1,2051-04-01 00:00:00,0
1972,32,1,2051-04-01 00:00:00,0
1973,29,1,2052-04-01 00:00:00,0
1974,30,1,2052-04-01 00:00:00,0
1975,31,1,2052-04-01 00:00:00,0
1976,32,1,2052-04-01 00:00:00,0
1977,29,1,2053-04-01 00:00:00,0
1978,30,1,2053-04-01 00:00:00,0
1979,31,1,2053-04-01 00:00:00,0
1980,32,1,2053-04-01 00:00:00,0
1981,29,1,2054-04-01 00:00:00,0
1982,30,1,2054-04-01 00:00:00,0
1983,31,1,2054-04-01 00:00:00,0
1984,32,1,2054-04-01 00:00:00,0
1985,33,1,2023-11-01 00:00:00,0
1986,34,1,2023-11-01 00:00:00,0
1987,35,1,2023-11-01 00:00:00,63.18
1988,36,1,2023-11-01 00:00:00,0
1989,33,1,2024-11-01 00:00:00,0
1990,34,1,2024-11-01 00:00:00,0
1991,35,1,2024-11-01 00:00:00,63.69
1992,36,1,2024-11-01 00:00:00,0
1993,33,1,2025-11-01 00:00:00,0
1994,34,1,2025-11-01 00:00:00,0
1995,35,1,2025-11-01 00:00:00,64.52
1996,36,1,2025-11-01 00:00:00,0
1997,33,1,2026-11-01 00:00:00,0
1998,34,1,2026-11-01 00:00:00,0
1999,35,1,2026-11-01 00:00:00,62.47
2000,36,1,2026-11-01 00:00:00,0
2001,33,1,2027-11-01 00:00:00,0
2002,34,1,2027-11-01 00:00:00,0
2003,35,1,2027-11-01 00:00:00,63.61
2004,36,1,2027-11-01 00:00:00,0
2005,33,1,2028-11-01 00:00:00,0
2006,34,1,2028-11-01 00:00:00,0
2007,35,1,2028-11-01 00:00:00,65.1
2008,36,1,2028-11-01 00:00:00,0
2009,33,1,2029-11-01 00:00:00,0
2010,34,1,2029-11-01 00:00:00,0
2011,35,1,2029-11-01 00:00:00,66.83
2012,36,1,2029-11-01 00:00:00,0
2013,33,1,2030-11-01 00:00:00,0
2014,34,1,2030-11-01 00:00:00,0
2015,35,1,2030-11-01 00:00:00,67.92
2016,36,1,2030-11-01 00:00:00,0
2017,33,1,2031-11-01 00:00:00,0
2018,34,1,2031-11-01 00:00:00,0
2019,35,1,2031-11-01 00:00:00,69.36
2020,36,1,2031-11-01 00:00:00,0
2021,33,1,2032-11-01 00:00:00,0
2022,34,1,2032-11-01 00:00:00,0
2023,35,1,2032-11-01 00:00:00,70.37
2024,36,1,2032-11-01 00:00:00,0
2025,33,1,2033-11-01 00:00:00,0
2026,34,1,2033-11-01 00:00:00,0
2027,35,1,2033-11-01 00:00:00,71.53
2028,36,1,2033-11-01 00:00:00,0
2029,33,1,2034-11-01 00:00:00,0
2030,34,1,2034-11-01 00:00:00,0
2031,35,1,2034-11-01 00:00:00,72.23
2032,36,1,2034-11-01 00:00:00,0
2033,33,1,2035-11-01 00:00:00,0
2034,34,1,2035-11-01 00:00:00,0
2035,35,1,2035-11-01 00:00:00,72.84
2036,36,1,2035-11-01 00:00:00,0
2037,33,1,2036-11-01 00:00:00,0
2038,34,1,2036-11-01 00:00:00,0
2039,35,1,2036-11-01 00:00:00,73.4
2040,36,1,2036-11-01 00:00:00,0
2041,33,1,2037-11-01 00:00:00,0
2042,34,1,2037-11-01 00:00:00,0
2043,35,1,2037-11-01 00:00:00,74.01
2044,36,1,2037-11-01 00:00:00,0
2045,33,1,2038-11-01 00:00:00,0
2046,34,1,2038-11-01 00:00:00,0
2047,35,1,2038-11-01 00:00:00,74.67
2048,36,1,2038-11-01 00:00:00,0
2049,33,1,2039-11-01 00:00:00,0
2050,34,1,2039-11-01 00:00:00,0
2051,35,1,2039-11-01 00:00:00,75.45
2052,36,1,2039-11-01 00:00:00,0
2053,33,1,2040-11-01 00:00:00,0
2054,34,1,2040-11-01 00:00:00,0
2055,35,1,2040-11-01 00:00:00,76.26
2056,36,1,2040-11-01 00:00:00,0
2057,33,1,2041-11-01 00:00:00,0
2058,34,1,2041-11-01 00:00:00,0
2059,35,1,2041-11-01 00:00:00,76.73
2060,36,1,2041-11-01 00:00:00,0
2061,33,1,2042-11-01 00:00:00,0
2062,34,1,2042-11-01 00:00:00,0
2063,35,1,2042-11-01 00:00:00,77.35
2064,36,1,2042-11-01 00:00:00,0
2065,33,1,2043-11-01 00:00:00,0
2066,34,1,2043-11-01 00:00:00,0
2067,35,1,2043-11-01 00:00:00,77.71
2068,36,1,2043-11-01 00:00:00,0
2069,33,1,2044-11-01 00:00:00,0
2070,34,1,2044-11-01 00:00:00,0
2071,35,1,2044-11-01 00:00:00,77.88
2072,36,1,2044-11-01 00:00:00,0
2073,33,1,2045-11-01 00:00:00,0
2074,34,1,2045-11-01 00:00:00,0
2075,35,1,2045-11-01 00:00:00,78.28
2076,36,1,2045-11-01 00:00:00,0
2077,33,1,2046-11-01 00:00:00,0
2078,34,1,2046-11-01 00:00:00,0
2079,35,1,2046-11-01 00:00:00,78.38
2080,36,1,2046-11-01 00:00:00,0
2081,33,1,2047-11-01 00:00:00,0
2082,34,1,2047-11-01 00:00:00,0
2083,35,1,2047-11-01 00:00:00,78.16
2084,36,1,2047-11-01 00:00:00,0
2085,33,1,2048-11-01 00:00:00,0
2086,34,1,2048-11-01 00:00:00,0
2087,35,1,2048-11-01 00:00:00,77.71
2088,36,1,2048-11-01 00:00:00,0
2089,33,1,2049-11-01 00:00:00,0
2090,34,1,2049-11-01 00:00:00,0
2091,35,1,2049-11-01 00:00:00,77.57
2092,36,1,2049-11-01 00:00:00,0
2093,33,1,2050-11-01 00:00:00,0
2094,34,1,2050-11-01 00:00:00,0
2095,35,1,2050-11-01 00:00:00,77.8
2096,36,1,2050-11-01 00:00:00,0
2097,33,1,2051-11-01 00:00:00,0
2098,34,1,2051-11-01 00:00:00,0
2099,35,1,2051-11-01 00:00:00,78.26
2100,36,1,2051-11-01 00:00:00,0
2101,33,1,2052-11-01 00:00:00,0
2102,34,1,2052-11-01 00:00:00,0
2103,35,1,2052-11-01 00:00:00,78.89
2104,36,1,2052-11-01 00:00:00,0
2105,33,1,2053-11-01 00:00:00,0
2106,34,1,2053-11-01 00:00:00,0
2107,35,1,2053-11-01 00:00:00,79.1
2108,36,1,2053-11-01 00:00:00,0
2109,33,1,2024-04-01 00:00:00,0
2110,34,1,2024-04-01 00:00:00,0
2111,35,1,2024-04-01 00:00:00,63.18
2112,36,1,2024-04-01 00:00:00,0
2113,33,1,2025-04-01 00:00:00,0
2114,34,1,2025-04-01 00:00:00,0
2115,35,1,2025-04-01 00:00:00,64.33
2116,36,1,2025-04-01 00:00:00,0
2117,33,1,2026-04-01 00:00:00,0
2118,34,1,2026-04-01 00:00:00,0
2119,35,1,2026-04-01 00:00:00,63.55
2120,36,1,2026-04-01 00:00:00,0
2121,33,1,2027-04-01 00:00:00,0
2122,34,1,2027-04-01 00:00:00,0
2123,35,1,2027-04-01 00:00:00,63.96
2124,36,1,2027-04-01 00:00:00,0
2125,33,1,2028-04-01 00:00:00,0
2126,34,1,2028-04-01 00:00:00,0
2127,35,1,2028-04-01 00:00:00,65.87
2128,36,1,2028-04-01 00:00:00,0
2129,33,1,2029-04-01 00:00:00,0
2130,34,1,2029-04-01 00:00:00,0
2131,35,1,2029-04-01 00:00:00,68.24
2132,36,1,2029-04-01 00:00:00,0
2133,33,1,2030-04-01 00:00:00,0
2134,34,1,2030-04-01 00:00:00,0
2135,35,1,2030-04-01 00:00:00,70.33
2136,36,1,2030-04-01 00:00:00,0
2137,33,1,2031-04-01 00:00:00,0
2138,34,1,2031-04-01 00:00:00,0
2139,35,1,2031-04-01 00:00:00,72.42
2140,36,1,2031-04-01 00:00:00,0
2141,33,1,2032-04-01 00:00:00,0
2142,34,1,2032-04-01 00:00:00,0
2143,35,1,2032-04-01 00:00:00,74.39
2144,36,1,2032-04-01 00:00:00,0
2145,33,1,2033-04-01 00:00:00,0
2146,34,1,2033-04-01 00:00:00,0
2147,35,1,2033-04-01 00:00:00,75.93
2148,36,1,2033-04-01 00:00:00,0
2149,33,1,2034-04-01 00:00:00,0
2150,34,1,2034-04-01 00:00:00,0
2151,35,1,2034-04-01 00:00:00,77.18
2152,36,1,2034-04-01 00:00:00,0
2153,33,1,2035-04-01 00:00:00,0
2154,34,1,2035-04-01 00:00:00,0
2155,35,1,2035-04-01 00:00:00,78.19
2156,36,1,2035-04-01 00:00:00,0
2157,33,1,2036-04-01 00:00:00,0
2158,34,1,2036-04-01 00:00:00,0
2159,35,1,2036-04-01 00:00:00,79.36
2160,36,1,2036-04-01 00:00:00,0
2161,33,1,2037-04-01 00:00:00,0
2162,34,1,2037-04-01 00:00:00,0
2163,35,1,2037-04-01 00:00:00,80.57
2164,36,1,2037-04-01 00:00:00,0
2165,33,1,2038-04-01 00:00:00,0
2166,34,1,2038-04-01 00:00:00,0
2167,35,1,2038-04-01 00:00:00,81.91
2168,36,1,2038-04-01 00:00:00,0
2169,33,1,2039-04-01 00:00:00,0
2170,34,1,2039-04-01 00:00:00,0
2171,35,1,2039-04-01 00:00:00,82.97
2172,36,1,2039-04-01 00:00:00,0
2173,33,1,2040-04-01 00:00:00,0
2174,34,1,2040-04-01 00:00:00,0
2175,35,1,2040-04-01 00:00:00,83.78
2176,36,1,2040-04-01 00:00:00,0
2177,33,1,2041-04-01 00:00:00,0
2178,34,1,2041-04-01 00:00:00,0
2179,35,1,2041-04-01 00:00:00,84.93
2180,36,1,2041-04-01 00:00:00,0
2181,33,1,2042-04-01 00:00:00,0
2182,34,1,2042-04-01 00:00:00,0
2183,35,1,2042-04-01 00:00:00,86.33
2184,36,1,2042-04-01 00:00:00,0
2185,33,1,2043-04-01 00:00:00,0
2186,34,1,2043-04-01 00:00:00,0
2187,35,1,2043-04-01 00:00:00,87.3
2188,36,1,2043-04-01 00:00:00,0
2189,33,1,2044-04-01 00:00:00,0
2190,34,1,2044-04-01 00:00:00,0
2191,35,1,2044-04-01 00:00:00,87.9
2192,36,1,2044-04-01 00:00:00,0
2193,33,1,2045-04-01 00:00:00,0
2194,34,1,2045-04-01 00:00:00,0
2195,35,1,2045-04-01 00:00:00,88.23
2196,36,1,2045-04-01 00:00:00,0
2197,33,1,2046-04-01 00:00:00,0
2198,34,1,2046-04-01 00:00:00,0
2199,35,1,2046-04-01 00:00:00,88.83
2200,36,1,2046-04-01 00:00:00,0
2201,33,1,2047-04-01 00:00:00,0
2202,34,1,2047-04-01 00:00:00,0
2203,35,1,2047-04-01 00:00:00,89.53
2204,36,1,2047-04-01 00:00:00,0
2205,33,1,2048-04-01 00:00:00,0
2206,34,1,2048-04-01 00:00:00,0
2207,35,1,2048-04-01 00:00:00,90.14
2208,36,1,2048-04-01 00:00:00,0
2209,33,1,2049-04-01 00:00:00,0
2210,34,1,2049-04-01 00:00:00,0
2211,35,1,2049-04-01 00:00:00,90.65
2212,36,1,2049-04-01 00:00:00,0
2213,33,1,2050-04-01 00:00:00,0
2214,34,1,2050-04-01 00:00:00,0
2215,35,1,2050-04-01 00:00:00,90.91
2216,36,1,2050-04-01 00:00:00,0
2217,33,1,2051-04-01 00:00:00,0
2218,34,1,2051-04-01 00:00:00,0
2219,35,1,2051-04-01 00:00:00,90.48
2220,36,1,2051-04-01 00:00:00,0
2221,33,1,2052-04-01 00:00:00,0
2222,34,1,2052-04-01 00:00:00,0
2223,35,1,2052-04-01 00:00:00,91.35
2224,36,1,2052-04-01 00:00:00,0
2225,33,1,2053-04-01 00:00:00,0
2226,34,1,2053-04-01 00:00:00,0
2227,35,1,2053-04-01 00:00:00,91.87
2228,36,1,2053-04-01 00:00:00,0
2229,33,1,2054-04-01 00:00:00,0
2230,34,1,2054-04-01 00:00:00,0
2231,35,1,2054-04-01 00:00:00,92.08
2232,36,1,2054-04-01 00:00:00,0
2233,37,1,2023-11-01 00:00:00,0.36
2234,38,1,2023-11-01 00:00:00,5.59
2235,39,1,2023-11-01 00:00:00,0
2236,40,1,2023-11-01 00:00:00,0
2237,37,1,2024-11-01 00:00:00,0.36
2238,38,1,2024-11-01 00:00:00,5.64
2239,39,1,2024-11-01 00:00:00,0
2240,40,1,2024-11-01 00:00:00,0
2241,37,1,2025-11-01 00:00:00,0.32
2242,38,1,2025-11-01 00:00:00,4.92
2243,39,1,2025-11-01 00:00:00,0
2244,40,1,2025-11-01 00:00:00,0
2245,37,1,2026-11-01 00:00:00,0.27
2246,38,1,2026-11-01 00:00:00,4.27
2247,39,1,2026-11-01 00:00:00,0
2248,40,1,2026-11-01 00:00:00,0
2249,37,1,2027-11-01 00:00:00,0.28
2250,38,1,2027-11-01 00:00:00,4.29
2251,39,1,2027-11-01 00:00:00,0
2252,40,1,2027-11-01 00:00:00,0
2253,37,1,2028-11-01 00:00:00,0.28
2254,38,1,2028-11-01 00:00:00,4.38
2255,39,1,2028-11-01 00:00:00,0
2256,40,1,2028-11-01 00:00:00,0
2257,37,1,2029-11-01 00:00:00,0.29
2258,38,1,2029-11-01 00:00:00,4.5
2259,39,1,2029-11-01 00:00:00,0
2260,40,1,2029-11-01 00:00:00,0
2261,37,1,2030-11-01 00:00:00,0.3
2262,38,1,2030-11-01 00:00:00,4.61
2263,39,1,2030-11-01 00:00:00,0
2264,40,1,2030-11-01 00:00:00,0
2265,37,1,2031-11-01 00:00:00,0.3
2266,38,1,2031-11-01 00:00:00,4.71
2267,39,1,2031-11-01 00:00:00,0
2268,40,1,2031-11-01 00:00:00,0
2269,37,1,2032-11-01 00:00:00,0.31
2270,38,1,2032-11-01 00:00:00,4.74
2271,39,1,2032-11-01 00:00:00,0
2272,40,1,2032-11-01 00:00:00,0
2273,37,1,2033-11-01 00:00:00,0.31
2274,38,1,2033-11-01 00:00:00,4.75
2275,39,1,2033-11-01 00:00:00,0
2276,40,1,2033-11-01 00:00:00,0
2277,37,1,2034-11-01 00:00:00,0.31
2278,38,1,2034-11-01 00:00:00,4.78
2279,39,1,2034-11-01 00:00:00,0
2280,40,1,2034-11-01 00:00:00,0
2281,37,1,2035-11-01 00:00:00,0.31
2282,38,1,2035-11-01 00:00:00,4.75
2283,39,1,2035-11-01 00:00:00,0
2284,40,1,2035-11-01 00:00:00,0
2285,37,1,2036-11-01 00:00:00,0.31
2286,38,1,2036-11-01 00:00:00,4.7700000000000005
2287,39,1,2036-11-01 00:00:00,0
2288,40,1,2036-11-01 00:00:00,0
2289,37,1,2037-11-01 00:00:00,0.31
2290,38,1,2037-11-01 00:00:00,4.78
2291,39,1,2037-11-01 00:00:00,0
2292,40,1,2037-11-01 00:00:00,0
2293,37,1,2038-11-01 00:00:00,0.31
2294,38,1,2038-11-01 00:00:00,4.800000000000001
2295,39,1,2038-11-01 00:00:00,0
2296,40,1,2038-11-01 00:00:00,0
2297,37,1,2039-11-01 00:00:00,0.31
2298,38,1,2039-11-01 00:00:00,4.8100000000000005
2299,39,1,2039-11-01 00:00:00,0
2300,40,1,2039-11-01 00:00:00,0
2301,37,1,2040-11-01 00:00:00,0.31
2302,38,1,2040-11-01 00:00:00,4.8500000000000005
2303,39,1,2040-11-01 00:00:00,0
2304,40,1,2040-11-01 00:00:00,0
2305,37,1,2041-11-01 00:00:00,0.31
2306,38,1,2041-11-01 00:00:00,4.86
2307,39,1,2041-11-01 00:00:00,0
2308,40,1,2041-11-01 00:00:00,0
2309,37,1,2042-11-01 00:00:00,0.31
2310,38,1,2042-11-01 00:00:00,4.890000000000001
2311,39,1,2042-11-01 00:00:00,0
2312,40,1,2042-11-01 00:00:00,0
2313,37,1,2043-11-01 00:00:00,0.32
2314,38,1,2043-11-01 00:00:00,4.89
2315,39,1,2043-11-01 00:00:00,0
2316,40,1,2043-11-01 00:00:00,0
2317,37,1,2044-11-01 00:00:00,0.31
2318,38,1,2044-11-01 00:00:00,4.880000000000001
2319,39,1,2044-11-01 00:00:00,0
2320,40,1,2044-11-01 00:00:00,0
2321,37,1,2045-11-01 00:00:00,0.31
2322,38,1,2045-11-01 00:00:00,4.880000000000001
2323,39,1,2045-11-01 00:00:00,0
2324,40,1,2045-11-01 00:00:00,0
2325,37,1,2046-11-01 00:00:00,0.31
2326,38,1,2046-11-01 00:00:00,4.87
2327,39,1,2046-11-01 00:00:00,0
2328,40,1,2046-11-01 00:00:00,0
2329,37,1,2047-11-01 00:00:00,0.31
2330,38,1,2047-11-01 00:00:00,4.880000000000001
2331,39,1,2047-11-01 00:00:00,0
2332,40,1,2047-11-01 00:00:00,0
2333,37,1,2048-11-01 00:00:00,0.31
2334,38,1,2048-11-01 00:00:00,4.880000000000001
2335,39,1,2048-11-01 00:00:00,0
2336,40,1,2048-11-01 00:00:00,0
2337,37,1,2049-11-01 00:00:00,0.31
2338,38,1,2049-11-01 00:00:00,4.83
2339,39,1,2049-11-01 00:00:00,0
2340,40,1,2049-11-01 00:00:00,0
2341,37,1,2050-11-01 00:00:00,0.3
2342,38,1,2050-11-01 00:00:00,4.73
2343,39,1,2050-11-01 00:00:00,0
2344,40,1,2050-11-01 00:00:00,0
2345,37,1,2051-11-01 00:00:00,0.3
2346,38,1,2051-11-01 00:00:00,4.66
2347,39,1,2051-11-01 00:00:00,0
2348,40,1,2051-11-01 00:00:00,0
2349,37,1,2052-11-01 00:00:00,0.3
2350,38,1,2052-11-01 00:00:00,4.640000000000001
2351,39,1,2052-11-01 00:00:00,0
2352,40,1,2052-11-01 00:00:00,0
2353,37,1,2053-11-01 00:00:00,0.3
2354,38,1,2053-11-01 00:00:00,4.640000000000001
2355,39,1,2053-11-01 00:00:00,0
2356,40,1,2053-11-01 00:00:00,0
2357,37,1,2024-04-01 00:00:00,0.36
2358,38,1,2024-04-01 00:00:00,5.59
2359,39,1,2024-04-01 00:00:00,0
2360,40,1,2024-04-01 00:00:00,0
2361,37,1,2025-04-01 00:00:00,0.34
2362,38,1,2025-04-01 00:00:00,5.23
2363,39,1,2025-04-01 00:00:00,0
2364,40,1,2025-04-01 00:00:00,0
2365,37,1,2026-04-01 00:00:00,0.3
2366,38,1,2026-04-01 00:00:00,4.72
2367,39,1,2026-04-01 00:00:00,0
2368,40,1,2026-04-01 00:00:00,0
2369,37,1,2027-04-01 00:00:00,0.29
2370,38,1,2027-04-01 00:00:00,4.56
2371,39,1,2027-04-01 00:00:00,0
2372,40,1,2027-04-01 00:00:00,0
2373,37,1,2028-04-01 00:00:00,0.3
2374,38,1,2028-04-01 00:00:00,4.59
2375,39,1,2028-04-01 00:00:00,0
2376,40,1,2028-04-01 00:00:00,0
2377,37,1,2029-04-01 00:00:00,0.3
2378,38,1,2029-04-01 00:00:00,4.66
2379,39,1,2029-04-01 00:00:00,0
2380,40,1,2029-04-01 00:00:00,0
2381,37,1,2030-04-01 00:00:00,0.31
2382,38,1,2030-04-01 00:00:00,4.760000000000001
2383,39,1,2030-04-01 00:00:00,0
2384,40,1,2030-04-01 00:00:00,0
2385,37,1,2031-04-01 00:00:00,0.31
2386,38,1,2031-04-01 00:00:00,4.8500000000000005
2387,39,1,2031-04-01 00:00:00,0
2388,40,1,2031-04-01 00:00:00,0
2389,37,1,2032-04-01 00:00:00,0.32
2390,38,1,2032-04-01 00:00:00,4.93
2391,39,1,2032-04-01 00:00:00,0
2392,40,1,2032-04-01 00:00:00,0
2393,37,1,2033-04-01 00:00:00,0.32
2394,38,1,2033-04-01 00:00:00,4.949999999999999
2395,39,1,2033-04-01 00:00:00,0
2396,40,1,2033-04-01 00:00:00,0
2397,37,1,2034-04-01 00:00:00,0.32
2398,38,1,2034-04-01 00:00:00,5
2399,39,1,2034-04-01 00:00:00,0
2400,40,1,2034-04-01 00:00:00,0
2401,37,1,2035-04-01 00:00:00,0.32
2402,38,1,2035-04-01 00:00:00,4.989999999999999
2403,39,1,2035-04-01 00:00:00,0
2404,40,1,2035-04-01 00:00:00,0
2405,37,1,2036-04-01 00:00:00,0.32
2406,38,1,2036-04-01 00:00:00,4.989999999999999
2407,39,1,2036-04-01 00:00:00,0
2408,40,1,2036-04-01 00:00:00,0
2409,37,1,2037-04-01 00:00:00,0.32
2410,38,1,2037-04-01 00:00:00,5
2411,39,1,2037-04-01 00:00:00,0
2412,40,1,2037-04-01 00:00:00,0
2413,37,1,2038-04-01 00:00:00,0.32
2414,38,1,2038-04-01 00:00:00,5.01
2415,39,1,2038-04-01 00:00:00,0
2416,40,1,2038-04-01 00:00:00,0
2417,37,1,2039-04-01 00:00:00,0.32
2418,38,1,2039-04-01 00:00:00,5.02
2419,39,1,2039-04-01 00:00:00,0
2420,40,1,2039-04-01 00:00:00,0
2421,37,1,2040-04-01 00:00:00,0.32
2422,38,1,2040-04-01 00:00:00,5.04
2423,39,1,2040-04-01 00:00:00,0
2424,40,1,2040-04-01 00:00:00,0
2425,37,1,2041-04-01 00:00:00,0.32
2426,38,1,2041-04-01 00:00:00,5.05
2427,39,1,2041-04-01 00:00:00,0
2428,40,1,2041-04-01 00:00:00,0
2429,37,1,2042-04-01 00:00:00,0.33
2430,38,1,2042-04-01 00:00:00,5.06
2431,39,1,2042-04-01 00:00:00,0
2432,40,1,2042-04-01 00:00:00,0
2433,37,1,2043-04-01 00:00:00,0.33
2434,38,1,2043-04-01 00:00:00,5.06
2435,39,1,2043-04-01 00:00:00,0
2436,40,1,2043-04-01 00:00:00,0
2437,37,1,2044-04-01 00:00:00,0.33
2438,38,1,2044-04-01 00:00:00,5.06
2439,39,1,2044-04-01 00:00:00,0
2440,40,1,2044-04-01 00:00:00,0
2441,37,1,2045-04-01 00:00:00,0.32
2442,38,1,2045-04-01 00:00:00,5.05
2443,39,1,2045-04-01 00:00:00,0
2444,40,1,2045-04-01 00:00:00,0
2445,37,1,2046-04-01 00:00:00,0.32
2446,38,1,2046-04-01 00:00:00,5.02
2447,39,1,2046-04-01 00:00:00,0
2448,40,1,2046-04-01 00:00:00,0
2449,37,1,2047-04-01 00:00:00,0.32
2450,38,1,2047-04-01 00:00:00,5
2451,39,1,2047-04-01 00:00:00,0
2452,40,1,2047-04-01 00:00:00,0
2453,37,1,2048-04-01 00:00:00,0.32
2454,38,1,2048-04-01 00:00:00,4.989999999999999
2455,39,1,2048-04-01 00:00:00,0
2456,40,1,2048-04-01 00:00:00,0
2457,37,1,2049-04-01 00:00:00,0.32
2458,38,1,2049-04-01 00:00:00,4.9799999999999995
2459,39,1,2049-04-01 00:00:00,0
2460,40,1,2049-04-01 00:00:00,0
2461,37,1,2050-04-01 00:00:00,0.32
2462,38,1,2050-04-01 00:00:00,4.9399999999999995
2463,39,1,2050-04-01 00:00:00,0
2464,40,1,2050-04-01 00:00:00,0
2465,37,1,2051-04-01 00:00:00,0.31
2466,38,1,2051-04-01 00:00:00,4.86
2467,39,1,2051-04-01 00:00:00,0
2468,40,1,2051-04-01 00:00:00,0
2469,37,1,2052-04-01 00:00:00,0.31
2470,38,1,2052-04-01 00:00:00,4.800000000000001
2471,39,1,2052-04-01 00:00:00,0
2472,40,1,2052-04-01 00:00:00,0
2473,37,1,2053-04-01 00:00:00,0.31
2474,38,1,2053-04-01 00:00:00,4.7700000000000005
2475,39,1,2053-04-01 00:00:00,0
2476,40,1,2053-04-01 00:00:00,0
2477,37,1,2054-04-01 00:00:00,0.31
2478,38,1,2054-04-01 00:00:00,4.75
2479,39,1,2054-04-01 00:00:00,0
2480,40,1,2054-04-01 00:00:00,0
2481,41,1,2023-11-01 00:00:00,25.57
2482,42,1,2023-11-01 00:00:00,14.43
2483,43,1,2023-11-01 00:00:00,3.6300000000000026
2484,44,1,2023-11-01 00:00:00,4.939999999999998
2485,41,1,2024-11-01 00:00:00,25.94
2486,42,1,2024-11-01 00:00:00,14.639999999999997
2487,43,1,2024-11-01 00:00:00,3.6799999999999997
2488,44,1,2024-11-01 00:00:00,5.020000000000003
2489,41,1,2025-11-01 00:00:00,26.47
2490,42,1,2025-11-01 00:00:00,14.939999999999998
2491,43,1,2025-11-01 00:00:00,3.760000000000005
2492,44,1,2025-11-01 00:00:00,5.109999999999999
2493,41,1,2026-11-01 00:00:00,27.14
2494,42,1,2026-11-01 00:00:00,15.32
2495,43,1,2026-11-01 00:00:00,3.8500000000000014
2496,44,1,2026-11-01 00:00:00,5.239999999999995
2497,41,1,2027-11-01 00:00:00,27.82
2498,42,1,2027-11-01 00:00:00,15.700000000000003
2499,43,1,2027-11-01 00:00:00,3.9499999999999957
2500,44,1,2027-11-01 00:00:00,5.380000000000003
2501,41,1,2028-11-01 00:00:00,28.12
2502,42,1,2028-11-01 00:00:00,15.870000000000001
2503,43,1,2028-11-01 00:00:00,4
2504,44,1,2028-11-01 00:00:00,5.43
2505,41,1,2029-11-01 00:00:00,28.5
2506,42,1,2029-11-01 00:00:00,16.08
2507,43,1,2029-11-01 00:00:00,4.050000000000004
2508,44,1,2029-11-01 00:00:00,5.5
2509,41,1,2030-11-01 00:00:00,28.78
2510,42,1,2030-11-01 00:00:00,16.229999999999997
2511,43,1,2030-11-01 00:00:00,4.090000000000003
2512,44,1,2030-11-01 00:00:00,5.559999999999995
2513,41,1,2031-11-01 00:00:00,29.12
2514,42,1,2031-11-01 00:00:00,16.44
2515,43,1,2031-11-01 00:00:00,4.1299999999999955
2516,44,1,2031-11-01 00:00:00,5.630000000000003
2517,41,1,2032-11-01 00:00:00,29.42
2518,42,1,2032-11-01 00:00:00,16.6
2519,43,1,2032-11-01 00:00:00,4.18
2520,44,1,2032-11-01 00:00:00,5.68
2521,41,1,2033-11-01 00:00:00,29.84
2522,42,1,2033-11-01 00:00:00,16.84
2523,43,1,2033-11-01 00:00:00,4.240000000000002
2524,44,1,2033-11-01 00:00:00,5.769999999999996
2525,41,1,2034-11-01 00:00:00,30.19
2526,42,1,2034-11-01 00:00:00,17.039999999999996
2527,43,1,2034-11-01 00:00:00,4.290000000000006
2528,44,1,2034-11-01 00:00:00,5.829999999999998
2529,41,1,2035-11-01 00:00:00,30.57
2530,42,1,2035-11-01 00:00:00,17.25
2531,43,1,2035-11-01 00:00:00,4.339999999999996
2532,44,1,2035-11-01 00:00:00,5.910000000000004
2533,41,1,2036-11-01 00:00:00,30.9
2534,42,1,2036-11-01 00:00:00,17.43
2535,43,1,2036-11-01 00:00:00,4.390000000000001
2536,44,1,2036-11-01 00:00:00,5.969999999999999
2537,41,1,2037-11-01 00:00:00,31.18
2538,42,1,2037-11-01 00:00:00,17.590000000000003
2539,43,1,2037-11-01 00:00:00,4.43
2540,44,1,2037-11-01 00:00:00,6.019999999999996
2541,41,1,2038-11-01 00:00:00,31.44
2542,42,1,2038-11-01 00:00:00,17.74
2543,43,1,2038-11-01 00:00:00,4.469999999999999
2544,44,1,2038-11-01 00:00:00,6.07
2545,41,1,2039-11-01 00:00:00,31.71
2546,42,1,2039-11-01 00:00:00,17.9
2547,43,1,2039-11-01 00:00:00,4.5
2548,44,1,2039-11-01 00:00:00,6.130000000000003
2549,41,1,2040-11-01 00:00:00,32.03
2550,42,1,2040-11-01 00:00:00,18.08
2551,43,1,2040-11-01 00:00:00,4.549999999999997
2552,44,1,2040-11-01 00:00:00,6.180000000000007
2553,41,1,2041-11-01 00:00:00,32.29
2554,42,1,2041-11-01 00:00:00,18.22
2555,43,1,2041-11-01 00:00:00,4.580000000000005
2556,44,1,2041-11-01 00:00:00,6.239999999999995
2557,41,1,2042-11-01 00:00:00,32.53
2558,42,1,2042-11-01 00:00:00,18.36
2559,43,1,2042-11-01 00:00:00,4.619999999999997
2560,44,1,2042-11-01 00:00:00,6.280000000000001
2561,41,1,2043-11-01 00:00:00,32.67
2562,42,1,2043-11-01 00:00:00,18.439999999999998
2563,43,1,2043-11-01 00:00:00,4.640000000000001
2564,44,1,2043-11-01 00:00:00,6.32
2565,41,1,2044-11-01 00:00:00,32.74
2566,42,1,2044-11-01 00:00:00,18.479999999999997
2567,43,1,2044-11-01 00:00:00,4.649999999999999
2568,44,1,2044-11-01 00:00:00,6.32
2569,41,1,2045-11-01 00:00:00,32.66
2570,42,1,2045-11-01 00:00:00,18.430000000000007
2571,43,1,2045-11-01 00:00:00,4.6399999999999935
2572,44,1,2045-11-01 00:00:00,6.310000000000002
2573,41,1,2046-11-01 00:00:00,32.54
2574,42,1,2046-11-01 00:00:00,18.36
2575,43,1,2046-11-01 00:00:00,4.6200000000000045
2576,44,1,2046-11-01 00:00:00,6.289999999999999
2577,41,1,2047-11-01 00:00:00,32.34
2578,42,1,2047-11-01 00:00:00,18.25
2579,43,1,2047-11-01 00:00:00,4.599999999999994
2580,44,1,2047-11-01 00:00:00,6.240000000000002
2581,41,1,2048-11-01 00:00:00,32.13
2582,42,1,2048-11-01 00:00:00,18.129999999999995
2583,43,1,2048-11-01 00:00:00,4.560000000000002
2584,44,1,2048-11-01 00:00:00,6.210000000000001
2585,41,1,2049-11-01 00:00:00,32.16
2586,42,1,2049-11-01 00:00:00,18.150000000000006
2587,43,1,2049-11-01 00:00:00,4.559999999999995
2588,44,1,2049-11-01 00:00:00,6.210000000000001
2589,41,1,2050-11-01 00:00:00,32.29
2590,42,1,2050-11-01 00:00:00,18.22
2591,43,1,2050-11-01 00:00:00,4.590000000000003
2592,44,1,2050-11-01 00:00:00,6.240000000000002
2593,41,1,2051-11-01 00:00:00,32.46
2594,42,1,2051-11-01 00:00:00,18.310000000000002
2595,43,1,2051-11-01 00:00:00,4.609999999999999
2596,44,1,2051-11-01 00:00:00,6.269999999999996
2597,41,1,2052-11-01 00:00:00,32.64
2598,42,1,2052-11-01 00:00:00,18.42
2599,43,1,2052-11-01 00:00:00,4.6299999999999955
2600,44,1,2052-11-01 00:00:00,6.310000000000002
2601,41,1,2053-11-01 00:00:00,32.69
2602,42,1,2053-11-01 00:00:00,18.450000000000003
2603,43,1,2053-11-01 00:00:00,4.640000000000001
2604,44,1,2053-11-01 00:00:00,6.32
2605,41,1,2024-04-01 00:00:00,25.57
2606,42,1,2024-04-01 00:00:00,14.43
2607,43,1,2024-04-01 00:00:00,3.6300000000000026
2608,44,1,2024-04-01 00:00:00,4.939999999999998
2609,41,1,2025-04-01 00:00:00,26.04
2610,42,1,2025-04-01 00:00:00,14.689999999999998
2611,43,1,2025-04-01 00:00:00,3.700000000000003
2612,44,1,2025-04-01 00:00:00,5.030000000000001
2613,41,1,2026-04-01 00:00:00,26.71
2614,42,1,2026-04-01 00:00:00,15.07
2615,43,1,2026-04-01 00:00:00,3.789999999999999
2616,44,1,2026-04-01 00:00:00,5.159999999999997
2617,41,1,2027-04-01 00:00:00,27.55
2618,42,1,2027-04-01 00:00:00,15.540000000000003
2619,43,1,2027-04-01 00:00:00,3.9099999999999966
2620,44,1,2027-04-01 00:00:00,5.329999999999998
2621,41,1,2028-04-01 00:00:00,28.15
2622,42,1,2028-04-01 00:00:00,15.880000000000003
2623,43,1,2028-04-01 00:00:00,4
2624,44,1,2028-04-01 00:00:00,5.439999999999998
2625,41,1,2029-04-01 00:00:00,28.6
2626,42,1,2029-04-01 00:00:00,16.14
2627,43,1,2029-04-01 00:00:00,4.059999999999995
2628,44,1,2029-04-01 00:00:00,5.530000000000001
2629,41,1,2030-04-01 00:00:00,28.94
2630,42,1,2030-04-01 00:00:00,16.34
2631,43,1,2030-04-01 00:00:00,4.109999999999999
2632,44,1,2030-04-01 00:00:00,5.589999999999996
2633,41,1,2031-04-01 00:00:00,29.31
2634,42,1,2031-04-01 00:00:00,16.540000000000003
2635,43,1,2031-04-01 00:00:00,4.159999999999997
2636,44,1,2031-04-01 00:00:00,5.660000000000004
2637,41,1,2032-04-01 00:00:00,29.67
2638,42,1,2032-04-01 00:00:00,16.739999999999995
2639,43,1,2032-04-01 00:00:00,4.210000000000001
2640,44,1,2032-04-01 00:00:00,5.730000000000004
2641,41,1,2033-04-01 00:00:00,30.01
2642,42,1,2033-04-01 00:00:00,16.94
2643,43,1,2033-04-01 00:00:00,4.259999999999998
2644,44,1,2033-04-01 00:00:00,5.799999999999997
2645,41,1,2034-04-01 00:00:00,30.37
2646,42,1,2034-04-01 00:00:00,17.150000000000002
2647,43,1,2034-04-01 00:00:00,4.309999999999995
2648,44,1,2034-04-01 00:00:00,5.8700000000000045
2649,41,1,2035-04-01 00:00:00,30.77
2650,42,1,2035-04-01 00:00:00,17.360000000000003
2651,43,1,2035-04-01 00:00:00,4.369999999999997
2652,44,1,2035-04-01 00:00:00,5.939999999999998
2653,41,1,2036-04-01 00:00:00,31.17
2654,42,1,2036-04-01 00:00:00,17.589999999999996
2655,43,1,2036-04-01 00:00:00,4.43
2656,44,1,2036-04-01 00:00:00,6.020000000000003
2657,41,1,2037-04-01 00:00:00,31.54
2658,42,1,2037-04-01 00:00:00,17.79
2659,43,1,2037-04-01 00:00:00,4.480000000000004
2660,44,1,2037-04-01 00:00:00,6.089999999999996
2661,41,1,2038-04-01 00:00:00,31.9
2662,42,1,2038-04-01 00:00:00,18
2663,43,1,2038-04-01 00:00:00,4.530000000000001
2664,44,1,2038-04-01 00:00:00,6.160000000000004
2665,41,1,2039-04-01 00:00:00,32.12
2666,42,1,2039-04-01 00:00:00,18.120000000000005
2667,43,1,2039-04-01 00:00:00,4.559999999999995
2668,44,1,2039-04-01 00:00:00,6.210000000000001
2669,41,1,2040-04-01 00:00:00,32.42
2670,42,1,2040-04-01 00:00:00,18.299999999999997
2671,43,1,2040-04-01 00:00:00,4.600000000000001
2672,44,1,2040-04-01 00:00:00,6.270000000000003
2673,41,1,2041-04-01 00:00:00,32.75
2674,42,1,2041-04-01 00:00:00,18.479999999999997
2675,43,1,2041-04-01 00:00:00,4.650000000000006
2676,44,1,2041-04-01 00:00:00,6.329999999999998
2677,41,1,2042-04-01 00:00:00,33.05
2678,42,1,2042-04-01 00:00:00,18.650000000000006
2679,43,1,2042-04-01 00:00:00,4.689999999999998
2680,44,1,2042-04-01 00:00:00,6.390000000000001
2681,41,1,2043-04-01 00:00:00,33.28
2682,42,1,2043-04-01 00:00:00,18.79
2683,43,1,2043-04-01 00:00:00,4.719999999999999
2684,44,1,2043-04-01 00:00:00,6.43
2685,41,1,2044-04-01 00:00:00,33.37
2686,42,1,2044-04-01 00:00:00,18.830000000000005
2687,43,1,2044-04-01 00:00:00,4.739999999999995
2688,44,1,2044-04-01 00:00:00,6.450000000000003
2689,41,1,2045-04-01 00:00:00,33.32
2690,42,1,2045-04-01 00:00:00,18.799999999999997
2691,43,1,2045-04-01 00:00:00,4.730000000000004
2692,44,1,2045-04-01 00:00:00,6.439999999999998
2693,41,1,2046-04-01 00:00:00,33.35
2694,42,1,2046-04-01 00:00:00,18.82
2695,43,1,2046-04-01 00:00:00,4.739999999999995
2696,44,1,2046-04-01 00:00:00,6.440000000000005
2697,41,1,2047-04-01 00:00:00,33.22
2698,42,1,2047-04-01 00:00:00,18.740000000000002
2699,43,1,2047-04-01 00:00:00,4.719999999999999
2700,44,1,2047-04-01 00:00:00,6.420000000000002
2701,41,1,2048-04-01 00:00:00,32.88
2702,42,1,2048-04-01 00:00:00,18.559999999999995
2703,43,1,2048-04-01 00:00:00,4.670000000000002
2704,44,1,2048-04-01 00:00:00,6.350000000000001
2705,41,1,2049-04-01 00:00:00,32.77
2706,42,1,2049-04-01 00:00:00,18.5
2707,43,1,2049-04-01 00:00:00,4.649999999999999
2708,44,1,2049-04-01 00:00:00,6.329999999999998
2709,41,1,2050-04-01 00:00:00,32.75
2710,42,1,2050-04-01 00:00:00,18.479999999999997
2711,43,1,2050-04-01 00:00:00,4.650000000000006
2712,44,1,2050-04-01 00:00:00,6.32
2713,41,1,2051-04-01 00:00:00,32.77
2714,42,1,2051-04-01 00:00:00,18.489999999999995
2715,43,1,2051-04-01 00:00:00,4.649999999999999
2716,44,1,2051-04-01 00:00:00,6.330000000000005
2717,41,1,2052-04-01 00:00:00,33.04
2718,42,1,2052-04-01 00:00:00,18.65
2719,43,1,2052-04-01 00:00:00,4.690000000000005
2720,44,1,2052-04-01 00:00:00,6.3799999999999955
2721,41,1,2053-04-01 00:00:00,33.1
2722,42,1,2053-04-01 00:00:00,18.68
2723,43,1,2053-04-01 00:00:00,4.699999999999996
2724,44,1,2053-04-01 00:00:00,6.390000000000001
2725,41,1,2054-04-01 00:00:00,33.11
2726,42,1,2054-04-01 00:00:00,18.689999999999998
2727,43,1,2054-04-01 00:00:00,4.700000000000003
2728,44,1,2054-04-01 00:00:00,6.390000000000001
2729,45,1,2023-11-01 00:00:00,0
2730,46,1,2023-11-01 00:00:00,0
2731,47,1,2023-11-01 00:00:00,0
2732,48,1,2023-11-01 00:00:00,0
2733,45,1,2024-11-01 00:00:00,0
2734,46,1,2024-11-01 00:00:00,0
2735,47,1,2024-11-01 00:00:00,0
2736,48,1,2024-11-01 00:00:00,0
2737,45,1,2025-11-01 00:00:00,0
2738,46,1,2025-11-01 00:00:00,0
2739,47,1,2025-11-01 00:00:00,0
2740,48,1,2025-11-01 00:00:00,0
2741,45,1,2026-11-01 00:00:00,0
2742,46,1,2026-11-01 00:00:00,0
2743,47,1,2026-11-01 00:00:00,0
2744,48,1,2026-11-01 00:00:00,0
2745,45,1,2027-11-01 00:00:00,0
2746,46,1,2027-11-01 00:00:00,0
2747,47,1,2027-11-01 00:00:00,0
2748,48,1,2027-11-01 00:00:00,0
2749,45,1,2028-11-01 00:00:00,0
2750,46,1,2028-11-01 00:00:00,0
2751,47,1,2028-11-01 00:00:00,0
2752,48,1,2028-11-01 00:00:00,0
2753,45,1,2029-11-01 00:00:00,0
2754,46,1,2029-11-01 00:00:00,0
2755,47,1,2029-11-01 00:00:00,0
2756,48,1,2029-11-01 00:00:00,0
2757,45,1,2030-11-01 00:00:00,0
2758,46,1,2030-11-01 00:00:00,0
2759,47,1,2030-11-01 00:00:00,0
2760,48,1,2030-11-01 00:00:00,0
2761,45,1,2031-11-01 00:00:00,0
2762,46,1,2031-11-01 00:00:00,0
2763,47,1,2031-11-01 00:00:00,0
2764,48,1,2031-11-01 00:00:00,0
2765,45,1,2032-11-01 00:00:00,0
2766,46,1,2032-11-01 00:00:00,0
2767,47,1,2032-11-01 00:00:00,0
2768,48,1,2032-11-01 00:00:00,0
2769,45,1,2033-11-01 00:00:00,0
2770,46,1,2033-11-01 00:00:00,0
2771,47,1,2033-11-01 00:00:00,0
2772,48,1,2033-11-01 00:00:00,0
2773,45,1,2034-11-01 00:00:00,0
2774,46,1,2034-11-01 00:00:00,0
2775,47,1,2034-11-01 00:00:00,0
2776,48,1,2034-11-01 00:00:00,0
2777,45,1,2035-11-01 00:00:00,0
2778,46,1,2035-11-01 00:00:00,0
2779,47,1,2035-11-01 00:00:00,0
2780,48,1,2035-11-01 00:00:00,0
2781,45,1,2036-11-01 00:00:00,0
2782,46,1,2036-11-01 00:00:00,0
2783,47,1,2036-11-01 00:00:00,0
2784,48,1,2036-11-01 00:00:00,0
2785,45,1,2037-11-01 00:00:00,0
2786,46,1,2037-11-01 00:00:00,0
2787,47,1,2037-11-01 00:00:00,0
2788,48,1,2037-11-01 00:00:00,0
2789,45,1,2038-11-01 00:00:00,0
2790,46,1,2038-11-01 00:00:00,0
2791,47,1,2038-11-01 00:00:00,0
2792,48,1,2038-11-01 00:00:00,0
2793,45,1,2039-11-01 00:00:00,0
2794,46,1,2039-11-01 00:00:00,0
2795,47,1,2039-11-01 00:00:00,0
2796,48,1,2039-11-01 00:00:00,0
2797,45,1,2040-11-01 00:00:00,0
2798,46,1,2040-11-01 00:00:00,0
2799,47,1,2040-11-01 00:00:00,0
2800,48,1,2040-11-01 00:00:00,0
2801,45,1,2041-11-01 00:00:00,0
2802,46,1,2041-11-01 00:00:00,0
2803,47,1,2041-11-01 00:00:00,0
2804,48,1,2041-11-01 00:00:00,0
2805,45,1,2042-11-01 00:00:00,0
2806,46,1,2042-11-01 00:00:00,0
2807,47,1,2042-11-01 00:00:00,0
2808,48,1,2042-11-01 00:00:00,0
2809,45,1,2043-11-01 00:00:00,0
2810,46,1,2043-11-01 00:00:00,0
2811,47,1,2043-11-01 00:00:00,0
2812,48,1,2043-11-01 00:00:00,0
2813,45,1,2044-11-01 00:00:00,0
2814,46,1,2044-11-01 00:00:00,0
2815,47,1,2044-11-01 00:00:00,0
2816,48,1,2044-11-01 00:00:00,0
2817,45,1,2045-11-01 00:00:00,0
2818,46,1,2045-11-01 00:00:00,0
2819,47,1,2045-11-01 00:00:00,0
2820,48,1,2045-11-01 00:00:00,0
2821,45,1,2046-11-01 00:00:00,0
2822,46,1,2046-11-01 00:00:00,0
2823,47,1,2046-11-01 00:00:00,0
2824,48,1,2046-11-01 00:00:00,0
2825,45,1,2047-11-01 00:00:00,0
2826,46,1,2047-11-01 00:00:00,0
2827,47,1,2047-11-01 00:00:00,0
2828,48,1,2047-11-01 00:00:00,0
2829,45,1,2048-11-01 00:00:00,0
2830,46,1,2048-11-01 00:00:00,0
2831,47,1,2048-11-01 00:00:00,0
2832,48,1,2048-11-01 00:00:00,0
2833,45,1,2049-11-01 00:00:00,0
2834,46,1,2049-11-01 00:00:00,0
2835,47,1,2049-11-01 00:00:00,0
2836,48,1,2049-11-01 00:00:00,0
2837,45,1,2050-11-01 00:00:00,0
2838,46,1,2050-11-01 00:00:00,0
2839,47,1,2050-11-01 00:00:00,0
2840,48,1,2050-11-01 00:00:00,0
2841,45,1,2051-11-01 00:00:00,0
2842,46,1,2051-11-01 00:00:00,0
2843,47,1,2051-11-01 00:00:00,0
2844,48,1,2051-11-01 00:00:00,0
2845,45,1,2052-11-01 00:00:00,0
2846,46,1,2052-11-01 00:00:00,0
2847,47,1,2052-11-01 00:00:00,0
2848,48,1,2052-11-01 00:00:00,0
2849,45,1,2053-11-01 00:00:00,0
2850,46,1,2053-11-01 00:00:00,0
2851,47,1,2053-11-01 00:00:00,0
2852,48,1,2053-11-01 00:00:00,0
2853,45,1,2024-04-01 00:00:00,0
2854,46,1,2024-04-01 00:00:00,0
2855,47,1,2024-04-01 00:00:00,0
2856,48,1,2024-04-01 00:00:00,0
2857,45,1,2025-04-01 00:00:00,0
2858,46,1,2025-04-01 00:00:00,0
2859,47,1,2025-04-01 00:00:00,0
2860,48,1,2025-04-01 00:00:00,0
2861,45,1,2026-04-01 00:00:00,0
2862,46,1,2026-04-01 00:00:00,0
2863,47,1,2026-04-01 00:00:00,0
2864,48,1,2026-04-01 00:00:00,0
2865,45,1,2027-04-01 00:00:00,0
2866,46,1,2027-04-01 00:00:00,0
2867,47,1,2027-04-01 00:00:00,0
2868,48,1,2027-04-01 00:00:00,0
2869,45,1,2028-04-01 00:00:00,0
2870,46,1,2028-04-01 00:00:00,0
2871,47,1,2028-04-01 00:00:00,0
2872,48,1,2028-04-01 00:00:00,0
2873,45,1,2029-04-01 00:00:00,0
2874,46,1,2029-04-01 00:00:00,0
2875,47,1,2029-04-01 00:00:00,0
2876,48,1,2029-04-01 00:00:00,0
2877,45,1,2030-04-01 00:00:00,0
2878,46,1,2030-04-01 00:00:00,0
2879,47,1,2030-04-01 00:00:00,0
2880,48,1,2030-04-01 00:00:00,0
2881,45,1,2031-04-01 00:00:00,0
2882,46,1,2031-04-01 00:00:00,0
2883,47,1,2031-04-01 00:00:00,0
2884,48,1,2031-04-01 00:00:00,0
2885,45,1,2032-04-01 00:00:00,0
2886,46,1,2032-04-01 00:00:00,0
2887,47,1,2032-04-01 00:00:00,0
2888,48,1,2032-04-01 00:00:00,0
2889,45,1,2033-04-01 00:00:00,0
2890,46,1,2033-04-01 00:00:00,0
2891,47,1,2033-04-01 00:00:00,0
2892,48,1,2033-04-01 00:00:00,0
2893,45,1,2034-04-01 00:00:00,0
2894,46,1,2034-04-01 00:00:00,0
2895,47,1,2034-04-01 00:00:00,0
2896,48,1,2034-04-01 00:00:00,0
2897,45,1,2035-04-01 00:00:00,0
2898,46,1,2035-04-01 00:00:00,0
2899,47,1,2035-04-01 00:00:00,0
2900,48,1,2035-04-01 00:00:00,0
2901,45,1,2036-04-01 00:00:00,0
2902,46,1,2036-04-01 00:00:00,0
2903,47,1,2036-04-01 00:00:00,0
2904,48,1,2036-04-01 00:00:00,0
2905,45,1,2037-04-01 00:00:00,0
2906,46,1,2037-04-01 00:00:00,0
2907,47,1,2037-04-01 00:00:00,0
2908,48,1,2037-04-01 00:00:00,0
2909,45,1,2038-04-01 00:00:00,0
2910,46,1,2038-04-01 00:00:00,0
2911,47,1,2038-04-01 00:00:00,0
2912,48,1,2038-04-01 00:00:00,0
2913,45,1,2039-04-01 00:00:00,0
2914,46,1,2039-04-01 00:00:00,0
2915,47,1,2039-04-01 00:00:00,0
2916,48,1,2039-04-01 00:00:00,0
2917,45,1,2040-04-01 00:00:00,0
2918,46,1,2040-04-01 00:00:00,0
2919,47,1,2040-04-01 00:00:00,0
2920,48,1,2040-04-01 00:00:00,0
2921,45,1,2041-04-01 00:00:00,0
2922,46,1,2041-04-01 00:00:00,0
2923,47,1,2041-04-01 00:00:00,0
2924,48,1,2041-04-01 00:00:00,0
2925,45,1,2042-04-01 00:00:00,0
2926,46,1,2042-04-01 00:00:00,0
2927,47,1,2042-04-01 00:00:00,0
2928,48,1,2042-04-01 00:00:00,0
2929,45,1,2043-04-01 00:00:00,0
2930,46,1,2043-04-01 00:00:00,0
2931,47,1,2043-04-01 00:00:00,0
2932,48,1,2043-04-01 00:00:00,0
2933,45,1,2044-04-01 00:00:00,0
2934,46,1,2044-04-01 00:00:00,0
2935,47,1,2044-04-01 00:00:00,0
2936,48,1,2044-04-01 00:00:00,0
2937,45,1,2045-04-01 00:00:00,0
2938,46,1,2045-04-01 00:00:00,0
2939,47,1,2045-04-01 00:00:00,0
2940,48,1,2045-04-01 00:00:00,0
2941,45,1,2046-04-01 00:00:00,0
2942,46,1,2046-04-01 00:00:00,0
2943,47,1,2046-04-01 00:00:00,0
2944,48,1,2046-04-01 00:00:00,0
2945,45,1,2047-04-01 00:00:00,0
2946,46,1,2047-04-01 00:00:00,0
2947,47,1,2047-04-01 00:00:00,0
2948,48,1,2047-04-01 00:00:00,0
2949,45,1,2048-04-01 00:00:00,0
2950,46,1,2048-04-01 00:00:00,0
2951,47,1,2048-04-01 00:00:00,0
2952,48,1,2048-04-01 00:00:00,0
2953,45,1,2049-04-01 00:00:00,0
2954,46,1,2049-04-01 00:00:00,0
2955,47,1,2049-04-01 00:00:00,0
2956,48,1,2049-04-01 00:00:00,0
2957,45,1,2050-04-01 00:00:00,0
2958,46,1,2050-04-01 00:00:00,0
2959,47,1,2050-04-01 00:00:00,0
2960,48,1,2050-04-01 00:00:00,0
2961,45,1,2051-04-01 00:00:00,0
2962,46,1,2051-04-01 00:00:00,0
2963,47,1,2051-04-01 00:00:00,0
2964,48,1,2051-04-01 00:00:00,0
2965,45,1,2052-04-01 00:00:00,0
2966,46,1,2052-04-01 00:00:00,0
2967,47,1,2052-04-01 00:00:00,0
2968,48,1,2052-04-01 00:00:00,0
2969,45,1,2053-04-01 00:00:00,0
2970,46,1,2053-04-01 00:00:00,0
2971,47,1,2053-04-01 00:00:00,0
2972,48,1,2053-04-01 00:00:00,0
2973,45,1,2054-04-01 00:00:00,0
2974,46,1,2054-04-01 00:00:00,0
2975,47,1,2054-04-01 00:00:00,0
2976,48,1,2054-04-01 00:00:00,0
2977,1,2,2023-11-01 00:00:00,0
2978,2,2,2023-11-01 00:00:00,0
2979,3,2,2023-11-01 00:00:00,0
2980,4,2,2023-11-01 00:00:00,0
2981,1,2,2024-11-01 00:00:00,0
2982,2,2,2024-11-01 00:00:00,0
2983,3,2,2024-11-01 00:00:00,0
2984,4,2,2024-11-01 00:00:00,0
2985,1,2,2025-11-01 00:00:00,0
2986,2,2,2025-11-01 00:00:00,0
2987,3,2,2025-11-01 00:00:00,0
2988,4,2,2025-11-01 00:00:00,0
2989,1,2,2026-11-01 00:00:00,0
2990,2,2,2026-11-01 00:00:00,0
2991,3,2,2026-11-01 00:00:00,0
2992,4,2,2026-11-01 00:00:00,0
2993,1,2,2027-11-01 00:00:00,0
2994,2,2,2027-11-01 00:00:00,0
2995,3,2,2027-11-01 00:00:00,0
2996,4,2,2027-11-01 00:00:00,0
2997,1,2,2028-11-01 00:00:00,0
2998,2,2,2028-11-01 00:00:00,0
2999,3,2,2028-11-01 00:00:00,0
3000,4,2,2028-11-01 00:00:00,0
3001,1,2,2029-11-01 00:00:00,0
3002,2,2,2029-11-01 00:00:00,0
3003,3,2,2029-11-01 00:00:00,0
3004,4,2,2029-11-01 00:00:00,0
3005,1,2,2030-11-01 00:00:00,0
3006,2,2,2030-11-01 00:00:00,0
3007,3,2,2030-11-01 00:00:00,0
3008,4,2,2030-11-01 00:00:00,0
3009,1,2,2031-11-01 00:00:00,0
3010,2,2,2031-11-01 00:00:00,0
3011,3,2,2031-11-01 00:00:00,0
3012,4,2,2031-11-01 00:00:00,0
3013,1,2,2032-11-01 00:00:00,0
3014,2,2,2032-11-01 00:00:00,0
3015,3,2,2032-11-01 00:00:00,0
3016,4,2,2032-11-01 00:00:00,0
3017,1,2,2033-11-01 00:00:00,0
3018,2,2,2033-11-01 00:00:00,0
3019,3,2,2033-11-01 00:00:00,0
3020,4,2,2033-11-01 00:00:00,0
3021,1,2,2034-11-01 00:00:00,0
3022,2,2,2034-11-01 00:00:00,0
3023,3,2,2034-11-01 00:00:00,0
3024,4,2,2034-11-01 00:00:00,0
3025,1,2,2035-11-01 00:00:00,0
3026,2,2,2035-11-01 00:00:00,0
3027,3,2,2035-11-01 00:00:00,0
3028,4,2,2035-11-01 00:00:00,0
3029,1,2,2036-11-01 00:00:00,0
3030,2,2,2036-11-01 00:00:00,0
3031,3,2,2036-11-01 00:00:00,0
3032,4,2,2036-11-01 00:00:00,0
3033,1,2,2037-11-01 00:00:00,0
3034,2,2,2037-11-01 00:00:00,0
3035,3,2,2037-11-01 00:00:00,0
3036,4,2,2037-11-01 00:00:00,0
3037,1,2,2038-11-01 00:00:00,0
3038,2,2,2038-11-01 00:00:00,0
3039,3,2,2038-11-01 00:00:00,0
3040,4,2,2038-11-01 00:00:00,0
3041,1,2,2039-11-01 00:00:00,0
3042,2,2,2039-11-01 00:00:00,0
3043,3,2,2039-11-01 00:00:00,0
3044,4,2,2039-11-01 00:00:00,0
3045,1,2,2040-11-01 00:00:00,0
3046,2,2,2040-11-01 00:00:00,0
3047,3,2,2040-11-01 00:00:00,0
3048,4,2,2040-11-01 00:00:00,0
3049,1,2,2041-11-01 00:00:00,0
3050,2,2,2041-11-01 00:00:00,0
3051,3,2,2041-11-01 00:00:00,0
3052,4,2,2041-11-01 00:00:00,0
3053,1,2,2042-11-01 00:00:00,0
3054,2,2,2042-11-01 00:00:00,0
3055,3,2,2042-11-01 00:00:00,0
3056,4,2,2042-11-01 00:00:00,0
3057,1,2,2043-11-01 00:00:00,0
3058,2,2,2043-11-01 00:00:00,0
3059,3,2,2043-11-01 00:00:00,0
3060,4,2,2043-11-01 00:00:00,0
3061,1,2,2044-11-01 00:00:00,0
3062,2,2,2044-11-01 00:00:00,0
3063,3,2,2044-11-01 00:00:00,0
3064,4,2,2044-11-01 00:00:00,0
3065,1,2,2045-11-01 00:00:00,0
3066,2,2,2045-11-01 00:00:00,0
3067,3,2,2045-11-01 00:00:00,0
3068,4,2,2045-11-01 00:00:00,0
3069,1,2,2046-11-01 00:00:00,0
3070,2,2,2046-11-01 00:00:00,0
3071,3,2,2046-11-01 00:00:00,0
3072,4,2,2046-11-01 00:00:00,0
3073,1,2,2047-11-01 00:00:00,0
3074,2,2,2047-11-01 00:00:00,0
3075,3,2,2047-11-01 00:00:00,0
3076,4,2,2047-11-01 00:00:00,0
3077,1,2,2048-11-01 00:00:00,0
3078,2,2,2048-11-01 00:00:00,0
3079,3,2,2048-11-01 00:00:00,0
3080,4,2,2048-11-01 00:00:00,0
3081,1,2,2049-11-01 00:00:00,0
3082,2,2,2049-11-01 00:00:00,0
3083,3,2,2049-11-01 00:00:00,0
3084,4,2,2049-11-01 00:00:00,0
3085,1,2,2050-11-01 00:00:00,0
3086,2,2,2050-11-01 00:00:00,0
3087,3,2,2050-11-01 00:00:00,0
3088,4,2,2050-11-01 00:00:00,0
3089,1,2,2051-11-01 00:00:00,0
3090,2,2,2051-11-01 00:00:00,0
3091,3,2,2051-11-01 00:00:00,0
3092,4,2,2051-11-01 00:00:00,0
3093,1,2,2052-11-01 00:00:00,0
3094,2,2,2052-11-01 00:00:00,0
3095,3,2,2052-11-01 00:00:00,0
3096,4,2,2052-11-01 00:00:00,0
3097,1,2,2053-11-01 00:00:00,0
3098,2,2,2053-11-01 00:00:00,0
3099,3,2,2053-11-01 00:00:00,0
3100,4,2,2053-11-01 00:00:00,0
3101,1,2,2024-04-01 00:00:00,0
3102,2,2,2024-04-01 00:00:00,0
3103,3,2,2024-04-01 00:00:00,0
3104,4,2,2024-04-01 00:00:00,0
3105,1,2,2025-04-01 00:00:00,0
3106,2,2,2025-04-01 00:00:00,0
3107,3,2,2025-04-01 00:00:00,0
3108,4,2,2025-04-01 00:00:00,0
3109,1,2,2026-04-01 00:00:00,0
3110,2,2,2026-04-01 00:00:00,0
3111,3,2,2026-04-01 00:00:00,0
3112,4,2,2026-04-01 00:00:00,0
3113,1,2,2027-04-01 00:00:00,0
3114,2,2,2027-04-01 00:00:00,0
3115,3,2,2027-04-01 00:00:00,0
3116,4,2,2027-04-01 00:00:00,0
3117,1,2,2028-04-01 00:00:00,0
3118,2,2,2028-04-01 00:00:00,0
3119,3,2,2028-04-01 00:00:00,0
3120,4,2,2028-04-01 00:00:00,0
3121,1,2,2029-04-01 00:00:00,0
3122,2,2,2029-04-01 00:00:00,0
3123,3,2,2029-04-01 00:00:00,0
3124,4,2,2029-04-01 00:00:00,0
3125,1,2,2030-04-01 00:00:00,0
3126,2,2,2030-04-01 00:00:00,0
3127,3,2,2030-04-01 00:00:00,0
3128,4,2,2030-04-01 00:00:00,0
3129,1,2,2031-04-01 00:00:00,0
3130,2,2,2031-04-01 00:00:00,0
3131,3,2,2031-04-01 00:00:00,0
3132,4,2,2031-04-01 00:00:00,0
3133,1,2,2032-04-01 00:00:00,0
3134,2,2,2032-04-01 00:00:00,0
3135,3,2,2032-04-01 00:00:00,0
3136,4,2,2032-04-01 00:00:00,0
3137,1,2,2033-04-01 00:00:00,0
3138,2,2,2033-04-01 00:00:00,0
3139,3,2,2033-04-01 00:00:00,0
3140,4,2,2033-04-01 00:00:00,0
3141,1,2,2034-04-01 00:00:00,0
3142,2,2,2034-04-01 00:00:00,0
3143,3,2,2034-04-01 00:00:00,0
3144,4,2,2034-04-01 00:00:00,0
3145,1,2,2035-04-01 00:00:00,0
3146,2,2,2035-04-01 00:00:00,0
3147,3,2,2035-04-01 00:00:00,0
3148,4,2,2035-04-01 00:00:00,0
3149,1,2,2036-04-01 00:00:00,0
3150,2,2,2036-04-01 00:00:00,0
3151,3,2,2036-04-01 00:00:00,0
3152,4,2,2036-04-01 00:00:00,0
3153,1,2,2037-04-01 00:00:00,0
3154,2,2,2037-04-01 00:00:00,0
3155,3,2,2037-04-01 00:00:00,0
3156,4,2,2037-04-01 00:00:00,0
3157,1,2,2038-04-01 00:00:00,0
3158,2,2,2038-04-01 00:00:00,0
3159,3,2,2038-04-01 00:00:00,0
3160,4,2,2038-04-01 00:00:00,0
3161,1,2,2039-04-01 00:00:00,0
3162,2,2,2039-04-01 00:00:00,0
3163,3,2,2039-04-01 00:00:00,0
3164,4,2,2039-04-01 00:00:00,0
3165,1,2,2040-04-01 00:00:00,0
3166,2,2,2040-04-01 00:00:00,0
3167,3,2,2040-04-01 00:00:00,0
3168,4,2,2040-04-01 00:00:00,0
3169,1,2,2041-04-01 00:00:00,0
3170,2,2,2041-04-01 00:00:00,0
3171,3,2,2041-04-01 00:00:00,0
3172,4,2,2041-04-01 00:00:00,0
3173,1,2,2042-04-01 00:00:00,0
3174,2,2,2042-04-01 00:00:00,0
3175,3,2,2042-04-01 00:00:00,0
3176,4,2,2042-04-01 00:00:00,0
3177,1,2,2043-04-01 00:00:00,0
3178,2,2,2043-04-01 00:00:00,0
3179,3,2,2043-04-01 00:00:00,0
3180,4,2,2043-04-01 00:00:00,0
3181,1,2,2044-04-01 00:00:00,0
3182,2,2,2044-04-01 00:00:00,0
3183,3,2,2044-04-01 00:00:00,0
3184,4,2,2044-04-01 00:00:00,0
3185,1,2,2045-04-01 00:00:00,0
3186,2,2,2045-04-01 00:00:00,0
3187,3,2,2045-04-01 00:00:00,0
3188,4,2,2045-04-01 00:00:00,0
3189,1,2,2046-04-01 00:00:00,0
3190,2,2,2046-04-01 00:00:00,0
3191,3,2,2046-04-01 00:00:00,0
3192,4,2,2046-04-01 00:00:00,0
3193,1,2,2047-04-01 00:00:00,0
3194,2,2,2047-04-01 00:00:00,0
3195,3,2,2047-04-01 00:00:00,0
3196,4,2,2047-04-01 00:00:00,0
3197,1,2,2048-04-01 00:00:00,0
3198,2,2,2048-04-01 00:00:00,0
3199,3,2,2048-04-01 00:00:00,0
3200,4,2,2048-04-01 00:00:00,0
3201,1,2,2049-04-01 00:00:00,0
3202,2,2,2049-04-01 00:00:00,0
3203,3,2,2049-04-01 00:00:00,0
3204,4,2,2049-04-01 00:00:00,0
3205,1,2,2050-04-01 00:00:00,0
3206,2,2,2050-04-01 00:00:00,0
3207,3,2,2050-04-01 00:00:00,0
3208,4,2,2050-04-01 00:00:00,0
3209,1,2,2051-04-01 00:00:00,0
3210,2,2,2051-04-01 00:00:00,0
3211,3,2,2051-04-01 00:00:00,0
3212,4,2,2051-04-01 00:00:00,0
3213,1,2,2052-04-01 00:00:00,0
3214,2,2,2052-04-01 00:00:00,0
3215,3,2,2052-04-01 00:00:00,0
3216,4,2,2052-04-01 00:00:00,0
3217,1,2,2053-04-01 00:00:00,0
3218,2,2,2053-04-01 00:00:00,0
3219,3,2,2053-04-01 00:00:00,0
3220,4,2,2053-04-01 00:00:00,0
3221,1,2,2054-04-01 00:00:00,0
3222,2,2,2054-04-01 00:00:00,0
3223,3,2,2054-04-01 00:00:00,0
3224,4,2,2054-04-01 00:00:00,0
3225,5,2,2023-11-01 00:00:00,0
3226,6,2,2023-11-01 00:00:00,0
3227,7,2,2023-11-01 00:00:00,0
3228,8,2,2023-11-01 00:00:00,0
3229,5,2,2024-11-01 00:00:00,0
3230,6,2,2024-11-01 00:00:00,0
3231,7,2,2024-11-01 00:00:00,0
3232,8,2,2024-11-01 00:00:00,0
3233,5,2,2025-11-01 00:00:00,0
3234,6,2,2025-11-01 00:00:00,0
3235,7,2,2025-11-01 00:00:00,0
3236,8,2,2025-11-01 00:00:00,0
3237,5,2,2026-11-01 00:00:00,0
3238,6,2,2026-11-01 00:00:00,0
3239,7,2,2026-11-01 00:00:00,0
3240,8,2,2026-11-01 00:00:00,0
3241,5,2,2027-11-01 00:00:00,0
3242,6,2,2027-11-01 00:00:00,0
3243,7,2,2027-11-01 00:00:00,0
3244,8,2,2027-11-01 00:00:00,0
3245,5,2,2028-11-01 00:00:00,0
3246,6,2,2028-11-01 00:00:00,0
3247,7,2,2028-11-01 00:00:00,0
3248,8,2,2028-11-01 00:00:00,0
3249,5,2,2029-11-01 00:00:00,0
3250,6,2,2029-11-01 00:00:00,0
3251,7,2,2029-11-01 00:00:00,0
3252,8,2,2029-11-01 00:00:00,0
3253,5,2,2030-11-01 00:00:00,0
3254,6,2,2030-11-01 00:00:00,0
3255,7,2,2030-11-01 00:00:00,0
3256,8,2,2030-11-01 00:00:00,0
3257,5,2,2031-11-01 00:00:00,0
3258,6,2,2031-11-01 00:00:00,0
3259,7,2,2031-11-01 00:00:00,0
3260,8,2,2031-11-01 00:00:00,0
3261,5,2,2032-11-01 00:00:00,0
3262,6,2,2032-11-01 00:00:00,0
3263,7,2,2032-11-01 00:00:00,0
3264,8,2,2032-11-01 00:00:00,0
3265,5,2,2033-11-01 00:00:00,0
3266,6,2,2033-11-01 00:00:00,0
3267,7,2,2033-11-01 00:00:00,0
3268,8,2,2033-11-01 00:00:00,0
3269,5,2,2034-11-01 00:00:00,0
3270,6,2,2034-11-01 00:00:00,0
3271,7,2,2034-11-01 00:00:00,0
3272,8,2,2034-11-01 00:00:00,0
3273,5,2,2035-11-01 00:00:00,0
3274,6,2,2035-11-01 00:00:00,0
3275,7,2,2035-11-01 00:00:00,0
3276,8,2,2035-11-01 00:00:00,0
3277,5,2,2036-11-01 00:00:00,0
3278,6,2,2036-11-01 00:00:00,0
3279,7,2,2036-11-01 00:00:00,0
3280,8,2,2036-11-01 00:00:00,0
3281,5,2,2037-11-01 00:00:00,0
3282,6,2,2037-11-01 00:00:00,0
3283,7,2,2037-11-01 00:00:00,0
3284,8,2,2037-11-01 00:00:00,0
3285,5,2,2038-11-01 00:00:00,0
3286,6,2,2038-11-01 00:00:00,0
3287,7,2,2038-11-01 00:00:00,0
3288,8,2,2038-11-01 00:00:00,0
3289,5,2,2039-11-01 00:00:00,0
3290,6,2,2039-11-01 00:00:00,0
3291,7,2,2039-11-01 00:00:00,0
3292,8,2,2039-11-01 00:00:00,0
3293,5,2,2040-11-01 00:00:00,0
3294,6,2,2040-11-01 00:00:00,0
3295,7,2,2040-11-01 00:00:00,0
3296,8,2,2040-11-01 00:00:00,0
3297,5,2,2041-11-01 00:00:00,0
3298,6,2,2041-11-01 00:00:00,0
3299,7,2,2041-11-01 00:00:00,0
3300,8,2,2041-11-01 00:00:00,0
3301,5,2,2042-11-01 00:00:00,0
3302,6,2,2042-11-01 00:00:00,0
3303,7,2,2042-11-01 00:00:00,0
3304,8,2,2042-11-01 00:00:00,0
3305,5,2,2043-11-01 00:00:00,0
3306,6,2,2043-11-01 00:00:00,0
3307,7,2,2043-11-01 00:00:00,0
3308,8,2,2043-11-01 00:00:00,0
3309,5,2,2044-11-01 00:00:00,0
3310,6,2,2044-11-01 00:00:00,0
3311,7,2,2044-11-01 00:00:00,0
3312,8,2,2044-11-01 00:00:00,0
3313,5,2,2045-11-01 00:00:00,0
3314,6,2,2045-11-01 00:00:00,0
3315,7,2,2045-11-01 00:00:00,0
3316,8,2,2045-11-01 00:00:00,0
3317,5,2,2046-11-01 00:00:00,0
3318,6,2,2046-11-01 00:00:00,0
3319,7,2,2046-11-01 00:00:00,0
3320,8,2,2046-11-01 00:00:00,0
3321,5,2,2047-11-01 00:00:00,0
3322,6,2,2047-11-01 00:00:00,0
3323,7,2,2047-11-01 00:00:00,0
3324,8,2,2047-11-01 00:00:00,0
3325,5,2,2048-11-01 00:00:00,0
3326,6,2,2048-11-01 00:00:00,0
3327,7,2,2048-11-01 00:00:00,0
3328,8,2,2048-11-01 00:00:00,0
3329,5,2,2049-11-01 00:00:00,0
3330,6,2,2049-11-01 00:00:00,0
3331,7,2,2049-11-01 00:00:00,0
3332,8,2,2049-11-01 00:00:00,0
3333,5,2,2050-11-01 00:00:00,0
3334,6,2,2050-11-01 00:00:00,0
3335,7,2,2050-11-01 00:00:00,0
3336,8,2,2050-11-01 00:00:00,0
3337,5,2,2051-11-01 00:00:00,0
3338,6,2,2051-11-01 00:00:00,0
3339,7,2,2051-11-01 00:00:00,0
3340,8,2,2051-11-01 00:00:00,0
3341,5,2,2052-11-01 00:00:00,0
3342,6,2,2052-11-01 00:00:00,0
3343,7,2,2052-11-01 00:00:00,0
3344,8,2,2052-11-01 00:00:00,0
3345,5,2,2053-11-01 00:00:00,0
3346,6,2,2053-11-01 00:00:00,0
3347,7,2,2053-11-01 00:00:00,0
3348,8,2,2053-11-01 00:00:00,0
3349,5,2,2024-04-01 00:00:00,0
3350,6,2,2024-04-01 00:00:00,0
3351,7,2,2024-04-01 00:00:00,0
3352,8,2,2024-04-01 00:00:00,0
3353,5,2,2025-04-01 00:00:00,0
3354,6,2,2025-04-01 00:00:00,0
3355,7,2,2025-04-01 00:00:00,0
3356,8,2,2025-04-01 00:00:00,0
3357,5,2,2026-04-01 00:00:00,0
3358,6,2,2026-04-01 00:00:00,0
3359,7,2,2026-04-01 00:00:00,0
3360,8,2,2026-04-01 00:00:00,0
3361,5,2,2027-04-01 00:00:00,0
3362,6,2,2027-04-01 00:00:00,0
3363,7,2,2027-04-01 00:00:00,0
3364,8,2,2027-04-01 00:00:00,0
3365,5,2,2028-04-01 00:00:00,0
3366,6,2,2028-04-01 00:00:00,0
3367,7,2,2028-04-01 00:00:00,0
3368,8,2,2028-04-01 00:00:00,0
3369,5,2,2029-04-01 00:00:00,0
3370,6,2,2029-04-01 00:00:00,0
3371,7,2,2029-04-01 00:00:00,0
3372,8,2,2029-04-01 00:00:00,0
3373,5,2,2030-04-01 00:00:00,0
3374,6,2,2030-04-01 00:00:00,0
3375,7,2,2030-04-01 00:00:00,0
3376,8,2,2030-04-01 00:00:00,0
3377,5,2,2031-04-01 00:00:00,0
3378,6,2,2031-04-01 00:00:00,0
3379,7,2,2031-04-01 00:00:00,0
3380,8,2,2031-04-01 00:00:00,0
3381,5,2,2032-04-01 00:00:00,0
3382,6,2,2032-04-01 00:00:00,0
3383,7,2,2032-04-01 00:00:00,0
3384,8,2,2032-04-01 00:00:00,0
3385,5,2,2033-04-01 00:00:00,0
3386,6,2,2033-04-01 00:00:00,0
3387,7,2,2033-04-01 00:00:00,0
3388,8,2,2033-04-01 00:00:00,0
3389,5,2,2034-04-01 00:00:00,0
3390,6,2,2034-04-01 00:00:00,0
3391,7,2,2034-04-01 00:00:00,0
3392,8,2,2034-04-01 00:00:00,0
3393,5,2,2035-04-01 00:00:00,0
3394,6,2,2035-04-01 00:00:00,0
3395,7,2,2035-04-01 00:00:00,0
3396,8,2,2035-04-01 00:00:00,0
3397,5,2,2036-04-01 00:00:00,0
3398,6,2,2036-04-01 00:00:00,0
3399,7,2,2036-04-01 00:00:00,0
3400,8,2,2036-04-01 00:00:00,0
3401,5,2,2037-04-01 00:00:00,0
3402,6,2,2037-04-01 00:00:00,0
3403,7,2,2037-04-01 00:00:00,0
3404,8,2,2037-04-01 00:00:00,0
3405,5,2,2038-04-01 00:00:00,0
3406,6,2,2038-04-01 00:00:00,0
3407,7,2,2038-04-01 00:00:00,0
3408,8,2,2038-04-01 00:00:00,0
3409,5,2,2039-04-01 00:00:00,0
3410,6,2,2039-04-01 00:00:00,0
3411,7,2,2039-04-01 00:00:00,0
3412,8,2,2039-04-01 00:00:00,0
3413,5,2,2040-04-01 00:00:00,0
3414,6,2,2040-04-01 00:00:00,0
3415,7,2,2040-04-01 00:00:00,0
3416,8,2,2040-04-01 00:00:00,0
3417,5,2,2041-04-01 00:00:00,0
3418,6,2,2041-04-01 00:00:00,0
3419,7,2,2041-04-01 00:00:00,0
3420,8,2,2041-04-01 00:00:00,0
3421,5,2,2042-04-01 00:00:00,0
3422,6,2,2042-04-01 00:00:00,0
3423,7,2,2042-04-01 00:00:00,0
3424,8,2,2042-04-01 00:00:00,0
3425,5,2,2043-04-01 00:00:00,0
3426,6,2,2043-04-01 00:00:00,0
3427,7,2,2043-04-01 00:00:00,0
3428,8,2,2043-04-01 00:00:00,0
3429,5,2,2044-04-01 00:00:00,0
3430,6,2,2044-04-01 00:00:00,0
3431,7,2,2044-04-01 00:00:00,0
3432,8,2,2044-04-01 00:00:00,0
3433,5,2,2045-04-01 00:00:00,0
3434,6,2,2045-04-01 00:00:00,0
3435,7,2,2045-04-01 00:00:00,0
3436,8,2,2045-04-01 00:00:00,0
3437,5,2,2046-04-01 00:00:00,0
3438,6,2,2046-04-01 00:00:00,0
3439,7,2,2046-04-01 00:00:00,0
3440,8,2,2046-04-01 00:00:00,0
3441,5,2,2047-04-01 00:00:00,0
3442,6,2,2047-04-01 00:00:00,0
3443,7,2,2047-04-01 00:00:00,0
3444,8,2,2047-04-01 00:00:00,0
3445,5,2,2048-04-01 00:00:00,0
3446,6,2,2048-04-01 00:00:00,0
3447,7,2,2048-04-01 00:00:00,0
3448,8,2,2048-04-01 00:00:00,0
3449,5,2,2049-04-01 00:00:00,0
3450,6,2,2049-04-01 00:00:00,0
3451,7,2,2049-04-01 00:00:00,0
3452,8,2,2049-04-01 00:00:00,0
3453,5,2,2050-04-01 00:00:00,0
3454,6,2,2050-04-01 00:00:00,0
3455,7,2,2050-04-01 00:00:00,0
3456,8,2,2050-04-01 00:00:00,0
3457,5,2,2051-04-01 00:00:00,0
3458,6,2,2051-04-01 00:00:00,0
3459,7,2,2051-04-01 00:00:00,0
3460,8,2,2051-04-01 00:00:00,0
3461,5,2,2052-04-01 00:00:00,0
3462,6,2,2052-04-01 00:00:00,0
3463,7,2,2052-04-01 00:00:00,0
3464,8,2,2052-04-01 00:00:00,0
3465,5,2,2053-04-01 00:00:00,0
3466,6,2,2053-04-01 00:00:00,0
3467,7,2,2053-04-01 00:00:00,0
3468,8,2,2053-04-01 00:00:00,0
3469,5,2,2054-04-01 00:00:00,0
3470,6,2,2054-04-01 00:00:00,0
3471,7,2,2054-04-01 00:00:00,0
3472,8,2,2054-04-01 00:00:00,0
3473,9,2,2023-11-01 00:00:00,0
3474,10,2,2023-11-01 00:00:00,0
3475,11,2,2023-11-01 00:00:00,0
3476,12,2,2023-11-01 00:00:00,0
3477,9,2,2024-11-01 00:00:00,0
3478,10,2,2024-11-01 00:00:00,0
3479,11,2,2024-11-01 00:00:00,0
3480,12,2,2024-11-01 00:00:00,0
3481,9,2,2025-11-01 00:00:00,0
3482,10,2,2025-11-01 00:00:00,0
3483,11,2,2025-11-01 00:00:00,0
3484,12,2,2025-11-01 00:00:00,0
3485,9,2,2026-11-01 00:00:00,0
3486,10,2,2026-11-01 00:00:00,0
3487,11,2,2026-11-01 00:00:00,0
3488,12,2,2026-11-01 00:00:00,0
3489,9,2,2027-11-01 00:00:00,0
3490,10,2,2027-11-01 00:00:00,0
3491,11,2,2027-11-01 00:00:00,0
3492,12,2,2027-11-01 00:00:00,0
3493,9,2,2028-11-01 00:00:00,0
3494,10,2,2028-11-01 00:00:00,0
3495,11,2,2028-11-01 00:00:00,0
3496,12,2,2028-11-01 00:00:00,0
3497,9,2,2029-11-01 00:00:00,0
3498,10,2,2029-11-01 00:00:00,0
3499,11,2,2029-11-01 00:00:00,0
3500,12,2,2029-11-01 00:00:00,0
3501,9,2,2030-11-01 00:00:00,0
3502,10,2,2030-11-01 00:00:00,0
3503,11,2,2030-11-01 00:00:00,0
3504,12,2,2030-11-01 00:00:00,0
3505,9,2,2031-11-01 00:00:00,0
3506,10,2,2031-11-01 00:00:00,0
3507,11,2,2031-11-01 00:00:00,0
3508,12,2,2031-11-01 00:00:00,0
3509,9,2,2032-11-01 00:00:00,0
3510,10,2,2032-11-01 00:00:00,0
3511,11,2,2032-11-01 00:00:00,0
3512,12,2,2032-11-01 00:00:00,0
3513,9,2,2033-11-01 00:00:00,0
3514,10,2,2033-11-01 00:00:00,0
3515,11,2,2033-11-01 00:00:00,0
3516,12,2,2033-11-01 00:00:00,0
3517,9,2,2034-11-01 00:00:00,0
3518,10,2,2034-11-01 00:00:00,0
3519,11,2,2034-11-01 00:00:00,0
3520,12,2,2034-11-01 00:00:00,0
3521,9,2,2035-11-01 00:00:00,0
3522,10,2,2035-11-01 00:00:00,0
3523,11,2,2035-11-01 00:00:00,0
3524,12,2,2035-11-01 00:00:00,0
3525,9,2,2036-11-01 00:00:00,0
3526,10,2,2036-11-01 00:00:00,0
3527,11,2,2036-11-01 00:00:00,0
3528,12,2,2036-11-01 00:00:00,0
3529,9,2,2037-11-01 00:00:00,0
3530,10,2,2037-11-01 00:00:00,0
3531,11,2,2037-11-01 00:00:00,0
3532,12,2,2037-11-01 00:00:00,0
3533,9,2,2038-11-01 00:00:00,0
3534,10,2,2038-11-01 00:00:00,0
3535,11,2,2038-11-01 00:00:00,0
3536,12,2,2038-11-01 00:00:00,0
3537,9,2,2039-11-01 00:00:00,0
3538,10,2,2039-11-01 00:00:00,0
3539,11,2,2039-11-01 00:00:00,0
3540,12,2,2039-11-01 00:00:00,0
3541,9,2,2040-11-01 00:00:00,0
3542,10,2,2040-11-01 00:00:00,0
3543,11,2,2040-11-01 00:00:00,0
3544,12,2,2040-11-01 00:00:00,0
3545,9,2,2041-11-01 00:00:00,0
3546,10,2,2041-11-01 00:00:00,0
3547,11,2,2041-11-01 00:00:00,0
3548,12,2,2041-11-01 00:00:00,0
3549,9,2,2042-11-01 00:00:00,0
3550,10,2,2042-11-01 00:00:00,0
3551,11,2,2042-11-01 00:00:00,0
3552,12,2,2042-11-01 00:00:00,0
3553,9,2,2043-11-01 00:00:00,0
3554,10,2,2043-11-01 00:00:00,0
3555,11,2,2043-11-01 00:00:00,0
3556,12,2,2043-11-01 00:00:00,0
3557,9,2,2044-11-01 00:00:00,0
3558,10,2,2044-11-01 00:00:00,0
3559,11,2,2044-11-01 00:00:00,0
3560,12,2,2044-11-01 00:00:00,0
3561,9,2,2045-11-01 00:00:00,0
3562,10,2,2045-11-01 00:00:00,0
3563,11,2,2045-11-01 00:00:00,0
3564,12,2,2045-11-01 00:00:00,0
3565,9,2,2046-11-01 00:00:00,0
3566,10,2,2046-11-01 00:00:00,0
3567,11,2,2046-11-01 00:00:00,0
3568,12,2,2046-11-01 00:00:00,0
3569,9,2,2047-11-01 00:00:00,0
3570,10,2,2047-11-01 00:00:00,0
3571,11,2,2047-11-01 00:00:00,0
3572,12,2,2047-11-01 00:00:00,0
3573,9,2,2048-11-01 00:00:00,0
3574,10,2,2048-11-01 00:00:00,0
3575,11,2,2048-11-01 00:00:00,0
3576,12,2,2048-11-01 00:00:00,0
3577,9,2,2049-11-01 00:00:00,0
3578,10,2,2049-11-01 00:00:00,0
3579,11,2,2049-11-01 00:00:00,0
3580,12,2,2049-11-01 00:00:00,0
3581,9,2,2050-11-01 00:00:00,0
3582,10,2,2050-11-01 00:00:00,0
3583,11,2,2050-11-01 00:00:00,0
3584,12,2,2050-11-01 00:00:00,0
3585,9,2,2051-11-01 00:00:00,0
3586,10,2,2051-11-01 00:00:00,0
3587,11,2,2051-11-01 00:00:00,0
3588,12,2,2051-11-01 00:00:00,0
3589,9,2,2052-11-01 00:00:00,0
3590,10,2,2052-11-01 00:00:00,0
3591,11,2,2052-11-01 00:00:00,0
3592,12,2,2052-11-01 00:00:00,0
3593,9,2,2053-11-01 00:00:00,0
3594,10,2,2053-11-01 00:00:00,0
3595,11,2,2053-11-01 00:00:00,0
3596,12,2,2053-11-01 00:00:00,0
3597,9,2,2024-04-01 00:00:00,0
3598,10,2,2024-04-01 00:00:00,0
3599,11,2,2024-04-01 00:00:00,0
3600,12,2,2024-04-01 00:00:00,0
3601,9,2,2025-04-01 00:00:00,0
3602,10,2,2025-04-01 00:00:00,0
3603,11,2,2025-04-01 00:00:00,0
3604,12,2,2025-04-01 00:00:00,0
3605,9,2,2026-04-01 00:00:00,0
3606,10,2,2026-04-01 00:00:00,0
3607,11,2,2026-04-01 00:00:00,0
3608,12,2,2026-04-01 00:00:00,0
3609,9,2,2027-04-01 00:00:00,0
3610,10,2,2027-04-01 00:00:00,0
3611,11,2,2027-04-01 00:00:00,0
3612,12,2,2027-04-01 00:00:00,0
3613,9,2,2028-04-01 00:00:00,0
3614,10,2,2028-04-01 00:00:00,0
3615,11,2,2028-04-01 00:00:00,0
3616,12,2,2028-04-01 00:00:00,0
3617,9,2,2029-04-01 00:00:00,0
3618,10,2,2029-04-01 00:00:00,0
3619,11,2,2029-04-01 00:00:00,0
3620,12,2,2029-04-01 00:00:00,0
3621,9,2,2030-04-01 00:00:00,0
3622,10,2,2030-04-01 00:00:00,0
3623,11,2,2030-04-01 00:00:00,0
3624,12,2,2030-04-01 00:00:00,0
3625,9,2,2031-04-01 00:00:00,0
3626,10,2,2031-04-01 00:00:00,0
3627,11,2,2031-04-01 00:00:00,0
3628,12,2,2031-04-01 00:00:00,0
3629,9,2,2032-04-01 00:00:00,0
3630,10,2,2032-04-01 00:00:00,0
3631,11,2,2032-04-01 00:00:00,0
3632,12,2,2032-04-01 00:00:00,0
3633,9,2,2033-04-01 00:00:00,0
3634,10,2,2033-04-01 00:00:00,0
3635,11,2,2033-04-01 00:00:00,0
3636,12,2,2033-04-01 00:00:00,0
3637,9,2,2034-04-01 00:00:00,0
3638,10,2,2034-04-01 00:00:00,0
3639,11,2,2034-04-01 00:00:00,0
3640,12,2,2034-04-01 00:00:00,0
3641,9,2,2035-04-01 00:00:00,0
3642,10,2,2035-04-01 00:00:00,0
3643,11,2,2035-04-01 00:00:00,0
3644,12,2,2035-04-01 00:00:00,0
3645,9,2,2036-04-01 00:00:00,0
3646,10,2,2036-04-01 00:00:00,0
3647,11,2,2036-04-01 00:00:00,0
3648,12,2,2036-04-01 00:00:00,0
3649,9,2,2037-04-01 00:00:00,0
3650,10,2,2037-04-01 00:00:00,0
3651,11,2,2037-04-01 00:00:00,0
3652,12,2,2037-04-01 00:00:00,0
3653,9,2,2038-04-01 00:00:00,0
3654,10,2,2038-04-01 00:00:00,0
3655,11,2,2038-04-01 00:00:00,0
3656,12,2,2038-04-01 00:00:00,0
3657,9,2,2039-04-01 00:00:00,0
3658,10,2,2039-04-01 00:00:00,0
3659,11,2,2039-04-01 00:00:00,0
3660,12,2,2039-04-01 00:00:00,0
3661,9,2,2040-04-01 00:00:00,0
3662,10,2,2040-04-01 00:00:00,0
3663,11,2,2040-04-01 00:00:00,0
3664,12,2,2040-04-01 00:00:00,0
3665,9,2,2041-04-01 00:00:00,0
3666,10,2,2041-04-01 00:00:00,0
3667,11,2,2041-04-01 00:00:00,0
3668,12,2,2041-04-01 00:00:00,0
3669,9,2,2042-04-01 00:00:00,0
3670,10,2,2042-04-01 00:00:00,0
3671,11,2,2042-04-01 00:00:00,0
3672,12,2,2042-04-01 00:00:00,0
3673,9,2,2043-04-01 00:00:00,0
3674,10,2,2043-04-01 00:00:00,0
3675,11,2,2043-04-01 00:00:00,0
3676,12,2,2043-04-01 00:00:00,0
3677,9,2,2044-04-01 00:00:00,0
3678,10,2,2044-04-01 00:00:00,0
3679,11,2,2044-04-01 00:00:00,0
3680,12,2,2044-04-01 00:00:00,0
3681,9,2,2045-04-01 00:00:00,0
3682,10,2,2045-04-01 00:00:00,0
3683,11,2,2045-04-01 00:00:00,0
3684,12,2,2045-04-01 00:00:00,0
3685,9,2,2046-04-01 00:00:00,0
3686,10,2,2046-04-01 00:00:00,0
3687,11,2,2046-04-01 00:00:00,0
3688,12,2,2046-04-01 00:00:00,0
3689,9,2,2047-04-01 00:00:00,0
3690,10,2,2047-04-01 00:00:00,0
3691,11,2,2047-04-01 00:00:00,0
3692,12,2,2047-04-01 00:00:00,0
3693,9,2,2048-04-01 00:00:00,0
3694,10,2,2048-04-01 00:00:00,0
3695,11,2,2048-04-01 00:00:00,0
3696,12,2,2048-04-01 00:00:00,0
3697,9,2,2049-04-01 00:00:00,0
3698,10,2,2049-04-01 00:00:00,0
3699,11,2,2049-04-01 00:00:00,0
3700,12,2,2049-04-01 00:00:00,0
3701,9,2,2050-04-01 00:00:00,0
3702,10,2,2050-04-01 00:00:00,0
3703,11,2,2050-04-01 00:00:00,0
3704,12,2,2050-04-01 00:00:00,0
3705,9,2,2051-04-01 00:00:00,0
3706,10,2,2051-04-01 00:00:00,0
3707,11,2,2051-04-01 00:00:00,0
3708,12,2,2051-04-01 00:00:00,0
3709,9,2,2052-04-01 00:00:00,0
3710,10,2,2052-04-01 00:00:00,0
3711,11,2,2052-04-01 00:00:00,0
3712,12,2,2052-04-01 00:00:00,0
3713,9,2,2053-04-01 00:00:00,0
3714,10,2,2053-04-01 00:00:00,0
3715,11,2,2053-04-01 00:00:00,0
3716,12,2,2053-04-01 00:00:00,0
3717,9,2,2054-04-01 00:00:00,0
3718,10,2,2054-04-01 00:00:00,0
3719,11,2,2054-04-01 00:00:00,0
3720,12,2,2054-04-01 00:00:00,0
3721,13,2,2023-11-01 00:00:00,22.02
3722,14,2,2023-11-01 00:00:00,32.129999999999995
3723,15,2,2023-11-01 00:00:00,97.71000000000001
3724,16,2,2023-11-01 00:00:00,37.25999999999999
3725,13,2,2024-11-01 00:00:00,23.17
3726,14,2,2024-11-01 00:00:00,33.809999999999995
3727,15,2,2024-11-01 00:00:00,102.83000000000001
3728,16,2,2024-11-01 00:00:00,39.21000000000001
3729,13,2,2025-11-01 00:00:00,24.26
3730,14,2,2025-11-01 00:00:00,35.41
3731,15,2,2025-11-01 00:00:00,107.66000000000001
3732,16,2,2025-11-01 00:00:00,41.059999999999974
3733,13,2,2026-11-01 00:00:00,25.51
3734,14,2,2026-11-01 00:00:00,37.230000000000004
3735,15,2,2026-11-01 00:00:00,113.19999999999999
3736,16,2,2026-11-01 00:00:00,43.170000000000016
3737,13,2,2027-11-01 00:00:00,26.62
3738,14,2,2027-11-01 00:00:00,38.83999999999999
3739,15,2,2027-11-01 00:00:00,118.12000000000002
3740,16,2,2027-11-01 00:00:00,45.04999999999998
3741,13,2,2028-11-01 00:00:00,27.94
3742,14,2,2028-11-01 00:00:00,40.760000000000005
3743,15,2,2028-11-01 00:00:00,123.96999999999998
3744,16,2,2028-11-01 00:00:00,47.27000000000001
3745,13,2,2029-11-01 00:00:00,29.38
3746,14,2,2029-11-01 00:00:00,42.870000000000005
3747,15,2,2029-11-01 00:00:00,130.38
3748,16,2,2029-11-01 00:00:00,49.71000000000001
3749,13,2,2030-11-01 00:00:00,30.81
3750,14,2,2030-11-01 00:00:00,44.95
3751,15,2,2030-11-01 00:00:00,136.7
3752,16,2,2030-11-01 00:00:00,52.12999999999997
3753,13,2,2031-11-01 00:00:00,32.18
3754,14,2,2031-11-01 00:00:00,46.940000000000005
3755,15,2,2031-11-01 00:00:00,142.78
3756,16,2,2031-11-01 00:00:00,54.43999999999997
3757,13,2,2032-11-01 00:00:00,33.57
3758,14,2,2032-11-01 00:00:00,48.98
3759,15,2,2032-11-01 00:00:00,148.95999999999998
3760,16,2,2032-11-01 00:00:00,56.81
3761,13,2,2033-11-01 00:00:00,35
3762,14,2,2033-11-01 00:00:00,51.06
3763,15,2,2033-11-01 00:00:00,155.3
3764,16,2,2033-11-01 00:00:00,59.20999999999998
3765,13,2,2034-11-01 00:00:00,36.35
3766,14,2,2034-11-01 00:00:00,53.04
3767,15,2,2034-11-01 00:00:00,161.29000000000002
3768,16,2,2034-11-01 00:00:00,61.5
3769,13,2,2035-11-01 00:00:00,38.01
3770,14,2,2035-11-01 00:00:00,55.449999999999996
3771,15,2,2035-11-01 00:00:00,168.65000000000003
3772,16,2,2035-11-01 00:00:00,64.32
3773,13,2,2036-11-01 00:00:00,39.69
3774,14,2,2036-11-01 00:00:00,57.92
3775,15,2,2036-11-01 00:00:00,176.13
3776,16,2,2036-11-01 00:00:00,67.17000000000002
3777,13,2,2037-11-01 00:00:00,41.4
3778,14,2,2037-11-01 00:00:00,60.419999999999995
3779,15,2,2037-11-01 00:00:00,183.73000000000002
3780,16,2,2037-11-01 00:00:00,70.06
3781,13,2,2038-11-01 00:00:00,42.83
3782,14,2,2038-11-01 00:00:00,62.489999999999995
3783,15,2,2038-11-01 00:00:00,190.06
3784,16,2,2038-11-01 00:00:00,72.47000000000003
3785,13,2,2039-11-01 00:00:00,44.26
3786,14,2,2039-11-01 00:00:00,64.58000000000001
3787,15,2,2039-11-01 00:00:00,196.4
3788,16,2,2039-11-01 00:00:00,74.89999999999998
3789,13,2,2040-11-01 00:00:00,45.89
3790,14,2,2040-11-01 00:00:00,66.95
3791,15,2,2040-11-01 00:00:00,203.60999999999999
3792,16,2,2040-11-01 00:00:00,77.65000000000003
3793,13,2,2041-11-01 00:00:00,47.45
3794,14,2,2041-11-01 00:00:00,69.24
3795,15,2,2041-11-01 00:00:00,210.55
3796,16,2,2041-11-01 00:00:00,80.28999999999996
3797,13,2,2042-11-01 00:00:00,48.95
3798,14,2,2042-11-01 00:00:00,71.42999999999999
3799,15,2,2042-11-01 00:00:00,217.20999999999998
3800,16,2,2042-11-01 00:00:00,82.83000000000004
3801,13,2,2043-11-01 00:00:00,50.35
3802,14,2,2043-11-01 00:00:00,73.47
3803,15,2,2043-11-01 00:00:00,223.42000000000002
3804,16,2,2043-11-01 00:00:00,85.19
3805,13,2,2044-11-01 00:00:00,51.49
3806,14,2,2044-11-01 00:00:00,75.13999999999999
3807,15,2,2044-11-01 00:00:00,228.48000000000002
3808,16,2,2044-11-01 00:00:00,87.13
3809,13,2,2045-11-01 00:00:00,52.77
3810,14,2,2045-11-01 00:00:00,76.98999999999998
3811,15,2,2045-11-01 00:00:00,234.15000000000003
3812,16,2,2045-11-01 00:00:00,89.28999999999996
3813,13,2,2046-11-01 00:00:00,54.22
3814,14,2,2046-11-01 00:00:00,79.11000000000001
3815,15,2,2046-11-01 00:00:00,240.59
3816,16,2,2046-11-01 00:00:00,91.74000000000001
3817,13,2,2047-11-01 00:00:00,55.57
3818,14,2,2047-11-01 00:00:00,81.09
3819,15,2,2047-11-01 00:00:00,246.6
3820,16,2,2047-11-01 00:00:00,94.03000000000003
3821,13,2,2048-11-01 00:00:00,56.88
3822,14,2,2048-11-01 00:00:00,82.99000000000001
3823,15,2,2048-11-01 00:00:00,252.39999999999998
3824,16,2,2048-11-01 00:00:00,96.25
3825,13,2,2049-11-01 00:00:00,58.1
3826,14,2,2049-11-01 00:00:00,84.76000000000002
3827,15,2,2049-11-01 00:00:00,257.78999999999996
3828,16,2,2049-11-01 00:00:00,98.30000000000001
3829,13,2,2050-11-01 00:00:00,58.7
3830,14,2,2050-11-01 00:00:00,85.64999999999999
3831,15,2,2050-11-01 00:00:00,260.48
3832,16,2,2050-11-01 00:00:00,99.32
3833,13,2,2051-11-01 00:00:00,59.78
3834,14,2,2051-11-01 00:00:00,87.22999999999999
3835,15,2,2051-11-01 00:00:00,265.26
3836,16,2,2051-11-01 00:00:00,101.15999999999997
3837,13,2,2052-11-01 00:00:00,61.12
3838,14,2,2052-11-01 00:00:00,89.19
3839,15,2,2052-11-01 00:00:00,271.21999999999997
3840,16,2,2052-11-01 00:00:00,103.42000000000007
3841,13,2,2053-11-01 00:00:00,62.24
3842,14,2,2053-11-01 00:00:00,90.82999999999998
3843,15,2,2053-11-01 00:00:00,276.2
3844,16,2,2053-11-01 00:00:00,105.32000000000005
3845,13,2,2024-04-01 00:00:00,22.02
3846,14,2,2024-04-01 00:00:00,32.129999999999995
3847,15,2,2024-04-01 00:00:00,97.71000000000001
3848,16,2,2024-04-01 00:00:00,37.25999999999999
3849,13,2,2025-04-01 00:00:00,23.39
3850,14,2,2025-04-01 00:00:00,34.14
3851,15,2,2025-04-01 00:00:00,103.80000000000001
3852,16,2,2025-04-01 00:00:00,39.579999999999984
3853,13,2,2026-04-01 00:00:00,24.74
3854,14,2,2026-04-01 00:00:00,36.11
3855,15,2,2026-04-01 00:00:00,109.78999999999999
3856,16,2,2026-04-01 00:00:00,41.860000000000014
3857,13,2,2027-04-01 00:00:00,26.2
3858,14,2,2027-04-01 00:00:00,38.230000000000004
3859,15,2,2027-04-01 00:00:00,116.25
3860,16,2,2027-04-01 00:00:00,44.329999999999984
3861,13,2,2028-04-01 00:00:00,27.63
3862,14,2,2028-04-01 00:00:00,40.32000000000001
3863,15,2,2028-04-01 00:00:00,122.61999999999999
3864,16,2,2028-04-01 00:00:00,46.76000000000002
3865,13,2,2029-04-01 00:00:00,29.27
3866,14,2,2029-04-01 00:00:00,42.72
3867,15,2,2029-04-01 00:00:00,129.89999999999998
3868,16,2,2029-04-01 00:00:00,49.53
3869,13,2,2030-04-01 00:00:00,31.07
3870,14,2,2030-04-01 00:00:00,45.339999999999996
3871,15,2,2030-04-01 00:00:00,137.87
3872,16,2,2030-04-01 00:00:00,52.58000000000001
3873,13,2,2031-04-01 00:00:00,32.85
3874,14,2,2031-04-01 00:00:00,47.940000000000005
3875,15,2,2031-04-01 00:00:00,145.77999999999997
3876,16,2,2031-04-01 00:00:00,55.59000000000003
3877,13,2,2032-04-01 00:00:00,34.58
3878,14,2,2032-04-01 00:00:00,50.46000000000001
3879,15,2,2032-04-01 00:00:00,153.44
3880,16,2,2032-04-01 00:00:00,58.51000000000002
3881,13,2,2033-04-01 00:00:00,36.29
3882,14,2,2033-04-01 00:00:00,52.940000000000005
3883,15,2,2033-04-01 00:00:00,161.01999999999998
3884,16,2,2033-04-01 00:00:00,61.39999999999998
3885,13,2,2034-04-01 00:00:00,37.96
3886,14,2,2034-04-01 00:00:00,55.38999999999999
3887,15,2,2034-04-01 00:00:00,168.45000000000002
3888,16,2,2034-04-01 00:00:00,64.24000000000001
3889,13,2,2035-04-01 00:00:00,39.62
3890,14,2,2035-04-01 00:00:00,57.800000000000004
3891,15,2,2035-04-01 00:00:00,175.8
3892,16,2,2035-04-01 00:00:00,67.02999999999997
3893,13,2,2036-04-01 00:00:00,41.85
3894,14,2,2036-04-01 00:00:00,61.050000000000004
3895,15,2,2036-04-01 00:00:00,185.68999999999997
3896,16,2,2036-04-01 00:00:00,70.81
3897,13,2,2037-04-01 00:00:00,43.94
3898,14,2,2037-04-01 00:00:00,64.12
3899,15,2,2037-04-01 00:00:00,194.99
3900,16,2,2037-04-01 00:00:00,74.34999999999997
3901,13,2,2038-04-01 00:00:00,46.09
3902,14,2,2038-04-01 00:00:00,67.24
3903,15,2,2038-04-01 00:00:00,204.5
3904,16,2,2038-04-01 00:00:00,77.98000000000002
3905,13,2,2039-04-01 00:00:00,47.7
3906,14,2,2039-04-01 00:00:00,69.59
3907,15,2,2039-04-01 00:00:00,211.64
3908,16,2,2039-04-01 00:00:00,80.70999999999998
3909,13,2,2040-04-01 00:00:00,49.44
3910,14,2,2040-04-01 00:00:00,72.15
3911,15,2,2040-04-01 00:00:00,219.4
3912,16,2,2040-04-01 00:00:00,83.67000000000002
3913,13,2,2041-04-01 00:00:00,51.5
3914,14,2,2041-04-01 00:00:00,75.15
3915,15,2,2041-04-01 00:00:00,228.54
3916,16,2,2041-04-01 00:00:00,87.13999999999999
3917,13,2,2042-04-01 00:00:00,53.62
3918,14,2,2042-04-01 00:00:00,78.25
3919,15,2,2042-04-01 00:00:00,237.94
3920,16,2,2042-04-01 00:00:00,90.74000000000001
3921,13,2,2043-04-01 00:00:00,55.55
3922,14,2,2043-04-01 00:00:00,81.05
3923,15,2,2043-04-01 00:00:00,246.48999999999998
3924,16,2,2043-04-01 00:00:00,93.99000000000001
3925,13,2,2044-04-01 00:00:00,57.15
3926,14,2,2044-04-01 00:00:00,83.38999999999999
3927,15,2,2044-04-01 00:00:00,253.59
3928,16,2,2044-04-01 00:00:00,96.69999999999999
3929,13,2,2045-04-01 00:00:00,58.57
3930,14,2,2045-04-01 00:00:00,85.46000000000001
3931,15,2,2045-04-01 00:00:00,259.89
3932,16,2,2045-04-01 00:00:00,99.09999999999997
3933,13,2,2046-04-01 00:00:00,60.2
3934,14,2,2046-04-01 00:00:00,87.83999999999999
3935,15,2,2046-04-01 00:00:00,267.13
3936,16,2,2046-04-01 00:00:00,101.86999999999995
3937,13,2,2047-04-01 00:00:00,62.16
3938,14,2,2047-04-01 00:00:00,90.71000000000001
3939,15,2,2047-04-01 00:00:00,275.83
3940,16,2,2047-04-01 00:00:00,105.18
3941,13,2,2048-04-01 00:00:00,63.96
3942,14,2,2048-04-01 00:00:00,93.32999999999998
3943,15,2,2048-04-01 00:00:00,283.83000000000004
3944,16,2,2048-04-01 00:00:00,108.23000000000002
3945,13,2,2049-04-01 00:00:00,65.65
3946,14,2,2049-04-01 00:00:00,95.78999999999999
3947,15,2,2049-04-01 00:00:00,291.32
3948,16,2,2049-04-01 00:00:00,111.09000000000003
3949,13,2,2050-04-01 00:00:00,67.15
3950,14,2,2050-04-01 00:00:00,97.97999999999999
3951,15,2,2050-04-01 00:00:00,297.97
3952,16,2,2050-04-01 00:00:00,113.63
3953,13,2,2051-04-01 00:00:00,67.67
3954,14,2,2051-04-01 00:00:00,98.73
3955,15,2,2051-04-01 00:00:00,300.26
3956,16,2,2051-04-01 00:00:00,114.49999999999994
3957,13,2,2052-04-01 00:00:00,69.13
3958,14,2,2052-04-01 00:00:00,100.87
3959,15,2,2052-04-01 00:00:00,306.75
3960,16,2,2052-04-01 00:00:00,116.97000000000003
3961,13,2,2053-04-01 00:00:00,70.59
3962,14,2,2053-04-01 00:00:00,103
3963,15,2,2053-04-01 00:00:00,313.22
3964,16,2,2053-04-01 00:00:00,119.44
3965,13,2,2054-04-01 00:00:00,71.95
3966,14,2,2054-04-01 00:00:00,104.98
3967,15,2,2054-04-01 00:00:00,319.25
3968,16,2,2054-04-01 00:00:00,121.74999999999994
3969,17,2,2023-11-01 00:00:00,0
3970,18,2,2023-11-01 00:00:00,0
3971,19,2,2023-11-01 00:00:00,0
3972,20,2,2023-11-01 00:00:00,0
3973,17,2,2024-11-01 00:00:00,0
3974,18,2,2024-11-01 00:00:00,0
3975,19,2,2024-11-01 00:00:00,0
3976,20,2,2024-11-01 00:00:00,0
3977,17,2,2025-11-01 00:00:00,0
3978,18,2,2025-11-01 00:00:00,0
3979,19,2,2025-11-01 00:00:00,0
3980,20,2,2025-11-01 00:00:00,0
3981,17,2,2026-11-01 00:00:00,0
3982,18,2,2026-11-01 00:00:00,0
3983,19,2,2026-11-01 00:00:00,0
3984,20,2,2026-11-01 00:00:00,0
3985,17,2,2027-11-01 00:00:00,0
3986,18,2,2027-11-01 00:00:00,0
3987,19,2,2027-11-01 00:00:00,0
3988,20,2,2027-11-01 00:00:00,0
3989,17,2,2028-11-01 00:00:00,0
3990,18,2,2028-11-01 00:00:00,0
3991,19,2,2028-11-01 00:00:00,0
3992,20,2,2028-11-01 00:00:00,0
3993,17,2,2029-11-01 00:00:00,0
3994,18,2,2029-11-01 00:00:00,0
3995,19,2,2029-11-01 00:00:00,0
3996,20,2,2029-11-01 00:00:00,0
3997,17,2,2030-11-01 00:00:00,0
3998,18,2,2030-11-01 00:00:00,0
3999,19,2,2030-11-01 00:00:00,0
4000,20,2,2030-11-01 00:00:00,0
4001,17,2,2031-11-01 00:00:00,0
4002,18,2,2031-11-01 00:00:00,0
4003,19,2,2031-11-01 00:00:00,0
4004,20,2,2031-11-01 00:00:00,0
4005,17,2,2032-11-01 00:00:00,0
4006,18,2,2032-11-01 00:00:00,0
4007,19,2,2032-11-01 00:00:00,0
4008,20,2,2032-11-01 00:00:00,0
4009,17,2,2033-11-01 00:00:00,0
4010,18,2,2033-11-01 00:00:00,0
4011,19,2,2033-11-01 00:00:00,0
4012,20,2,2033-11-01 00:00:00,0
4013,17,2,2034-11-01 00:00:00,0
4014,18,2,2034-11-01 00:00:00,0
4015,19,2,2034-11-01 00:00:00,0
4016,20,2,2034-11-01 00:00:00,0
4017,17,2,2035-11-01 00:00:00,0
4018,18,2,2035-11-01 00:00:00,0
4019,19,2,2035-11-01 00:00:00,0
4020,20,2,2035-11-01 00:00:00,0
4021,17,2,2036-11-01 00:00:00,0
4022,18,2,2036-11-01 00:00:00,0
4023,19,2,2036-11-01 00:00:00,0
4024,20,2,2036-11-01 00:00:00,0
4025,17,2,2037-11-01 00:00:00,0
4026,18,2,2037-11-01 00:00:00,0
4027,19,2,2037-11-01 00:00:00,0
4028,20,2,2037-11-01 00:00:00,0
4029,17,2,2038-11-01 00:00:00,0
4030,18,2,2038-11-01 00:00:00,0
4031,19,2,2038-11-01 00:00:00,0
4032,20,2,2038-11-01 00:00:00,0
4033,17,2,2039-11-01 00:00:00,0
4034,18,2,2039-11-01 00:00:00,0
4035,19,2,2039-11-01 00:00:00,0
4036,20,2,2039-11-01 00:00:00,0
4037,17,2,2040-11-01 00:00:00,0
4038,18,2,2040-11-01 00:00:00,0
4039,19,2,2040-11-01 00:00:00,0
4040,20,2,2040-11-01 00:00:00,0
4041,17,2,2041-11-01 00:00:00,0
4042,18,2,2041-11-01 00:00:00,0
4043,19,2,2041-11-01 00:00:00,0
4044,20,2,2041-11-01 00:00:00,0
4045,17,2,2042-11-01 00:00:00,0
4046,18,2,2042-11-01 00:00:00,0
4047,19,2,2042-11-01 00:00:00,0
4048,20,2,2042-11-01 00:00:00,0
4049,17,2,2043-11-01 00:00:00,0
4050,18,2,2043-11-01 00:00:00,0
4051,19,2,2043-11-01 00:00:00,0
4052,20,2,2043-11-01 00:00:00,0
4053,17,2,2044-11-01 00:00:00,0
4054,18,2,2044-11-01 00:00:00,0
4055,19,2,2044-11-01 00:00:00,0
4056,20,2,2044-11-01 00:00:00,0
4057,17,2,2045-11-01 00:00:00,0
4058,18,2,2045-11-01 00:00:00,0
4059,19,2,2045-11-01 00:00:00,0
4060,20,2,2045-11-01 00:00:00,0
4061,17,2,2046-11-01 00:00:00,0
4062,18,2,2046-11-01 00:00:00,0
4063,19,2,2046-11-01 00:00:00,0
4064,20,2,2046-11-01 00:00:00,0
4065,17,2,2047-11-01 00:00:00,0
4066,18,2,2047-11-01 00:00:00,0
4067,19,2,2047-11-01 00:00:00,0
4068,20,2,2047-11-01 00:00:00,0
4069,17,2,2048-11-01 00:00:00,0
4070,18,2,2048-11-01 00:00:00,0
4071,19,2,2048-11-01 00:00:00,0
4072,20,2,2048-11-01 00:00:00,0
4073,17,2,2049-11-01 00:00:00,0
4074,18,2,2049-11-01 00:00:00,0
4075,19,2,2049-11-01 00:00:00,0
4076,20,2,2049-11-01 00:00:00,0
4077,17,2,2050-11-01 00:00:00,0
4078,18,2,2050-11-01 00:00:00,0
4079,19,2,2050-11-01 00:00:00,0
4080,20,2,2050-11-01 00:00:00,0
4081,17,2,2051-11-01 00:00:00,0
4082,18,2,2051-11-01 00:00:00,0
4083,19,2,2051-11-01 00:00:00,0
4084,20,2,2051-11-01 00:00:00,0
4085,17,2,2052-11-01 00:00:00,0
4086,18,2,2052-11-01 00:00:00,0
4087,19,2,2052-11-01 00:00:00,0
4088,20,2,2052-11-01 00:00:00,0
4089,17,2,2053-11-01 00:00:00,0
4090,18,2,2053-11-01 00:00:00,0
4091,19,2,2053-11-01 00:00:00,0
4092,20,2,2053-11-01 00:00:00,0
4093,17,2,2024-04-01 00:00:00,0
4094,18,2,2024-04-01 00:00:00,0
4095,19,2,2024-04-01 00:00:00,0
4096,20,2,2024-04-01 00:00:00,0
4097,17,2,2025-04-01 00:00:00,0
4098,18,2,2025-04-01 00:00:00,0
4099,19,2,2025-04-01 00:00:00,0
4100,20,2,2025-04-01 00:00:00,0
4101,17,2,2026-04-01 00:00:00,0
4102,18,2,2026-04-01 00:00:00,0
4103,19,2,2026-04-01 00:00:00,0
4104,20,2,2026-04-01 00:00:00,0
4105,17,2,2027-04-01 00:00:00,0
4106,18,2,2027-04-01 00:00:00,0
4107,19,2,2027-04-01 00:00:00,0
4108,20,2,2027-04-01 00:00:00,0
4109,17,2,2028-04-01 00:00:00,0
4110,18,2,2028-04-01 00:00:00,0
4111,19,2,2028-04-01 00:00:00,0
4112,20,2,2028-04-01 00:00:00,0
4113,17,2,2029-04-01 00:00:00,0
4114,18,2,2029-04-01 00:00:00,0
4115,19,2,2029-04-01 00:00:00,0
4116,20,2,2029-04-01 00:00:00,0
4117,17,2,2030-04-01 00:00:00,0
4118,18,2,2030-04-01 00:00:00,0
4119,19,2,2030-04-01 00:00:00,0
4120,20,2,2030-04-01 00:00:00,0
4121,17,2,2031-04-01 00:00:00,0
4122,18,2,2031-04-01 00:00:00,0
4123,19,2,2031-04-01 00:00:00,0
4124,20,2,2031-04-01 00:00:00,0
4125,17,2,2032-04-01 00:00:00,0
4126,18,2,2032-04-01 00:00:00,0
4127,19,2,2032-04-01 00:00:00,0
4128,20,2,2032-04-01 00:00:00,0
4129,17,2,2033-04-01 00:00:00,0
4130,18,2,2033-04-01 00:00:00,0
4131,19,2,2033-04-01 00:00:00,0
4132,20,2,2033-04-01 00:00:00,0
4133,17,2,2034-04-01 00:00:00,0
4134,18,2,2034-04-01 00:00:00,0
4135,19,2,2034-04-01 00:00:00,0
4136,20,2,2034-04-01 00:00:00,0
4137,17,2,2035-04-01 00:00:00,0
4138,18,2,2035-04-01 00:00:00,0
4139,19,2,2035-04-01 00:00:00,0
4140,20,2,2035-04-01 00:00:00,0
4141,17,2,2036-04-01 00:00:00,0
4142,18,2,2036-04-01 00:00:00,0
4143,19,2,2036-04-01 00:00:00,0
4144,20,2,2036-04-01 00:00:00,0
4145,17,2,2037-04-01 00:00:00,0
4146,18,2,2037-04-01 00:00:00,0
4147,19,2,2037-04-01 00:00:00,0
4148,20,2,2037-04-01 00:00:00,0
4149,17,2,2038-04-01 00:00:00,0
4150,18,2,2038-04-01 00:00:00,0
4151,19,2,2038-04-01 00:00:00,0
4152,20,2,2038-04-01 00:00:00,0
4153,17,2,2039-04-01 00:00:00,0
4154,18,2,2039-04-01 00:00:00,0
4155,19,2,2039-04-01 00:00:00,0
4156,20,2,2039-04-01 00:00:00,0
4157,17,2,2040-04-01 00:00:00,0
4158,18,2,2040-04-01 00:00:00,0
4159,19,2,2040-04-01 00:00:00,0
4160,20,2,2040-04-01 00:00:00,0
4161,17,2,2041-04-01 00:00:00,0
4162,18,2,2041-04-01 00:00:00,0
4163,19,2,2041-04-01 00:00:00,0
4164,20,2,2041-04-01 00:00:00,0
4165,17,2,2042-04-01 00:00:00,0
4166,18,2,2042-04-01 00:00:00,0
4167,19,2,2042-04-01 00:00:00,0
4168,20,2,2042-04-01 00:00:00,0
4169,17,2,2043-04-01 00:00:00,0
4170,18,2,2043-04-01 00:00:00,0
4171,19,2,2043-04-01 00:00:00,0
4172,20,2,2043-04-01 00:00:00,0
4173,17,2,2044-04-01 00:00:00,0
4174,18,2,2044-04-01 00:00:00,0
4175,19,2,2044-04-01 00:00:00,0
4176,20,2,2044-04-01 00:00:00,0
4177,17,2,2045-04-01 00:00:00,0
4178,18,2,2045-04-01 00:00:00,0
4179,19,2,2045-04-01 00:00:00,0
4180,20,2,2045-04-01 00:00:00,0
4181,17,2,2046-04-01 00:00:00,0
4182,18,2,2046-04-01 00:00:00,0
4183,19,2,2046-04-01 00:00:00,0
4184,20,2,2046-04-01 00:00:00,0
4185,17,2,2047-04-01 00:00:00,0
4186,18,2,2047-04-01 00:00:00,0
4187,19,2,2047-04-01 00:00:00,0
4188,20,2,2047-04-01 00:00:00,0
4189,17,2,2048-04-01 00:00:00,0
4190,18,2,2048-04-01 00:00:00,0
4191,19,2,2048-04-01 00:00:00,0
4192,20,2,2048-04-01 00:00:00,0
4193,17,2,2049-04-01 00:00:00,0
4194,18,2,2049-04-01 00:00:00,0
4195,19,2,2049-04-01 00:00:00,0
4196,20,2,2049-04-01 00:00:00,0
4197,17,2,2050-04-01 00:00:00,0
4198,18,2,2050-04-01 00:00:00,0
4199,19,2,2050-04-01 00:00:00,0
4200,20,2,2050-04-01 00:00:00,0
4201,17,2,2051-04-01 00:00:00,0
4202,18,2,2051-04-01 00:00:00,0
4203,19,2,2051-04-01 00:00:00,0
4204,20,2,2051-04-01 00:00:00,0
4205,17,2,2052-04-01 00:00:00,0
4206,18,2,2052-04-01 00:00:00,0
4207,19,2,2052-04-01 00:00:00,0
4208,20,2,2052-04-01 00:00:00,0
4209,17,2,2053-04-01 00:00:00,0
4210,18,2,2053-04-01 00:00:00,0
4211,19,2,2053-04-01 00:00:00,0
4212,20,2,2053-04-01 00:00:00,0
4213,17,2,2054-04-01 00:00:00,0
4214,18,2,2054-04-01 00:00:00,0
4215,19,2,2054-04-01 00:00:00,0
4216,20,2,2054-04-01 00:00:00,0
4217,21,2,2023-11-01 00:00:00,0
4218,22,2,2023-11-01 00:00:00,0
4219,23,2,2023-11-01 00:00:00,0
4220,24,2,2023-11-01 00:00:00,0
4221,21,2,2024-11-01 00:00:00,0
4222,22,2,2024-11-01 00:00:00,0
4223,23,2,2024-11-01 00:00:00,0
4224,24,2,2024-11-01 00:00:00,0
4225,21,2,2025-11-01 00:00:00,0
4226,22,2,2025-11-01 00:00:00,0
4227,23,2,2025-11-01 00:00:00,0
4228,24,2,2025-11-01 00:00:00,0
4229,21,2,2026-11-01 00:00:00,0
4230,22,2,2026-11-01 00:00:00,0
4231,23,2,2026-11-01 00:00:00,0
4232,24,2,2026-11-01 00:00:00,0
4233,21,2,2027-11-01 00:00:00,0
4234,22,2,2027-11-01 00:00:00,0
4235,23,2,2027-11-01 00:00:00,0
4236,24,2,2027-11-01 00:00:00,0
4237,21,2,2028-11-01 00:00:00,0
4238,22,2,2028-11-01 00:00:00,0
4239,23,2,2028-11-01 00:00:00,0
4240,24,2,2028-11-01 00:00:00,0
4241,21,2,2029-11-01 00:00:00,0
4242,22,2,2029-11-01 00:00:00,0
4243,23,2,2029-11-01 00:00:00,0
4244,24,2,2029-11-01 00:00:00,0
4245,21,2,2030-11-01 00:00:00,0
4246,22,2,2030-11-01 00:00:00,0
4247,23,2,2030-11-01 00:00:00,0
4248,24,2,2030-11-01 00:00:00,0
4249,21,2,2031-11-01 00:00:00,0
4250,22,2,2031-11-01 00:00:00,0
4251,23,2,2031-11-01 00:00:00,0
4252,24,2,2031-11-01 00:00:00,0
4253,21,2,2032-11-01 00:00:00,0
4254,22,2,2032-11-01 00:00:00,0
4255,23,2,2032-11-01 00:00:00,0
4256,24,2,2032-11-01 00:00:00,0
4257,21,2,2033-11-01 00:00:00,0
4258,22,2,2033-11-01 00:00:00,0
4259,23,2,2033-11-01 00:00:00,0
4260,24,2,2033-11-01 00:00:00,0
4261,21,2,2034-11-01 00:00:00,0
4262,22,2,2034-11-01 00:00:00,0
4263,23,2,2034-11-01 00:00:00,0
4264,24,2,2034-11-01 00:00:00,0
4265,21,2,2035-11-01 00:00:00,0
4266,22,2,2035-11-01 00:00:00,0
4267,23,2,2035-11-01 00:00:00,0
4268,24,2,2035-11-01 00:00:00,0
4269,21,2,2036-11-01 00:00:00,0
4270,22,2,2036-11-01 00:00:00,0
4271,23,2,2036-11-01 00:00:00,0
4272,24,2,2036-11-01 00:00:00,0
4273,21,2,2037-11-01 00:00:00,0
4274,22,2,2037-11-01 00:00:00,0
4275,23,2,2037-11-01 00:00:00,0
4276,24,2,2037-11-01 00:00:00,0
4277,21,2,2038-11-01 00:00:00,0
4278,22,2,2038-11-01 00:00:00,0
4279,23,2,2038-11-01 00:00:00,0
4280,24,2,2038-11-01 00:00:00,0
4281,21,2,2039-11-01 00:00:00,0
4282,22,2,2039-11-01 00:00:00,0
4283,23,2,2039-11-01 00:00:00,0
4284,24,2,2039-11-01 00:00:00,0
4285,21,2,2040-11-01 00:00:00,0
4286,22,2,2040-11-01 00:00:00,0
4287,23,2,2040-11-01 00:00:00,0
4288,24,2,2040-11-01 00:00:00,0
4289,21,2,2041-11-01 00:00:00,0
4290,22,2,2041-11-01 00:00:00,0
4291,23,2,2041-11-01 00:00:00,0
4292,24,2,2041-11-01 00:00:00,0
4293,21,2,2042-11-01 00:00:00,0
4294,22,2,2042-11-01 00:00:00,0
4295,23,2,2042-11-01 00:00:00,0
4296,24,2,2042-11-01 00:00:00,0
4297,21,2,2043-11-01 00:00:00,0
4298,22,2,2043-11-01 00:00:00,0
4299,23,2,2043-11-01 00:00:00,0
4300,24,2,2043-11-01 00:00:00,0
4301,21,2,2044-11-01 00:00:00,0
4302,22,2,2044-11-01 00:00:00,0
4303,23,2,2044-11-01 00:00:00,0
4304,24,2,2044-11-01 00:00:00,0
4305,21,2,2045-11-01 00:00:00,0
4306,22,2,2045-11-01 00:00:00,0
4307,23,2,2045-11-01 00:00:00,0
4308,24,2,2045-11-01 00:00:00,0
4309,21,2,2046-11-01 00:00:00,0
4310,22,2,2046-11-01 00:00:00,0
4311,23,2,2046-11-01 00:00:00,0
4312,24,2,2046-11-01 00:00:00,0
4313,21,2,2047-11-01 00:00:00,0
4314,22,2,2047-11-01 00:00:00,0
4315,23,2,2047-11-01 00:00:00,0
4316,24,2,2047-11-01 00:00:00,0
4317,21,2,2048-11-01 00:00:00,0
4318,22,2,2048-11-01 00:00:00,0
4319,23,2,2048-11-01 00:00:00,0
4320,24,2,2048-11-01 00:00:00,0
4321,21,2,2049-11-01 00:00:00,0
4322,22,2,2049-11-01 00:00:00,0
4323,23,2,2049-11-01 00:00:00,0
4324,24,2,2049-11-01 00:00:00,0
4325,21,2,2050-11-01 00:00:00,0
4326,22,2,2050-11-01 00:00:00,0
4327,23,2,2050-11-01 00:00:00,0
4328,24,2,2050-11-01 00:00:00,0
4329,21,2,2051-11-01 00:00:00,0
4330,22,2,2051-11-01 00:00:00,0
4331,23,2,2051-11-01 00:00:00,0
4332,24,2,2051-11-01 00:00:00,0
4333,21,2,2052-11-01 00:00:00,0
4334,22,2,2052-11-01 00:00:00,0
4335,23,2,2052-11-01 00:00:00,0
4336,24,2,2052-11-01 00:00:00,0
4337,21,2,2053-11-01 00:00:00,0
4338,22,2,2053-11-01 00:00:00,0
4339,23,2,2053-11-01 00:00:00,0
4340,24,2,2053-11-01 00:00:00,0
4341,21,2,2024-04-01 00:00:00,0
4342,22,2,2024-04-01 00:00:00,0
4343,23,2,2024-04-01 00:00:00,0
4344,24,2,2024-04-01 00:00:00,0
4345,21,2,2025-04-01 00:00:00,0
4346,22,2,2025-04-01 00:00:00,0
4347,23,2,2025-04-01 00:00:00,0
4348,24,2,2025-04-01 00:00:00,0
4349,21,2,2026-04-01 00:00:00,0
4350,22,2,2026-04-01 00:00:00,0
4351,23,2,2026-04-01 00:00:00,0
4352,24,2,2026-04-01 00:00:00,0
4353,21,2,2027-04-01 00:00:00,0
4354,22,2,2027-04-01 00:00:00,0
4355,23,2,2027-04-01 00:00:00,0
4356,24,2,2027-04-01 00:00:00,0
4357,21,2,2028-04-01 00:00:00,0
4358,22,2,2028-04-01 00:00:00,0
4359,23,2,2028-04-01 00:00:00,0
4360,24,2,2028-04-01 00:00:00,0
4361,21,2,2029-04-01 00:00:00,0
4362,22,2,2029-04-01 00:00:00,0
4363,23,2,2029-04-01 00:00:00,0
4364,24,2,2029-04-01 00:00:00,0
4365,21,2,2030-04-01 00:00:00,0
4366,22,2,2030-04-01 00:00:00,0
4367,23,2,2030-04-01 00:00:00,0
4368,24,2,2030-04-01 00:00:00,0
4369,21,2,2031-04-01 00:00:00,0
4370,22,2,2031-04-01 00:00:00,0
4371,23,2,2031-04-01 00:00:00,0
4372,24,2,2031-04-01 00:00:00,0
4373,21,2,2032-04-01 00:00:00,0
4374,22,2,2032-04-01 00:00:00,0
4375,23,2,2032-04-01 00:00:00,0
4376,24,2,2032-04-01 00:00:00,0
4377,21,2,2033-04-01 00:00:00,0
4378,22,2,2033-04-01 00:00:00,0
4379,23,2,2033-04-01 00:00:00,0
4380,24,2,2033-04-01 00:00:00,0
4381,21,2,2034-04-01 00:00:00,0
4382,22,2,2034-04-01 00:00:00,0
4383,23,2,2034-04-01 00:00:00,0
4384,24,2,2034-04-01 00:00:00,0
4385,21,2,2035-04-01 00:00:00,0
4386,22,2,2035-04-01 00:00:00,0
4387,23,2,2035-04-01 00:00:00,0
4388,24,2,2035-04-01 00:00:00,0
4389,21,2,2036-04-01 00:00:00,0
4390,22,2,2036-04-01 00:00:00,0
4391,23,2,2036-04-01 00:00:00,0
4392,24,2,2036-04-01 00:00:00,0
4393,21,2,2037-04-01 00:00:00,0
4394,22,2,2037-04-01 00:00:00,0
4395,23,2,2037-04-01 00:00:00,0
4396,24,2,2037-04-01 00:00:00,0
4397,21,2,2038-04-01 00:00:00,0
4398,22,2,2038-04-01 00:00:00,0
4399,23,2,2038-04-01 00:00:00,0
4400,24,2,2038-04-01 00:00:00,0
4401,21,2,2039-04-01 00:00:00,0
4402,22,2,2039-04-01 00:00:00,0
4403,23,2,2039-04-01 00:00:00,0
4404,24,2,2039-04-01 00:00:00,0
4405,21,2,2040-04-01 00:00:00,0
4406,22,2,2040-04-01 00:00:00,0
4407,23,2,2040-04-01 00:00:00,0
4408,24,2,2040-04-01 00:00:00,0
4409,21,2,2041-04-01 00:00:00,0
4410,22,2,2041-04-01 00:00:00,0
4411,23,2,2041-04-01 00:00:00,0
4412,24,2,2041-04-01 00:00:00,0
4413,21,2,2042-04-01 00:00:00,0
4414,22,2,2042-04-01 00:00:00,0
4415,23,2,2042-04-01 00:00:00,0
4416,24,2,2042-04-01 00:00:00,0
4417,21,2,2043-04-01 00:00:00,0
4418,22,2,2043-04-01 00:00:00,0
4419,23,2,2043-04-01 00:00:00,0
4420,24,2,2043-04-01 00:00:00,0
4421,21,2,2044-04-01 00:00:00,0
4422,22,2,2044-04-01 00:00:00,0
4423,23,2,2044-04-01 00:00:00,0
4424,24,2,2044-04-01 00:00:00,0
4425,21,2,2045-04-01 00:00:00,0
4426,22,2,2045-04-01 00:00:00,0
4427,23,2,2045-04-01 00:00:00,0
4428,24,2,2045-04-01 00:00:00,0
4429,21,2,2046-04-01 00:00:00,0
4430,22,2,2046-04-01 00:00:00,0
4431,23,2,2046-04-01 00:00:00,0
4432,24,2,2046-04-01 00:00:00,0
4433,21,2,2047-04-01 00:00:00,0
4434,22,2,2047-04-01 00:00:00,0
4435,23,2,2047-04-01 00:00:00,0
4436,24,2,2047-04-01 00:00:00,0
4437,21,2,2048-04-01 00:00:00,0
4438,22,2,2048-04-01 00:00:00,0
4439,23,2,2048-04-01 00:00:00,0
4440,24,2,2048-04-01 00:00:00,0
4441,21,2,2049-04-01 00:00:00,0
4442,22,2,2049-04-01 00:00:00,0
4443,23,2,2049-04-01 00:00:00,0
4444,24,2,2049-04-01 00:00:00,0
4445,21,2,2050-04-01 00:00:00,0
4446,22,2,2050-04-01 00:00:00,0
4447,23,2,2050-04-01 00:00:00,0
4448,24,2,2050-04-01 00:00:00,0
4449,21,2,2051-04-01 00:00:00,0
4450,22,2,2051-04-01 00:00:00,0
4451,23,2,2051-04-01 00:00:00,0
4452,24,2,2051-04-01 00:00:00,0
4453,21,2,2052-04-01 00:00:00,0
4454,22,2,2052-04-01 00:00:00,0
4455,23,2,2052-04-01 00:00:00,0
4456,24,2,2052-04-01 00:00:00,0
4457,21,2,2053-04-01 00:00:00,0
4458,22,2,2053-04-01 00:00:00,0
4459,23,2,2053-04-01 00:00:00,0
4460,24,2,2053-04-01 00:00:00,0
4461,21,2,2054-04-01 00:00:00,0
4462,22,2,2054-04-01 00:00:00,0
4463,23,2,2054-04-01 00:00:00,0
4464,24,2,2054-04-01 00:00:00,0
4465,25,2,2023-11-01 00:00:00,0
4466,26,2,2023-11-01 00:00:00,0
4467,27,2,2023-11-01 00:00:00,93.74
4468,28,2,2023-11-01 00:00:00,1
4469,25,2,2024-11-01 00:00:00,0
4470,26,2,2024-11-01 00:00:00,0
4471,27,2,2024-11-01 00:00:00,97.89
4472,28,2,2024-11-01 00:00:00,1.0400000000000063
4473,25,2,2025-11-01 00:00:00,0
4474,26,2,2025-11-01 00:00:00,0
4475,27,2,2025-11-01 00:00:00,102.41
4476,28,2,2025-11-01 00:00:00,1.0900000000000034
4477,25,2,2026-11-01 00:00:00,0
4478,26,2,2026-11-01 00:00:00,0
4479,27,2,2026-11-01 00:00:00,107.81
4480,28,2,2026-11-01 00:00:00,1.1499999999999915
4481,25,2,2027-11-01 00:00:00,0
4482,26,2,2027-11-01 00:00:00,0
4483,27,2,2027-11-01 00:00:00,139.49
4484,28,2,2027-11-01 00:00:00,1.4899999999999807
4485,25,2,2028-11-01 00:00:00,0
4486,26,2,2028-11-01 00:00:00,0
4487,27,2,2028-11-01 00:00:00,191.54
4488,28,2,2028-11-01 00:00:00,2.0400000000000205
4489,25,2,2029-11-01 00:00:00,0
4490,26,2,2029-11-01 00:00:00,0
4491,27,2,2029-11-01 00:00:00,238.02
4492,28,2,2029-11-01 00:00:00,2.539999999999992
4493,25,2,2030-11-01 00:00:00,0
4494,26,2,2030-11-01 00:00:00,0
4495,27,2,2030-11-01 00:00:00,269.9
4496,28,2,2030-11-01 00:00:00,2.8799999999999955
4497,25,2,2031-11-01 00:00:00,0
4498,26,2,2031-11-01 00:00:00,0
4499,27,2,2031-11-01 00:00:00,301.77
4500,28,2,2031-11-01 00:00:00,3.2200000000000273
4501,25,2,2032-11-01 00:00:00,0
4502,26,2,2032-11-01 00:00:00,0
4503,27,2,2032-11-01 00:00:00,333.63
4504,28,2,2032-11-01 00:00:00,3.5600000000000023
4505,25,2,2033-11-01 00:00:00,0
4506,26,2,2033-11-01 00:00:00,0
4507,27,2,2033-11-01 00:00:00,337.34
4508,28,2,2033-11-01 00:00:00,3.6000000000000227
4509,25,2,2034-11-01 00:00:00,0
4510,26,2,2034-11-01 00:00:00,0
4511,27,2,2034-11-01 00:00:00,341.2
4512,28,2,2034-11-01 00:00:00,3.6399999999999864
4513,25,2,2035-11-01 00:00:00,0
4514,26,2,2035-11-01 00:00:00,0
4515,27,2,2035-11-01 00:00:00,344.8
4516,28,2,2035-11-01 00:00:00,3.680000000000007
4517,25,2,2036-11-01 00:00:00,0
4518,26,2,2036-11-01 00:00:00,0
4519,27,2,2036-11-01 00:00:00,349.69
4520,28,2,2036-11-01 00:00:00,3.730000000000018
4521,25,2,2037-11-01 00:00:00,0
4522,26,2,2037-11-01 00:00:00,0
4523,27,2,2037-11-01 00:00:00,354.2
4524,28,2,2037-11-01 00:00:00,3.7800000000000296
4525,25,2,2038-11-01 00:00:00,0
4526,26,2,2038-11-01 00:00:00,0
4527,27,2,2038-11-01 00:00:00,357.1
4528,28,2,2038-11-01 00:00:00,3.7999999999999545
4529,25,2,2039-11-01 00:00:00,0
4530,26,2,2039-11-01 00:00:00,0
4531,27,2,2039-11-01 00:00:00,359.18
4532,28,2,2039-11-01 00:00:00,3.839999999999975
4533,25,2,2040-11-01 00:00:00,0
4534,26,2,2040-11-01 00:00:00,0
4535,27,2,2040-11-01 00:00:00,362.75
4536,28,2,2040-11-01 00:00:00,3.8700000000000045
4537,25,2,2041-11-01 00:00:00,0
4538,26,2,2041-11-01 00:00:00,0
4539,27,2,2041-11-01 00:00:00,364.7
4540,28,2,2041-11-01 00:00:00,3.8899999999999864
4541,25,2,2042-11-01 00:00:00,0
4542,26,2,2042-11-01 00:00:00,0
4543,27,2,2042-11-01 00:00:00,367.81
4544,28,2,2042-11-01 00:00:00,3.920000000000016
4545,25,2,2043-11-01 00:00:00,0
4546,26,2,2043-11-01 00:00:00,0
4547,27,2,2043-11-01 00:00:00,370.35
4548,28,2,2043-11-01 00:00:00,3.9499999999999886
4549,25,2,2044-11-01 00:00:00,0
4550,26,2,2044-11-01 00:00:00,0
4551,27,2,2044-11-01 00:00:00,369.59
4552,28,2,2044-11-01 00:00:00,3.9399999999999977
4553,25,2,2045-11-01 00:00:00,0
4554,26,2,2045-11-01 00:00:00,0
4555,27,2,2045-11-01 00:00:00,370.2
4556,28,2,2045-11-01 00:00:00,3.9499999999999886
4557,25,2,2046-11-01 00:00:00,0
4558,26,2,2046-11-01 00:00:00,0
4559,27,2,2046-11-01 00:00:00,369.71
4560,28,2,2046-11-01 00:00:00,3.9399999999999977
4561,25,2,2047-11-01 00:00:00,0
4562,26,2,2047-11-01 00:00:00,0
4563,27,2,2047-11-01 00:00:00,369.75
4564,28,2,2047-11-01 00:00:00,3.9499999999999886
4565,25,2,2048-11-01 00:00:00,0
4566,26,2,2048-11-01 00:00:00,0
4567,27,2,2048-11-01 00:00:00,371.8
4568,28,2,2048-11-01 00:00:00,3.9699999999999704
4569,25,2,2049-11-01 00:00:00,0
4570,26,2,2049-11-01 00:00:00,0
4571,27,2,2049-11-01 00:00:00,372.61
4572,28,2,2049-11-01 00:00:00,3.9699999999999704
4573,25,2,2050-11-01 00:00:00,0
4574,26,2,2050-11-01 00:00:00,0
4575,27,2,2050-11-01 00:00:00,375.69
4576,28,2,2050-11-01 00:00:00,4.009999999999991
4577,25,2,2051-11-01 00:00:00,0
4578,26,2,2051-11-01 00:00:00,0
4579,27,2,2051-11-01 00:00:00,382.35
4580,28,2,2051-11-01 00:00:00,4.079999999999984
4581,25,2,2052-11-01 00:00:00,0
4582,26,2,2052-11-01 00:00:00,0
4583,27,2,2052-11-01 00:00:00,387.88
4584,28,2,2052-11-01 00:00:00,4.139999999999986
4585,25,2,2053-11-01 00:00:00,0
4586,26,2,2053-11-01 00:00:00,0
4587,27,2,2053-11-01 00:00:00,393.98
4588,28,2,2053-11-01 00:00:00,4.199999999999989
4589,25,2,2024-04-01 00:00:00,0
4590,26,2,2024-04-01 00:00:00,0
4591,27,2,2024-04-01 00:00:00,93.74
4592,28,2,2024-04-01 00:00:00,1
4593,25,2,2025-04-01 00:00:00,0
4594,26,2,2025-04-01 00:00:00,0
4595,27,2,2025-04-01 00:00:00,97.44
4596,28,2,2025-04-01 00:00:00,1.0400000000000063
4597,25,2,2026-04-01 00:00:00,0
4598,26,2,2026-04-01 00:00:00,0
4599,27,2,2026-04-01 00:00:00,102.14
4600,28,2,2026-04-01 00:00:00,1.0900000000000034
4601,25,2,2027-04-01 00:00:00,0
4602,26,2,2027-04-01 00:00:00,0
4603,27,2,2027-04-01 00:00:00,107.37
4604,28,2,2027-04-01 00:00:00,1.1400000000000006
4605,25,2,2028-04-01 00:00:00,0
4606,26,2,2028-04-01 00:00:00,0
4607,27,2,2028-04-01 00:00:00,112.7
4608,28,2,2028-04-01 00:00:00,1.2000000000000028
4609,25,2,2029-04-01 00:00:00,0
4610,26,2,2029-04-01 00:00:00,0
4611,27,2,2029-04-01 00:00:00,118.09
4612,28,2,2029-04-01 00:00:00,1.259999999999991
4613,25,2,2030-04-01 00:00:00,0
4614,26,2,2030-04-01 00:00:00,0
4615,27,2,2030-04-01 00:00:00,123.23
4616,28,2,2030-04-01 00:00:00,1.3100000000000023
4617,25,2,2031-04-01 00:00:00,0
4618,26,2,2031-04-01 00:00:00,0
4619,27,2,2031-04-01 00:00:00,128.14
4620,28,2,2031-04-01 00:00:00,1.3700000000000045
4621,25,2,2032-04-01 00:00:00,0
4622,26,2,2032-04-01 00:00:00,0
4623,27,2,2032-04-01 00:00:00,132.64
4624,28,2,2032-04-01 00:00:00,1.410000000000025
4625,25,2,2033-04-01 00:00:00,0
4626,26,2,2033-04-01 00:00:00,0
4627,27,2,2033-04-01 00:00:00,136.73
4628,28,2,2033-04-01 00:00:00,1.450000000000017
4629,25,2,2034-04-01 00:00:00,0
4630,26,2,2034-04-01 00:00:00,0
4631,27,2,2034-04-01 00:00:00,140.79
4632,28,2,2034-04-01 00:00:00,1.5100000000000193
4633,25,2,2035-04-01 00:00:00,0
4634,26,2,2035-04-01 00:00:00,0
4635,27,2,2035-04-01 00:00:00,145.07
4636,28,2,2035-04-01 00:00:00,1.5400000000000205
4637,25,2,2036-04-01 00:00:00,0
4638,26,2,2036-04-01 00:00:00,0
4639,27,2,2036-04-01 00:00:00,150.01
4640,28,2,2036-04-01 00:00:00,1.6000000000000227
4641,25,2,2037-04-01 00:00:00,0
4642,26,2,2037-04-01 00:00:00,0
4643,27,2,2037-04-01 00:00:00,154.63
4644,28,2,2037-04-01 00:00:00,1.6500000000000057
4645,25,2,2038-04-01 00:00:00,0
4646,26,2,2038-04-01 00:00:00,0
4647,27,2,2038-04-01 00:00:00,158.99
4648,28,2,2038-04-01 00:00:00,1.6999999999999886
4649,25,2,2039-04-01 00:00:00,0
4650,26,2,2039-04-01 00:00:00,0
4651,27,2,2039-04-01 00:00:00,162.58
4652,28,2,2039-04-01 00:00:00,1.7299999999999898
4653,25,2,2040-04-01 00:00:00,0
4654,26,2,2040-04-01 00:00:00,0
4655,27,2,2040-04-01 00:00:00,166.47
4656,28,2,2040-04-01 00:00:00,1.7700000000000102
4657,25,2,2041-04-01 00:00:00,0
4658,26,2,2041-04-01 00:00:00,0
4659,27,2,2041-04-01 00:00:00,171.04
4660,28,2,2041-04-01 00:00:00,1.8300000000000125
4661,25,2,2042-04-01 00:00:00,0
4662,26,2,2042-04-01 00:00:00,0
4663,27,2,2042-04-01 00:00:00,175.92
4664,28,2,2042-04-01 00:00:00,1.8800000000000239
4665,25,2,2043-04-01 00:00:00,0
4666,26,2,2043-04-01 00:00:00,0
4667,27,2,2043-04-01 00:00:00,180.11
4668,28,2,2043-04-01 00:00:00,1.9199999999999875
4669,25,2,2044-04-01 00:00:00,0
4670,26,2,2044-04-01 00:00:00,0
4671,27,2,2044-04-01 00:00:00,183.13
4672,28,2,2044-04-01 00:00:00,1.950000000000017
4673,25,2,2045-04-01 00:00:00,0
4674,26,2,2045-04-01 00:00:00,0
4675,27,2,2045-04-01 00:00:00,185.71
4676,28,2,2045-04-01 00:00:00,1.9799999999999898
4677,25,2,2046-04-01 00:00:00,0
4678,26,2,2046-04-01 00:00:00,0
4679,27,2,2046-04-01 00:00:00,188.84
4680,28,2,2046-04-01 00:00:00,2.0200000000000102
4681,25,2,2047-04-01 00:00:00,0
4682,26,2,2047-04-01 00:00:00,0
4683,27,2,2047-04-01 00:00:00,192.47
4684,28,2,2047-04-01 00:00:00,2.0600000000000023
4685,25,2,2048-04-01 00:00:00,0
4686,26,2,2048-04-01 00:00:00,0
4687,27,2,2048-04-01 00:00:00,196.12
4688,28,2,2048-04-01 00:00:00,2.0900000000000034
4689,25,2,2049-04-01 00:00:00,0
4690,26,2,2049-04-01 00:00:00,0
4691,27,2,2049-04-01 00:00:00,199.19
4692,28,2,2049-04-01 00:00:00,2.1299999999999955
4693,25,2,2050-04-01 00:00:00,0
4694,26,2,2050-04-01 00:00:00,0
4695,27,2,2050-04-01 00:00:00,202.74
4696,28,2,2050-04-01 00:00:00,2.1599999999999966
4697,25,2,2051-04-01 00:00:00,0
4698,26,2,2051-04-01 00:00:00,0
4699,27,2,2051-04-01 00:00:00,204.3
4700,28,2,2051-04-01 00:00:00,2.1799999999999784
4701,25,2,2052-04-01 00:00:00,0
4702,26,2,2052-04-01 00:00:00,0
4703,27,2,2052-04-01 00:00:00,207.31
4704,28,2,2052-04-01 00:00:00,2.210000000000008
4705,25,2,2053-04-01 00:00:00,0
4706,26,2,2053-04-01 00:00:00,0
4707,27,2,2053-04-01 00:00:00,209.93
4708,28,2,2053-04-01 00:00:00,2.2399999999999807
4709,25,2,2054-04-01 00:00:00,0
4710,26,2,2054-04-01 00:00:00,0
4711,27,2,2054-04-01 00:00:00,212.55
4712,28,2,2054-04-01 00:00:00,2.259999999999991
4713,29,2,2023-11-01 00:00:00,0
4714,30,2,2023-11-01 00:00:00,0
4715,31,2,2023-11-01 00:00:00,0
4716,32,2,2023-11-01 00:00:00,0
4717,29,2,2024-11-01 00:00:00,0
4718,30,2,2024-11-01 00:00:00,0
4719,31,2,2024-11-01 00:00:00,0
4720,32,2,2024-11-01 00:00:00,0
4721,29,2,2025-11-01 00:00:00,0
4722,30,2,2025-11-01 00:00:00,0
4723,31,2,2025-11-01 00:00:00,0
4724,32,2,2025-11-01 00:00:00,0
4725,29,2,2026-11-01 00:00:00,0
4726,30,2,2026-11-01 00:00:00,0
4727,31,2,2026-11-01 00:00:00,0
4728,32,2,2026-11-01 00:00:00,0
4729,29,2,2027-11-01 00:00:00,0
4730,30,2,2027-11-01 00:00:00,0
4731,31,2,2027-11-01 00:00:00,0
4732,32,2,2027-11-01 00:00:00,0
4733,29,2,2028-11-01 00:00:00,0
4734,30,2,2028-11-01 00:00:00,0
4735,31,2,2028-11-01 00:00:00,0
4736,32,2,2028-11-01 00:00:00,0
4737,29,2,2029-11-01 00:00:00,0
4738,30,2,2029-11-01 00:00:00,0
4739,31,2,2029-11-01 00:00:00,0
4740,32,2,2029-11-01 00:00:00,0
4741,29,2,2030-11-01 00:00:00,0
4742,30,2,2030-11-01 00:00:00,0
4743,31,2,2030-11-01 00:00:00,0
4744,32,2,2030-11-01 00:00:00,0
4745,29,2,2031-11-01 00:00:00,0
4746,30,2,2031-11-01 00:00:00,0
4747,31,2,2031-11-01 00:00:00,0
4748,32,2,2031-11-01 00:00:00,0
4749,29,2,2032-11-01 00:00:00,0
4750,30,2,2032-11-01 00:00:00,0
4751,31,2,2032-11-01 00:00:00,0
4752,32,2,2032-11-01 00:00:00,0
4753,29,2,2033-11-01 00:00:00,0
4754,30,2,2033-11-01 00:00:00,0
4755,31,2,2033-11-01 00:00:00,0
4756,32,2,2033-11-01 00:00:00,0
4757,29,2,2034-11-01 00:00:00,0
4758,30,2,2034-11-01 00:00:00,0
4759,31,2,2034-11-01 00:00:00,0
4760,32,2,2034-11-01 00:00:00,0
4761,29,2,2035-11-01 00:00:00,0
4762,30,2,2035-11-01 00:00:00,0
4763,31,2,2035-11-01 00:00:00,0
4764,32,2,2035-11-01 00:00:00,0
4765,29,2,2036-11-01 00:00:00,0
4766,30,2,2036-11-01 00:00:00,0
4767,31,2,2036-11-01 00:00:00,0
4768,32,2,2036-11-01 00:00:00,0
4769,29,2,2037-11-01 00:00:00,0
4770,30,2,2037-11-01 00:00:00,0
4771,31,2,2037-11-01 00:00:00,0
4772,32,2,2037-11-01 00:00:00,0
4773,29,2,2038-11-01 00:00:00,0
4774,30,2,2038-11-01 00:00:00,0
4775,31,2,2038-11-01 00:00:00,0
4776,32,2,2038-11-01 00:00:00,0
4777,29,2,2039-11-01 00:00:00,0
4778,30,2,2039-11-01 00:00:00,0
4779,31,2,2039-11-01 00:00:00,0
4780,32,2,2039-11-01 00:00:00,0
4781,29,2,2040-11-01 00:00:00,0
4782,30,2,2040-11-01 00:00:00,0
4783,31,2,2040-11-01 00:00:00,0
4784,32,2,2040-11-01 00:00:00,0
4785,29,2,2041-11-01 00:00:00,0
4786,30,2,2041-11-01 00:00:00,0
4787,31,2,2041-11-01 00:00:00,0
4788,32,2,2041-11-01 00:00:00,0
4789,29,2,2042-11-01 00:00:00,0
4790,30,2,2042-11-01 00:00:00,0
4791,31,2,2042-11-01 00:00:00,0
4792,32,2,2042-11-01 00:00:00,0
4793,29,2,2043-11-01 00:00:00,0
4794,30,2,2043-11-01 00:00:00,0
4795,31,2,2043-11-01 00:00:00,0
4796,32,2,2043-11-01 00:00:00,0
4797,29,2,2044-11-01 00:00:00,0
4798,30,2,2044-11-01 00:00:00,0
4799,31,2,2044-11-01 00:00:00,0
4800,32,2,2044-11-01 00:00:00,0
4801,29,2,2045-11-01 00:00:00,0
4802,30,2,2045-11-01 00:00:00,0
4803,31,2,2045-11-01 00:00:00,0
4804,32,2,2045-11-01 00:00:00,0
4805,29,2,2046-11-01 00:00:00,0
4806,30,2,2046-11-01 00:00:00,0
4807,31,2,2046-11-01 00:00:00,0
4808,32,2,2046-11-01 00:00:00,0
4809,29,2,2047-11-01 00:00:00,0
4810,30,2,2047-11-01 00:00:00,0
4811,31,2,2047-11-01 00:00:00,0
4812,32,2,2047-11-01 00:00:00,0
4813,29,2,2048-11-01 00:00:00,0
4814,30,2,2048-11-01 00:00:00,0
4815,31,2,2048-11-01 00:00:00,0
4816,32,2,2048-11-01 00:00:00,0
4817,29,2,2049-11-01 00:00:00,0
4818,30,2,2049-11-01 00:00:00,0
4819,31,2,2049-11-01 00:00:00,0
4820,32,2,2049-11-01 00:00:00,0
4821,29,2,2050-11-01 00:00:00,0
4822,30,2,2050-11-01 00:00:00,0
4823,31,2,2050-11-01 00:00:00,0
4824,32,2,2050-11-01 00:00:00,0
4825,29,2,2051-11-01 00:00:00,0
4826,30,2,2051-11-01 00:00:00,0
4827,31,2,2051-11-01 00:00:00,0
4828,32,2,2051-11-01 00:00:00,0
4829,29,2,2052-11-01 00:00:00,0
4830,30,2,2052-11-01 00:00:00,0
4831,31,2,2052-11-01 00:00:00,0
4832,32,2,2052-11-01 00:00:00,0
4833,29,2,2053-11-01 00:00:00,0
4834,30,2,2053-11-01 00:00:00,0
4835,31,2,2053-11-01 00:00:00,0
4836,32,2,2053-11-01 00:00:00,0
4837,29,2,2024-04-01 00:00:00,0
4838,30,2,2024-04-01 00:00:00,0
4839,31,2,2024-04-01 00:00:00,0
4840,32,2,2024-04-01 00:00:00,0
4841,29,2,2025-04-01 00:00:00,0
4842,30,2,2025-04-01 00:00:00,0
4843,31,2,2025-04-01 00:00:00,0
4844,32,2,2025-04-01 00:00:00,0
4845,29,2,2026-04-01 00:00:00,0
4846,30,2,2026-04-01 00:00:00,0
4847,31,2,2026-04-01 00:00:00,0
4848,32,2,2026-04-01 00:00:00,0
4849,29,2,2027-04-01 00:00:00,0
4850,30,2,2027-04-01 00:00:00,0
4851,31,2,2027-04-01 00:00:00,0
4852,32,2,2027-04-01 00:00:00,0
4853,29,2,2028-04-01 00:00:00,0
4854,30,2,2028-04-01 00:00:00,0
4855,31,2,2028-04-01 00:00:00,0
4856,32,2,2028-04-01 00:00:00,0
4857,29,2,2029-04-01 00:00:00,0
4858,30,2,2029-04-01 00:00:00,0
4859,31,2,2029-04-01 00:00:00,0
4860,32,2,2029-04-01 00:00:00,0
4861,29,2,2030-04-01 00:00:00,0
4862,30,2,2030-04-01 00:00:00,0
4863,31,2,2030-04-01 00:00:00,0
4864,32,2,2030-04-01 00:00:00,0
4865,29,2,2031-04-01 00:00:00,0
4866,30,2,2031-04-01 00:00:00,0
4867,31,2,2031-04-01 00:00:00,0
4868,32,2,2031-04-01 00:00:00,0
4869,29,2,2032-04-01 00:00:00,0
4870,30,2,2032-04-01 00:00:00,0
4871,31,2,2032-04-01 00:00:00,0
4872,32,2,2032-04-01 00:00:00,0
4873,29,2,2033-04-01 00:00:00,0
4874,30,2,2033-04-01 00:00:00,0
4875,31,2,2033-04-01 00:00:00,0
4876,32,2,2033-04-01 00:00:00,0
4877,29,2,2034-04-01 00:00:00,0
4878,30,2,2034-04-01 00:00:00,0
4879,31,2,2034-04-01 00:00:00,0
4880,32,2,2034-04-01 00:00:00,0
4881,29,2,2035-04-01 00:00:00,0
4882,30,2,2035-04-01 00:00:00,0
4883,31,2,2035-04-01 00:00:00,0
4884,32,2,2035-04-01 00:00:00,0
4885,29,2,2036-04-01 00:00:00,0
4886,30,2,2036-04-01 00:00:00,0
4887,31,2,2036-04-01 00:00:00,0
4888,32,2,2036-04-01 00:00:00,0
4889,29,2,2037-04-01 00:00:00,0
4890,30,2,2037-04-01 00:00:00,0
4891,31,2,2037-04-01 00:00:00,0
4892,32,2,2037-04-01 00:00:00,0
4893,29,2,2038-04-01 00:00:00,0
4894,30,2,2038-04-01 00:00:00,0
4895,31,2,2038-04-01 00:00:00,0
4896,32,2,2038-04-01 00:00:00,0
4897,29,2,2039-04-01 00:00:00,0
4898,30,2,2039-04-01 00:00:00,0
4899,31,2,2039-04-01 00:00:00,0
4900,32,2,2039-04-01 00:00:00,0
4901,29,2,2040-04-01 00:00:00,0
4902,30,2,2040-04-01 00:00:00,0
4903,31,2,2040-04-01 00:00:00,0
4904,32,2,2040-04-01 00:00:00,0
4905,29,2,2041-04-01 00:00:00,0
4906,30,2,2041-04-01 00:00:00,0
4907,31,2,2041-04-01 00:00:00,0
4908,32,2,2041-04-01 00:00:00,0
4909,29,2,2042-04-01 00:00:00,0
4910,30,2,2042-04-01 00:00:00,0
4911,31,2,2042-04-01 00:00:00,0
4912,32,2,2042-04-01 00:00:00,0
4913,29,2,2043-04-01 00:00:00,0
4914,30,2,2043-04-01 00:00:00,0
4915,31,2,2043-04-01 00:00:00,0
4916,32,2,2043-04-01 00:00:00,0
4917,29,2,2044-04-01 00:00:00,0
4918,30,2,2044-04-01 00:00:00,0
4919,31,2,2044-04-01 00:00:00,0
4920,32,2,2044-04-01 00:00:00,0
4921,29,2,2045-04-01 00:00:00,0
4922,30,2,2045-04-01 00:00:00,0
4923,31,2,2045-04-01 00:00:00,0
4924,32,2,2045-04-01 00:00:00,0
4925,29,2,2046-04-01 00:00:00,0
4926,30,2,2046-04-01 00:00:00,0
4927,31,2,2046-04-01 00:00:00,0
4928,32,2,2046-04-01 00:00:00,0
4929,29,2,2047-04-01 00:00:00,0
4930,30,2,2047-04-01 00:00:00,0
4931,31,2,2047-04-01 00:00:00,0
4932,32,2,2047-04-01 00:00:00,0
4933,29,2,2048-04-01 00:00:00,0
4934,30,2,2048-04-01 00:00:00,0
4935,31,2,2048-04-01 00:00:00,0
4936,32,2,2048-04-01 00:00:00,0
4937,29,2,2049-04-01 00:00:00,0
4938,30,2,2049-04-01 00:00:00,0
4939,31,2,2049-04-01 00:00:00,0
4940,32,2,2049-04-01 00:00:00,0
4941,29,2,2050-04-01 00:00:00,0
4942,30,2,2050-04-01 00:00:00,0
4943,31,2,2050-04-01 00:00:00,0
4944,32,2,2050-04-01 00:00:00,0
4945,29,2,2051-04-01 00:00:00,0
4946,30,2,2051-04-01 00:00:00,0
4947,31,2,2051-04-01 00:00:00,0
4948,32,2,2051-04-01 00:00:00,0
4949,29,2,2052-04-01 00:00:00,0
4950,30,2,2052-04-01 00:00:00,0
4951,31,2,2052-04-01 00:00:00,0
4952,32,2,2052-04-01 00:00:00,0
4953,29,2,2053-04-01 00:00:00,0
4954,30,2,2053-04-01 00:00:00,0
4955,31,2,2053-04-01 00:00:00,0
4956,32,2,2053-04-01 00:00:00,0
4957,29,2,2054-04-01 00:00:00,0
4958,30,2,2054-04-01 00:00:00,0
4959,31,2,2054-04-01 00:00:00,0
4960,32,2,2054-04-01 00:00:00,0
4961,33,2,2023-11-01 00:00:00,0
4962,34,2,2023-11-01 00:00:00,0
4963,35,2,2023-11-01 00:00:00,63.18
4964,36,2,2023-11-01 00:00:00,0
4965,33,2,2024-11-01 00:00:00,0
4966,34,2,2024-11-01 00:00:00,0
4967,35,2,2024-11-01 00:00:00,65.32
4968,36,2,2024-11-01 00:00:00,0
4969,33,2,2025-11-01 00:00:00,0
4970,34,2,2025-11-01 00:00:00,0
4971,35,2,2025-11-01 00:00:00,67.98
4972,36,2,2025-11-01 00:00:00,0
4973,33,2,2026-11-01 00:00:00,0
4974,34,2,2026-11-01 00:00:00,0
4975,35,2,2026-11-01 00:00:00,71.25
4976,36,2,2026-11-01 00:00:00,0
4977,33,2,2027-11-01 00:00:00,0
4978,34,2,2027-11-01 00:00:00,0
4979,35,2,2027-11-01 00:00:00,74.37
4980,36,2,2027-11-01 00:00:00,0
4981,33,2,2028-11-01 00:00:00,0
4982,34,2,2028-11-01 00:00:00,0
4983,35,2,2028-11-01 00:00:00,78.17
4984,36,2,2028-11-01 00:00:00,0
4985,33,2,2029-11-01 00:00:00,0
4986,34,2,2029-11-01 00:00:00,0
4987,35,2,2029-11-01 00:00:00,81.93
4988,36,2,2029-11-01 00:00:00,0
4989,33,2,2030-11-01 00:00:00,0
4990,34,2,2030-11-01 00:00:00,0
4991,35,2,2030-11-01 00:00:00,85.73
4992,36,2,2030-11-01 00:00:00,0
4993,33,2,2031-11-01 00:00:00,0
4994,34,2,2031-11-01 00:00:00,0
4995,35,2,2031-11-01 00:00:00,90.01
4996,36,2,2031-11-01 00:00:00,0
4997,33,2,2032-11-01 00:00:00,0
4998,34,2,2032-11-01 00:00:00,0
4999,35,2,2032-11-01 00:00:00,94
5000,36,2,2032-11-01 00:00:00,0
5001,33,2,2033-11-01 00:00:00,0
5002,34,2,2033-11-01 00:00:00,0
5003,35,2,2033-11-01 00:00:00,98.52
5004,36,2,2033-11-01 00:00:00,0
5005,33,2,2034-11-01 00:00:00,0
5006,34,2,2034-11-01 00:00:00,0
5007,35,2,2034-11-01 00:00:00,102.49
5008,36,2,2034-11-01 00:00:00,0
5009,33,2,2035-11-01 00:00:00,0
5010,34,2,2035-11-01 00:00:00,0
5011,35,2,2035-11-01 00:00:00,106.3
5012,36,2,2035-11-01 00:00:00,0
5013,33,2,2036-11-01 00:00:00,0
5014,34,2,2036-11-01 00:00:00,0
5015,35,2,2036-11-01 00:00:00,110.14
5016,36,2,2036-11-01 00:00:00,0
5017,33,2,2037-11-01 00:00:00,0
5018,34,2,2037-11-01 00:00:00,0
5019,35,2,2037-11-01 00:00:00,113.84
5020,36,2,2037-11-01 00:00:00,0
5021,33,2,2038-11-01 00:00:00,0
5022,34,2,2038-11-01 00:00:00,0
5023,35,2,2038-11-01 00:00:00,117.3
5024,36,2,2038-11-01 00:00:00,0
5025,33,2,2039-11-01 00:00:00,0
5026,34,2,2039-11-01 00:00:00,0
5027,35,2,2039-11-01 00:00:00,120.59
5028,36,2,2039-11-01 00:00:00,0
5029,33,2,2040-11-01 00:00:00,0
5030,34,2,2040-11-01 00:00:00,0
5031,35,2,2040-11-01 00:00:00,124.11
5032,36,2,2040-11-01 00:00:00,0
5033,33,2,2041-11-01 00:00:00,0
5034,34,2,2041-11-01 00:00:00,0
5035,35,2,2041-11-01 00:00:00,127.1
5036,36,2,2041-11-01 00:00:00,0
5037,33,2,2042-11-01 00:00:00,0
5038,34,2,2042-11-01 00:00:00,0
5039,35,2,2042-11-01 00:00:00,130.08
5040,36,2,2042-11-01 00:00:00,0
5041,33,2,2043-11-01 00:00:00,0
5042,34,2,2043-11-01 00:00:00,0
5043,35,2,2043-11-01 00:00:00,133.03
5044,36,2,2043-11-01 00:00:00,0
5045,33,2,2044-11-01 00:00:00,0
5046,34,2,2044-11-01 00:00:00,0
5047,35,2,2044-11-01 00:00:00,135.55
5048,36,2,2044-11-01 00:00:00,0
5049,33,2,2045-11-01 00:00:00,0
5050,34,2,2045-11-01 00:00:00,0
5051,35,2,2045-11-01 00:00:00,138.21
5052,36,2,2045-11-01 00:00:00,0
5053,33,2,2046-11-01 00:00:00,0
5054,34,2,2046-11-01 00:00:00,0
5055,35,2,2046-11-01 00:00:00,140.37
5056,36,2,2046-11-01 00:00:00,0
5057,33,2,2047-11-01 00:00:00,0
5058,34,2,2047-11-01 00:00:00,0
5059,35,2,2047-11-01 00:00:00,142.87
5060,36,2,2047-11-01 00:00:00,0
5061,33,2,2048-11-01 00:00:00,0
5062,34,2,2048-11-01 00:00:00,0
5063,35,2,2048-11-01 00:00:00,145
5064,36,2,2048-11-01 00:00:00,0
5065,33,2,2049-11-01 00:00:00,0
5066,34,2,2049-11-01 00:00:00,0
5067,35,2,2049-11-01 00:00:00,147.09
5068,36,2,2049-11-01 00:00:00,0
5069,33,2,2050-11-01 00:00:00,0
5070,34,2,2050-11-01 00:00:00,0
5071,35,2,2050-11-01 00:00:00,148.08
5072,36,2,2050-11-01 00:00:00,0
5073,33,2,2051-11-01 00:00:00,0
5074,34,2,2051-11-01 00:00:00,0
5075,35,2,2051-11-01 00:00:00,149.07
5076,36,2,2051-11-01 00:00:00,0
5077,33,2,2052-11-01 00:00:00,0
5078,34,2,2052-11-01 00:00:00,0
5079,35,2,2052-11-01 00:00:00,150.13
5080,36,2,2052-11-01 00:00:00,0
5081,33,2,2053-11-01 00:00:00,0
5082,34,2,2053-11-01 00:00:00,0
5083,35,2,2053-11-01 00:00:00,150.76
5084,36,2,2053-11-01 00:00:00,0
5085,33,2,2024-04-01 00:00:00,0
5086,34,2,2024-04-01 00:00:00,0
5087,35,2,2024-04-01 00:00:00,63.18
5088,36,2,2024-04-01 00:00:00,0
5089,33,2,2025-04-01 00:00:00,0
5090,34,2,2025-04-01 00:00:00,0
5091,35,2,2025-04-01 00:00:00,65.62
5092,36,2,2025-04-01 00:00:00,0
5093,33,2,2026-04-01 00:00:00,0
5094,34,2,2026-04-01 00:00:00,0
5095,35,2,2026-04-01 00:00:00,69.29
5096,36,2,2026-04-01 00:00:00,0
5097,33,2,2027-04-01 00:00:00,0
5098,34,2,2027-04-01 00:00:00,0
5099,35,2,2027-04-01 00:00:00,73.26
5100,36,2,2027-04-01 00:00:00,0
5101,33,2,2028-04-01 00:00:00,0
5102,34,2,2028-04-01 00:00:00,0
5103,35,2,2028-04-01 00:00:00,77.87
5104,36,2,2028-04-01 00:00:00,0
5105,33,2,2029-04-01 00:00:00,0
5106,34,2,2029-04-01 00:00:00,0
5107,35,2,2029-04-01 00:00:00,82.73
5108,36,2,2029-04-01 00:00:00,0
5109,33,2,2030-04-01 00:00:00,0
5110,34,2,2030-04-01 00:00:00,0
5111,35,2,2030-04-01 00:00:00,87.52
5112,36,2,2030-04-01 00:00:00,0
5113,33,2,2031-04-01 00:00:00,0
5114,34,2,2031-04-01 00:00:00,0
5115,35,2,2031-04-01 00:00:00,92.43
5116,36,2,2031-04-01 00:00:00,0
5117,33,2,2032-04-01 00:00:00,0
5118,34,2,2032-04-01 00:00:00,0
5119,35,2,2032-04-01 00:00:00,97.69
5120,36,2,2032-04-01 00:00:00,0
5121,33,2,2033-04-01 00:00:00,0
5122,34,2,2033-04-01 00:00:00,0
5123,35,2,2033-04-01 00:00:00,102.5
5124,36,2,2033-04-01 00:00:00,0
5125,33,2,2034-04-01 00:00:00,0
5126,34,2,2034-04-01 00:00:00,0
5127,35,2,2034-04-01 00:00:00,107.28
5128,36,2,2034-04-01 00:00:00,0
5129,33,2,2035-04-01 00:00:00,0
5130,34,2,2035-04-01 00:00:00,0
5131,35,2,2035-04-01 00:00:00,111.96
5132,36,2,2035-04-01 00:00:00,0
5133,33,2,2036-04-01 00:00:00,0
5134,34,2,2036-04-01 00:00:00,0
5135,35,2,2036-04-01 00:00:00,117.49
5136,36,2,2036-04-01 00:00:00,0
5137,33,2,2037-04-01 00:00:00,0
5138,34,2,2037-04-01 00:00:00,0
5139,35,2,2037-04-01 00:00:00,122.58
5140,36,2,2037-04-01 00:00:00,0
5141,33,2,2038-04-01 00:00:00,0
5142,34,2,2038-04-01 00:00:00,0
5143,35,2,2038-04-01 00:00:00,127.45
5144,36,2,2038-04-01 00:00:00,0
5145,33,2,2039-04-01 00:00:00,0
5146,34,2,2039-04-01 00:00:00,0
5147,35,2,2039-04-01 00:00:00,131.63
5148,36,2,2039-04-01 00:00:00,0
5149,33,2,2040-04-01 00:00:00,0
5150,34,2,2040-04-01 00:00:00,0
5151,35,2,2040-04-01 00:00:00,135.4
5152,36,2,2040-04-01 00:00:00,0
5153,33,2,2041-04-01 00:00:00,0
5154,34,2,2041-04-01 00:00:00,0
5155,35,2,2041-04-01 00:00:00,139.94
5156,36,2,2041-04-01 00:00:00,0
5157,33,2,2042-04-01 00:00:00,0
5158,34,2,2042-04-01 00:00:00,0
5159,35,2,2042-04-01 00:00:00,144.63
5160,36,2,2042-04-01 00:00:00,0
5161,33,2,2043-04-01 00:00:00,0
5162,34,2,2043-04-01 00:00:00,0
5163,35,2,2043-04-01 00:00:00,149.23
5164,36,2,2043-04-01 00:00:00,0
5165,33,2,2044-04-01 00:00:00,0
5166,34,2,2044-04-01 00:00:00,0
5167,35,2,2044-04-01 00:00:00,152.69
5168,36,2,2044-04-01 00:00:00,0
5169,33,2,2045-04-01 00:00:00,0
5170,34,2,2045-04-01 00:00:00,0
5171,35,2,2045-04-01 00:00:00,155.54
5172,36,2,2045-04-01 00:00:00,0
5173,33,2,2046-04-01 00:00:00,0
5174,34,2,2046-04-01 00:00:00,0
5175,35,2,2046-04-01 00:00:00,159.1
5176,36,2,2046-04-01 00:00:00,0
5177,33,2,2047-04-01 00:00:00,0
5178,34,2,2047-04-01 00:00:00,0
5179,35,2,2047-04-01 00:00:00,163.06
5180,36,2,2047-04-01 00:00:00,0
5181,33,2,2048-04-01 00:00:00,0
5182,34,2,2048-04-01 00:00:00,0
5183,35,2,2048-04-01 00:00:00,166.82
5184,36,2,2048-04-01 00:00:00,0
5185,33,2,2049-04-01 00:00:00,0
5186,34,2,2049-04-01 00:00:00,0
5187,35,2,2049-04-01 00:00:00,170.11
5188,36,2,2049-04-01 00:00:00,0
5189,33,2,2050-04-01 00:00:00,0
5190,34,2,2050-04-01 00:00:00,0
5191,35,2,2050-04-01 00:00:00,172.86
5192,36,2,2050-04-01 00:00:00,0
5193,33,2,2051-04-01 00:00:00,0
5194,34,2,2051-04-01 00:00:00,0
5195,35,2,2051-04-01 00:00:00,172.18
5196,36,2,2051-04-01 00:00:00,0
5197,33,2,2052-04-01 00:00:00,0
5198,34,2,2052-04-01 00:00:00,0
5199,35,2,2052-04-01 00:00:00,172.79
5200,36,2,2052-04-01 00:00:00,0
5201,33,2,2053-04-01 00:00:00,0
5202,34,2,2053-04-01 00:00:00,0
5203,35,2,2053-04-01 00:00:00,173.05
5204,36,2,2053-04-01 00:00:00,0
5205,33,2,2054-04-01 00:00:00,0
5206,34,2,2054-04-01 00:00:00,0
5207,35,2,2054-04-01 00:00:00,172.97
5208,36,2,2054-04-01 00:00:00,0
5209,37,2,2023-11-01 00:00:00,0.36
5210,38,2,2023-11-01 00:00:00,5.59
5211,39,2,2023-11-01 00:00:00,0
5212,40,2,2023-11-01 00:00:00,0
5213,37,2,2024-11-01 00:00:00,0.5
5214,38,2,2024-11-01 00:00:00,7.6899999999999995
5215,39,2,2024-11-01 00:00:00,0
5216,40,2,2024-11-01 00:00:00,0
5217,37,2,2025-11-01 00:00:00,0.63
5218,38,2,2025-11-01 00:00:00,9.77
5219,39,2,2025-11-01 00:00:00,0
5220,40,2,2025-11-01 00:00:00,0
5221,37,2,2026-11-01 00:00:00,0.78
5222,38,2,2026-11-01 00:00:00,12.030000000000001
5223,39,2,2026-11-01 00:00:00,0
5224,40,2,2026-11-01 00:00:00,0
5225,37,2,2027-11-01 00:00:00,0.91
5226,38,2,2027-11-01 00:00:00,14.16
5227,39,2,2027-11-01 00:00:00,0
5228,40,2,2027-11-01 00:00:00,0
5229,37,2,2028-11-01 00:00:00,1.05
5230,38,2,2028-11-01 00:00:00,16.27
5231,39,2,2028-11-01 00:00:00,0
5232,40,2,2028-11-01 00:00:00,0
5233,37,2,2029-11-01 00:00:00,1.18
5234,38,2,2029-11-01 00:00:00,18.37
5235,39,2,2029-11-01 00:00:00,0
5236,40,2,2029-11-01 00:00:00,0
5237,37,2,2030-11-01 00:00:00,1.34
5238,38,2,2030-11-01 00:00:00,20.73
5239,39,2,2030-11-01 00:00:00,0
5240,40,2,2030-11-01 00:00:00,0
5241,37,2,2031-11-01 00:00:00,1.52
5242,38,2,2031-11-01 00:00:00,23.57
5243,39,2,2031-11-01 00:00:00,0
5244,40,2,2031-11-01 00:00:00,0
5245,37,2,2032-11-01 00:00:00,1.71
5246,38,2,2032-11-01 00:00:00,26.509999999999998
5247,39,2,2032-11-01 00:00:00,0
5248,40,2,2032-11-01 00:00:00,0
5249,37,2,2033-11-01 00:00:00,1.88
5250,38,2,2033-11-01 00:00:00,29.27
5251,39,2,2033-11-01 00:00:00,0
5252,40,2,2033-11-01 00:00:00,0
5253,37,2,2034-11-01 00:00:00,2.05
5254,38,2,2034-11-01 00:00:00,31.8
5255,39,2,2034-11-01 00:00:00,0
5256,40,2,2034-11-01 00:00:00,0
5257,37,2,2035-11-01 00:00:00,2.21
5258,38,2,2035-11-01 00:00:00,34.28
5259,39,2,2035-11-01 00:00:00,0
5260,40,2,2035-11-01 00:00:00,0
5261,37,2,2036-11-01 00:00:00,2.38
5262,38,2,2036-11-01 00:00:00,36.9
5263,39,2,2036-11-01 00:00:00,0
5264,40,2,2036-11-01 00:00:00,0
5265,37,2,2037-11-01 00:00:00,2.55
5266,38,2,2037-11-01 00:00:00,39.540000000000006
5267,39,2,2037-11-01 00:00:00,0
5268,40,2,2037-11-01 00:00:00,0
5269,37,2,2038-11-01 00:00:00,2.7
5270,38,2,2038-11-01 00:00:00,41.849999999999994
5271,39,2,2038-11-01 00:00:00,0
5272,40,2,2038-11-01 00:00:00,0
5273,37,2,2039-11-01 00:00:00,2.83
5274,38,2,2039-11-01 00:00:00,44
5275,39,2,2039-11-01 00:00:00,0
5276,40,2,2039-11-01 00:00:00,0
5277,37,2,2040-11-01 00:00:00,2.98
5278,38,2,2040-11-01 00:00:00,46.260000000000005
5279,39,2,2040-11-01 00:00:00,0
5280,40,2,2040-11-01 00:00:00,0
5281,37,2,2041-11-01 00:00:00,3.14
5282,38,2,2041-11-01 00:00:00,48.8
5283,39,2,2041-11-01 00:00:00,0
5284,40,2,2041-11-01 00:00:00,0
5285,37,2,2042-11-01 00:00:00,3.32
5286,38,2,2042-11-01 00:00:00,51.58
5287,39,2,2042-11-01 00:00:00,0
5288,40,2,2042-11-01 00:00:00,0
5289,37,2,2043-11-01 00:00:00,3.49
5290,38,2,2043-11-01 00:00:00,54.269999999999996
5291,39,2,2043-11-01 00:00:00,0
5292,40,2,2043-11-01 00:00:00,0
5293,37,2,2044-11-01 00:00:00,3.64
5294,38,2,2044-11-01 00:00:00,56.56
5295,39,2,2044-11-01 00:00:00,0
5296,40,2,2044-11-01 00:00:00,0
5297,37,2,2045-11-01 00:00:00,3.79
5298,38,2,2045-11-01 00:00:00,58.82
5299,39,2,2045-11-01 00:00:00,0
5300,40,2,2045-11-01 00:00:00,0
5301,37,2,2046-11-01 00:00:00,3.92
5302,38,2,2046-11-01 00:00:00,60.92999999999999
5303,39,2,2046-11-01 00:00:00,0
5304,40,2,2046-11-01 00:00:00,0
5305,37,2,2047-11-01 00:00:00,4.05
5306,38,2,2047-11-01 00:00:00,62.870000000000005
5307,39,2,2047-11-01 00:00:00,0
5308,40,2,2047-11-01 00:00:00,0
5309,37,2,2048-11-01 00:00:00,4.2
5310,38,2,2048-11-01 00:00:00,65.17999999999999
5311,39,2,2048-11-01 00:00:00,0
5312,40,2,2048-11-01 00:00:00,0
5313,37,2,2049-11-01 00:00:00,4.31
5314,38,2,2049-11-01 00:00:00,66.96
5315,39,2,2049-11-01 00:00:00,0
5316,40,2,2049-11-01 00:00:00,0
5317,37,2,2050-11-01 00:00:00,4.25
5318,38,2,2050-11-01 00:00:00,65.92
5319,39,2,2050-11-01 00:00:00,0
5320,40,2,2050-11-01 00:00:00,0
5321,37,2,2051-11-01 00:00:00,4.16
5322,38,2,2051-11-01 00:00:00,64.66
5323,39,2,2051-11-01 00:00:00,0
5324,40,2,2051-11-01 00:00:00,0
5325,37,2,2052-11-01 00:00:00,4.09
5326,38,2,2052-11-01 00:00:00,63.58
5327,39,2,2052-11-01 00:00:00,0
5328,40,2,2052-11-01 00:00:00,0
5329,37,2,2053-11-01 00:00:00,4.07
5330,38,2,2053-11-01 00:00:00,63.26
5331,39,2,2053-11-01 00:00:00,0
5332,40,2,2053-11-01 00:00:00,0
5333,37,2,2024-04-01 00:00:00,0.36
5334,38,2,2024-04-01 00:00:00,5.59
5335,39,2,2024-04-01 00:00:00,0
5336,40,2,2024-04-01 00:00:00,0
5337,37,2,2025-04-01 00:00:00,0.53
5338,38,2,2025-04-01 00:00:00,8.200000000000001
5339,39,2,2025-04-01 00:00:00,0
5340,40,2,2025-04-01 00:00:00,0
5341,37,2,2026-04-01 00:00:00,0.7
5342,38,2,2026-04-01 00:00:00,10.940000000000001
5343,39,2,2026-04-01 00:00:00,0
5344,40,2,2026-04-01 00:00:00,0
5345,37,2,2027-04-01 00:00:00,0.88
5346,38,2,2027-04-01 00:00:00,13.68
5347,39,2,2027-04-01 00:00:00,0
5348,40,2,2027-04-01 00:00:00,0
5349,37,2,2028-04-01 00:00:00,1.05
5350,38,2,2028-04-01 00:00:00,16.38
5351,39,2,2028-04-01 00:00:00,0
5352,40,2,2028-04-01 00:00:00,0
5353,37,2,2029-04-01 00:00:00,1.23
5354,38,2,2029-04-01 00:00:00,19.06
5355,39,2,2029-04-01 00:00:00,0
5356,40,2,2029-04-01 00:00:00,0
5357,37,2,2030-04-01 00:00:00,1.4
5358,38,2,2030-04-01 00:00:00,21.770000000000003
5359,39,2,2030-04-01 00:00:00,0
5360,40,2,2030-04-01 00:00:00,0
5361,37,2,2031-04-01 00:00:00,1.59
5362,38,2,2031-04-01 00:00:00,24.69
5363,39,2,2031-04-01 00:00:00,0
5364,40,2,2031-04-01 00:00:00,0
5365,37,2,2032-04-01 00:00:00,1.81
5366,38,2,2032-04-01 00:00:00,28.110000000000003
5367,39,2,2032-04-01 00:00:00,0
5368,40,2,2032-04-01 00:00:00,0
5369,37,2,2033-04-01 00:00:00,2.04
5370,38,2,2033-04-01 00:00:00,31.61
5371,39,2,2033-04-01 00:00:00,0
5372,40,2,2033-04-01 00:00:00,0
5373,37,2,2034-04-01 00:00:00,2.26
5374,38,2,2034-04-01 00:00:00,35.09
5375,39,2,2034-04-01 00:00:00,0
5376,40,2,2034-04-01 00:00:00,0
5377,37,2,2035-04-01 00:00:00,2.46
5378,38,2,2035-04-01 00:00:00,38.14
5379,39,2,2035-04-01 00:00:00,0
5380,40,2,2035-04-01 00:00:00,0
5381,37,2,2036-04-01 00:00:00,2.66
5382,38,2,2036-04-01 00:00:00,41.31999999999999
5383,39,2,2036-04-01 00:00:00,0
5384,40,2,2036-04-01 00:00:00,0
5385,37,2,2037-04-01 00:00:00,2.87
5386,38,2,2037-04-01 00:00:00,44.52
5387,39,2,2037-04-01 00:00:00,0
5388,40,2,2037-04-01 00:00:00,0
5389,37,2,2038-04-01 00:00:00,3.06
5390,38,2,2038-04-01 00:00:00,47.589999999999996
5391,39,2,2038-04-01 00:00:00,0
5392,40,2,2038-04-01 00:00:00,0
5393,37,2,2039-04-01 00:00:00,3.25
5394,38,2,2039-04-01 00:00:00,50.41
5395,39,2,2039-04-01 00:00:00,0
5396,40,2,2039-04-01 00:00:00,0
5397,37,2,2040-04-01 00:00:00,3.43
5398,38,2,2040-04-01 00:00:00,53.22
5399,39,2,2040-04-01 00:00:00,0
5400,40,2,2040-04-01 00:00:00,0
5401,37,2,2041-04-01 00:00:00,3.62
5402,38,2,2041-04-01 00:00:00,56.220000000000006
5403,39,2,2041-04-01 00:00:00,0
5404,40,2,2041-04-01 00:00:00,0
5405,37,2,2042-04-01 00:00:00,3.83
5406,38,2,2042-04-01 00:00:00,59.39
5407,39,2,2042-04-01 00:00:00,0
5408,40,2,2042-04-01 00:00:00,0
5409,37,2,2043-04-01 00:00:00,4.04
5410,38,2,2043-04-01 00:00:00,62.720000000000006
5411,39,2,2043-04-01 00:00:00,0
5412,40,2,2043-04-01 00:00:00,0
5413,37,2,2044-04-01 00:00:00,4.25
5414,38,2,2044-04-01 00:00:00,65.92
5415,39,2,2044-04-01 00:00:00,0
5416,40,2,2044-04-01 00:00:00,0
5417,37,2,2045-04-01 00:00:00,4.43
5418,38,2,2045-04-01 00:00:00,68.77000000000001
5419,39,2,2045-04-01 00:00:00,0
5420,40,2,2045-04-01 00:00:00,0
5421,37,2,2046-04-01 00:00:00,4.6
5422,38,2,2046-04-01 00:00:00,71.43
5423,39,2,2046-04-01 00:00:00,0
5424,40,2,2046-04-01 00:00:00,0
5425,37,2,2047-04-01 00:00:00,4.77
5426,38,2,2047-04-01 00:00:00,74.14
5427,39,2,2047-04-01 00:00:00,0
5428,40,2,2047-04-01 00:00:00,0
5429,37,2,2048-04-01 00:00:00,4.95
5430,38,2,2048-04-01 00:00:00,76.89
5431,39,2,2048-04-01 00:00:00,0
5432,40,2,2048-04-01 00:00:00,0
5433,37,2,2049-04-01 00:00:00,5.13
5434,38,2,2049-04-01 00:00:00,79.65
5435,39,2,2049-04-01 00:00:00,0
5436,40,2,2049-04-01 00:00:00,0
5437,37,2,2050-04-01 00:00:00,5.3
5438,38,2,2050-04-01 00:00:00,82.32000000000001
5439,39,2,2050-04-01 00:00:00,0
5440,40,2,2050-04-01 00:00:00,0
5441,37,2,2051-04-01 00:00:00,5.22
5442,38,2,2051-04-01 00:00:00,81.11
5443,39,2,2051-04-01 00:00:00,0
5444,40,2,2051-04-01 00:00:00,0
5445,37,2,2052-04-01 00:00:00,5.15
5446,38,2,2052-04-01 00:00:00,79.89999999999999
5447,39,2,2052-04-01 00:00:00,0
5448,40,2,2052-04-01 00:00:00,0
5449,37,2,2053-04-01 00:00:00,5.07
5450,38,2,2053-04-01 00:00:00,78.78999999999999
5451,39,2,2053-04-01 00:00:00,0
5452,40,2,2053-04-01 00:00:00,0
5453,37,2,2054-04-01 00:00:00,5.05
5454,38,2,2054-04-01 00:00:00,78.48
5455,39,2,2054-04-01 00:00:00,0
5456,40,2,2054-04-01 00:00:00,0
5457,41,2,2023-11-01 00:00:00,25.57
5458,42,2,2023-11-01 00:00:00,14.43
5459,43,2,2023-11-01 00:00:00,3.6300000000000026
5460,44,2,2023-11-01 00:00:00,4.939999999999998
5461,41,2,2024-11-01 00:00:00,27.83
5462,42,2,2024-11-01 00:00:00,15.71
5463,43,2,2024-11-01 00:00:00,3.950000000000003
5464,44,2,2024-11-01 00:00:00,5.3799999999999955
5465,41,2,2025-11-01 00:00:00,30.34
5466,42,2,2025-11-01 00:00:00,17.12
5467,43,2,2025-11-01 00:00:00,4.310000000000002
5468,44,2,2025-11-01 00:00:00,5.859999999999999
5469,41,2,2026-11-01 00:00:00,33.09
5470,42,2,2026-11-01 00:00:00,18.68
5471,43,2,2026-11-01 00:00:00,4.699999999999996
5472,44,2,2026-11-01 00:00:00,6.390000000000001
5473,41,2,2027-11-01 00:00:00,36.08
5474,42,2,2027-11-01 00:00:00,20.36
5475,43,2,2027-11-01 00:00:00,5.1200000000000045
5476,44,2,2027-11-01 00:00:00,6.980000000000004
5477,41,2,2028-11-01 00:00:00,38.87
5478,42,2,2028-11-01 00:00:00,21.93
5479,43,2,2028-11-01 00:00:00,5.519999999999996
5480,44,2,2028-11-01 00:00:00,7.5
5481,41,2,2029-11-01 00:00:00,41.89
5482,42,2,2029-11-01 00:00:00,23.629999999999995
5483,43,2,2029-11-01 00:00:00,5.950000000000003
5484,44,2,2029-11-01 00:00:00,8.090000000000003
5485,41,2,2030-11-01 00:00:00,45.07
5486,42,2,2030-11-01 00:00:00,25.440000000000005
5487,43,2,2030-11-01 00:00:00,6.3999999999999915
5488,44,2,2030-11-01 00:00:00,8.700000000000003
5489,41,2,2031-11-01 00:00:00,48.18
5490,42,2,2031-11-01 00:00:00,27.190000000000005
5491,43,2,2031-11-01 00:00:00,6.839999999999989
5492,44,2,2031-11-01 00:00:00,9.300000000000011
5493,41,2,2032-11-01 00:00:00,51.29
5494,42,2,2032-11-01 00:00:00,28.940000000000005
5495,43,2,2032-11-01 00:00:00,7.280000000000001
5496,44,2,2032-11-01 00:00:00,9.909999999999997
5497,41,2,2033-11-01 00:00:00,54.66
5498,42,2,2033-11-01 00:00:00,30.840000000000003
5499,43,2,2033-11-01 00:00:00,7.760000000000005
5500,44,2,2033-11-01 00:00:00,10.559999999999988
5501,41,2,2034-11-01 00:00:00,58.26
5502,42,2,2034-11-01 00:00:00,32.88
5503,43,2,2034-11-01 00:00:00,8.269999999999996
5504,44,2,2034-11-01 00:00:00,11.25
5505,41,2,2035-11-01 00:00:00,62.13
5506,42,2,2035-11-01 00:00:00,35.059999999999995
5507,43,2,2035-11-01 00:00:00,8.820000000000007
5508,44,2,2035-11-01 00:00:00,12
5509,41,2,2036-11-01 00:00:00,66.23
5510,42,2,2036-11-01 00:00:00,37.379999999999995
5511,43,2,2036-11-01 00:00:00,9.400000000000006
5512,44,2,2036-11-01 00:00:00,12.799999999999997
5513,41,2,2037-11-01 00:00:00,70.06
5514,42,2,2037-11-01 00:00:00,39.53999999999999
5515,43,2,2037-11-01 00:00:00,9.940000000000012
5516,44,2,2037-11-01 00:00:00,13.540000000000006
5517,41,2,2038-11-01 00:00:00,73.77
5518,42,2,2038-11-01 00:00:00,41.63000000000001
5519,43,2,2038-11-01 00:00:00,10.469999999999999
5520,44,2,2038-11-01 00:00:00,14.25
5521,41,2,2039-11-01 00:00:00,77.17
5522,42,2,2039-11-01 00:00:00,43.56
5523,43,2,2039-11-01 00:00:00,10.950000000000003
5524,44,2,2039-11-01 00:00:00,14.909999999999997
5525,41,2,2040-11-01 00:00:00,80.76
5526,42,2,2040-11-01 00:00:00,45.56999999999999
5527,43,2,2040-11-01 00:00:00,11.459999999999994
5528,44,2,2040-11-01 00:00:00,15.610000000000014
5529,41,2,2041-11-01 00:00:00,84.3
5530,42,2,2041-11-01 00:00:00,47.57000000000001
5531,43,2,2041-11-01 00:00:00,11.960000000000008
5532,44,2,2041-11-01 00:00:00,16.289999999999992
5533,41,2,2042-11-01 00:00:00,87.97
5534,42,2,2042-11-01 00:00:00,49.640000000000015
5535,43,2,2042-11-01 00:00:00,12.48999999999998
5536,44,2,2042-11-01 00:00:00,16.99000000000001
5537,41,2,2043-11-01 00:00:00,91.24
5538,42,2,2043-11-01 00:00:00,51.489999999999995
5539,43,2,2043-11-01 00:00:00,12.950000000000017
5540,44,2,2043-11-01 00:00:00,17.629999999999995
5541,41,2,2044-11-01 00:00:00,94.46
5542,42,2,2044-11-01 00:00:00,53.3
5543,43,2,2044-11-01 00:00:00,13.409999999999997
5544,44,2,2044-11-01 00:00:00,18.25
5545,41,2,2045-11-01 00:00:00,97.15
5546,42,2,2045-11-01 00:00:00,54.829999999999984
5547,43,2,2045-11-01 00:00:00,13.79000000000002
5548,44,2,2045-11-01 00:00:00,18.769999999999982
5549,41,2,2046-11-01 00:00:00,99.79
5550,42,2,2046-11-01 00:00:00,56.32000000000001
5551,43,2,2046-11-01 00:00:00,14.159999999999997
5552,44,2,2046-11-01 00:00:00,19.28
5553,41,2,2047-11-01 00:00:00,102.57
5554,42,2,2047-11-01 00:00:00,57.890000000000015
5555,43,2,2047-11-01 00:00:00,14.560000000000002
5556,44,2,2047-11-01 00:00:00,19.819999999999993
5557,41,2,2048-11-01 00:00:00,105.21
5558,42,2,2048-11-01 00:00:00,59.37000000000002
5559,43,2,2048-11-01 00:00:00,14.939999999999998
5560,44,2,2048-11-01 00:00:00,20.329999999999984
5561,41,2,2049-11-01 00:00:00,108.11
5562,42,2,2049-11-01 00:00:00,61.010000000000005
5563,43,2,2049-11-01 00:00:00,15.349999999999994
5564,44,2,2049-11-01 00:00:00,20.879999999999995
5565,41,2,2050-11-01 00:00:00,108.93
5566,42,2,2050-11-01 00:00:00,61.47
5567,43,2,2050-11-01 00:00:00,15.460000000000008
5568,44,2,2050-11-01 00:00:00,21.049999999999983
5569,41,2,2051-11-01 00:00:00,109.72
5570,42,2,2051-11-01 00:00:00,61.91999999999999
5571,43,2,2051-11-01 00:00:00,15.570000000000022
5572,44,2,2051-11-01 00:00:00,21.19999999999999
5573,41,2,2052-11-01 00:00:00,110.63
5574,42,2,2052-11-01 00:00:00,62.43000000000001
5575,43,2,2052-11-01 00:00:00,15.710000000000008
5576,44,2,2052-11-01 00:00:00,21.369999999999976
5577,41,2,2053-11-01 00:00:00,111.46
5578,42,2,2053-11-01 00:00:00,62.90000000000002
5579,43,2,2053-11-01 00:00:00,15.829999999999984
5580,44,2,2053-11-01 00:00:00,21.53
5581,41,2,2024-04-01 00:00:00,25.57
5582,42,2,2024-04-01 00:00:00,14.43
5583,43,2,2024-04-01 00:00:00,3.6300000000000026
5584,44,2,2024-04-01 00:00:00,4.939999999999998
5585,41,2,2025-04-01 00:00:00,27.33
5586,42,2,2025-04-01 00:00:00,15.420000000000002
5587,43,2,2025-04-01 00:00:00,3.8800000000000026
5588,44,2,2025-04-01 00:00:00,5.279999999999994
5589,41,2,2026-04-01 00:00:00,29.45
5590,42,2,2026-04-01 00:00:00,16.610000000000003
5591,43,2,2026-04-01 00:00:00,4.18
5592,44,2,2026-04-01 00:00:00,5.689999999999998
5593,41,2,2027-04-01 00:00:00,31.9
5594,42,2,2027-04-01 00:00:00,17.990000000000002
5595,43,2,2027-04-01 00:00:00,4.530000000000001
5596,44,2,2027-04-01 00:00:00,6.159999999999997
5597,41,2,2028-04-01 00:00:00,34.26
5598,42,2,2028-04-01 00:00:00,19.330000000000005
5599,43,2,2028-04-01 00:00:00,4.869999999999997
5600,44,2,2028-04-01 00:00:00,6.609999999999992
5601,41,2,2029-04-01 00:00:00,36.67
5602,42,2,2029-04-01 00:00:00,20.699999999999996
5603,43,2,2029-04-01 00:00:00,5.200000000000003
5604,44,2,2029-04-01 00:00:00,7.089999999999996
5605,41,2,2030-04-01 00:00:00,39.13
5606,42,2,2030-04-01 00:00:00,22.089999999999996
5607,43,2,2030-04-01 00:00:00,5.549999999999997
5608,44,2,2030-04-01 00:00:00,7.560000000000002
5609,41,2,2031-04-01 00:00:00,41.8
5610,42,2,2031-04-01 00:00:00,23.590000000000003
5611,43,2,2031-04-01 00:00:00,5.939999999999998
5612,44,2,2031-04-01 00:00:00,8.070000000000007
5613,41,2,2032-04-01 00:00:00,44.26
5614,42,2,2032-04-01 00:00:00,24.979999999999997
5615,43,2,2032-04-01 00:00:00,6.280000000000001
5616,44,2,2032-04-01 00:00:00,8.549999999999997
5617,41,2,2033-04-01 00:00:00,46.76
5618,42,2,2033-04-01 00:00:00,26.380000000000003
5619,43,2,2033-04-01 00:00:00,6.640000000000001
5620,44,2,2033-04-01 00:00:00,9.030000000000001
5621,41,2,2034-04-01 00:00:00,49.35
5622,42,2,2034-04-01 00:00:00,27.85
5623,43,2,2034-04-01 00:00:00,7
5624,44,2,2034-04-01 00:00:00,9.539999999999992
5625,41,2,2035-04-01 00:00:00,52.51
5626,42,2,2035-04-01 00:00:00,29.630000000000003
5627,43,2,2035-04-01 00:00:00,7.459999999999994
5628,44,2,2035-04-01 00:00:00,10.14
5629,41,2,2036-04-01 00:00:00,55.84
5630,42,2,2036-04-01 00:00:00,31.519999999999996
5631,43,2,2036-04-01 00:00:00,7.920000000000002
5632,44,2,2036-04-01 00:00:00,10.789999999999992
5633,41,2,2037-04-01 00:00:00,59.17
5634,42,2,2037-04-01 00:00:00,33.39
5635,43,2,2037-04-01 00:00:00,8.399999999999991
5636,44,2,2037-04-01 00:00:00,11.430000000000007
5637,41,2,2038-04-01 00:00:00,62.1
5638,42,2,2038-04-01 00:00:00,35.04
5639,43,2,2038-04-01 00:00:00,8.819999999999993
5640,44,2,2038-04-01 00:00:00,11.990000000000009
5641,41,2,2039-04-01 00:00:00,64.86
5642,42,2,2039-04-01 00:00:00,36.61
5643,43,2,2039-04-01 00:00:00,9.210000000000008
5644,44,2,2039-04-01 00:00:00,12.529999999999987
5645,41,2,2040-04-01 00:00:00,67.61
5646,42,2,2040-04-01 00:00:00,38.150000000000006
5647,43,2,2040-04-01 00:00:00,9.599999999999994
5648,44,2,2040-04-01 00:00:00,13.059999999999988
5649,41,2,2041-04-01 00:00:00,70.62
5650,42,2,2041-04-01 00:00:00,39.86
5651,43,2,2041-04-01 00:00:00,10.019999999999996
5652,44,2,2041-04-01 00:00:00,13.639999999999986
5653,41,2,2042-04-01 00:00:00,73.51
5654,42,2,2042-04-01 00:00:00,41.47999999999999
5655,43,2,2042-04-01 00:00:00,10.430000000000007
5656,44,2,2042-04-01 00:00:00,14.200000000000003
5657,41,2,2043-04-01 00:00:00,76.27
5658,42,2,2043-04-01 00:00:00,43.040000000000006
5659,43,2,2043-04-01 00:00:00,10.829999999999984
5660,44,2,2043-04-01 00:00:00,14.730000000000018
5661,41,2,2044-04-01 00:00:00,78.68
5662,42,2,2044-04-01 00:00:00,44.41
5663,43,2,2044-04-01 00:00:00,11.169999999999987
5664,44,2,2044-04-01 00:00:00,15.200000000000017
5665,41,2,2045-04-01 00:00:00,80.97
5666,42,2,2045-04-01 00:00:00,45.7
5667,43,2,2045-04-01 00:00:00,11.489999999999995
5668,44,2,2045-04-01 00:00:00,15.640000000000015
5669,41,2,2046-04-01 00:00:00,83.39
5670,42,2,2046-04-01 00:00:00,47.05999999999999
5671,43,2,2046-04-01 00:00:00,11.840000000000003
5672,44,2,2046-04-01 00:00:00,16.110000000000014
5673,41,2,2047-04-01 00:00:00,85.58
5674,42,2,2047-04-01 00:00:00,48.3
5675,43,2,2047-04-01 00:00:00,12.150000000000006
5676,44,2,2047-04-01 00:00:00,16.539999999999992
5677,41,2,2048-04-01 00:00:00,87.41
5678,42,2,2048-04-01 00:00:00,49.31999999999999
5679,43,2,2048-04-01 00:00:00,12.409999999999997
5680,44,2,2048-04-01 00:00:00,16.890000000000015
5681,41,2,2049-04-01 00:00:00,89.43
5682,42,2,2049-04-01 00:00:00,50.47
5683,43,2,2049-04-01 00:00:00,12.699999999999989
5684,44,2,2049-04-01 00:00:00,17.27000000000001
5685,41,2,2050-04-01 00:00:00,91.62
5686,42,2,2050-04-01 00:00:00,51.69999999999999
5687,43,2,2050-04-01 00:00:00,13
5688,44,2,2050-04-01 00:00:00,17.700000000000017
5689,41,2,2051-04-01 00:00:00,91.8
5690,42,2,2051-04-01 00:00:00,51.8
5691,43,2,2051-04-01 00:00:00,13.039999999999992
5692,44,2,2051-04-01 00:00:00,17.730000000000018
5693,41,2,2052-04-01 00:00:00,92.43
5694,42,2,2052-04-01 00:00:00,52.16
5695,43,2,2052-04-01 00:00:00,13.120000000000005
5696,44,2,2052-04-01 00:00:00,17.849999999999994
5697,41,2,2053-04-01 00:00:00,92.64
5698,42,2,2053-04-01 00:00:00,52.27999999999999
5699,43,2,2053-04-01 00:00:00,13.150000000000006
5700,44,2,2053-04-01 00:00:00,17.900000000000006
5701,41,2,2054-04-01 00:00:00,93.25
5702,42,2,2054-04-01 00:00:00,52.629999999999995
5703,43,2,2054-04-01 00:00:00,13.230000000000018
5704,44,2,2054-04-01 00:00:00,18.019999999999982
5705,45,2,2023-11-01 00:00:00,0
5706,46,2,2023-11-01 00:00:00,0
5707,47,2,2023-11-01 00:00:00,0
5708,48,2,2023-11-01 00:00:00,0
5709,45,2,2024-11-01 00:00:00,0
5710,46,2,2024-11-01 00:00:00,0
5711,47,2,2024-11-01 00:00:00,0
5712,48,2,2024-11-01 00:00:00,0
5713,45,2,2025-11-01 00:00:00,0
5714,46,2,2025-11-01 00:00:00,0
5715,47,2,2025-11-01 00:00:00,0
5716,48,2,2025-11-01 00:00:00,0
5717,45,2,2026-11-01 00:00:00,0
5718,46,2,2026-11-01 00:00:00,0
5719,47,2,2026-11-01 00:00:00,0
5720,48,2,2026-11-01 00:00:00,0
5721,45,2,2027-11-01 00:00:00,0
5722,46,2,2027-11-01 00:00:00,0
5723,47,2,2027-11-01 00:00:00,0
5724,48,2,2027-11-01 00:00:00,0
5725,45,2,2028-11-01 00:00:00,0
5726,46,2,2028-11-01 00:00:00,0
5727,47,2,2028-11-01 00:00:00,0
5728,48,2,2028-11-01 00:00:00,0
5729,45,2,2029-11-01 00:00:00,0
5730,46,2,2029-11-01 00:00:00,0
5731,47,2,2029-11-01 00:00:00,0
5732,48,2,2029-11-01 00:00:00,0
5733,45,2,2030-11-01 00:00:00,0
5734,46,2,2030-11-01 00:00:00,0
5735,47,2,2030-11-01 00:00:00,0
5736,48,2,2030-11-01 00:00:00,0
5737,45,2,2031-11-01 00:00:00,0
5738,46,2,2031-11-01 00:00:00,0
5739,47,2,2031-11-01 00:00:00,0
5740,48,2,2031-11-01 00:00:00,0
5741,45,2,2032-11-01 00:00:00,0
5742,46,2,2032-11-01 00:00:00,0
5743,47,2,2032-11-01 00:00:00,0
5744,48,2,2032-11-01 00:00:00,0
5745,45,2,2033-11-01 00:00:00,0
5746,46,2,2033-11-01 00:00:00,0
5747,47,2,2033-11-01 00:00:00,0
5748,48,2,2033-11-01 00:00:00,0
5749,45,2,2034-11-01 00:00:00,0
5750,46,2,2034-11-01 00:00:00,0
5751,47,2,2034-11-01 00:00:00,0
5752,48,2,2034-11-01 00:00:00,0
5753,45,2,2035-11-01 00:00:00,0
5754,46,2,2035-11-01 00:00:00,0
5755,47,2,2035-11-01 00:00:00,0
5756,48,2,2035-11-01 00:00:00,0
5757,45,2,2036-11-01 00:00:00,0
5758,46,2,2036-11-01 00:00:00,0
5759,47,2,2036-11-01 00:00:00,0
5760,48,2,2036-11-01 00:00:00,0
5761,45,2,2037-11-01 00:00:00,0
5762,46,2,2037-11-01 00:00:00,0
5763,47,2,2037-11-01 00:00:00,0
5764,48,2,2037-11-01 00:00:00,0
5765,45,2,2038-11-01 00:00:00,0
5766,46,2,2038-11-01 00:00:00,0
5767,47,2,2038-11-01 00:00:00,0
5768,48,2,2038-11-01 00:00:00,0
5769,45,2,2039-11-01 00:00:00,0
5770,46,2,2039-11-01 00:00:00,0
5771,47,2,2039-11-01 00:00:00,0
5772,48,2,2039-11-01 00:00:00,0
5773,45,2,2040-11-01 00:00:00,0
5774,46,2,2040-11-01 00:00:00,0
5775,47,2,2040-11-01 00:00:00,0
5776,48,2,2040-11-01 00:00:00,0
5777,45,2,2041-11-01 00:00:00,0
5778,46,2,2041-11-01 00:00:00,0
5779,47,2,2041-11-01 00:00:00,0
5780,48,2,2041-11-01 00:00:00,0
5781,45,2,2042-11-01 00:00:00,0
5782,46,2,2042-11-01 00:00:00,0
5783,47,2,2042-11-01 00:00:00,0
5784,48,2,2042-11-01 00:00:00,0
5785,45,2,2043-11-01 00:00:00,0
5786,46,2,2043-11-01 00:00:00,0
5787,47,2,2043-11-01 00:00:00,0
5788,48,2,2043-11-01 00:00:00,0
5789,45,2,2044-11-01 00:00:00,0
5790,46,2,2044-11-01 00:00:00,0
5791,47,2,2044-11-01 00:00:00,0
5792,48,2,2044-11-01 00:00:00,0
5793,45,2,2045-11-01 00:00:00,0
5794,46,2,2045-11-01 00:00:00,0
5795,47,2,2045-11-01 00:00:00,0
5796,48,2,2045-11-01 00:00:00,0
5797,45,2,2046-11-01 00:00:00,0
5798,46,2,2046-11-01 00:00:00,0
5799,47,2,2046-11-01 00:00:00,0
5800,48,2,2046-11-01 00:00:00,0
5801,45,2,2047-11-01 00:00:00,0
5802,46,2,2047-11-01 00:00:00,0
5803,47,2,2047-11-01 00:00:00,0
5804,48,2,2047-11-01 00:00:00,0
5805,45,2,2048-11-01 00:00:00,0
5806,46,2,2048-11-01 00:00:00,0
5807,47,2,2048-11-01 00:00:00,0
5808,48,2,2048-11-01 00:00:00,0
5809,45,2,2049-11-01 00:00:00,0
5810,46,2,2049-11-01 00:00:00,0
5811,47,2,2049-11-01 00:00:00,0
5812,48,2,2049-11-01 00:00:00,0
5813,45,2,2050-11-01 00:00:00,0
5814,46,2,2050-11-01 00:00:00,0
5815,47,2,2050-11-01 00:00:00,0
5816,48,2,2050-11-01 00:00:00,0
5817,45,2,2051-11-01 00:00:00,0
5818,46,2,2051-11-01 00:00:00,0
5819,47,2,2051-11-01 00:00:00,0
5820,48,2,2051-11-01 00:00:00,0
5821,45,2,2052-11-01 00:00:00,0
5822,46,2,2052-11-01 00:00:00,0
5823,47,2,2052-11-01 00:00:00,0
5824,48,2,2052-11-01 00:00:00,0
5825,45,2,2053-11-01 00:00:00,0
5826,46,2,2053-11-01 00:00:00,0
5827,47,2,2053-11-01 00:00:00,0
5828,48,2,2053-11-01 00:00:00,0
5829,45,2,2024-04-01 00:00:00,0
5830,46,2,2024-04-01 00:00:00,0
5831,47,2,2024-04-01 00:00:00,0
5832,48,2,2024-04-01 00:00:00,0
5833,45,2,2025-04-01 00:00:00,0
5834,46,2,2025-04-01 00:00:00,0
5835,47,2,2025-04-01 00:00:00,0
5836,48,2,2025-04-01 00:00:00,0
5837,45,2,2026-04-01 00:00:00,0
5838,46,2,2026-04-01 00:00:00,0
5839,47,2,2026-04-01 00:00:00,0
5840,48,2,2026-04-01 00:00:00,0
5841,45,2,2027-04-01 00:00:00,0
5842,46,2,2027-04-01 00:00:00,0
5843,47,2,2027-04-01 00:00:00,0
5844,48,2,2027-04-01 00:00:00,0
5845,45,2,2028-04-01 00:00:00,0
5846,46,2,2028-04-01 00:00:00,0
5847,47,2,2028-04-01 00:00:00,0
5848,48,2,2028-04-01 00:00:00,0
5849,45,2,2029-04-01 00:00:00,0
5850,46,2,2029-04-01 00:00:00,0
5851,47,2,2029-04-01 00:00:00,0
5852,48,2,2029-04-01 00:00:00,0
5853,45,2,2030-04-01 00:00:00,0
5854,46,2,2030-04-01 00:00:00,0
5855,47,2,2030-04-01 00:00:00,0
5856,48,2,2030-04-01 00:00:00,0
5857,45,2,2031-04-01 00:00:00,0
5858,46,2,2031-04-01 00:00:00,0
5859,47,2,2031-04-01 00:00:00,0
5860,48,2,2031-04-01 00:00:00,0
5861,45,2,2032-04-01 00:00:00,0
5862,46,2,2032-04-01 00:00:00,0
5863,47,2,2032-04-01 00:00:00,0
5864,48,2,2032-04-01 00:00:00,0
5865,45,2,2033-04-01 00:00:00,0
5866,46,2,2033-04-01 00:00:00,0
5867,47,2,2033-04-01 00:00:00,0
5868,48,2,2033-04-01 00:00:00,0
5869,45,2,2034-04-01 00:00:00,0
5870,46,2,2034-04-01 00:00:00,0
5871,47,2,2034-04-01 00:00:00,0
5872,48,2,2034-04-01 00:00:00,0
5873,45,2,2035-04-01 00:00:00,0
5874,46,2,2035-04-01 00:00:00,0
5875,47,2,2035-04-01 00:00:00,0
5876,48,2,2035-04-01 00:00:00,0
5877,45,2,2036-04-01 00:00:00,0
5878,46,2,2036-04-01 00:00:00,0
5879,47,2,2036-04-01 00:00:00,0
5880,48,2,2036-04-01 00:00:00,0
5881,45,2,2037-04-01 00:00:00,0
5882,46,2,2037-04-01 00:00:00,0
5883,47,2,2037-04-01 00:00:00,0
5884,48,2,2037-04-01 00:00:00,0
5885,45,2,2038-04-01 00:00:00,0
5886,46,2,2038-04-01 00:00:00,0
5887,47,2,2038-04-01 00:00:00,0
5888,48,2,2038-04-01 00:00:00,0
5889,45,2,2039-04-01 00:00:00,0
5890,46,2,2039-04-01 00:00:00,0
5891,47,2,2039-04-01 00:00:00,0
5892,48,2,2039-04-01 00:00:00,0
5893,45,2,2040-04-01 00:00:00,0
5894,46,2,2040-04-01 00:00:00,0
5895,47,2,2040-04-01 00:00:00,0
5896,48,2,2040-04-01 00:00:00,0
5897,45,2,2041-04-01 00:00:00,0
5898,46,2,2041-04-01 00:00:00,0
5899,47,2,2041-04-01 00:00:00,0
5900,48,2,2041-04-01 00:00:00,0
5901,45,2,2042-04-01 00:00:00,0
5902,46,2,2042-04-01 00:00:00,0
5903,47,2,2042-04-01 00:00:00,0
5904,48,2,2042-04-01 00:00:00,0
5905,45,2,2043-04-01 00:00:00,0
5906,46,2,2043-04-01 00:00:00,0
5907,47,2,2043-04-01 00:00:00,0
5908,48,2,2043-04-01 00:00:00,0
5909,45,2,2044-04-01 00:00:00,0
5910,46,2,2044-04-01 00:00:00,0
5911,47,2,2044-04-01 00:00:00,0
5912,48,2,2044-04-01 00:00:00,0
5913,45,2,2045-04-01 00:00:00,0
5914,46,2,2045-04-01 00:00:00,0
5915,47,2,2045-04-01 00:00:00,0
5916,48,2,2045-04-01 00:00:00,0
5917,45,2,2046-04-01 00:00:00,0
5918,46,2,2046-04-01 00:00:00,0
5919,47,2,2046-04-01 00:00:00,0
5920,48,2,2046-04-01 00:00:00,0
5921,45,2,2047-04-01 00:00:00,0
5922,46,2,2047-04-01 00:00:00,0
5923,47,2,2047-04-01 00:00:00,0
5924,48,2,2047-04-01 00:00:00,0
5925,45,2,2048-04-01 00:00:00,0
5926,46,2,2048-04-01 00:00:00,0
5927,47,2,2048-04-01 00:00:00,0
5928,48,2,2048-04-01 00:00:00,0
5929,45,2,2049-04-01 00:00:00,0
5930,46,2,2049-04-01 00:00:00,0
5931,47,2,2049-04-01 00:00:00,0
5932,48,2,2049-04-01 00:00:00,0
5933,45,2,2050-04-01 00:00:00,0
5934,46,2,2050-04-01 00:00:00,0
5935,47,2,2050-04-01 00:00:00,0
5936,48,2,2050-04-01 00:00:00,0
5937,45,2,2051-04-01 00:00:00,0
5938,46,2,2051-04-01 00:00:00,0
5939,47,2,2051-04-01 00:00:00,0
5940,48,2,2051-04-01 00:00:00,0
5941,45,2,2052-04-01 00:00:00,0
5942,46,2,2052-04-01 00:00:00,0
5943,47,2,2052-04-01 00:00:00,0
5944,48,2,2052-04-01 00:00:00,0
5945,45,2,2053-04-01 00:00:00,0
5946,46,2,2053-04-01 00:00:00,0
5947,47,2,2053-04-01 00:00:00,0
5948,48,2,2053-04-01 00:00:00,0
5949,45,2,2054-04-01 00:00:00,0
5950,46,2,2054-04-01 00:00:00,0
5951,47,2,2054-04-01 00:00:00,0
5952,48,2,2054-04-01 00:00:00,0
5953,1,3,2023-11-01 00:00:00,0
5954,2,3,2023-11-01 00:00:00,0
5955,3,3,2023-11-01 00:00:00,0
5956,4,3,2023-11-01 00:00:00,0
5957,1,3,2024-11-01 00:00:00,0
5958,2,3,2024-11-01 00:00:00,0
5959,3,3,2024-11-01 00:00:00,0
5960,4,3,2024-11-01 00:00:00,0
5961,1,3,2025-11-01 00:00:00,0
5962,2,3,2025-11-01 00:00:00,0
5963,3,3,2025-11-01 00:00:00,0
5964,4,3,2025-11-01 00:00:00,0
5965,1,3,2026-11-01 00:00:00,0
5966,2,3,2026-11-01 00:00:00,0
5967,3,3,2026-11-01 00:00:00,0
5968,4,3,2026-11-01 00:00:00,0
5969,1,3,2027-11-01 00:00:00,0
5970,2,3,2027-11-01 00:00:00,0
5971,3,3,2027-11-01 00:00:00,0
5972,4,3,2027-11-01 00:00:00,0
5973,1,3,2028-11-01 00:00:00,0
5974,2,3,2028-11-01 00:00:00,0
5975,3,3,2028-11-01 00:00:00,0
5976,4,3,2028-11-01 00:00:00,0
5977,1,3,2029-11-01 00:00:00,0
5978,2,3,2029-11-01 00:00:00,0
5979,3,3,2029-11-01 00:00:00,0
5980,4,3,2029-11-01 00:00:00,0
5981,1,3,2030-11-01 00:00:00,0
5982,2,3,2030-11-01 00:00:00,0
5983,3,3,2030-11-01 00:00:00,0
5984,4,3,2030-11-01 00:00:00,0
5985,1,3,2031-11-01 00:00:00,0
5986,2,3,2031-11-01 00:00:00,0
5987,3,3,2031-11-01 00:00:00,0
5988,4,3,2031-11-01 00:00:00,0
5989,1,3,2032-11-01 00:00:00,0
5990,2,3,2032-11-01 00:00:00,0
5991,3,3,2032-11-01 00:00:00,0
5992,4,3,2032-11-01 00:00:00,0
5993,1,3,2033-11-01 00:00:00,0
5994,2,3,2033-11-01 00:00:00,0
5995,3,3,2033-11-01 00:00:00,0
5996,4,3,2033-11-01 00:00:00,0
5997,1,3,2034-11-01 00:00:00,0
5998,2,3,2034-11-01 00:00:00,0
5999,3,3,2034-11-01 00:00:00,0
6000,4,3,2034-11-01 00:00:00,0
6001,1,3,2035-11-01 00:00:00,0
6002,2,3,2035-11-01 00:00:00,0
6003,3,3,2035-11-01 00:00:00,0
6004,4,3,2035-11-01 00:00:00,0
6005,1,3,2036-11-01 00:00:00,0
6006,2,3,2036-11-01 00:00:00,0
6007,3,3,2036-11-01 00:00:00,0
6008,4,3,2036-11-01 00:00:00,0
6009,1,3,2037-11-01 00:00:00,0
6010,2,3,2037-11-01 00:00:00,0
6011,3,3,2037-11-01 00:00:00,0
6012,4,3,2037-11-01 00:00:00,0
6013,1,3,2038-11-01 00:00:00,0
6014,2,3,2038-11-01 00:00:00,0
6015,3,3,2038-11-01 00:00:00,0
6016,4,3,2038-11-01 00:00:00,0
6017,1,3,2039-11-01 00:00:00,0
6018,2,3,2039-11-01 00:00:00,0
6019,3,3,2039-11-01 00:00:00,0
6020,4,3,2039-11-01 00:00:00,0
6021,1,3,2040-11-01 00:00:00,0
6022,2,3,2040-11-01 00:00:00,0
6023,3,3,2040-11-01 00:00:00,0
6024,4,3,2040-11-01 00:00:00,0
6025,1,3,2041-11-01 00:00:00,0
6026,2,3,2041-11-01 00:00:00,0
6027,3,3,2041-11-01 00:00:00,0
6028,4,3,2041-11-01 00:00:00,0
6029,1,3,2042-11-01 00:00:00,0
6030,2,3,2042-11-01 00:00:00,0
6031,3,3,2042-11-01 00:00:00,0
6032,4,3,2042-11-01 00:00:00,0
6033,1,3,2043-11-01 00:00:00,0
6034,2,3,2043-11-01 00:00:00,0
6035,3,3,2043-11-01 00:00:00,0
6036,4,3,2043-11-01 00:00:00,0
6037,1,3,2044-11-01 00:00:00,0
6038,2,3,2044-11-01 00:00:00,0
6039,3,3,2044-11-01 00:00:00,0
6040,4,3,2044-11-01 00:00:00,0
6041,1,3,2045-11-01 00:00:00,0
6042,2,3,2045-11-01 00:00:00,0
6043,3,3,2045-11-01 00:00:00,0
6044,4,3,2045-11-01 00:00:00,0
6045,1,3,2046-11-01 00:00:00,0
6046,2,3,2046-11-01 00:00:00,0
6047,3,3,2046-11-01 00:00:00,0
6048,4,3,2046-11-01 00:00:00,0
6049,1,3,2047-11-01 00:00:00,0
6050,2,3,2047-11-01 00:00:00,0
6051,3,3,2047-11-01 00:00:00,0
6052,4,3,2047-11-01 00:00:00,0
6053,1,3,2048-11-01 00:00:00,0
6054,2,3,2048-11-01 00:00:00,0
6055,3,3,2048-11-01 00:00:00,0
6056,4,3,2048-11-01 00:00:00,0
6057,1,3,2049-11-01 00:00:00,0
6058,2,3,2049-11-01 00:00:00,0
6059,3,3,2049-11-01 00:00:00,0
6060,4,3,2049-11-01 00:00:00,0
6061,1,3,2050-11-01 00:00:00,0
6062,2,3,2050-11-01 00:00:00,0
6063,3,3,2050-11-01 00:00:00,0
6064,4,3,2050-11-01 00:00:00,0
6065,1,3,2051-11-01 00:00:00,0
6066,2,3,2051-11-01 00:00:00,0
6067,3,3,2051-11-01 00:00:00,0
6068,4,3,2051-11-01 00:00:00,0
6069,1,3,2052-11-01 00:00:00,0
6070,2,3,2052-11-01 00:00:00,0
6071,3,3,2052-11-01 00:00:00,0
6072,4,3,2052-11-01 00:00:00,0
6073,1,3,2053-11-01 00:00:00,0
6074,2,3,2053-11-01 00:00:00,0
6075,3,3,2053-11-01 00:00:00,0
6076,4,3,2053-11-01 00:00:00,0
6077,1,3,2024-04-01 00:00:00,0
6078,2,3,2024-04-01 00:00:00,0
6079,3,3,2024-04-01 00:00:00,0
6080,4,3,2024-04-01 00:00:00,0
6081,1,3,2025-04-01 00:00:00,0
6082,2,3,2025-04-01 00:00:00,0
6083,3,3,2025-04-01 00:00:00,0
6084,4,3,2025-04-01 00:00:00,0
6085,1,3,2026-04-01 00:00:00,0
6086,2,3,2026-04-01 00:00:00,0
6087,3,3,2026-04-01 00:00:00,0
6088,4,3,2026-04-01 00:00:00,0
6089,1,3,2027-04-01 00:00:00,0
6090,2,3,2027-04-01 00:00:00,0
6091,3,3,2027-04-01 00:00:00,0
6092,4,3,2027-04-01 00:00:00,0
6093,1,3,2028-04-01 00:00:00,0
6094,2,3,2028-04-01 00:00:00,0
6095,3,3,2028-04-01 00:00:00,0
6096,4,3,2028-04-01 00:00:00,0
6097,1,3,2029-04-01 00:00:00,0
6098,2,3,2029-04-01 00:00:00,0
6099,3,3,2029-04-01 00:00:00,0
6100,4,3,2029-04-01 00:00:00,0
6101,1,3,2030-04-01 00:00:00,0
6102,2,3,2030-04-01 00:00:00,0
6103,3,3,2030-04-01 00:00:00,0
6104,4,3,2030-04-01 00:00:00,0
6105,1,3,2031-04-01 00:00:00,0
6106,2,3,2031-04-01 00:00:00,0
6107,3,3,2031-04-01 00:00:00,0
6108,4,3,2031-04-01 00:00:00,0
6109,1,3,2032-04-01 00:00:00,0
6110,2,3,2032-04-01 00:00:00,0
6111,3,3,2032-04-01 00:00:00,0
6112,4,3,2032-04-01 00:00:00,0
6113,1,3,2033-04-01 00:00:00,0
6114,2,3,2033-04-01 00:00:00,0
6115,3,3,2033-04-01 00:00:00,0
6116,4,3,2033-04-01 00:00:00,0
6117,1,3,2034-04-01 00:00:00,0
6118,2,3,2034-04-01 00:00:00,0
6119,3,3,2034-04-01 00:00:00,0
6120,4,3,2034-04-01 00:00:00,0
6121,1,3,2035-04-01 00:00:00,0
6122,2,3,2035-04-01 00:00:00,0
6123,3,3,2035-04-01 00:00:00,0
6124,4,3,2035-04-01 00:00:00,0
6125,1,3,2036-04-01 00:00:00,0
6126,2,3,2036-04-01 00:00:00,0
6127,3,3,2036-04-01 00:00:00,0
6128,4,3,2036-04-01 00:00:00,0
6129,1,3,2037-04-01 00:00:00,0
6130,2,3,2037-04-01 00:00:00,0
6131,3,3,2037-04-01 00:00:00,0
6132,4,3,2037-04-01 00:00:00,0
6133,1,3,2038-04-01 00:00:00,0
6134,2,3,2038-04-01 00:00:00,0
6135,3,3,2038-04-01 00:00:00,0
6136,4,3,2038-04-01 00:00:00,0
6137,1,3,2039-04-01 00:00:00,0
6138,2,3,2039-04-01 00:00:00,0
6139,3,3,2039-04-01 00:00:00,0
6140,4,3,2039-04-01 00:00:00,0
6141,1,3,2040-04-01 00:00:00,0
6142,2,3,2040-04-01 00:00:00,0
6143,3,3,2040-04-01 00:00:00,0
6144,4,3,2040-04-01 00:00:00,0
6145,1,3,2041-04-01 00:00:00,0
6146,2,3,2041-04-01 00:00:00,0
6147,3,3,2041-04-01 00:00:00,0
6148,4,3,2041-04-01 00:00:00,0
6149,1,3,2042-04-01 00:00:00,0
6150,2,3,2042-04-01 00:00:00,0
6151,3,3,2042-04-01 00:00:00,0
6152,4,3,2042-04-01 00:00:00,0
6153,1,3,2043-04-01 00:00:00,0
6154,2,3,2043-04-01 00:00:00,0
6155,3,3,2043-04-01 00:00:00,0
6156,4,3,2043-04-01 00:00:00,0
6157,1,3,2044-04-01 00:00:00,0
6158,2,3,2044-04-01 00:00:00,0
6159,3,3,2044-04-01 00:00:00,0
6160,4,3,2044-04-01 00:00:00,0
6161,1,3,2045-04-01 00:00:00,0
6162,2,3,2045-04-01 00:00:00,0
6163,3,3,2045-04-01 00:00:00,0
6164,4,3,2045-04-01 00:00:00,0
6165,1,3,2046-04-01 00:00:00,0
6166,2,3,2046-04-01 00:00:00,0
6167,3,3,2046-04-01 00:00:00,0
6168,4,3,2046-04-01 00:00:00,0
6169,1,3,2047-04-01 00:00:00,0
6170,2,3,2047-04-01 00:00:00,0
6171,3,3,2047-04-01 00:00:00,0
6172,4,3,2047-04-01 00:00:00,0
6173,1,3,2048-04-01 00:00:00,0
6174,2,3,2048-04-01 00:00:00,0
6175,3,3,2048-04-01 00:00:00,0
6176,4,3,2048-04-01 00:00:00,0
6177,1,3,2049-04-01 00:00:00,0
6178,2,3,2049-04-01 00:00:00,0
6179,3,3,2049-04-01 00:00:00,0
6180,4,3,2049-04-01 00:00:00,0
6181,1,3,2050-04-01 00:00:00,0
6182,2,3,2050-04-01 00:00:00,0
6183,3,3,2050-04-01 00:00:00,0
6184,4,3,2050-04-01 00:00:00,0
6185,1,3,2051-04-01 00:00:00,0
6186,2,3,2051-04-01 00:00:00,0
6187,3,3,2051-04-01 00:00:00,0
6188,4,3,2051-04-01 00:00:00,0
6189,1,3,2052-04-01 00:00:00,0
6190,2,3,2052-04-01 00:00:00,0
6191,3,3,2052-04-01 00:00:00,0
6192,4,3,2052-04-01 00:00:00,0
6193,1,3,2053-04-01 00:00:00,0
6194,2,3,2053-04-01 00:00:00,0
6195,3,3,2053-04-01 00:00:00,0
6196,4,3,2053-04-01 00:00:00,0
6197,1,3,2054-04-01 00:00:00,0
6198,2,3,2054-04-01 00:00:00,0
6199,3,3,2054-04-01 00:00:00,0
6200,4,3,2054-04-01 00:00:00,0
6201,5,3,2023-11-01 00:00:00,0
6202,6,3,2023-11-01 00:00:00,0
6203,7,3,2023-11-01 00:00:00,0
6204,8,3,2023-11-01 00:00:00,0
6205,5,3,2024-11-01 00:00:00,0
6206,6,3,2024-11-01 00:00:00,0
6207,7,3,2024-11-01 00:00:00,0
6208,8,3,2024-11-01 00:00:00,0
6209,5,3,2025-11-01 00:00:00,0
6210,6,3,2025-11-01 00:00:00,0
6211,7,3,2025-11-01 00:00:00,0
6212,8,3,2025-11-01 00:00:00,0
6213,5,3,2026-11-01 00:00:00,0
6214,6,3,2026-11-01 00:00:00,0
6215,7,3,2026-11-01 00:00:00,0
6216,8,3,2026-11-01 00:00:00,0
6217,5,3,2027-11-01 00:00:00,0
6218,6,3,2027-11-01 00:00:00,0
6219,7,3,2027-11-01 00:00:00,0
6220,8,3,2027-11-01 00:00:00,0
6221,5,3,2028-11-01 00:00:00,0
6222,6,3,2028-11-01 00:00:00,0
6223,7,3,2028-11-01 00:00:00,0
6224,8,3,2028-11-01 00:00:00,0
6225,5,3,2029-11-01 00:00:00,0
6226,6,3,2029-11-01 00:00:00,0
6227,7,3,2029-11-01 00:00:00,0
6228,8,3,2029-11-01 00:00:00,0
6229,5,3,2030-11-01 00:00:00,0
6230,6,3,2030-11-01 00:00:00,0
6231,7,3,2030-11-01 00:00:00,0
6232,8,3,2030-11-01 00:00:00,0
6233,5,3,2031-11-01 00:00:00,0
6234,6,3,2031-11-01 00:00:00,0
6235,7,3,2031-11-01 00:00:00,0
6236,8,3,2031-11-01 00:00:00,0
6237,5,3,2032-11-01 00:00:00,0
6238,6,3,2032-11-01 00:00:00,0
6239,7,3,2032-11-01 00:00:00,0
6240,8,3,2032-11-01 00:00:00,0
6241,5,3,2033-11-01 00:00:00,0
6242,6,3,2033-11-01 00:00:00,0
6243,7,3,2033-11-01 00:00:00,0
6244,8,3,2033-11-01 00:00:00,0
6245,5,3,2034-11-01 00:00:00,0
6246,6,3,2034-11-01 00:00:00,0
6247,7,3,2034-11-01 00:00:00,0
6248,8,3,2034-11-01 00:00:00,0
6249,5,3,2035-11-01 00:00:00,0
6250,6,3,2035-11-01 00:00:00,0
6251,7,3,2035-11-01 00:00:00,0
6252,8,3,2035-11-01 00:00:00,0
6253,5,3,2036-11-01 00:00:00,0
6254,6,3,2036-11-01 00:00:00,0
6255,7,3,2036-11-01 00:00:00,0
6256,8,3,2036-11-01 00:00:00,0
6257,5,3,2037-11-01 00:00:00,0
6258,6,3,2037-11-01 00:00:00,0
6259,7,3,2037-11-01 00:00:00,0
6260,8,3,2037-11-01 00:00:00,0
6261,5,3,2038-11-01 00:00:00,0
6262,6,3,2038-11-01 00:00:00,0
6263,7,3,2038-11-01 00:00:00,0
6264,8,3,2038-11-01 00:00:00,0
6265,5,3,2039-11-01 00:00:00,0
6266,6,3,2039-11-01 00:00:00,0
6267,7,3,2039-11-01 00:00:00,0
6268,8,3,2039-11-01 00:00:00,0
6269,5,3,2040-11-01 00:00:00,0
6270,6,3,2040-11-01 00:00:00,0
6271,7,3,2040-11-01 00:00:00,0
6272,8,3,2040-11-01 00:00:00,0
6273,5,3,2041-11-01 00:00:00,0
6274,6,3,2041-11-01 00:00:00,0
6275,7,3,2041-11-01 00:00:00,0
6276,8,3,2041-11-01 00:00:00,0
6277,5,3,2042-11-01 00:00:00,0
6278,6,3,2042-11-01 00:00:00,0
6279,7,3,2042-11-01 00:00:00,0
6280,8,3,2042-11-01 00:00:00,0
6281,5,3,2043-11-01 00:00:00,0
6282,6,3,2043-11-01 00:00:00,0
6283,7,3,2043-11-01 00:00:00,0
6284,8,3,2043-11-01 00:00:00,0
6285,5,3,2044-11-01 00:00:00,0
6286,6,3,2044-11-01 00:00:00,0
6287,7,3,2044-11-01 00:00:00,0
6288,8,3,2044-11-01 00:00:00,0
6289,5,3,2045-11-01 00:00:00,0
6290,6,3,2045-11-01 00:00:00,0
6291,7,3,2045-11-01 00:00:00,0
6292,8,3,2045-11-01 00:00:00,0
6293,5,3,2046-11-01 00:00:00,0
6294,6,3,2046-11-01 00:00:00,0
6295,7,3,2046-11-01 00:00:00,0
6296,8,3,2046-11-01 00:00:00,0
6297,5,3,2047-11-01 00:00:00,0
6298,6,3,2047-11-01 00:00:00,0
6299,7,3,2047-11-01 00:00:00,0
6300,8,3,2047-11-01 00:00:00,0
6301,5,3,2048-11-01 00:00:00,0
6302,6,3,2048-11-01 00:00:00,0
6303,7,3,2048-11-01 00:00:00,0
6304,8,3,2048-11-01 00:00:00,0
6305,5,3,2049-11-01 00:00:00,0
6306,6,3,2049-11-01 00:00:00,0
6307,7,3,2049-11-01 00:00:00,0
6308,8,3,2049-11-01 00:00:00,0
6309,5,3,2050-11-01 00:00:00,0
6310,6,3,2050-11-01 00:00:00,0
6311,7,3,2050-11-01 00:00:00,0
6312,8,3,2050-11-01 00:00:00,0
6313,5,3,2051-11-01 00:00:00,0
6314,6,3,2051-11-01 00:00:00,0
6315,7,3,2051-11-01 00:00:00,0
6316,8,3,2051-11-01 00:00:00,0
6317,5,3,2052-11-01 00:00:00,0
6318,6,3,2052-11-01 00:00:00,0
6319,7,3,2052-11-01 00:00:00,0
6320,8,3,2052-11-01 00:00:00,0
6321,5,3,2053-11-01 00:00:00,0
6322,6,3,2053-11-01 00:00:00,0
6323,7,3,2053-11-01 00:00:00,0
6324,8,3,2053-11-01 00:00:00,0
6325,5,3,2024-04-01 00:00:00,0
6326,6,3,2024-04-01 00:00:00,0
6327,7,3,2024-04-01 00:00:00,0
6328,8,3,2024-04-01 00:00:00,0
6329,5,3,2025-04-01 00:00:00,0
6330,6,3,2025-04-01 00:00:00,0
6331,7,3,2025-04-01 00:00:00,0
6332,8,3,2025-04-01 00:00:00,0
6333,5,3,2026-04-01 00:00:00,0
6334,6,3,2026-04-01 00:00:00,0
6335,7,3,2026-04-01 00:00:00,0
6336,8,3,2026-04-01 00:00:00,0
6337,5,3,2027-04-01 00:00:00,0
6338,6,3,2027-04-01 00:00:00,0
6339,7,3,2027-04-01 00:00:00,0
6340,8,3,2027-04-01 00:00:00,0
6341,5,3,2028-04-01 00:00:00,0
6342,6,3,2028-04-01 00:00:00,0
6343,7,3,2028-04-01 00:00:00,0
6344,8,3,2028-04-01 00:00:00,0
6345,5,3,2029-04-01 00:00:00,0
6346,6,3,2029-04-01 00:00:00,0
6347,7,3,2029-04-01 00:00:00,0
6348,8,3,2029-04-01 00:00:00,0
6349,5,3,2030-04-01 00:00:00,0
6350,6,3,2030-04-01 00:00:00,0
6351,7,3,2030-04-01 00:00:00,0
6352,8,3,2030-04-01 00:00:00,0
6353,5,3,2031-04-01 00:00:00,0
6354,6,3,2031-04-01 00:00:00,0
6355,7,3,2031-04-01 00:00:00,0
6356,8,3,2031-04-01 00:00:00,0
6357,5,3,2032-04-01 00:00:00,0
6358,6,3,2032-04-01 00:00:00,0
6359,7,3,2032-04-01 00:00:00,0
6360,8,3,2032-04-01 00:00:00,0
6361,5,3,2033-04-01 00:00:00,0
6362,6,3,2033-04-01 00:00:00,0
6363,7,3,2033-04-01 00:00:00,0
6364,8,3,2033-04-01 00:00:00,0
6365,5,3,2034-04-01 00:00:00,0
6366,6,3,2034-04-01 00:00:00,0
6367,7,3,2034-04-01 00:00:00,0
6368,8,3,2034-04-01 00:00:00,0
6369,5,3,2035-04-01 00:00:00,0
6370,6,3,2035-04-01 00:00:00,0
6371,7,3,2035-04-01 00:00:00,0
6372,8,3,2035-04-01 00:00:00,0
6373,5,3,2036-04-01 00:00:00,0
6374,6,3,2036-04-01 00:00:00,0
6375,7,3,2036-04-01 00:00:00,0
6376,8,3,2036-04-01 00:00:00,0
6377,5,3,2037-04-01 00:00:00,0
6378,6,3,2037-04-01 00:00:00,0
6379,7,3,2037-04-01 00:00:00,0
6380,8,3,2037-04-01 00:00:00,0
6381,5,3,2038-04-01 00:00:00,0
6382,6,3,2038-04-01 00:00:00,0
6383,7,3,2038-04-01 00:00:00,0
6384,8,3,2038-04-01 00:00:00,0
6385,5,3,2039-04-01 00:00:00,0
6386,6,3,2039-04-01 00:00:00,0
6387,7,3,2039-04-01 00:00:00,0
6388,8,3,2039-04-01 00:00:00,0
6389,5,3,2040-04-01 00:00:00,0
6390,6,3,2040-04-01 00:00:00,0
6391,7,3,2040-04-01 00:00:00,0
6392,8,3,2040-04-01 00:00:00,0
6393,5,3,2041-04-01 00:00:00,0
6394,6,3,2041-04-01 00:00:00,0
6395,7,3,2041-04-01 00:00:00,0
6396,8,3,2041-04-01 00:00:00,0
6397,5,3,2042-04-01 00:00:00,0
6398,6,3,2042-04-01 00:00:00,0
6399,7,3,2042-04-01 00:00:00,0
6400,8,3,2042-04-01 00:00:00,0
6401,5,3,2043-04-01 00:00:00,0
6402,6,3,2043-04-01 00:00:00,0
6403,7,3,2043-04-01 00:00:00,0
6404,8,3,2043-04-01 00:00:00,0
6405,5,3,2044-04-01 00:00:00,0
6406,6,3,2044-04-01 00:00:00,0
6407,7,3,2044-04-01 00:00:00,0
6408,8,3,2044-04-01 00:00:00,0
6409,5,3,2045-04-01 00:00:00,0
6410,6,3,2045-04-01 00:00:00,0
6411,7,3,2045-04-01 00:00:00,0
6412,8,3,2045-04-01 00:00:00,0
6413,5,3,2046-04-01 00:00:00,0
6414,6,3,2046-04-01 00:00:00,0
6415,7,3,2046-04-01 00:00:00,0
6416,8,3,2046-04-01 00:00:00,0
6417,5,3,2047-04-01 00:00:00,0
6418,6,3,2047-04-01 00:00:00,0
6419,7,3,2047-04-01 00:00:00,0
6420,8,3,2047-04-01 00:00:00,0
6421,5,3,2048-04-01 00:00:00,0
6422,6,3,2048-04-01 00:00:00,0
6423,7,3,2048-04-01 00:00:00,0
6424,8,3,2048-04-01 00:00:00,0
6425,5,3,2049-04-01 00:00:00,0
6426,6,3,2049-04-01 00:00:00,0
6427,7,3,2049-04-01 00:00:00,0
6428,8,3,2049-04-01 00:00:00,0
6429,5,3,2050-04-01 00:00:00,0
6430,6,3,2050-04-01 00:00:00,0
6431,7,3,2050-04-01 00:00:00,0
6432,8,3,2050-04-01 00:00:00,0
6433,5,3,2051-04-01 00:00:00,0
6434,6,3,2051-04-01 00:00:00,0
6435,7,3,2051-04-01 00:00:00,0
6436,8,3,2051-04-01 00:00:00,0
6437,5,3,2052-04-01 00:00:00,0
6438,6,3,2052-04-01 00:00:00,0
6439,7,3,2052-04-01 00:00:00,0
6440,8,3,2052-04-01 00:00:00,0
6441,5,3,2053-04-01 00:00:00,0
6442,6,3,2053-04-01 00:00:00,0
6443,7,3,2053-04-01 00:00:00,0
6444,8,3,2053-04-01 00:00:00,0
6445,5,3,2054-04-01 00:00:00,0
6446,6,3,2054-04-01 00:00:00,0
6447,7,3,2054-04-01 00:00:00,0
6448,8,3,2054-04-01 00:00:00,0
6449,9,3,2023-11-01 00:00:00,0
6450,10,3,2023-11-01 00:00:00,0
6451,11,3,2023-11-01 00:00:00,0
6452,12,3,2023-11-01 00:00:00,0
6453,9,3,2024-11-01 00:00:00,0
6454,10,3,2024-11-01 00:00:00,0
6455,11,3,2024-11-01 00:00:00,0
6456,12,3,2024-11-01 00:00:00,0
6457,9,3,2025-11-01 00:00:00,0
6458,10,3,2025-11-01 00:00:00,0
6459,11,3,2025-11-01 00:00:00,0
6460,12,3,2025-11-01 00:00:00,0
6461,9,3,2026-11-01 00:00:00,0
6462,10,3,2026-11-01 00:00:00,0
6463,11,3,2026-11-01 00:00:00,0
6464,12,3,2026-11-01 00:00:00,0
6465,9,3,2027-11-01 00:00:00,0
6466,10,3,2027-11-01 00:00:00,0
6467,11,3,2027-11-01 00:00:00,0
6468,12,3,2027-11-01 00:00:00,0
6469,9,3,2028-11-01 00:00:00,0
6470,10,3,2028-11-01 00:00:00,0
6471,11,3,2028-11-01 00:00:00,0
6472,12,3,2028-11-01 00:00:00,0
6473,9,3,2029-11-01 00:00:00,0
6474,10,3,2029-11-01 00:00:00,0
6475,11,3,2029-11-01 00:00:00,0
6476,12,3,2029-11-01 00:00:00,0
6477,9,3,2030-11-01 00:00:00,0
6478,10,3,2030-11-01 00:00:00,0
6479,11,3,2030-11-01 00:00:00,0
6480,12,3,2030-11-01 00:00:00,0
6481,9,3,2031-11-01 00:00:00,0
6482,10,3,2031-11-01 00:00:00,0
6483,11,3,2031-11-01 00:00:00,0
6484,12,3,2031-11-01 00:00:00,0
6485,9,3,2032-11-01 00:00:00,0
6486,10,3,2032-11-01 00:00:00,0
6487,11,3,2032-11-01 00:00:00,0
6488,12,3,2032-11-01 00:00:00,0
6489,9,3,2033-11-01 00:00:00,0
6490,10,3,2033-11-01 00:00:00,0
6491,11,3,2033-11-01 00:00:00,0
6492,12,3,2033-11-01 00:00:00,0
6493,9,3,2034-11-01 00:00:00,0
6494,10,3,2034-11-01 00:00:00,0
6495,11,3,2034-11-01 00:00:00,0
6496,12,3,2034-11-01 00:00:00,0
6497,9,3,2035-11-01 00:00:00,0
6498,10,3,2035-11-01 00:00:00,0
6499,11,3,2035-11-01 00:00:00,0
6500,12,3,2035-11-01 00:00:00,0
6501,9,3,2036-11-01 00:00:00,0
6502,10,3,2036-11-01 00:00:00,0
6503,11,3,2036-11-01 00:00:00,0
6504,12,3,2036-11-01 00:00:00,0
6505,9,3,2037-11-01 00:00:00,0
6506,10,3,2037-11-01 00:00:00,0
6507,11,3,2037-11-01 00:00:00,0
6508,12,3,2037-11-01 00:00:00,0
6509,9,3,2038-11-01 00:00:00,0
6510,10,3,2038-11-01 00:00:00,0
6511,11,3,2038-11-01 00:00:00,0
6512,12,3,2038-11-01 00:00:00,0
6513,9,3,2039-11-01 00:00:00,0
6514,10,3,2039-11-01 00:00:00,0
6515,11,3,2039-11-01 00:00:00,0
6516,12,3,2039-11-01 00:00:00,0
6517,9,3,2040-11-01 00:00:00,0
6518,10,3,2040-11-01 00:00:00,0
6519,11,3,2040-11-01 00:00:00,0
6520,12,3,2040-11-01 00:00:00,0
6521,9,3,2041-11-01 00:00:00,0
6522,10,3,2041-11-01 00:00:00,0
6523,11,3,2041-11-01 00:00:00,0
6524,12,3,2041-11-01 00:00:00,0
6525,9,3,2042-11-01 00:00:00,0
6526,10,3,2042-11-01 00:00:00,0
6527,11,3,2042-11-01 00:00:00,0
6528,12,3,2042-11-01 00:00:00,0
6529,9,3,2043-11-01 00:00:00,0
6530,10,3,2043-11-01 00:00:00,0
6531,11,3,2043-11-01 00:00:00,0
6532,12,3,2043-11-01 00:00:00,0
6533,9,3,2044-11-01 00:00:00,0
6534,10,3,2044-11-01 00:00:00,0
6535,11,3,2044-11-01 00:00:00,0
6536,12,3,2044-11-01 00:00:00,0
6537,9,3,2045-11-01 00:00:00,0
6538,10,3,2045-11-01 00:00:00,0
6539,11,3,2045-11-01 00:00:00,0
6540,12,3,2045-11-01 00:00:00,0
6541,9,3,2046-11-01 00:00:00,0
6542,10,3,2046-11-01 00:00:00,0
6543,11,3,2046-11-01 00:00:00,0
6544,12,3,2046-11-01 00:00:00,0
6545,9,3,2047-11-01 00:00:00,0
6546,10,3,2047-11-01 00:00:00,0
6547,11,3,2047-11-01 00:00:00,0
6548,12,3,2047-11-01 00:00:00,0
6549,9,3,2048-11-01 00:00:00,0
6550,10,3,2048-11-01 00:00:00,0
6551,11,3,2048-11-01 00:00:00,0
6552,12,3,2048-11-01 00:00:00,0
6553,9,3,2049-11-01 00:00:00,0
6554,10,3,2049-11-01 00:00:00,0
6555,11,3,2049-11-01 00:00:00,0
6556,12,3,2049-11-01 00:00:00,0
6557,9,3,2050-11-01 00:00:00,0
6558,10,3,2050-11-01 00:00:00,0
6559,11,3,2050-11-01 00:00:00,0
6560,12,3,2050-11-01 00:00:00,0
6561,9,3,2051-11-01 00:00:00,0
6562,10,3,2051-11-01 00:00:00,0
6563,11,3,2051-11-01 00:00:00,0
6564,12,3,2051-11-01 00:00:00,0
6565,9,3,2052-11-01 00:00:00,0
6566,10,3,2052-11-01 00:00:00,0
6567,11,3,2052-11-01 00:00:00,0
6568,12,3,2052-11-01 00:00:00,0
6569,9,3,2053-11-01 00:00:00,0
6570,10,3,2053-11-01 00:00:00,0
6571,11,3,2053-11-01 00:00:00,0
6572,12,3,2053-11-01 00:00:00,0
6573,9,3,2024-04-01 00:00:00,0
6574,10,3,2024-04-01 00:00:00,0
6575,11,3,2024-04-01 00:00:00,0
6576,12,3,2024-04-01 00:00:00,0
6577,9,3,2025-04-01 00:00:00,0
6578,10,3,2025-04-01 00:00:00,0
6579,11,3,2025-04-01 00:00:00,0
6580,12,3,2025-04-01 00:00:00,0
6581,9,3,2026-04-01 00:00:00,0
6582,10,3,2026-04-01 00:00:00,0
6583,11,3,2026-04-01 00:00:00,0
6584,12,3,2026-04-01 00:00:00,0
6585,9,3,2027-04-01 00:00:00,0
6586,10,3,2027-04-01 00:00:00,0
6587,11,3,2027-04-01 00:00:00,0
6588,12,3,2027-04-01 00:00:00,0
6589,9,3,2028-04-01 00:00:00,0
6590,10,3,2028-04-01 00:00:00,0
6591,11,3,2028-04-01 00:00:00,0
6592,12,3,2028-04-01 00:00:00,0
6593,9,3,2029-04-01 00:00:00,0
6594,10,3,2029-04-01 00:00:00,0
6595,11,3,2029-04-01 00:00:00,0
6596,12,3,2029-04-01 00:00:00,0
6597,9,3,2030-04-01 00:00:00,0
6598,10,3,2030-04-01 00:00:00,0
6599,11,3,2030-04-01 00:00:00,0
6600,12,3,2030-04-01 00:00:00,0
6601,9,3,2031-04-01 00:00:00,0
6602,10,3,2031-04-01 00:00:00,0
6603,11,3,2031-04-01 00:00:00,0
6604,12,3,2031-04-01 00:00:00,0
6605,9,3,2032-04-01 00:00:00,0
6606,10,3,2032-04-01 00:00:00,0
6607,11,3,2032-04-01 00:00:00,0
6608,12,3,2032-04-01 00:00:00,0
6609,9,3,2033-04-01 00:00:00,0
6610,10,3,2033-04-01 00:00:00,0
6611,11,3,2033-04-01 00:00:00,0
6612,12,3,2033-04-01 00:00:00,0
6613,9,3,2034-04-01 00:00:00,0
6614,10,3,2034-04-01 00:00:00,0
6615,11,3,2034-04-01 00:00:00,0
6616,12,3,2034-04-01 00:00:00,0
6617,9,3,2035-04-01 00:00:00,0
6618,10,3,2035-04-01 00:00:00,0
6619,11,3,2035-04-01 00:00:00,0
6620,12,3,2035-04-01 00:00:00,0
6621,9,3,2036-04-01 00:00:00,0
6622,10,3,2036-04-01 00:00:00,0
6623,11,3,2036-04-01 00:00:00,0
6624,12,3,2036-04-01 00:00:00,0
6625,9,3,2037-04-01 00:00:00,0
6626,10,3,2037-04-01 00:00:00,0
6627,11,3,2037-04-01 00:00:00,0
6628,12,3,2037-04-01 00:00:00,0
6629,9,3,2038-04-01 00:00:00,0
6630,10,3,2038-04-01 00:00:00,0
6631,11,3,2038-04-01 00:00:00,0
6632,12,3,2038-04-01 00:00:00,0
6633,9,3,2039-04-01 00:00:00,0
6634,10,3,2039-04-01 00:00:00,0
6635,11,3,2039-04-01 00:00:00,0
6636,12,3,2039-04-01 00:00:00,0
6637,9,3,2040-04-01 00:00:00,0
6638,10,3,2040-04-01 00:00:00,0
6639,11,3,2040-04-01 00:00:00,0
6640,12,3,2040-04-01 00:00:00,0
6641,9,3,2041-04-01 00:00:00,0
6642,10,3,2041-04-01 00:00:00,0
6643,11,3,2041-04-01 00:00:00,0
6644,12,3,2041-04-01 00:00:00,0
6645,9,3,2042-04-01 00:00:00,0
6646,10,3,2042-04-01 00:00:00,0
6647,11,3,2042-04-01 00:00:00,0
6648,12,3,2042-04-01 00:00:00,0
6649,9,3,2043-04-01 00:00:00,0
6650,10,3,2043-04-01 00:00:00,0
6651,11,3,2043-04-01 00:00:00,0
6652,12,3,2043-04-01 00:00:00,0
6653,9,3,2044-04-01 00:00:00,0
6654,10,3,2044-04-01 00:00:00,0
6655,11,3,2044-04-01 00:00:00,0
6656,12,3,2044-04-01 00:00:00,0
6657,9,3,2045-04-01 00:00:00,0
6658,10,3,2045-04-01 00:00:00,0
6659,11,3,2045-04-01 00:00:00,0
6660,12,3,2045-04-01 00:00:00,0
6661,9,3,2046-04-01 00:00:00,0
6662,10,3,2046-04-01 00:00:00,0
6663,11,3,2046-04-01 00:00:00,0
6664,12,3,2046-04-01 00:00:00,0
6665,9,3,2047-04-01 00:00:00,0
6666,10,3,2047-04-01 00:00:00,0
6667,11,3,2047-04-01 00:00:00,0
6668,12,3,2047-04-01 00:00:00,0
6669,9,3,2048-04-01 00:00:00,0
6670,10,3,2048-04-01 00:00:00,0
6671,11,3,2048-04-01 00:00:00,0
6672,12,3,2048-04-01 00:00:00,0
6673,9,3,2049-04-01 00:00:00,0
6674,10,3,2049-04-01 00:00:00,0
6675,11,3,2049-04-01 00:00:00,0
6676,12,3,2049-04-01 00:00:00,0
6677,9,3,2050-04-01 00:00:00,0
6678,10,3,2050-04-01 00:00:00,0
6679,11,3,2050-04-01 00:00:00,0
6680,12,3,2050-04-01 00:00:00,0
6681,9,3,2051-04-01 00:00:00,0
6682,10,3,2051-04-01 00:00:00,0
6683,11,3,2051-04-01 00:00:00,0
6684,12,3,2051-04-01 00:00:00,0
6685,9,3,2052-04-01 00:00:00,0
6686,10,3,2052-04-01 00:00:00,0
6687,11,3,2052-04-01 00:00:00,0
6688,12,3,2052-04-01 00:00:00,0
6689,9,3,2053-04-01 00:00:00,0
6690,10,3,2053-04-01 00:00:00,0
6691,11,3,2053-04-01 00:00:00,0
6692,12,3,2053-04-01 00:00:00,0
6693,9,3,2054-04-01 00:00:00,0
6694,10,3,2054-04-01 00:00:00,0
6695,11,3,2054-04-01 00:00:00,0
6696,12,3,2054-04-01 00:00:00,0
6697,13,3,2023-11-01 00:00:00,22.02
6698,14,3,2023-11-01 00:00:00,32.129999999999995
6699,15,3,2023-11-01 00:00:00,97.71000000000001
6700,16,3,2023-11-01 00:00:00,37.25999999999999
6701,13,3,2024-11-01 00:00:00,24.65
6702,14,3,2024-11-01 00:00:00,35.96
6703,15,3,2024-11-01 00:00:00,109.36999999999999
6704,16,3,2024-11-01 00:00:00,41.71000000000001
6705,13,3,2025-11-01 00:00:00,27.44
6706,14,3,2025-11-01 00:00:00,40.03
6707,15,3,2025-11-01 00:00:00,121.74000000000001
6708,16,3,2025-11-01 00:00:00,46.41999999999999
6709,13,3,2026-11-01 00:00:00,30.25
6710,14,3,2026-11-01 00:00:00,44.129999999999995
6711,15,3,2026-11-01 00:00:00,134.22
6712,16,3,2026-11-01 00:00:00,51.17999999999998
6713,13,3,2027-11-01 00:00:00,33.18
6714,14,3,2027-11-01 00:00:00,48.419999999999995
6715,15,3,2027-11-01 00:00:00,147.24
6716,16,3,2027-11-01 00:00:00,56.150000000000006
6717,13,3,2028-11-01 00:00:00,36.62
6718,14,3,2028-11-01 00:00:00,53.42000000000001
6719,15,3,2028-11-01 00:00:00,162.48000000000002
6720,16,3,2028-11-01 00:00:00,61.96000000000001
6721,13,3,2029-11-01 00:00:00,40.55
6722,14,3,2029-11-01 00:00:00,59.17
6723,15,3,2029-11-01 00:00:00,179.95000000000002
6724,16,3,2029-11-01 00:00:00,68.62
6725,13,3,2030-11-01 00:00:00,44.72
6726,14,3,2030-11-01 00:00:00,65.26
6727,15,3,2030-11-01 00:00:00,198.45999999999998
6728,16,3,2030-11-01 00:00:00,75.68
6729,13,3,2031-11-01 00:00:00,48.82
6730,14,3,2031-11-01 00:00:00,71.22999999999999
6731,15,3,2031-11-01 00:00:00,216.62
6732,16,3,2031-11-01 00:00:00,82.59999999999997
6733,13,3,2032-11-01 00:00:00,52.65
6734,14,3,2032-11-01 00:00:00,76.82999999999998
6735,15,3,2032-11-01 00:00:00,233.63000000000002
6736,16,3,2032-11-01 00:00:00,89.08999999999997
6737,13,3,2033-11-01 00:00:00,56.53
6738,14,3,2033-11-01 00:00:00,82.49000000000001
6739,15,3,2033-11-01 00:00:00,250.85999999999999
6740,16,3,2033-11-01 00:00:00,95.67000000000002
6741,13,3,2034-11-01 00:00:00,60.62
6742,14,3,2034-11-01 00:00:00,88.44999999999999
6743,15,3,2034-11-01 00:00:00,268.98
6744,16,3,2034-11-01 00:00:00,102.57999999999998
6745,13,3,2035-11-01 00:00:00,65.01
6746,14,3,2035-11-01 00:00:00,94.86
6747,15,3,2035-11-01 00:00:00,288.49
6748,16,3,2035-11-01 00:00:00,110
6749,13,3,2036-11-01 00:00:00,69.37
6750,14,3,2036-11-01 00:00:00,101.22999999999999
6751,15,3,2036-11-01 00:00:00,307.83000000000004
6752,16,3,2036-11-01 00:00:00,117.39000000000004
6753,13,3,2037-11-01 00:00:00,73.72
6754,14,3,2037-11-01 00:00:00,107.58000000000001
6755,15,3,2037-11-01 00:00:00,327.13
6756,16,3,2037-11-01 00:00:00,124.74999999999994
6757,13,3,2038-11-01 00:00:00,77.91
6758,14,3,2038-11-01 00:00:00,113.68
6759,15,3,2038-11-01 00:00:00,345.7099999999999
6760,16,3,2038-11-01 00:00:00,131.83000000000004
6761,13,3,2039-11-01 00:00:00,82
6762,14,3,2039-11-01 00:00:00,119.63999999999999
6763,15,3,2039-11-01 00:00:00,363.85
6764,16,3,2039-11-01 00:00:00,138.75
6765,13,3,2040-11-01 00:00:00,86.44
6766,14,3,2040-11-01 00:00:00,126.12
6767,15,3,2040-11-01 00:00:00,383.54
6768,16,3,2040-11-01 00:00:00,146.26
6769,13,3,2041-11-01 00:00:00,90.92
6770,14,3,2041-11-01 00:00:00,132.66000000000003
6771,15,3,2041-11-01 00:00:00,403.41999999999996
6772,16,3,2041-11-01 00:00:00,153.84000000000003
6773,13,3,2042-11-01 00:00:00,95.38
6774,14,3,2042-11-01 00:00:00,139.18
6775,15,3,2042-11-01 00:00:00,423.24999999999994
6776,16,3,2042-11-01 00:00:00,161.4000000000001
6777,13,3,2043-11-01 00:00:00,99.67
6778,14,3,2043-11-01 00:00:00,145.43
6779,15,3,2043-11-01 00:00:00,442.26
6780,16,3,2043-11-01 00:00:00,168.64999999999998
6781,13,3,2044-11-01 00:00:00,103.33
6782,14,3,2044-11-01 00:00:00,150.76999999999998
6783,15,3,2044-11-01 00:00:00,458.51
6784,16,3,2044-11-01 00:00:00,174.85000000000002
6785,13,3,2045-11-01 00:00:00,107.15
6786,14,3,2045-11-01 00:00:00,156.35
6787,15,3,2045-11-01 00:00:00,475.46000000000004
6788,16,3,2045-11-01 00:00:00,181.30999999999995
6789,13,3,2046-11-01 00:00:00,111.11
6790,14,3,2046-11-01 00:00:00,162.14
6791,15,3,2046-11-01 00:00:00,493.04999999999995
6792,16,3,2046-11-01 00:00:00,188.0200000000001
6793,13,3,2047-11-01 00:00:00,114.96
6794,14,3,2047-11-01 00:00:00,167.75
6795,15,3,2047-11-01 00:00:00,510.12000000000006
6796,16,3,2047-11-01 00:00:00,194.52999999999997
6797,13,3,2048-11-01 00:00:00,118.63
6798,14,3,2048-11-01 00:00:00,173.09000000000003
6799,15,3,2048-11-01 00:00:00,526.38
6800,16,3,2048-11-01 00:00:00,200.73000000000002
6801,13,3,2049-11-01 00:00:00,122.41
6802,14,3,2049-11-01 00:00:00,178.61999999999998
6803,15,3,2049-11-01 00:00:00,543.1800000000001
6804,16,3,2049-11-01 00:00:00,207.12999999999988
6805,13,3,2050-11-01 00:00:00,123.47
6806,14,3,2050-11-01 00:00:00,180.16
6807,15,3,2050-11-01 00:00:00,547.88
6808,16,3,2050-11-01 00:00:00,208.92000000000007
6809,13,3,2051-11-01 00:00:00,125.75
6810,14,3,2051-11-01 00:00:00,183.49
6811,15,3,2051-11-01 00:00:00,558.01
6812,16,3,2051-11-01 00:00:00,212.78999999999996
6813,13,3,2052-11-01 00:00:00,128.71
6814,14,3,2052-11-01 00:00:00,187.80999999999997
6815,15,3,2052-11-01 00:00:00,571.13
6816,16,3,2052-11-01 00:00:00,217.79000000000008
6817,13,3,2053-11-01 00:00:00,131.56
6818,14,3,2053-11-01 00:00:00,191.95
6819,15,3,2053-11-01 00:00:00,583.76
6820,16,3,2053-11-01 00:00:00,222.5999999999999
6821,13,3,2024-04-01 00:00:00,22.02
6822,14,3,2024-04-01 00:00:00,32.129999999999995
6823,15,3,2024-04-01 00:00:00,97.71000000000001
6824,16,3,2024-04-01 00:00:00,37.25999999999999
6825,13,3,2025-04-01 00:00:00,25.09
6826,14,3,2025-04-01 00:00:00,36.61
6827,15,3,2025-04-01 00:00:00,111.33999999999999
6828,16,3,2025-04-01 00:00:00,42.46000000000001
6829,13,3,2026-04-01 00:00:00,28.32
6830,14,3,2026-04-01 00:00:00,41.309999999999995
6831,15,3,2026-04-01 00:00:00,125.64000000000001
6832,16,3,2026-04-01 00:00:00,47.91999999999999
6833,13,3,2027-04-01 00:00:00,31.46
6834,14,3,2027-04-01 00:00:00,45.919999999999995
6835,15,3,2027-04-01 00:00:00,139.61
6836,16,3,2027-04-01 00:00:00,53.24000000000001
6837,13,3,2028-04-01 00:00:00,34.99
6838,14,3,2028-04-01 00:00:00,51.059999999999995
6839,15,3,2028-04-01 00:00:00,155.26999999999998
6840,16,3,2028-04-01 00:00:00,59.19999999999999
6841,13,3,2029-04-01 00:00:00,39.14
6842,14,3,2029-04-01 00:00:00,57.099999999999994
6843,15,3,2029-04-01 00:00:00,173.67000000000002
6844,16,3,2029-04-01 00:00:00,66.21999999999997
6845,13,3,2030-04-01 00:00:00,43.9
6846,14,3,2030-04-01 00:00:00,64.05000000000001
6847,15,3,2030-04-01 00:00:00,194.78000000000003
6848,16,3,2030-04-01 00:00:00,74.27999999999997
6849,13,3,2031-04-01 00:00:00,48.98
6850,14,3,2031-04-01 00:00:00,71.46000000000001
6851,15,3,2031-04-01 00:00:00,217.32999999999998
6852,16,3,2031-04-01 00:00:00,82.88
6853,13,3,2032-04-01 00:00:00,53.93
6854,14,3,2032-04-01 00:00:00,78.69999999999999
6855,15,3,2032-04-01 00:00:00,239.32
6856,16,3,2032-04-01 00:00:00,91.25999999999999
6857,13,3,2033-04-01 00:00:00,58.43
6858,14,3,2033-04-01 00:00:00,85.26999999999998
6859,15,3,2033-04-01 00:00:00,259.29
6860,16,3,2033-04-01 00:00:00,98.88
6861,13,3,2034-04-01 00:00:00,62.77
6862,14,3,2034-04-01 00:00:00,91.57999999999998
6863,15,3,2034-04-01 00:00:00,278.52
6864,16,3,2034-04-01 00:00:00,106.21000000000004
6865,13,3,2035-04-01 00:00:00,67.68
6866,14,3,2035-04-01 00:00:00,98.75999999999999
6867,15,3,2035-04-01 00:00:00,300.34
6868,16,3,2035-04-01 00:00:00,114.52999999999997
6869,13,3,2036-04-01 00:00:00,73.18
6870,14,3,2036-04-01 00:00:00,106.78
6871,15,3,2036-04-01 00:00:00,324.72
6872,16,3,2036-04-01 00:00:00,123.82999999999998
6873,13,3,2037-04-01 00:00:00,78.41
6874,14,3,2037-04-01 00:00:00,114.41
6875,15,3,2037-04-01 00:00:00,347.92
6876,16,3,2037-04-01 00:00:00,132.66999999999996
6877,13,3,2038-04-01 00:00:00,83.53
6878,14,3,2038-04-01 00:00:00,121.88999999999999
6879,15,3,2038-04-01 00:00:00,370.6600000000001
6880,16,3,2038-04-01 00:00:00,141.3499999999999
6881,13,3,2039-04-01 00:00:00,88.31
6882,14,3,2039-04-01 00:00:00,128.85
6883,15,3,2039-04-01 00:00:00,391.85
6884,16,3,2039-04-01 00:00:00,149.41999999999996
6885,13,3,2040-04-01 00:00:00,93.04
6886,14,3,2040-04-01 00:00:00,135.75
6887,15,3,2040-04-01 00:00:00,412.84000000000003
6888,16,3,2040-04-01 00:00:00,157.42999999999995
6889,13,3,2041-04-01 00:00:00,98.36
6890,14,3,2041-04-01 00:00:00,143.51999999999998
6891,15,3,2041-04-01 00:00:00,436.47
6892,16,3,2041-04-01 00:00:00,166.42999999999995
6893,13,3,2042-04-01 00:00:00,103.87
6894,14,3,2042-04-01 00:00:00,151.54999999999998
6895,15,3,2042-04-01 00:00:00,460.9000000000001
6896,16,3,2042-04-01 00:00:00,175.75
6897,13,3,2043-04-01 00:00:00,109.31
6898,14,3,2043-04-01 00:00:00,159.5
6899,15,3,2043-04-01 00:00:00,485.04
6900,16,3,2043-04-01 00:00:00,184.95999999999992
6901,13,3,2044-04-01 00:00:00,114.07
6902,14,3,2044-04-01 00:00:00,166.45
6903,15,3,2044-04-01 00:00:00,506.19000000000005
6904,16,3,2044-04-01 00:00:00,193.02999999999997
6905,13,3,2045-04-01 00:00:00,118.08
6906,14,3,2045-04-01 00:00:00,172.29000000000002
6907,15,3,2045-04-01 00:00:00,523.96
6908,16,3,2045-04-01 00:00:00,199.79999999999995
6909,13,3,2046-04-01 00:00:00,122.43
6910,14,3,2046-04-01 00:00:00,178.64
6911,15,3,2046-04-01 00:00:00,543.26
6912,16,3,2046-04-01 00:00:00,207.15999999999997
6913,13,3,2047-04-01 00:00:00,127.12
6914,14,3,2047-04-01 00:00:00,185.5
6915,15,3,2047-04-01 00:00:00,564.09
6916,16,3,2047-04-01 00:00:00,215.1099999999999
6917,13,3,2048-04-01 00:00:00,131.79
6918,14,3,2048-04-01 00:00:00,192.29999999999998
6919,15,3,2048-04-01 00:00:00,584.8
6920,16,3,2048-04-01 00:00:00,223.0000000000001
6921,13,3,2049-04-01 00:00:00,136.53
6922,14,3,2049-04-01 00:00:00,199.21
6923,15,3,2049-04-01 00:00:00,605.83
6924,16,3,2049-04-01 00:00:00,231.01999999999987
6925,13,3,2050-04-01 00:00:00,141
6926,14,3,2050-04-01 00:00:00,205.75
6927,15,3,2050-04-01 00:00:00,625.68
6928,16,3,2050-04-01 00:00:00,238.59000000000003
6929,13,3,2051-04-01 00:00:00,141.96
6930,14,3,2051-04-01 00:00:00,207.12999999999997
6931,15,3,2051-04-01 00:00:00,629.9000000000001
6932,16,3,2051-04-01 00:00:00,240.20000000000005
6933,13,3,2052-04-01 00:00:00,144.86
6934,14,3,2052-04-01 00:00:00,211.38
6935,15,3,2052-04-01 00:00:00,642.8
6936,16,3,2052-04-01 00:00:00,245.12000000000012
6937,13,3,2053-04-01 00:00:00,148.22
6938,14,3,2053-04-01 00:00:00,216.28
6939,15,3,2053-04-01 00:00:00,657.72
6940,16,3,2053-04-01 00:00:00,250.81999999999994
6941,13,3,2054-04-01 00:00:00,151.59
6942,14,3,2054-04-01 00:00:00,221.18999999999997
6943,15,3,2054-04-01 00:00:00,672.6600000000001
6944,16,3,2054-04-01 00:00:00,256.51
6945,17,3,2023-11-01 00:00:00,0
6946,18,3,2023-11-01 00:00:00,0
6947,19,3,2023-11-01 00:00:00,0
6948,20,3,2023-11-01 00:00:00,0
6949,17,3,2024-11-01 00:00:00,0
6950,18,3,2024-11-01 00:00:00,0
6951,19,3,2024-11-01 00:00:00,0
6952,20,3,2024-11-01 00:00:00,0
6953,17,3,2025-11-01 00:00:00,0
6954,18,3,2025-11-01 00:00:00,0
6955,19,3,2025-11-01 00:00:00,0
6956,20,3,2025-11-01 00:00:00,0
6957,17,3,2026-11-01 00:00:00,0
6958,18,3,2026-11-01 00:00:00,0
6959,19,3,2026-11-01 00:00:00,0
6960,20,3,2026-11-01 00:00:00,0
6961,17,3,2027-11-01 00:00:00,0
6962,18,3,2027-11-01 00:00:00,0
6963,19,3,2027-11-01 00:00:00,0
6964,20,3,2027-11-01 00:00:00,0
6965,17,3,2028-11-01 00:00:00,0
6966,18,3,2028-11-01 00:00:00,0
6967,19,3,2028-11-01 00:00:00,0
6968,20,3,2028-11-01 00:00:00,0
6969,17,3,2029-11-01 00:00:00,0
6970,18,3,2029-11-01 00:00:00,0
6971,19,3,2029-11-01 00:00:00,0
6972,20,3,2029-11-01 00:00:00,0
6973,17,3,2030-11-01 00:00:00,0
6974,18,3,2030-11-01 00:00:00,0
6975,19,3,2030-11-01 00:00:00,0
6976,20,3,2030-11-01 00:00:00,0
6977,17,3,2031-11-01 00:00:00,0
6978,18,3,2031-11-01 00:00:00,0
6979,19,3,2031-11-01 00:00:00,0
6980,20,3,2031-11-01 00:00:00,0
6981,17,3,2032-11-01 00:00:00,0
6982,18,3,2032-11-01 00:00:00,0
6983,19,3,2032-11-01 00:00:00,0
6984,20,3,2032-11-01 00:00:00,0
6985,17,3,2033-11-01 00:00:00,0
6986,18,3,2033-11-01 00:00:00,0
6987,19,3,2033-11-01 00:00:00,0
6988,20,3,2033-11-01 00:00:00,0
6989,17,3,2034-11-01 00:00:00,0
6990,18,3,2034-11-01 00:00:00,0
6991,19,3,2034-11-01 00:00:00,0
6992,20,3,2034-11-01 00:00:00,0
6993,17,3,2035-11-01 00:00:00,0
6994,18,3,2035-11-01 00:00:00,0
6995,19,3,2035-11-01 00:00:00,0
6996,20,3,2035-11-01 00:00:00,0
6997,17,3,2036-11-01 00:00:00,0
6998,18,3,2036-11-01 00:00:00,0
6999,19,3,2036-11-01 00:00:00,0
7000,20,3,2036-11-01 00:00:00,0
7001,17,3,2037-11-01 00:00:00,0
7002,18,3,2037-11-01 00:00:00,0
7003,19,3,2037-11-01 00:00:00,0
7004,20,3,2037-11-01 00:00:00,0
7005,17,3,2038-11-01 00:00:00,0
7006,18,3,2038-11-01 00:00:00,0
7007,19,3,2038-11-01 00:00:00,0
7008,20,3,2038-11-01 00:00:00,0
7009,17,3,2039-11-01 00:00:00,0
7010,18,3,2039-11-01 00:00:00,0
7011,19,3,2039-11-01 00:00:00,0
7012,20,3,2039-11-01 00:00:00,0
7013,17,3,2040-11-01 00:00:00,0
7014,18,3,2040-11-01 00:00:00,0
7015,19,3,2040-11-01 00:00:00,0
7016,20,3,2040-11-01 00:00:00,0
7017,17,3,2041-11-01 00:00:00,0
7018,18,3,2041-11-01 00:00:00,0
7019,19,3,2041-11-01 00:00:00,0
7020,20,3,2041-11-01 00:00:00,0
7021,17,3,2042-11-01 00:00:00,0
7022,18,3,2042-11-01 00:00:00,0
7023,19,3,2042-11-01 00:00:00,0
7024,20,3,2042-11-01 00:00:00,0
7025,17,3,2043-11-01 00:00:00,0
7026,18,3,2043-11-01 00:00:00,0
7027,19,3,2043-11-01 00:00:00,0
7028,20,3,2043-11-01 00:00:00,0
7029,17,3,2044-11-01 00:00:00,0
7030,18,3,2044-11-01 00:00:00,0
7031,19,3,2044-11-01 00:00:00,0
7032,20,3,2044-11-01 00:00:00,0
7033,17,3,2045-11-01 00:00:00,0
7034,18,3,2045-11-01 00:00:00,0
7035,19,3,2045-11-01 00:00:00,0
7036,20,3,2045-11-01 00:00:00,0
7037,17,3,2046-11-01 00:00:00,0
7038,18,3,2046-11-01 00:00:00,0
7039,19,3,2046-11-01 00:00:00,0
7040,20,3,2046-11-01 00:00:00,0
7041,17,3,2047-11-01 00:00:00,0
7042,18,3,2047-11-01 00:00:00,0
7043,19,3,2047-11-01 00:00:00,0
7044,20,3,2047-11-01 00:00:00,0
7045,17,3,2048-11-01 00:00:00,0
7046,18,3,2048-11-01 00:00:00,0
7047,19,3,2048-11-01 00:00:00,0
7048,20,3,2048-11-01 00:00:00,0
7049,17,3,2049-11-01 00:00:00,0
7050,18,3,2049-11-01 00:00:00,0
7051,19,3,2049-11-01 00:00:00,0
7052,20,3,2049-11-01 00:00:00,0
7053,17,3,2050-11-01 00:00:00,0
7054,18,3,2050-11-01 00:00:00,0
7055,19,3,2050-11-01 00:00:00,0
7056,20,3,2050-11-01 00:00:00,0
7057,17,3,2051-11-01 00:00:00,0
7058,18,3,2051-11-01 00:00:00,0
7059,19,3,2051-11-01 00:00:00,0
7060,20,3,2051-11-01 00:00:00,0
7061,17,3,2052-11-01 00:00:00,0
7062,18,3,2052-11-01 00:00:00,0
7063,19,3,2052-11-01 00:00:00,0
7064,20,3,2052-11-01 00:00:00,0
7065,17,3,2053-11-01 00:00:00,0
7066,18,3,2053-11-01 00:00:00,0
7067,19,3,2053-11-01 00:00:00,0
7068,20,3,2053-11-01 00:00:00,0
7069,17,3,2024-04-01 00:00:00,0
7070,18,3,2024-04-01 00:00:00,0
7071,19,3,2024-04-01 00:00:00,0
7072,20,3,2024-04-01 00:00:00,0
7073,17,3,2025-04-01 00:00:00,0
7074,18,3,2025-04-01 00:00:00,0
7075,19,3,2025-04-01 00:00:00,0
7076,20,3,2025-04-01 00:00:00,0
7077,17,3,2026-04-01 00:00:00,0
7078,18,3,2026-04-01 00:00:00,0
7079,19,3,2026-04-01 00:00:00,0
7080,20,3,2026-04-01 00:00:00,0
7081,17,3,2027-04-01 00:00:00,0
7082,18,3,2027-04-01 00:00:00,0
7083,19,3,2027-04-01 00:00:00,0
7084,20,3,2027-04-01 00:00:00,0
7085,17,3,2028-04-01 00:00:00,0
7086,18,3,2028-04-01 00:00:00,0
7087,19,3,2028-04-01 00:00:00,0
7088,20,3,2028-04-01 00:00:00,0
7089,17,3,2029-04-01 00:00:00,0
7090,18,3,2029-04-01 00:00:00,0
7091,19,3,2029-04-01 00:00:00,0
7092,20,3,2029-04-01 00:00:00,0
7093,17,3,2030-04-01 00:00:00,0
7094,18,3,2030-04-01 00:00:00,0
7095,19,3,2030-04-01 00:00:00,0
7096,20,3,2030-04-01 00:00:00,0
7097,17,3,2031-04-01 00:00:00,0
7098,18,3,2031-04-01 00:00:00,0
7099,19,3,2031-04-01 00:00:00,0
7100,20,3,2031-04-01 00:00:00,0
7101,17,3,2032-04-01 00:00:00,0
7102,18,3,2032-04-01 00:00:00,0
7103,19,3,2032-04-01 00:00:00,0
7104,20,3,2032-04-01 00:00:00,0
7105,17,3,2033-04-01 00:00:00,0
7106,18,3,2033-04-01 00:00:00,0
7107,19,3,2033-04-01 00:00:00,0
7108,20,3,2033-04-01 00:00:00,0
7109,17,3,2034-04-01 00:00:00,0
7110,18,3,2034-04-01 00:00:00,0
7111,19,3,2034-04-01 00:00:00,0
7112,20,3,2034-04-01 00:00:00,0
7113,17,3,2035-04-01 00:00:00,0
7114,18,3,2035-04-01 00:00:00,0
7115,19,3,2035-04-01 00:00:00,0
7116,20,3,2035-04-01 00:00:00,0
7117,17,3,2036-04-01 00:00:00,0
7118,18,3,2036-04-01 00:00:00,0
7119,19,3,2036-04-01 00:00:00,0
7120,20,3,2036-04-01 00:00:00,0
7121,17,3,2037-04-01 00:00:00,0
7122,18,3,2037-04-01 00:00:00,0
7123,19,3,2037-04-01 00:00:00,0
7124,20,3,2037-04-01 00:00:00,0
7125,17,3,2038-04-01 00:00:00,0
7126,18,3,2038-04-01 00:00:00,0
7127,19,3,2038-04-01 00:00:00,0
7128,20,3,2038-04-01 00:00:00,0
7129,17,3,2039-04-01 00:00:00,0
7130,18,3,2039-04-01 00:00:00,0
7131,19,3,2039-04-01 00:00:00,0
7132,20,3,2039-04-01 00:00:00,0
7133,17,3,2040-04-01 00:00:00,0
7134,18,3,2040-04-01 00:00:00,0
7135,19,3,2040-04-01 00:00:00,0
7136,20,3,2040-04-01 00:00:00,0
7137,17,3,2041-04-01 00:00:00,0
7138,18,3,2041-04-01 00:00:00,0
7139,19,3,2041-04-01 00:00:00,0
7140,20,3,2041-04-01 00:00:00,0
7141,17,3,2042-04-01 00:00:00,0
7142,18,3,2042-04-01 00:00:00,0
7143,19,3,2042-04-01 00:00:00,0
7144,20,3,2042-04-01 00:00:00,0
7145,17,3,2043-04-01 00:00:00,0
7146,18,3,2043-04-01 00:00:00,0
7147,19,3,2043-04-01 00:00:00,0
7148,20,3,2043-04-01 00:00:00,0
7149,17,3,2044-04-01 00:00:00,0
7150,18,3,2044-04-01 00:00:00,0
7151,19,3,2044-04-01 00:00:00,0
7152,20,3,2044-04-01 00:00:00,0
7153,17,3,2045-04-01 00:00:00,0
7154,18,3,2045-04-01 00:00:00,0
7155,19,3,2045-04-01 00:00:00,0
7156,20,3,2045-04-01 00:00:00,0
7157,17,3,2046-04-01 00:00:00,0
7158,18,3,2046-04-01 00:00:00,0
7159,19,3,2046-04-01 00:00:00,0
7160,20,3,2046-04-01 00:00:00,0
7161,17,3,2047-04-01 00:00:00,0
7162,18,3,2047-04-01 00:00:00,0
7163,19,3,2047-04-01 00:00:00,0
7164,20,3,2047-04-01 00:00:00,0
7165,17,3,2048-04-01 00:00:00,0
7166,18,3,2048-04-01 00:00:00,0
7167,19,3,2048-04-01 00:00:00,0
7168,20,3,2048-04-01 00:00:00,0
7169,17,3,2049-04-01 00:00:00,0
7170,18,3,2049-04-01 00:00:00,0
7171,19,3,2049-04-01 00:00:00,0
7172,20,3,2049-04-01 00:00:00,0
7173,17,3,2050-04-01 00:00:00,0
7174,18,3,2050-04-01 00:00:00,0
7175,19,3,2050-04-01 00:00:00,0
7176,20,3,2050-04-01 00:00:00,0
7177,17,3,2051-04-01 00:00:00,0
7178,18,3,2051-04-01 00:00:00,0
7179,19,3,2051-04-01 00:00:00,0
7180,20,3,2051-04-01 00:00:00,0
7181,17,3,2052-04-01 00:00:00,0
7182,18,3,2052-04-01 00:00:00,0
7183,19,3,2052-04-01 00:00:00,0
7184,20,3,2052-04-01 00:00:00,0
7185,17,3,2053-04-01 00:00:00,0
7186,18,3,2053-04-01 00:00:00,0
7187,19,3,2053-04-01 00:00:00,0
7188,20,3,2053-04-01 00:00:00,0
7189,17,3,2054-04-01 00:00:00,0
7190,18,3,2054-04-01 00:00:00,0
7191,19,3,2054-04-01 00:00:00,0
7192,20,3,2054-04-01 00:00:00,0
7193,21,3,2023-11-01 00:00:00,0
7194,22,3,2023-11-01 00:00:00,0
7195,23,3,2023-11-01 00:00:00,0
7196,24,3,2023-11-01 00:00:00,0
7197,21,3,2024-11-01 00:00:00,0
7198,22,3,2024-11-01 00:00:00,0
7199,23,3,2024-11-01 00:00:00,0
7200,24,3,2024-11-01 00:00:00,0
7201,21,3,2025-11-01 00:00:00,0
7202,22,3,2025-11-01 00:00:00,0
7203,23,3,2025-11-01 00:00:00,0
7204,24,3,2025-11-01 00:00:00,0
7205,21,3,2026-11-01 00:00:00,0
7206,22,3,2026-11-01 00:00:00,0
7207,23,3,2026-11-01 00:00:00,0
7208,24,3,2026-11-01 00:00:00,0
7209,21,3,2027-11-01 00:00:00,0
7210,22,3,2027-11-01 00:00:00,0
7211,23,3,2027-11-01 00:00:00,0
7212,24,3,2027-11-01 00:00:00,0
7213,21,3,2028-11-01 00:00:00,0
7214,22,3,2028-11-01 00:00:00,0
7215,23,3,2028-11-01 00:00:00,0
7216,24,3,2028-11-01 00:00:00,0
7217,21,3,2029-11-01 00:00:00,0
7218,22,3,2029-11-01 00:00:00,0
7219,23,3,2029-11-01 00:00:00,0
7220,24,3,2029-11-01 00:00:00,0
7221,21,3,2030-11-01 00:00:00,0
7222,22,3,2030-11-01 00:00:00,0
7223,23,3,2030-11-01 00:00:00,0
7224,24,3,2030-11-01 00:00:00,0
7225,21,3,2031-11-01 00:00:00,0
7226,22,3,2031-11-01 00:00:00,0
7227,23,3,2031-11-01 00:00:00,0
7228,24,3,2031-11-01 00:00:00,0
7229,21,3,2032-11-01 00:00:00,0
7230,22,3,2032-11-01 00:00:00,0
7231,23,3,2032-11-01 00:00:00,0
7232,24,3,2032-11-01 00:00:00,0
7233,21,3,2033-11-01 00:00:00,0
7234,22,3,2033-11-01 00:00:00,0
7235,23,3,2033-11-01 00:00:00,0
7236,24,3,2033-11-01 00:00:00,0
7237,21,3,2034-11-01 00:00:00,0
7238,22,3,2034-11-01 00:00:00,0
7239,23,3,2034-11-01 00:00:00,0
7240,24,3,2034-11-01 00:00:00,0
7241,21,3,2035-11-01 00:00:00,0
7242,22,3,2035-11-01 00:00:00,0
7243,23,3,2035-11-01 00:00:00,0
7244,24,3,2035-11-01 00:00:00,0
7245,21,3,2036-11-01 00:00:00,0
7246,22,3,2036-11-01 00:00:00,0
7247,23,3,2036-11-01 00:00:00,0
7248,24,3,2036-11-01 00:00:00,0
7249,21,3,2037-11-01 00:00:00,0
7250,22,3,2037-11-01 00:00:00,0
7251,23,3,2037-11-01 00:00:00,0
7252,24,3,2037-11-01 00:00:00,0
7253,21,3,2038-11-01 00:00:00,0
7254,22,3,2038-11-01 00:00:00,0
7255,23,3,2038-11-01 00:00:00,0
7256,24,3,2038-11-01 00:00:00,0
7257,21,3,2039-11-01 00:00:00,0
7258,22,3,2039-11-01 00:00:00,0
7259,23,3,2039-11-01 00:00:00,0
7260,24,3,2039-11-01 00:00:00,0
7261,21,3,2040-11-01 00:00:00,0
7262,22,3,2040-11-01 00:00:00,0
7263,23,3,2040-11-01 00:00:00,0
7264,24,3,2040-11-01 00:00:00,0
7265,21,3,2041-11-01 00:00:00,0
7266,22,3,2041-11-01 00:00:00,0
7267,23,3,2041-11-01 00:00:00,0
7268,24,3,2041-11-01 00:00:00,0
7269,21,3,2042-11-01 00:00:00,0
7270,22,3,2042-11-01 00:00:00,0
7271,23,3,2042-11-01 00:00:00,0
7272,24,3,2042-11-01 00:00:00,0
7273,21,3,2043-11-01 00:00:00,0
7274,22,3,2043-11-01 00:00:00,0
7275,23,3,2043-11-01 00:00:00,0
7276,24,3,2043-11-01 00:00:00,0
7277,21,3,2044-11-01 00:00:00,0
7278,22,3,2044-11-01 00:00:00,0
7279,23,3,2044-11-01 00:00:00,0
7280,24,3,2044-11-01 00:00:00,0
7281,21,3,2045-11-01 00:00:00,0
7282,22,3,2045-11-01 00:00:00,0
7283,23,3,2045-11-01 00:00:00,0
7284,24,3,2045-11-01 00:00:00,0
7285,21,3,2046-11-01 00:00:00,0
7286,22,3,2046-11-01 00:00:00,0
7287,23,3,2046-11-01 00:00:00,0
7288,24,3,2046-11-01 00:00:00,0
7289,21,3,2047-11-01 00:00:00,0
7290,22,3,2047-11-01 00:00:00,0
7291,23,3,2047-11-01 00:00:00,0
7292,24,3,2047-11-01 00:00:00,0
7293,21,3,2048-11-01 00:00:00,0
7294,22,3,2048-11-01 00:00:00,0
7295,23,3,2048-11-01 00:00:00,0
7296,24,3,2048-11-01 00:00:00,0
7297,21,3,2049-11-01 00:00:00,0
7298,22,3,2049-11-01 00:00:00,0
7299,23,3,2049-11-01 00:00:00,0
7300,24,3,2049-11-01 00:00:00,0
7301,21,3,2050-11-01 00:00:00,0
7302,22,3,2050-11-01 00:00:00,0
7303,23,3,2050-11-01 00:00:00,0
7304,24,3,2050-11-01 00:00:00,0
7305,21,3,2051-11-01 00:00:00,0
7306,22,3,2051-11-01 00:00:00,0
7307,23,3,2051-11-01 00:00:00,0
7308,24,3,2051-11-01 00:00:00,0
7309,21,3,2052-11-01 00:00:00,0
7310,22,3,2052-11-01 00:00:00,0
7311,23,3,2052-11-01 00:00:00,0
7312,24,3,2052-11-01 00:00:00,0
7313,21,3,2053-11-01 00:00:00,0
7314,22,3,2053-11-01 00:00:00,0
7315,23,3,2053-11-01 00:00:00,0
7316,24,3,2053-11-01 00:00:00,0
7317,21,3,2024-04-01 00:00:00,0
7318,22,3,2024-04-01 00:00:00,0
7319,23,3,2024-04-01 00:00:00,0
7320,24,3,2024-04-01 00:00:00,0
7321,21,3,2025-04-01 00:00:00,0
7322,22,3,2025-04-01 00:00:00,0
7323,23,3,2025-04-01 00:00:00,0
7324,24,3,2025-04-01 00:00:00,0
7325,21,3,2026-04-01 00:00:00,0
7326,22,3,2026-04-01 00:00:00,0
7327,23,3,2026-04-01 00:00:00,0
7328,24,3,2026-04-01 00:00:00,0
7329,21,3,2027-04-01 00:00:00,0
7330,22,3,2027-04-01 00:00:00,0
7331,23,3,2027-04-01 00:00:00,0
7332,24,3,2027-04-01 00:00:00,0
7333,21,3,2028-04-01 00:00:00,0
7334,22,3,2028-04-01 00:00:00,0
7335,23,3,2028-04-01 00:00:00,0
7336,24,3,2028-04-01 00:00:00,0
7337,21,3,2029-04-01 00:00:00,0
7338,22,3,2029-04-01 00:00:00,0
7339,23,3,2029-04-01 00:00:00,0
7340,24,3,2029-04-01 00:00:00,0
7341,21,3,2030-04-01 00:00:00,0
7342,22,3,2030-04-01 00:00:00,0
7343,23,3,2030-04-01 00:00:00,0
7344,24,3,2030-04-01 00:00:00,0
7345,21,3,2031-04-01 00:00:00,0
7346,22,3,2031-04-01 00:00:00,0
7347,23,3,2031-04-01 00:00:00,0
7348,24,3,2031-04-01 00:00:00,0
7349,21,3,2032-04-01 00:00:00,0
7350,22,3,2032-04-01 00:00:00,0
7351,23,3,2032-04-01 00:00:00,0
7352,24,3,2032-04-01 00:00:00,0
7353,21,3,2033-04-01 00:00:00,0
7354,22,3,2033-04-01 00:00:00,0
7355,23,3,2033-04-01 00:00:00,0
7356,24,3,2033-04-01 00:00:00,0
7357,21,3,2034-04-01 00:00:00,0
7358,22,3,2034-04-01 00:00:00,0
7359,23,3,2034-04-01 00:00:00,0
7360,24,3,2034-04-01 00:00:00,0
7361,21,3,2035-04-01 00:00:00,0
7362,22,3,2035-04-01 00:00:00,0
7363,23,3,2035-04-01 00:00:00,0
7364,24,3,2035-04-01 00:00:00,0
7365,21,3,2036-04-01 00:00:00,0
7366,22,3,2036-04-01 00:00:00,0
7367,23,3,2036-04-01 00:00:00,0
7368,24,3,2036-04-01 00:00:00,0
7369,21,3,2037-04-01 00:00:00,0
7370,22,3,2037-04-01 00:00:00,0
7371,23,3,2037-04-01 00:00:00,0
7372,24,3,2037-04-01 00:00:00,0
7373,21,3,2038-04-01 00:00:00,0
7374,22,3,2038-04-01 00:00:00,0
7375,23,3,2038-04-01 00:00:00,0
7376,24,3,2038-04-01 00:00:00,0
7377,21,3,2039-04-01 00:00:00,0
7378,22,3,2039-04-01 00:00:00,0
7379,23,3,2039-04-01 00:00:00,0
7380,24,3,2039-04-01 00:00:00,0
7381,21,3,2040-04-01 00:00:00,0
7382,22,3,2040-04-01 00:00:00,0
7383,23,3,2040-04-01 00:00:00,0
7384,24,3,2040-04-01 00:00:00,0
7385,21,3,2041-04-01 00:00:00,0
7386,22,3,2041-04-01 00:00:00,0
7387,23,3,2041-04-01 00:00:00,0
7388,24,3,2041-04-01 00:00:00,0
7389,21,3,2042-04-01 00:00:00,0
7390,22,3,2042-04-01 00:00:00,0
7391,23,3,2042-04-01 00:00:00,0
7392,24,3,2042-04-01 00:00:00,0
7393,21,3,2043-04-01 00:00:00,0
7394,22,3,2043-04-01 00:00:00,0
7395,23,3,2043-04-01 00:00:00,0
7396,24,3,2043-04-01 00:00:00,0
7397,21,3,2044-04-01 00:00:00,0
7398,22,3,2044-04-01 00:00:00,0
7399,23,3,2044-04-01 00:00:00,0
7400,24,3,2044-04-01 00:00:00,0
7401,21,3,2045-04-01 00:00:00,0
7402,22,3,2045-04-01 00:00:00,0
7403,23,3,2045-04-01 00:00:00,0
7404,24,3,2045-04-01 00:00:00,0
7405,21,3,2046-04-01 00:00:00,0
7406,22,3,2046-04-01 00:00:00,0
7407,23,3,2046-04-01 00:00:00,0
7408,24,3,2046-04-01 00:00:00,0
7409,21,3,2047-04-01 00:00:00,0
7410,22,3,2047-04-01 00:00:00,0
7411,23,3,2047-04-01 00:00:00,0
7412,24,3,2047-04-01 00:00:00,0
7413,21,3,2048-04-01 00:00:00,0
7414,22,3,2048-04-01 00:00:00,0
7415,23,3,2048-04-01 00:00:00,0
7416,24,3,2048-04-01 00:00:00,0
7417,21,3,2049-04-01 00:00:00,0
7418,22,3,2049-04-01 00:00:00,0
7419,23,3,2049-04-01 00:00:00,0
7420,24,3,2049-04-01 00:00:00,0
7421,21,3,2050-04-01 00:00:00,0
7422,22,3,2050-04-01 00:00:00,0
7423,23,3,2050-04-01 00:00:00,0
7424,24,3,2050-04-01 00:00:00,0
7425,21,3,2051-04-01 00:00:00,0
7426,22,3,2051-04-01 00:00:00,0
7427,23,3,2051-04-01 00:00:00,0
7428,24,3,2051-04-01 00:00:00,0
7429,21,3,2052-04-01 00:00:00,0
7430,22,3,2052-04-01 00:00:00,0
7431,23,3,2052-04-01 00:00:00,0
7432,24,3,2052-04-01 00:00:00,0
7433,21,3,2053-04-01 00:00:00,0
7434,22,3,2053-04-01 00:00:00,0
7435,23,3,2053-04-01 00:00:00,0
7436,24,3,2053-04-01 00:00:00,0
7437,21,3,2054-04-01 00:00:00,0
7438,22,3,2054-04-01 00:00:00,0
7439,23,3,2054-04-01 00:00:00,0
7440,24,3,2054-04-01 00:00:00,0
7441,25,3,2023-11-01 00:00:00,0
7442,26,3,2023-11-01 00:00:00,0
7443,27,3,2023-11-01 00:00:00,93.74
7444,28,3,2023-11-01 00:00:00,1
7445,25,3,2024-11-01 00:00:00,0
7446,26,3,2024-11-01 00:00:00,0
7447,27,3,2024-11-01 00:00:00,105.33
7448,28,3,2024-11-01 00:00:00,1.1299999999999955
7449,25,3,2025-11-01 00:00:00,0
7450,26,3,2025-11-01 00:00:00,0
7451,27,3,2025-11-01 00:00:00,117.55
7452,28,3,2025-11-01 00:00:00,1.25
7453,25,3,2026-11-01 00:00:00,0
7454,26,3,2026-11-01 00:00:00,0
7455,27,3,2026-11-01 00:00:00,130.37
7456,28,3,2026-11-01 00:00:00,1.3899999999999864
7457,25,3,2027-11-01 00:00:00,0
7458,26,3,2027-11-01 00:00:00,0
7459,27,3,2027-11-01 00:00:00,142.99
7460,28,3,2027-11-01 00:00:00,1.5199999999999818
7461,25,3,2028-11-01 00:00:00,0
7462,26,3,2028-11-01 00:00:00,0
7463,27,3,2028-11-01 00:00:00,193.32
7464,28,3,2028-11-01 00:00:00,2.0600000000000023
7465,25,3,2029-11-01 00:00:00,0
7466,26,3,2029-11-01 00:00:00,0
7467,27,3,2029-11-01 00:00:00,240.22
7468,28,3,2029-11-01 00:00:00,2.5600000000000023
7469,25,3,2030-11-01 00:00:00,0
7470,26,3,2030-11-01 00:00:00,0
7471,27,3,2030-11-01 00:00:00,278.9
7472,28,3,2030-11-01 00:00:00,2.980000000000018
7473,25,3,2031-11-01 00:00:00,0
7474,26,3,2031-11-01 00:00:00,0
7475,27,3,2031-11-01 00:00:00,317.6
7476,28,3,2031-11-01 00:00:00,3.3899999999999864
7477,25,3,2032-11-01 00:00:00,0
7478,26,3,2032-11-01 00:00:00,0
7479,27,3,2032-11-01 00:00:00,356.3
7480,28,3,2032-11-01 00:00:00,3.8000000000000114
7481,25,3,2033-11-01 00:00:00,0
7482,26,3,2033-11-01 00:00:00,0
7483,27,3,2033-11-01 00:00:00,363.21
7484,28,3,2033-11-01 00:00:00,3.8700000000000045
7485,25,3,2034-11-01 00:00:00,0
7486,26,3,2034-11-01 00:00:00,0
7487,27,3,2034-11-01 00:00:00,369.54
7488,28,3,2034-11-01 00:00:00,3.9399999999999977
7489,25,3,2035-11-01 00:00:00,0
7490,26,3,2035-11-01 00:00:00,0
7491,27,3,2035-11-01 00:00:00,374.3
7492,28,3,2035-11-01 00:00:00,4
7493,25,3,2036-11-01 00:00:00,0
7494,26,3,2036-11-01 00:00:00,0
7495,27,3,2036-11-01 00:00:00,380.21
7496,28,3,2036-11-01 00:00:00,4.060000000000002
7497,25,3,2037-11-01 00:00:00,0
7498,26,3,2037-11-01 00:00:00,0
7499,27,3,2037-11-01 00:00:00,386.1
7500,28,3,2037-11-01 00:00:00,4.1200000000000045
7501,25,3,2038-11-01 00:00:00,0
7502,26,3,2038-11-01 00:00:00,0
7503,27,3,2038-11-01 00:00:00,389.85
7504,28,3,2038-11-01 00:00:00,4.159999999999968
7505,25,3,2039-11-01 00:00:00,0
7506,26,3,2039-11-01 00:00:00,0
7507,27,3,2039-11-01 00:00:00,393.18
7508,28,3,2039-11-01 00:00:00,4.189999999999998
7509,25,3,2040-11-01 00:00:00,0
7510,26,3,2040-11-01 00:00:00,0
7511,27,3,2040-11-01 00:00:00,397.6
7512,28,3,2040-11-01 00:00:00,4.239999999999952
7513,25,3,2041-11-01 00:00:00,0
7514,26,3,2041-11-01 00:00:00,0
7515,27,3,2041-11-01 00:00:00,399.67
7516,28,3,2041-11-01 00:00:00,4.269999999999982
7517,25,3,2042-11-01 00:00:00,0
7518,26,3,2042-11-01 00:00:00,0
7519,27,3,2042-11-01 00:00:00,402.24
7520,28,3,2042-11-01 00:00:00,4.289999999999964
7521,25,3,2043-11-01 00:00:00,0
7522,26,3,2043-11-01 00:00:00,0
7523,27,3,2043-11-01 00:00:00,405.35
7524,28,3,2043-11-01 00:00:00,4.319999999999993
7525,25,3,2044-11-01 00:00:00,0
7526,26,3,2044-11-01 00:00:00,0
7527,27,3,2044-11-01 00:00:00,404.66
7528,28,3,2044-11-01 00:00:00,4.310000000000002
7529,25,3,2045-11-01 00:00:00,0
7530,26,3,2045-11-01 00:00:00,0
7531,27,3,2045-11-01 00:00:00,415.82
7532,28,3,2045-11-01 00:00:00,4.430000000000007
7533,25,3,2046-11-01 00:00:00,0
7534,26,3,2046-11-01 00:00:00,0
7535,27,3,2046-11-01 00:00:00,426.96
7536,28,3,2046-11-01 00:00:00,4.550000000000011
7537,25,3,2047-11-01 00:00:00,0
7538,26,3,2047-11-01 00:00:00,0
7539,27,3,2047-11-01 00:00:00,436.15
7540,28,3,2047-11-01 00:00:00,4.660000000000025
7541,25,3,2048-11-01 00:00:00,0
7542,26,3,2048-11-01 00:00:00,0
7543,27,3,2048-11-01 00:00:00,446.87
7544,28,3,2048-11-01 00:00:00,4.759999999999991
7545,25,3,2049-11-01 00:00:00,0
7546,26,3,2049-11-01 00:00:00,0
7547,27,3,2049-11-01 00:00:00,457.18
7548,28,3,2049-11-01 00:00:00,4.8799999999999955
7549,25,3,2050-11-01 00:00:00,0
7550,26,3,2050-11-01 00:00:00,0
7551,27,3,2050-11-01 00:00:00,459.5
7552,28,3,2050-11-01 00:00:00,4.899999999999977
7553,25,3,2051-11-01 00:00:00,0
7554,26,3,2051-11-01 00:00:00,0
7555,27,3,2051-11-01 00:00:00,467
7556,28,3,2051-11-01 00:00:00,4.990000000000009
7557,25,3,2052-11-01 00:00:00,0
7558,26,3,2052-11-01 00:00:00,0
7559,27,3,2052-11-01 00:00:00,475.64
7560,28,3,2052-11-01 00:00:00,5.080000000000041
7561,25,3,2053-11-01 00:00:00,0
7562,26,3,2053-11-01 00:00:00,0
7563,27,3,2053-11-01 00:00:00,485.41
7564,28,3,2053-11-01 00:00:00,5.17999999999995
7565,25,3,2024-04-01 00:00:00,0
7566,26,3,2024-04-01 00:00:00,0
7567,27,3,2024-04-01 00:00:00,93.74
7568,28,3,2024-04-01 00:00:00,1
7569,25,3,2025-04-01 00:00:00,0
7570,26,3,2025-04-01 00:00:00,0
7571,27,3,2025-04-01 00:00:00,104.7
7572,28,3,2025-04-01 00:00:00,1.1199999999999903
7573,25,3,2026-04-01 00:00:00,0
7574,26,3,2026-04-01 00:00:00,0
7575,27,3,2026-04-01 00:00:00,116.51
7576,28,3,2026-04-01 00:00:00,1.2399999999999949
7577,25,3,2027-04-01 00:00:00,0
7578,26,3,2027-04-01 00:00:00,0
7579,27,3,2027-04-01 00:00:00,128.06
7580,28,3,2027-04-01 00:00:00,1.3700000000000045
7581,25,3,2028-04-01 00:00:00,0
7582,26,3,2028-04-01 00:00:00,0
7583,27,3,2028-04-01 00:00:00,140.2
7584,28,3,2028-04-01 00:00:00,1.490000000000009
7585,25,3,2029-04-01 00:00:00,0
7586,26,3,2029-04-01 00:00:00,0
7587,27,3,2029-04-01 00:00:00,153.27
7588,28,3,2029-04-01 00:00:00,1.6299999999999955
7589,25,3,2030-04-01 00:00:00,0
7590,26,3,2030-04-01 00:00:00,0
7591,27,3,2030-04-01 00:00:00,167.39
7592,28,3,2030-04-01 00:00:00,1.7900000000000205
7593,25,3,2031-04-01 00:00:00,0
7594,26,3,2031-04-01 00:00:00,0
7595,27,3,2031-04-01 00:00:00,182.18
7596,28,3,2031-04-01 00:00:00,1.9399999999999977
7597,25,3,2032-04-01 00:00:00,0
7598,26,3,2032-04-01 00:00:00,0
7599,27,3,2032-04-01 00:00:00,196.4
7600,28,3,2032-04-01 00:00:00,2.0900000000000034
7601,25,3,2033-04-01 00:00:00,0
7602,26,3,2033-04-01 00:00:00,0
7603,27,3,2033-04-01 00:00:00,210.79
7604,28,3,2033-04-01 00:00:00,2.25
7605,25,3,2034-04-01 00:00:00,0
7606,26,3,2034-04-01 00:00:00,0
7607,27,3,2034-04-01 00:00:00,224.47
7608,28,3,2034-04-01 00:00:00,2.390000000000015
7609,25,3,2035-04-01 00:00:00,0
7610,26,3,2035-04-01 00:00:00,0
7611,27,3,2035-04-01 00:00:00,238.83
7612,28,3,2035-04-01 00:00:00,2.549999999999983
7613,25,3,2036-04-01 00:00:00,0
7614,26,3,2036-04-01 00:00:00,0
7615,27,3,2036-04-01 00:00:00,253.84
7616,28,3,2036-04-01 00:00:00,2.710000000000008
7617,25,3,2037-04-01 00:00:00,0
7618,26,3,2037-04-01 00:00:00,0
7619,27,3,2037-04-01 00:00:00,268.4
7620,28,3,2037-04-01 00:00:00,2.8600000000000136
7621,25,3,2038-04-01 00:00:00,0
7622,26,3,2038-04-01 00:00:00,0
7623,27,3,2038-04-01 00:00:00,282.9
7624,28,3,2038-04-01 00:00:00,3.0200000000000387
7625,25,3,2039-04-01 00:00:00,0
7626,26,3,2039-04-01 00:00:00,0
7627,27,3,2039-04-01 00:00:00,296.01
7628,28,3,2039-04-01 00:00:00,3.160000000000025
7629,25,3,2040-04-01 00:00:00,0
7630,26,3,2040-04-01 00:00:00,0
7631,27,3,2040-04-01 00:00:00,310.07
7632,28,3,2040-04-01 00:00:00,3.3100000000000023
7633,25,3,2041-04-01 00:00:00,0
7634,26,3,2041-04-01 00:00:00,0
7635,27,3,2041-04-01 00:00:00,324.93
7636,28,3,2041-04-01 00:00:00,3.4599999999999795
7637,25,3,2042-04-01 00:00:00,0
7638,26,3,2042-04-01 00:00:00,0
7639,27,3,2042-04-01 00:00:00,339.81
7640,28,3,2042-04-01 00:00:00,3.6200000000000045
7641,25,3,2043-04-01 00:00:00,0
7642,26,3,2043-04-01 00:00:00,0
7643,27,3,2043-04-01 00:00:00,353.43
7644,28,3,2043-04-01 00:00:00,3.769999999999982
7645,25,3,2044-04-01 00:00:00,0
7646,26,3,2044-04-01 00:00:00,0
7647,27,3,2044-04-01 00:00:00,365.3
7648,28,3,2044-04-01 00:00:00,3.8999999999999773
7649,25,3,2045-04-01 00:00:00,0
7650,26,3,2045-04-01 00:00:00,0
7651,27,3,2045-04-01 00:00:00,376.19
7652,28,3,2045-04-01 00:00:00,4.009999999999991
7653,25,3,2046-04-01 00:00:00,0
7654,26,3,2046-04-01 00:00:00,0
7655,27,3,2046-04-01 00:00:00,386.49
7656,28,3,2046-04-01 00:00:00,4.1200000000000045
7657,25,3,2047-04-01 00:00:00,0
7658,26,3,2047-04-01 00:00:00,0
7659,27,3,2047-04-01 00:00:00,396.55
7660,28,3,2047-04-01 00:00:00,4.229999999999961
7661,25,3,2048-04-01 00:00:00,0
7662,26,3,2048-04-01 00:00:00,0
7663,27,3,2048-04-01 00:00:00,405.91
7664,28,3,2048-04-01 00:00:00,4.329999999999984
7665,25,3,2049-04-01 00:00:00,0
7666,26,3,2049-04-01 00:00:00,0
7667,27,3,2049-04-01 00:00:00,413.32
7668,28,3,2049-04-01 00:00:00,4.410000000000025
7669,25,3,2050-04-01 00:00:00,0
7670,26,3,2050-04-01 00:00:00,0
7671,27,3,2050-04-01 00:00:00,422.26
7672,28,3,2050-04-01 00:00:00,4.509999999999991
7673,25,3,2051-04-01 00:00:00,0
7674,26,3,2051-04-01 00:00:00,0
7675,27,3,2051-04-01 00:00:00,424.36
7676,28,3,2051-04-01 00:00:00,4.529999999999973
7677,25,3,2052-04-01 00:00:00,0
7678,26,3,2052-04-01 00:00:00,0
7679,27,3,2052-04-01 00:00:00,429.7
7680,28,3,2052-04-01 00:00:00,4.579999999999984
7681,25,3,2053-04-01 00:00:00,0
7682,26,3,2053-04-01 00:00:00,0
7683,27,3,2053-04-01 00:00:00,437.44
7684,28,3,2053-04-01 00:00:00,4.670000000000016
7685,25,3,2054-04-01 00:00:00,0
7686,26,3,2054-04-01 00:00:00,0
7687,27,3,2054-04-01 00:00:00,445.27
7688,28,3,2054-04-01 00:00:00,4.75
7689,29,3,2023-11-01 00:00:00,0
7690,30,3,2023-11-01 00:00:00,0
7691,31,3,2023-11-01 00:00:00,0
7692,32,3,2023-11-01 00:00:00,0
7693,29,3,2024-11-01 00:00:00,0
7694,30,3,2024-11-01 00:00:00,0
7695,31,3,2024-11-01 00:00:00,0
7696,32,3,2024-11-01 00:00:00,0
7697,29,3,2025-11-01 00:00:00,0
7698,30,3,2025-11-01 00:00:00,0
7699,31,3,2025-11-01 00:00:00,0
7700,32,3,2025-11-01 00:00:00,0
7701,29,3,2026-11-01 00:00:00,0
7702,30,3,2026-11-01 00:00:00,0
7703,31,3,2026-11-01 00:00:00,0
7704,32,3,2026-11-01 00:00:00,0
7705,29,3,2027-11-01 00:00:00,0
7706,30,3,2027-11-01 00:00:00,0
7707,31,3,2027-11-01 00:00:00,0
7708,32,3,2027-11-01 00:00:00,0
7709,29,3,2028-11-01 00:00:00,0
7710,30,3,2028-11-01 00:00:00,0
7711,31,3,2028-11-01 00:00:00,0
7712,32,3,2028-11-01 00:00:00,0
7713,29,3,2029-11-01 00:00:00,0
7714,30,3,2029-11-01 00:00:00,0
7715,31,3,2029-11-01 00:00:00,0
7716,32,3,2029-11-01 00:00:00,0
7717,29,3,2030-11-01 00:00:00,0
7718,30,3,2030-11-01 00:00:00,0
7719,31,3,2030-11-01 00:00:00,0
7720,32,3,2030-11-01 00:00:00,0
7721,29,3,2031-11-01 00:00:00,0
7722,30,3,2031-11-01 00:00:00,0
7723,31,3,2031-11-01 00:00:00,0
7724,32,3,2031-11-01 00:00:00,0
7725,29,3,2032-11-01 00:00:00,0
7726,30,3,2032-11-01 00:00:00,0
7727,31,3,2032-11-01 00:00:00,0
7728,32,3,2032-11-01 00:00:00,0
7729,29,3,2033-11-01 00:00:00,0
7730,30,3,2033-11-01 00:00:00,0
7731,31,3,2033-11-01 00:00:00,0
7732,32,3,2033-11-01 00:00:00,0
7733,29,3,2034-11-01 00:00:00,0
7734,30,3,2034-11-01 00:00:00,0
7735,31,3,2034-11-01 00:00:00,0
7736,32,3,2034-11-01 00:00:00,0
7737,29,3,2035-11-01 00:00:00,0
7738,30,3,2035-11-01 00:00:00,0
7739,31,3,2035-11-01 00:00:00,0
7740,32,3,2035-11-01 00:00:00,0
7741,29,3,2036-11-01 00:00:00,0
7742,30,3,2036-11-01 00:00:00,0
7743,31,3,2036-11-01 00:00:00,0
7744,32,3,2036-11-01 00:00:00,0
7745,29,3,2037-11-01 00:00:00,0
7746,30,3,2037-11-01 00:00:00,0
7747,31,3,2037-11-01 00:00:00,0
7748,32,3,2037-11-01 00:00:00,0
7749,29,3,2038-11-01 00:00:00,0
7750,30,3,2038-11-01 00:00:00,0
7751,31,3,2038-11-01 00:00:00,0
7752,32,3,2038-11-01 00:00:00,0
7753,29,3,2039-11-01 00:00:00,0
7754,30,3,2039-11-01 00:00:00,0
7755,31,3,2039-11-01 00:00:00,0
7756,32,3,2039-11-01 00:00:00,0
7757,29,3,2040-11-01 00:00:00,0
7758,30,3,2040-11-01 00:00:00,0
7759,31,3,2040-11-01 00:00:00,0
7760,32,3,2040-11-01 00:00:00,0
7761,29,3,2041-11-01 00:00:00,0
7762,30,3,2041-11-01 00:00:00,0
7763,31,3,2041-11-01 00:00:00,0
7764,32,3,2041-11-01 00:00:00,0
7765,29,3,2042-11-01 00:00:00,0
7766,30,3,2042-11-01 00:00:00,0
7767,31,3,2042-11-01 00:00:00,0
7768,32,3,2042-11-01 00:00:00,0
7769,29,3,2043-11-01 00:00:00,0
7770,30,3,2043-11-01 00:00:00,0
7771,31,3,2043-11-01 00:00:00,0
7772,32,3,2043-11-01 00:00:00,0
7773,29,3,2044-11-01 00:00:00,0
7774,30,3,2044-11-01 00:00:00,0
7775,31,3,2044-11-01 00:00:00,0
7776,32,3,2044-11-01 00:00:00,0
7777,29,3,2045-11-01 00:00:00,0
7778,30,3,2045-11-01 00:00:00,0
7779,31,3,2045-11-01 00:00:00,0
7780,32,3,2045-11-01 00:00:00,0
7781,29,3,2046-11-01 00:00:00,0
7782,30,3,2046-11-01 00:00:00,0
7783,31,3,2046-11-01 00:00:00,0
7784,32,3,2046-11-01 00:00:00,0
7785,29,3,2047-11-01 00:00:00,0
7786,30,3,2047-11-01 00:00:00,0
7787,31,3,2047-11-01 00:00:00,0
7788,32,3,2047-11-01 00:00:00,0
7789,29,3,2048-11-01 00:00:00,0
7790,30,3,2048-11-01 00:00:00,0
7791,31,3,2048-11-01 00:00:00,0
7792,32,3,2048-11-01 00:00:00,0
7793,29,3,2049-11-01 00:00:00,0
7794,30,3,2049-11-01 00:00:00,0
7795,31,3,2049-11-01 00:00:00,0
7796,32,3,2049-11-01 00:00:00,0
7797,29,3,2050-11-01 00:00:00,0
7798,30,3,2050-11-01 00:00:00,0
7799,31,3,2050-11-01 00:00:00,0
7800,32,3,2050-11-01 00:00:00,0
7801,29,3,2051-11-01 00:00:00,0
7802,30,3,2051-11-01 00:00:00,0
7803,31,3,2051-11-01 00:00:00,0
7804,32,3,2051-11-01 00:00:00,0
7805,29,3,2052-11-01 00:00:00,0
7806,30,3,2052-11-01 00:00:00,0
7807,31,3,2052-11-01 00:00:00,0
7808,32,3,2052-11-01 00:00:00,0
7809,29,3,2053-11-01 00:00:00,0
7810,30,3,2053-11-01 00:00:00,0
7811,31,3,2053-11-01 00:00:00,0
7812,32,3,2053-11-01 00:00:00,0
7813,29,3,2024-04-01 00:00:00,0
7814,30,3,2024-04-01 00:00:00,0
7815,31,3,2024-04-01 00:00:00,0
7816,32,3,2024-04-01 00:00:00,0
7817,29,3,2025-04-01 00:00:00,0
7818,30,3,2025-04-01 00:00:00,0
7819,31,3,2025-04-01 00:00:00,0
7820,32,3,2025-04-01 00:00:00,0
7821,29,3,2026-04-01 00:00:00,0
7822,30,3,2026-04-01 00:00:00,0
7823,31,3,2026-04-01 00:00:00,0
7824,32,3,2026-04-01 00:00:00,0
7825,29,3,2027-04-01 00:00:00,0
7826,30,3,2027-04-01 00:00:00,0
7827,31,3,2027-04-01 00:00:00,0
7828,32,3,2027-04-01 00:00:00,0
7829,29,3,2028-04-01 00:00:00,0
7830,30,3,2028-04-01 00:00:00,0
7831,31,3,2028-04-01 00:00:00,0
7832,32,3,2028-04-01 00:00:00,0
7833,29,3,2029-04-01 00:00:00,0
7834,30,3,2029-04-01 00:00:00,0
7835,31,3,2029-04-01 00:00:00,0
7836,32,3,2029-04-01 00:00:00,0
7837,29,3,2030-04-01 00:00:00,0
7838,30,3,2030-04-01 00:00:00,0
7839,31,3,2030-04-01 00:00:00,0
7840,32,3,2030-04-01 00:00:00,0
7841,29,3,2031-04-01 00:00:00,0
7842,30,3,2031-04-01 00:00:00,0
7843,31,3,2031-04-01 00:00:00,0
7844,32,3,2031-04-01 00:00:00,0
7845,29,3,2032-04-01 00:00:00,0
7846,30,3,2032-04-01 00:00:00,0
7847,31,3,2032-04-01 00:00:00,0
7848,32,3,2032-04-01 00:00:00,0
7849,29,3,2033-04-01 00:00:00,0
7850,30,3,2033-04-01 00:00:00,0
7851,31,3,2033-04-01 00:00:00,0
7852,32,3,2033-04-01 00:00:00,0
7853,29,3,2034-04-01 00:00:00,0
7854,30,3,2034-04-01 00:00:00,0
7855,31,3,2034-04-01 00:00:00,0
7856,32,3,2034-04-01 00:00:00,0
7857,29,3,2035-04-01 00:00:00,0
7858,30,3,2035-04-01 00:00:00,0
7859,31,3,2035-04-01 00:00:00,0
7860,32,3,2035-04-01 00:00:00,0
7861,29,3,2036-04-01 00:00:00,0
7862,30,3,2036-04-01 00:00:00,0
7863,31,3,2036-04-01 00:00:00,0
7864,32,3,2036-04-01 00:00:00,0
7865,29,3,2037-04-01 00:00:00,0
7866,30,3,2037-04-01 00:00:00,0
7867,31,3,2037-04-01 00:00:00,0
7868,32,3,2037-04-01 00:00:00,0
7869,29,3,2038-04-01 00:00:00,0
7870,30,3,2038-04-01 00:00:00,0
7871,31,3,2038-04-01 00:00:00,0
7872,32,3,2038-04-01 00:00:00,0
7873,29,3,2039-04-01 00:00:00,0
7874,30,3,2039-04-01 00:00:00,0
7875,31,3,2039-04-01 00:00:00,0
7876,32,3,2039-04-01 00:00:00,0
7877,29,3,2040-04-01 00:00:00,0
7878,30,3,2040-04-01 00:00:00,0
7879,31,3,2040-04-01 00:00:00,0
7880,32,3,2040-04-01 00:00:00,0
7881,29,3,2041-04-01 00:00:00,0
7882,30,3,2041-04-01 00:00:00,0
7883,31,3,2041-04-01 00:00:00,0
7884,32,3,2041-04-01 00:00:00,0
7885,29,3,2042-04-01 00:00:00,0
7886,30,3,2042-04-01 00:00:00,0
7887,31,3,2042-04-01 00:00:00,0
7888,32,3,2042-04-01 00:00:00,0
7889,29,3,2043-04-01 00:00:00,0
7890,30,3,2043-04-01 00:00:00,0
7891,31,3,2043-04-01 00:00:00,0
7892,32,3,2043-04-01 00:00:00,0
7893,29,3,2044-04-01 00:00:00,0
7894,30,3,2044-04-01 00:00:00,0
7895,31,3,2044-04-01 00:00:00,0
7896,32,3,2044-04-01 00:00:00,0
7897,29,3,2045-04-01 00:00:00,0
7898,30,3,2045-04-01 00:00:00,0
7899,31,3,2045-04-01 00:00:00,0
7900,32,3,2045-04-01 00:00:00,0
7901,29,3,2046-04-01 00:00:00,0
7902,30,3,2046-04-01 00:00:00,0
7903,31,3,2046-04-01 00:00:00,0
7904,32,3,2046-04-01 00:00:00,0
7905,29,3,2047-04-01 00:00:00,0
7906,30,3,2047-04-01 00:00:00,0
7907,31,3,2047-04-01 00:00:00,0
7908,32,3,2047-04-01 00:00:00,0
7909,29,3,2048-04-01 00:00:00,0
7910,30,3,2048-04-01 00:00:00,0
7911,31,3,2048-04-01 00:00:00,0
7912,32,3,2048-04-01 00:00:00,0
7913,29,3,2049-04-01 00:00:00,0
7914,30,3,2049-04-01 00:00:00,0
7915,31,3,2049-04-01 00:00:00,0
7916,32,3,2049-04-01 00:00:00,0
7917,29,3,2050-04-01 00:00:00,0
7918,30,3,2050-04-01 00:00:00,0
7919,31,3,2050-04-01 00:00:00,0
7920,32,3,2050-04-01 00:00:00,0
7921,29,3,2051-04-01 00:00:00,0
7922,30,3,2051-04-01 00:00:00,0
7923,31,3,2051-04-01 00:00:00,0
7924,32,3,2051-04-01 00:00:00,0
7925,29,3,2052-04-01 00:00:00,0
7926,30,3,2052-04-01 00:00:00,0
7927,31,3,2052-04-01 00:00:00,0
7928,32,3,2052-04-01 00:00:00,0
7929,29,3,2053-04-01 00:00:00,0
7930,30,3,2053-04-01 00:00:00,0
7931,31,3,2053-04-01 00:00:00,0
7932,32,3,2053-04-01 00:00:00,0
7933,29,3,2054-04-01 00:00:00,0
7934,30,3,2054-04-01 00:00:00,0
7935,31,3,2054-04-01 00:00:00,0
7936,32,3,2054-04-01 00:00:00,0
7937,33,3,2023-11-01 00:00:00,0
7938,34,3,2023-11-01 00:00:00,0
7939,35,3,2023-11-01 00:00:00,63.18
7940,36,3,2023-11-01 00:00:00,0
7941,33,3,2024-11-01 00:00:00,0
7942,34,3,2024-11-01 00:00:00,0
7943,35,3,2024-11-01 00:00:00,70.47
7944,36,3,2024-11-01 00:00:00,0
7945,33,3,2025-11-01 00:00:00,0
7946,34,3,2025-11-01 00:00:00,0
7947,35,3,2025-11-01 00:00:00,79.1
7948,36,3,2025-11-01 00:00:00,0
7949,33,3,2026-11-01 00:00:00,0
7950,34,3,2026-11-01 00:00:00,0
7951,35,3,2026-11-01 00:00:00,89.12
7952,36,3,2026-11-01 00:00:00,0
7953,33,3,2027-11-01 00:00:00,0
7954,34,3,2027-11-01 00:00:00,0
7955,35,3,2027-11-01 00:00:00,99.34
7956,36,3,2027-11-01 00:00:00,0
7957,33,3,2028-11-01 00:00:00,0
7958,34,3,2028-11-01 00:00:00,0
7959,35,3,2028-11-01 00:00:00,110.15
7960,36,3,2028-11-01 00:00:00,0
7961,33,3,2029-11-01 00:00:00,0
7962,34,3,2029-11-01 00:00:00,0
7963,35,3,2029-11-01 00:00:00,120.84
7964,36,3,2029-11-01 00:00:00,0
7965,33,3,2030-11-01 00:00:00,0
7966,34,3,2030-11-01 00:00:00,0
7967,35,3,2030-11-01 00:00:00,131.61
7968,36,3,2030-11-01 00:00:00,0
7969,33,3,2031-11-01 00:00:00,0
7970,34,3,2031-11-01 00:00:00,0
7971,35,3,2031-11-01 00:00:00,143.32
7972,36,3,2031-11-01 00:00:00,0
7973,33,3,2032-11-01 00:00:00,0
7974,34,3,2032-11-01 00:00:00,0
7975,35,3,2032-11-01 00:00:00,155.3
7976,36,3,2032-11-01 00:00:00,0
7977,33,3,2033-11-01 00:00:00,0
7978,34,3,2033-11-01 00:00:00,0
7979,35,3,2033-11-01 00:00:00,167.81
7980,36,3,2033-11-01 00:00:00,0
7981,33,3,2034-11-01 00:00:00,0
7982,34,3,2034-11-01 00:00:00,0
7983,35,3,2034-11-01 00:00:00,178.89
7984,36,3,2034-11-01 00:00:00,0
7985,33,3,2035-11-01 00:00:00,0
7986,34,3,2035-11-01 00:00:00,0
7987,35,3,2035-11-01 00:00:00,189.14
7988,36,3,2035-11-01 00:00:00,0
7989,33,3,2036-11-01 00:00:00,0
7990,34,3,2036-11-01 00:00:00,0
7991,35,3,2036-11-01 00:00:00,199.48
7992,36,3,2036-11-01 00:00:00,0
7993,33,3,2037-11-01 00:00:00,0
7994,34,3,2037-11-01 00:00:00,0
7995,35,3,2037-11-01 00:00:00,210.6
7996,36,3,2037-11-01 00:00:00,0
7997,33,3,2038-11-01 00:00:00,0
7998,34,3,2038-11-01 00:00:00,0
7999,35,3,2038-11-01 00:00:00,221.24
8000,36,3,2038-11-01 00:00:00,0
8001,33,3,2039-11-01 00:00:00,0
8002,34,3,2039-11-01 00:00:00,0
8003,35,3,2039-11-01 00:00:00,232.33
8004,36,3,2039-11-01 00:00:00,0
8005,33,3,2040-11-01 00:00:00,0
8006,34,3,2040-11-01 00:00:00,0
8007,35,3,2040-11-01 00:00:00,243.45
8008,36,3,2040-11-01 00:00:00,0
8009,33,3,2041-11-01 00:00:00,0
8010,34,3,2041-11-01 00:00:00,0
8011,35,3,2041-11-01 00:00:00,253.38
8012,36,3,2041-11-01 00:00:00,0
8013,33,3,2042-11-01 00:00:00,0
8014,34,3,2042-11-01 00:00:00,0
8015,35,3,2042-11-01 00:00:00,263.1
8016,36,3,2042-11-01 00:00:00,0
8017,33,3,2043-11-01 00:00:00,0
8018,34,3,2043-11-01 00:00:00,0
8019,35,3,2043-11-01 00:00:00,272.61
8020,36,3,2043-11-01 00:00:00,0
8021,33,3,2044-11-01 00:00:00,0
8022,34,3,2044-11-01 00:00:00,0
8023,35,3,2044-11-01 00:00:00,281.22
8024,36,3,2044-11-01 00:00:00,0
8025,33,3,2045-11-01 00:00:00,0
8026,34,3,2045-11-01 00:00:00,0
8027,35,3,2045-11-01 00:00:00,288.95
8028,36,3,2045-11-01 00:00:00,0
8029,33,3,2046-11-01 00:00:00,0
8030,34,3,2046-11-01 00:00:00,0
8031,35,3,2046-11-01 00:00:00,295.15
8032,36,3,2046-11-01 00:00:00,0
8033,33,3,2047-11-01 00:00:00,0
8034,34,3,2047-11-01 00:00:00,0
8035,35,3,2047-11-01 00:00:00,299.66
8036,36,3,2047-11-01 00:00:00,0
8037,33,3,2048-11-01 00:00:00,0
8038,34,3,2048-11-01 00:00:00,0
8039,35,3,2048-11-01 00:00:00,304.69
8040,36,3,2048-11-01 00:00:00,0
8041,33,3,2049-11-01 00:00:00,0
8042,34,3,2049-11-01 00:00:00,0
8043,35,3,2049-11-01 00:00:00,311.22
8044,36,3,2049-11-01 00:00:00,0
8045,33,3,2050-11-01 00:00:00,0
8046,34,3,2050-11-01 00:00:00,0
8047,35,3,2050-11-01 00:00:00,310.74
8048,36,3,2050-11-01 00:00:00,0
8049,33,3,2051-11-01 00:00:00,0
8050,34,3,2051-11-01 00:00:00,0
8051,35,3,2051-11-01 00:00:00,309.75
8052,36,3,2051-11-01 00:00:00,0
8053,33,3,2052-11-01 00:00:00,0
8054,34,3,2052-11-01 00:00:00,0
8055,35,3,2052-11-01 00:00:00,309.04
8056,36,3,2052-11-01 00:00:00,0
8057,33,3,2053-11-01 00:00:00,0
8058,34,3,2053-11-01 00:00:00,0
8059,35,3,2053-11-01 00:00:00,309.79
8060,36,3,2053-11-01 00:00:00,0
8061,33,3,2024-04-01 00:00:00,0
8062,34,3,2024-04-01 00:00:00,0
8063,35,3,2024-04-01 00:00:00,63.18
8064,36,3,2024-04-01 00:00:00,0
8065,33,3,2025-04-01 00:00:00,0
8066,34,3,2025-04-01 00:00:00,0
8067,35,3,2025-04-01 00:00:00,70.93
8068,36,3,2025-04-01 00:00:00,0
8069,33,3,2026-04-01 00:00:00,0
8070,34,3,2026-04-01 00:00:00,0
8071,35,3,2026-04-01 00:00:00,80.58
8072,36,3,2026-04-01 00:00:00,0
8073,33,3,2027-04-01 00:00:00,0
8074,34,3,2027-04-01 00:00:00,0
8075,35,3,2027-04-01 00:00:00,91.28
8076,36,3,2027-04-01 00:00:00,0
8077,33,3,2028-04-01 00:00:00,0
8078,34,3,2028-04-01 00:00:00,0
8079,35,3,2028-04-01 00:00:00,103.8
8080,36,3,2028-04-01 00:00:00,0
8081,33,3,2029-04-01 00:00:00,0
8082,34,3,2029-04-01 00:00:00,0
8083,35,3,2029-04-01 00:00:00,117.15
8084,36,3,2029-04-01 00:00:00,0
8085,33,3,2030-04-01 00:00:00,0
8086,34,3,2030-04-01 00:00:00,0
8087,35,3,2030-04-01 00:00:00,130.2
8088,36,3,2030-04-01 00:00:00,0
8089,33,3,2031-04-01 00:00:00,0
8090,34,3,2031-04-01 00:00:00,0
8091,35,3,2031-04-01 00:00:00,143.2
8092,36,3,2031-04-01 00:00:00,0
8093,33,3,2032-04-01 00:00:00,0
8094,34,3,2032-04-01 00:00:00,0
8095,35,3,2032-04-01 00:00:00,156.88
8096,36,3,2032-04-01 00:00:00,0
8097,33,3,2033-04-01 00:00:00,0
8098,34,3,2033-04-01 00:00:00,0
8099,35,3,2033-04-01 00:00:00,171.02
8100,36,3,2033-04-01 00:00:00,0
8101,33,3,2034-04-01 00:00:00,0
8102,34,3,2034-04-01 00:00:00,0
8103,35,3,2034-04-01 00:00:00,184.43
8104,36,3,2034-04-01 00:00:00,0
8105,33,3,2035-04-01 00:00:00,0
8106,34,3,2035-04-01 00:00:00,0
8107,35,3,2035-04-01 00:00:00,197.13
8108,36,3,2035-04-01 00:00:00,0
8109,33,3,2036-04-01 00:00:00,0
8110,34,3,2036-04-01 00:00:00,0
8111,35,3,2036-04-01 00:00:00,210.07
8112,36,3,2036-04-01 00:00:00,0
8113,33,3,2037-04-01 00:00:00,0
8114,34,3,2037-04-01 00:00:00,0
8115,35,3,2037-04-01 00:00:00,222.39
8116,36,3,2037-04-01 00:00:00,0
8117,33,3,2038-04-01 00:00:00,0
8118,34,3,2038-04-01 00:00:00,0
8119,35,3,2038-04-01 00:00:00,235.6
8120,36,3,2038-04-01 00:00:00,0
8121,33,3,2039-04-01 00:00:00,0
8122,34,3,2039-04-01 00:00:00,0
8123,35,3,2039-04-01 00:00:00,247.58
8124,36,3,2039-04-01 00:00:00,0
8125,33,3,2040-04-01 00:00:00,0
8126,34,3,2040-04-01 00:00:00,0
8127,35,3,2040-04-01 00:00:00,258.73
8128,36,3,2040-04-01 00:00:00,0
8129,33,3,2041-04-01 00:00:00,0
8130,34,3,2041-04-01 00:00:00,0
8131,35,3,2041-04-01 00:00:00,271.69
8132,36,3,2041-04-01 00:00:00,0
8133,33,3,2042-04-01 00:00:00,0
8134,34,3,2042-04-01 00:00:00,0
8135,35,3,2042-04-01 00:00:00,284.23
8136,36,3,2042-04-01 00:00:00,0
8137,33,3,2043-04-01 00:00:00,0
8138,34,3,2043-04-01 00:00:00,0
8139,35,3,2043-04-01 00:00:00,295.99
8140,36,3,2043-04-01 00:00:00,0
8141,33,3,2044-04-01 00:00:00,0
8142,34,3,2044-04-01 00:00:00,0
8143,35,3,2044-04-01 00:00:00,304.77
8144,36,3,2044-04-01 00:00:00,0
8145,33,3,2045-04-01 00:00:00,0
8146,34,3,2045-04-01 00:00:00,0
8147,35,3,2045-04-01 00:00:00,313.07
8148,36,3,2045-04-01 00:00:00,0
8149,33,3,2046-04-01 00:00:00,0
8150,34,3,2046-04-01 00:00:00,0
8151,35,3,2046-04-01 00:00:00,320.03
8152,36,3,2046-04-01 00:00:00,0
8153,33,3,2047-04-01 00:00:00,0
8154,34,3,2047-04-01 00:00:00,0
8155,35,3,2047-04-01 00:00:00,326.68
8156,36,3,2047-04-01 00:00:00,0
8157,33,3,2048-04-01 00:00:00,0
8158,34,3,2048-04-01 00:00:00,0
8159,35,3,2048-04-01 00:00:00,331.76
8160,36,3,2048-04-01 00:00:00,0
8161,33,3,2049-04-01 00:00:00,0
8162,34,3,2049-04-01 00:00:00,0
8163,35,3,2049-04-01 00:00:00,337.71
8164,36,3,2049-04-01 00:00:00,0
8165,33,3,2050-04-01 00:00:00,0
8166,34,3,2050-04-01 00:00:00,0
8167,35,3,2050-04-01 00:00:00,343
8168,36,3,2050-04-01 00:00:00,0
8169,33,3,2051-04-01 00:00:00,0
8170,34,3,2051-04-01 00:00:00,0
8171,35,3,2051-04-01 00:00:00,339.12
8172,36,3,2051-04-01 00:00:00,0
8173,33,3,2052-04-01 00:00:00,0
8174,34,3,2052-04-01 00:00:00,0
8175,35,3,2052-04-01 00:00:00,335.12
8176,36,3,2052-04-01 00:00:00,0
8177,33,3,2053-04-01 00:00:00,0
8178,34,3,2053-04-01 00:00:00,0
8179,35,3,2053-04-01 00:00:00,333.2
8180,36,3,2053-04-01 00:00:00,0
8181,33,3,2054-04-01 00:00:00,0
8182,34,3,2054-04-01 00:00:00,0
8183,35,3,2054-04-01 00:00:00,331.92
8184,36,3,2054-04-01 00:00:00,0
8185,37,3,2023-11-01 00:00:00,0.36
8186,38,3,2023-11-01 00:00:00,5.59
8187,39,3,2023-11-01 00:00:00,0
8188,40,3,2023-11-01 00:00:00,0
8189,37,3,2024-11-01 00:00:00,0.65
8190,38,3,2024-11-01 00:00:00,10.12
8191,39,3,2024-11-01 00:00:00,0
8192,40,3,2024-11-01 00:00:00,0
8193,37,3,2025-11-01 00:00:00,0.97
8194,38,3,2025-11-01 00:00:00,15
8195,39,3,2025-11-01 00:00:00,0
8196,40,3,2025-11-01 00:00:00,0
8197,37,3,2026-11-01 00:00:00,1.32
8198,38,3,2026-11-01 00:00:00,20.48
8199,39,3,2026-11-01 00:00:00,0
8200,40,3,2026-11-01 00:00:00,0
8201,37,3,2027-11-01 00:00:00,1.69
8202,38,3,2027-11-01 00:00:00,26.18
8203,39,3,2027-11-01 00:00:00,0
8204,40,3,2027-11-01 00:00:00,0
8205,37,3,2028-11-01 00:00:00,2.02
8206,38,3,2028-11-01 00:00:00,31.320000000000004
8207,39,3,2028-11-01 00:00:00,0
8208,40,3,2028-11-01 00:00:00,0
8209,37,3,2029-11-01 00:00:00,2.35
8210,38,3,2029-11-01 00:00:00,36.54
8211,39,3,2029-11-01 00:00:00,0
8212,40,3,2029-11-01 00:00:00,0
8213,37,3,2030-11-01 00:00:00,2.71
8214,38,3,2030-11-01 00:00:00,42.04
8215,39,3,2030-11-01 00:00:00,0
8216,40,3,2030-11-01 00:00:00,0
8217,37,3,2031-11-01 00:00:00,3.12
8218,38,3,2031-11-01 00:00:00,48.36
8219,39,3,2031-11-01 00:00:00,0
8220,40,3,2031-11-01 00:00:00,0
8221,37,3,2032-11-01 00:00:00,3.54
8222,38,3,2032-11-01 00:00:00,54.99
8223,39,3,2032-11-01 00:00:00,0
8224,40,3,2032-11-01 00:00:00,0
8225,37,3,2033-11-01 00:00:00,3.95
8226,38,3,2033-11-01 00:00:00,61.36999999999999
8227,39,3,2033-11-01 00:00:00,0
8228,40,3,2033-11-01 00:00:00,0
8229,37,3,2034-11-01 00:00:00,4.33
8230,38,3,2034-11-01 00:00:00,67.18
8231,39,3,2034-11-01 00:00:00,0
8232,40,3,2034-11-01 00:00:00,0
8233,37,3,2035-11-01 00:00:00,4.69
8234,38,3,2035-11-01 00:00:00,72.76
8235,39,3,2035-11-01 00:00:00,0
8236,40,3,2035-11-01 00:00:00,0
8237,37,3,2036-11-01 00:00:00,5.08
8238,38,3,2036-11-01 00:00:00,78.94
8239,39,3,2036-11-01 00:00:00,0
8240,40,3,2036-11-01 00:00:00,0
8241,37,3,2037-11-01 00:00:00,5.49
8242,38,3,2037-11-01 00:00:00,85.29
8243,39,3,2037-11-01 00:00:00,0
8244,40,3,2037-11-01 00:00:00,0
8245,37,3,2038-11-01 00:00:00,5.89
8246,38,3,2038-11-01 00:00:00,91.53
8247,39,3,2038-11-01 00:00:00,0
8248,40,3,2038-11-01 00:00:00,0
8249,37,3,2039-11-01 00:00:00,6.28
8250,38,3,2039-11-01 00:00:00,97.53
8251,39,3,2039-11-01 00:00:00,0
8252,40,3,2039-11-01 00:00:00,0
8253,37,3,2040-11-01 00:00:00,6.7
8254,38,3,2040-11-01 00:00:00,104.08
8255,39,3,2040-11-01 00:00:00,0
8256,40,3,2040-11-01 00:00:00,0
8257,37,3,2041-11-01 00:00:00,7.11
8258,38,3,2041-11-01 00:00:00,110.34
8259,39,3,2041-11-01 00:00:00,0
8260,40,3,2041-11-01 00:00:00,0
8261,37,3,2042-11-01 00:00:00,7.51
8262,38,3,2042-11-01 00:00:00,116.57
8263,39,3,2042-11-01 00:00:00,0
8264,40,3,2042-11-01 00:00:00,0
8265,37,3,2043-11-01 00:00:00,7.9
8266,38,3,2043-11-01 00:00:00,122.6
8267,39,3,2043-11-01 00:00:00,0
8268,40,3,2043-11-01 00:00:00,0
8269,37,3,2044-11-01 00:00:00,8.22
8270,38,3,2044-11-01 00:00:00,127.68
8271,39,3,2044-11-01 00:00:00,0
8272,40,3,2044-11-01 00:00:00,0
8273,37,3,2045-11-01 00:00:00,8.59
8274,38,3,2045-11-01 00:00:00,133.32
8275,39,3,2045-11-01 00:00:00,0
8276,40,3,2045-11-01 00:00:00,0
8277,37,3,2046-11-01 00:00:00,8.94
8278,38,3,2046-11-01 00:00:00,138.86
8279,39,3,2046-11-01 00:00:00,0
8280,40,3,2046-11-01 00:00:00,0
8281,37,3,2047-11-01 00:00:00,9.26
8282,38,3,2047-11-01 00:00:00,143.76000000000002
8283,39,3,2047-11-01 00:00:00,0
8284,40,3,2047-11-01 00:00:00,0
8285,37,3,2048-11-01 00:00:00,9.48
8286,38,3,2048-11-01 00:00:00,147.16
8287,39,3,2048-11-01 00:00:00,0
8288,40,3,2048-11-01 00:00:00,0
8289,37,3,2049-11-01 00:00:00,9.67
8290,38,3,2049-11-01 00:00:00,150.09
8291,39,3,2049-11-01 00:00:00,0
8292,40,3,2049-11-01 00:00:00,0
8293,37,3,2050-11-01 00:00:00,9.48
8294,38,3,2050-11-01 00:00:00,147.18
8295,39,3,2050-11-01 00:00:00,0
8296,40,3,2050-11-01 00:00:00,0
8297,37,3,2051-11-01 00:00:00,9.35
8298,38,3,2051-11-01 00:00:00,145.23000000000002
8299,39,3,2051-11-01 00:00:00,0
8300,40,3,2051-11-01 00:00:00,0
8301,37,3,2052-11-01 00:00:00,9.23
8302,38,3,2052-11-01 00:00:00,143.36
8303,39,3,2052-11-01 00:00:00,0
8304,40,3,2052-11-01 00:00:00,0
8305,37,3,2053-11-01 00:00:00,9.16
8306,38,3,2053-11-01 00:00:00,142.22
8307,39,3,2053-11-01 00:00:00,0
8308,40,3,2053-11-01 00:00:00,0
8309,37,3,2024-04-01 00:00:00,0.36
8310,38,3,2024-04-01 00:00:00,5.59
8311,39,3,2024-04-01 00:00:00,0
8312,40,3,2024-04-01 00:00:00,0
8313,37,3,2025-04-01 00:00:00,0.72
8314,38,3,2025-04-01 00:00:00,11.229999999999999
8315,39,3,2025-04-01 00:00:00,0
8316,40,3,2025-04-01 00:00:00,0
8317,37,3,2026-04-01 00:00:00,1.12
8318,38,3,2026-04-01 00:00:00,17.419999999999998
8319,39,3,2026-04-01 00:00:00,0
8320,40,3,2026-04-01 00:00:00,0
8321,37,3,2027-04-01 00:00:00,1.54
8322,38,3,2027-04-01 00:00:00,23.98
8323,39,3,2027-04-01 00:00:00,0
8324,40,3,2027-04-01 00:00:00,0
8325,37,3,2028-04-01 00:00:00,1.97
8326,38,3,2028-04-01 00:00:00,30.58
8327,39,3,2028-04-01 00:00:00,0
8328,40,3,2028-04-01 00:00:00,0
8329,37,3,2029-04-01 00:00:00,2.38
8330,38,3,2029-04-01 00:00:00,36.91
8331,39,3,2029-04-01 00:00:00,0
8332,40,3,2029-04-01 00:00:00,0
8333,37,3,2030-04-01 00:00:00,2.79
8334,38,3,2030-04-01 00:00:00,43.31
8335,39,3,2030-04-01 00:00:00,0
8336,40,3,2030-04-01 00:00:00,0
8337,37,3,2031-04-01 00:00:00,3.22
8338,38,3,2031-04-01 00:00:00,50.06
8339,39,3,2031-04-01 00:00:00,0
8340,40,3,2031-04-01 00:00:00,0
8341,37,3,2032-04-01 00:00:00,3.71
8342,38,3,2032-04-01 00:00:00,57.69
8343,39,3,2032-04-01 00:00:00,0
8344,40,3,2032-04-01 00:00:00,0
8345,37,3,2033-04-01 00:00:00,4.22
8346,38,3,2033-04-01 00:00:00,65.51
8347,39,3,2033-04-01 00:00:00,0
8348,40,3,2033-04-01 00:00:00,0
8349,37,3,2034-04-01 00:00:00,4.73
8350,38,3,2034-04-01 00:00:00,73.41
8351,39,3,2034-04-01 00:00:00,0
8352,40,3,2034-04-01 00:00:00,0
8353,37,3,2035-04-01 00:00:00,5.17
8354,38,3,2035-04-01 00:00:00,80.32
8355,39,3,2035-04-01 00:00:00,0
8356,40,3,2035-04-01 00:00:00,0
8357,37,3,2036-04-01 00:00:00,5.63
8358,38,3,2036-04-01 00:00:00,87.36
8359,39,3,2036-04-01 00:00:00,0
8360,40,3,2036-04-01 00:00:00,0
8361,37,3,2037-04-01 00:00:00,6.11
8362,38,3,2037-04-01 00:00:00,94.8
8363,39,3,2037-04-01 00:00:00,0
8364,40,3,2037-04-01 00:00:00,0
8365,37,3,2038-04-01 00:00:00,6.6
8366,38,3,2038-04-01 00:00:00,102.44000000000001
8367,39,3,2038-04-01 00:00:00,0
8368,40,3,2038-04-01 00:00:00,0
8369,37,3,2039-04-01 00:00:00,7.08
8370,38,3,2039-04-01 00:00:00,109.9
8371,39,3,2039-04-01 00:00:00,0
8372,40,3,2039-04-01 00:00:00,0
8373,37,3,2040-04-01 00:00:00,7.56
8374,38,3,2040-04-01 00:00:00,117.38
8375,39,3,2040-04-01 00:00:00,0
8376,40,3,2040-04-01 00:00:00,0
8377,37,3,2041-04-01 00:00:00,8.05
8378,38,3,2041-04-01 00:00:00,125.00000000000001
8379,39,3,2041-04-01 00:00:00,0
8380,40,3,2041-04-01 00:00:00,0
8381,37,3,2042-04-01 00:00:00,8.54
8382,38,3,2042-04-01 00:00:00,132.66
8383,39,3,2042-04-01 00:00:00,0
8384,40,3,2042-04-01 00:00:00,0
8385,37,3,2043-04-01 00:00:00,9.03
8386,38,3,2043-04-01 00:00:00,140.19
8387,39,3,2043-04-01 00:00:00,0
8388,40,3,2043-04-01 00:00:00,0
8389,37,3,2044-04-01 00:00:00,9.49
8390,38,3,2044-04-01 00:00:00,147.32
8391,39,3,2044-04-01 00:00:00,0
8392,40,3,2044-04-01 00:00:00,0
8393,37,3,2045-04-01 00:00:00,9.9
8394,38,3,2045-04-01 00:00:00,153.69
8395,39,3,2045-04-01 00:00:00,0
8396,40,3,2045-04-01 00:00:00,0
8397,37,3,2046-04-01 00:00:00,10.32
8398,38,3,2046-04-01 00:00:00,160.3
8399,39,3,2046-04-01 00:00:00,0
8400,40,3,2046-04-01 00:00:00,0
8401,37,3,2047-04-01 00:00:00,10.74
8402,38,3,2047-04-01 00:00:00,166.70999999999998
8403,39,3,2047-04-01 00:00:00,0
8404,40,3,2047-04-01 00:00:00,0
8405,37,3,2048-04-01 00:00:00,11.05
8406,38,3,2048-04-01 00:00:00,171.51
8407,39,3,2048-04-01 00:00:00,0
8408,40,3,2048-04-01 00:00:00,0
8409,37,3,2049-04-01 00:00:00,11.34
8410,38,3,2049-04-01 00:00:00,176.14
8411,39,3,2049-04-01 00:00:00,0
8412,40,3,2049-04-01 00:00:00,0
8413,37,3,2050-04-01 00:00:00,11.65
8414,38,3,2050-04-01 00:00:00,180.84
8415,39,3,2050-04-01 00:00:00,0
8416,40,3,2050-04-01 00:00:00,0
8417,37,3,2051-04-01 00:00:00,11.55
8418,38,3,2051-04-01 00:00:00,179.26999999999998
8419,39,3,2051-04-01 00:00:00,0
8420,40,3,2051-04-01 00:00:00,0
8421,37,3,2052-04-01 00:00:00,11.43
8422,38,3,2052-04-01 00:00:00,177.54
8423,39,3,2052-04-01 00:00:00,0
8424,40,3,2052-04-01 00:00:00,0
8425,37,3,2053-04-01 00:00:00,11.31
8426,38,3,2053-04-01 00:00:00,175.6
8427,39,3,2053-04-01 00:00:00,0
8428,40,3,2053-04-01 00:00:00,0
8429,37,3,2054-04-01 00:00:00,11.24
8430,38,3,2054-04-01 00:00:00,174.57
8431,39,3,2054-04-01 00:00:00,0
8432,40,3,2054-04-01 00:00:00,0
8433,41,3,2023-11-01 00:00:00,25.57
8434,42,3,2023-11-01 00:00:00,14.43
8435,43,3,2023-11-01 00:00:00,3.6300000000000026
8436,44,3,2023-11-01 00:00:00,4.939999999999998
8437,41,3,2024-11-01 00:00:00,31.38
8438,42,3,2024-11-01 00:00:00,17.720000000000002
8439,43,3,2024-11-01 00:00:00,4.449999999999996
8440,44,3,2024-11-01 00:00:00,6.060000000000002
8441,41,3,2025-11-01 00:00:00,38.23
8442,42,3,2025-11-01 00:00:00,21.57
8443,43,3,2025-11-01 00:00:00,5.420000000000002
8444,44,3,2025-11-01 00:00:00,7.390000000000001
8445,41,3,2026-11-01 00:00:00,45.27
8446,42,3,2026-11-01 00:00:00,25.54
8447,43,3,2026-11-01 00:00:00,6.429999999999993
8448,44,3,2026-11-01 00:00:00,8.740000000000009
8449,41,3,2027-11-01 00:00:00,51.85
8450,42,3,2027-11-01 00:00:00,29.259999999999998
8451,43,3,2027-11-01 00:00:00,7.359999999999999
8452,44,3,2027-11-01 00:00:00,10.010000000000005
8453,41,3,2028-11-01 00:00:00,58.04
8454,42,3,2028-11-01 00:00:00,32.75000000000001
8455,43,3,2028-11-01 00:00:00,8.239999999999995
8456,44,3,2028-11-01 00:00:00,11.209999999999994
8457,41,3,2029-11-01 00:00:00,65.07
8458,42,3,2029-11-01 00:00:00,36.72000000000001
8459,43,3,2029-11-01 00:00:00,9.239999999999995
8460,44,3,2029-11-01 00:00:00,12.569999999999993
8461,41,3,2030-11-01 00:00:00,73.4
8462,42,3,2030-11-01 00:00:00,41.41999999999999
8463,43,3,2030-11-01 00:00:00,10.420000000000002
8464,44,3,2030-11-01 00:00:00,14.179999999999993
8465,41,3,2031-11-01 00:00:00,82.01
8466,42,3,2031-11-01 00:00:00,46.27999999999999
8467,43,3,2031-11-01 00:00:00,11.650000000000006
8468,44,3,2031-11-01 00:00:00,15.840000000000003
8469,41,3,2032-11-01 00:00:00,90.87
8470,42,3,2032-11-01 00:00:00,51.28
8471,43,3,2032-11-01 00:00:00,12.900000000000006
8472,44,3,2032-11-01 00:00:00,17.560000000000002
8473,41,3,2033-11-01 00:00:00,99.92
8474,42,3,2033-11-01 00:00:00,56.39
8475,43,3,2033-11-01 00:00:00,14.180000000000007
8476,44,3,2033-11-01 00:00:00,19.299999999999983
8477,41,3,2034-11-01 00:00:00,108.76
8478,42,3,2034-11-01 00:00:00,61.37999999999998
8479,43,3,2034-11-01 00:00:00,15.440000000000026
8480,44,3,2034-11-01 00:00:00,21.00999999999999
8481,41,3,2035-11-01 00:00:00,117.63
8482,42,3,2035-11-01 00:00:00,66.39000000000001
8483,43,3,2035-11-01 00:00:00,16.69999999999999
8484,44,3,2035-11-01 00:00:00,22.72
8485,41,3,2036-11-01 00:00:00,127.22
8486,42,3,2036-11-01 00:00:00,71.78999999999999
8487,43,3,2036-11-01 00:00:00,18.07000000000002
8488,44,3,2036-11-01 00:00:00,24.569999999999993
8489,41,3,2037-11-01 00:00:00,137.11
8490,42,3,2037-11-01 00:00:00,77.38
8491,43,3,2037-11-01 00:00:00,19.45999999999998
8492,44,3,2037-11-01 00:00:00,26.49000000000001
8493,41,3,2038-11-01 00:00:00,146.76
8494,42,3,2038-11-01 00:00:00,82.82000000000002
8495,43,3,2038-11-01 00:00:00,20.839999999999975
8496,44,3,2038-11-01 00:00:00,28.349999999999994
8497,41,3,2039-11-01 00:00:00,156.77
8498,42,3,2039-11-01 00:00:00,88.47
8499,43,3,2039-11-01 00:00:00,22.25
8500,44,3,2039-11-01 00:00:00,30.289999999999964
8501,41,3,2040-11-01 00:00:00,166.86
8502,42,3,2040-11-01 00:00:00,94.16999999999996
8503,43,3,2040-11-01 00:00:00,23.690000000000055
8504,44,3,2040-11-01 00:00:00,32.23999999999995
8505,41,3,2041-11-01 00:00:00,177.11
8506,42,3,2041-11-01 00:00:00,99.94999999999999
8507,43,3,2041-11-01 00:00:00,25.139999999999986
8508,44,3,2041-11-01 00:00:00,34.22000000000003
8509,41,3,2042-11-01 00:00:00,186.34
8510,42,3,2042-11-01 00:00:00,105.16
8511,43,3,2042-11-01 00:00:00,26.45999999999998
8512,44,3,2042-11-01 00:00:00,36
8513,41,3,2043-11-01 00:00:00,195.44
8514,42,3,2043-11-01 00:00:00,110.30000000000001
8515,43,3,2043-11-01 00:00:00,27.75
8516,44,3,2043-11-01 00:00:00,37.75
8517,41,3,2044-11-01 00:00:00,204.33
8518,42,3,2044-11-01 00:00:00,115.30999999999997
8519,43,3,2044-11-01 00:00:00,29.00999999999999
8520,44,3,2044-11-01 00:00:00,39.47000000000003
8521,41,3,2045-11-01 00:00:00,212.43
8522,42,3,2045-11-01 00:00:00,119.88999999999999
8523,43,3,2045-11-01 00:00:00,30.150000000000034
8524,44,3,2045-11-01 00:00:00,41.049999999999955
8525,41,3,2046-11-01 00:00:00,220.55
8526,42,3,2046-11-01 00:00:00,124.45999999999998
8527,43,3,2046-11-01 00:00:00,31.310000000000002
8528,44,3,2046-11-01 00:00:00,42.610000000000014
8529,41,3,2047-11-01 00:00:00,227.99
8530,42,3,2047-11-01 00:00:00,128.65999999999997
8531,43,3,2047-11-01 00:00:00,32.360000000000014
8532,44,3,2047-11-01 00:00:00,44.05000000000001
8533,41,3,2048-11-01 00:00:00,234.83
8534,42,3,2048-11-01 00:00:00,132.53
8535,43,3,2048-11-01 00:00:00,33.339999999999975
8536,44,3,2048-11-01 00:00:00,45.370000000000005
8537,41,3,2049-11-01 00:00:00,243.35
8538,42,3,2049-11-01 00:00:00,137.34
8539,43,3,2049-11-01 00:00:00,34.55000000000001
8540,44,3,2049-11-01 00:00:00,47.00999999999999
8541,41,3,2050-11-01 00:00:00,245.19
8542,42,3,2050-11-01 00:00:00,138.37
8543,43,3,2050-11-01 00:00:00,34.81
8544,44,3,2050-11-01 00:00:00,47.370000000000005
8545,41,3,2051-11-01 00:00:00,247.19
8546,42,3,2051-11-01 00:00:00,139.49
8547,43,3,2051-11-01 00:00:00,35.089999999999975
8548,44,3,2051-11-01 00:00:00,47.75999999999999
8549,41,3,2052-11-01 00:00:00,249.48
8550,42,3,2052-11-01 00:00:00,140.79
8551,43,3,2052-11-01 00:00:00,35.410000000000025
8552,44,3,2052-11-01 00:00:00,48.19999999999999
8553,41,3,2053-11-01 00:00:00,252.03
8554,42,3,2053-11-01 00:00:00,142.22
8555,43,3,2053-11-01 00:00:00,35.77999999999997
8556,44,3,2053-11-01 00:00:00,48.690000000000055
8557,41,3,2024-04-01 00:00:00,25.57
8558,42,3,2024-04-01 00:00:00,14.43
8559,43,3,2024-04-01 00:00:00,3.6300000000000026
8560,44,3,2024-04-01 00:00:00,4.939999999999998
8561,41,3,2025-04-01 00:00:00,30.75
8562,42,3,2025-04-01 00:00:00,17.35
8563,43,3,2025-04-01 00:00:00,4.359999999999999
8564,44,3,2025-04-01 00:00:00,5.939999999999998
8565,41,3,2026-04-01 00:00:00,36.23
8566,42,3,2026-04-01 00:00:00,20.440000000000005
8567,43,3,2026-04-01 00:00:00,5.149999999999999
8568,44,3,2026-04-01 00:00:00,6.999999999999993
8569,41,3,2027-04-01 00:00:00,42.15
8570,42,3,2027-04-01 00:00:00,23.79
8571,43,3,2027-04-01 00:00:00,5.980000000000004
8572,44,3,2027-04-01 00:00:00,8.14
8573,41,3,2028-04-01 00:00:00,47.31
8574,42,3,2028-04-01 00:00:00,26.700000000000003
8575,43,3,2028-04-01 00:00:00,6.719999999999999
8576,44,3,2028-04-01 00:00:00,9.14
8577,41,3,2029-04-01 00:00:00,52.54
8578,42,3,2029-04-01 00:00:00,29.65
8579,43,3,2029-04-01 00:00:00,7.460000000000008
8580,44,3,2029-04-01 00:00:00,10.149999999999991
8581,41,3,2030-04-01 00:00:00,58.43
8582,42,3,2030-04-01 00:00:00,32.98
8583,43,3,2030-04-01 00:00:00,8.290000000000006
8584,44,3,2030-04-01 00:00:00,11.289999999999992
8585,41,3,2031-04-01 00:00:00,65.74
8586,42,3,2031-04-01 00:00:00,37.09
8587,43,3,2031-04-01 00:00:00,9.340000000000003
8588,44,3,2031-04-01 00:00:00,12.689999999999998
8589,41,3,2032-04-01 00:00:00,72.99
8590,42,3,2032-04-01 00:00:00,41.19000000000001
8591,43,3,2032-04-01 00:00:00,10.36
8592,44,3,2032-04-01 00:00:00,14.09999999999998
8593,41,3,2033-04-01 00:00:00,80.56
8594,42,3,2033-04-01 00:00:00,45.47
8595,43,3,2033-04-01 00:00:00,11.439999999999998
8596,44,3,2033-04-01 00:00:00,15.560000000000002
8597,41,3,2034-04-01 00:00:00,87.9
8598,42,3,2034-04-01 00:00:00,49.599999999999994
8599,43,3,2034-04-01 00:00:00,12.47999999999999
8600,44,3,2034-04-01 00:00:00,16.980000000000018
8601,41,3,2035-04-01 00:00:00,95.57
8602,42,3,2035-04-01 00:00:00,53.93000000000001
8603,43,3,2035-04-01 00:00:00,13.569999999999993
8604,44,3,2035-04-01 00:00:00,18.47
8605,41,3,2036-04-01 00:00:00,103.16
8606,42,3,2036-04-01 00:00:00,58.21000000000001
8607,43,3,2036-04-01 00:00:00,14.650000000000006
8608,44,3,2036-04-01 00:00:00,19.92999999999998
8609,41,3,2037-04-01 00:00:00,111.19
8610,42,3,2037-04-01 00:00:00,62.75
8611,43,3,2037-04-01 00:00:00,15.789999999999992
8612,44,3,2037-04-01 00:00:00,21.480000000000018
8613,41,3,2038-04-01 00:00:00,119.13
8614,42,3,2038-04-01 00:00:00,67.23000000000002
8615,43,3,2038-04-01 00:00:00,16.919999999999987
8616,44,3,2038-04-01 00:00:00,23.00999999999999
8617,41,3,2039-04-01 00:00:00,126.84
8618,42,3,2039-04-01 00:00:00,71.57999999999998
8619,43,3,2039-04-01 00:00:00,18.01000000000002
8620,44,3,2039-04-01 00:00:00,24.5
8621,41,3,2040-04-01 00:00:00,135.52
8622,42,3,2040-04-01 00:00:00,76.47
8623,43,3,2040-04-01 00:00:00,19.23999999999998
8624,44,3,2040-04-01 00:00:00,26.180000000000035
8625,41,3,2041-04-01 00:00:00,144.33
8626,42,3,2041-04-01 00:00:00,81.45999999999998
8627,43,3,2041-04-01 00:00:00,20.49000000000001
8628,44,3,2041-04-01 00:00:00,27.880000000000024
8629,41,3,2042-04-01 00:00:00,152.95
8630,42,3,2042-04-01 00:00:00,86.31
8631,43,3,2042-04-01 00:00:00,21.720000000000027
8632,44,3,2042-04-01 00:00:00,29.539999999999964
8633,41,3,2043-04-01 00:00:00,160.49
8634,42,3,2043-04-01 00:00:00,90.57
8635,43,3,2043-04-01 00:00:00,22.779999999999973
8636,44,3,2043-04-01 00:00:00,31.010000000000048
8637,41,3,2044-04-01 00:00:00,167.55
8638,42,3,2044-04-01 00:00:00,94.55000000000001
8639,43,3,2044-04-01 00:00:00,23.789999999999964
8640,44,3,2044-04-01 00:00:00,32.370000000000005
8641,41,3,2045-04-01 00:00:00,174.3
8642,42,3,2045-04-01 00:00:00,98.36000000000001
8643,43,3,2045-04-01 00:00:00,24.739999999999952
8644,44,3,2045-04-01 00:00:00,33.68000000000001
8645,41,3,2046-04-01 00:00:00,181.5
8646,42,3,2046-04-01 00:00:00,102.43
8647,43,3,2046-04-01 00:00:00,25.769999999999982
8648,44,3,2046-04-01 00:00:00,35.06
8649,41,3,2047-04-01 00:00:00,187.98
8650,42,3,2047-04-01 00:00:00,106.08000000000001
8651,43,3,2047-04-01 00:00:00,26.680000000000007
8652,44,3,2047-04-01 00:00:00,36.31999999999999
8653,41,3,2048-04-01 00:00:00,193.28
8654,42,3,2048-04-01 00:00:00,109.07000000000002
8655,43,3,2048-04-01 00:00:00,27.439999999999998
8656,44,3,2048-04-01 00:00:00,37.339999999999975
8657,41,3,2049-04-01 00:00:00,199.41
8658,42,3,2049-04-01 00:00:00,112.53
8659,43,3,2049-04-01 00:00:00,28.310000000000002
8660,44,3,2049-04-01 00:00:00,38.51999999999998
8661,41,3,2050-04-01 00:00:00,206.23
8662,42,3,2050-04-01 00:00:00,116.38000000000002
8663,43,3,2050-04-01 00:00:00,29.279999999999973
8664,44,3,2050-04-01 00:00:00,39.84000000000003
8665,41,3,2051-04-01 00:00:00,207.2
8666,42,3,2051-04-01 00:00:00,116.93
8667,43,3,2051-04-01 00:00:00,29.410000000000025
8668,44,3,2051-04-01 00:00:00,40.02999999999997
8669,41,3,2052-04-01 00:00:00,208.73
8670,42,3,2052-04-01 00:00:00,117.78999999999999
8671,43,3,2052-04-01 00:00:00,29.629999999999995
8672,44,3,2052-04-01 00:00:00,40.33000000000004
8673,41,3,2053-04-01 00:00:00,209.96
8674,42,3,2053-04-01 00:00:00,118.47999999999999
8675,43,3,2053-04-01 00:00:00,29.810000000000002
8676,44,3,2053-04-01 00:00:00,40.56
8677,41,3,2054-04-01 00:00:00,211.66
8678,42,3,2054-04-01 00:00:00,119.45000000000002
8679,43,3,2054-04-01 00:00:00,30.039999999999964
8680,44,3,2054-04-01 00:00:00,40.900000000000034
8681,45,3,2023-11-01 00:00:00,0
8682,46,3,2023-11-01 00:00:00,0
8683,47,3,2023-11-01 00:00:00,0
8684,48,3,2023-11-01 00:00:00,0
8685,45,3,2024-11-01 00:00:00,0
8686,46,3,2024-11-01 00:00:00,0
8687,47,3,2024-11-01 00:00:00,0
8688,48,3,2024-11-01 00:00:00,0
8689,45,3,2025-11-01 00:00:00,0
8690,46,3,2025-11-01 00:00:00,0
8691,47,3,2025-11-01 00:00:00,0
8692,48,3,2025-11-01 00:00:00,0
8693,45,3,2026-11-01 00:00:00,0
8694,46,3,2026-11-01 00:00:00,0
8695,47,3,2026-11-01 00:00:00,0
8696,48,3,2026-11-01 00:00:00,0
8697,45,3,2027-11-01 00:00:00,0
8698,46,3,2027-11-01 00:00:00,0
8699,47,3,2027-11-01 00:00:00,0
8700,48,3,2027-11-01 00:00:00,0
8701,45,3,2028-11-01 00:00:00,0
8702,46,3,2028-11-01 00:00:00,0
8703,47,3,2028-11-01 00:00:00,0
8704,48,3,2028-11-01 00:00:00,0
8705,45,3,2029-11-01 00:00:00,0
8706,46,3,2029-11-01 00:00:00,0
8707,47,3,2029-11-01 00:00:00,0
8708,48,3,2029-11-01 00:00:00,0
8709,45,3,2030-11-01 00:00:00,0
8710,46,3,2030-11-01 00:00:00,0
8711,47,3,2030-11-01 00:00:00,0
8712,48,3,2030-11-01 00:00:00,0
8713,45,3,2031-11-01 00:00:00,0
8714,46,3,2031-11-01 00:00:00,0
8715,47,3,2031-11-01 00:00:00,0
8716,48,3,2031-11-01 00:00:00,0
8717,45,3,2032-11-01 00:00:00,0
8718,46,3,2032-11-01 00:00:00,0
8719,47,3,2032-11-01 00:00:00,0
8720,48,3,2032-11-01 00:00:00,0
8721,45,3,2033-11-01 00:00:00,0
8722,46,3,2033-11-01 00:00:00,0
8723,47,3,2033-11-01 00:00:00,0
8724,48,3,2033-11-01 00:00:00,0
8725,45,3,2034-11-01 00:00:00,0
8726,46,3,2034-11-01 00:00:00,0
8727,47,3,2034-11-01 00:00:00,0
8728,48,3,2034-11-01 00:00:00,0
8729,45,3,2035-11-01 00:00:00,0
8730,46,3,2035-11-01 00:00:00,0
8731,47,3,2035-11-01 00:00:00,0
8732,48,3,2035-11-01 00:00:00,0
8733,45,3,2036-11-01 00:00:00,0
8734,46,3,2036-11-01 00:00:00,0
8735,47,3,2036-11-01 00:00:00,0
8736,48,3,2036-11-01 00:00:00,0
8737,45,3,2037-11-01 00:00:00,0
8738,46,3,2037-11-01 00:00:00,0
8739,47,3,2037-11-01 00:00:00,0
8740,48,3,2037-11-01 00:00:00,0
8741,45,3,2038-11-01 00:00:00,0
8742,46,3,2038-11-01 00:00:00,0
8743,47,3,2038-11-01 00:00:00,0
8744,48,3,2038-11-01 00:00:00,0
8745,45,3,2039-11-01 00:00:00,0
8746,46,3,2039-11-01 00:00:00,0
8747,47,3,2039-11-01 00:00:00,0
8748,48,3,2039-11-01 00:00:00,0
8749,45,3,2040-11-01 00:00:00,0
8750,46,3,2040-11-01 00:00:00,0
8751,47,3,2040-11-01 00:00:00,0
8752,48,3,2040-11-01 00:00:00,0
8753,45,3,2041-11-01 00:00:00,0
8754,46,3,2041-11-01 00:00:00,0
8755,47,3,2041-11-01 00:00:00,0
8756,48,3,2041-11-01 00:00:00,0
8757,45,3,2042-11-01 00:00:00,0
8758,46,3,2042-11-01 00:00:00,0
8759,47,3,2042-11-01 00:00:00,0
8760,48,3,2042-11-01 00:00:00,0
8761,45,3,2043-11-01 00:00:00,0
8762,46,3,2043-11-01 00:00:00,0
8763,47,3,2043-11-01 00:00:00,0
8764,48,3,2043-11-01 00:00:00,0
8765,45,3,2044-11-01 00:00:00,0
8766,46,3,2044-11-01 00:00:00,0
8767,47,3,2044-11-01 00:00:00,0
8768,48,3,2044-11-01 00:00:00,0
8769,45,3,2045-11-01 00:00:00,0
8770,46,3,2045-11-01 00:00:00,0
8771,47,3,2045-11-01 00:00:00,0
8772,48,3,2045-11-01 00:00:00,0
8773,45,3,2046-11-01 00:00:00,0
8774,46,3,2046-11-01 00:00:00,0
8775,47,3,2046-11-01 00:00:00,0
8776,48,3,2046-11-01 00:00:00,0
8777,45,3,2047-11-01 00:00:00,0
8778,46,3,2047-11-01 00:00:00,0
8779,47,3,2047-11-01 00:00:00,0
8780,48,3,2047-11-01 00:00:00,0
8781,45,3,2048-11-01 00:00:00,0
8782,46,3,2048-11-01 00:00:00,0
8783,47,3,2048-11-01 00:00:00,0
8784,48,3,2048-11-01 00:00:00,0
8785,45,3,2049-11-01 00:00:00,0
8786,46,3,2049-11-01 00:00:00,0
8787,47,3,2049-11-01 00:00:00,0
8788,48,3,2049-11-01 00:00:00,0
8789,45,3,2050-11-01 00:00:00,0
8790,46,3,2050-11-01 00:00:00,0
8791,47,3,2050-11-01 00:00:00,0
8792,48,3,2050-11-01 00:00:00,0
8793,45,3,2051-11-01 00:00:00,0
8794,46,3,2051-11-01 00:00:00,0
8795,47,3,2051-11-01 00:00:00,0
8796,48,3,2051-11-01 00:00:00,0
8797,45,3,2052-11-01 00:00:00,0
8798,46,3,2052-11-01 00:00:00,0
8799,47,3,2052-11-01 00:00:00,0
8800,48,3,2052-11-01 00:00:00,0
8801,45,3,2053-11-01 00:00:00,0
8802,46,3,2053-11-01 00:00:00,0
8803,47,3,2053-11-01 00:00:00,0
8804,48,3,2053-11-01 00:00:00,0
8805,45,3,2024-04-01 00:00:00,0
8806,46,3,2024-04-01 00:00:00,0
8807,47,3,2024-04-01 00:00:00,0
8808,48,3,2024-04-01 00:00:00,0
8809,45,3,2025-04-01 00:00:00,0
8810,46,3,2025-04-01 00:00:00,0
8811,47,3,2025-04-01 00:00:00,0
8812,48,3,2025-04-01 00:00:00,0
8813,45,3,2026-04-01 00:00:00,0
8814,46,3,2026-04-01 00:00:00,0
8815,47,3,2026-04-01 00:00:00,0
8816,48,3,2026-04-01 00:00:00,0
8817,45,3,2027-04-01 00:00:00,0
8818,46,3,2027-04-01 00:00:00,0
8819,47,3,2027-04-01 00:00:00,0
8820,48,3,2027-04-01 00:00:00,0
8821,45,3,2028-04-01 00:00:00,0
8822,46,3,2028-04-01 00:00:00,0
8823,47,3,2028-04-01 00:00:00,0
8824,48,3,2028-04-01 00:00:00,0
8825,45,3,2029-04-01 00:00:00,0
8826,46,3,2029-04-01 00:00:00,0
8827,47,3,2029-04-01 00:00:00,0
8828,48,3,2029-04-01 00:00:00,0
8829,45,3,2030-04-01 00:00:00,0
8830,46,3,2030-04-01 00:00:00,0
8831,47,3,2030-04-01 00:00:00,0
8832,48,3,2030-04-01 00:00:00,0
8833,45,3,2031-04-01 00:00:00,0
8834,46,3,2031-04-01 00:00:00,0
8835,47,3,2031-04-01 00:00:00,0
8836,48,3,2031-04-01 00:00:00,0
8837,45,3,2032-04-01 00:00:00,0
8838,46,3,2032-04-01 00:00:00,0
8839,47,3,2032-04-01 00:00:00,0
8840,48,3,2032-04-01 00:00:00,0
8841,45,3,2033-04-01 00:00:00,0
8842,46,3,2033-04-01 00:00:00,0
8843,47,3,2033-04-01 00:00:00,0
8844,48,3,2033-04-01 00:00:00,0
8845,45,3,2034-04-01 00:00:00,0
8846,46,3,2034-04-01 00:00:00,0
8847,47,3,2034-04-01 00:00:00,0
8848,48,3,2034-04-01 00:00:00,0
8849,45,3,2035-04-01 00:00:00,0
8850,46,3,2035-04-01 00:00:00,0
8851,47,3,2035-04-01 00:00:00,0
8852,48,3,2035-04-01 00:00:00,0
8853,45,3,2036-04-01 00:00:00,0
8854,46,3,2036-04-01 00:00:00,0
8855,47,3,2036-04-01 00:00:00,0
8856,48,3,2036-04-01 00:00:00,0
8857,45,3,2037-04-01 00:00:00,0
8858,46,3,2037-04-01 00:00:00,0
8859,47,3,2037-04-01 00:00:00,0
8860,48,3,2037-04-01 00:00:00,0
8861,45,3,2038-04-01 00:00:00,0
8862,46,3,2038-04-01 00:00:00,0
8863,47,3,2038-04-01 00:00:00,0
8864,48,3,2038-04-01 00:00:00,0
8865,45,3,2039-04-01 00:00:00,0
8866,46,3,2039-04-01 00:00:00,0
8867,47,3,2039-04-01 00:00:00,0
8868,48,3,2039-04-01 00:00:00,0
8869,45,3,2040-04-01 00:00:00,0
8870,46,3,2040-04-01 00:00:00,0
8871,47,3,2040-04-01 00:00:00,0
8872,48,3,2040-04-01 00:00:00,0
8873,45,3,2041-04-01 00:00:00,0
8874,46,3,2041-04-01 00:00:00,0
8875,47,3,2041-04-01 00:00:00,0
8876,48,3,2041-04-01 00:00:00,0
8877,45,3,2042-04-01 00:00:00,0
8878,46,3,2042-04-01 00:00:00,0
8879,47,3,2042-04-01 00:00:00,0
8880,48,3,2042-04-01 00:00:00,0
8881,45,3,2043-04-01 00:00:00,0
8882,46,3,2043-04-01 00:00:00,0
8883,47,3,2043-04-01 00:00:00,0
8884,48,3,2043-04-01 00:00:00,0
8885,45,3,2044-04-01 00:00:00,0
8886,46,3,2044-04-01 00:00:00,0
8887,47,3,2044-04-01 00:00:00,0
8888,48,3,2044-04-01 00:00:00,0
8889,45,3,2045-04-01 00:00:00,0
8890,46,3,2045-04-01 00:00:00,0
8891,47,3,2045-04-01 00:00:00,0
8892,48,3,2045-04-01 00:00:00,0
8893,45,3,2046-04-01 00:00:00,0
8894,46,3,2046-04-01 00:00:00,0
8895,47,3,2046-04-01 00:00:00,0
8896,48,3,2046-04-01 00:00:00,0
8897,45,3,2047-04-01 00:00:00,0
8898,46,3,2047-04-01 00:00:00,0
8899,47,3,2047-04-01 00:00:00,0
8900,48,3,2047-04-01 00:00:00,0
8901,45,3,2048-04-01 00:00:00,0
8902,46,3,2048-04-01 00:00:00,0
8903,47,3,2048-04-01 00:00:00,0
8904,48,3,2048-04-01 00:00:00,0
8905,45,3,2049-04-01 00:00:00,0
8906,46,3,2049-04-01 00:00:00,0
8907,47,3,2049-04-01 00:00:00,0
8908,48,3,2049-04-01 00:00:00,0
8909,45,3,2050-04-01 00:00:00,0
8910,46,3,2050-04-01 00:00:00,0
8911,47,3,2050-04-01 00:00:00,0
8912,48,3,2050-04-01 00:00:00,0
8913,45,3,2051-04-01 00:00:00,0
8914,46,3,2051-04-01 00:00:00,0
8915,47,3,2051-04-01 00:00:00,0
8916,48,3,2051-04-01 00:00:00,0
8917,45,3,2052-04-01 00:00:00,0
8918,46,3,2052-04-01 00:00:00,0
8919,47,3,2052-04-01 00:00:00,0
8920,48,3,2052-04-01 00:00:00,0
8921,45,3,2053-04-01 00:00:00,0
8922,46,3,2053-04-01 00:00:00,0
8923,47,3,2053-04-01 00:00:00,0
8924,48,3,2053-04-01 00:00:00,0
8925,45,3,2054-04-01 00:00:00,0
8926,46,3,2054-04-01 00:00:00,0
8927,47,3,2054-04-01 00:00:00,0
8928,48,3,2054-04-01 00:00:00,0
