id,ess_id,scenario,date,value
1,1,1,2024-07-01 00:00:00,0
2,1,1,2025-07-01 00:00:00,0
3,1,1,2026-07-01 00:00:00,300
4,1,1,2027-07-01 00:00:00,300
5,1,1,2028-07-01 00:00:00,300
6,1,1,2029-07-01 00:00:00,300
7,1,1,2030-07-01 00:00:00,300
8,1,1,2031-07-01 00:00:00,300
9,1,1,2032-07-01 00:00:00,300
10,1,1,2033-07-01 00:00:00,300
11,1,1,2034-07-01 00:00:00,300
12,1,1,2035-07-01 00:00:00,300
13,1,1,2036-07-01 00:00:00,300
14,1,1,2037-07-01 00:00:00,300
15,1,1,2038-07-01 00:00:00,300
16,1,1,2039-07-01 00:00:00,300
17,1,1,2040-07-01 00:00:00,300
18,1,1,2041-07-01 00:00:00,300
19,1,1,2042-07-01 00:00:00,300
20,1,1,2043-07-01 00:00:00,300
21,1,1,2044-07-01 00:00:00,300
22,1,1,2045-07-01 00:00:00,300
23,1,1,2046-07-01 00:00:00,0
24,1,1,2047-07-01 00:00:00,0
25,1,1,2048-07-01 00:00:00,0
26,1,1,2049-07-01 00:00:00,0
27,1,1,2050-07-01 00:00:00,0
28,1,2,2024-07-01 00:00:00,0
29,1,2,2025-07-01 00:00:00,0
30,1,2,2026-07-01 00:00:00,300
31,1,2,2027-07-01 00:00:00,300
32,1,2,2028-07-01 00:00:00,300
33,1,2,2029-07-01 00:00:00,300
34,1,2,2030-07-01 00:00:00,300
35,1,2,2031-07-01 00:00:00,300
36,1,2,2032-07-01 00:00:00,300
37,1,2,2033-07-01 00:00:00,300
38,1,2,2034-07-01 00:00:00,300
39,1,2,2035-07-01 00:00:00,300
40,1,2,2036-07-01 00:00:00,300
41,1,2,2037-07-01 00:00:00,300
42,1,2,2038-07-01 00:00:00,300
43,1,2,2039-07-01 00:00:00,300
44,1,2,2040-07-01 00:00:00,300
45,1,2,2041-07-01 00:00:00,300
46,1,2,2042-07-01 00:00:00,300
47,1,2,2043-07-01 00:00:00,300
48,1,2,2044-07-01 00:00:00,300
49,1,2,2045-07-01 00:00:00,300
50,1,2,2046-07-01 00:00:00,0
51,1,2,2047-07-01 00:00:00,0
52,1,2,2048-07-01 00:00:00,0
53,1,2,2049-07-01 00:00:00,0
54,1,2,2050-07-01 00:00:00,0
55,1,3,2024-07-01 00:00:00,0
56,1,3,2025-07-01 00:00:00,0
57,1,3,2026-07-01 00:00:00,300
58,1,3,2027-07-01 00:00:00,300
59,1,3,2028-07-01 00:00:00,300
60,1,3,2029-07-01 00:00:00,300
61,1,3,2030-07-01 00:00:00,300
62,1,3,2031-07-01 00:00:00,300
63,1,3,2032-07-01 00:00:00,300
64,1,3,2033-07-01 00:00:00,300
65,1,3,2034-07-01 00:00:00,300
66,1,3,2035-07-01 00:00:00,300
67,1,3,2036-07-01 00:00:00,300
68,1,3,2037-07-01 00:00:00,300
69,1,3,2038-07-01 00:00:00,300
70,1,3,2039-07-01 00:00:00,300
71,1,3,2040-07-01 00:00:00,300
72,1,3,2041-07-01 00:00:00,300
73,1,3,2042-07-01 00:00:00,300
74,1,3,2043-07-01 00:00:00,300
75,1,3,2044-07-01 00:00:00,300
76,1,3,2045-07-01 00:00:00,300
77,1,3,2046-07-01 00:00:00,0
78,1,3,2047-07-01 00:00:00,0
79,1,3,2048-07-01 00:00:00,0
80,1,3,2049-07-01 00:00:00,0
81,1,3,2050-07-01 00:00:00,0
82,2,1,2024-07-01 00:00:00,250
83,2,1,2025-07-01 00:00:00,250
84,2,1,2026-07-01 00:00:00,250
85,2,1,2027-07-01 00:00:00,250.00001944
86,2,1,2028-07-01 00:00:00,250.0000238
87,2,1,2029-07-01 00:00:00,250.00003607
88,2,1,2030-07-01 00:00:00,250.00003607
89,2,1,2031-07-01 00:00:00,250.00003607
90,2,1,2032-07-01 00:00:00,250.00003607
91,2,1,2033-07-01 00:00:00,250.00004365
92,2,1,2034-07-01 00:00:00,250.00004365
93,2,1,2035-07-01 00:00:00,250.00004365
94,2,1,2036-07-01 00:00:00,250.00007897
95,2,1,2037-07-01 00:00:00,250.00010283
96,2,1,2038-07-01 00:00:00,250.00011117
97,2,1,2039-07-01 00:00:00,250.00011117
98,2,1,2040-07-01 00:00:00,250.00011117
99,2,1,2041-07-01 00:00:00,250.00011117
100,2,1,2042-07-01 00:00:00,250.00011117
101,2,1,2043-07-01 00:00:00,250.00011117
102,2,1,2044-07-01 00:00:00,250.00011117
103,2,1,2045-07-01 00:00:00,250.00013668
104,2,1,2046-07-01 00:00:00,250.00026853
105,2,1,2047-07-01 00:00:00,250.00024909
106,2,1,2048-07-01 00:00:00,250.00024473
107,2,1,2049-07-01 00:00:00,250.00023777
108,2,1,2050-07-01 00:00:00,250.00023777
109,2,2,2024-07-01 00:00:00,250
110,2,2,2025-07-01 00:00:00,250
111,2,2,2026-07-01 00:00:00,250
112,2,2,2027-07-01 00:00:00,250.00001533
113,2,2,2028-07-01 00:00:00,250.00002147
114,2,2,2029-07-01 00:00:00,250.00004669
115,2,2,2030-07-01 00:00:00,250.00004669
116,2,2,2031-07-01 00:00:00,250.00005009
117,2,2,2032-07-01 00:00:00,250.00005287
118,2,2,2033-07-01 00:00:00,250.00005287
119,2,2,2034-07-01 00:00:00,250.00005965
120,2,2,2035-07-01 00:00:00,250.00005965
121,2,2,2036-07-01 00:00:00,250.00005965
122,2,2,2037-07-01 00:00:00,250.00005965
123,2,2,2038-07-01 00:00:00,250.00006377
124,2,2,2039-07-01 00:00:00,250.00006733
125,2,2,2040-07-01 00:00:00,250.00007157
126,2,2,2041-07-01 00:00:00,250.00007157
127,2,2,2042-07-01 00:00:00,250.00007573
128,2,2,2043-07-01 00:00:00,250.00007801
129,2,2,2044-07-01 00:00:00,250.00008727
130,2,2,2045-07-01 00:00:00,250.00009389
131,2,2,2046-07-01 00:00:00,250.00009389
132,2,2,2047-07-01 00:00:00,250.00007856
133,2,2,2048-07-01 00:00:00,250.00008143
134,2,2,2049-07-01 00:00:00,250.00009453
135,2,2,2050-07-01 00:00:00,250.00009453
136,2,3,2024-07-01 00:00:00,250
137,2,3,2025-07-01 00:00:00,250
138,2,3,2026-07-01 00:00:00,250
139,2,3,2027-07-01 00:00:00,250.0000526
140,2,3,2028-07-01 00:00:00,250.00044914
141,2,3,2029-07-01 00:00:00,250.00044914
142,2,3,2030-07-01 00:00:00,762.52640505
143,2,3,2031-07-01 00:00:00,762.52640821
144,2,3,2032-07-01 00:00:00,762.52640821
145,2,3,2033-07-01 00:00:00,762.52640821
146,2,3,2034-07-01 00:00:00,762.52640821
147,2,3,2035-07-01 00:00:00,762.526411
148,2,3,2036-07-01 00:00:00,762.52642027
149,2,3,2037-07-01 00:00:00,762.52642027
150,2,3,2038-07-01 00:00:00,762.52642027
151,2,3,2039-07-01 00:00:00,762.52642027
152,2,3,2040-07-01 00:00:00,762.52642027
153,2,3,2041-07-01 00:00:00,762.52642027
154,2,3,2042-07-01 00:00:00,762.52642027
155,2,3,2043-07-01 00:00:00,904.27781508
156,2,3,2044-07-01 00:00:00,1206.4003428400001
157,2,3,2045-07-01 00:00:00,3088.76695517
158,2,3,2046-07-01 00:00:00,3088.76695517
159,2,3,2047-07-01 00:00:00,3088.76690257
160,2,3,2048-07-01 00:00:00,4119.47382144
161,2,3,2049-07-01 00:00:00,8931.38822449
162,2,3,2050-07-01 00:00:00,8558.13036743
163,3,1,2024-07-01 00:00:00,50
164,3,1,2025-07-01 00:00:00,50
165,3,1,2026-07-01 00:00:00,50
166,3,1,2027-07-01 00:00:00,200
167,3,1,2028-07-01 00:00:00,200
168,3,1,2029-07-01 00:00:00,200
169,3,1,2030-07-01 00:00:00,200
170,3,1,2031-07-01 00:00:00,200
171,3,1,2032-07-01 00:00:00,200
172,3,1,2033-07-01 00:00:00,200
173,3,1,2034-07-01 00:00:00,200
174,3,1,2035-07-01 00:00:00,200
175,3,1,2036-07-01 00:00:00,200
176,3,1,2037-07-01 00:00:00,200
177,3,1,2038-07-01 00:00:00,200
178,3,1,2039-07-01 00:00:00,200
179,3,1,2040-07-01 00:00:00,200
180,3,1,2041-07-01 00:00:00,200
181,3,1,2042-07-01 00:00:00,150
182,3,1,2043-07-01 00:00:00,150
183,3,1,2044-07-01 00:00:00,150
184,3,1,2045-07-01 00:00:00,150
185,3,1,2046-07-01 00:00:00,150
186,3,1,2047-07-01 00:00:00,0
187,3,1,2048-07-01 00:00:00,0
188,3,1,2049-07-01 00:00:00,0
189,3,1,2050-07-01 00:00:00,0
190,3,2,2024-07-01 00:00:00,50
191,3,2,2025-07-01 00:00:00,50
192,3,2,2026-07-01 00:00:00,50
193,3,2,2027-07-01 00:00:00,200
194,3,2,2028-07-01 00:00:00,200
195,3,2,2029-07-01 00:00:00,200
196,3,2,2030-07-01 00:00:00,200
197,3,2,2031-07-01 00:00:00,200
198,3,2,2032-07-01 00:00:00,200
199,3,2,2033-07-01 00:00:00,200
200,3,2,2034-07-01 00:00:00,200
201,3,2,2035-07-01 00:00:00,200
202,3,2,2036-07-01 00:00:00,200
203,3,2,2037-07-01 00:00:00,200
204,3,2,2038-07-01 00:00:00,200
205,3,2,2039-07-01 00:00:00,200
206,3,2,2040-07-01 00:00:00,200
207,3,2,2041-07-01 00:00:00,200
208,3,2,2042-07-01 00:00:00,150
209,3,2,2043-07-01 00:00:00,150
210,3,2,2044-07-01 00:00:00,150
211,3,2,2045-07-01 00:00:00,150
212,3,2,2046-07-01 00:00:00,150
213,3,2,2047-07-01 00:00:00,0
214,3,2,2048-07-01 00:00:00,0
215,3,2,2049-07-01 00:00:00,0
216,3,2,2050-07-01 00:00:00,0
217,3,3,2024-07-01 00:00:00,50
218,3,3,2025-07-01 00:00:00,50
219,3,3,2026-07-01 00:00:00,50
220,3,3,2027-07-01 00:00:00,200
221,3,3,2028-07-01 00:00:00,200
222,3,3,2029-07-01 00:00:00,200
223,3,3,2030-07-01 00:00:00,200
224,3,3,2031-07-01 00:00:00,200
225,3,3,2032-07-01 00:00:00,200
226,3,3,2033-07-01 00:00:00,200
227,3,3,2034-07-01 00:00:00,200
228,3,3,2035-07-01 00:00:00,200
229,3,3,2036-07-01 00:00:00,200
230,3,3,2037-07-01 00:00:00,200
231,3,3,2038-07-01 00:00:00,200
232,3,3,2039-07-01 00:00:00,200
233,3,3,2040-07-01 00:00:00,200
234,3,3,2041-07-01 00:00:00,200
235,3,3,2042-07-01 00:00:00,150
236,3,3,2043-07-01 00:00:00,150
237,3,3,2044-07-01 00:00:00,150
238,3,3,2045-07-01 00:00:00,150
239,3,3,2046-07-01 00:00:00,150
240,3,3,2047-07-01 00:00:00,0
241,3,3,2048-07-01 00:00:00,0
242,3,3,2049-07-01 00:00:00,0
243,3,3,2050-07-01 00:00:00,0
244,4,1,2024-07-01 00:00:00,0
245,4,1,2025-07-01 00:00:00,0
246,4,1,2026-07-01 00:00:00,0
247,4,1,2027-07-01 00:00:00,0.000027570000000000002
248,4,1,2028-07-01 00:00:00,0.00003391
249,4,1,2029-07-01 00:00:00,0.00005677
250,4,1,2030-07-01 00:00:00,0.00006866
251,4,1,2031-07-01 00:00:00,0.00007423
252,4,1,2032-07-01 00:00:00,0.00007863
253,4,1,2033-07-01 00:00:00,0.00011276
254,4,1,2034-07-01 00:00:00,0.00011276
255,4,1,2035-07-01 00:00:00,0.00011276
256,4,1,2036-07-01 00:00:00,0.00016942999999999998
257,4,1,2037-07-01 00:00:00,0.00023324
258,4,1,2038-07-01 00:00:00,0.00024591
259,4,1,2039-07-01 00:00:00,0.00024591
260,4,1,2040-07-01 00:00:00,0.00024591
261,4,1,2041-07-01 00:00:00,0.00024917
262,4,1,2042-07-01 00:00:00,0.00024917
263,4,1,2043-07-01 00:00:00,0.00025605
264,4,1,2044-07-01 00:00:00,0.00028073999999999997
265,4,1,2045-07-01 00:00:00,0.00031297
266,4,1,2046-07-01 00:00:00,69.99510504999999
267,4,1,2047-07-01 00:00:00,156.50182368000003
268,4,1,2048-07-01 00:00:00,156.50241536000001
269,4,1,2049-07-01 00:00:00,559.98085899
270,4,1,2050-07-01 00:00:00,559.98085899
271,4,2,2024-07-01 00:00:00,0
272,4,2,2025-07-01 00:00:00,0
273,4,2,2026-07-01 00:00:00,0
274,4,2,2027-07-01 00:00:00,0.00000682
275,4,2,2028-07-01 00:00:00,0.00000881
276,4,2,2029-07-01 00:00:00,0.00003107
277,4,2,2030-07-01 00:00:00,0.00003107
278,4,2,2031-07-01 00:00:00,0.00003338
279,4,2,2032-07-01 00:00:00,0.00003473
280,4,2,2033-07-01 00:00:00,0.00003598
281,4,2,2034-07-01 00:00:00,0.00007995
282,4,2,2035-07-01 00:00:00,0.00007995
283,4,2,2036-07-01 00:00:00,0.00007995
284,4,2,2037-07-01 00:00:00,0.00008523
285,4,2,2038-07-01 00:00:00,0.00008693
286,4,2,2039-07-01 00:00:00,0.00008943
287,4,2,2040-07-01 00:00:00,0.00009143
288,4,2,2041-07-01 00:00:00,0.00009636
289,4,2,2042-07-01 00:00:00,0.00010294
290,4,2,2043-07-01 00:00:00,0.00010878
291,4,2,2044-07-01 00:00:00,0.00011905
292,4,2,2045-07-01 00:00:00,0.00013718
293,4,2,2046-07-01 00:00:00,0.00013718
294,4,2,2047-07-01 00:00:00,0.00013036
295,4,2,2048-07-01 00:00:00,233.8961304
296,4,2,2049-07-01 00:00:00,233.89610815
297,4,2,2050-07-01 00:00:00,233.89610815
298,4,3,2024-07-01 00:00:00,0
299,4,3,2025-07-01 00:00:00,0
300,4,3,2026-07-01 00:00:00,0
301,4,3,2027-07-01 00:00:00,0.00005654
302,4,3,2028-07-01 00:00:00,16.67595457
303,4,3,2029-07-01 00:00:00,346.48140903
304,4,3,2030-07-01 00:00:00,1103.8986357
305,4,3,2031-07-01 00:00:00,1103.89863681
306,4,3,2032-07-01 00:00:00,1103.89863681
307,4,3,2033-07-01 00:00:00,1103.89863681
308,4,3,2034-07-01 00:00:00,1103.89863681
309,4,3,2035-07-01 00:00:00,1103.89863681
310,4,3,2036-07-01 00:00:00,1103.89863953
311,4,3,2037-07-01 00:00:00,1103.89863953
312,4,3,2038-07-01 00:00:00,1103.89863953
313,4,3,2039-07-01 00:00:00,1103.89863953
314,4,3,2040-07-01 00:00:00,1103.89863953
315,4,3,2041-07-01 00:00:00,1103.89863953
316,4,3,2042-07-01 00:00:00,1103.89863953
317,4,3,2043-07-01 00:00:00,1103.89863953
318,4,3,2044-07-01 00:00:00,1103.89863953
319,4,3,2045-07-01 00:00:00,1103.89863953
320,4,3,2046-07-01 00:00:00,1103.89863953
321,4,3,2047-07-01 00:00:00,1103.898583
322,4,3,2048-07-01 00:00:00,1087.22268496
323,4,3,2049-07-01 00:00:00,757.4172305
324,4,3,2050-07-01 00:00:00,1309.15408326
325,5,1,2024-07-01 00:00:00,0
326,5,1,2025-07-01 00:00:00,0
327,5,1,2026-07-01 00:00:00,0
328,5,1,2027-07-01 00:00:00,0
329,5,1,2028-07-01 00:00:00,0
330,5,1,2029-07-01 00:00:00,0
331,5,1,2030-07-01 00:00:00,0.00001064
332,5,1,2031-07-01 00:00:00,0.0000123
333,5,1,2032-07-01 00:00:00,0.0000123
334,5,1,2033-07-01 00:00:00,0.00002829
335,5,1,2034-07-01 00:00:00,0.00002829
336,5,1,2035-07-01 00:00:00,0.00002829
337,5,1,2036-07-01 00:00:00,0.00003726
338,5,1,2037-07-01 00:00:00,0.00004435
339,5,1,2038-07-01 00:00:00,0.00004824
340,5,1,2039-07-01 00:00:00,0.00004824
341,5,1,2040-07-01 00:00:00,0.00004824
342,5,1,2041-07-01 00:00:00,0.00005086
343,5,1,2042-07-01 00:00:00,0.00005086
344,5,1,2043-07-01 00:00:00,0.00005086
345,5,1,2044-07-01 00:00:00,0.00020271
346,5,1,2045-07-01 00:00:00,0.00021492
347,5,1,2046-07-01 00:00:00,0.00022063
348,5,1,2047-07-01 00:00:00,0.00023285
349,5,1,2048-07-01 00:00:00,47.97531087
350,5,1,2049-07-01 00:00:00,365.55382776
351,5,1,2050-07-01 00:00:00,365.55382776
352,5,2,2024-07-01 00:00:00,0
353,5,2,2025-07-01 00:00:00,0
354,5,2,2026-07-01 00:00:00,0
355,5,2,2027-07-01 00:00:00,0
356,5,2,2028-07-01 00:00:00,0
357,5,2,2029-07-01 00:00:00,0
358,5,2,2030-07-01 00:00:00,80.67560368
359,5,2,2031-07-01 00:00:00,80.67560368
360,5,2,2032-07-01 00:00:00,80.67560368
361,5,2,2033-07-01 00:00:00,80.67560368
362,5,2,2034-07-01 00:00:00,80.67560368
363,5,2,2035-07-01 00:00:00,80.67560368
364,5,2,2036-07-01 00:00:00,80.67560368
365,5,2,2037-07-01 00:00:00,80.67560368
366,5,2,2038-07-01 00:00:00,80.67560368
367,5,2,2039-07-01 00:00:00,80.67560368
368,5,2,2040-07-01 00:00:00,80.67560368
369,5,2,2041-07-01 00:00:00,80.67560368
370,5,2,2042-07-01 00:00:00,80.67560368
371,5,2,2043-07-01 00:00:00,80.67560368
372,5,2,2044-07-01 00:00:00,80.67560525
373,5,2,2045-07-01 00:00:00,80.67560525
374,5,2,2046-07-01 00:00:00,80.67560525
375,5,2,2047-07-01 00:00:00,80.67560525
376,5,2,2048-07-01 00:00:00,80.67560525
377,5,2,2049-07-01 00:00:00,80.67560525
378,5,2,2050-07-01 00:00:00,80.67560525
379,5,3,2024-07-01 00:00:00,0
380,5,3,2025-07-01 00:00:00,0
381,5,3,2026-07-01 00:00:00,0
382,5,3,2027-07-01 00:00:00,0
383,5,3,2028-07-01 00:00:00,0
384,5,3,2029-07-01 00:00:00,0
385,5,3,2030-07-01 00:00:00,222
386,5,3,2031-07-01 00:00:00,222
387,5,3,2032-07-01 00:00:00,222
388,5,3,2033-07-01 00:00:00,222
389,5,3,2034-07-01 00:00:00,222
390,5,3,2035-07-01 00:00:00,222
391,5,3,2036-07-01 00:00:00,222
392,5,3,2037-07-01 00:00:00,222
393,5,3,2038-07-01 00:00:00,222
394,5,3,2039-07-01 00:00:00,222
395,5,3,2040-07-01 00:00:00,222
396,5,3,2041-07-01 00:00:00,222
397,5,3,2042-07-01 00:00:00,222
398,5,3,2043-07-01 00:00:00,222
399,5,3,2044-07-01 00:00:00,222
400,5,3,2045-07-01 00:00:00,222
401,5,3,2046-07-01 00:00:00,222
402,5,3,2047-07-01 00:00:00,222
403,5,3,2048-07-01 00:00:00,222
404,5,3,2049-07-01 00:00:00,222
405,5,3,2050-07-01 00:00:00,222
406,6,1,2024-07-01 00:00:00,0
407,6,1,2025-07-01 00:00:00,400
408,6,1,2026-07-01 00:00:00,400
409,6,1,2027-07-01 00:00:00,400
410,6,1,2028-07-01 00:00:00,400
411,6,1,2029-07-01 00:00:00,400
412,6,1,2030-07-01 00:00:00,400
413,6,1,2031-07-01 00:00:00,400
414,6,1,2032-07-01 00:00:00,400
415,6,1,2033-07-01 00:00:00,400
416,6,1,2034-07-01 00:00:00,400
417,6,1,2035-07-01 00:00:00,400
418,6,1,2036-07-01 00:00:00,400
419,6,1,2037-07-01 00:00:00,400
420,6,1,2038-07-01 00:00:00,400
421,6,1,2039-07-01 00:00:00,400
422,6,1,2040-07-01 00:00:00,400
423,6,1,2041-07-01 00:00:00,400
424,6,1,2042-07-01 00:00:00,400
425,6,1,2043-07-01 00:00:00,400
426,6,1,2044-07-01 00:00:00,400
427,6,1,2045-07-01 00:00:00,0
428,6,1,2046-07-01 00:00:00,0
429,6,1,2047-07-01 00:00:00,0
430,6,1,2048-07-01 00:00:00,0
431,6,1,2049-07-01 00:00:00,0
432,6,1,2050-07-01 00:00:00,0
433,6,2,2024-07-01 00:00:00,0
434,6,2,2025-07-01 00:00:00,400
435,6,2,2026-07-01 00:00:00,400
436,6,2,2027-07-01 00:00:00,400
437,6,2,2028-07-01 00:00:00,400
438,6,2,2029-07-01 00:00:00,400
439,6,2,2030-07-01 00:00:00,400
440,6,2,2031-07-01 00:00:00,400
441,6,2,2032-07-01 00:00:00,400
442,6,2,2033-07-01 00:00:00,400
443,6,2,2034-07-01 00:00:00,400
444,6,2,2035-07-01 00:00:00,400
445,6,2,2036-07-01 00:00:00,400
446,6,2,2037-07-01 00:00:00,400
447,6,2,2038-07-01 00:00:00,400
448,6,2,2039-07-01 00:00:00,400
449,6,2,2040-07-01 00:00:00,400
450,6,2,2041-07-01 00:00:00,400
451,6,2,2042-07-01 00:00:00,400
452,6,2,2043-07-01 00:00:00,400
453,6,2,2044-07-01 00:00:00,400
454,6,2,2045-07-01 00:00:00,0
455,6,2,2046-07-01 00:00:00,0
456,6,2,2047-07-01 00:00:00,0
457,6,2,2048-07-01 00:00:00,0
458,6,2,2049-07-01 00:00:00,0
459,6,2,2050-07-01 00:00:00,0
460,6,3,2024-07-01 00:00:00,0
461,6,3,2025-07-01 00:00:00,400
462,6,3,2026-07-01 00:00:00,400
463,6,3,2027-07-01 00:00:00,400
464,6,3,2028-07-01 00:00:00,400
465,6,3,2029-07-01 00:00:00,400
466,6,3,2030-07-01 00:00:00,400
467,6,3,2031-07-01 00:00:00,400
468,6,3,2032-07-01 00:00:00,400
469,6,3,2033-07-01 00:00:00,400
470,6,3,2034-07-01 00:00:00,400
471,6,3,2035-07-01 00:00:00,400
472,6,3,2036-07-01 00:00:00,400
473,6,3,2037-07-01 00:00:00,400
474,6,3,2038-07-01 00:00:00,400
475,6,3,2039-07-01 00:00:00,400
476,6,3,2040-07-01 00:00:00,400
477,6,3,2041-07-01 00:00:00,400
478,6,3,2042-07-01 00:00:00,400
479,6,3,2043-07-01 00:00:00,400
480,6,3,2044-07-01 00:00:00,400
481,6,3,2045-07-01 00:00:00,0
482,6,3,2046-07-01 00:00:00,0
483,6,3,2047-07-01 00:00:00,0
484,6,3,2048-07-01 00:00:00,0
485,6,3,2049-07-01 00:00:00,0
486,6,3,2050-07-01 00:00:00,0
487,7,1,2024-07-01 00:00:00,0
488,7,1,2025-07-01 00:00:00,0
489,7,1,2026-07-01 00:00:00,0
490,7,1,2027-07-01 00:00:00,0.00002504
491,7,1,2028-07-01 00:00:00,0.00002504
492,7,1,2029-07-01 00:00:00,0.000055730000000000003
493,7,1,2030-07-01 00:00:00,0.000055730000000000003
494,7,1,2031-07-01 00:00:00,0.00006106
495,7,1,2032-07-01 00:00:00,0.00006481999999999999
496,7,1,2033-07-01 00:00:00,0.0000732
497,7,1,2034-07-01 00:00:00,0.0000732
498,7,1,2035-07-01 00:00:00,0.0000732
499,7,1,2036-07-01 00:00:00,0.00011748999999999999
500,7,1,2037-07-01 00:00:00,0.00017775
501,7,1,2038-07-01 00:00:00,0.00018637
502,7,1,2039-07-01 00:00:00,0.00018637
503,7,1,2040-07-01 00:00:00,0.00018637
504,7,1,2041-07-01 00:00:00,0.00018779000000000002
505,7,1,2042-07-01 00:00:00,0.00018779000000000002
506,7,1,2043-07-01 00:00:00,0.00019251
507,7,1,2044-07-01 00:00:00,0.00020801
508,7,1,2045-07-01 00:00:00,0.00023895
509,7,1,2046-07-01 00:00:00,68.1545726
510,7,1,2047-07-01 00:00:00,68.15644784000001
511,7,1,2048-07-01 00:00:00,68.15648423
512,7,1,2049-07-01 00:00:00,589.44969881
513,7,1,2050-07-01 00:00:00,589.44969881
514,7,2,2024-07-01 00:00:00,0
515,7,2,2025-07-01 00:00:00,0
516,7,2,2026-07-01 00:00:00,0
517,7,2,2027-07-01 00:00:00,0.00000566
518,7,2,2028-07-01 00:00:00,0.00000566
519,7,2,2029-07-01 00:00:00,0.00001269
520,7,2,2030-07-01 00:00:00,0.00001593
521,7,2,2031-07-01 00:00:00,0.00001887
522,7,2,2032-07-01 00:00:00,0.00001887
523,7,2,2033-07-01 00:00:00,0.00002311
524,7,2,2034-07-01 00:00:00,0.00007988
525,7,2,2035-07-01 00:00:00,0.00007988
526,7,2,2036-07-01 00:00:00,0.00007988
527,7,2,2037-07-01 00:00:00,0.00008522
528,7,2,2038-07-01 00:00:00,0.00008709
529,7,2,2039-07-01 00:00:00,0.00008917
530,7,2,2040-07-01 00:00:00,0.0000922
531,7,2,2041-07-01 00:00:00,0.00009708
532,7,2,2042-07-01 00:00:00,0.00010108
533,7,2,2043-07-01 00:00:00,0.00010371
534,7,2,2044-07-01 00:00:00,0.00011505
535,7,2,2045-07-01 00:00:00,0.00013607
536,7,2,2046-07-01 00:00:00,0.00013607
537,7,2,2047-07-01 00:00:00,0.00013041
538,7,2,2048-07-01 00:00:00,234.49080509
539,7,2,2049-07-01 00:00:00,234.49079805
540,7,2,2050-07-01 00:00:00,234.49079481
541,7,3,2024-07-01 00:00:00,0
542,7,3,2025-07-01 00:00:00,0
543,7,3,2026-07-01 00:00:00,0
544,7,3,2027-07-01 00:00:00,0.0000194
545,7,3,2028-07-01 00:00:00,0.0000194
546,7,3,2029-07-01 00:00:00,0.0000194
547,7,3,2030-07-01 00:00:00,1251.54617921
548,7,3,2031-07-01 00:00:00,1251.54618063
549,7,3,2032-07-01 00:00:00,1251.54618063
550,7,3,2033-07-01 00:00:00,1251.54618063
551,7,3,2034-07-01 00:00:00,1251.54618063
552,7,3,2035-07-01 00:00:00,1251.54618063
553,7,3,2036-07-01 00:00:00,1251.54618063
554,7,3,2037-07-01 00:00:00,1251.54618063
555,7,3,2038-07-01 00:00:00,1251.54618063
556,7,3,2039-07-01 00:00:00,1251.54618063
557,7,3,2040-07-01 00:00:00,1251.54618063
558,7,3,2041-07-01 00:00:00,1251.54618063
559,7,3,2042-07-01 00:00:00,1251.54618063
560,7,3,2043-07-01 00:00:00,1251.54618063
561,7,3,2044-07-01 00:00:00,1251.54618063
562,7,3,2045-07-01 00:00:00,1251.54618063
563,7,3,2046-07-01 00:00:00,1251.54618063
564,7,3,2047-07-01 00:00:00,1251.54616123
565,7,3,2048-07-01 00:00:00,1251.54616123
566,7,3,2049-07-01 00:00:00,1251.54616123
567,7,3,2050-07-01 00:00:00,836.6183878
568,8,1,2024-07-01 00:00:00,853.76
569,8,1,2025-07-01 00:00:00,1159.76
570,8,1,2026-07-01 00:00:00,1159.76
571,8,1,2027-07-01 00:00:00,1159.76
572,8,1,2028-07-01 00:00:00,1159.76
573,8,1,2029-07-01 00:00:00,1159.76
574,8,1,2030-07-01 00:00:00,1159.76
575,8,1,2031-07-01 00:00:00,1159.76
576,8,1,2032-07-01 00:00:00,1159.76
577,8,1,2033-07-01 00:00:00,1159.76
578,8,1,2034-07-01 00:00:00,1159.76
579,8,1,2035-07-01 00:00:00,1159.76
580,8,1,2036-07-01 00:00:00,1159.76
581,8,1,2037-07-01 00:00:00,1159.76
582,8,1,2038-07-01 00:00:00,1059.76
583,8,1,2039-07-01 00:00:00,1059.76
584,8,1,2040-07-01 00:00:00,1059.76
585,8,1,2041-07-01 00:00:00,1059.76
586,8,1,2042-07-01 00:00:00,1059.76
587,8,1,2043-07-01 00:00:00,1059.76
588,8,1,2044-07-01 00:00:00,759.76
589,8,1,2045-07-01 00:00:00,509.76
590,8,1,2046-07-01 00:00:00,509.76
591,8,1,2047-07-01 00:00:00,509.76
592,8,1,2048-07-01 00:00:00,254.96
593,8,1,2049-07-01 00:00:00,254.96
594,8,1,2050-07-01 00:00:00,254.96
595,8,2,2024-07-01 00:00:00,853.76
596,8,2,2025-07-01 00:00:00,1159.76
597,8,2,2026-07-01 00:00:00,1159.76
598,8,2,2027-07-01 00:00:00,1159.76
599,8,2,2028-07-01 00:00:00,1159.76
600,8,2,2029-07-01 00:00:00,1159.76
601,8,2,2030-07-01 00:00:00,1159.76
602,8,2,2031-07-01 00:00:00,1159.76
603,8,2,2032-07-01 00:00:00,1159.76
604,8,2,2033-07-01 00:00:00,1159.76
605,8,2,2034-07-01 00:00:00,1159.76
606,8,2,2035-07-01 00:00:00,1159.76
607,8,2,2036-07-01 00:00:00,1159.76
608,8,2,2037-07-01 00:00:00,1159.76
609,8,2,2038-07-01 00:00:00,1059.76
610,8,2,2039-07-01 00:00:00,1059.76
611,8,2,2040-07-01 00:00:00,1059.76
612,8,2,2041-07-01 00:00:00,1059.76
613,8,2,2042-07-01 00:00:00,1059.76
614,8,2,2043-07-01 00:00:00,1059.76
615,8,2,2044-07-01 00:00:00,759.76
616,8,2,2045-07-01 00:00:00,509.76
617,8,2,2046-07-01 00:00:00,509.76
618,8,2,2047-07-01 00:00:00,509.76
619,8,2,2048-07-01 00:00:00,254.96
620,8,2,2049-07-01 00:00:00,254.96
621,8,2,2050-07-01 00:00:00,254.96
622,8,3,2024-07-01 00:00:00,853.76
623,8,3,2025-07-01 00:00:00,1159.76
624,8,3,2026-07-01 00:00:00,1159.76
625,8,3,2027-07-01 00:00:00,1159.76
626,8,3,2028-07-01 00:00:00,1159.76
627,8,3,2029-07-01 00:00:00,1159.76
628,8,3,2030-07-01 00:00:00,1159.76
629,8,3,2031-07-01 00:00:00,1159.76
630,8,3,2032-07-01 00:00:00,1159.76
631,8,3,2033-07-01 00:00:00,1159.76
632,8,3,2034-07-01 00:00:00,1159.76
633,8,3,2035-07-01 00:00:00,1159.76
634,8,3,2036-07-01 00:00:00,1159.76
635,8,3,2037-07-01 00:00:00,1159.76
636,8,3,2038-07-01 00:00:00,1059.76
637,8,3,2039-07-01 00:00:00,1059.76
638,8,3,2040-07-01 00:00:00,1059.76
639,8,3,2041-07-01 00:00:00,1059.76
640,8,3,2042-07-01 00:00:00,1059.76
641,8,3,2043-07-01 00:00:00,1059.76
642,8,3,2044-07-01 00:00:00,759.76
643,8,3,2045-07-01 00:00:00,509.76
644,8,3,2046-07-01 00:00:00,509.76
645,8,3,2047-07-01 00:00:00,509.76
646,8,3,2048-07-01 00:00:00,254.96
647,8,3,2049-07-01 00:00:00,254.96
648,8,3,2050-07-01 00:00:00,254.96
649,9,1,2024-07-01 00:00:00,570
650,9,1,2025-07-01 00:00:00,570
651,9,1,2026-07-01 00:00:00,570
652,9,1,2027-07-01 00:00:00,570.00002001
653,9,1,2028-07-01 00:00:00,570.00002602
654,9,1,2029-07-01 00:00:00,570.0000471
655,9,1,2030-07-01 00:00:00,570.0000471
656,9,1,2031-07-01 00:00:00,570.00005221
657,9,1,2032-07-01 00:00:00,570.00006056
658,9,1,2033-07-01 00:00:00,570.00006492
659,9,1,2034-07-01 00:00:00,570.00006492
660,9,1,2035-07-01 00:00:00,570.00006492
661,9,1,2036-07-01 00:00:00,570.00009231
662,9,1,2037-07-01 00:00:00,570.0001479
663,9,1,2038-07-01 00:00:00,570.00015388
664,9,1,2039-07-01 00:00:00,570.00015388
665,9,1,2040-07-01 00:00:00,570.00015388
666,9,1,2041-07-01 00:00:00,570.00015388
667,9,1,2042-07-01 00:00:00,570.00015388
668,9,1,2043-07-01 00:00:00,570.00015388
669,9,1,2044-07-01 00:00:00,570.00015941
670,9,1,2045-07-01 00:00:00,570.00017183
671,9,1,2046-07-01 00:00:00,1124.22681551
672,9,1,2047-07-01 00:00:00,1124.2267955
673,9,1,2048-07-01 00:00:00,1124.22678949
674,9,1,2049-07-01 00:00:00,1370.9237231500001
675,9,1,2050-07-01 00:00:00,1370.9237231500001
676,9,2,2024-07-01 00:00:00,570
677,9,2,2025-07-01 00:00:00,570
678,9,2,2026-07-01 00:00:00,570
679,9,2,2027-07-01 00:00:00,570.0000165
680,9,2,2028-07-01 00:00:00,570.00002762
681,9,2,2029-07-01 00:00:00,574.13750865
682,9,2,2030-07-01 00:00:00,574.13750865
683,9,2,2031-07-01 00:00:00,574.13750865
684,9,2,2032-07-01 00:00:00,574.13750865
685,9,2,2033-07-01 00:00:00,574.13750865
686,9,2,2034-07-01 00:00:00,574.13750865
687,9,2,2035-07-01 00:00:00,574.13750865
688,9,2,2036-07-01 00:00:00,574.13750865
689,9,2,2037-07-01 00:00:00,574.13750865
690,9,2,2038-07-01 00:00:00,574.13750865
691,9,2,2039-07-01 00:00:00,574.13750865
692,9,2,2040-07-01 00:00:00,574.13750865
693,9,2,2041-07-01 00:00:00,574.13750865
694,9,2,2042-07-01 00:00:00,574.13750865
695,9,2,2043-07-01 00:00:00,574.13750865
696,9,2,2044-07-01 00:00:00,574.13751245
697,9,2,2045-07-01 00:00:00,574.13751478
698,9,2,2046-07-01 00:00:00,574.13751478
699,9,2,2047-07-01 00:00:00,574.13749828
700,9,2,2048-07-01 00:00:00,574.13748991
701,9,2,2049-07-01 00:00:00,571.22901778
702,9,2,2050-07-01 00:00:00,571.22901778
703,9,3,2024-07-01 00:00:00,570
704,9,3,2025-07-01 00:00:00,570
705,9,3,2026-07-01 00:00:00,570
706,9,3,2027-07-01 00:00:00,1098.2732339899999
707,9,3,2028-07-01 00:00:00,1466.4530705299999
708,9,3,2029-07-01 00:00:00,1771.62087392
709,9,3,2030-07-01 00:00:00,3193.03577448
710,9,3,2031-07-01 00:00:00,3193.03577557
711,9,3,2032-07-01 00:00:00,3193.03577557
712,9,3,2033-07-01 00:00:00,3193.03577557
713,9,3,2034-07-01 00:00:00,3193.03577557
714,9,3,2035-07-01 00:00:00,3193.03577557
715,9,3,2036-07-01 00:00:00,3193.03577557
716,9,3,2037-07-01 00:00:00,3193.03577557
717,9,3,2038-07-01 00:00:00,3193.03577557
718,9,3,2039-07-01 00:00:00,3193.03577557
719,9,3,2040-07-01 00:00:00,3193.03577557
720,9,3,2041-07-01 00:00:00,3193.03577557
721,9,3,2042-07-01 00:00:00,3193.03577557
722,9,3,2043-07-01 00:00:00,3193.03577557
723,9,3,2044-07-01 00:00:00,3193.03577557
724,9,3,2045-07-01 00:00:00,3193.03577557
725,9,3,2046-07-01 00:00:00,3193.03577557
726,9,3,2047-07-01 00:00:00,2664.76254159
727,9,3,2048-07-01 00:00:00,2296.58270505
728,9,3,2049-07-01 00:00:00,1991.41490165
729,9,3,2050-07-01 00:00:00,1527.03819271
730,10,1,2024-07-01 00:00:00,0
731,10,1,2025-07-01 00:00:00,0
732,10,1,2026-07-01 00:00:00,0
733,10,1,2027-07-01 00:00:00,0
734,10,1,2028-07-01 00:00:00,0
735,10,1,2029-07-01 00:00:00,0
736,10,1,2030-07-01 00:00:00,0
737,10,1,2031-07-01 00:00:00,1998
738,10,1,2032-07-01 00:00:00,1998
739,10,1,2033-07-01 00:00:00,1998
740,10,1,2034-07-01 00:00:00,1998
741,10,1,2035-07-01 00:00:00,1998
742,10,1,2036-07-01 00:00:00,1998
743,10,1,2037-07-01 00:00:00,1998
744,10,1,2038-07-01 00:00:00,1998
745,10,1,2039-07-01 00:00:00,1998
746,10,1,2040-07-01 00:00:00,1998
747,10,1,2041-07-01 00:00:00,1998
748,10,1,2042-07-01 00:00:00,1998
749,10,1,2043-07-01 00:00:00,1998
750,10,1,2044-07-01 00:00:00,1998
751,10,1,2045-07-01 00:00:00,1998
752,10,1,2046-07-01 00:00:00,1998
753,10,1,2047-07-01 00:00:00,1998
754,10,1,2048-07-01 00:00:00,1998
755,10,1,2049-07-01 00:00:00,1998
756,10,1,2050-07-01 00:00:00,1998
757,10,2,2024-07-01 00:00:00,0
758,10,2,2025-07-01 00:00:00,0
759,10,2,2026-07-01 00:00:00,0
760,10,2,2027-07-01 00:00:00,0
761,10,2,2028-07-01 00:00:00,0
762,10,2,2029-07-01 00:00:00,0
763,10,2,2030-07-01 00:00:00,0
764,10,2,2031-07-01 00:00:00,1998
765,10,2,2032-07-01 00:00:00,1998
766,10,2,2033-07-01 00:00:00,1998
767,10,2,2034-07-01 00:00:00,1998
768,10,2,2035-07-01 00:00:00,1998
769,10,2,2036-07-01 00:00:00,1998
770,10,2,2037-07-01 00:00:00,1998
771,10,2,2038-07-01 00:00:00,1998
772,10,2,2039-07-01 00:00:00,1998
773,10,2,2040-07-01 00:00:00,1998
774,10,2,2041-07-01 00:00:00,1998
775,10,2,2042-07-01 00:00:00,1998
776,10,2,2043-07-01 00:00:00,1998
777,10,2,2044-07-01 00:00:00,1998
778,10,2,2045-07-01 00:00:00,1998
779,10,2,2046-07-01 00:00:00,1998
780,10,2,2047-07-01 00:00:00,1998
781,10,2,2048-07-01 00:00:00,1998
782,10,2,2049-07-01 00:00:00,1998
783,10,2,2050-07-01 00:00:00,1998
784,10,3,2024-07-01 00:00:00,0
785,10,3,2025-07-01 00:00:00,0
786,10,3,2026-07-01 00:00:00,0
787,10,3,2027-07-01 00:00:00,0
788,10,3,2028-07-01 00:00:00,0
789,10,3,2029-07-01 00:00:00,0
790,10,3,2030-07-01 00:00:00,0
791,10,3,2031-07-01 00:00:00,1998
792,10,3,2032-07-01 00:00:00,1998
793,10,3,2033-07-01 00:00:00,1998
794,10,3,2034-07-01 00:00:00,1998
795,10,3,2035-07-01 00:00:00,1998
796,10,3,2036-07-01 00:00:00,1998
797,10,3,2037-07-01 00:00:00,1998
798,10,3,2038-07-01 00:00:00,1998
799,10,3,2039-07-01 00:00:00,1998
800,10,3,2040-07-01 00:00:00,1998
801,10,3,2041-07-01 00:00:00,1998
802,10,3,2042-07-01 00:00:00,1998
803,10,3,2043-07-01 00:00:00,1998
804,10,3,2044-07-01 00:00:00,1998
805,10,3,2045-07-01 00:00:00,1998
806,10,3,2046-07-01 00:00:00,1998
807,10,3,2047-07-01 00:00:00,1998
808,10,3,2048-07-01 00:00:00,1998
809,10,3,2049-07-01 00:00:00,1998
810,10,3,2050-07-01 00:00:00,1998
811,11,1,2024-07-01 00:00:00,0
812,11,1,2025-07-01 00:00:00,30
813,11,1,2026-07-01 00:00:00,230
814,11,1,2027-07-01 00:00:00,430
815,11,1,2028-07-01 00:00:00,430
816,11,1,2029-07-01 00:00:00,430
817,11,1,2030-07-01 00:00:00,430
818,11,1,2031-07-01 00:00:00,430
819,11,1,2032-07-01 00:00:00,430
820,11,1,2033-07-01 00:00:00,400
821,11,1,2034-07-01 00:00:00,400
822,11,1,2035-07-01 00:00:00,400
823,11,1,2036-07-01 00:00:00,400
824,11,1,2037-07-01 00:00:00,400
825,11,1,2038-07-01 00:00:00,400
826,11,1,2039-07-01 00:00:00,400
827,11,1,2040-07-01 00:00:00,400
828,11,1,2041-07-01 00:00:00,400
829,11,1,2042-07-01 00:00:00,400
830,11,1,2043-07-01 00:00:00,400
831,11,1,2044-07-01 00:00:00,400
832,11,1,2045-07-01 00:00:00,400
833,11,1,2046-07-01 00:00:00,0
834,11,1,2047-07-01 00:00:00,0
835,11,1,2048-07-01 00:00:00,0
836,11,1,2049-07-01 00:00:00,0
837,11,1,2050-07-01 00:00:00,0
838,11,2,2024-07-01 00:00:00,0
839,11,2,2025-07-01 00:00:00,30
840,11,2,2026-07-01 00:00:00,230
841,11,2,2027-07-01 00:00:00,430
842,11,2,2028-07-01 00:00:00,430
843,11,2,2029-07-01 00:00:00,430
844,11,2,2030-07-01 00:00:00,430
845,11,2,2031-07-01 00:00:00,430
846,11,2,2032-07-01 00:00:00,430
847,11,2,2033-07-01 00:00:00,400
848,11,2,2034-07-01 00:00:00,400
849,11,2,2035-07-01 00:00:00,400
850,11,2,2036-07-01 00:00:00,400
851,11,2,2037-07-01 00:00:00,400
852,11,2,2038-07-01 00:00:00,400
853,11,2,2039-07-01 00:00:00,400
854,11,2,2040-07-01 00:00:00,400
855,11,2,2041-07-01 00:00:00,400
856,11,2,2042-07-01 00:00:00,400
857,11,2,2043-07-01 00:00:00,400
858,11,2,2044-07-01 00:00:00,400
859,11,2,2045-07-01 00:00:00,400
860,11,2,2046-07-01 00:00:00,0
861,11,2,2047-07-01 00:00:00,0
862,11,2,2048-07-01 00:00:00,0
863,11,2,2049-07-01 00:00:00,0
864,11,2,2050-07-01 00:00:00,0
865,11,3,2024-07-01 00:00:00,0
866,11,3,2025-07-01 00:00:00,30
867,11,3,2026-07-01 00:00:00,230
868,11,3,2027-07-01 00:00:00,430
869,11,3,2028-07-01 00:00:00,430
870,11,3,2029-07-01 00:00:00,430
871,11,3,2030-07-01 00:00:00,430
872,11,3,2031-07-01 00:00:00,430
873,11,3,2032-07-01 00:00:00,430
874,11,3,2033-07-01 00:00:00,400
875,11,3,2034-07-01 00:00:00,400
876,11,3,2035-07-01 00:00:00,400
877,11,3,2036-07-01 00:00:00,400
878,11,3,2037-07-01 00:00:00,400
879,11,3,2038-07-01 00:00:00,400
880,11,3,2039-07-01 00:00:00,400
881,11,3,2040-07-01 00:00:00,400
882,11,3,2041-07-01 00:00:00,400
883,11,3,2042-07-01 00:00:00,400
884,11,3,2043-07-01 00:00:00,400
885,11,3,2044-07-01 00:00:00,400
886,11,3,2045-07-01 00:00:00,400
887,11,3,2046-07-01 00:00:00,0
888,11,3,2047-07-01 00:00:00,0
889,11,3,2048-07-01 00:00:00,0
890,11,3,2049-07-01 00:00:00,0
891,11,3,2050-07-01 00:00:00,0
892,12,1,2024-07-01 00:00:00,0
893,12,1,2025-07-01 00:00:00,0
894,12,1,2026-07-01 00:00:00,275
895,12,1,2027-07-01 00:00:00,275.00005715
896,12,1,2028-07-01 00:00:00,382.90789669000003
897,12,1,2029-07-01 00:00:00,1188.91208392
898,12,1,2030-07-01 00:00:00,1188.91209303
899,12,1,2031-07-01 00:00:00,1188.91209428
900,12,1,2032-07-01 00:00:00,1188.91209555
901,12,1,2033-07-01 00:00:00,1188.91209555
902,12,1,2034-07-01 00:00:00,1188.9120978300002
903,12,1,2035-07-01 00:00:00,1188.9121036
904,12,1,2036-07-01 00:00:00,1188.9121051099999
905,12,1,2037-07-01 00:00:00,1188.9121114900001
906,12,1,2038-07-01 00:00:00,1188.91211698
907,12,1,2039-07-01 00:00:00,1188.91211698
908,12,1,2040-07-01 00:00:00,1188.91212277
909,12,1,2041-07-01 00:00:00,1188.9121333399999
910,12,1,2042-07-01 00:00:00,1188.9121333399999
911,12,1,2043-07-01 00:00:00,1188.9121420399997
912,12,1,2044-07-01 00:00:00,1188.9123011399997
913,12,1,2045-07-01 00:00:00,1188.9123062200001
914,12,1,2046-07-01 00:00:00,913.91231636
915,12,1,2047-07-01 00:00:00,1472.97402313
916,12,1,2048-07-01 00:00:00,1365.0661836099998
917,12,1,2049-07-01 00:00:00,1261.5798571
918,12,1,2050-07-01 00:00:00,1261.5798571
919,12,2,2024-07-01 00:00:00,0
920,12,2,2025-07-01 00:00:00,0
921,12,2,2026-07-01 00:00:00,275
922,12,2,2027-07-01 00:00:00,275.00005307
923,12,2,2028-07-01 00:00:00,275.00008216
924,12,2,2029-07-01 00:00:00,1199.07233695
925,12,2,2030-07-01 00:00:00,1199.07233695
926,12,2,2031-07-01 00:00:00,1199.07234113
927,12,2,2032-07-01 00:00:00,1199.0723435
928,12,2,2033-07-01 00:00:00,1199.0723435
929,12,2,2034-07-01 00:00:00,1199.07235642
930,12,2,2035-07-01 00:00:00,1199.07236039
931,12,2,2036-07-01 00:00:00,1199.07237206
932,12,2,2037-07-01 00:00:00,1199.07237206
933,12,2,2038-07-01 00:00:00,1199.07237725
934,12,2,2039-07-01 00:00:00,1199.0723795499998
935,12,2,2040-07-01 00:00:00,1199.0723795499998
936,12,2,2041-07-01 00:00:00,1199.07238168
937,12,2,2042-07-01 00:00:00,1199.07238937
938,12,2,2043-07-01 00:00:00,1199.0724102499998
939,12,2,2044-07-01 00:00:00,1199.07242532
940,12,2,2045-07-01 00:00:00,1199.07243159
941,12,2,2046-07-01 00:00:00,924.07243935
942,12,2,2047-07-01 00:00:00,924.07239387
943,12,2,2048-07-01 00:00:00,924.07238806
944,12,2,2049-07-01 00:00:00,420.50195688
945,12,2,2050-07-01 00:00:00,420.50195688
946,12,3,2024-07-01 00:00:00,0
947,12,3,2025-07-01 00:00:00,0
948,12,3,2026-07-01 00:00:00,275
949,12,3,2027-07-01 00:00:00,588.73696387
950,12,3,2028-07-01 00:00:00,712.2838145400001
951,12,3,2029-07-01 00:00:00,1143.22426139
952,12,3,2030-07-01 00:00:00,1143.22426139
953,12,3,2031-07-01 00:00:00,1143.22426786
954,12,3,2032-07-01 00:00:00,1143.22426786
955,12,3,2033-07-01 00:00:00,1143.22428524
956,12,3,2034-07-01 00:00:00,1143.22428524
957,12,3,2035-07-01 00:00:00,1143.22430439
958,12,3,2036-07-01 00:00:00,1143.2243662
959,12,3,2037-07-01 00:00:00,1143.22436782
960,12,3,2038-07-01 00:00:00,1143.22436782
961,12,3,2039-07-01 00:00:00,1143.2243695900002
962,12,3,2040-07-01 00:00:00,1143.2243695900002
963,12,3,2041-07-01 00:00:00,1143.2243695900002
964,12,3,2042-07-01 00:00:00,1143.2243695900002
965,12,3,2043-07-01 00:00:00,1143.2243695900002
966,12,3,2044-07-01 00:00:00,2044.74107014
967,12,3,2045-07-01 00:00:00,2044.74107321
968,12,3,2046-07-01 00:00:00,1769.74107321
969,12,3,2047-07-01 00:00:00,1456.00411155
970,12,3,2048-07-01 00:00:00,1332.4572608800001
971,12,3,2049-07-01 00:00:00,901.5169665799999
972,12,3,2050-07-01 00:00:00,901.5184488799999
973,13,1,2024-07-01 00:00:00,0
974,13,1,2025-07-01 00:00:00,0
975,13,1,2026-07-01 00:00:00,0
976,13,1,2027-07-01 00:00:00,0
977,13,1,2028-07-01 00:00:00,0
978,13,1,2029-07-01 00:00:00,0
979,13,1,2030-07-01 00:00:00,0.0000155
980,13,1,2031-07-01 00:00:00,0.00001668
981,13,1,2032-07-01 00:00:00,0.00001668
982,13,1,2033-07-01 00:00:00,0.00001668
983,13,1,2034-07-01 00:00:00,0.00001772
984,13,1,2035-07-01 00:00:00,0.00002237
985,13,1,2036-07-01 00:00:00,0.00002387
986,13,1,2037-07-01 00:00:00,0.00002387
987,13,1,2038-07-01 00:00:00,0.00002716
988,13,1,2039-07-01 00:00:00,0.00002716
989,13,1,2040-07-01 00:00:00,0.000037959999999999996
990,13,1,2041-07-01 00:00:00,0.00005731
991,13,1,2042-07-01 00:00:00,0.00005731
992,13,1,2043-07-01 00:00:00,0.00007399
993,13,1,2044-07-01 00:00:00,999.99997441
994,13,1,2045-07-01 00:00:00,999.99997441
995,13,1,2046-07-01 00:00:00,999.99997441
996,13,1,2047-07-01 00:00:00,999.99997441
997,13,1,2048-07-01 00:00:00,999.99997441
998,13,1,2049-07-01 00:00:00,999.99998688
999,13,1,2050-07-01 00:00:00,999.99998688
1000,13,2,2024-07-01 00:00:00,0
1001,13,2,2025-07-01 00:00:00,0
1002,13,2,2026-07-01 00:00:00,0
1003,13,2,2027-07-01 00:00:00,0
1004,13,2,2028-07-01 00:00:00,0
1005,13,2,2029-07-01 00:00:00,0
1006,13,2,2030-07-01 00:00:00,500.00001751
1007,13,2,2031-07-01 00:00:00,500.00001946
1008,13,2,2032-07-01 00:00:00,500.00002081
1009,13,2,2033-07-01 00:00:00,500.00002081
1010,13,2,2034-07-01 00:00:00,500.00002205
1011,13,2,2035-07-01 00:00:00,500.00006198
1012,13,2,2036-07-01 00:00:00,500.00006198
1013,13,2,2037-07-01 00:00:00,500.00011502
1014,13,2,2038-07-01 00:00:00,500.00011603
1015,13,2,2039-07-01 00:00:00,500.0001171
1016,13,2,2040-07-01 00:00:00,500.0001171
1017,13,2,2041-07-01 00:00:00,500.0001171
1018,13,2,2042-07-01 00:00:00,500.0001171
1019,13,2,2043-07-01 00:00:00,500.00012096
1020,13,2,2044-07-01 00:00:00,999.99998912
1021,13,2,2045-07-01 00:00:00,999.99998912
1022,13,2,2046-07-01 00:00:00,999.99998912
1023,13,2,2047-07-01 00:00:00,999.99998912
1024,13,2,2048-07-01 00:00:00,999.99998912
1025,13,2,2049-07-01 00:00:00,999.99998912
1026,13,2,2050-07-01 00:00:00,999.99998912
1027,13,3,2024-07-01 00:00:00,0
1028,13,3,2025-07-01 00:00:00,0
1029,13,3,2026-07-01 00:00:00,0
1030,13,3,2027-07-01 00:00:00,0
1031,13,3,2028-07-01 00:00:00,0
1032,13,3,2029-07-01 00:00:00,0
1033,13,3,2030-07-01 00:00:00,1000
1034,13,3,2031-07-01 00:00:00,1000
1035,13,3,2032-07-01 00:00:00,1000
1036,13,3,2033-07-01 00:00:00,1000
1037,13,3,2034-07-01 00:00:00,1000
1038,13,3,2035-07-01 00:00:00,1000
1039,13,3,2036-07-01 00:00:00,1000
1040,13,3,2037-07-01 00:00:00,1000
1041,13,3,2038-07-01 00:00:00,1000
1042,13,3,2039-07-01 00:00:00,1000
1043,13,3,2040-07-01 00:00:00,1000
1044,13,3,2041-07-01 00:00:00,1000
1045,13,3,2042-07-01 00:00:00,1000
1046,13,3,2043-07-01 00:00:00,1000
1047,13,3,2044-07-01 00:00:00,1000
1048,13,3,2045-07-01 00:00:00,1000
1049,13,3,2046-07-01 00:00:00,1000
1050,13,3,2047-07-01 00:00:00,1000
1051,13,3,2048-07-01 00:00:00,1000
1052,13,3,2049-07-01 00:00:00,1000
1053,13,3,2050-07-01 00:00:00,1000
1054,14,1,2024-07-01 00:00:00,0
1055,14,1,2025-07-01 00:00:00,20
1056,14,1,2026-07-01 00:00:00,30.06190796
1057,14,1,2027-07-01 00:00:00,321.4069743
1058,14,1,2028-07-01 00:00:00,1706.48664463
1059,14,1,2029-07-01 00:00:00,1706.48664463
1060,14,1,2030-07-01 00:00:00,1706.48664463
1061,14,1,2031-07-01 00:00:00,1706.48664463
1062,14,1,2032-07-01 00:00:00,1706.48664463
1063,14,1,2033-07-01 00:00:00,1706.48664463
1064,14,1,2034-07-01 00:00:00,1706.48664463
1065,14,1,2035-07-01 00:00:00,1706.48664463
1066,14,1,2036-07-01 00:00:00,1706.48664463
1067,14,1,2037-07-01 00:00:00,1706.48664463
1068,14,1,2038-07-01 00:00:00,1706.48664463
1069,14,1,2039-07-01 00:00:00,1706.48664463
1070,14,1,2040-07-01 00:00:00,1706.48664463
1071,14,1,2041-07-01 00:00:00,1706.48664463
1072,14,1,2042-07-01 00:00:00,1706.48664463
1073,14,1,2043-07-01 00:00:00,1706.48664463
1074,14,1,2044-07-01 00:00:00,1706.48664463
1075,14,1,2045-07-01 00:00:00,1686.48664463
1076,14,1,2046-07-01 00:00:00,1676.42473667
1077,14,1,2047-07-01 00:00:00,1385.07967033
1078,14,1,2048-07-01 00:00:00,124.13695609
1079,14,1,2049-07-01 00:00:00,124.13695609
1080,14,1,2050-07-01 00:00:00,124.13695609
1081,14,2,2024-07-01 00:00:00,0
1082,14,2,2025-07-01 00:00:00,20
1083,14,2,2026-07-01 00:00:00,707.54891745
1084,14,2,2027-07-01 00:00:00,1124.46194522
1085,14,2,2028-07-01 00:00:00,2322.06733124
1086,14,2,2029-07-01 00:00:00,2322.06733124
1087,14,2,2030-07-01 00:00:00,2322.06733124
1088,14,2,2031-07-01 00:00:00,2322.06733124
1089,14,2,2032-07-01 00:00:00,2322.06733124
1090,14,2,2033-07-01 00:00:00,2322.06733124
1091,14,2,2034-07-01 00:00:00,2322.06733124
1092,14,2,2035-07-01 00:00:00,2322.06733124
1093,14,2,2036-07-01 00:00:00,2322.06733124
1094,14,2,2037-07-01 00:00:00,2322.06733124
1095,14,2,2038-07-01 00:00:00,2322.06733124
1096,14,2,2039-07-01 00:00:00,2322.06733124
1097,14,2,2040-07-01 00:00:00,2322.06733124
1098,14,2,2041-07-01 00:00:00,2322.06733124
1099,14,2,2042-07-01 00:00:00,2322.06733124
1100,14,2,2043-07-01 00:00:00,2322.06733124
1101,14,2,2044-07-01 00:00:00,2322.06733124
1102,14,2,2045-07-01 00:00:00,2302.06733124
1103,14,2,2046-07-01 00:00:00,1614.51841379
1104,14,2,2047-07-01 00:00:00,1197.60538602
1105,14,2,2048-07-01 00:00:00,113.81004385
1106,14,2,2049-07-01 00:00:00,113.81004385
1107,14,2,2050-07-01 00:00:00,113.81004385
1108,14,3,2024-07-01 00:00:00,0
1109,14,3,2025-07-01 00:00:00,20
1110,14,3,2026-07-01 00:00:00,20
1111,14,3,2027-07-01 00:00:00,20
1112,14,3,2028-07-01 00:00:00,20
1113,14,3,2029-07-01 00:00:00,20
1114,14,3,2030-07-01 00:00:00,20
1115,14,3,2031-07-01 00:00:00,20
1116,14,3,2032-07-01 00:00:00,20
1117,14,3,2033-07-01 00:00:00,20
1118,14,3,2034-07-01 00:00:00,20
1119,14,3,2035-07-01 00:00:00,20
1120,14,3,2036-07-01 00:00:00,20
1121,14,3,2037-07-01 00:00:00,20
1122,14,3,2038-07-01 00:00:00,20
1123,14,3,2039-07-01 00:00:00,20
1124,14,3,2040-07-01 00:00:00,20
1125,14,3,2041-07-01 00:00:00,20
1126,14,3,2042-07-01 00:00:00,20
1127,14,3,2043-07-01 00:00:00,20
1128,14,3,2044-07-01 00:00:00,20
1129,14,3,2045-07-01 00:00:00,0
1130,14,3,2046-07-01 00:00:00,0
1131,14,3,2047-07-01 00:00:00,0
1132,14,3,2048-07-01 00:00:00,0
1133,14,3,2049-07-01 00:00:00,0
1134,14,3,2050-07-01 00:00:00,0
1135,15,1,2024-07-01 00:00:00,0
1136,15,1,2025-07-01 00:00:00,549
1137,15,1,2026-07-01 00:00:00,549
1138,15,1,2027-07-01 00:00:00,917.46000792
1139,15,1,2028-07-01 00:00:00,917.4600112400001
1140,15,1,2029-07-01 00:00:00,957.49447406
1141,15,1,2030-07-01 00:00:00,917.4744740599999
1142,15,1,2031-07-01 00:00:00,957.49447406
1143,15,1,2032-07-01 00:00:00,917.4744740599999
1144,15,1,2033-07-01 00:00:00,917.4744740599999
1145,15,1,2034-07-01 00:00:00,957.49447406
1146,15,1,2035-07-01 00:00:00,917.4744740599999
1147,15,1,2036-07-01 00:00:00,917.4744740599999
1148,15,1,2037-07-01 00:00:00,957.49447711
1149,15,1,2038-07-01 00:00:00,957.49447711
1150,15,1,2039-07-01 00:00:00,917.47447711
1151,15,1,2040-07-01 00:00:00,917.47447711
1152,15,1,2041-07-01 00:00:00,917.47447711
1153,15,1,2042-07-01 00:00:00,917.47447711
1154,15,1,2043-07-01 00:00:00,957.49448124
1155,15,1,2044-07-01 00:00:00,917.4744812399999
1156,15,1,2045-07-01 00:00:00,408.49448124
1157,15,1,2046-07-01 00:00:00,368.47448124
1158,15,1,2047-07-01 00:00:00,368.47447907
1159,15,1,2048-07-01 00:00:00,408.49447574000004
1160,15,1,2049-07-01 00:00:00,368.46635821999996
1161,15,1,2050-07-01 00:00:00,368.46635821999996
1162,15,2,2024-07-01 00:00:00,0
1163,15,2,2025-07-01 00:00:00,549
1164,15,2,2026-07-01 00:00:00,549
1165,15,2,2027-07-01 00:00:00,917.46000652
1166,15,2,2028-07-01 00:00:00,917.46001052
1167,15,2,2029-07-01 00:00:00,957.7391457800001
1168,15,2,2030-07-01 00:00:00,917.71914578
1169,15,2,2031-07-01 00:00:00,957.7391457800001
1170,15,2,2032-07-01 00:00:00,917.71914578
1171,15,2,2033-07-01 00:00:00,917.71914578
1172,15,2,2034-07-01 00:00:00,957.73914699
1173,15,2,2035-07-01 00:00:00,917.7191469899999
1174,15,2,2036-07-01 00:00:00,917.7191469899999
1175,15,2,2037-07-01 00:00:00,957.73914699
1176,15,2,2038-07-01 00:00:00,917.7191469899999
1177,15,2,2039-07-01 00:00:00,917.7191469899999
1178,15,2,2040-07-01 00:00:00,917.7191469899999
1179,15,2,2041-07-01 00:00:00,917.7191469899999
1180,15,2,2042-07-01 00:00:00,917.7191469899999
1181,15,2,2043-07-01 00:00:00,957.73914699
1182,15,2,2044-07-01 00:00:00,917.7191715199999
1183,15,2,2045-07-01 00:00:00,408.73917264
1184,15,2,2046-07-01 00:00:00,368.71917263999995
1185,15,2,2047-07-01 00:00:00,368.71916611999995
1186,15,2,2048-07-01 00:00:00,408.73916328
1187,15,2,2049-07-01 00:00:00,368.57792122999996
1188,15,2,2050-07-01 00:00:00,368.57792329
1189,15,3,2024-07-01 00:00:00,0
1190,15,3,2025-07-01 00:00:00,549
1191,15,3,2026-07-01 00:00:00,549
1192,15,3,2027-07-01 00:00:00,917.4600594199999
1193,15,3,2028-07-01 00:00:00,1171.33837788
1194,15,3,2029-07-01 00:00:00,1211.35837788
1195,15,3,2030-07-01 00:00:00,1171.33843268
1196,15,3,2031-07-01 00:00:00,1211.3584906199999
1197,15,3,2032-07-01 00:00:00,1171.33850079
1198,15,3,2033-07-01 00:00:00,1171.33853088
1199,15,3,2034-07-01 00:00:00,1211.35853088
1200,15,3,2035-07-01 00:00:00,1171.33855312
1201,15,3,2036-07-01 00:00:00,1171.33861181
1202,15,3,2037-07-01 00:00:00,1211.35861181
1203,15,3,2038-07-01 00:00:00,1171.33861181
1204,15,3,2039-07-01 00:00:00,1171.33861181
1205,15,3,2040-07-01 00:00:00,1171.33861373
1206,15,3,2041-07-01 00:00:00,1171.33861373
1207,15,3,2042-07-01 00:00:00,1171.33861373
1208,15,3,2043-07-01 00:00:00,1780.8376220300001
1209,15,3,2044-07-01 00:00:00,3217.0807685600003
1210,15,3,2045-07-01 00:00:00,2708.1007737100003
1211,15,3,2046-07-01 00:00:00,2668.0807737100004
1212,15,3,2047-07-01 00:00:00,2668.08074053
1213,15,3,2048-07-01 00:00:00,2488.2913139800003
1214,15,3,2049-07-01 00:00:00,2448.2713139800003
1215,15,3,2050-07-01 00:00:00,2448.27125918
1216,16,1,2024-07-01 00:00:00,247
1217,16,1,2025-07-01 00:00:00,247
1218,16,1,2026-07-01 00:00:00,247
1219,16,1,2027-07-01 00:00:00,247
1220,16,1,2028-07-01 00:00:00,247
1221,16,1,2029-07-01 00:00:00,247
1222,16,1,2030-07-01 00:00:00,247
1223,16,1,2031-07-01 00:00:00,247
1224,16,1,2032-07-01 00:00:00,247
1225,16,1,2033-07-01 00:00:00,247
1226,16,1,2034-07-01 00:00:00,247
1227,16,1,2035-07-01 00:00:00,247
1228,16,1,2036-07-01 00:00:00,247
1229,16,1,2037-07-01 00:00:00,247
1230,16,1,2038-07-01 00:00:00,247
1231,16,1,2039-07-01 00:00:00,247
1232,16,1,2040-07-01 00:00:00,247
1233,16,1,2041-07-01 00:00:00,247
1234,16,1,2042-07-01 00:00:00,247
1235,16,1,2043-07-01 00:00:00,247
1236,16,1,2044-07-01 00:00:00,247
1237,16,1,2045-07-01 00:00:00,247
1238,16,1,2046-07-01 00:00:00,247
1239,16,1,2047-07-01 00:00:00,247
1240,16,1,2048-07-01 00:00:00,247
1241,16,1,2049-07-01 00:00:00,247
1242,16,1,2050-07-01 00:00:00,247
1243,16,2,2024-07-01 00:00:00,247
1244,16,2,2025-07-01 00:00:00,247
1245,16,2,2026-07-01 00:00:00,247
1246,16,2,2027-07-01 00:00:00,247
1247,16,2,2028-07-01 00:00:00,247
1248,16,2,2029-07-01 00:00:00,247
1249,16,2,2030-07-01 00:00:00,247
1250,16,2,2031-07-01 00:00:00,247
1251,16,2,2032-07-01 00:00:00,247
1252,16,2,2033-07-01 00:00:00,247
1253,16,2,2034-07-01 00:00:00,247
1254,16,2,2035-07-01 00:00:00,247
1255,16,2,2036-07-01 00:00:00,247
1256,16,2,2037-07-01 00:00:00,247
1257,16,2,2038-07-01 00:00:00,247
1258,16,2,2039-07-01 00:00:00,247
1259,16,2,2040-07-01 00:00:00,247
1260,16,2,2041-07-01 00:00:00,247
1261,16,2,2042-07-01 00:00:00,247
1262,16,2,2043-07-01 00:00:00,247
1263,16,2,2044-07-01 00:00:00,247
1264,16,2,2045-07-01 00:00:00,247
1265,16,2,2046-07-01 00:00:00,247
1266,16,2,2047-07-01 00:00:00,247
1267,16,2,2048-07-01 00:00:00,247
1268,16,2,2049-07-01 00:00:00,247
1269,16,2,2050-07-01 00:00:00,247
1270,16,3,2024-07-01 00:00:00,247
1271,16,3,2025-07-01 00:00:00,247
1272,16,3,2026-07-01 00:00:00,247
1273,16,3,2027-07-01 00:00:00,247
1274,16,3,2028-07-01 00:00:00,247
1275,16,3,2029-07-01 00:00:00,247
1276,16,3,2030-07-01 00:00:00,247
1277,16,3,2031-07-01 00:00:00,247
1278,16,3,2032-07-01 00:00:00,247
1279,16,3,2033-07-01 00:00:00,247
1280,16,3,2034-07-01 00:00:00,247
1281,16,3,2035-07-01 00:00:00,247
1282,16,3,2036-07-01 00:00:00,247
1283,16,3,2037-07-01 00:00:00,247
1284,16,3,2038-07-01 00:00:00,247
1285,16,3,2039-07-01 00:00:00,247
1286,16,3,2040-07-01 00:00:00,247
1287,16,3,2041-07-01 00:00:00,247
1288,16,3,2042-07-01 00:00:00,247
1289,16,3,2043-07-01 00:00:00,247
1290,16,3,2044-07-01 00:00:00,247
1291,16,3,2045-07-01 00:00:00,247
1292,16,3,2046-07-01 00:00:00,247
1293,16,3,2047-07-01 00:00:00,247
1294,16,3,2048-07-01 00:00:00,247
1295,16,3,2049-07-01 00:00:00,247
1296,16,3,2050-07-01 00:00:00,247
1297,17,1,2024-07-01 00:00:00,50
1298,17,1,2025-07-01 00:00:00,682.712
1299,17,1,2026-07-01 00:00:00,682.7165476
1300,17,1,2027-07-01 00:00:00,682.71872957
1301,17,1,2028-07-01 00:00:00,718.35586515
1302,17,1,2029-07-01 00:00:00,760.6918768200001
1303,17,1,2030-07-01 00:00:00,1388.24387682
1304,17,1,2031-07-01 00:00:00,1460.81987682
1305,17,1,2032-07-01 00:00:00,1388.24387682
1306,17,1,2033-07-01 00:00:00,1388.24387682
1307,17,1,2034-07-01 00:00:00,1460.81987682
1308,17,1,2035-07-01 00:00:00,1388.24387682
1309,17,1,2036-07-01 00:00:00,1338.24387682
1310,17,1,2037-07-01 00:00:00,1410.81987682
1311,17,1,2038-07-01 00:00:00,1410.81987682
1312,17,1,2039-07-01 00:00:00,1338.24387682
1313,17,1,2040-07-01 00:00:00,1338.24387682
1314,17,1,2041-07-01 00:00:00,1338.24387682
1315,17,1,2042-07-01 00:00:00,1338.24387682
1316,17,1,2043-07-01 00:00:00,1410.81987682
1317,17,1,2044-07-01 00:00:00,1338.24387682
1318,17,1,2045-07-01 00:00:00,885.81987682
1319,17,1,2046-07-01 00:00:00,813.2393292200001
1320,17,1,2047-07-01 00:00:00,813.23714725
1321,17,1,2048-07-01 00:00:00,853.36995046
1322,17,1,2049-07-01 00:00:00,780.79393879
1323,17,1,2050-07-01 00:00:00,780.79393879
1324,17,2,2024-07-01 00:00:00,50
1325,17,2,2025-07-01 00:00:00,682.712
1326,17,2,2026-07-01 00:00:00,682.73701849
1327,17,2,2027-07-01 00:00:00,743.22447349
1328,17,2,2028-07-01 00:00:00,1015.37378489
1329,17,2,2029-07-01 00:00:00,1057.70978489
1330,17,2,2030-07-01 00:00:00,1685.26178489
1331,17,2,2031-07-01 00:00:00,1757.83778489
1332,17,2,2032-07-01 00:00:00,1685.26178489
1333,17,2,2033-07-01 00:00:00,1685.26178489
1334,17,2,2034-07-01 00:00:00,1757.83778489
1335,17,2,2035-07-01 00:00:00,1685.26178489
1336,17,2,2036-07-01 00:00:00,1635.26178489
1337,17,2,2037-07-01 00:00:00,1707.83778489
1338,17,2,2038-07-01 00:00:00,1635.26178489
1339,17,2,2039-07-01 00:00:00,1635.26178489
1340,17,2,2040-07-01 00:00:00,1635.26178489
1341,17,2,2041-07-01 00:00:00,1635.26178489
1342,17,2,2042-07-01 00:00:00,1635.26178489
1343,17,2,2043-07-01 00:00:00,1707.83778489
1344,17,2,2044-07-01 00:00:00,1635.26178489
1345,17,2,2045-07-01 00:00:00,1182.83778489
1346,17,2,2046-07-01 00:00:00,1110.2367664
1347,17,2,2047-07-01 00:00:00,1049.7493114
1348,17,2,2048-07-01 00:00:00,876.0386893900001
1349,17,2,2049-07-01 00:00:00,803.46268939
1350,17,2,2050-07-01 00:00:00,803.46268939
1351,17,3,2024-07-01 00:00:00,50
1352,17,3,2025-07-01 00:00:00,682.712
1353,17,3,2026-07-01 00:00:00,682.712
1354,17,3,2027-07-01 00:00:00,682.712
1355,17,3,2028-07-01 00:00:00,682.712
1356,17,3,2029-07-01 00:00:00,725.048
1357,17,3,2030-07-01 00:00:00,1352.6
1358,17,3,2031-07-01 00:00:00,1425.176
1359,17,3,2032-07-01 00:00:00,1352.6
1360,17,3,2033-07-01 00:00:00,1352.6
1361,17,3,2034-07-01 00:00:00,1425.176
1362,17,3,2035-07-01 00:00:00,1352.6
1363,17,3,2036-07-01 00:00:00,1302.6
1364,17,3,2037-07-01 00:00:00,1375.176
1365,17,3,2038-07-01 00:00:00,1302.6
1366,17,3,2039-07-01 00:00:00,1302.6
1367,17,3,2040-07-01 00:00:00,1302.6
1368,17,3,2041-07-01 00:00:00,1302.6
1369,17,3,2042-07-01 00:00:00,1302.6
1370,17,3,2043-07-01 00:00:00,1375.176
1371,17,3,2044-07-01 00:00:00,1302.6
1372,17,3,2045-07-01 00:00:00,850.176
1373,17,3,2046-07-01 00:00:00,777.6
1374,17,3,2047-07-01 00:00:00,777.6
1375,17,3,2048-07-01 00:00:00,850.176
1376,17,3,2049-07-01 00:00:00,777.6
1377,17,3,2050-07-01 00:00:00,777.6
1378,18,1,2024-07-01 00:00:00,0
1379,18,1,2025-07-01 00:00:00,889.14562075
1380,18,1,2026-07-01 00:00:00,889.14562075
1381,18,1,2027-07-01 00:00:00,889.1456287000001
1382,18,1,2028-07-01 00:00:00,889.14563221
1383,18,1,2029-07-01 00:00:00,1316.13986343
1384,18,1,2030-07-01 00:00:00,1316.13986343
1385,18,1,2031-07-01 00:00:00,1316.13986343
1386,18,1,2032-07-01 00:00:00,1316.13986343
1387,18,1,2033-07-01 00:00:00,1316.13986343
1388,18,1,2034-07-01 00:00:00,1316.13986343
1389,18,1,2035-07-01 00:00:00,1316.13986343
1390,18,1,2036-07-01 00:00:00,1316.13986343
1391,18,1,2037-07-01 00:00:00,1316.13986343
1392,18,1,2038-07-01 00:00:00,1316.13986343
1393,18,1,2039-07-01 00:00:00,1316.13986343
1394,18,1,2040-07-01 00:00:00,1316.13986343
1395,18,1,2041-07-01 00:00:00,1316.13986343
1396,18,1,2042-07-01 00:00:00,1316.13986343
1397,18,1,2043-07-01 00:00:00,1316.13986343
1398,18,1,2044-07-01 00:00:00,1316.13986343
1399,18,1,2045-07-01 00:00:00,426.99426109
1400,18,1,2046-07-01 00:00:00,426.99426377000003
1401,18,1,2047-07-01 00:00:00,426.99438349
1402,18,1,2048-07-01 00:00:00,426.99437998
1403,18,1,2049-07-01 00:00:00,187.49430758
1404,18,1,2050-07-01 00:00:00,187.49430758
1405,18,2,2024-07-01 00:00:00,0
1406,18,2,2025-07-01 00:00:00,723.18053795
1407,18,2,2026-07-01 00:00:00,723.18053795
1408,18,2,2027-07-01 00:00:00,723.1805444700001
1409,18,2,2028-07-01 00:00:00,723.1805484700001
1410,18,2,2029-07-01 00:00:00,1224.8486792600002
1411,18,2,2030-07-01 00:00:00,1224.8486792600002
1412,18,2,2031-07-01 00:00:00,1224.8486792600002
1413,18,2,2032-07-01 00:00:00,1224.8486792600002
1414,18,2,2033-07-01 00:00:00,1224.8486792600002
1415,18,2,2034-07-01 00:00:00,1224.8486792600002
1416,18,2,2035-07-01 00:00:00,1224.8486792600002
1417,18,2,2036-07-01 00:00:00,1224.8486792600002
1418,18,2,2037-07-01 00:00:00,1224.8486792600002
1419,18,2,2038-07-01 00:00:00,1224.8486792600002
1420,18,2,2039-07-01 00:00:00,1224.8486792600002
1421,18,2,2040-07-01 00:00:00,1224.8486792600002
1422,18,2,2041-07-01 00:00:00,1224.8486792600002
1423,18,2,2042-07-01 00:00:00,1224.8486792600002
1424,18,2,2043-07-01 00:00:00,1224.8486792600002
1425,18,2,2044-07-01 00:00:00,1224.8486792600002
1426,18,2,2045-07-01 00:00:00,501.66817737
1427,18,2,2046-07-01 00:00:00,501.66817874000003
1428,18,2,2047-07-01 00:00:00,501.66817222000003
1429,18,2,2048-07-01 00:00:00,501.66817860000003
1430,18,2,2049-07-01 00:00:00,228.28604595
1431,18,2,2050-07-01 00:00:00,228.28605235999999
1432,18,3,2024-07-01 00:00:00,0
1433,18,3,2025-07-01 00:00:00,1221.38423124
1434,18,3,2026-07-01 00:00:00,1416.53149984
1435,18,3,2027-07-01 00:00:00,1416.53152019
1436,18,3,2028-07-01 00:00:00,1416.53175296
1437,18,3,2029-07-01 00:00:00,1416.53175296
1438,18,3,2030-07-01 00:00:00,1416.53175296
1439,18,3,2031-07-01 00:00:00,1416.53176084
1440,18,3,2032-07-01 00:00:00,1416.53176084
1441,18,3,2033-07-01 00:00:00,1416.53176084
1442,18,3,2034-07-01 00:00:00,1416.53176084
1443,18,3,2035-07-01 00:00:00,1416.53178415
1444,18,3,2036-07-01 00:00:00,1416.53178533
1445,18,3,2037-07-01 00:00:00,1416.53178533
1446,18,3,2038-07-01 00:00:00,1416.53178533
1447,18,3,2039-07-01 00:00:00,1416.53178533
1448,18,3,2040-07-01 00:00:00,1416.53178533
1449,18,3,2041-07-01 00:00:00,1416.53178533
1450,18,3,2042-07-01 00:00:00,1416.53178533
1451,18,3,2043-07-01 00:00:00,1416.53178533
1452,18,3,2044-07-01 00:00:00,1416.5317868
1453,18,3,2045-07-01 00:00:00,195.14755555
1454,18,3,2046-07-01 00:00:00,168.55529501
1455,18,3,2047-07-01 00:00:00,168.55527465
1456,18,3,2048-07-01 00:00:00,168.55511498
1457,18,3,2049-07-01 00:00:00,168.55511498
1458,18,3,2050-07-01 00:00:00,168.55511888
1459,19,1,2024-07-01 00:00:00,309.99
1460,19,1,2025-07-01 00:00:00,318.9
1461,19,1,2026-07-01 00:00:00,318.9
1462,19,1,2027-07-01 00:00:00,318.9
1463,19,1,2028-07-01 00:00:00,318.9
1464,19,1,2029-07-01 00:00:00,319.89
1465,19,1,2030-07-01 00:00:00,318.9
1466,19,1,2031-07-01 00:00:00,319.89
1467,19,1,2032-07-01 00:00:00,318.9
1468,19,1,2033-07-01 00:00:00,318.9
1469,19,1,2034-07-01 00:00:00,319.89
1470,19,1,2035-07-01 00:00:00,318.9
1471,19,1,2036-07-01 00:00:00,318.9
1472,19,1,2037-07-01 00:00:00,319.89
1473,19,1,2038-07-01 00:00:00,319.89
1474,19,1,2039-07-01 00:00:00,318.9
1475,19,1,2040-07-01 00:00:00,318.9
1476,19,1,2041-07-01 00:00:00,318.9
1477,19,1,2042-07-01 00:00:00,308.9
1478,19,1,2043-07-01 00:00:00,259.89
1479,19,1,2044-07-01 00:00:00,258.9
1480,19,1,2045-07-01 00:00:00,249.99
1481,19,1,2046-07-01 00:00:00,249
1482,19,1,2047-07-01 00:00:00,249
1483,19,1,2048-07-01 00:00:00,150
1484,19,1,2049-07-01 00:00:00,150
1485,19,1,2050-07-01 00:00:00,150
1486,19,2,2024-07-01 00:00:00,309.99
1487,19,2,2025-07-01 00:00:00,318.9
1488,19,2,2026-07-01 00:00:00,318.9
1489,19,2,2027-07-01 00:00:00,318.9
1490,19,2,2028-07-01 00:00:00,318.9
1491,19,2,2029-07-01 00:00:00,319.89
1492,19,2,2030-07-01 00:00:00,318.9
1493,19,2,2031-07-01 00:00:00,319.89
1494,19,2,2032-07-01 00:00:00,318.9
1495,19,2,2033-07-01 00:00:00,318.9
1496,19,2,2034-07-01 00:00:00,319.89
1497,19,2,2035-07-01 00:00:00,318.9
1498,19,2,2036-07-01 00:00:00,318.9
1499,19,2,2037-07-01 00:00:00,319.89
1500,19,2,2038-07-01 00:00:00,318.9
1501,19,2,2039-07-01 00:00:00,318.9
1502,19,2,2040-07-01 00:00:00,318.9
1503,19,2,2041-07-01 00:00:00,318.9
1504,19,2,2042-07-01 00:00:00,308.9
1505,19,2,2043-07-01 00:00:00,259.89
1506,19,2,2044-07-01 00:00:00,258.9
1507,19,2,2045-07-01 00:00:00,249.99
1508,19,2,2046-07-01 00:00:00,249
1509,19,2,2047-07-01 00:00:00,249
1510,19,2,2048-07-01 00:00:00,150
1511,19,2,2049-07-01 00:00:00,150
1512,19,2,2050-07-01 00:00:00,150
1513,19,3,2024-07-01 00:00:00,309.99
1514,19,3,2025-07-01 00:00:00,318.9
1515,19,3,2026-07-01 00:00:00,318.9
1516,19,3,2027-07-01 00:00:00,318.9
1517,19,3,2028-07-01 00:00:00,318.9
1518,19,3,2029-07-01 00:00:00,319.89
1519,19,3,2030-07-01 00:00:00,318.9
1520,19,3,2031-07-01 00:00:00,319.89
1521,19,3,2032-07-01 00:00:00,318.9
1522,19,3,2033-07-01 00:00:00,318.9
1523,19,3,2034-07-01 00:00:00,319.89
1524,19,3,2035-07-01 00:00:00,318.9
1525,19,3,2036-07-01 00:00:00,318.9
1526,19,3,2037-07-01 00:00:00,319.89
1527,19,3,2038-07-01 00:00:00,318.9
1528,19,3,2039-07-01 00:00:00,318.9
1529,19,3,2040-07-01 00:00:00,318.9
1530,19,3,2041-07-01 00:00:00,318.9
1531,19,3,2042-07-01 00:00:00,308.9
1532,19,3,2043-07-01 00:00:00,259.89
1533,19,3,2044-07-01 00:00:00,258.9
1534,19,3,2045-07-01 00:00:00,249.99
1535,19,3,2046-07-01 00:00:00,249
1536,19,3,2047-07-01 00:00:00,249
1537,19,3,2048-07-01 00:00:00,150
1538,19,3,2049-07-01 00:00:00,150
1539,19,3,2050-07-01 00:00:00,150
1540,20,1,2024-07-01 00:00:00,0
1541,20,1,2025-07-01 00:00:00,50
1542,20,1,2026-07-01 00:00:00,50
1543,20,1,2027-07-01 00:00:00,250.00000925
1544,20,1,2028-07-01 00:00:00,250.00001194
1545,20,1,2029-07-01 00:00:00,335.0792296
1546,20,1,2030-07-01 00:00:00,335.0792296
1547,20,1,2031-07-01 00:00:00,335.0792296
1548,20,1,2032-07-01 00:00:00,335.0792296
1549,20,1,2033-07-01 00:00:00,335.0792296
1550,20,1,2034-07-01 00:00:00,335.0792296
1551,20,1,2035-07-01 00:00:00,335.0792296
1552,20,1,2036-07-01 00:00:00,335.0792296
1553,20,1,2037-07-01 00:00:00,335.0792296
1554,20,1,2038-07-01 00:00:00,335.0792296
1555,20,1,2039-07-01 00:00:00,335.0792296
1556,20,1,2040-07-01 00:00:00,335.0792296
1557,20,1,2041-07-01 00:00:00,335.0792296
1558,20,1,2042-07-01 00:00:00,335.0792296
1559,20,1,2043-07-01 00:00:00,335.0792296
1560,20,1,2044-07-01 00:00:00,335.0792296
1561,20,1,2045-07-01 00:00:00,285.0792296
1562,20,1,2046-07-01 00:00:00,285.0792296
1563,20,1,2047-07-01 00:00:00,285.07922035
1564,20,1,2048-07-01 00:00:00,285.07921766
1565,20,1,2049-07-01 00:00:00,237.3584234
1566,20,1,2050-07-01 00:00:00,237.3584234
1567,20,2,2024-07-01 00:00:00,0
1568,20,2,2025-07-01 00:00:00,50
1569,20,2,2026-07-01 00:00:00,50
1570,20,2,2027-07-01 00:00:00,250.00003227
1571,20,2,2028-07-01 00:00:00,250.00004441
1572,20,2,2029-07-01 00:00:00,250.00048179
1573,20,2,2030-07-01 00:00:00,250.00048179
1574,20,2,2031-07-01 00:00:00,250.00048591
1575,20,2,2032-07-01 00:00:00,250.00048591
1576,20,2,2033-07-01 00:00:00,250.00048591
1577,20,2,2034-07-01 00:00:00,250.00050056
1578,20,2,2035-07-01 00:00:00,250.00050056
1579,20,2,2036-07-01 00:00:00,250.00050348
1580,20,2,2037-07-01 00:00:00,250.00050670000002
1581,20,2,2038-07-01 00:00:00,250.00051228
1582,20,2,2039-07-01 00:00:00,250.0005137
1583,20,2,2040-07-01 00:00:00,250.00051556
1584,20,2,2041-07-01 00:00:00,250.00052198
1585,20,2,2042-07-01 00:00:00,250.0005275
1586,20,2,2043-07-01 00:00:00,250.00054844
1587,20,2,2044-07-01 00:00:00,250.00056264
1588,20,2,2045-07-01 00:00:00,200.00056683
1589,20,2,2046-07-01 00:00:00,200.0005707
1590,20,2,2047-07-01 00:00:00,200.00054489
1591,20,2,2048-07-01 00:00:00,200.00054507
1592,20,2,2049-07-01 00:00:00,200.00025908
1593,20,2,2050-07-01 00:00:00,200.00026377
1594,20,3,2024-07-01 00:00:00,0
1595,20,3,2025-07-01 00:00:00,50
1596,20,3,2026-07-01 00:00:00,50
1597,20,3,2027-07-01 00:00:00,553.89719868
1598,20,3,2028-07-01 00:00:00,553.89719868
1599,20,3,2029-07-01 00:00:00,553.89719868
1600,20,3,2030-07-01 00:00:00,553.89719868
1601,20,3,2031-07-01 00:00:00,553.89729101
1602,20,3,2032-07-01 00:00:00,553.8972923700001
1603,20,3,2033-07-01 00:00:00,553.8972923700001
1604,20,3,2034-07-01 00:00:00,553.89730401
1605,20,3,2035-07-01 00:00:00,553.89733232
1606,20,3,2036-07-01 00:00:00,553.89734314
1607,20,3,2037-07-01 00:00:00,553.89734314
1608,20,3,2038-07-01 00:00:00,553.89734314
1609,20,3,2039-07-01 00:00:00,553.89734314
1610,20,3,2040-07-01 00:00:00,553.89734314
1611,20,3,2041-07-01 00:00:00,553.89734314
1612,20,3,2042-07-01 00:00:00,553.89734314
1613,20,3,2043-07-01 00:00:00,553.89734536
1614,20,3,2044-07-01 00:00:00,553.8973528199999
1615,20,3,2045-07-01 00:00:00,503.89735865
1616,20,3,2046-07-01 00:00:00,503.89735865
1617,20,3,2047-07-01 00:00:00,338.28897931
1618,20,3,2048-07-01 00:00:00,338.28898045000005
1619,20,3,2049-07-01 00:00:00,338.28898045000005
1620,20,3,2050-07-01 00:00:00,338.28898045000005
1621,21,1,2024-07-01 00:00:00,0
1622,21,1,2025-07-01 00:00:00,0
1623,21,1,2026-07-01 00:00:00,0
1624,21,1,2027-07-01 00:00:00,0
1625,21,1,2028-07-01 00:00:00,2200.00000002
1626,21,1,2029-07-01 00:00:00,2200.00000002
1627,21,1,2030-07-01 00:00:00,2200.00000002
1628,21,1,2031-07-01 00:00:00,2200.00000002
1629,21,1,2032-07-01 00:00:00,2200.00000002
1630,21,1,2033-07-01 00:00:00,2200.00000002
1631,21,1,2034-07-01 00:00:00,2200.00000002
1632,21,1,2035-07-01 00:00:00,2200.00000002
1633,21,1,2036-07-01 00:00:00,2200.00000002
1634,21,1,2037-07-01 00:00:00,2200.00000002
1635,21,1,2038-07-01 00:00:00,2200.00000002
1636,21,1,2039-07-01 00:00:00,2200.00000002
1637,21,1,2040-07-01 00:00:00,2200.00000002
1638,21,1,2041-07-01 00:00:00,2200.00000002
1639,21,1,2042-07-01 00:00:00,2200.00000002
1640,21,1,2043-07-01 00:00:00,2200.00000002
1641,21,1,2044-07-01 00:00:00,2200.00000002
1642,21,1,2045-07-01 00:00:00,2200.00000002
1643,21,1,2046-07-01 00:00:00,2200.00000002
1644,21,1,2047-07-01 00:00:00,2200.00000002
1645,21,1,2048-07-01 00:00:00,2200.00000002
1646,21,1,2049-07-01 00:00:00,2200.00000002
1647,21,1,2050-07-01 00:00:00,2200.00000002
1648,21,2,2024-07-01 00:00:00,0
1649,21,2,2025-07-01 00:00:00,0
1650,21,2,2026-07-01 00:00:00,0
1651,21,2,2027-07-01 00:00:00,0
1652,21,2,2028-07-01 00:00:00,2200.00000002
1653,21,2,2029-07-01 00:00:00,2200.00000002
1654,21,2,2030-07-01 00:00:00,2200.00000002
1655,21,2,2031-07-01 00:00:00,2200.00000002
1656,21,2,2032-07-01 00:00:00,2200.00000002
1657,21,2,2033-07-01 00:00:00,2200.00000002
1658,21,2,2034-07-01 00:00:00,2200.00000002
1659,21,2,2035-07-01 00:00:00,2200.00000002
1660,21,2,2036-07-01 00:00:00,2200.00000002
1661,21,2,2037-07-01 00:00:00,2200.00000002
1662,21,2,2038-07-01 00:00:00,2200.00000002
1663,21,2,2039-07-01 00:00:00,2200.00000002
1664,21,2,2040-07-01 00:00:00,2200.00000002
1665,21,2,2041-07-01 00:00:00,2200.00000002
1666,21,2,2042-07-01 00:00:00,2200.00000002
1667,21,2,2043-07-01 00:00:00,2200.00000002
1668,21,2,2044-07-01 00:00:00,2200.00000002
1669,21,2,2045-07-01 00:00:00,2200.00000002
1670,21,2,2046-07-01 00:00:00,2200.00000002
1671,21,2,2047-07-01 00:00:00,2200.00000002
1672,21,2,2048-07-01 00:00:00,2200.00000002
1673,21,2,2049-07-01 00:00:00,2200.00000002
1674,21,2,2050-07-01 00:00:00,2200.00000002
1675,21,3,2024-07-01 00:00:00,0
1676,21,3,2025-07-01 00:00:00,0
1677,21,3,2026-07-01 00:00:00,0
1678,21,3,2027-07-01 00:00:00,0
1679,21,3,2028-07-01 00:00:00,2200.00000002
1680,21,3,2029-07-01 00:00:00,2200.00000002
1681,21,3,2030-07-01 00:00:00,2200.00000002
1682,21,3,2031-07-01 00:00:00,2200.00000002
1683,21,3,2032-07-01 00:00:00,2200.00000002
1684,21,3,2033-07-01 00:00:00,2200.00000002
1685,21,3,2034-07-01 00:00:00,2200.00000002
1686,21,3,2035-07-01 00:00:00,2200.00000002
1687,21,3,2036-07-01 00:00:00,2200.00000002
1688,21,3,2037-07-01 00:00:00,2200.00000002
1689,21,3,2038-07-01 00:00:00,2200.00000002
1690,21,3,2039-07-01 00:00:00,2200.00000002
1691,21,3,2040-07-01 00:00:00,2200.00000002
1692,21,3,2041-07-01 00:00:00,2200.00000002
1693,21,3,2042-07-01 00:00:00,2200.00000002
1694,21,3,2043-07-01 00:00:00,2200.00000002
1695,21,3,2044-07-01 00:00:00,2200.00000002
1696,21,3,2045-07-01 00:00:00,2200.00000002
1697,21,3,2046-07-01 00:00:00,2200.00000002
1698,21,3,2047-07-01 00:00:00,2200.00000002
1699,21,3,2048-07-01 00:00:00,2200.00000002
1700,21,3,2049-07-01 00:00:00,2200.00000002
1701,21,3,2050-07-01 00:00:00,2200.00000002
1702,22,1,2024-07-01 00:00:00,479.13
1703,22,1,2025-07-01 00:00:00,1990.6399999999999
1704,22,1,2026-07-01 00:00:00,2055.44043245
1705,22,1,2027-07-01 00:00:00,2510.51318761
1706,22,1,2028-07-01 00:00:00,2502.81318761
1707,22,1,2029-07-01 00:00:00,2703.2299527699997
1708,22,1,2030-07-01 00:00:00,2710.52995277
1709,22,1,2031-07-01 00:00:00,3222.22993594
1710,22,1,2032-07-01 00:00:00,3733.16991669
1711,22,1,2033-07-01 00:00:00,4243.039869910001
1712,22,1,2034-07-01 00:00:00,5851.919840590001
1713,22,1,2035-07-01 00:00:00,5851.919840590001
1714,22,1,2036-07-01 00:00:00,5858.51984059
1715,22,1,2037-07-01 00:00:00,5851.919840590001
1716,22,1,2038-07-01 00:00:00,5846.919840590001
1717,22,1,2039-07-01 00:00:00,5846.919840590001
1718,22,1,2040-07-01 00:00:00,5846.919840590001
1719,22,1,2041-07-01 00:00:00,5546.919840590001
1720,22,1,2042-07-01 00:00:00,5546.919840590001
1721,22,1,2043-07-01 00:00:00,5396.919840590001
1722,22,1,2044-07-01 00:00:00,5203.51984059
1723,22,1,2045-07-01 00:00:00,4902.20984059
1724,22,1,2046-07-01 00:00:00,4513.70940814
1725,22,1,2047-07-01 00:00:00,4208.23665298
1726,22,1,2048-07-01 00:00:00,4208.23665298
1727,22,1,2049-07-01 00:00:00,3978.21988782
1728,22,1,2050-07-01 00:00:00,3378.21988782
1729,22,2,2024-07-01 00:00:00,479.13
1730,22,2,2025-07-01 00:00:00,1990.6399999999999
1731,22,2,2026-07-01 00:00:00,2055.44082435
1732,22,2,2027-07-01 00:00:00,3505.0399992499997
1733,22,2,2028-07-01 00:00:00,3497.33999925
1734,22,2,2029-07-01 00:00:00,3487.7399992499995
1735,22,2,2030-07-01 00:00:00,3495.0399992499997
1736,22,2,2031-07-01 00:00:00,3495.0399992499997
1737,22,2,2032-07-01 00:00:00,3745.0399992499997
1738,22,2,2033-07-01 00:00:00,3693.20999925
1739,22,2,2034-07-01 00:00:00,3763.6774517100002
1740,22,2,2035-07-01 00:00:00,3763.6774517100002
1741,22,2,2036-07-01 00:00:00,3770.2774517099997
1742,22,2,2037-07-01 00:00:00,3763.6774517100002
1743,22,2,2038-07-01 00:00:00,3758.6774517100002
1744,22,2,2039-07-01 00:00:00,3758.6774517100002
1745,22,2,2040-07-01 00:00:00,3758.6774517100002
1746,22,2,2041-07-01 00:00:00,3458.6774517100002
1747,22,2,2042-07-01 00:00:00,3458.6774517100002
1748,22,2,2043-07-01 00:00:00,3308.6774517100002
1749,22,2,2044-07-01 00:00:00,3115.2774517099997
1750,22,2,2045-07-01 00:00:00,2813.96745171
1751,22,2,2046-07-01 00:00:00,2425.46662736
1752,22,2,2047-07-01 00:00:00,1144.62409804
1753,22,2,2048-07-01 00:00:00,1144.62409804
1754,22,2,2049-07-01 00:00:00,1124.62409804
1755,22,2,2050-07-01 00:00:00,524.62409804
1756,22,3,2024-07-01 00:00:00,479.13
1757,22,3,2025-07-01 00:00:00,1990.6399999999999
1758,22,3,2026-07-01 00:00:00,2055.44
1759,22,3,2027-07-01 00:00:00,2505.04
1760,22,3,2028-07-01 00:00:00,2497.34
1761,22,3,2029-07-01 00:00:00,2487.74
1762,22,3,2030-07-01 00:00:00,2495.04
1763,22,3,2031-07-01 00:00:00,2495.04
1764,22,3,2032-07-01 00:00:00,2745.04
1765,22,3,2033-07-01 00:00:00,2693.21
1766,22,3,2034-07-01 00:00:00,2693.21
1767,22,3,2035-07-01 00:00:00,2693.21
1768,22,3,2036-07-01 00:00:00,2699.81
1769,22,3,2037-07-01 00:00:00,2693.21
1770,22,3,2038-07-01 00:00:00,2688.21
1771,22,3,2039-07-01 00:00:00,2688.21
1772,22,3,2040-07-01 00:00:00,2688.21
1773,22,3,2041-07-01 00:00:00,2388.21
1774,22,3,2042-07-01 00:00:00,2388.21
1775,22,3,2043-07-01 00:00:00,2238.21
1776,22,3,2044-07-01 00:00:00,2044.81
1777,22,3,2045-07-01 00:00:00,1743.5
1778,22,3,2046-07-01 00:00:00,1355
1779,22,3,2047-07-01 00:00:00,1055
1780,22,3,2048-07-01 00:00:00,1055
1781,22,3,2049-07-01 00:00:00,1035
1782,22,3,2050-07-01 00:00:00,435
1783,23,1,2024-07-01 00:00:00,0
1784,23,1,2025-07-01 00:00:00,0
1785,23,1,2026-07-01 00:00:00,350
1786,23,1,2027-07-01 00:00:00,350.00002101
1787,23,1,2028-07-01 00:00:00,350.00002692
1788,23,1,2029-07-01 00:00:00,350.00003722
1789,23,1,2030-07-01 00:00:00,350.00003722
1790,23,1,2031-07-01 00:00:00,350.00004026
1791,23,1,2032-07-01 00:00:00,350.00004217
1792,23,1,2033-07-01 00:00:00,350.00006016
1793,23,1,2034-07-01 00:00:00,350.00006016
1794,23,1,2035-07-01 00:00:00,350.00006016
1795,23,1,2036-07-01 00:00:00,350.00006016
1796,23,1,2037-07-01 00:00:00,350.00006016
1797,23,1,2038-07-01 00:00:00,350.00006206
1798,23,1,2039-07-01 00:00:00,350.00006383
1799,23,1,2040-07-01 00:00:00,350.00006716
1800,23,1,2041-07-01 00:00:00,350.00006716
1801,23,1,2042-07-01 00:00:00,350.00007177
1802,23,1,2043-07-01 00:00:00,350.00007378
1803,23,1,2044-07-01 00:00:00,350.0000819
1804,23,1,2045-07-01 00:00:00,350.00008347
1805,23,1,2046-07-01 00:00:00,0.00011148
1806,23,1,2047-07-01 00:00:00,0.00035457
1807,23,1,2048-07-01 00:00:00,0.00034866
1808,23,1,2049-07-01 00:00:00,0.00033836
1809,23,1,2050-07-01 00:00:00,0.00033836
1810,23,2,2024-07-01 00:00:00,0
1811,23,2,2025-07-01 00:00:00,0
1812,23,2,2026-07-01 00:00:00,350
1813,23,2,2027-07-01 00:00:00,350.00001857
1814,23,2,2028-07-01 00:00:00,350.00002648
1815,23,2,2029-07-01 00:00:00,350.00005813
1816,23,2,2030-07-01 00:00:00,350.00005813
1817,23,2,2031-07-01 00:00:00,350.00006055
1818,23,2,2032-07-01 00:00:00,350.00006247
1819,23,2,2033-07-01 00:00:00,350.00006247
1820,23,2,2034-07-01 00:00:00,350.00040849
1821,23,2,2035-07-01 00:00:00,350.00040849
1822,23,2,2036-07-01 00:00:00,350.00040849
1823,23,2,2037-07-01 00:00:00,350.00040849
1824,23,2,2038-07-01 00:00:00,350.00041099
1825,23,2,2039-07-01 00:00:00,350.00041099
1826,23,2,2040-07-01 00:00:00,350.00041099
1827,23,2,2041-07-01 00:00:00,350.00041099
1828,23,2,2042-07-01 00:00:00,350.00041099
1829,23,2,2043-07-01 00:00:00,350.00042587
1830,23,2,2044-07-01 00:00:00,350.00042695
1831,23,2,2045-07-01 00:00:00,350.0004286
1832,23,2,2046-07-01 00:00:00,0.00043019
1833,23,2,2047-07-01 00:00:00,0.00041617
1834,23,2,2048-07-01 00:00:00,0.00040826
1835,23,2,2049-07-01 00:00:00,0.00037661
1836,23,2,2050-07-01 00:00:00,0.00037661
1837,23,3,2024-07-01 00:00:00,0
1838,23,3,2025-07-01 00:00:00,0
1839,23,3,2026-07-01 00:00:00,350
1840,23,3,2027-07-01 00:00:00,350.00014143
1841,23,3,2028-07-01 00:00:00,916.33819011
1842,23,3,2029-07-01 00:00:00,2568.15747985
1843,23,3,2030-07-01 00:00:00,2568.15747985
1844,23,3,2031-07-01 00:00:00,2568.15747985
1845,23,3,2032-07-01 00:00:00,2568.15747985
1846,23,3,2033-07-01 00:00:00,2568.15747985
1847,23,3,2034-07-01 00:00:00,2568.15747985
1848,23,3,2035-07-01 00:00:00,2568.15747985
1849,23,3,2036-07-01 00:00:00,2568.15747985
1850,23,3,2037-07-01 00:00:00,2568.15747985
1851,23,3,2038-07-01 00:00:00,2568.15747985
1852,23,3,2039-07-01 00:00:00,2568.15747985
1853,23,3,2040-07-01 00:00:00,2568.15747985
1854,23,3,2041-07-01 00:00:00,2568.15747985
1855,23,3,2042-07-01 00:00:00,2568.15747985
1856,23,3,2043-07-01 00:00:00,2568.15747985
1857,23,3,2044-07-01 00:00:00,2568.15747985
1858,23,3,2045-07-01 00:00:00,2568.15747985
1859,23,3,2046-07-01 00:00:00,2218.15747985
1860,23,3,2047-07-01 00:00:00,2218.15733842
1861,23,3,2048-07-01 00:00:00,1651.81928974
1862,23,3,2049-07-01 00:00:00,751.66899047
1863,23,3,2050-07-01 00:00:00,751.66899047
1864,24,1,2024-07-01 00:00:00,0
1865,24,1,2025-07-01 00:00:00,0
1866,24,1,2026-07-01 00:00:00,0
1867,24,1,2027-07-01 00:00:00,0
1868,24,1,2028-07-01 00:00:00,0
1869,24,1,2029-07-01 00:00:00,0
1870,24,1,2030-07-01 00:00:00,0.00000974
1871,24,1,2031-07-01 00:00:00,0.00001453
1872,24,1,2032-07-01 00:00:00,0.00002711
1873,24,1,2033-07-01 00:00:00,0.00004571
1874,24,1,2034-07-01 00:00:00,0.00004571
1875,24,1,2035-07-01 00:00:00,0.00004571
1876,24,1,2036-07-01 00:00:00,0.00004571
1877,24,1,2037-07-01 00:00:00,0.00004571
1878,24,1,2038-07-01 00:00:00,0.00004713
1879,24,1,2039-07-01 00:00:00,0.0000491
1880,24,1,2040-07-01 00:00:00,0.0000491
1881,24,1,2041-07-01 00:00:00,0.0000491
1882,24,1,2042-07-01 00:00:00,0.00005116
1883,24,1,2043-07-01 00:00:00,0.00005794
1884,24,1,2044-07-01 00:00:00,480.66970539
1885,24,1,2045-07-01 00:00:00,480.66970539
1886,24,1,2046-07-01 00:00:00,480.66970539
1887,24,1,2047-07-01 00:00:00,480.66970539
1888,24,1,2048-07-01 00:00:00,480.66970539
1889,24,1,2049-07-01 00:00:00,488.58512963
1890,24,1,2050-07-01 00:00:00,488.58512963
1891,24,2,2024-07-01 00:00:00,0
1892,24,2,2025-07-01 00:00:00,0
1893,24,2,2026-07-01 00:00:00,0
1894,24,2,2027-07-01 00:00:00,0
1895,24,2,2028-07-01 00:00:00,0
1896,24,2,2029-07-01 00:00:00,0
1897,24,2,2030-07-01 00:00:00,0.00001411
1898,24,2,2031-07-01 00:00:00,0.00001638
1899,24,2,2032-07-01 00:00:00,0.00001638
1900,24,2,2033-07-01 00:00:00,0.00001638
1901,24,2,2034-07-01 00:00:00,33.02213766
1902,24,2,2035-07-01 00:00:00,33.02213766
1903,24,2,2036-07-01 00:00:00,33.02213766
1904,24,2,2037-07-01 00:00:00,33.02213766
1905,24,2,2038-07-01 00:00:00,33.02213766
1906,24,2,2039-07-01 00:00:00,33.02213766
1907,24,2,2040-07-01 00:00:00,33.02213766
1908,24,2,2041-07-01 00:00:00,33.02213766
1909,24,2,2042-07-01 00:00:00,33.02213766
1910,24,2,2043-07-01 00:00:00,33.02213766
1911,24,2,2044-07-01 00:00:00,33.02213766
1912,24,2,2045-07-01 00:00:00,33.02213766
1913,24,2,2046-07-01 00:00:00,33.02213766
1914,24,2,2047-07-01 00:00:00,33.02213766
1915,24,2,2048-07-01 00:00:00,33.02213766
1916,24,2,2049-07-01 00:00:00,33.02213766
1917,24,2,2050-07-01 00:00:00,33.02213766
1918,24,3,2024-07-01 00:00:00,0
1919,24,3,2025-07-01 00:00:00,0
1920,24,3,2026-07-01 00:00:00,0
1921,24,3,2027-07-01 00:00:00,0
1922,24,3,2028-07-01 00:00:00,0
1923,24,3,2029-07-01 00:00:00,0
1924,24,3,2030-07-01 00:00:00,198.29350041
1925,24,3,2031-07-01 00:00:00,198.29350041
1926,24,3,2032-07-01 00:00:00,198.29350041
1927,24,3,2033-07-01 00:00:00,198.29350041
1928,24,3,2034-07-01 00:00:00,198.29350041
1929,24,3,2035-07-01 00:00:00,198.29350041
1930,24,3,2036-07-01 00:00:00,198.29350041
1931,24,3,2037-07-01 00:00:00,198.29350041
1932,24,3,2038-07-01 00:00:00,198.29350041
1933,24,3,2039-07-01 00:00:00,198.29350041
1934,24,3,2040-07-01 00:00:00,198.29350041
1935,24,3,2041-07-01 00:00:00,198.29350041
1936,24,3,2042-07-01 00:00:00,198.29350041
1937,24,3,2043-07-01 00:00:00,198.29350041
1938,24,3,2044-07-01 00:00:00,198.29350041
1939,24,3,2045-07-01 00:00:00,198.29350041
1940,24,3,2046-07-01 00:00:00,198.29350041
1941,24,3,2047-07-01 00:00:00,198.29350041
1942,24,3,2048-07-01 00:00:00,198.29350041
1943,24,3,2049-07-01 00:00:00,198.29350041
1944,24,3,2050-07-01 00:00:00,198.29350041
1945,25,1,2024-07-01 00:00:00,0
1946,25,1,2025-07-01 00:00:00,0
1947,25,1,2026-07-01 00:00:00,0
1948,25,1,2027-07-01 00:00:00,0.00001868
1949,25,1,2028-07-01 00:00:00,0.00002117
1950,25,1,2029-07-01 00:00:00,0.00002357
1951,25,1,2030-07-01 00:00:00,0.00002357
1952,25,1,2031-07-01 00:00:00,0.00002357
1953,25,1,2032-07-01 00:00:00,0.00002558
1954,25,1,2033-07-01 00:00:00,0.00002783
1955,25,1,2034-07-01 00:00:00,0.00002783
1956,25,1,2035-07-01 00:00:00,0.00002783
1957,25,1,2036-07-01 00:00:00,0.00003085
1958,25,1,2037-07-01 00:00:00,0.00004218
1959,25,1,2038-07-01 00:00:00,0.00004508
1960,25,1,2039-07-01 00:00:00,0.00004508
1961,25,1,2040-07-01 00:00:00,0.00004642
1962,25,1,2041-07-01 00:00:00,0.00004642
1963,25,1,2042-07-01 00:00:00,0.00004642
1964,25,1,2043-07-01 00:00:00,0.00004983
1965,25,1,2044-07-01 00:00:00,0.00006088
1966,25,1,2045-07-01 00:00:00,0.00006193
1967,25,1,2046-07-01 00:00:00,0.00006383
1968,25,1,2047-07-01 00:00:00,0.00006439
1969,25,1,2048-07-01 00:00:00,0.0000619
1970,25,1,2049-07-01 00:00:00,0.00005949
1971,25,1,2050-07-01 00:00:00,0.00005949
1972,25,2,2024-07-01 00:00:00,0
1973,25,2,2025-07-01 00:00:00,0
1974,25,2,2026-07-01 00:00:00,0
1975,25,2,2027-07-01 00:00:00,0.00001254
1976,25,2,2028-07-01 00:00:00,0.00001627
1977,25,2,2029-07-01 00:00:00,0.00002915
1978,25,2,2030-07-01 00:00:00,0.00002915
1979,25,2,2031-07-01 00:00:00,0.00003255
1980,25,2,2032-07-01 00:00:00,0.00003598
1981,25,2,2033-07-01 00:00:00,0.00003701
1982,25,2,2034-07-01 00:00:00,0.00004036
1983,25,2,2035-07-01 00:00:00,0.00004036
1984,25,2,2036-07-01 00:00:00,0.00004312
1985,25,2,2037-07-01 00:00:00,0.00004567
1986,25,2,2038-07-01 00:00:00,0.00004981
1987,25,2,2039-07-01 00:00:00,0.00005104
1988,25,2,2040-07-01 00:00:00,0.0000523
1989,25,2,2041-07-01 00:00:00,0.0000523
1990,25,2,2042-07-01 00:00:00,0.00005341
1991,25,2,2043-07-01 00:00:00,0.00006004
1992,25,2,2044-07-01 00:00:00,0.00008004
1993,25,2,2045-07-01 00:00:00,0.00008329
1994,25,2,2046-07-01 00:00:00,0.00008329
1995,25,2,2047-07-01 00:00:00,0.00007075
1996,25,2,2048-07-01 00:00:00,0.00006702
1997,25,2,2049-07-01 00:00:00,0.00005515
1998,25,2,2050-07-01 00:00:00,0.00005797
1999,25,3,2024-07-01 00:00:00,0
2000,25,3,2025-07-01 00:00:00,0
2001,25,3,2026-07-01 00:00:00,0
2002,25,3,2027-07-01 00:00:00,0.00001092
2003,25,3,2028-07-01 00:00:00,0.00001504
2004,25,3,2029-07-01 00:00:00,0.00003131
2005,25,3,2030-07-01 00:00:00,0.00003131
2006,25,3,2031-07-01 00:00:00,0.00012163
2007,25,3,2032-07-01 00:00:00,0.00012163
2008,25,3,2033-07-01 00:00:00,0.00012268
2009,25,3,2034-07-01 00:00:00,0.0001345
2010,25,3,2035-07-01 00:00:00,0.00014094
2011,25,3,2036-07-01 00:00:00,0.00015455
2012,25,3,2037-07-01 00:00:00,0.0002188
2013,25,3,2038-07-01 00:00:00,0.0002188
2014,25,3,2039-07-01 00:00:00,0.0002188
2015,25,3,2040-07-01 00:00:00,0.0002188
2016,25,3,2041-07-01 00:00:00,0.0002188
2017,25,3,2042-07-01 00:00:00,0.0002188
2018,25,3,2043-07-01 00:00:00,0.0002188
2019,25,3,2044-07-01 00:00:00,0.00022608
2020,25,3,2045-07-01 00:00:00,0.0002286
2021,25,3,2046-07-01 00:00:00,0.0002286
2022,25,3,2047-07-01 00:00:00,0.00021768
2023,25,3,2048-07-01 00:00:00,0.00021356
2024,25,3,2049-07-01 00:00:00,0.00019859
2025,25,3,2050-07-01 00:00:00,0.00020573
2026,26,1,2024-07-01 00:00:00,0
2027,26,1,2025-07-01 00:00:00,0
2028,26,1,2026-07-01 00:00:00,0
2029,26,1,2027-07-01 00:00:00,0
2030,26,1,2028-07-01 00:00:00,0
2031,26,1,2029-07-01 00:00:00,0
2032,26,1,2030-07-01 00:00:00,0.00002779
2033,26,1,2031-07-01 00:00:00,0.00003337
2034,26,1,2032-07-01 00:00:00,0.00004496
2035,26,1,2033-07-01 00:00:00,0.00004496
2036,26,1,2034-07-01 00:00:00,0.00004496
2037,26,1,2035-07-01 00:00:00,0.00004496
2038,26,1,2036-07-01 00:00:00,5.59080946
2039,26,1,2037-07-01 00:00:00,53.31713537
2040,26,1,2038-07-01 00:00:00,53.31714051
2041,26,1,2039-07-01 00:00:00,53.317146
2042,26,1,2040-07-01 00:00:00,53.31715877
2043,26,1,2041-07-01 00:00:00,53.31715877
2044,26,1,2042-07-01 00:00:00,172.9970579
2045,26,1,2043-07-01 00:00:00,455.81827435
2046,26,1,2044-07-01 00:00:00,922.61795557
2047,26,1,2045-07-01 00:00:00,922.61795557
2048,26,1,2046-07-01 00:00:00,922.61795557
2049,26,1,2047-07-01 00:00:00,922.61795557
2050,26,1,2048-07-01 00:00:00,922.61795557
2051,26,1,2049-07-01 00:00:00,922.61795557
2052,26,1,2050-07-01 00:00:00,922.61795557
2053,26,2,2024-07-01 00:00:00,0
2054,26,2,2025-07-01 00:00:00,0
2055,26,2,2026-07-01 00:00:00,0
2056,26,2,2027-07-01 00:00:00,0
2057,26,2,2028-07-01 00:00:00,0
2058,26,2,2029-07-01 00:00:00,0
2059,26,2,2030-07-01 00:00:00,0.00007326
2060,26,2,2031-07-01 00:00:00,0.00008166
2061,26,2,2032-07-01 00:00:00,0.00019317
2062,26,2,2033-07-01 00:00:00,0.00019317
2063,26,2,2034-07-01 00:00:00,118.14609906000001
2064,26,2,2035-07-01 00:00:00,118.14609906000001
2065,26,2,2036-07-01 00:00:00,118.14609906000001
2066,26,2,2037-07-01 00:00:00,552.75398078
2067,26,2,2038-07-01 00:00:00,552.75398078
2068,26,2,2039-07-01 00:00:00,552.75398078
2069,26,2,2040-07-01 00:00:00,552.75398078
2070,26,2,2041-07-01 00:00:00,552.75398078
2071,26,2,2042-07-01 00:00:00,552.75398078
2072,26,2,2043-07-01 00:00:00,552.75398078
2073,26,2,2044-07-01 00:00:00,1120.99998807
2074,26,2,2045-07-01 00:00:00,1120.99998807
2075,26,2,2046-07-01 00:00:00,1120.99998807
2076,26,2,2047-07-01 00:00:00,1120.99998807
2077,26,2,2048-07-01 00:00:00,1120.99998807
2078,26,2,2049-07-01 00:00:00,1120.99998807
2079,26,2,2050-07-01 00:00:00,1120.99998807
2080,26,3,2024-07-01 00:00:00,0
2081,26,3,2025-07-01 00:00:00,0
2082,26,3,2026-07-01 00:00:00,0
2083,26,3,2027-07-01 00:00:00,0
2084,26,3,2028-07-01 00:00:00,0
2085,26,3,2029-07-01 00:00:00,0
2086,26,3,2030-07-01 00:00:00,202.08844747
2087,26,3,2031-07-01 00:00:00,202.0884551
2088,26,3,2032-07-01 00:00:00,202.0884551
2089,26,3,2033-07-01 00:00:00,202.0884551
2090,26,3,2034-07-01 00:00:00,202.0884551
2091,26,3,2035-07-01 00:00:00,202.0884551
2092,26,3,2036-07-01 00:00:00,202.0884551
2093,26,3,2037-07-01 00:00:00,947.00873047
2094,26,3,2038-07-01 00:00:00,947.00873047
2095,26,3,2039-07-01 00:00:00,947.00873047
2096,26,3,2040-07-01 00:00:00,947.00873047
2097,26,3,2041-07-01 00:00:00,947.00873047
2098,26,3,2042-07-01 00:00:00,947.00873047
2099,26,3,2043-07-01 00:00:00,947.00873047
2100,26,3,2044-07-01 00:00:00,1120.99999992
2101,26,3,2045-07-01 00:00:00,1120.99999992
2102,26,3,2046-07-01 00:00:00,1120.99999992
2103,26,3,2047-07-01 00:00:00,1120.99999992
2104,26,3,2048-07-01 00:00:00,1120.99999992
2105,26,3,2049-07-01 00:00:00,1120.99999992
2106,26,3,2050-07-01 00:00:00,1120.99999992
2107,27,1,2024-07-01 00:00:00,656.2
2108,27,1,2025-07-01 00:00:00,951.1800000000001
2109,27,1,2026-07-01 00:00:00,1569.63918557
2110,27,1,2027-07-01 00:00:00,2801.79101808
2111,27,1,2028-07-01 00:00:00,2807.8110180799995
2112,27,1,2029-07-01 00:00:00,2801.79101808
2113,27,1,2030-07-01 00:00:00,2771.79101808
2114,27,1,2031-07-01 00:00:00,2771.79101808
2115,27,1,2032-07-01 00:00:00,2771.79101808
2116,27,1,2033-07-01 00:00:00,2771.79101808
2117,27,1,2034-07-01 00:00:00,2771.79101808
2118,27,1,2035-07-01 00:00:00,2771.79101808
2119,27,1,2036-07-01 00:00:00,2771.79101808
2120,27,1,2037-07-01 00:00:00,2771.79101808
2121,27,1,2038-07-01 00:00:00,2771.79101808
2122,27,1,2039-07-01 00:00:00,2771.79101808
2123,27,1,2040-07-01 00:00:00,2771.79101808
2124,27,1,2041-07-01 00:00:00,2759.79101808
2125,27,1,2042-07-01 00:00:00,2765.8110180799995
2126,27,1,2043-07-01 00:00:00,2509.09101808
2127,27,1,2044-07-01 00:00:00,2315.1110180799997
2128,27,1,2045-07-01 00:00:00,2153.1110180799997
2129,27,1,2046-07-01 00:00:00,1534.65183252
2130,27,1,2047-07-01 00:00:00,406.98577968
2131,27,1,2048-07-01 00:00:00,365.48577968
2132,27,1,2049-07-01 00:00:00,254.48577968
2133,27,1,2050-07-01 00:00:00,254.48577968
2134,27,2,2024-07-01 00:00:00,656.2
2135,27,2,2025-07-01 00:00:00,951.1800000000001
2136,27,2,2026-07-01 00:00:00,951.1800000000001
2137,27,2,2027-07-01 00:00:00,951.1800000000001
2138,27,2,2028-07-01 00:00:00,957.2
2139,27,2,2029-07-01 00:00:00,951.1800000000001
2140,27,2,2030-07-01 00:00:00,921.1800000000001
2141,27,2,2031-07-01 00:00:00,921.1800000000001
2142,27,2,2032-07-01 00:00:00,921.1800000000001
2143,27,2,2033-07-01 00:00:00,921.1800000000001
2144,27,2,2034-07-01 00:00:00,921.1800000000001
2145,27,2,2035-07-01 00:00:00,921.1800000000001
2146,27,2,2036-07-01 00:00:00,921.1800000000001
2147,27,2,2037-07-01 00:00:00,921.1800000000001
2148,27,2,2038-07-01 00:00:00,921.1800000000001
2149,27,2,2039-07-01 00:00:00,921.1800000000001
2150,27,2,2040-07-01 00:00:00,921.1800000000001
2151,27,2,2041-07-01 00:00:00,909.1800000000001
2152,27,2,2042-07-01 00:00:00,915.2
2153,27,2,2043-07-01 00:00:00,658.48
2154,27,2,2044-07-01 00:00:00,464.5
2155,27,2,2045-07-01 00:00:00,302.5
2156,27,2,2046-07-01 00:00:00,302.5
2157,27,2,2047-07-01 00:00:00,302.5
2158,27,2,2048-07-01 00:00:00,261
2159,27,2,2049-07-01 00:00:00,150
2160,27,2,2050-07-01 00:00:00,150
2161,27,3,2024-07-01 00:00:00,656.2
2162,27,3,2025-07-01 00:00:00,951.1800000000001
2163,27,3,2026-07-01 00:00:00,951.1800000000001
2164,27,3,2027-07-01 00:00:00,951.1800000000001
2165,27,3,2028-07-01 00:00:00,957.2
2166,27,3,2029-07-01 00:00:00,951.1800000000001
2167,27,3,2030-07-01 00:00:00,921.1800000000001
2168,27,3,2031-07-01 00:00:00,921.1800000000001
2169,27,3,2032-07-01 00:00:00,921.1800000000001
2170,27,3,2033-07-01 00:00:00,921.1800000000001
2171,27,3,2034-07-01 00:00:00,921.1800000000001
2172,27,3,2035-07-01 00:00:00,921.1800000000001
2173,27,3,2036-07-01 00:00:00,921.1800000000001
2174,27,3,2037-07-01 00:00:00,921.1800000000001
2175,27,3,2038-07-01 00:00:00,921.1800000000001
2176,27,3,2039-07-01 00:00:00,921.1800000000001
2177,27,3,2040-07-01 00:00:00,921.1800000000001
2178,27,3,2041-07-01 00:00:00,909.1800000000001
2179,27,3,2042-07-01 00:00:00,915.2
2180,27,3,2043-07-01 00:00:00,658.48
2181,27,3,2044-07-01 00:00:00,464.5
2182,27,3,2045-07-01 00:00:00,302.5
2183,27,3,2046-07-01 00:00:00,302.5
2184,27,3,2047-07-01 00:00:00,302.5
2185,27,3,2048-07-01 00:00:00,261
2186,27,3,2049-07-01 00:00:00,150
2187,27,3,2050-07-01 00:00:00,150
2188,28,1,2024-07-01 00:00:00,0
2189,28,1,2025-07-01 00:00:00,0
2190,28,1,2026-07-01 00:00:00,0
2191,28,1,2027-07-01 00:00:00,0.0000225
2192,28,1,2028-07-01 00:00:00,0.00002874
2193,28,1,2029-07-01 00:00:00,0.0000384
2194,28,1,2030-07-01 00:00:00,0.0000384
2195,28,1,2031-07-01 00:00:00,0.00003969
2196,28,1,2032-07-01 00:00:00,0.00003969
2197,28,1,2033-07-01 00:00:00,0.00004241
2198,28,1,2034-07-01 00:00:00,0.00004241
2199,28,1,2035-07-01 00:00:00,0.00004241
2200,28,1,2036-07-01 00:00:00,0.00004241
2201,28,1,2037-07-01 00:00:00,0.00004674
2202,28,1,2038-07-01 00:00:00,0.00005418
2203,28,1,2039-07-01 00:00:00,0.00005418
2204,28,1,2040-07-01 00:00:00,0.00005418
2205,28,1,2041-07-01 00:00:00,0.00005418
2206,28,1,2042-07-01 00:00:00,0.00005418
2207,28,1,2043-07-01 00:00:00,0.00005418
2208,28,1,2044-07-01 00:00:00,0.0001045
2209,28,1,2045-07-01 00:00:00,0.00010743
2210,28,1,2046-07-01 00:00:00,0.0001225
2211,28,1,2047-07-01 00:00:00,1072.86423381
2212,28,1,2048-07-01 00:00:00,1072.86422757
2213,28,1,2049-07-01 00:00:00,1530.35480035
2214,28,1,2050-07-01 00:00:00,1530.35480035
2215,28,2,2024-07-01 00:00:00,0
2216,28,2,2025-07-01 00:00:00,0
2217,28,2,2026-07-01 00:00:00,0
2218,28,2,2027-07-01 00:00:00,0.000031859999999999997
2219,28,2,2028-07-01 00:00:00,0.000043650000000000004
2220,28,2,2029-07-01 00:00:00,0.00014875
2221,28,2,2030-07-01 00:00:00,0.00014875
2222,28,2,2031-07-01 00:00:00,0.00015404999999999998
2223,28,2,2032-07-01 00:00:00,0.00016746
2224,28,2,2033-07-01 00:00:00,0.00016746
2225,28,2,2034-07-01 00:00:00,0.00018608
2226,28,2,2035-07-01 00:00:00,0.00019819
2227,28,2,2036-07-01 00:00:00,0.00019819
2228,28,2,2037-07-01 00:00:00,0.00019819
2229,28,2,2038-07-01 00:00:00,0.00020352
2230,28,2,2039-07-01 00:00:00,0.00020352
2231,28,2,2040-07-01 00:00:00,0.00020588
2232,28,2,2041-07-01 00:00:00,0.00021076
2233,28,2,2042-07-01 00:00:00,0.00021482
2234,28,2,2043-07-01 00:00:00,0.00022667
2235,28,2,2044-07-01 00:00:00,223.25828181
2236,28,2,2045-07-01 00:00:00,223.25828591
2237,28,2,2046-07-01 00:00:00,223.25828591
2238,28,2,2047-07-01 00:00:00,223.25826666
2239,28,2,2048-07-01 00:00:00,223.25826932
2240,28,2,2049-07-01 00:00:00,223.25818117
2241,28,2,2050-07-01 00:00:00,223.25818117
2242,28,3,2024-07-01 00:00:00,0
2243,28,3,2025-07-01 00:00:00,0
2244,28,3,2026-07-01 00:00:00,0
2245,28,3,2027-07-01 00:00:00,438.9370628
2246,28,3,2028-07-01 00:00:00,438.9370628
2247,28,3,2029-07-01 00:00:00,438.9370628
2248,28,3,2030-07-01 00:00:00,438.9370628
2249,28,3,2031-07-01 00:00:00,438.93706528
2250,28,3,2032-07-01 00:00:00,438.93706528
2251,28,3,2033-07-01 00:00:00,438.93706528
2252,28,3,2034-07-01 00:00:00,438.93706528
2253,28,3,2035-07-01 00:00:00,438.93706528
2254,28,3,2036-07-01 00:00:00,438.93706528
2255,28,3,2037-07-01 00:00:00,1765.01998949
2256,28,3,2038-07-01 00:00:00,1765.01998949
2257,28,3,2039-07-01 00:00:00,1765.01998949
2258,28,3,2040-07-01 00:00:00,1765.01998949
2259,28,3,2041-07-01 00:00:00,1765.01998949
2260,28,3,2042-07-01 00:00:00,1765.01998949
2261,28,3,2043-07-01 00:00:00,1765.01998949
2262,28,3,2044-07-01 00:00:00,3071.39602035
2263,28,3,2045-07-01 00:00:00,3071.39602035
2264,28,3,2046-07-01 00:00:00,3071.39602035
2265,28,3,2047-07-01 00:00:00,2632.45895756
2266,28,3,2048-07-01 00:00:00,2632.45895756
2267,28,3,2049-07-01 00:00:00,2632.45895756
2268,28,3,2050-07-01 00:00:00,2632.45895756
2269,29,1,2024-07-01 00:00:00,25
2270,29,1,2025-07-01 00:00:00,25
2271,29,1,2026-07-01 00:00:00,25
2272,29,1,2027-07-01 00:00:00,25
2273,29,1,2028-07-01 00:00:00,25
2274,29,1,2029-07-01 00:00:00,25
2275,29,1,2030-07-01 00:00:00,25
2276,29,1,2031-07-01 00:00:00,25
2277,29,1,2032-07-01 00:00:00,25
2278,29,1,2033-07-01 00:00:00,25
2279,29,1,2034-07-01 00:00:00,0
2280,29,1,2035-07-01 00:00:00,0
2281,29,1,2036-07-01 00:00:00,0
2282,29,1,2037-07-01 00:00:00,0
2283,29,1,2038-07-01 00:00:00,0
2284,29,1,2039-07-01 00:00:00,0
2285,29,1,2040-07-01 00:00:00,0
2286,29,1,2041-07-01 00:00:00,0
2287,29,1,2042-07-01 00:00:00,0
2288,29,1,2043-07-01 00:00:00,0
2289,29,1,2044-07-01 00:00:00,0
2290,29,1,2045-07-01 00:00:00,0
2291,29,1,2046-07-01 00:00:00,0
2292,29,1,2047-07-01 00:00:00,0
2293,29,1,2048-07-01 00:00:00,0
2294,29,1,2049-07-01 00:00:00,0
2295,29,1,2050-07-01 00:00:00,0
2296,29,2,2024-07-01 00:00:00,25
2297,29,2,2025-07-01 00:00:00,25
2298,29,2,2026-07-01 00:00:00,25
2299,29,2,2027-07-01 00:00:00,25
2300,29,2,2028-07-01 00:00:00,25
2301,29,2,2029-07-01 00:00:00,25
2302,29,2,2030-07-01 00:00:00,25
2303,29,2,2031-07-01 00:00:00,25
2304,29,2,2032-07-01 00:00:00,25
2305,29,2,2033-07-01 00:00:00,25
2306,29,2,2034-07-01 00:00:00,0
2307,29,2,2035-07-01 00:00:00,0
2308,29,2,2036-07-01 00:00:00,0
2309,29,2,2037-07-01 00:00:00,0
2310,29,2,2038-07-01 00:00:00,0
2311,29,2,2039-07-01 00:00:00,0
2312,29,2,2040-07-01 00:00:00,0
2313,29,2,2041-07-01 00:00:00,0
2314,29,2,2042-07-01 00:00:00,0
2315,29,2,2043-07-01 00:00:00,0
2316,29,2,2044-07-01 00:00:00,0
2317,29,2,2045-07-01 00:00:00,0
2318,29,2,2046-07-01 00:00:00,0
2319,29,2,2047-07-01 00:00:00,0
2320,29,2,2048-07-01 00:00:00,0
2321,29,2,2049-07-01 00:00:00,0
2322,29,2,2050-07-01 00:00:00,0
2323,29,3,2024-07-01 00:00:00,25
2324,29,3,2025-07-01 00:00:00,25
2325,29,3,2026-07-01 00:00:00,25
2326,29,3,2027-07-01 00:00:00,25
2327,29,3,2028-07-01 00:00:00,25
2328,29,3,2029-07-01 00:00:00,25
2329,29,3,2030-07-01 00:00:00,25
2330,29,3,2031-07-01 00:00:00,25
2331,29,3,2032-07-01 00:00:00,25
2332,29,3,2033-07-01 00:00:00,25
2333,29,3,2034-07-01 00:00:00,0
2334,29,3,2035-07-01 00:00:00,0
2335,29,3,2036-07-01 00:00:00,0
2336,29,3,2037-07-01 00:00:00,0
2337,29,3,2038-07-01 00:00:00,0
2338,29,3,2039-07-01 00:00:00,0
2339,29,3,2040-07-01 00:00:00,0
2340,29,3,2041-07-01 00:00:00,0
2341,29,3,2042-07-01 00:00:00,0
2342,29,3,2043-07-01 00:00:00,0
2343,29,3,2044-07-01 00:00:00,0
2344,29,3,2045-07-01 00:00:00,0
2345,29,3,2046-07-01 00:00:00,0
2346,29,3,2047-07-01 00:00:00,0
2347,29,3,2048-07-01 00:00:00,0
2348,29,3,2049-07-01 00:00:00,0
2349,29,3,2050-07-01 00:00:00,0
2350,30,1,2024-07-01 00:00:00,0
2351,30,1,2025-07-01 00:00:00,0
2352,30,1,2026-07-01 00:00:00,0
2353,30,1,2027-07-01 00:00:00,0.00002185
2354,30,1,2028-07-01 00:00:00,0.00002806
2355,30,1,2029-07-01 00:00:00,0.00003673
2356,30,1,2030-07-01 00:00:00,0.00003673
2357,30,1,2031-07-01 00:00:00,0.00003673
2358,30,1,2032-07-01 00:00:00,0.00003863
2359,30,1,2033-07-01 00:00:00,0.00004017
2360,30,1,2034-07-01 00:00:00,0.00004017
2361,30,1,2035-07-01 00:00:00,0.00004017
2362,30,1,2036-07-01 00:00:00,0.00004316
2363,30,1,2037-07-01 00:00:00,0.00006813
2364,30,1,2038-07-01 00:00:00,0.00007408
2365,30,1,2039-07-01 00:00:00,0.00007408
2366,30,1,2040-07-01 00:00:00,0.00007408
2367,30,1,2041-07-01 00:00:00,0.00007408
2368,30,1,2042-07-01 00:00:00,0.00007408
2369,30,1,2043-07-01 00:00:00,0.00007511
2370,30,1,2044-07-01 00:00:00,0.00008822
2371,30,1,2045-07-01 00:00:00,0.0000913
2372,30,1,2046-07-01 00:00:00,0.00009691
2373,30,1,2047-07-01 00:00:00,45.39074456
2374,30,1,2048-07-01 00:00:00,45.39073835
2375,30,1,2049-07-01 00:00:00,45.39072968
2376,30,1,2050-07-01 00:00:00,45.39072968
2377,30,2,2024-07-01 00:00:00,0
2378,30,2,2025-07-01 00:00:00,0
2379,30,2,2026-07-01 00:00:00,0
2380,30,2,2027-07-01 00:00:00,0.00002058
2381,30,2,2028-07-01 00:00:00,0.00002868
2382,30,2,2029-07-01 00:00:00,0.00008343
2383,30,2,2030-07-01 00:00:00,0.00008343
2384,30,2,2031-07-01 00:00:00,0.00008597
2385,30,2,2032-07-01 00:00:00,0.00009148
2386,30,2,2033-07-01 00:00:00,0.00009148
2387,30,2,2034-07-01 00:00:00,0.00009674
2388,30,2,2035-07-01 00:00:00,0.00010705
2389,30,2,2036-07-01 00:00:00,0.00012079
2390,30,2,2037-07-01 00:00:00,0.00013456
2391,30,2,2038-07-01 00:00:00,0.00013662
2392,30,2,2039-07-01 00:00:00,0.00013662
2393,30,2,2040-07-01 00:00:00,0.00013947
2394,30,2,2041-07-01 00:00:00,0.00014193
2395,30,2,2042-07-01 00:00:00,0.00014752
2396,30,2,2043-07-01 00:00:00,0.00015844
2397,30,2,2044-07-01 00:00:00,0.00017437
2398,30,2,2045-07-01 00:00:00,0.00017943
2399,30,2,2046-07-01 00:00:00,0.00017943
2400,30,2,2047-07-01 00:00:00,0.00017638
2401,30,2,2048-07-01 00:00:00,0.00016828
2402,30,2,2049-07-01 00:00:00,0.00011757
2403,30,2,2050-07-01 00:00:00,0.00011757
2404,30,3,2024-07-01 00:00:00,0
2405,30,3,2025-07-01 00:00:00,0
2406,30,3,2026-07-01 00:00:00,0
2407,30,3,2027-07-01 00:00:00,0.00009411
2408,30,3,2028-07-01 00:00:00,0.00009411
2409,30,3,2029-07-01 00:00:00,0.00009411
2410,30,3,2030-07-01 00:00:00,0.00009411
2411,30,3,2031-07-01 00:00:00,0.00014383
2412,30,3,2032-07-01 00:00:00,0.00014383
2413,30,3,2033-07-01 00:00:00,0.00014383
2414,30,3,2034-07-01 00:00:00,0.00019032
2415,30,3,2035-07-01 00:00:00,0.00020339
2416,30,3,2036-07-01 00:00:00,0.00024243
2417,30,3,2037-07-01 00:00:00,0.00030261
2418,30,3,2038-07-01 00:00:00,0.00030261
2419,30,3,2039-07-01 00:00:00,0.00030261
2420,30,3,2040-07-01 00:00:00,0.00030261
2421,30,3,2041-07-01 00:00:00,0.00030261
2422,30,3,2042-07-01 00:00:00,0.00030261
2423,30,3,2043-07-01 00:00:00,0.00030423
2424,30,3,2044-07-01 00:00:00,21.84545031
2425,30,3,2045-07-01 00:00:00,21.84545031
2426,30,3,2046-07-01 00:00:00,21.84545031
2427,30,3,2047-07-01 00:00:00,21.8453562
2428,30,3,2048-07-01 00:00:00,21.8453562
2429,30,3,2049-07-01 00:00:00,21.8453562
2430,30,3,2050-07-01 00:00:00,21.8453562
2431,31,1,2025-07-01 00:00:00,1.59285551
2432,32,1,2025-07-01 00:00:00,1.47499987
2433,33,1,2025-07-01 00:00:00,0.08788721
2434,34,1,2025-07-01 00:00:00,7.85494641
2435,35,1,2025-07-01 00:00:00,3.69041432
2436,36,1,2025-07-01 00:00:00,1.55450663
2437,37,1,2025-07-01 00:00:00,14.81710555
2438,38,1,2025-07-01 00:00:00,3.14692973
2439,39,1,2025-07-01 00:00:00,20.718676
2440,40,1,2025-07-01 00:00:00,1.18972
2441,41,1,2025-07-01 00:00:00,69.57395692
2442,42,1,2025-07-01 00:00:00,2.50308308
2443,31,1,2026-01-01 00:00:00,1.59285551
2444,32,1,2026-01-01 00:00:00,1.47499987
2445,33,1,2026-01-01 00:00:00,0.08788721
2446,34,1,2026-01-01 00:00:00,7.85494641
2447,35,1,2026-01-01 00:00:00,3.69041432
2448,36,1,2026-01-01 00:00:00,1.55450663
2449,37,1,2026-01-01 00:00:00,14.81710555
2450,38,1,2026-01-01 00:00:00,3.14692973
2451,39,1,2026-01-01 00:00:00,20.718676
2452,40,1,2026-01-01 00:00:00,1.18972
2453,41,1,2026-01-01 00:00:00,69.57395692
2454,42,1,2026-01-01 00:00:00,2.50308308
2455,31,2,2025-07-01 00:00:00,25.44124108
2456,32,2,2025-07-01 00:00:00,23.76038328
2457,33,2,2025-07-01 00:00:00,1.44256405
2458,34,2,2025-07-01 00:00:00,132.6832318
2459,35,2,2025-07-01 00:00:00,46.82361458
2460,36,2,2025-07-01 00:00:00,20.21509475
2461,37,2,2025-07-01 00:00:00,201.6176124
2462,38,2,2025-07-01 00:00:00,42.14134823
2463,39,2,2025-07-01 00:00:00,225.63405
2464,40,2,2025-07-01 00:00:00,6.2673163
2465,41,2,2025-07-01 00:00:00,134.1763573
2466,42,2,2025-07-01 00:00:00,4.93703266
2467,31,2,2026-01-01 00:00:00,25.44124108
2468,32,2,2026-01-01 00:00:00,23.76038328
2469,33,2,2026-01-01 00:00:00,1.44256405
2470,34,2,2026-01-01 00:00:00,132.6832318
2471,35,2,2026-01-01 00:00:00,46.82361458
2472,36,2,2026-01-01 00:00:00,20.21509475
2473,37,2,2026-01-01 00:00:00,201.6176124
2474,38,2,2026-01-01 00:00:00,42.14134823
2475,39,2,2026-01-01 00:00:00,225.63405
2476,40,2,2026-01-01 00:00:00,6.2673163
2477,41,2,2026-01-01 00:00:00,134.1763573
2478,42,2,2026-01-01 00:00:00,4.93703266
2479,31,3,2025-07-01 00:00:00,21.8747313
2480,32,3,2025-07-01 00:00:00,20.40010567
2481,33,3,2025-07-01 00:00:00,1.22516347
2482,34,3,2025-07-01 00:00:00,113.6982597
2483,35,3,2025-07-01 00:00:00,39.89169101
2484,36,3,2025-07-01 00:00:00,17.04583174
2485,37,3,2025-07-01 00:00:00,169.9778055
2486,38,3,2025-07-01 00:00:00,35.18400176
2487,39,3,2025-07-01 00:00:00,206.03212
2488,40,3,2025-07-01 00:00:00,5.8966575
2489,41,3,2025-07-01 00:00:00,137.9301999
2490,42,3,2025-07-01 00:00:00,5.04160014
2491,31,3,2026-01-01 00:00:00,21.8747313
2492,32,3,2026-01-01 00:00:00,20.40010567
2493,33,3,2026-01-01 00:00:00,1.22516347
2494,34,3,2026-01-01 00:00:00,113.6982597
2495,35,3,2026-01-01 00:00:00,39.89169101
2496,36,3,2026-01-01 00:00:00,17.04583174
2497,37,3,2026-01-01 00:00:00,169.9778055
2498,38,3,2026-01-01 00:00:00,35.18400176
2499,39,3,2026-01-01 00:00:00,206.03212
2500,40,3,2026-01-01 00:00:00,5.8966575
2501,41,3,2026-01-01 00:00:00,137.9301999
2502,42,3,2026-01-01 00:00:00,5.04160014
2503,31,1,2030-07-01 00:00:00,4.86101753
2504,32,1,2030-07-01 00:00:00,4.640265309999999
2505,33,1,2030-07-01 00:00:00,0.29890995
2506,34,1,2030-07-01 00:00:00,26.17452053
2507,35,1,2030-07-01 00:00:00,9.79278655
2508,36,1,2030-07-01 00:00:00,4.4483663700000005
2509,37,1,2030-07-01 00:00:00,43.02373182
2510,38,1,2030-07-01 00:00:00,8.8827917
2511,39,1,2030-07-01 00:00:00,65.38877365
2512,40,1,2030-07-01 00:00:00,3.60265227
2513,41,1,2030-07-01 00:00:00,111.30261202
2514,42,1,2030-07-01 00:00:00,4.15466527
2515,31,1,2031-01-01 00:00:00,4.86101753
2516,32,1,2031-01-01 00:00:00,4.640265309999999
2517,33,1,2031-01-01 00:00:00,0.29890995
2518,34,1,2031-01-01 00:00:00,26.17452053
2519,35,1,2031-01-01 00:00:00,9.79278655
2520,36,1,2031-01-01 00:00:00,4.4483663700000005
2521,37,1,2031-01-01 00:00:00,43.02373182
2522,38,1,2031-01-01 00:00:00,8.8827917
2523,39,1,2031-01-01 00:00:00,65.38877365
2524,40,1,2031-01-01 00:00:00,3.60265227
2525,41,1,2031-01-01 00:00:00,111.30261202
2526,42,1,2031-01-01 00:00:00,4.15466527
2527,31,2,2030-07-01 00:00:00,153.46927255
2528,32,2,2030-07-01 00:00:00,148.76450343
2529,33,2,2030-07-01 00:00:00,9.47735168
2530,34,2,2030-07-01 00:00:00,865.8098173
2531,35,2,2030-07-01 00:00:00,270.11027024
2532,36,2,2030-07-01 00:00:00,123.1788978
2533,37,2,2030-07-01 00:00:00,1184.8630912600001
2534,38,2,2030-07-01 00:00:00,254.34133500000002
2535,39,2,2030-07-01 00:00:00,1175.07575156
2536,40,2,2030-07-01 00:00:00,55.55310797
2537,41,2,2030-07-01 00:00:00,510.5830116
2538,42,2,2030-07-01 00:00:00,19.352761299999997
2539,31,2,2031-01-01 00:00:00,153.46927255
2540,32,2,2031-01-01 00:00:00,148.76450343
2541,33,2,2031-01-01 00:00:00,9.47735168
2542,34,2,2031-01-01 00:00:00,865.8098173
2543,35,2,2031-01-01 00:00:00,270.11027024
2544,36,2,2031-01-01 00:00:00,123.1788978
2545,37,2,2031-01-01 00:00:00,1184.8630912600001
2546,38,2,2031-01-01 00:00:00,254.34133500000002
2547,39,2,2031-01-01 00:00:00,1175.07575156
2548,40,2,2031-01-01 00:00:00,55.55310797
2549,41,2,2031-01-01 00:00:00,510.5830116
2550,42,2,2031-01-01 00:00:00,19.352761299999997
2551,31,3,2030-07-01 00:00:00,190.93290803
2552,32,3,2030-07-01 00:00:00,188.70714844
2553,33,3,2030-07-01 00:00:00,12.80539985
2554,34,3,2030-07-01 00:00:00,1112.3611253
2555,35,3,2030-07-01 00:00:00,310.38567285
2556,36,3,2030-07-01 00:00:00,147.72107003
2557,37,3,2030-07-01 00:00:00,1412.1255846
2558,38,3,2030-07-01 00:00:00,297.39131553
2559,39,3,2030-07-01 00:00:00,1508.5053937
2560,40,3,2030-07-01 00:00:00,74.32042582
2561,41,3,2030-07-01 00:00:00,616.88231051
2562,42,3,2030-07-01 00:00:00,23.8055193
2563,31,3,2031-01-01 00:00:00,190.93290803
2564,32,3,2031-01-01 00:00:00,188.70714844
2565,33,3,2031-01-01 00:00:00,12.80539985
2566,34,3,2031-01-01 00:00:00,1112.3611253
2567,35,3,2031-01-01 00:00:00,310.38567285
2568,36,3,2031-01-01 00:00:00,147.72107003
2569,37,3,2031-01-01 00:00:00,1412.1255846
2570,38,3,2031-01-01 00:00:00,297.39131553
2571,39,3,2031-01-01 00:00:00,1508.5053937
2572,40,3,2031-01-01 00:00:00,74.32042582
2573,41,3,2031-01-01 00:00:00,616.88231051
2574,42,3,2031-01-01 00:00:00,23.8055193
2575,31,1,2035-07-01 00:00:00,15.07166671
2576,32,1,2035-07-01 00:00:00,15.82240965
2577,33,1,2035-07-01 00:00:00,1.2470814099999998
2578,34,1,2035-07-01 00:00:00,95.69492942
2579,35,1,2035-07-01 00:00:00,27.18949744
2580,36,1,2035-07-01 00:00:00,14.795564630000001
2581,37,1,2035-07-01 00:00:00,139.83137274
2582,38,1,2035-07-01 00:00:00,24.32926346
2583,39,1,2035-07-01 00:00:00,195.58015594
2584,40,1,2035-07-01 00:00:00,8.97517174
2585,41,1,2035-07-01 00:00:00,176.87141866000002
2586,42,1,2035-07-01 00:00:00,6.89668776
2587,31,1,2036-01-01 00:00:00,15.07166671
2588,32,1,2036-01-01 00:00:00,15.82240965
2589,33,1,2036-01-01 00:00:00,1.2470814099999998
2590,34,1,2036-01-01 00:00:00,95.69492942
2591,35,1,2036-01-01 00:00:00,27.18949744
2592,36,1,2036-01-01 00:00:00,14.795564630000001
2593,37,1,2036-01-01 00:00:00,139.83137274
2594,38,1,2036-01-01 00:00:00,24.32926346
2595,39,1,2036-01-01 00:00:00,195.58015594
2596,40,1,2036-01-01 00:00:00,8.97517174
2597,41,1,2036-01-01 00:00:00,176.87141866000002
2598,42,1,2036-01-01 00:00:00,6.89668776
2599,31,2,2035-07-01 00:00:00,362.44554285
2600,32,2,2035-07-01 00:00:00,365.60507257
2601,33,2,2035-07-01 00:00:00,24.80903257
2602,34,2,2035-07-01 00:00:00,2145.7489508999997
2603,35,2,2035-07-01 00:00:00,629.843117
2604,36,2,2035-07-01 00:00:00,310.68035506
2605,37,2,2035-07-01 00:00:00,2823.5203357
2606,38,2,2035-07-01 00:00:00,604.9016897900001
2607,39,2,2035-07-01 00:00:00,2866.0196955
2608,40,2,2035-07-01 00:00:00,172.31121369
2609,41,2,2035-07-01 00:00:00,1115.61818442
2610,42,2,2035-07-01 00:00:00,43.24568664
2611,31,2,2036-01-01 00:00:00,362.44554285
2612,32,2,2036-01-01 00:00:00,365.60507257
2613,33,2,2036-01-01 00:00:00,24.80903257
2614,34,2,2036-01-01 00:00:00,2145.7489508999997
2615,35,2,2036-01-01 00:00:00,629.843117
2616,36,2,2036-01-01 00:00:00,310.68035506
2617,37,2,2036-01-01 00:00:00,2823.5203357
2618,38,2,2036-01-01 00:00:00,604.9016897900001
2619,39,2,2036-01-01 00:00:00,2866.0196955
2620,40,2,2036-01-01 00:00:00,172.31121369
2621,41,2,2036-01-01 00:00:00,1115.61818442
2622,42,2,2036-01-01 00:00:00,43.24568664
2623,31,3,2035-07-01 00:00:00,461.29645763
2624,32,3,2035-07-01 00:00:00,474.55961607
2625,33,3,2035-07-01 00:00:00,33.72257394
2626,34,3,2035-07-01 00:00:00,2837.2979723999997
2627,35,3,2035-07-01 00:00:00,750.9505488
2628,36,3,2035-07-01 00:00:00,392.31160345
2629,37,3,2035-07-01 00:00:00,3553.1142997
2630,38,3,2035-07-01 00:00:00,735.6276298
2631,39,3,2035-07-01 00:00:00,3745.2207477
2632,40,3,2035-07-01 00:00:00,231.68485119
2633,41,3,2035-07-01 00:00:00,1359.8749953
2634,42,3,2035-07-01 00:00:00,54.13333586
2635,31,3,2036-01-01 00:00:00,461.29645763
2636,32,3,2036-01-01 00:00:00,474.55961607
2637,33,3,2036-01-01 00:00:00,33.72257394
2638,34,3,2036-01-01 00:00:00,2837.2979723999997
2639,35,3,2036-01-01 00:00:00,750.9505488
2640,36,3,2036-01-01 00:00:00,392.31160345
2641,37,3,2036-01-01 00:00:00,3553.1142997
2642,38,3,2036-01-01 00:00:00,735.6276298
2643,39,3,2036-01-01 00:00:00,3745.2207477
2644,40,3,2036-01-01 00:00:00,231.68485119
2645,41,3,2036-01-01 00:00:00,1359.8749953
2646,42,3,2036-01-01 00:00:00,54.13333586
2647,31,1,2040-07-01 00:00:00,35.22801253
2648,32,1,2040-07-01 00:00:00,38.55306097
2649,33,1,2040-07-01 00:00:00,3.2536102600000003
2650,34,1,2040-07-01 00:00:00,237.96101622999998
2651,35,1,2040-07-01 00:00:00,60.45695671
2652,36,1,2040-07-01 00:00:00,35.63840694
2653,37,1,2040-07-01 00:00:00,333.5337897
2654,38,1,2040-07-01 00:00:00,56.61011372
2655,39,1,2040-07-01 00:00:00,449.95160880000003
2656,40,1,2040-07-01 00:00:00,21.651222660000002
2657,41,1,2040-07-01 00:00:00,270.87936041
2658,42,1,2040-07-01 00:00:00,10.96999029
2659,31,1,2041-01-01 00:00:00,35.22801253
2660,32,1,2041-01-01 00:00:00,38.55306097
2661,33,1,2041-01-01 00:00:00,3.2536102600000003
2662,34,1,2041-01-01 00:00:00,237.96101622999998
2663,35,1,2041-01-01 00:00:00,60.45695671
2664,36,1,2041-01-01 00:00:00,35.63840694
2665,37,1,2041-01-01 00:00:00,333.5337897
2666,38,1,2041-01-01 00:00:00,56.61011372
2667,39,1,2041-01-01 00:00:00,449.95160880000003
2668,40,1,2041-01-01 00:00:00,21.651222660000002
2669,41,1,2041-01-01 00:00:00,270.87936041
2670,42,1,2041-01-01 00:00:00,10.96999029
2671,31,2,2040-07-01 00:00:00,601.4864684199999
2672,32,2,2040-07-01 00:00:00,621.5396198999999
2673,33,2,2040-07-01 00:00:00,44.043448139999995
2674,34,2,2040-07-01 00:00:00,3687.5583823999996
2675,35,2,2040-07-01 00:00:00,1043.9091091
2676,36,2,2040-07-01 00:00:00,542.14070621
2677,37,2,2040-07-01 00:00:00,4805.7093401
2678,38,2,2040-07-01 00:00:00,1024.26325
2679,39,2,2040-07-01 00:00:00,5123.63801
2680,40,2,2040-07-01 00:00:00,355.02852524
2681,41,2,2040-07-01 00:00:00,1828.9554303
2682,42,2,2040-07-01 00:00:00,72.44175375
2683,31,2,2041-01-01 00:00:00,601.4864684199999
2684,32,2,2041-01-01 00:00:00,621.5396198999999
2685,33,2,2041-01-01 00:00:00,44.043448139999995
2686,34,2,2041-01-01 00:00:00,3687.5583823999996
2687,35,2,2041-01-01 00:00:00,1043.9091091
2688,36,2,2041-01-01 00:00:00,542.14070621
2689,37,2,2041-01-01 00:00:00,4805.7093401
2690,38,2,2041-01-01 00:00:00,1024.26325
2691,39,2,2041-01-01 00:00:00,5123.63801
2692,40,2,2041-01-01 00:00:00,355.02852524
2693,41,2,2041-01-01 00:00:00,1828.9554303
2694,42,2,2041-01-01 00:00:00,72.44175375
2695,31,3,2040-07-01 00:00:00,768.3290039
2696,32,3,2040-07-01 00:00:00,809.0943529
2697,33,3,2040-07-01 00:00:00,59.86689556
2698,34,3,2040-07-01 00:00:00,4860.994697
2699,35,3,2040-07-01 00:00:00,1244.6887492
2700,36,3,2040-07-01 00:00:00,685.0398702
2701,37,3,2040-07-01 00:00:00,6063.612093
2702,38,3,2040-07-01 00:00:00,1238.5221956
2703,39,3,2040-07-01 00:00:00,6613.223067
2704,40,3,2040-07-01 00:00:00,457.1443553
2705,41,3,2040-07-01 00:00:00,2205.9887499
2706,42,3,2040-07-01 00:00:00,90.11066369
2707,31,3,2041-01-01 00:00:00,768.3290039
2708,32,3,2041-01-01 00:00:00,809.0943529
2709,33,3,2041-01-01 00:00:00,59.86689556
2710,34,3,2041-01-01 00:00:00,4860.994697
2711,35,3,2041-01-01 00:00:00,1244.6887492
2712,36,3,2041-01-01 00:00:00,685.0398702
2713,37,3,2041-01-01 00:00:00,6063.612093
2714,38,3,2041-01-01 00:00:00,1238.5221956
2715,39,3,2041-01-01 00:00:00,6613.223067
2716,40,3,2041-01-01 00:00:00,457.1443553
2717,41,3,2041-01-01 00:00:00,2205.9887499
2718,42,3,2041-01-01 00:00:00,90.11066369
2719,31,1,2050-07-01 00:00:00,103.70717149
2720,32,1,2050-07-01 00:00:00,117.02186651
2721,33,1,2050-07-01 00:00:00,10.33763143
2722,34,1,2050-07-01 00:00:00,730.6030553999999
2723,35,1,2050-07-01 00:00:00,169.46403959
2724,36,1,2050-07-01 00:00:00,105.84255433999999
2725,37,1,2050-07-01 00:00:00,983.3503436000001
2726,38,1,2050-07-01 00:00:00,173.49735459
2727,39,1,2050-07-01 00:00:00,1304.7510453
2728,40,1,2050-07-01 00:00:00,71.45963496
2729,41,1,2050-07-01 00:00:00,520.6813093
2730,42,1,2050-07-01 00:00:00,22.19557056
2731,31,1,2051-01-01 00:00:00,103.70717149
2732,32,1,2051-01-01 00:00:00,117.02186651
2733,33,1,2051-01-01 00:00:00,10.33763143
2734,34,1,2051-01-01 00:00:00,730.6030553999999
2735,35,1,2051-01-01 00:00:00,169.46403959
2736,36,1,2051-01-01 00:00:00,105.84255433999999
2737,37,1,2051-01-01 00:00:00,983.3503436000001
2738,38,1,2051-01-01 00:00:00,173.49735459
2739,39,1,2051-01-01 00:00:00,1304.7510453
2740,40,1,2051-01-01 00:00:00,71.45963496
2741,41,1,2051-01-01 00:00:00,520.6813093
2742,42,1,2051-01-01 00:00:00,22.19557056
2743,31,2,2050-07-01 00:00:00,1128.3007138
2744,32,2,2050-07-01 00:00:00,1198.9778407
2745,33,2,2050-07-01 00:00:00,89.24350188
2746,34,2,2050-07-01 00:00:00,7188.074012
2747,35,2,2050-07-01 00:00:00,1874.4539002
2748,36,2,2050-07-01 00:00:00,1046.7644449
2749,37,2,2050-07-01 00:00:00,9027.529667
2750,38,2,2050-07-01 00:00:00,1905.0322779
2751,39,2,2050-07-01 00:00:00,10506.411795
2752,40,2,2050-07-01 00:00:00,799.2709825
2753,41,2,2050-07-01 00:00:00,3256.5590565
2754,42,2,2050-07-01 00:00:00,133.08308370999998
2755,31,2,2051-01-01 00:00:00,1128.3007138
2756,32,2,2051-01-01 00:00:00,1198.9778407
2757,33,2,2051-01-01 00:00:00,89.24350188
2758,34,2,2051-01-01 00:00:00,7188.074012
2759,35,2,2051-01-01 00:00:00,1874.4539002
2760,36,2,2051-01-01 00:00:00,1046.7644449
2761,37,2,2051-01-01 00:00:00,9027.529667
2762,38,2,2051-01-01 00:00:00,1905.0322779
2763,39,2,2051-01-01 00:00:00,10506.411795
2764,40,2,2051-01-01 00:00:00,799.2709825
2765,41,2,2051-01-01 00:00:00,3256.5590565
2766,42,2,2051-01-01 00:00:00,133.08308370999998
2767,31,3,2050-07-01 00:00:00,1338.8803713
2768,32,3,2050-07-01 00:00:00,1440.4940665
2769,33,3,2050-07-01 00:00:00,110.49801199000001
2770,34,3,2050-07-01 00:00:00,8696.166661
2771,35,3,2050-07-01 00:00:00,2126.2217769999997
2772,36,3,2050-07-01 00:00:00,1240.0703569
2773,37,3,2050-07-01 00:00:00,10716.650007
2774,38,3,2050-07-01 00:00:00,2183.8790379
2775,39,3,2050-07-01 00:00:00,12619.784302
2776,40,3,2050-07-01 00:00:00,903.5264054
2777,41,3,2050-07-01 00:00:00,3742.0973089999998
2778,42,3,2050-07-01 00:00:00,156.94640859
2779,31,3,2051-01-01 00:00:00,1338.8803713
2780,32,3,2051-01-01 00:00:00,1440.4940665
2781,33,3,2051-01-01 00:00:00,110.49801199000001
2782,34,3,2051-01-01 00:00:00,8696.166661
2783,35,3,2051-01-01 00:00:00,2126.2217769999997
2784,36,3,2051-01-01 00:00:00,1240.0703569
2785,37,3,2051-01-01 00:00:00,10716.650007
2786,38,3,2051-01-01 00:00:00,2183.8790379
2787,39,3,2051-01-01 00:00:00,12619.784302
2788,40,3,2051-01-01 00:00:00,903.5264054
2789,41,3,2051-01-01 00:00:00,3742.0973089999998
2790,42,3,2051-01-01 00:00:00,156.94640859
