id,ess_id,scenario,date,value
1,1,1,2024-07-01 00:00:00,0
2,1,1,2025-07-01 00:00:00,0
3,1,1,2026-07-01 00:00:00,600
4,1,1,2027-07-01 00:00:00,600
5,1,1,2028-07-01 00:00:00,600
6,1,1,2029-07-01 00:00:00,600
7,1,1,2030-07-01 00:00:00,600
8,1,1,2031-07-01 00:00:00,600
9,1,1,2032-07-01 00:00:00,600
10,1,1,2033-07-01 00:00:00,600
11,1,1,2034-07-01 00:00:00,600
12,1,1,2035-07-01 00:00:00,600
13,1,1,2036-07-01 00:00:00,600
14,1,1,2037-07-01 00:00:00,600
15,1,1,2038-07-01 00:00:00,600
16,1,1,2039-07-01 00:00:00,600
17,1,1,2040-07-01 00:00:00,600
18,1,1,2041-07-01 00:00:00,600
19,1,1,2042-07-01 00:00:00,600
20,1,1,2043-07-01 00:00:00,600
21,1,1,2044-07-01 00:00:00,600
22,1,1,2045-07-01 00:00:00,600
23,1,1,2046-07-01 00:00:00,0
24,1,1,2047-07-01 00:00:00,0
25,1,1,2048-07-01 00:00:00,0
26,1,1,2049-07-01 00:00:00,0
27,1,1,2050-07-01 00:00:00,0
28,1,2,2024-07-01 00:00:00,0
29,1,2,2025-07-01 00:00:00,0
30,1,2,2026-07-01 00:00:00,600
31,1,2,2027-07-01 00:00:00,600
32,1,2,2028-07-01 00:00:00,600
33,1,2,2029-07-01 00:00:00,600
34,1,2,2030-07-01 00:00:00,600
35,1,2,2031-07-01 00:00:00,600
36,1,2,2032-07-01 00:00:00,600
37,1,2,2033-07-01 00:00:00,600
38,1,2,2034-07-01 00:00:00,600
39,1,2,2035-07-01 00:00:00,600
40,1,2,2036-07-01 00:00:00,600
41,1,2,2037-07-01 00:00:00,600
42,1,2,2038-07-01 00:00:00,600
43,1,2,2039-07-01 00:00:00,600
44,1,2,2040-07-01 00:00:00,600
45,1,2,2041-07-01 00:00:00,600
46,1,2,2042-07-01 00:00:00,600
47,1,2,2043-07-01 00:00:00,600
48,1,2,2044-07-01 00:00:00,600
49,1,2,2045-07-01 00:00:00,600
50,1,2,2046-07-01 00:00:00,0
51,1,2,2047-07-01 00:00:00,0
52,1,2,2048-07-01 00:00:00,0
53,1,2,2049-07-01 00:00:00,0
54,1,2,2050-07-01 00:00:00,0
55,1,3,2024-07-01 00:00:00,0
56,1,3,2025-07-01 00:00:00,0
57,1,3,2026-07-01 00:00:00,600
58,1,3,2027-07-01 00:00:00,600
59,1,3,2028-07-01 00:00:00,600
60,1,3,2029-07-01 00:00:00,600
61,1,3,2030-07-01 00:00:00,600
62,1,3,2031-07-01 00:00:00,600
63,1,3,2032-07-01 00:00:00,600
64,1,3,2033-07-01 00:00:00,600
65,1,3,2034-07-01 00:00:00,600
66,1,3,2035-07-01 00:00:00,600
67,1,3,2036-07-01 00:00:00,600
68,1,3,2037-07-01 00:00:00,600
69,1,3,2038-07-01 00:00:00,600
70,1,3,2039-07-01 00:00:00,600
71,1,3,2040-07-01 00:00:00,600
72,1,3,2041-07-01 00:00:00,600
73,1,3,2042-07-01 00:00:00,600
74,1,3,2043-07-01 00:00:00,600
75,1,3,2044-07-01 00:00:00,600
76,1,3,2045-07-01 00:00:00,600
77,1,3,2046-07-01 00:00:00,0
78,1,3,2047-07-01 00:00:00,0
79,1,3,2048-07-01 00:00:00,0
80,1,3,2049-07-01 00:00:00,0
81,1,3,2050-07-01 00:00:00,0
82,2,1,2024-07-01 00:00:00,2000
83,2,1,2025-07-01 00:00:00,2000
84,2,1,2026-07-01 00:00:00,2000
85,2,1,2027-07-01 00:00:00,2000.0000777600003
86,2,1,2028-07-01 00:00:00,2000.0000951999998
87,2,1,2029-07-01 00:00:00,2000.0001442799999
88,2,1,2030-07-01 00:00:00,2000.0001442799999
89,2,1,2031-07-01 00:00:00,2000.0001442799999
90,2,1,2032-07-01 00:00:00,2000.0001442799999
91,2,1,2033-07-01 00:00:00,2000.0001745999998
92,2,1,2034-07-01 00:00:00,2000.0001745999998
93,2,1,2035-07-01 00:00:00,2000.0001745999998
94,2,1,2036-07-01 00:00:00,2000.00031588
95,2,1,2037-07-01 00:00:00,2000.0004113199998
96,2,1,2038-07-01 00:00:00,2000.0004446799999
97,2,1,2039-07-01 00:00:00,2000.0004446799999
98,2,1,2040-07-01 00:00:00,2000.0004446799999
99,2,1,2041-07-01 00:00:00,2000.0004446799999
100,2,1,2042-07-01 00:00:00,2000.0004446799999
101,2,1,2043-07-01 00:00:00,2000.0004446799999
102,2,1,2044-07-01 00:00:00,2000.0004446799999
103,2,1,2045-07-01 00:00:00,2000.0005467199999
104,2,1,2046-07-01 00:00:00,2000.00107412
105,2,1,2047-07-01 00:00:00,2000.0009963599998
106,2,1,2048-07-01 00:00:00,2000.00097892
107,2,1,2049-07-01 00:00:00,2000.00095108
108,2,1,2050-07-01 00:00:00,2000.00095108
109,2,2,2024-07-01 00:00:00,2000
110,2,2,2025-07-01 00:00:00,2000
111,2,2,2026-07-01 00:00:00,2000
112,2,2,2027-07-01 00:00:00,2000.0000613200002
113,2,2,2028-07-01 00:00:00,2000.00008588
114,2,2,2029-07-01 00:00:00,2000.00018676
115,2,2,2030-07-01 00:00:00,2000.00018676
116,2,2,2031-07-01 00:00:00,2000.0002003600002
117,2,2,2032-07-01 00:00:00,2000.0002114800002
118,2,2,2033-07-01 00:00:00,2000.0002114800002
119,2,2,2034-07-01 00:00:00,2000.0002386
120,2,2,2035-07-01 00:00:00,2000.0002386
121,2,2,2036-07-01 00:00:00,2000.0002386
122,2,2,2037-07-01 00:00:00,2000.0002386
123,2,2,2038-07-01 00:00:00,2000.0002550799998
124,2,2,2039-07-01 00:00:00,2000.0002693200001
125,2,2,2040-07-01 00:00:00,2000.0002862800002
126,2,2,2041-07-01 00:00:00,2000.0002862800002
127,2,2,2042-07-01 00:00:00,2000.0003029200002
128,2,2,2043-07-01 00:00:00,2000.0003120400002
129,2,2,2044-07-01 00:00:00,2000.00034908
130,2,2,2045-07-01 00:00:00,2000.00037556
131,2,2,2046-07-01 00:00:00,2000.00037556
132,2,2,2047-07-01 00:00:00,2000.0003142399999
133,2,2,2048-07-01 00:00:00,2000.0003257199999
134,2,2,2049-07-01 00:00:00,2000.0003781200003
135,2,2,2050-07-01 00:00:00,2000.0003781200003
136,2,3,2024-07-01 00:00:00,2000
137,2,3,2025-07-01 00:00:00,2000
138,2,3,2026-07-01 00:00:00,2000
139,2,3,2027-07-01 00:00:00,2000.0004208000003
140,2,3,2028-07-01 00:00:00,2000.0035931200002
141,2,3,2029-07-01 00:00:00,2000.0035931200002
142,2,3,2030-07-01 00:00:00,6100.2112404
143,2,3,2031-07-01 00:00:00,6100.21126568
144,2,3,2032-07-01 00:00:00,6100.21126568
145,2,3,2033-07-01 00:00:00,6100.21126568
146,2,3,2034-07-01 00:00:00,6100.21126568
147,2,3,2035-07-01 00:00:00,6100.211288
148,2,3,2036-07-01 00:00:00,6100.21136216
149,2,3,2037-07-01 00:00:00,6100.21136216
150,2,3,2038-07-01 00:00:00,6100.21136216
151,2,3,2039-07-01 00:00:00,6100.21136216
152,2,3,2040-07-01 00:00:00,6100.21136216
153,2,3,2041-07-01 00:00:00,6100.21136216
154,2,3,2042-07-01 00:00:00,6100.21136216
155,2,3,2043-07-01 00:00:00,7234.22252064
156,2,3,2044-07-01 00:00:00,9651.20274272
157,2,3,2045-07-01 00:00:00,24710.13564136
158,2,3,2046-07-01 00:00:00,24710.13564136
159,2,3,2047-07-01 00:00:00,24710.13522056
160,2,3,2048-07-01 00:00:00,32955.790571519996
161,2,3,2049-07-01 00:00:00,71451.10579592
162,2,3,2050-07-01 00:00:00,68465.04293944
163,3,1,2024-07-01 00:00:00,100
164,3,1,2025-07-01 00:00:00,100
165,3,1,2026-07-01 00:00:00,100
166,3,1,2027-07-01 00:00:00,400
167,3,1,2028-07-01 00:00:00,400
168,3,1,2029-07-01 00:00:00,400
169,3,1,2030-07-01 00:00:00,400
170,3,1,2031-07-01 00:00:00,400
171,3,1,2032-07-01 00:00:00,400
172,3,1,2033-07-01 00:00:00,400
173,3,1,2034-07-01 00:00:00,400
174,3,1,2035-07-01 00:00:00,400
175,3,1,2036-07-01 00:00:00,400
176,3,1,2037-07-01 00:00:00,400
177,3,1,2038-07-01 00:00:00,400
178,3,1,2039-07-01 00:00:00,400
179,3,1,2040-07-01 00:00:00,400
180,3,1,2041-07-01 00:00:00,400
181,3,1,2042-07-01 00:00:00,300
182,3,1,2043-07-01 00:00:00,300
183,3,1,2044-07-01 00:00:00,300
184,3,1,2045-07-01 00:00:00,300
185,3,1,2046-07-01 00:00:00,300
186,3,1,2047-07-01 00:00:00,0
187,3,1,2048-07-01 00:00:00,0
188,3,1,2049-07-01 00:00:00,0
189,3,1,2050-07-01 00:00:00,0
190,3,2,2024-07-01 00:00:00,100
191,3,2,2025-07-01 00:00:00,100
192,3,2,2026-07-01 00:00:00,100
193,3,2,2027-07-01 00:00:00,400
194,3,2,2028-07-01 00:00:00,400
195,3,2,2029-07-01 00:00:00,400
196,3,2,2030-07-01 00:00:00,400
197,3,2,2031-07-01 00:00:00,400
198,3,2,2032-07-01 00:00:00,400
199,3,2,2033-07-01 00:00:00,400
200,3,2,2034-07-01 00:00:00,400
201,3,2,2035-07-01 00:00:00,400
202,3,2,2036-07-01 00:00:00,400
203,3,2,2037-07-01 00:00:00,400
204,3,2,2038-07-01 00:00:00,400
205,3,2,2039-07-01 00:00:00,400
206,3,2,2040-07-01 00:00:00,400
207,3,2,2041-07-01 00:00:00,400
208,3,2,2042-07-01 00:00:00,300
209,3,2,2043-07-01 00:00:00,300
210,3,2,2044-07-01 00:00:00,300
211,3,2,2045-07-01 00:00:00,300
212,3,2,2046-07-01 00:00:00,300
213,3,2,2047-07-01 00:00:00,0
214,3,2,2048-07-01 00:00:00,0
215,3,2,2049-07-01 00:00:00,0
216,3,2,2050-07-01 00:00:00,0
217,3,3,2024-07-01 00:00:00,100
218,3,3,2025-07-01 00:00:00,100
219,3,3,2026-07-01 00:00:00,100
220,3,3,2027-07-01 00:00:00,400
221,3,3,2028-07-01 00:00:00,400
222,3,3,2029-07-01 00:00:00,400
223,3,3,2030-07-01 00:00:00,400
224,3,3,2031-07-01 00:00:00,400
225,3,3,2032-07-01 00:00:00,400
226,3,3,2033-07-01 00:00:00,400
227,3,3,2034-07-01 00:00:00,400
228,3,3,2035-07-01 00:00:00,400
229,3,3,2036-07-01 00:00:00,400
230,3,3,2037-07-01 00:00:00,400
231,3,3,2038-07-01 00:00:00,400
232,3,3,2039-07-01 00:00:00,400
233,3,3,2040-07-01 00:00:00,400
234,3,3,2041-07-01 00:00:00,400
235,3,3,2042-07-01 00:00:00,300
236,3,3,2043-07-01 00:00:00,300
237,3,3,2044-07-01 00:00:00,300
238,3,3,2045-07-01 00:00:00,300
239,3,3,2046-07-01 00:00:00,300
240,3,3,2047-07-01 00:00:00,0
241,3,3,2048-07-01 00:00:00,0
242,3,3,2049-07-01 00:00:00,0
243,3,3,2050-07-01 00:00:00,0
244,4,1,2024-07-01 00:00:00,0
245,4,1,2025-07-01 00:00:00,0
246,4,1,2026-07-01 00:00:00,0
247,4,1,2027-07-01 00:00:00,0.00014244
248,4,1,2028-07-01 00:00:00,0.00017523999999999998
249,4,1,2029-07-01 00:00:00,0.00029096
250,4,1,2030-07-01 00:00:00,0.00038607999999999996
251,4,1,2031-07-01 00:00:00,0.0004154
252,4,1,2032-07-01 00:00:00,0.00043299999999999995
253,4,1,2033-07-01 00:00:00,0.00068464
254,4,1,2034-07-01 00:00:00,0.00068464
255,4,1,2035-07-01 00:00:00,0.00068464
256,4,1,2036-07-01 00:00:00,0.0009905600000000001
257,4,1,2037-07-01 00:00:00,0.0013
258,4,1,2038-07-01 00:00:00,0.00138108
259,4,1,2039-07-01 00:00:00,0.00138108
260,4,1,2040-07-01 00:00:00,0.00138108
261,4,1,2041-07-01 00:00:00,0.00140716
262,4,1,2042-07-01 00:00:00,0.00140716
263,4,1,2043-07-01 00:00:00,0.0014622
264,4,1,2044-07-01 00:00:00,0.00162104
265,4,1,2045-07-01 00:00:00,0.00179296
266,4,1,2046-07-01 00:00:00,279.9810422399999
267,4,1,2047-07-01 00:00:00,626.00840204
268,4,1,2048-07-01 00:00:00,626.0131534
269,4,1,2049-07-01 00:00:00,2239.93562776
270,4,1,2050-07-01 00:00:00,2239.93562776
271,4,2,2024-07-01 00:00:00,0
272,4,2,2025-07-01 00:00:00,0
273,4,2,2026-07-01 00:00:00,0
274,4,2,2027-07-01 00:00:00,0.00005456
275,4,2,2028-07-01 00:00:00,0.00007048
276,4,2,2029-07-01 00:00:00,0.00024856
277,4,2,2030-07-01 00:00:00,0.00024856
278,4,2,2031-07-01 00:00:00,0.00026704
279,4,2,2032-07-01 00:00:00,0.00027784
280,4,2,2033-07-01 00:00:00,0.00028784
281,4,2,2034-07-01 00:00:00,0.0006396
282,4,2,2035-07-01 00:00:00,0.0006396
283,4,2,2036-07-01 00:00:00,0.0006396
284,4,2,2037-07-01 00:00:00,0.00068184
285,4,2,2038-07-01 00:00:00,0.00069544
286,4,2,2039-07-01 00:00:00,0.00071544
287,4,2,2040-07-01 00:00:00,0.00073144
288,4,2,2041-07-01 00:00:00,0.00077088
289,4,2,2042-07-01 00:00:00,0.00082352
290,4,2,2043-07-01 00:00:00,0.00087024
291,4,2,2044-07-01 00:00:00,0.0009524
292,4,2,2045-07-01 00:00:00,0.00109744
293,4,2,2046-07-01 00:00:00,0.00109744
294,4,2,2047-07-01 00:00:00,0.00104288
295,4,2,2048-07-01 00:00:00,1871.1690432
296,4,2,2049-07-01 00:00:00,1871.1688652
297,4,2,2050-07-01 00:00:00,1871.1688652
298,4,3,2024-07-01 00:00:00,0
299,4,3,2025-07-01 00:00:00,0
300,4,3,2026-07-01 00:00:00,0
301,4,3,2027-07-01 00:00:00,0.00045232
302,4,3,2028-07-01 00:00:00,133.40763656
303,4,3,2029-07-01 00:00:00,2771.85127224
304,4,3,2030-07-01 00:00:00,8831.1890856
305,4,3,2031-07-01 00:00:00,8831.18909448
306,4,3,2032-07-01 00:00:00,8831.18909448
307,4,3,2033-07-01 00:00:00,8831.18909448
308,4,3,2034-07-01 00:00:00,8831.18909448
309,4,3,2035-07-01 00:00:00,8831.18909448
310,4,3,2036-07-01 00:00:00,8831.18911624
311,4,3,2037-07-01 00:00:00,8831.18911624
312,4,3,2038-07-01 00:00:00,8831.18911624
313,4,3,2039-07-01 00:00:00,8831.18911624
314,4,3,2040-07-01 00:00:00,8831.18911624
315,4,3,2041-07-01 00:00:00,8831.18911624
316,4,3,2042-07-01 00:00:00,8831.18911624
317,4,3,2043-07-01 00:00:00,8831.18911624
318,4,3,2044-07-01 00:00:00,8831.18911624
319,4,3,2045-07-01 00:00:00,8831.18911624
320,4,3,2046-07-01 00:00:00,8831.18911624
321,4,3,2047-07-01 00:00:00,8831.188664
322,4,3,2048-07-01 00:00:00,8697.78147968
323,4,3,2049-07-01 00:00:00,6059.337844
324,4,3,2050-07-01 00:00:00,10473.23266608
325,5,1,2024-07-01 00:00:00,0
326,5,1,2025-07-01 00:00:00,0
327,5,1,2026-07-01 00:00:00,0
328,5,1,2027-07-01 00:00:00,0
329,5,1,2028-07-01 00:00:00,0
330,5,1,2029-07-01 00:00:00,0
331,5,1,2030-07-01 00:00:00,0.00025536
332,5,1,2031-07-01 00:00:00,0.0002952
333,5,1,2032-07-01 00:00:00,0.0002952
334,5,1,2033-07-01 00:00:00,0.0006789599999999999
335,5,1,2034-07-01 00:00:00,0.0006789599999999999
336,5,1,2035-07-01 00:00:00,0.0006789599999999999
337,5,1,2036-07-01 00:00:00,0.0008942399999999999
338,5,1,2037-07-01 00:00:00,0.0010644
339,5,1,2038-07-01 00:00:00,0.0011577599999999999
340,5,1,2039-07-01 00:00:00,0.0011577599999999999
341,5,1,2040-07-01 00:00:00,0.0011577599999999999
342,5,1,2041-07-01 00:00:00,0.0012206399999999998
343,5,1,2042-07-01 00:00:00,0.0012206399999999998
344,5,1,2043-07-01 00:00:00,0.0012206399999999998
345,5,1,2044-07-01 00:00:00,0.004865039999999999
346,5,1,2045-07-01 00:00:00,0.005158080000000001
347,5,1,2046-07-01 00:00:00,0.00529512
348,5,1,2047-07-01 00:00:00,0.0055884
349,5,1,2048-07-01 00:00:00,1151.4074608800001
350,5,1,2049-07-01 00:00:00,8773.29186624
351,5,1,2050-07-01 00:00:00,8773.29186624
352,5,2,2024-07-01 00:00:00,0
353,5,2,2025-07-01 00:00:00,0
354,5,2,2026-07-01 00:00:00,0
355,5,2,2027-07-01 00:00:00,0
356,5,2,2028-07-01 00:00:00,0
357,5,2,2029-07-01 00:00:00,0
358,5,2,2030-07-01 00:00:00,1936.2144883199999
359,5,2,2031-07-01 00:00:00,1936.2144883199999
360,5,2,2032-07-01 00:00:00,1936.2144883199999
361,5,2,2033-07-01 00:00:00,1936.2144883199999
362,5,2,2034-07-01 00:00:00,1936.2144883199999
363,5,2,2035-07-01 00:00:00,1936.2144883199999
364,5,2,2036-07-01 00:00:00,1936.2144883199999
365,5,2,2037-07-01 00:00:00,1936.2144883199999
366,5,2,2038-07-01 00:00:00,1936.2144883199999
367,5,2,2039-07-01 00:00:00,1936.2144883199999
368,5,2,2040-07-01 00:00:00,1936.2144883199999
369,5,2,2041-07-01 00:00:00,1936.2144883199999
370,5,2,2042-07-01 00:00:00,1936.2144883199999
371,5,2,2043-07-01 00:00:00,1936.2144883199999
372,5,2,2044-07-01 00:00:00,1936.2145260000002
373,5,2,2045-07-01 00:00:00,1936.2145260000002
374,5,2,2046-07-01 00:00:00,1936.2145260000002
375,5,2,2047-07-01 00:00:00,1936.2145260000002
376,5,2,2048-07-01 00:00:00,1936.2145260000002
377,5,2,2049-07-01 00:00:00,1936.2145260000002
378,5,2,2050-07-01 00:00:00,1936.2145260000002
379,5,3,2024-07-01 00:00:00,0
380,5,3,2025-07-01 00:00:00,0
381,5,3,2026-07-01 00:00:00,0
382,5,3,2027-07-01 00:00:00,0
383,5,3,2028-07-01 00:00:00,0
384,5,3,2029-07-01 00:00:00,0
385,5,3,2030-07-01 00:00:00,5328
386,5,3,2031-07-01 00:00:00,5328
387,5,3,2032-07-01 00:00:00,5328
388,5,3,2033-07-01 00:00:00,5328
389,5,3,2034-07-01 00:00:00,5328
390,5,3,2035-07-01 00:00:00,5328
391,5,3,2036-07-01 00:00:00,5328
392,5,3,2037-07-01 00:00:00,5328
393,5,3,2038-07-01 00:00:00,5328
394,5,3,2039-07-01 00:00:00,5328
395,5,3,2040-07-01 00:00:00,5328
396,5,3,2041-07-01 00:00:00,5328
397,5,3,2042-07-01 00:00:00,5328
398,5,3,2043-07-01 00:00:00,5328
399,5,3,2044-07-01 00:00:00,5328
400,5,3,2045-07-01 00:00:00,5328
401,5,3,2046-07-01 00:00:00,5328
402,5,3,2047-07-01 00:00:00,5328
403,5,3,2048-07-01 00:00:00,5328
404,5,3,2049-07-01 00:00:00,5328
405,5,3,2050-07-01 00:00:00,5328
406,6,1,2024-07-01 00:00:00,0
407,6,1,2025-07-01 00:00:00,400
408,6,1,2026-07-01 00:00:00,400
409,6,1,2027-07-01 00:00:00,400
410,6,1,2028-07-01 00:00:00,400
411,6,1,2029-07-01 00:00:00,400
412,6,1,2030-07-01 00:00:00,400
413,6,1,2031-07-01 00:00:00,400
414,6,1,2032-07-01 00:00:00,400
415,6,1,2033-07-01 00:00:00,400
416,6,1,2034-07-01 00:00:00,400
417,6,1,2035-07-01 00:00:00,400
418,6,1,2036-07-01 00:00:00,400
419,6,1,2037-07-01 00:00:00,400
420,6,1,2038-07-01 00:00:00,400
421,6,1,2039-07-01 00:00:00,400
422,6,1,2040-07-01 00:00:00,400
423,6,1,2041-07-01 00:00:00,400
424,6,1,2042-07-01 00:00:00,400
425,6,1,2043-07-01 00:00:00,400
426,6,1,2044-07-01 00:00:00,400
427,6,1,2045-07-01 00:00:00,0
428,6,1,2046-07-01 00:00:00,0
429,6,1,2047-07-01 00:00:00,0
430,6,1,2048-07-01 00:00:00,0
431,6,1,2049-07-01 00:00:00,0
432,6,1,2050-07-01 00:00:00,0
433,6,2,2024-07-01 00:00:00,0
434,6,2,2025-07-01 00:00:00,400
435,6,2,2026-07-01 00:00:00,400
436,6,2,2027-07-01 00:00:00,400
437,6,2,2028-07-01 00:00:00,400
438,6,2,2029-07-01 00:00:00,400
439,6,2,2030-07-01 00:00:00,400
440,6,2,2031-07-01 00:00:00,400
441,6,2,2032-07-01 00:00:00,400
442,6,2,2033-07-01 00:00:00,400
443,6,2,2034-07-01 00:00:00,400
444,6,2,2035-07-01 00:00:00,400
445,6,2,2036-07-01 00:00:00,400
446,6,2,2037-07-01 00:00:00,400
447,6,2,2038-07-01 00:00:00,400
448,6,2,2039-07-01 00:00:00,400
449,6,2,2040-07-01 00:00:00,400
450,6,2,2041-07-01 00:00:00,400
451,6,2,2042-07-01 00:00:00,400
452,6,2,2043-07-01 00:00:00,400
453,6,2,2044-07-01 00:00:00,400
454,6,2,2045-07-01 00:00:00,0
455,6,2,2046-07-01 00:00:00,0
456,6,2,2047-07-01 00:00:00,0
457,6,2,2048-07-01 00:00:00,0
458,6,2,2049-07-01 00:00:00,0
459,6,2,2050-07-01 00:00:00,0
460,6,3,2024-07-01 00:00:00,0
461,6,3,2025-07-01 00:00:00,400
462,6,3,2026-07-01 00:00:00,400
463,6,3,2027-07-01 00:00:00,400
464,6,3,2028-07-01 00:00:00,400
465,6,3,2029-07-01 00:00:00,400
466,6,3,2030-07-01 00:00:00,400
467,6,3,2031-07-01 00:00:00,400
468,6,3,2032-07-01 00:00:00,400
469,6,3,2033-07-01 00:00:00,400
470,6,3,2034-07-01 00:00:00,400
471,6,3,2035-07-01 00:00:00,400
472,6,3,2036-07-01 00:00:00,400
473,6,3,2037-07-01 00:00:00,400
474,6,3,2038-07-01 00:00:00,400
475,6,3,2039-07-01 00:00:00,400
476,6,3,2040-07-01 00:00:00,400
477,6,3,2041-07-01 00:00:00,400
478,6,3,2042-07-01 00:00:00,400
479,6,3,2043-07-01 00:00:00,400
480,6,3,2044-07-01 00:00:00,400
481,6,3,2045-07-01 00:00:00,0
482,6,3,2046-07-01 00:00:00,0
483,6,3,2047-07-01 00:00:00,0
484,6,3,2048-07-01 00:00:00,0
485,6,3,2049-07-01 00:00:00,0
486,6,3,2050-07-01 00:00:00,0
487,7,1,2024-07-01 00:00:00,0
488,7,1,2025-07-01 00:00:00,0
489,7,1,2026-07-01 00:00:00,0
490,7,1,2027-07-01 00:00:00,0.00013012
491,7,1,2028-07-01 00:00:00,0.00013012
492,7,1,2029-07-01 00:00:00,0.00028468000000000005
493,7,1,2030-07-01 00:00:00,0.00028468000000000005
494,7,1,2031-07-01 00:00:00,0.000306
495,7,1,2032-07-01 00:00:00,0.00032104000000000003
496,7,1,2033-07-01 00:00:00,0.00036584
497,7,1,2034-07-01 00:00:00,0.00036584
498,7,1,2035-07-01 00:00:00,0.00036584
499,7,1,2036-07-01 00:00:00,0.0005735600000000001
500,7,1,2037-07-01 00:00:00,0.0008542000000000001
501,7,1,2038-07-01 00:00:00,0.0009024
502,7,1,2039-07-01 00:00:00,0.0009024
503,7,1,2040-07-01 00:00:00,0.0009024
504,7,1,2041-07-01 00:00:00,0.00091376
505,7,1,2042-07-01 00:00:00,0.00091376
506,7,1,2043-07-01 00:00:00,0.0009515200000000001
507,7,1,2044-07-01 00:00:00,0.0010382
508,7,1,2045-07-01 00:00:00,0.0012022
509,7,1,2046-07-01 00:00:00,272.61855552000003
510,7,1,2047-07-01 00:00:00,272.62632064
511,7,1,2048-07-01 00:00:00,272.62661176
512,7,1,2049-07-01 00:00:00,2357.80817084
513,7,1,2050-07-01 00:00:00,2357.80817084
514,7,2,2024-07-01 00:00:00,0
515,7,2,2025-07-01 00:00:00,0
516,7,2,2026-07-01 00:00:00,0
517,7,2,2027-07-01 00:00:00,0.00004528
518,7,2,2028-07-01 00:00:00,0.00004528
519,7,2,2029-07-01 00:00:00,0.00010152
520,7,2,2030-07-01 00:00:00,0.00012744
521,7,2,2031-07-01 00:00:00,0.00015096
522,7,2,2032-07-01 00:00:00,0.00015096
523,7,2,2033-07-01 00:00:00,0.00018488
524,7,2,2034-07-01 00:00:00,0.00063904
525,7,2,2035-07-01 00:00:00,0.00063904
526,7,2,2036-07-01 00:00:00,0.00063904
527,7,2,2037-07-01 00:00:00,0.00068176
528,7,2,2038-07-01 00:00:00,0.00069672
529,7,2,2039-07-01 00:00:00,0.00071336
530,7,2,2040-07-01 00:00:00,0.0007376
531,7,2,2041-07-01 00:00:00,0.00077664
532,7,2,2042-07-01 00:00:00,0.00080864
533,7,2,2043-07-01 00:00:00,0.00082968
534,7,2,2044-07-01 00:00:00,0.0009204
535,7,2,2045-07-01 00:00:00,0.00108856
536,7,2,2046-07-01 00:00:00,0.00108856
537,7,2,2047-07-01 00:00:00,0.00104328
538,7,2,2048-07-01 00:00:00,1875.92644072
539,7,2,2049-07-01 00:00:00,1875.9263844
540,7,2,2050-07-01 00:00:00,1875.92635848
541,7,3,2024-07-01 00:00:00,0
542,7,3,2025-07-01 00:00:00,0
543,7,3,2026-07-01 00:00:00,0
544,7,3,2027-07-01 00:00:00,0.0001552
545,7,3,2028-07-01 00:00:00,0.0001552
546,7,3,2029-07-01 00:00:00,0.0001552
547,7,3,2030-07-01 00:00:00,10012.36943368
548,7,3,2031-07-01 00:00:00,10012.36944504
549,7,3,2032-07-01 00:00:00,10012.36944504
550,7,3,2033-07-01 00:00:00,10012.36944504
551,7,3,2034-07-01 00:00:00,10012.36944504
552,7,3,2035-07-01 00:00:00,10012.36944504
553,7,3,2036-07-01 00:00:00,10012.36944504
554,7,3,2037-07-01 00:00:00,10012.36944504
555,7,3,2038-07-01 00:00:00,10012.36944504
556,7,3,2039-07-01 00:00:00,10012.36944504
557,7,3,2040-07-01 00:00:00,10012.36944504
558,7,3,2041-07-01 00:00:00,10012.36944504
559,7,3,2042-07-01 00:00:00,10012.36944504
560,7,3,2043-07-01 00:00:00,10012.36944504
561,7,3,2044-07-01 00:00:00,10012.36944504
562,7,3,2045-07-01 00:00:00,10012.36944504
563,7,3,2046-07-01 00:00:00,10012.36944504
564,7,3,2047-07-01 00:00:00,10012.36928984
565,7,3,2048-07-01 00:00:00,10012.36928984
566,7,3,2049-07-01 00:00:00,10012.36928984
567,7,3,2050-07-01 00:00:00,6692.9471024
568,8,1,2024-07-01 00:00:00,1258.12
569,8,1,2025-07-01 00:00:00,1842.12
570,8,1,2026-07-01 00:00:00,1842.12
571,8,1,2027-07-01 00:00:00,1842.12
572,8,1,2028-07-01 00:00:00,1842.12
573,8,1,2029-07-01 00:00:00,1842.12
574,8,1,2030-07-01 00:00:00,1842.12
575,8,1,2031-07-01 00:00:00,1842.12
576,8,1,2032-07-01 00:00:00,1842.12
577,8,1,2033-07-01 00:00:00,1842.12
578,8,1,2034-07-01 00:00:00,1842.12
579,8,1,2035-07-01 00:00:00,1842.12
580,8,1,2036-07-01 00:00:00,1842.12
581,8,1,2037-07-01 00:00:00,1842.12
582,8,1,2038-07-01 00:00:00,1642.1200000000001
583,8,1,2039-07-01 00:00:00,1642.1200000000001
584,8,1,2040-07-01 00:00:00,1642.1200000000001
585,8,1,2041-07-01 00:00:00,1642.1200000000001
586,8,1,2042-07-01 00:00:00,1642.1200000000001
587,8,1,2043-07-01 00:00:00,1642.1200000000001
588,8,1,2044-07-01 00:00:00,1342.12
589,8,1,2045-07-01 00:00:00,842.12
590,8,1,2046-07-01 00:00:00,842.12
591,8,1,2047-07-01 00:00:00,842.12
592,8,1,2048-07-01 00:00:00,459.92
593,8,1,2049-07-01 00:00:00,459.92
594,8,1,2050-07-01 00:00:00,459.92
595,8,2,2024-07-01 00:00:00,1258.12
596,8,2,2025-07-01 00:00:00,1842.12
597,8,2,2026-07-01 00:00:00,1842.12
598,8,2,2027-07-01 00:00:00,1842.12
599,8,2,2028-07-01 00:00:00,1842.12
600,8,2,2029-07-01 00:00:00,1842.12
601,8,2,2030-07-01 00:00:00,1842.12
602,8,2,2031-07-01 00:00:00,1842.12
603,8,2,2032-07-01 00:00:00,1842.12
604,8,2,2033-07-01 00:00:00,1842.12
605,8,2,2034-07-01 00:00:00,1842.12
606,8,2,2035-07-01 00:00:00,1842.12
607,8,2,2036-07-01 00:00:00,1842.12
608,8,2,2037-07-01 00:00:00,1842.12
609,8,2,2038-07-01 00:00:00,1642.1200000000001
610,8,2,2039-07-01 00:00:00,1642.1200000000001
611,8,2,2040-07-01 00:00:00,1642.1200000000001
612,8,2,2041-07-01 00:00:00,1642.1200000000001
613,8,2,2042-07-01 00:00:00,1642.1200000000001
614,8,2,2043-07-01 00:00:00,1642.1200000000001
615,8,2,2044-07-01 00:00:00,1342.12
616,8,2,2045-07-01 00:00:00,842.12
617,8,2,2046-07-01 00:00:00,842.12
618,8,2,2047-07-01 00:00:00,842.12
619,8,2,2048-07-01 00:00:00,459.92
620,8,2,2049-07-01 00:00:00,459.92
621,8,2,2050-07-01 00:00:00,459.92
622,8,3,2024-07-01 00:00:00,1258.12
623,8,3,2025-07-01 00:00:00,1842.12
624,8,3,2026-07-01 00:00:00,1842.12
625,8,3,2027-07-01 00:00:00,1842.12
626,8,3,2028-07-01 00:00:00,1842.12
627,8,3,2029-07-01 00:00:00,1842.12
628,8,3,2030-07-01 00:00:00,1842.12
629,8,3,2031-07-01 00:00:00,1842.12
630,8,3,2032-07-01 00:00:00,1842.12
631,8,3,2033-07-01 00:00:00,1842.12
632,8,3,2034-07-01 00:00:00,1842.12
633,8,3,2035-07-01 00:00:00,1842.12
634,8,3,2036-07-01 00:00:00,1842.12
635,8,3,2037-07-01 00:00:00,1842.12
636,8,3,2038-07-01 00:00:00,1642.1200000000001
637,8,3,2039-07-01 00:00:00,1642.1200000000001
638,8,3,2040-07-01 00:00:00,1642.1200000000001
639,8,3,2041-07-01 00:00:00,1642.1200000000001
640,8,3,2042-07-01 00:00:00,1642.1200000000001
641,8,3,2043-07-01 00:00:00,1642.1200000000001
642,8,3,2044-07-01 00:00:00,1342.12
643,8,3,2045-07-01 00:00:00,842.12
644,8,3,2046-07-01 00:00:00,842.12
645,8,3,2047-07-01 00:00:00,842.12
646,8,3,2048-07-01 00:00:00,459.92
647,8,3,2049-07-01 00:00:00,459.92
648,8,3,2050-07-01 00:00:00,459.92
649,9,1,2024-07-01 00:00:00,5700
650,9,1,2025-07-01 00:00:00,5700
651,9,1,2026-07-01 00:00:00,5700
652,9,1,2027-07-01 00:00:00,5700.00008004
653,9,1,2028-07-01 00:00:00,5700.00010408
654,9,1,2029-07-01 00:00:00,5700.000188399999
655,9,1,2030-07-01 00:00:00,5700.000188399999
656,9,1,2031-07-01 00:00:00,5700.000208840001
657,9,1,2032-07-01 00:00:00,5700.000242239999
658,9,1,2033-07-01 00:00:00,5700.00025968
659,9,1,2034-07-01 00:00:00,5700.00025968
660,9,1,2035-07-01 00:00:00,5700.00025968
661,9,1,2036-07-01 00:00:00,5700.0003692400005
662,9,1,2037-07-01 00:00:00,5700.0005916
663,9,1,2038-07-01 00:00:00,5700.000615520001
664,9,1,2039-07-01 00:00:00,5700.000615520001
665,9,1,2040-07-01 00:00:00,5700.000615520001
666,9,1,2041-07-01 00:00:00,5700.000615520001
667,9,1,2042-07-01 00:00:00,5700.000615520001
668,9,1,2043-07-01 00:00:00,5700.000615520001
669,9,1,2044-07-01 00:00:00,5700.000637640001
670,9,1,2045-07-01 00:00:00,5700.00068732
671,9,1,2046-07-01 00:00:00,7916.90726204
672,9,1,2047-07-01 00:00:00,7916.907182
673,9,1,2048-07-01 00:00:00,7916.90715796
674,9,1,2049-07-01 00:00:00,8903.6948926
675,9,1,2050-07-01 00:00:00,8903.6948926
676,9,2,2024-07-01 00:00:00,5700
677,9,2,2025-07-01 00:00:00,5700
678,9,2,2026-07-01 00:00:00,5700
679,9,2,2027-07-01 00:00:00,5700.0000660000005
680,9,2,2028-07-01 00:00:00,5700.00011048
681,9,2,2029-07-01 00:00:00,5716.5500346
682,9,2,2030-07-01 00:00:00,5716.5500346
683,9,2,2031-07-01 00:00:00,5716.5500346
684,9,2,2032-07-01 00:00:00,5716.5500346
685,9,2,2033-07-01 00:00:00,5716.5500346
686,9,2,2034-07-01 00:00:00,5716.5500346
687,9,2,2035-07-01 00:00:00,5716.5500346
688,9,2,2036-07-01 00:00:00,5716.5500346
689,9,2,2037-07-01 00:00:00,5716.5500346
690,9,2,2038-07-01 00:00:00,5716.5500346
691,9,2,2039-07-01 00:00:00,5716.5500346
692,9,2,2040-07-01 00:00:00,5716.5500346
693,9,2,2041-07-01 00:00:00,5716.5500346
694,9,2,2042-07-01 00:00:00,5716.5500346
695,9,2,2043-07-01 00:00:00,5716.5500346
696,9,2,2044-07-01 00:00:00,5716.5500498
697,9,2,2045-07-01 00:00:00,5716.550059120001
698,9,2,2046-07-01 00:00:00,5716.550059120001
699,9,2,2047-07-01 00:00:00,5716.54999312
700,9,2,2048-07-01 00:00:00,5716.54995964
701,9,2,2049-07-01 00:00:00,5704.91607112
702,9,2,2050-07-01 00:00:00,5704.91607112
703,9,3,2024-07-01 00:00:00,5700
704,9,3,2025-07-01 00:00:00,5700
705,9,3,2026-07-01 00:00:00,5700
706,9,3,2027-07-01 00:00:00,9926.18587192
707,9,3,2028-07-01 00:00:00,12871.62456424
708,9,3,2029-07-01 00:00:00,15312.96699136
709,9,3,2030-07-01 00:00:00,26684.28619584
710,9,3,2031-07-01 00:00:00,26684.286204559998
711,9,3,2032-07-01 00:00:00,26684.286204559998
712,9,3,2033-07-01 00:00:00,26684.286204559998
713,9,3,2034-07-01 00:00:00,26684.286204559998
714,9,3,2035-07-01 00:00:00,26684.286204559998
715,9,3,2036-07-01 00:00:00,26684.286204559998
716,9,3,2037-07-01 00:00:00,26684.286204559998
717,9,3,2038-07-01 00:00:00,26684.286204559998
718,9,3,2039-07-01 00:00:00,26684.286204559998
719,9,3,2040-07-01 00:00:00,26684.286204559998
720,9,3,2041-07-01 00:00:00,26684.286204559998
721,9,3,2042-07-01 00:00:00,26684.286204559998
722,9,3,2043-07-01 00:00:00,26684.286204559998
723,9,3,2044-07-01 00:00:00,26684.286204559998
724,9,3,2045-07-01 00:00:00,26684.286204559998
725,9,3,2046-07-01 00:00:00,26684.286204559998
726,9,3,2047-07-01 00:00:00,22458.10033272
727,9,3,2048-07-01 00:00:00,19512.6616404
728,9,3,2049-07-01 00:00:00,17071.3192132
729,9,3,2050-07-01 00:00:00,13356.305541680002
730,10,1,2024-07-01 00:00:00,0
731,10,1,2025-07-01 00:00:00,0
732,10,1,2026-07-01 00:00:00,0
733,10,1,2027-07-01 00:00:00,0
734,10,1,2028-07-01 00:00:00,0
735,10,1,2029-07-01 00:00:00,0
736,10,1,2030-07-01 00:00:00,0
737,10,1,2031-07-01 00:00:00,47952
738,10,1,2032-07-01 00:00:00,47952
739,10,1,2033-07-01 00:00:00,47952
740,10,1,2034-07-01 00:00:00,47952
741,10,1,2035-07-01 00:00:00,47952
742,10,1,2036-07-01 00:00:00,47952
743,10,1,2037-07-01 00:00:00,47952
744,10,1,2038-07-01 00:00:00,47952
745,10,1,2039-07-01 00:00:00,47952
746,10,1,2040-07-01 00:00:00,47952
747,10,1,2041-07-01 00:00:00,47952
748,10,1,2042-07-01 00:00:00,47952
749,10,1,2043-07-01 00:00:00,47952
750,10,1,2044-07-01 00:00:00,47952
751,10,1,2045-07-01 00:00:00,47952
752,10,1,2046-07-01 00:00:00,47952
753,10,1,2047-07-01 00:00:00,47952
754,10,1,2048-07-01 00:00:00,47952
755,10,1,2049-07-01 00:00:00,47952
756,10,1,2050-07-01 00:00:00,47952
757,10,2,2024-07-01 00:00:00,0
758,10,2,2025-07-01 00:00:00,0
759,10,2,2026-07-01 00:00:00,0
760,10,2,2027-07-01 00:00:00,0
761,10,2,2028-07-01 00:00:00,0
762,10,2,2029-07-01 00:00:00,0
763,10,2,2030-07-01 00:00:00,0
764,10,2,2031-07-01 00:00:00,47952
765,10,2,2032-07-01 00:00:00,47952
766,10,2,2033-07-01 00:00:00,47952
767,10,2,2034-07-01 00:00:00,47952
768,10,2,2035-07-01 00:00:00,47952
769,10,2,2036-07-01 00:00:00,47952
770,10,2,2037-07-01 00:00:00,47952
771,10,2,2038-07-01 00:00:00,47952
772,10,2,2039-07-01 00:00:00,47952
773,10,2,2040-07-01 00:00:00,47952
774,10,2,2041-07-01 00:00:00,47952
775,10,2,2042-07-01 00:00:00,47952
776,10,2,2043-07-01 00:00:00,47952
777,10,2,2044-07-01 00:00:00,47952
778,10,2,2045-07-01 00:00:00,47952
779,10,2,2046-07-01 00:00:00,47952
780,10,2,2047-07-01 00:00:00,47952
781,10,2,2048-07-01 00:00:00,47952
782,10,2,2049-07-01 00:00:00,47952
783,10,2,2050-07-01 00:00:00,47952
784,10,3,2024-07-01 00:00:00,0
785,10,3,2025-07-01 00:00:00,0
786,10,3,2026-07-01 00:00:00,0
787,10,3,2027-07-01 00:00:00,0
788,10,3,2028-07-01 00:00:00,0
789,10,3,2029-07-01 00:00:00,0
790,10,3,2030-07-01 00:00:00,0
791,10,3,2031-07-01 00:00:00,47952
792,10,3,2032-07-01 00:00:00,47952
793,10,3,2033-07-01 00:00:00,47952
794,10,3,2034-07-01 00:00:00,47952
795,10,3,2035-07-01 00:00:00,47952
796,10,3,2036-07-01 00:00:00,47952
797,10,3,2037-07-01 00:00:00,47952
798,10,3,2038-07-01 00:00:00,47952
799,10,3,2039-07-01 00:00:00,47952
800,10,3,2040-07-01 00:00:00,47952
801,10,3,2041-07-01 00:00:00,47952
802,10,3,2042-07-01 00:00:00,47952
803,10,3,2043-07-01 00:00:00,47952
804,10,3,2044-07-01 00:00:00,47952
805,10,3,2045-07-01 00:00:00,47952
806,10,3,2046-07-01 00:00:00,47952
807,10,3,2047-07-01 00:00:00,47952
808,10,3,2048-07-01 00:00:00,47952
809,10,3,2049-07-01 00:00:00,47952
810,10,3,2050-07-01 00:00:00,47952
811,11,1,2024-07-01 00:00:00,0
812,11,1,2025-07-01 00:00:00,39
813,11,1,2026-07-01 00:00:00,439
814,11,1,2027-07-01 00:00:00,639
815,11,1,2028-07-01 00:00:00,639
816,11,1,2029-07-01 00:00:00,639
817,11,1,2030-07-01 00:00:00,639
818,11,1,2031-07-01 00:00:00,639
819,11,1,2032-07-01 00:00:00,639
820,11,1,2033-07-01 00:00:00,600.0000000000001
821,11,1,2034-07-01 00:00:00,600.0000000000001
822,11,1,2035-07-01 00:00:00,600.0000000000001
823,11,1,2036-07-01 00:00:00,600.0000000000001
824,11,1,2037-07-01 00:00:00,600.0000000000001
825,11,1,2038-07-01 00:00:00,600.0000000000001
826,11,1,2039-07-01 00:00:00,600.0000000000001
827,11,1,2040-07-01 00:00:00,600.0000000000001
828,11,1,2041-07-01 00:00:00,600.0000000000001
829,11,1,2042-07-01 00:00:00,600.0000000000001
830,11,1,2043-07-01 00:00:00,600.0000000000001
831,11,1,2044-07-01 00:00:00,600.0000000000001
832,11,1,2045-07-01 00:00:00,600.0000000000001
833,11,1,2046-07-01 00:00:00,0
834,11,1,2047-07-01 00:00:00,0
835,11,1,2048-07-01 00:00:00,0
836,11,1,2049-07-01 00:00:00,0
837,11,1,2050-07-01 00:00:00,0
838,11,2,2024-07-01 00:00:00,0
839,11,2,2025-07-01 00:00:00,39
840,11,2,2026-07-01 00:00:00,439
841,11,2,2027-07-01 00:00:00,639
842,11,2,2028-07-01 00:00:00,639
843,11,2,2029-07-01 00:00:00,639
844,11,2,2030-07-01 00:00:00,639
845,11,2,2031-07-01 00:00:00,639
846,11,2,2032-07-01 00:00:00,639
847,11,2,2033-07-01 00:00:00,600.0000000000001
848,11,2,2034-07-01 00:00:00,600.0000000000001
849,11,2,2035-07-01 00:00:00,600.0000000000001
850,11,2,2036-07-01 00:00:00,600.0000000000001
851,11,2,2037-07-01 00:00:00,600.0000000000001
852,11,2,2038-07-01 00:00:00,600.0000000000001
853,11,2,2039-07-01 00:00:00,600.0000000000001
854,11,2,2040-07-01 00:00:00,600.0000000000001
855,11,2,2041-07-01 00:00:00,600.0000000000001
856,11,2,2042-07-01 00:00:00,600.0000000000001
857,11,2,2043-07-01 00:00:00,600.0000000000001
858,11,2,2044-07-01 00:00:00,600.0000000000001
859,11,2,2045-07-01 00:00:00,600.0000000000001
860,11,2,2046-07-01 00:00:00,0
861,11,2,2047-07-01 00:00:00,0
862,11,2,2048-07-01 00:00:00,0
863,11,2,2049-07-01 00:00:00,0
864,11,2,2050-07-01 00:00:00,0
865,11,3,2024-07-01 00:00:00,0
866,11,3,2025-07-01 00:00:00,39
867,11,3,2026-07-01 00:00:00,439
868,11,3,2027-07-01 00:00:00,639
869,11,3,2028-07-01 00:00:00,639
870,11,3,2029-07-01 00:00:00,639
871,11,3,2030-07-01 00:00:00,639
872,11,3,2031-07-01 00:00:00,639
873,11,3,2032-07-01 00:00:00,639
874,11,3,2033-07-01 00:00:00,600.0000000000001
875,11,3,2034-07-01 00:00:00,600.0000000000001
876,11,3,2035-07-01 00:00:00,600.0000000000001
877,11,3,2036-07-01 00:00:00,600.0000000000001
878,11,3,2037-07-01 00:00:00,600.0000000000001
879,11,3,2038-07-01 00:00:00,600.0000000000001
880,11,3,2039-07-01 00:00:00,600.0000000000001
881,11,3,2040-07-01 00:00:00,600.0000000000001
882,11,3,2041-07-01 00:00:00,600.0000000000001
883,11,3,2042-07-01 00:00:00,600.0000000000001
884,11,3,2043-07-01 00:00:00,600.0000000000001
885,11,3,2044-07-01 00:00:00,600.0000000000001
886,11,3,2045-07-01 00:00:00,600.0000000000001
887,11,3,2046-07-01 00:00:00,0
888,11,3,2047-07-01 00:00:00,0
889,11,3,2048-07-01 00:00:00,0
890,11,3,2049-07-01 00:00:00,0
891,11,3,2050-07-01 00:00:00,0
892,12,1,2024-07-01 00:00:00,0
893,12,1,2025-07-01 00:00:00,0
894,12,1,2026-07-01 00:00:00,2200
895,12,1,2027-07-01 00:00:00,2200.00037632
896,12,1,2028-07-01 00:00:00,3063.26304776
897,12,1,2029-07-01 00:00:00,9511.296529360001
898,12,1,2030-07-01 00:00:00,9511.296602240001
899,12,1,2031-07-01 00:00:00,9511.296612240001
900,12,1,2032-07-01 00:00:00,9511.29661732
901,12,1,2033-07-01 00:00:00,9511.29661732
902,12,1,2034-07-01 00:00:00,9511.29662644
903,12,1,2035-07-01 00:00:00,9511.29666372
904,12,1,2036-07-01 00:00:00,9511.296669760002
905,12,1,2037-07-01 00:00:00,9511.296711720002
906,12,1,2038-07-01 00:00:00,9511.296742400002
907,12,1,2039-07-01 00:00:00,9511.296742400002
908,12,1,2040-07-01 00:00:00,9511.29678072
909,12,1,2041-07-01 00:00:00,9511.296849719998
910,12,1,2042-07-01 00:00:00,9511.296849719998
911,12,1,2043-07-01 00:00:00,9511.296919319999
912,12,1,2044-07-01 00:00:00,9511.298167359999
913,12,1,2045-07-01 00:00:00,9511.298198120001
914,12,1,2046-07-01 00:00:00,7311.298249960001
915,12,1,2047-07-01 00:00:00,11783.79149188
916,12,1,2048-07-01 00:00:00,10920.52882056
917,12,1,2049-07-01 00:00:00,10092.637701320002
918,12,1,2050-07-01 00:00:00,10092.637701320002
919,12,2,2024-07-01 00:00:00,0
920,12,2,2025-07-01 00:00:00,0
921,12,2,2026-07-01 00:00:00,2200
922,12,2,2027-07-01 00:00:00,2200.0003500000003
923,12,2,2028-07-01 00:00:00,2200.0004878
924,12,2,2029-07-01 00:00:00,9592.57847744
925,12,2,2030-07-01 00:00:00,9592.57847744
926,12,2,2031-07-01 00:00:00,9592.578498640001
927,12,2,2032-07-01 00:00:00,9592.578517599999
928,12,2,2033-07-01 00:00:00,9592.578517599999
929,12,2,2034-07-01 00:00:00,9592.57860544
930,12,2,2035-07-01 00:00:00,9592.57862132
931,12,2,2036-07-01 00:00:00,9592.578685999999
932,12,2,2037-07-01 00:00:00,9592.578685999999
933,12,2,2038-07-01 00:00:00,9592.57871132
934,12,2,2039-07-01 00:00:00,9592.578720520001
935,12,2,2040-07-01 00:00:00,9592.578720520001
936,12,2,2041-07-01 00:00:00,9592.57872904
937,12,2,2042-07-01 00:00:00,9592.578768079999
938,12,2,2043-07-01 00:00:00,9592.5789122
939,12,2,2044-07-01 00:00:00,9592.57899136
940,12,2,2045-07-01 00:00:00,9592.579021160002
941,12,2,2046-07-01 00:00:00,7392.57908324
942,12,2,2047-07-01 00:00:00,7392.5787636
943,12,2,2048-07-01 00:00:00,7392.57876808
944,12,2,2049-07-01 00:00:00,3364.0153585599996
945,12,2,2050-07-01 00:00:00,3364.0153585599996
946,12,3,2024-07-01 00:00:00,0
947,12,3,2025-07-01 00:00:00,0
948,12,3,2026-07-01 00:00:00,2200
949,12,3,2027-07-01 00:00:00,4709.89571096
950,12,3,2028-07-01 00:00:00,5698.270516320001
951,12,3,2029-07-01 00:00:00,9145.794091119998
952,12,3,2030-07-01 00:00:00,9145.794091119998
953,12,3,2031-07-01 00:00:00,9145.79414288
954,12,3,2032-07-01 00:00:00,9145.79414288
955,12,3,2033-07-01 00:00:00,9145.79428192
956,12,3,2034-07-01 00:00:00,9145.79428192
957,12,3,2035-07-01 00:00:00,9145.794435119999
958,12,3,2036-07-01 00:00:00,9145.7949296
959,12,3,2037-07-01 00:00:00,9145.79494256
960,12,3,2038-07-01 00:00:00,9145.79494256
961,12,3,2039-07-01 00:00:00,9145.79495672
962,12,3,2040-07-01 00:00:00,9145.79495672
963,12,3,2041-07-01 00:00:00,9145.79495672
964,12,3,2042-07-01 00:00:00,9145.79495672
965,12,3,2043-07-01 00:00:00,9145.79495672
966,12,3,2044-07-01 00:00:00,16357.928561119998
967,12,3,2045-07-01 00:00:00,16357.92858568
968,12,3,2046-07-01 00:00:00,14157.928585679998
969,12,3,2047-07-01 00:00:00,11648.032892400002
970,12,3,2048-07-01 00:00:00,10659.658087040003
971,12,3,2049-07-01 00:00:00,7212.13573264
972,12,3,2050-07-01 00:00:00,7212.1475910399995
973,13,1,2024-07-01 00:00:00,0
974,13,1,2025-07-01 00:00:00,0
975,13,1,2026-07-01 00:00:00,0
976,13,1,2027-07-01 00:00:00,0
977,13,1,2028-07-01 00:00:00,0
978,13,1,2029-07-01 00:00:00,0
979,13,1,2030-07-01 00:00:00,0.0005534399999999999
980,13,1,2031-07-01 00:00:00,0.0005817600000000001
981,13,1,2032-07-01 00:00:00,0.0005817600000000001
982,13,1,2033-07-01 00:00:00,0.0005817600000000001
983,13,1,2034-07-01 00:00:00,0.0006316800000000001
984,13,1,2035-07-01 00:00:00,0.0007814400000000001
985,13,1,2036-07-01 00:00:00,0.00085344
986,13,1,2037-07-01 00:00:00,0.00085344
987,13,1,2038-07-01 00:00:00,0.00097368
988,13,1,2039-07-01 00:00:00,0.00097368
989,13,1,2040-07-01 00:00:00,0.0013104
990,13,1,2041-07-01 00:00:00,0.00209328
991,13,1,2042-07-01 00:00:00,0.00209328
992,13,1,2043-07-01 00:00:00,0.0026632799999999996
993,13,1,2044-07-01 00:00:00,35999.99907336
994,13,1,2045-07-01 00:00:00,35999.99907336
995,13,1,2046-07-01 00:00:00,35999.99907336
996,13,1,2047-07-01 00:00:00,35999.99907336
997,13,1,2048-07-01 00:00:00,35999.99907336
998,13,1,2049-07-01 00:00:00,35999.999372640006
999,13,1,2050-07-01 00:00:00,35999.999372640006
1000,13,2,2024-07-01 00:00:00,0
1001,13,2,2025-07-01 00:00:00,0
1002,13,2,2026-07-01 00:00:00,0
1003,13,2,2027-07-01 00:00:00,0
1004,13,2,2028-07-01 00:00:00,0
1005,13,2,2029-07-01 00:00:00,0
1006,13,2,2030-07-01 00:00:00,24000.000420239998
1007,13,2,2031-07-01 00:00:00,24000.00046704
1008,13,2,2032-07-01 00:00:00,24000.000499439997
1009,13,2,2033-07-01 00:00:00,24000.000499439997
1010,13,2,2034-07-01 00:00:00,24000.000529200002
1011,13,2,2035-07-01 00:00:00,24000.00148752
1012,13,2,2036-07-01 00:00:00,24000.00148752
1013,13,2,2037-07-01 00:00:00,24000.00276048
1014,13,2,2038-07-01 00:00:00,24000.00278472
1015,13,2,2039-07-01 00:00:00,24000.0028104
1016,13,2,2040-07-01 00:00:00,24000.0028104
1017,13,2,2041-07-01 00:00:00,24000.0028104
1018,13,2,2042-07-01 00:00:00,24000.0028104
1019,13,2,2043-07-01 00:00:00,24000.00290304
1020,13,2,2044-07-01 00:00:00,35999.99973888
1021,13,2,2045-07-01 00:00:00,35999.99973888
1022,13,2,2046-07-01 00:00:00,35999.99973888
1023,13,2,2047-07-01 00:00:00,35999.99973888
1024,13,2,2048-07-01 00:00:00,35999.99973888
1025,13,2,2049-07-01 00:00:00,35999.99973888
1026,13,2,2050-07-01 00:00:00,35999.99973888
1027,13,3,2024-07-01 00:00:00,0
1028,13,3,2025-07-01 00:00:00,0
1029,13,3,2026-07-01 00:00:00,0
1030,13,3,2027-07-01 00:00:00,0
1031,13,3,2028-07-01 00:00:00,0
1032,13,3,2029-07-01 00:00:00,0
1033,13,3,2030-07-01 00:00:00,36000
1034,13,3,2031-07-01 00:00:00,36000
1035,13,3,2032-07-01 00:00:00,36000
1036,13,3,2033-07-01 00:00:00,36000
1037,13,3,2034-07-01 00:00:00,36000
1038,13,3,2035-07-01 00:00:00,36000
1039,13,3,2036-07-01 00:00:00,36000
1040,13,3,2037-07-01 00:00:00,36000
1041,13,3,2038-07-01 00:00:00,36000
1042,13,3,2039-07-01 00:00:00,36000
1043,13,3,2040-07-01 00:00:00,36000
1044,13,3,2041-07-01 00:00:00,36000
1045,13,3,2042-07-01 00:00:00,36000
1046,13,3,2043-07-01 00:00:00,36000
1047,13,3,2044-07-01 00:00:00,36000
1048,13,3,2045-07-01 00:00:00,36000
1049,13,3,2046-07-01 00:00:00,36000
1050,13,3,2047-07-01 00:00:00,36000
1051,13,3,2048-07-01 00:00:00,36000
1052,13,3,2049-07-01 00:00:00,36000
1053,13,3,2050-07-01 00:00:00,36000
1054,14,1,2024-07-01 00:00:00,0
1055,14,1,2025-07-01 00:00:00,28
1056,14,1,2026-07-01 00:00:00,38.06190796
1057,14,1,2027-07-01 00:00:00,329.40697430000006
1058,14,1,2028-07-01 00:00:00,1714.48664463
1059,14,1,2029-07-01 00:00:00,1714.48664463
1060,14,1,2030-07-01 00:00:00,1714.48664463
1061,14,1,2031-07-01 00:00:00,1714.48664463
1062,14,1,2032-07-01 00:00:00,1714.48664463
1063,14,1,2033-07-01 00:00:00,1714.48664463
1064,14,1,2034-07-01 00:00:00,1714.48664463
1065,14,1,2035-07-01 00:00:00,1714.48664463
1066,14,1,2036-07-01 00:00:00,1714.48664463
1067,14,1,2037-07-01 00:00:00,1714.48664463
1068,14,1,2038-07-01 00:00:00,1714.48664463
1069,14,1,2039-07-01 00:00:00,1714.48664463
1070,14,1,2040-07-01 00:00:00,1714.48664463
1071,14,1,2041-07-01 00:00:00,1714.48664463
1072,14,1,2042-07-01 00:00:00,1714.48664463
1073,14,1,2043-07-01 00:00:00,1714.48664463
1074,14,1,2044-07-01 00:00:00,1714.48664463
1075,14,1,2045-07-01 00:00:00,1686.48664463
1076,14,1,2046-07-01 00:00:00,1676.42473667
1077,14,1,2047-07-01 00:00:00,1385.07967033
1078,14,1,2048-07-01 00:00:00,124.13695609
1079,14,1,2049-07-01 00:00:00,124.13695609
1080,14,1,2050-07-01 00:00:00,124.13695609
1081,14,2,2024-07-01 00:00:00,0
1082,14,2,2025-07-01 00:00:00,28
1083,14,2,2026-07-01 00:00:00,715.5489174500001
1084,14,2,2027-07-01 00:00:00,1132.46194522
1085,14,2,2028-07-01 00:00:00,2330.06733124
1086,14,2,2029-07-01 00:00:00,2330.06733124
1087,14,2,2030-07-01 00:00:00,2330.06733124
1088,14,2,2031-07-01 00:00:00,2330.06733124
1089,14,2,2032-07-01 00:00:00,2330.06733124
1090,14,2,2033-07-01 00:00:00,2330.06733124
1091,14,2,2034-07-01 00:00:00,2330.06733124
1092,14,2,2035-07-01 00:00:00,2330.06733124
1093,14,2,2036-07-01 00:00:00,2330.06733124
1094,14,2,2037-07-01 00:00:00,2330.06733124
1095,14,2,2038-07-01 00:00:00,2330.06733124
1096,14,2,2039-07-01 00:00:00,2330.06733124
1097,14,2,2040-07-01 00:00:00,2330.06733124
1098,14,2,2041-07-01 00:00:00,2330.06733124
1099,14,2,2042-07-01 00:00:00,2330.06733124
1100,14,2,2043-07-01 00:00:00,2330.06733124
1101,14,2,2044-07-01 00:00:00,2330.06733124
1102,14,2,2045-07-01 00:00:00,2302.06733124
1103,14,2,2046-07-01 00:00:00,1614.51841379
1104,14,2,2047-07-01 00:00:00,1197.60538602
1105,14,2,2048-07-01 00:00:00,113.81004385
1106,14,2,2049-07-01 00:00:00,113.81004385
1107,14,2,2050-07-01 00:00:00,113.81004385
1108,14,3,2024-07-01 00:00:00,0
1109,14,3,2025-07-01 00:00:00,28
1110,14,3,2026-07-01 00:00:00,28
1111,14,3,2027-07-01 00:00:00,28
1112,14,3,2028-07-01 00:00:00,28
1113,14,3,2029-07-01 00:00:00,28
1114,14,3,2030-07-01 00:00:00,28
1115,14,3,2031-07-01 00:00:00,28
1116,14,3,2032-07-01 00:00:00,28
1117,14,3,2033-07-01 00:00:00,28
1118,14,3,2034-07-01 00:00:00,28
1119,14,3,2035-07-01 00:00:00,28
1120,14,3,2036-07-01 00:00:00,28
1121,14,3,2037-07-01 00:00:00,28
1122,14,3,2038-07-01 00:00:00,28
1123,14,3,2039-07-01 00:00:00,28
1124,14,3,2040-07-01 00:00:00,28
1125,14,3,2041-07-01 00:00:00,28
1126,14,3,2042-07-01 00:00:00,28
1127,14,3,2043-07-01 00:00:00,28
1128,14,3,2044-07-01 00:00:00,28
1129,14,3,2045-07-01 00:00:00,0
1130,14,3,2046-07-01 00:00:00,0
1131,14,3,2047-07-01 00:00:00,0
1132,14,3,2048-07-01 00:00:00,0
1133,14,3,2049-07-01 00:00:00,0
1134,14,3,2050-07-01 00:00:00,0
1135,15,1,2024-07-01 00:00:00,0
1136,15,1,2025-07-01 00:00:00,2392
1137,15,1,2026-07-01 00:00:00,2392
1138,15,1,2027-07-01 00:00:00,3865.8400633600004
1139,15,1,2028-07-01 00:00:00,3865.8400899199996
1140,15,1,2029-07-01 00:00:00,4026.03579248
1141,15,1,2030-07-01 00:00:00,3865.955792479999
1142,15,1,2031-07-01 00:00:00,4026.03579248
1143,15,1,2032-07-01 00:00:00,3865.955792479999
1144,15,1,2033-07-01 00:00:00,3865.955792479999
1145,15,1,2034-07-01 00:00:00,4026.03579248
1146,15,1,2035-07-01 00:00:00,3865.955792479999
1147,15,1,2036-07-01 00:00:00,3865.955792479999
1148,15,1,2037-07-01 00:00:00,4026.0358168800003
1149,15,1,2038-07-01 00:00:00,4026.0358168800003
1150,15,1,2039-07-01 00:00:00,3865.9558168799995
1151,15,1,2040-07-01 00:00:00,3865.9558168799995
1152,15,1,2041-07-01 00:00:00,3865.9558168799995
1153,15,1,2042-07-01 00:00:00,3865.9558168799995
1154,15,1,2043-07-01 00:00:00,4026.0358499200006
1155,15,1,2044-07-01 00:00:00,3865.9558499199998
1156,15,1,2045-07-01 00:00:00,1634.0358499200001
1157,15,1,2046-07-01 00:00:00,1473.9558499199998
1158,15,1,2047-07-01 00:00:00,1473.9558325599996
1159,15,1,2048-07-01 00:00:00,1634.03580592
1160,15,1,2049-07-01 00:00:00,1473.8908657599998
1161,15,1,2050-07-01 00:00:00,1473.8908657599998
1162,15,2,2024-07-01 00:00:00,0
1163,15,2,2025-07-01 00:00:00,2392
1164,15,2,2026-07-01 00:00:00,2392
1165,15,2,2027-07-01 00:00:00,3865.84005216
1166,15,2,2028-07-01 00:00:00,3865.84008416
1167,15,2,2029-07-01 00:00:00,4027.99316624
1168,15,2,2030-07-01 00:00:00,3867.91316624
1169,15,2,2031-07-01 00:00:00,4027.99316624
1170,15,2,2032-07-01 00:00:00,3867.91316624
1171,15,2,2033-07-01 00:00:00,3867.91316624
1172,15,2,2034-07-01 00:00:00,4027.99317592
1173,15,2,2035-07-01 00:00:00,3867.91317592
1174,15,2,2036-07-01 00:00:00,3867.91317592
1175,15,2,2037-07-01 00:00:00,4027.99317592
1176,15,2,2038-07-01 00:00:00,3867.91317592
1177,15,2,2039-07-01 00:00:00,3867.91317592
1178,15,2,2040-07-01 00:00:00,3867.91317592
1179,15,2,2041-07-01 00:00:00,3867.91317592
1180,15,2,2042-07-01 00:00:00,3867.91317592
1181,15,2,2043-07-01 00:00:00,4027.99317592
1182,15,2,2044-07-01 00:00:00,3867.913372159999
1183,15,2,2045-07-01 00:00:00,1635.99338112
1184,15,2,2046-07-01 00:00:00,1475.9133811199997
1185,15,2,2047-07-01 00:00:00,1475.9133289599997
1186,15,2,2048-07-01 00:00:00,1635.99330624
1187,15,2,2049-07-01 00:00:00,1474.78336984
1188,15,2,2050-07-01 00:00:00,1474.7833863199996
1189,15,3,2024-07-01 00:00:00,0
1190,15,3,2025-07-01 00:00:00,2392
1191,15,3,2026-07-01 00:00:00,2392
1192,15,3,2027-07-01 00:00:00,3865.8403589199997
1193,15,3,2028-07-01 00:00:00,5896.86683772
1194,15,3,2029-07-01 00:00:00,6056.94683772
1195,15,3,2030-07-01 00:00:00,5896.86705692
1196,15,3,2031-07-01 00:00:00,6056.94729636
1197,15,3,2032-07-01 00:00:00,5896.86733704
1198,15,3,2033-07-01 00:00:00,5896.867467160001
1199,15,3,2034-07-01 00:00:00,6056.94746716
1200,15,3,2035-07-01 00:00:00,5896.867563
1201,15,3,2036-07-01 00:00:00,5896.86779776
1202,15,3,2037-07-01 00:00:00,6056.947797759999
1203,15,3,2038-07-01 00:00:00,5896.86779776
1204,15,3,2039-07-01 00:00:00,5896.86779776
1205,15,3,2040-07-01 00:00:00,5896.867805440001
1206,15,3,2041-07-01 00:00:00,5896.867805440001
1207,15,3,2042-07-01 00:00:00,5896.867805440001
1208,15,3,2043-07-01 00:00:00,10612.77981988
1209,15,3,2044-07-01 00:00:00,22262.80499212
1210,15,3,2045-07-01 00:00:00,20030.885012720002
1211,15,3,2046-07-01 00:00:00,19870.80501272
1212,15,3,2047-07-01 00:00:00,19870.80475876
1213,15,3,2048-07-01 00:00:00,18272.40815632
1214,15,3,2049-07-01 00:00:00,18112.32815632
1215,15,3,2050-07-01 00:00:00,18112.32793712
1216,16,1,2024-07-01 00:00:00,6271.000000000001
1217,16,1,2025-07-01 00:00:00,6271.000000000001
1218,16,1,2026-07-01 00:00:00,6271.000000000001
1219,16,1,2027-07-01 00:00:00,6271.000000000001
1220,16,1,2028-07-01 00:00:00,6271.000000000001
1221,16,1,2029-07-01 00:00:00,6271.000000000001
1222,16,1,2030-07-01 00:00:00,6271.000000000001
1223,16,1,2031-07-01 00:00:00,6271.000000000001
1224,16,1,2032-07-01 00:00:00,6271.000000000001
1225,16,1,2033-07-01 00:00:00,6271.000000000001
1226,16,1,2034-07-01 00:00:00,6271.000000000001
1227,16,1,2035-07-01 00:00:00,6271.000000000001
1228,16,1,2036-07-01 00:00:00,6271.000000000001
1229,16,1,2037-07-01 00:00:00,6271.000000000001
1230,16,1,2038-07-01 00:00:00,6271.000000000001
1231,16,1,2039-07-01 00:00:00,6271.000000000001
1232,16,1,2040-07-01 00:00:00,6271.000000000001
1233,16,1,2041-07-01 00:00:00,6271.000000000001
1234,16,1,2042-07-01 00:00:00,6271.000000000001
1235,16,1,2043-07-01 00:00:00,6271.000000000001
1236,16,1,2044-07-01 00:00:00,6271.000000000001
1237,16,1,2045-07-01 00:00:00,6271.000000000001
1238,16,1,2046-07-01 00:00:00,6271.000000000001
1239,16,1,2047-07-01 00:00:00,6271.000000000001
1240,16,1,2048-07-01 00:00:00,6271.000000000001
1241,16,1,2049-07-01 00:00:00,6271.000000000001
1242,16,1,2050-07-01 00:00:00,6271.000000000001
1243,16,2,2024-07-01 00:00:00,6271.000000000001
1244,16,2,2025-07-01 00:00:00,6271.000000000001
1245,16,2,2026-07-01 00:00:00,6271.000000000001
1246,16,2,2027-07-01 00:00:00,6271.000000000001
1247,16,2,2028-07-01 00:00:00,6271.000000000001
1248,16,2,2029-07-01 00:00:00,6271.000000000001
1249,16,2,2030-07-01 00:00:00,6271.000000000001
1250,16,2,2031-07-01 00:00:00,6271.000000000001
1251,16,2,2032-07-01 00:00:00,6271.000000000001
1252,16,2,2033-07-01 00:00:00,6271.000000000001
1253,16,2,2034-07-01 00:00:00,6271.000000000001
1254,16,2,2035-07-01 00:00:00,6271.000000000001
1255,16,2,2036-07-01 00:00:00,6271.000000000001
1256,16,2,2037-07-01 00:00:00,6271.000000000001
1257,16,2,2038-07-01 00:00:00,6271.000000000001
1258,16,2,2039-07-01 00:00:00,6271.000000000001
1259,16,2,2040-07-01 00:00:00,6271.000000000001
1260,16,2,2041-07-01 00:00:00,6271.000000000001
1261,16,2,2042-07-01 00:00:00,6271.000000000001
1262,16,2,2043-07-01 00:00:00,6271.000000000001
1263,16,2,2044-07-01 00:00:00,6271.000000000001
1264,16,2,2045-07-01 00:00:00,6271.000000000001
1265,16,2,2046-07-01 00:00:00,6271.000000000001
1266,16,2,2047-07-01 00:00:00,6271.000000000001
1267,16,2,2048-07-01 00:00:00,6271.000000000001
1268,16,2,2049-07-01 00:00:00,6271.000000000001
1269,16,2,2050-07-01 00:00:00,6271.000000000001
1270,16,3,2024-07-01 00:00:00,6271.000000000001
1271,16,3,2025-07-01 00:00:00,6271.000000000001
1272,16,3,2026-07-01 00:00:00,6271.000000000001
1273,16,3,2027-07-01 00:00:00,6271.000000000001
1274,16,3,2028-07-01 00:00:00,6271.000000000001
1275,16,3,2029-07-01 00:00:00,6271.000000000001
1276,16,3,2030-07-01 00:00:00,6271.000000000001
1277,16,3,2031-07-01 00:00:00,6271.000000000001
1278,16,3,2032-07-01 00:00:00,6271.000000000001
1279,16,3,2033-07-01 00:00:00,6271.000000000001
1280,16,3,2034-07-01 00:00:00,6271.000000000001
1281,16,3,2035-07-01 00:00:00,6271.000000000001
1282,16,3,2036-07-01 00:00:00,6271.000000000001
1283,16,3,2037-07-01 00:00:00,6271.000000000001
1284,16,3,2038-07-01 00:00:00,6271.000000000001
1285,16,3,2039-07-01 00:00:00,6271.000000000001
1286,16,3,2040-07-01 00:00:00,6271.000000000001
1287,16,3,2041-07-01 00:00:00,6271.000000000001
1288,16,3,2042-07-01 00:00:00,6271.000000000001
1289,16,3,2043-07-01 00:00:00,6271.000000000001
1290,16,3,2044-07-01 00:00:00,6271.000000000001
1291,16,3,2045-07-01 00:00:00,6271.000000000001
1292,16,3,2046-07-01 00:00:00,6271.000000000001
1293,16,3,2047-07-01 00:00:00,6271.000000000001
1294,16,3,2048-07-01 00:00:00,6271.000000000001
1295,16,3,2049-07-01 00:00:00,6271.000000000001
1296,16,3,2050-07-01 00:00:00,6271.000000000001
1297,17,1,2024-07-01 00:00:00,75
1298,17,1,2025-07-01 00:00:00,1340.424
1299,17,1,2026-07-01 00:00:00,1340.4285476
1300,17,1,2027-07-01 00:00:00,1340.4307295700003
1301,17,1,2028-07-01 00:00:00,1376.06786515
1302,17,1,2029-07-01 00:00:00,1460.73987682
1303,17,1,2030-07-01 00:00:00,2715.8438768200003
1304,17,1,2031-07-01 00:00:00,2860.99587682
1305,17,1,2032-07-01 00:00:00,2715.8438768200003
1306,17,1,2033-07-01 00:00:00,2715.8438768200003
1307,17,1,2034-07-01 00:00:00,2860.99587682
1308,17,1,2035-07-01 00:00:00,2715.8438768200003
1309,17,1,2036-07-01 00:00:00,2640.84387682
1310,17,1,2037-07-01 00:00:00,2785.9958768200004
1311,17,1,2038-07-01 00:00:00,2785.9958768200004
1312,17,1,2039-07-01 00:00:00,2640.84387682
1313,17,1,2040-07-01 00:00:00,2640.84387682
1314,17,1,2041-07-01 00:00:00,2640.84387682
1315,17,1,2042-07-01 00:00:00,2640.84387682
1316,17,1,2043-07-01 00:00:00,2785.9958768200004
1317,17,1,2044-07-01 00:00:00,2640.84387682
1318,17,1,2045-07-01 00:00:00,1735.9958768200001
1319,17,1,2046-07-01 00:00:00,1590.83932922
1320,17,1,2047-07-01 00:00:00,1590.8371472500003
1321,17,1,2048-07-01 00:00:00,1703.54595046
1322,17,1,2049-07-01 00:00:00,1558.39393879
1323,17,1,2050-07-01 00:00:00,1558.39393879
1324,17,2,2024-07-01 00:00:00,75
1325,17,2,2025-07-01 00:00:00,1340.424
1326,17,2,2026-07-01 00:00:00,1340.44901849
1327,17,2,2027-07-01 00:00:00,1400.93647349
1328,17,2,2028-07-01 00:00:00,1673.0857848899998
1329,17,2,2029-07-01 00:00:00,1757.7577848899998
1330,17,2,2030-07-01 00:00:00,3012.8617848900003
1331,17,2,2031-07-01 00:00:00,3158.0137848899994
1332,17,2,2032-07-01 00:00:00,3012.8617848900003
1333,17,2,2033-07-01 00:00:00,3012.8617848900003
1334,17,2,2034-07-01 00:00:00,3158.0137848899994
1335,17,2,2035-07-01 00:00:00,3012.8617848900003
1336,17,2,2036-07-01 00:00:00,2937.86178489
1337,17,2,2037-07-01 00:00:00,3083.01378489
1338,17,2,2038-07-01 00:00:00,2937.86178489
1339,17,2,2039-07-01 00:00:00,2937.86178489
1340,17,2,2040-07-01 00:00:00,2937.86178489
1341,17,2,2041-07-01 00:00:00,2937.86178489
1342,17,2,2042-07-01 00:00:00,2937.86178489
1343,17,2,2043-07-01 00:00:00,3083.01378489
1344,17,2,2044-07-01 00:00:00,2937.86178489
1345,17,2,2045-07-01 00:00:00,2033.0137848900001
1346,17,2,2046-07-01 00:00:00,1887.8367664000002
1347,17,2,2047-07-01 00:00:00,1827.3493114
1348,17,2,2048-07-01 00:00:00,1726.21468939
1349,17,2,2049-07-01 00:00:00,1581.06268939
1350,17,2,2050-07-01 00:00:00,1581.06268939
1351,17,3,2024-07-01 00:00:00,75
1352,17,3,2025-07-01 00:00:00,1340.424
1353,17,3,2026-07-01 00:00:00,1340.424
1354,17,3,2027-07-01 00:00:00,1340.424
1355,17,3,2028-07-01 00:00:00,1340.424
1356,17,3,2029-07-01 00:00:00,1425.096
1357,17,3,2030-07-01 00:00:00,2680.2000000000003
1358,17,3,2031-07-01 00:00:00,2825.352
1359,17,3,2032-07-01 00:00:00,2680.2000000000003
1360,17,3,2033-07-01 00:00:00,2680.2000000000003
1361,17,3,2034-07-01 00:00:00,2825.352
1362,17,3,2035-07-01 00:00:00,2680.2000000000003
1363,17,3,2036-07-01 00:00:00,2605.2
1364,17,3,2037-07-01 00:00:00,2750.3520000000003
1365,17,3,2038-07-01 00:00:00,2605.2
1366,17,3,2039-07-01 00:00:00,2605.2
1367,17,3,2040-07-01 00:00:00,2605.2
1368,17,3,2041-07-01 00:00:00,2605.2
1369,17,3,2042-07-01 00:00:00,2605.2
1370,17,3,2043-07-01 00:00:00,2750.3520000000003
1371,17,3,2044-07-01 00:00:00,2605.2
1372,17,3,2045-07-01 00:00:00,1700.352
1373,17,3,2046-07-01 00:00:00,1555.2
1374,17,3,2047-07-01 00:00:00,1555.2
1375,17,3,2048-07-01 00:00:00,1700.352
1376,17,3,2049-07-01 00:00:00,1555.2
1377,17,3,2050-07-01 00:00:00,1555.2
1378,18,1,2024-07-01 00:00:00,0
1379,18,1,2025-07-01 00:00:00,3556.582483
1380,18,1,2026-07-01 00:00:00,3556.582483
1381,18,1,2027-07-01 00:00:00,3556.5825466
1382,18,1,2028-07-01 00:00:00,3556.58257468
1383,18,1,2029-07-01 00:00:00,6972.536424440001
1384,18,1,2030-07-01 00:00:00,6972.536424440001
1385,18,1,2031-07-01 00:00:00,6972.536424440001
1386,18,1,2032-07-01 00:00:00,6972.536424440001
1387,18,1,2033-07-01 00:00:00,6972.536424440001
1388,18,1,2034-07-01 00:00:00,6972.536424440001
1389,18,1,2035-07-01 00:00:00,6972.536424440001
1390,18,1,2036-07-01 00:00:00,6972.536424440001
1391,18,1,2037-07-01 00:00:00,6972.536424440001
1392,18,1,2038-07-01 00:00:00,6972.536424440001
1393,18,1,2039-07-01 00:00:00,6972.536424440001
1394,18,1,2040-07-01 00:00:00,6972.536424440001
1395,18,1,2041-07-01 00:00:00,6972.536424440001
1396,18,1,2042-07-01 00:00:00,6972.536424440001
1397,18,1,2043-07-01 00:00:00,6972.536424440001
1398,18,1,2044-07-01 00:00:00,6972.536424440001
1399,18,1,2045-07-01 00:00:00,3415.95401508
1400,18,1,2046-07-01 00:00:00,3415.9540258
1401,18,1,2047-07-01 00:00:00,3415.95447288
1402,18,1,2048-07-01 00:00:00,3415.9544448
1403,18,1,2049-07-01 00:00:00,1499.9532475600001
1404,18,1,2050-07-01 00:00:00,1499.9532475600001
1405,18,2,2024-07-01 00:00:00,0
1406,18,2,2025-07-01 00:00:00,2892.7221518
1407,18,2,2026-07-01 00:00:00,2892.7221518
1408,18,2,2027-07-01 00:00:00,2892.72220396
1409,18,2,2028-07-01 00:00:00,2892.72223596
1410,18,2,2029-07-01 00:00:00,6906.067282280001
1411,18,2,2030-07-01 00:00:00,6906.067282280001
1412,18,2,2031-07-01 00:00:00,6906.067282280001
1413,18,2,2032-07-01 00:00:00,6906.067282280001
1414,18,2,2033-07-01 00:00:00,6906.067282280001
1415,18,2,2034-07-01 00:00:00,6906.067282280001
1416,18,2,2035-07-01 00:00:00,6906.067282280001
1417,18,2,2036-07-01 00:00:00,6906.067282280001
1418,18,2,2037-07-01 00:00:00,6906.067282280001
1419,18,2,2038-07-01 00:00:00,6906.067282280001
1420,18,2,2039-07-01 00:00:00,6906.067282280001
1421,18,2,2040-07-01 00:00:00,6906.067282280001
1422,18,2,2041-07-01 00:00:00,6906.067282280001
1423,18,2,2042-07-01 00:00:00,6906.067282280001
1424,18,2,2043-07-01 00:00:00,6906.067282280001
1425,18,2,2044-07-01 00:00:00,6906.067282280001
1426,18,2,2045-07-01 00:00:00,4013.345274720001
1427,18,2,2046-07-01 00:00:00,4013.3452802
1428,18,2,2047-07-01 00:00:00,4013.34522804
1429,18,2,2048-07-01 00:00:00,4013.3452375600004
1430,18,2,2049-07-01 00:00:00,1826.28815592
1431,18,2,2050-07-01 00:00:00,1826.28818156
1432,18,3,2024-07-01 00:00:00,0
1433,18,3,2025-07-01 00:00:00,4885.53692496
1434,18,3,2026-07-01 00:00:00,5666.12599936
1435,18,3,2027-07-01 00:00:00,5666.12616216
1436,18,3,2028-07-01 00:00:00,5666.128024319999
1437,18,3,2029-07-01 00:00:00,5666.128024319999
1438,18,3,2030-07-01 00:00:00,5666.128024319999
1439,18,3,2031-07-01 00:00:00,5666.128080880001
1440,18,3,2032-07-01 00:00:00,5666.128080880001
1441,18,3,2033-07-01 00:00:00,5666.128080880001
1442,18,3,2034-07-01 00:00:00,5666.128080880001
1443,18,3,2035-07-01 00:00:00,5666.128267360001
1444,18,3,2036-07-01 00:00:00,5666.1282768
1445,18,3,2037-07-01 00:00:00,5666.1282768
1446,18,3,2038-07-01 00:00:00,5666.1282768
1447,18,3,2039-07-01 00:00:00,5666.1282768
1448,18,3,2040-07-01 00:00:00,5666.1282768
1449,18,3,2041-07-01 00:00:00,5666.1282768
1450,18,3,2042-07-01 00:00:00,5666.1282768
1451,18,3,2043-07-01 00:00:00,5666.1282768
1452,18,3,2044-07-01 00:00:00,5666.12828856
1453,18,3,2045-07-01 00:00:00,780.59136356
1454,18,3,2046-07-01 00:00:00,674.2223267200001
1455,18,3,2047-07-01 00:00:00,674.22216384
1456,18,3,2048-07-01 00:00:00,674.22088648
1457,18,3,2049-07-01 00:00:00,674.22088648
1458,18,3,2050-07-01 00:00:00,674.2209176800001
1459,19,1,2024-07-01 00:00:00,569.9799999999999
1460,19,1,2025-07-01 00:00:00,587.8
1461,19,1,2026-07-01 00:00:00,587.8
1462,19,1,2027-07-01 00:00:00,587.8
1463,19,1,2028-07-01 00:00:00,587.8
1464,19,1,2029-07-01 00:00:00,589.78
1465,19,1,2030-07-01 00:00:00,587.8
1466,19,1,2031-07-01 00:00:00,589.78
1467,19,1,2032-07-01 00:00:00,587.8
1468,19,1,2033-07-01 00:00:00,587.8
1469,19,1,2034-07-01 00:00:00,589.78
1470,19,1,2035-07-01 00:00:00,587.8
1471,19,1,2036-07-01 00:00:00,587.8
1472,19,1,2037-07-01 00:00:00,589.78
1473,19,1,2038-07-01 00:00:00,589.78
1474,19,1,2039-07-01 00:00:00,587.8
1475,19,1,2040-07-01 00:00:00,587.8
1476,19,1,2041-07-01 00:00:00,587.8
1477,19,1,2042-07-01 00:00:00,567.8
1478,19,1,2043-07-01 00:00:00,519.7799999999999
1479,19,1,2044-07-01 00:00:00,517.8000000000001
1480,19,1,2045-07-01 00:00:00,499.97999999999996
1481,19,1,2046-07-01 00:00:00,498
1482,19,1,2047-07-01 00:00:00,498
1483,19,1,2048-07-01 00:00:00,300
1484,19,1,2049-07-01 00:00:00,300
1485,19,1,2050-07-01 00:00:00,300
1486,19,2,2024-07-01 00:00:00,569.9799999999999
1487,19,2,2025-07-01 00:00:00,587.8
1488,19,2,2026-07-01 00:00:00,587.8
1489,19,2,2027-07-01 00:00:00,587.8
1490,19,2,2028-07-01 00:00:00,587.8
1491,19,2,2029-07-01 00:00:00,589.78
1492,19,2,2030-07-01 00:00:00,587.8
1493,19,2,2031-07-01 00:00:00,589.78
1494,19,2,2032-07-01 00:00:00,587.8
1495,19,2,2033-07-01 00:00:00,587.8
1496,19,2,2034-07-01 00:00:00,589.78
1497,19,2,2035-07-01 00:00:00,587.8
1498,19,2,2036-07-01 00:00:00,587.8
1499,19,2,2037-07-01 00:00:00,589.78
1500,19,2,2038-07-01 00:00:00,587.8
1501,19,2,2039-07-01 00:00:00,587.8
1502,19,2,2040-07-01 00:00:00,587.8
1503,19,2,2041-07-01 00:00:00,587.8
1504,19,2,2042-07-01 00:00:00,567.8
1505,19,2,2043-07-01 00:00:00,519.7799999999999
1506,19,2,2044-07-01 00:00:00,517.8000000000001
1507,19,2,2045-07-01 00:00:00,499.97999999999996
1508,19,2,2046-07-01 00:00:00,498
1509,19,2,2047-07-01 00:00:00,498
1510,19,2,2048-07-01 00:00:00,300
1511,19,2,2049-07-01 00:00:00,300
1512,19,2,2050-07-01 00:00:00,300
1513,19,3,2024-07-01 00:00:00,569.9799999999999
1514,19,3,2025-07-01 00:00:00,587.8
1515,19,3,2026-07-01 00:00:00,587.8
1516,19,3,2027-07-01 00:00:00,587.8
1517,19,3,2028-07-01 00:00:00,587.8
1518,19,3,2029-07-01 00:00:00,589.78
1519,19,3,2030-07-01 00:00:00,587.8
1520,19,3,2031-07-01 00:00:00,589.78
1521,19,3,2032-07-01 00:00:00,587.8
1522,19,3,2033-07-01 00:00:00,587.8
1523,19,3,2034-07-01 00:00:00,589.78
1524,19,3,2035-07-01 00:00:00,587.8
1525,19,3,2036-07-01 00:00:00,587.8
1526,19,3,2037-07-01 00:00:00,589.78
1527,19,3,2038-07-01 00:00:00,587.8
1528,19,3,2039-07-01 00:00:00,587.8
1529,19,3,2040-07-01 00:00:00,587.8
1530,19,3,2041-07-01 00:00:00,587.8
1531,19,3,2042-07-01 00:00:00,567.8
1532,19,3,2043-07-01 00:00:00,519.7799999999999
1533,19,3,2044-07-01 00:00:00,517.8000000000001
1534,19,3,2045-07-01 00:00:00,499.97999999999996
1535,19,3,2046-07-01 00:00:00,498
1536,19,3,2047-07-01 00:00:00,498
1537,19,3,2048-07-01 00:00:00,300
1538,19,3,2049-07-01 00:00:00,300
1539,19,3,2050-07-01 00:00:00,300
1540,20,1,2024-07-01 00:00:00,0
1541,20,1,2025-07-01 00:00:00,400
1542,20,1,2026-07-01 00:00:00,400
1543,20,1,2027-07-01 00:00:00,2000.0000739999998
1544,20,1,2028-07-01 00:00:00,2000.0000955199998
1545,20,1,2029-07-01 00:00:00,2680.6338368
1546,20,1,2030-07-01 00:00:00,2680.6338368
1547,20,1,2031-07-01 00:00:00,2680.6338368
1548,20,1,2032-07-01 00:00:00,2680.6338368
1549,20,1,2033-07-01 00:00:00,2680.6338368
1550,20,1,2034-07-01 00:00:00,2680.6338368
1551,20,1,2035-07-01 00:00:00,2680.6338368
1552,20,1,2036-07-01 00:00:00,2680.6338368
1553,20,1,2037-07-01 00:00:00,2680.6338368
1554,20,1,2038-07-01 00:00:00,2680.6338368
1555,20,1,2039-07-01 00:00:00,2680.6338368
1556,20,1,2040-07-01 00:00:00,2680.6338368
1557,20,1,2041-07-01 00:00:00,2680.6338368
1558,20,1,2042-07-01 00:00:00,2680.6338368
1559,20,1,2043-07-01 00:00:00,2680.6338368
1560,20,1,2044-07-01 00:00:00,2680.6338368
1561,20,1,2045-07-01 00:00:00,2280.6338367999997
1562,20,1,2046-07-01 00:00:00,2280.6338367999997
1563,20,1,2047-07-01 00:00:00,2280.6337628
1564,20,1,2048-07-01 00:00:00,2280.63374128
1565,20,1,2049-07-01 00:00:00,1898.8673872000002
1566,20,1,2050-07-01 00:00:00,1898.8673872000002
1567,20,2,2024-07-01 00:00:00,0
1568,20,2,2025-07-01 00:00:00,400
1569,20,2,2026-07-01 00:00:00,400
1570,20,2,2027-07-01 00:00:00,2000.0001651599998
1571,20,2,2028-07-01 00:00:00,2000.0002228400003
1572,20,2,2029-07-01 00:00:00,2000.0036419600003
1573,20,2,2030-07-01 00:00:00,2000.0036419600003
1574,20,2,2031-07-01 00:00:00,2000.0036628000003
1575,20,2,2032-07-01 00:00:00,2000.0036628000003
1576,20,2,2033-07-01 00:00:00,2000.0036628000003
1577,20,2,2034-07-01 00:00:00,2000.00374524
1578,20,2,2035-07-01 00:00:00,2000.00374524
1579,20,2,2036-07-01 00:00:00,2000.00376188
1580,20,2,2037-07-01 00:00:00,2000.0037815200003
1581,20,2,2038-07-01 00:00:00,2000.0038101999999
1582,20,2,2039-07-01 00:00:00,2000.00381588
1583,20,2,2040-07-01 00:00:00,2000.0038307599998
1584,20,2,2041-07-01 00:00:00,2000.0038624000003
1585,20,2,2042-07-01 00:00:00,2000.0038936800001
1586,20,2,2043-07-01 00:00:00,2000.0040612000003
1587,20,2,2044-07-01 00:00:00,2000.004118
1588,20,2,2045-07-01 00:00:00,1600.0041388000002
1589,20,2,2046-07-01 00:00:00,1600.00416128
1590,20,2,2047-07-01 00:00:00,1600.00402196
1591,20,2,2048-07-01 00:00:00,1600.00404072
1592,20,2,2049-07-01 00:00:00,1600.00181664
1593,20,2,2050-07-01 00:00:00,1600.0018420800002
1594,20,3,2024-07-01 00:00:00,0
1595,20,3,2025-07-01 00:00:00,400
1596,20,3,2026-07-01 00:00:00,400
1597,20,3,2027-07-01 00:00:00,4431.17740964
1598,20,3,2028-07-01 00:00:00,4431.17740964
1599,20,3,2029-07-01 00:00:00,4431.17740964
1600,20,3,2030-07-01 00:00:00,4431.17740964
1601,20,3,2031-07-01 00:00:00,4431.17778636
1602,20,3,2032-07-01 00:00:00,4431.1777918
1603,20,3,2033-07-01 00:00:00,4431.1777918
1604,20,3,2034-07-01 00:00:00,4431.17783836
1605,20,3,2035-07-01 00:00:00,4431.17795904
1606,20,3,2036-07-01 00:00:00,4431.17800232
1607,20,3,2037-07-01 00:00:00,4431.17800232
1608,20,3,2038-07-01 00:00:00,4431.17800232
1609,20,3,2039-07-01 00:00:00,4431.17800232
1610,20,3,2040-07-01 00:00:00,4431.17800232
1611,20,3,2041-07-01 00:00:00,4431.17800232
1612,20,3,2042-07-01 00:00:00,4431.17800232
1613,20,3,2043-07-01 00:00:00,4431.1780112
1614,20,3,2044-07-01 00:00:00,4431.178041040001
1615,20,3,2045-07-01 00:00:00,4031.1780643600005
1616,20,3,2046-07-01 00:00:00,4031.1780643600005
1617,20,3,2047-07-01 00:00:00,2706.3112094
1618,20,3,2048-07-01 00:00:00,2706.3112139600003
1619,20,3,2049-07-01 00:00:00,2706.3112139600003
1620,20,3,2050-07-01 00:00:00,2706.3112139600003
1621,21,1,2024-07-01 00:00:00,0
1622,21,1,2025-07-01 00:00:00,0
1623,21,1,2026-07-01 00:00:00,0
1624,21,1,2027-07-01 00:00:00,0
1625,21,1,2028-07-01 00:00:00,349800.00000317994
1626,21,1,2029-07-01 00:00:00,349800.00000317994
1627,21,1,2030-07-01 00:00:00,349800.00000317994
1628,21,1,2031-07-01 00:00:00,349800.00000317994
1629,21,1,2032-07-01 00:00:00,349800.00000317994
1630,21,1,2033-07-01 00:00:00,349800.00000317994
1631,21,1,2034-07-01 00:00:00,349800.00000317994
1632,21,1,2035-07-01 00:00:00,349800.00000317994
1633,21,1,2036-07-01 00:00:00,349800.00000317994
1634,21,1,2037-07-01 00:00:00,349800.00000317994
1635,21,1,2038-07-01 00:00:00,349800.00000317994
1636,21,1,2039-07-01 00:00:00,349800.00000317994
1637,21,1,2040-07-01 00:00:00,349800.00000317994
1638,21,1,2041-07-01 00:00:00,349800.00000317994
1639,21,1,2042-07-01 00:00:00,349800.00000317994
1640,21,1,2043-07-01 00:00:00,349800.00000317994
1641,21,1,2044-07-01 00:00:00,349800.00000317994
1642,21,1,2045-07-01 00:00:00,349800.00000317994
1643,21,1,2046-07-01 00:00:00,349800.00000317994
1644,21,1,2047-07-01 00:00:00,349800.00000317994
1645,21,1,2048-07-01 00:00:00,349800.00000317994
1646,21,1,2049-07-01 00:00:00,349800.00000317994
1647,21,1,2050-07-01 00:00:00,349800.00000317994
1648,21,2,2024-07-01 00:00:00,0
1649,21,2,2025-07-01 00:00:00,0
1650,21,2,2026-07-01 00:00:00,0
1651,21,2,2027-07-01 00:00:00,0
1652,21,2,2028-07-01 00:00:00,349800.00000317994
1653,21,2,2029-07-01 00:00:00,349800.00000317994
1654,21,2,2030-07-01 00:00:00,349800.00000317994
1655,21,2,2031-07-01 00:00:00,349800.00000317994
1656,21,2,2032-07-01 00:00:00,349800.00000317994
1657,21,2,2033-07-01 00:00:00,349800.00000317994
1658,21,2,2034-07-01 00:00:00,349800.00000317994
1659,21,2,2035-07-01 00:00:00,349800.00000317994
1660,21,2,2036-07-01 00:00:00,349800.00000317994
1661,21,2,2037-07-01 00:00:00,349800.00000317994
1662,21,2,2038-07-01 00:00:00,349800.00000317994
1663,21,2,2039-07-01 00:00:00,349800.00000317994
1664,21,2,2040-07-01 00:00:00,349800.00000317994
1665,21,2,2041-07-01 00:00:00,349800.00000317994
1666,21,2,2042-07-01 00:00:00,349800.00000317994
1667,21,2,2043-07-01 00:00:00,349800.00000317994
1668,21,2,2044-07-01 00:00:00,349800.00000317994
1669,21,2,2045-07-01 00:00:00,349800.00000317994
1670,21,2,2046-07-01 00:00:00,349800.00000317994
1671,21,2,2047-07-01 00:00:00,349800.00000317994
1672,21,2,2048-07-01 00:00:00,349800.00000317994
1673,21,2,2049-07-01 00:00:00,349800.00000317994
1674,21,2,2050-07-01 00:00:00,349800.00000317994
1675,21,3,2024-07-01 00:00:00,0
1676,21,3,2025-07-01 00:00:00,0
1677,21,3,2026-07-01 00:00:00,0
1678,21,3,2027-07-01 00:00:00,0
1679,21,3,2028-07-01 00:00:00,349800.00000317994
1680,21,3,2029-07-01 00:00:00,349800.00000317994
1681,21,3,2030-07-01 00:00:00,349800.00000317994
1682,21,3,2031-07-01 00:00:00,349800.00000317994
1683,21,3,2032-07-01 00:00:00,349800.00000317994
1684,21,3,2033-07-01 00:00:00,349800.00000317994
1685,21,3,2034-07-01 00:00:00,349800.00000317994
1686,21,3,2035-07-01 00:00:00,349800.00000317994
1687,21,3,2036-07-01 00:00:00,349800.00000317994
1688,21,3,2037-07-01 00:00:00,349800.00000317994
1689,21,3,2038-07-01 00:00:00,349800.00000317994
1690,21,3,2039-07-01 00:00:00,349800.00000317994
1691,21,3,2040-07-01 00:00:00,349800.00000317994
1692,21,3,2041-07-01 00:00:00,349800.00000317994
1693,21,3,2042-07-01 00:00:00,349800.00000317994
1694,21,3,2043-07-01 00:00:00,349800.00000317994
1695,21,3,2044-07-01 00:00:00,349800.00000317994
1696,21,3,2045-07-01 00:00:00,349800.00000317994
1697,21,3,2046-07-01 00:00:00,349800.00000317994
1698,21,3,2047-07-01 00:00:00,349800.00000317994
1699,21,3,2048-07-01 00:00:00,349800.00000317994
1700,21,3,2049-07-01 00:00:00,349800.00000317994
1701,21,3,2050-07-01 00:00:00,349800.00000317994
1702,22,1,2024-07-01 00:00:00,710.96
1703,22,1,2025-07-01 00:00:00,4050.979999999999
1704,22,1,2026-07-01 00:00:00,4115.78043245
1705,22,1,2027-07-01 00:00:00,5019.3531876100005
1706,22,1,2028-07-01 00:00:00,5005.05318761
1707,22,1,2029-07-01 00:00:00,5205.46995277
1708,22,1,2030-07-01 00:00:00,5219.36995277
1709,22,1,2031-07-01 00:00:00,5731.0699359400005
1710,22,1,2032-07-01 00:00:00,6367.009916690001
1711,22,1,2033-07-01 00:00:00,6844.94986991
1712,22,1,2034-07-01 00:00:00,8453.82984059
1713,22,1,2035-07-01 00:00:00,8453.82984059
1714,22,1,2036-07-01 00:00:00,8467.029840590001
1715,22,1,2037-07-01 00:00:00,8453.82984059
1716,22,1,2038-07-01 00:00:00,8443.829840590002
1717,22,1,2039-07-01 00:00:00,8443.829840590002
1718,22,1,2040-07-01 00:00:00,8443.829840590002
1719,22,1,2041-07-01 00:00:00,7993.829840590001
1720,22,1,2042-07-01 00:00:00,7993.829840590001
1721,22,1,2043-07-01 00:00:00,7881.329840590001
1722,22,1,2044-07-01 00:00:00,7494.52984059
1723,22,1,2045-07-01 00:00:00,7041.709840590001
1724,22,1,2046-07-01 00:00:00,6264.70940814
1725,22,1,2047-07-01 00:00:00,5659.236652980001
1726,22,1,2048-07-01 00:00:00,5659.236652980001
1727,22,1,2049-07-01 00:00:00,5415.219887820001
1728,22,1,2050-07-01 00:00:00,3813.21988782
1729,22,2,2024-07-01 00:00:00,710.96
1730,22,2,2025-07-01 00:00:00,4050.979999999999
1731,22,2,2026-07-01 00:00:00,4115.780824349999
1732,22,2,2027-07-01 00:00:00,6013.87999925
1733,22,2,2028-07-01 00:00:00,5999.579999250001
1734,22,2,2029-07-01 00:00:00,5989.979999250001
1735,22,2,2030-07-01 00:00:00,6003.879999250001
1736,22,2,2031-07-01 00:00:00,6003.879999250001
1737,22,2,2032-07-01 00:00:00,6378.879999250001
1738,22,2,2033-07-01 00:00:00,6295.119999250001
1739,22,2,2034-07-01 00:00:00,6365.587451710001
1740,22,2,2035-07-01 00:00:00,6365.587451710001
1741,22,2,2036-07-01 00:00:00,6378.787451710001
1742,22,2,2037-07-01 00:00:00,6365.587451710001
1743,22,2,2038-07-01 00:00:00,6355.587451710001
1744,22,2,2039-07-01 00:00:00,6355.587451710001
1745,22,2,2040-07-01 00:00:00,6355.587451710001
1746,22,2,2041-07-01 00:00:00,5905.587451710001
1747,22,2,2042-07-01 00:00:00,5905.587451710001
1748,22,2,2043-07-01 00:00:00,5793.087451710001
1749,22,2,2044-07-01 00:00:00,5406.28745171
1750,22,2,2045-07-01 00:00:00,4953.46745171
1751,22,2,2046-07-01 00:00:00,4176.46662736
1752,22,2,2047-07-01 00:00:00,2595.6240980400003
1753,22,2,2048-07-01 00:00:00,2595.6240980400003
1754,22,2,2049-07-01 00:00:00,2561.62409804
1755,22,2,2050-07-01 00:00:00,959.62409804
1756,22,3,2024-07-01 00:00:00,710.96
1757,22,3,2025-07-01 00:00:00,4050.979999999999
1758,22,3,2026-07-01 00:00:00,4115.78
1759,22,3,2027-07-01 00:00:00,5013.88
1760,22,3,2028-07-01 00:00:00,4999.580000000001
1761,22,3,2029-07-01 00:00:00,4989.980000000001
1762,22,3,2030-07-01 00:00:00,5003.88
1763,22,3,2031-07-01 00:00:00,5003.88
1764,22,3,2032-07-01 00:00:00,5378.88
1765,22,3,2033-07-01 00:00:00,5295.120000000001
1766,22,3,2034-07-01 00:00:00,5295.120000000001
1767,22,3,2035-07-01 00:00:00,5295.120000000001
1768,22,3,2036-07-01 00:00:00,5308.320000000001
1769,22,3,2037-07-01 00:00:00,5295.120000000001
1770,22,3,2038-07-01 00:00:00,5285.120000000001
1771,22,3,2039-07-01 00:00:00,5285.120000000001
1772,22,3,2040-07-01 00:00:00,5285.120000000001
1773,22,3,2041-07-01 00:00:00,4835.120000000001
1774,22,3,2042-07-01 00:00:00,4835.120000000001
1775,22,3,2043-07-01 00:00:00,4722.620000000001
1776,22,3,2044-07-01 00:00:00,4335.82
1777,22,3,2045-07-01 00:00:00,3883
1778,22,3,2046-07-01 00:00:00,3106.0000000000005
1779,22,3,2047-07-01 00:00:00,2506
1780,22,3,2048-07-01 00:00:00,2506
1781,22,3,2049-07-01 00:00:00,2472
1782,22,3,2050-07-01 00:00:00,870
1783,23,1,2024-07-01 00:00:00,0
1784,23,1,2025-07-01 00:00:00,0
1785,23,1,2026-07-01 00:00:00,1400
1786,23,1,2027-07-01 00:00:00,1400.00008404
1787,23,1,2028-07-01 00:00:00,1400.00010768
1788,23,1,2029-07-01 00:00:00,1400.00014888
1789,23,1,2030-07-01 00:00:00,1400.00014888
1790,23,1,2031-07-01 00:00:00,1400.00016104
1791,23,1,2032-07-01 00:00:00,1400.00016868
1792,23,1,2033-07-01 00:00:00,1400.00024064
1793,23,1,2034-07-01 00:00:00,1400.00024064
1794,23,1,2035-07-01 00:00:00,1400.00024064
1795,23,1,2036-07-01 00:00:00,1400.00024064
1796,23,1,2037-07-01 00:00:00,1400.00024064
1797,23,1,2038-07-01 00:00:00,1400.0002482399998
1798,23,1,2039-07-01 00:00:00,1400.00025532
1799,23,1,2040-07-01 00:00:00,1400.0002686399998
1800,23,1,2041-07-01 00:00:00,1400.0002686399998
1801,23,1,2042-07-01 00:00:00,1400.00028708
1802,23,1,2043-07-01 00:00:00,1400.00029512
1803,23,1,2044-07-01 00:00:00,1400.0003276
1804,23,1,2045-07-01 00:00:00,1400.00033388
1805,23,1,2046-07-01 00:00:00,0.00044592
1806,23,1,2047-07-01 00:00:00,0.00141828
1807,23,1,2048-07-01 00:00:00,0.00139464
1808,23,1,2049-07-01 00:00:00,0.00135344
1809,23,1,2050-07-01 00:00:00,0.00135344
1810,23,2,2024-07-01 00:00:00,0
1811,23,2,2025-07-01 00:00:00,0
1812,23,2,2026-07-01 00:00:00,1400
1813,23,2,2027-07-01 00:00:00,1400.0000742799998
1814,23,2,2028-07-01 00:00:00,1400.0001059200001
1815,23,2,2029-07-01 00:00:00,1400.0002325199998
1816,23,2,2030-07-01 00:00:00,1400.0002325199998
1817,23,2,2031-07-01 00:00:00,1400.0002422
1818,23,2,2032-07-01 00:00:00,1400.00024988
1819,23,2,2033-07-01 00:00:00,1400.00024988
1820,23,2,2034-07-01 00:00:00,1400.00163396
1821,23,2,2035-07-01 00:00:00,1400.00163396
1822,23,2,2036-07-01 00:00:00,1400.00163396
1823,23,2,2037-07-01 00:00:00,1400.00163396
1824,23,2,2038-07-01 00:00:00,1400.00164396
1825,23,2,2039-07-01 00:00:00,1400.00164396
1826,23,2,2040-07-01 00:00:00,1400.00164396
1827,23,2,2041-07-01 00:00:00,1400.00164396
1828,23,2,2042-07-01 00:00:00,1400.00164396
1829,23,2,2043-07-01 00:00:00,1400.0017034799998
1830,23,2,2044-07-01 00:00:00,1400.0017078
1831,23,2,2045-07-01 00:00:00,1400.0017143999999
1832,23,2,2046-07-01 00:00:00,0.00172076
1833,23,2,2047-07-01 00:00:00,0.00166468
1834,23,2,2048-07-01 00:00:00,0.00163304
1835,23,2,2049-07-01 00:00:00,0.00150644
1836,23,2,2050-07-01 00:00:00,0.00150644
1837,23,3,2024-07-01 00:00:00,0
1838,23,3,2025-07-01 00:00:00,0
1839,23,3,2026-07-01 00:00:00,1400
1840,23,3,2027-07-01 00:00:00,1400.0011314399999
1841,23,3,2028-07-01 00:00:00,5930.70552088
1842,23,3,2029-07-01 00:00:00,19145.259838799997
1843,23,3,2030-07-01 00:00:00,19145.259838799997
1844,23,3,2031-07-01 00:00:00,19145.259838799997
1845,23,3,2032-07-01 00:00:00,19145.259838799997
1846,23,3,2033-07-01 00:00:00,19145.259838799997
1847,23,3,2034-07-01 00:00:00,19145.259838799997
1848,23,3,2035-07-01 00:00:00,19145.259838799997
1849,23,3,2036-07-01 00:00:00,19145.259838799997
1850,23,3,2037-07-01 00:00:00,19145.259838799997
1851,23,3,2038-07-01 00:00:00,19145.259838799997
1852,23,3,2039-07-01 00:00:00,19145.259838799997
1853,23,3,2040-07-01 00:00:00,19145.259838799997
1854,23,3,2041-07-01 00:00:00,19145.259838799997
1855,23,3,2042-07-01 00:00:00,19145.259838799997
1856,23,3,2043-07-01 00:00:00,19145.259838799997
1857,23,3,2044-07-01 00:00:00,19145.259838799997
1858,23,3,2045-07-01 00:00:00,19145.259838799997
1859,23,3,2046-07-01 00:00:00,17745.2598388
1860,23,3,2047-07-01 00:00:00,17745.25870736
1861,23,3,2048-07-01 00:00:00,13214.55431792
1862,23,3,2049-07-01 00:00:00,6013.35192376
1863,23,3,2050-07-01 00:00:00,6013.35192376
1864,24,1,2024-07-01 00:00:00,0
1865,24,1,2025-07-01 00:00:00,0
1866,24,1,2026-07-01 00:00:00,0
1867,24,1,2027-07-01 00:00:00,0
1868,24,1,2028-07-01 00:00:00,0
1869,24,1,2029-07-01 00:00:00,0
1870,24,1,2030-07-01 00:00:00,0.00023376
1871,24,1,2031-07-01 00:00:00,0.00034872
1872,24,1,2032-07-01 00:00:00,0.00065064
1873,24,1,2033-07-01 00:00:00,0.00109704
1874,24,1,2034-07-01 00:00:00,0.00109704
1875,24,1,2035-07-01 00:00:00,0.00109704
1876,24,1,2036-07-01 00:00:00,0.00109704
1877,24,1,2037-07-01 00:00:00,0.00109704
1878,24,1,2038-07-01 00:00:00,0.00113112
1879,24,1,2039-07-01 00:00:00,0.0011784
1880,24,1,2040-07-01 00:00:00,0.0011784
1881,24,1,2041-07-01 00:00:00,0.0011784
1882,24,1,2042-07-01 00:00:00,0.00122784
1883,24,1,2043-07-01 00:00:00,0.0013905599999999999
1884,24,1,2044-07-01 00:00:00,11536.07292936
1885,24,1,2045-07-01 00:00:00,11536.07292936
1886,24,1,2046-07-01 00:00:00,11536.07292936
1887,24,1,2047-07-01 00:00:00,11536.07292936
1888,24,1,2048-07-01 00:00:00,11536.07292936
1889,24,1,2049-07-01 00:00:00,11726.04311112
1890,24,1,2050-07-01 00:00:00,11726.04311112
1891,24,2,2024-07-01 00:00:00,0
1892,24,2,2025-07-01 00:00:00,0
1893,24,2,2026-07-01 00:00:00,0
1894,24,2,2027-07-01 00:00:00,0
1895,24,2,2028-07-01 00:00:00,0
1896,24,2,2029-07-01 00:00:00,0
1897,24,2,2030-07-01 00:00:00,0.00033864
1898,24,2,2031-07-01 00:00:00,0.00039311999999999995
1899,24,2,2032-07-01 00:00:00,0.00039311999999999995
1900,24,2,2033-07-01 00:00:00,0.00039311999999999995
1901,24,2,2034-07-01 00:00:00,792.53130384
1902,24,2,2035-07-01 00:00:00,792.53130384
1903,24,2,2036-07-01 00:00:00,792.53130384
1904,24,2,2037-07-01 00:00:00,792.53130384
1905,24,2,2038-07-01 00:00:00,792.53130384
1906,24,2,2039-07-01 00:00:00,792.53130384
1907,24,2,2040-07-01 00:00:00,792.53130384
1908,24,2,2041-07-01 00:00:00,792.53130384
1909,24,2,2042-07-01 00:00:00,792.53130384
1910,24,2,2043-07-01 00:00:00,792.53130384
1911,24,2,2044-07-01 00:00:00,792.53130384
1912,24,2,2045-07-01 00:00:00,792.53130384
1913,24,2,2046-07-01 00:00:00,792.53130384
1914,24,2,2047-07-01 00:00:00,792.53130384
1915,24,2,2048-07-01 00:00:00,792.53130384
1916,24,2,2049-07-01 00:00:00,792.53130384
1917,24,2,2050-07-01 00:00:00,792.53130384
1918,24,3,2024-07-01 00:00:00,0
1919,24,3,2025-07-01 00:00:00,0
1920,24,3,2026-07-01 00:00:00,0
1921,24,3,2027-07-01 00:00:00,0
1922,24,3,2028-07-01 00:00:00,0
1923,24,3,2029-07-01 00:00:00,0
1924,24,3,2030-07-01 00:00:00,4759.04400984
1925,24,3,2031-07-01 00:00:00,4759.04400984
1926,24,3,2032-07-01 00:00:00,4759.04400984
1927,24,3,2033-07-01 00:00:00,4759.04400984
1928,24,3,2034-07-01 00:00:00,4759.04400984
1929,24,3,2035-07-01 00:00:00,4759.04400984
1930,24,3,2036-07-01 00:00:00,4759.04400984
1931,24,3,2037-07-01 00:00:00,4759.04400984
1932,24,3,2038-07-01 00:00:00,4759.04400984
1933,24,3,2039-07-01 00:00:00,4759.04400984
1934,24,3,2040-07-01 00:00:00,4759.04400984
1935,24,3,2041-07-01 00:00:00,4759.04400984
1936,24,3,2042-07-01 00:00:00,4759.04400984
1937,24,3,2043-07-01 00:00:00,4759.04400984
1938,24,3,2044-07-01 00:00:00,4759.04400984
1939,24,3,2045-07-01 00:00:00,4759.04400984
1940,24,3,2046-07-01 00:00:00,4759.04400984
1941,24,3,2047-07-01 00:00:00,4759.04400984
1942,24,3,2048-07-01 00:00:00,4759.04400984
1943,24,3,2049-07-01 00:00:00,4759.04400984
1944,24,3,2050-07-01 00:00:00,4759.04400984
1945,25,1,2024-07-01 00:00:00,0
1946,25,1,2025-07-01 00:00:00,0
1947,25,1,2026-07-01 00:00:00,0
1948,25,1,2027-07-01 00:00:00,0.00007472
1949,25,1,2028-07-01 00:00:00,0.00008468
1950,25,1,2029-07-01 00:00:00,0.00009428
1951,25,1,2030-07-01 00:00:00,0.00009428
1952,25,1,2031-07-01 00:00:00,0.00009428
1953,25,1,2032-07-01 00:00:00,0.00010232
1954,25,1,2033-07-01 00:00:00,0.00011132
1955,25,1,2034-07-01 00:00:00,0.00011132
1956,25,1,2035-07-01 00:00:00,0.00011132
1957,25,1,2036-07-01 00:00:00,0.0001234
1958,25,1,2037-07-01 00:00:00,0.00016872
1959,25,1,2038-07-01 00:00:00,0.00018032
1960,25,1,2039-07-01 00:00:00,0.00018032
1961,25,1,2040-07-01 00:00:00,0.00018568
1962,25,1,2041-07-01 00:00:00,0.00018568
1963,25,1,2042-07-01 00:00:00,0.00018568
1964,25,1,2043-07-01 00:00:00,0.00019932
1965,25,1,2044-07-01 00:00:00,0.00024352
1966,25,1,2045-07-01 00:00:00,0.00024772
1967,25,1,2046-07-01 00:00:00,0.00025532
1968,25,1,2047-07-01 00:00:00,0.00025756
1969,25,1,2048-07-01 00:00:00,0.0002476
1970,25,1,2049-07-01 00:00:00,0.00023796
1971,25,1,2050-07-01 00:00:00,0.00023796
1972,25,2,2024-07-01 00:00:00,0
1973,25,2,2025-07-01 00:00:00,0
1974,25,2,2026-07-01 00:00:00,0
1975,25,2,2027-07-01 00:00:00,0.00005016
1976,25,2,2028-07-01 00:00:00,0.00006508
1977,25,2,2029-07-01 00:00:00,0.0001166
1978,25,2,2030-07-01 00:00:00,0.0001166
1979,25,2,2031-07-01 00:00:00,0.0001302
1980,25,2,2032-07-01 00:00:00,0.00014392
1981,25,2,2033-07-01 00:00:00,0.00014804
1982,25,2,2034-07-01 00:00:00,0.00016144
1983,25,2,2035-07-01 00:00:00,0.00016144
1984,25,2,2036-07-01 00:00:00,0.00017248
1985,25,2,2037-07-01 00:00:00,0.00018268
1986,25,2,2038-07-01 00:00:00,0.00019924
1987,25,2,2039-07-01 00:00:00,0.00020416
1988,25,2,2040-07-01 00:00:00,0.0002092
1989,25,2,2041-07-01 00:00:00,0.0002092
1990,25,2,2042-07-01 00:00:00,0.00021364
1991,25,2,2043-07-01 00:00:00,0.00024016
1992,25,2,2044-07-01 00:00:00,0.00032016
1993,25,2,2045-07-01 00:00:00,0.00033316
1994,25,2,2046-07-01 00:00:00,0.00033316
1995,25,2,2047-07-01 00:00:00,0.000283
1996,25,2,2048-07-01 00:00:00,0.00026808
1997,25,2,2049-07-01 00:00:00,0.0002206
1998,25,2,2050-07-01 00:00:00,0.00023188
1999,25,3,2024-07-01 00:00:00,0
2000,25,3,2025-07-01 00:00:00,0
2001,25,3,2026-07-01 00:00:00,0
2002,25,3,2027-07-01 00:00:00,0.00004368
2003,25,3,2028-07-01 00:00:00,0.00006016000000000001
2004,25,3,2029-07-01 00:00:00,0.00012524
2005,25,3,2030-07-01 00:00:00,0.00012524
2006,25,3,2031-07-01 00:00:00,0.00048652000000000005
2007,25,3,2032-07-01 00:00:00,0.00048652000000000005
2008,25,3,2033-07-01 00:00:00,0.00049072
2009,25,3,2034-07-01 00:00:00,0.000538
2010,25,3,2035-07-01 00:00:00,0.00056376
2011,25,3,2036-07-01 00:00:00,0.0006182
2012,25,3,2037-07-01 00:00:00,0.0008752
2013,25,3,2038-07-01 00:00:00,0.0008752
2014,25,3,2039-07-01 00:00:00,0.0008752
2015,25,3,2040-07-01 00:00:00,0.0008752
2016,25,3,2041-07-01 00:00:00,0.0008752
2017,25,3,2042-07-01 00:00:00,0.0008752
2018,25,3,2043-07-01 00:00:00,0.0008752
2019,25,3,2044-07-01 00:00:00,0.00090432
2020,25,3,2045-07-01 00:00:00,0.0009144
2021,25,3,2046-07-01 00:00:00,0.0009144
2022,25,3,2047-07-01 00:00:00,0.00087072
2023,25,3,2048-07-01 00:00:00,0.00085424
2024,25,3,2049-07-01 00:00:00,0.00079436
2025,25,3,2050-07-01 00:00:00,0.00082292
2026,26,1,2024-07-01 00:00:00,0
2027,26,1,2025-07-01 00:00:00,0
2028,26,1,2026-07-01 00:00:00,0
2029,26,1,2027-07-01 00:00:00,0
2030,26,1,2028-07-01 00:00:00,0
2031,26,1,2029-07-01 00:00:00,0
2032,26,1,2030-07-01 00:00:00,0.0008912399999999998
2033,26,1,2031-07-01 00:00:00,0.00106696
2034,26,1,2032-07-01 00:00:00,0.0014062799999999998
2035,26,1,2033-07-01 00:00:00,0.0014062799999999998
2036,26,1,2034-07-01 00:00:00,0.0014062799999999998
2037,26,1,2035-07-01 00:00:00,0.0014062799999999998
2038,26,1,2036-07-01 00:00:00,268.35274671999997
2039,26,1,2037-07-01 00:00:00,2559.21249952
2040,26,1,2038-07-01 00:00:00,2559.2126023200003
2041,26,1,2039-07-01 00:00:00,2559.2127121200006
2042,26,1,2040-07-01 00:00:00,2559.2129675200003
2043,26,1,2041-07-01 00:00:00,2559.2129675200003
2044,26,1,2042-07-01 00:00:00,8303.846051240002
2045,26,1,2043-07-01 00:00:00,19504.365250960003
2046,26,1,2044-07-01 00:00:00,28840.35887536
2047,26,1,2045-07-01 00:00:00,28840.35887536
2048,26,1,2046-07-01 00:00:00,28840.35887536
2049,26,1,2047-07-01 00:00:00,28840.35887536
2050,26,1,2048-07-01 00:00:00,28840.35887536
2051,26,1,2049-07-01 00:00:00,28840.35887536
2052,26,1,2050-07-01 00:00:00,28840.35887536
2053,26,2,2024-07-01 00:00:00,0
2054,26,2,2025-07-01 00:00:00,0
2055,26,2,2026-07-01 00:00:00,0
2056,26,2,2027-07-01 00:00:00,0
2057,26,2,2028-07-01 00:00:00,0
2058,26,2,2029-07-01 00:00:00,0
2059,26,2,2030-07-01 00:00:00,0.00266444
2060,26,2,2031-07-01 00:00:00,0.0029506
2061,26,2,2032-07-01 00:00:00,0.00613448
2062,26,2,2033-07-01 00:00:00,0.00613448
2063,26,2,2034-07-01 00:00:00,5671.002935
2064,26,2,2035-07-01 00:00:00,5671.002935
2065,26,2,2036-07-01 00:00:00,5671.002935
2066,26,2,2037-07-01 00:00:00,21443.079488479998
2067,26,2,2038-07-01 00:00:00,21443.079488479998
2068,26,2,2039-07-01 00:00:00,21443.079488479998
2069,26,2,2040-07-01 00:00:00,21443.079488479998
2070,26,2,2041-07-01 00:00:00,21443.079488479998
2071,26,2,2042-07-01 00:00:00,21443.079488479998
2072,26,2,2043-07-01 00:00:00,21443.079488479998
2073,26,2,2044-07-01 00:00:00,32807.999761119994
2074,26,2,2045-07-01 00:00:00,32807.999761119994
2075,26,2,2046-07-01 00:00:00,32807.999761119994
2076,26,2,2047-07-01 00:00:00,32807.999761119994
2077,26,2,2048-07-01 00:00:00,32807.999761119994
2078,26,2,2049-07-01 00:00:00,32807.999761119994
2079,26,2,2050-07-01 00:00:00,32807.999761119994
2080,26,3,2024-07-01 00:00:00,0
2081,26,3,2025-07-01 00:00:00,0
2082,26,3,2026-07-01 00:00:00,0
2083,26,3,2027-07-01 00:00:00,0
2084,26,3,2028-07-01 00:00:00,0
2085,26,3,2029-07-01 00:00:00,0
2086,26,3,2030-07-01 00:00:00,7349.1115082
2087,26,3,2031-07-01 00:00:00,7349.1117448
2088,26,3,2032-07-01 00:00:00,7349.1117448
2089,26,3,2033-07-01 00:00:00,7349.1117448
2090,26,3,2034-07-01 00:00:00,7349.1117448
2091,26,3,2035-07-01 00:00:00,7349.1117448
2092,26,3,2036-07-01 00:00:00,7349.1117448
2093,26,3,2037-07-01 00:00:00,29328.17391948
2094,26,3,2038-07-01 00:00:00,29328.17391948
2095,26,3,2039-07-01 00:00:00,29328.17391948
2096,26,3,2040-07-01 00:00:00,29328.17391948
2097,26,3,2041-07-01 00:00:00,29328.17391948
2098,26,3,2042-07-01 00:00:00,29328.17391948
2099,26,3,2043-07-01 00:00:00,29328.17391948
2100,26,3,2044-07-01 00:00:00,32807.9999984
2101,26,3,2045-07-01 00:00:00,32807.9999984
2102,26,3,2046-07-01 00:00:00,32807.9999984
2103,26,3,2047-07-01 00:00:00,32807.9999984
2104,26,3,2048-07-01 00:00:00,32807.9999984
2105,26,3,2049-07-01 00:00:00,32807.9999984
2106,26,3,2050-07-01 00:00:00,32807.9999984
2107,27,1,2024-07-01 00:00:00,880.8199999999999
2108,27,1,2025-07-01 00:00:00,1537.3799999999997
2109,27,1,2026-07-01 00:00:00,2155.8391855699997
2110,27,1,2027-07-01 00:00:00,3387.9910180800007
2111,27,1,2028-07-01 00:00:00,3400.0310180800006
2112,27,1,2029-07-01 00:00:00,3387.9910180800007
2113,27,1,2030-07-01 00:00:00,3380.1910180800005
2114,27,1,2031-07-01 00:00:00,3380.1910180800005
2115,27,1,2032-07-01 00:00:00,3380.1910180800005
2116,27,1,2033-07-01 00:00:00,3380.1910180800005
2117,27,1,2034-07-01 00:00:00,3380.1910180800005
2118,27,1,2035-07-01 00:00:00,3380.1910180800005
2119,27,1,2036-07-01 00:00:00,3380.1910180800005
2120,27,1,2037-07-01 00:00:00,3380.1910180800005
2121,27,1,2038-07-01 00:00:00,3380.1910180800005
2122,27,1,2039-07-01 00:00:00,3380.1910180800005
2123,27,1,2040-07-01 00:00:00,3380.1910180800005
2124,27,1,2041-07-01 00:00:00,3354.8710180800003
2125,27,1,2042-07-01 00:00:00,3366.9110180800008
2126,27,1,2043-07-01 00:00:00,3104.17101808
2127,27,1,2044-07-01 00:00:00,2716.21101808
2128,27,1,2045-07-01 00:00:00,2402.2110180800005
2129,27,1,2046-07-01 00:00:00,1783.7518325199999
2130,27,1,2047-07-01 00:00:00,656.0857796800001
2131,27,1,2048-07-01 00:00:00,573.08577968
2132,27,1,2049-07-01 00:00:00,284.48577968
2133,27,1,2050-07-01 00:00:00,284.48577968
2134,27,2,2024-07-01 00:00:00,880.8199999999999
2135,27,2,2025-07-01 00:00:00,1537.3799999999997
2136,27,2,2026-07-01 00:00:00,1537.3799999999997
2137,27,2,2027-07-01 00:00:00,1537.3799999999997
2138,27,2,2028-07-01 00:00:00,1549.4199999999998
2139,27,2,2029-07-01 00:00:00,1537.3799999999997
2140,27,2,2030-07-01 00:00:00,1529.5799999999997
2141,27,2,2031-07-01 00:00:00,1529.5799999999997
2142,27,2,2032-07-01 00:00:00,1529.5799999999997
2143,27,2,2033-07-01 00:00:00,1529.5799999999997
2144,27,2,2034-07-01 00:00:00,1529.5799999999997
2145,27,2,2035-07-01 00:00:00,1529.5799999999997
2146,27,2,2036-07-01 00:00:00,1529.5799999999997
2147,27,2,2037-07-01 00:00:00,1529.5799999999997
2148,27,2,2038-07-01 00:00:00,1529.5799999999997
2149,27,2,2039-07-01 00:00:00,1529.5799999999997
2150,27,2,2040-07-01 00:00:00,1529.5799999999997
2151,27,2,2041-07-01 00:00:00,1504.2599999999998
2152,27,2,2042-07-01 00:00:00,1516.2999999999997
2153,27,2,2043-07-01 00:00:00,1253.5599999999997
2154,27,2,2044-07-01 00:00:00,865.5999999999999
2155,27,2,2045-07-01 00:00:00,551.6000000000001
2156,27,2,2046-07-01 00:00:00,551.6000000000001
2157,27,2,2047-07-01 00:00:00,551.6000000000001
2158,27,2,2048-07-01 00:00:00,468.6
2159,27,2,2049-07-01 00:00:00,180
2160,27,2,2050-07-01 00:00:00,180
2161,27,3,2024-07-01 00:00:00,880.8199999999999
2162,27,3,2025-07-01 00:00:00,1537.3799999999997
2163,27,3,2026-07-01 00:00:00,1537.3799999999997
2164,27,3,2027-07-01 00:00:00,1537.3799999999997
2165,27,3,2028-07-01 00:00:00,1549.4199999999998
2166,27,3,2029-07-01 00:00:00,1537.3799999999997
2167,27,3,2030-07-01 00:00:00,1529.5799999999997
2168,27,3,2031-07-01 00:00:00,1529.5799999999997
2169,27,3,2032-07-01 00:00:00,1529.5799999999997
2170,27,3,2033-07-01 00:00:00,1529.5799999999997
2171,27,3,2034-07-01 00:00:00,1529.5799999999997
2172,27,3,2035-07-01 00:00:00,1529.5799999999997
2173,27,3,2036-07-01 00:00:00,1529.5799999999997
2174,27,3,2037-07-01 00:00:00,1529.5799999999997
2175,27,3,2038-07-01 00:00:00,1529.5799999999997
2176,27,3,2039-07-01 00:00:00,1529.5799999999997
2177,27,3,2040-07-01 00:00:00,1529.5799999999997
2178,27,3,2041-07-01 00:00:00,1504.2599999999998
2179,27,3,2042-07-01 00:00:00,1516.2999999999997
2180,27,3,2043-07-01 00:00:00,1253.5599999999997
2181,27,3,2044-07-01 00:00:00,865.5999999999999
2182,27,3,2045-07-01 00:00:00,551.6000000000001
2183,27,3,2046-07-01 00:00:00,551.6000000000001
2184,27,3,2047-07-01 00:00:00,551.6000000000001
2185,27,3,2048-07-01 00:00:00,468.6
2186,27,3,2049-07-01 00:00:00,180
2187,27,3,2050-07-01 00:00:00,180
2188,28,1,2024-07-01 00:00:00,0
2189,28,1,2025-07-01 00:00:00,0
2190,28,1,2026-07-01 00:00:00,0
2191,28,1,2027-07-01 00:00:00,0.00009
2192,28,1,2028-07-01 00:00:00,0.00011496
2193,28,1,2029-07-01 00:00:00,0.0001536
2194,28,1,2030-07-01 00:00:00,0.0001536
2195,28,1,2031-07-01 00:00:00,0.00015876
2196,28,1,2032-07-01 00:00:00,0.00015876
2197,28,1,2033-07-01 00:00:00,0.00016964
2198,28,1,2034-07-01 00:00:00,0.00016964
2199,28,1,2035-07-01 00:00:00,0.00016964
2200,28,1,2036-07-01 00:00:00,0.00016964
2201,28,1,2037-07-01 00:00:00,0.00018696
2202,28,1,2038-07-01 00:00:00,0.00021672
2203,28,1,2039-07-01 00:00:00,0.00021672
2204,28,1,2040-07-01 00:00:00,0.00021672
2205,28,1,2041-07-01 00:00:00,0.00021672
2206,28,1,2042-07-01 00:00:00,0.00021672
2207,28,1,2043-07-01 00:00:00,0.00021672
2208,28,1,2044-07-01 00:00:00,0.000418
2209,28,1,2045-07-01 00:00:00,0.00042972
2210,28,1,2046-07-01 00:00:00,0.00049
2211,28,1,2047-07-01 00:00:00,4291.45693524
2212,28,1,2048-07-01 00:00:00,4291.45691028
2213,28,1,2049-07-01 00:00:00,6121.4192014
2214,28,1,2050-07-01 00:00:00,6121.4192014
2215,28,2,2024-07-01 00:00:00,0
2216,28,2,2025-07-01 00:00:00,0
2217,28,2,2026-07-01 00:00:00,0
2218,28,2,2027-07-01 00:00:00,0.00016392
2219,28,2,2028-07-01 00:00:00,0.00022024000000000002
2220,28,2,2029-07-01 00:00:00,0.00072496
2221,28,2,2030-07-01 00:00:00,0.00072496
2222,28,2,2031-07-01 00:00:00,0.00075348
2223,28,2,2032-07-01 00:00:00,0.0008294000000000001
2224,28,2,2033-07-01 00:00:00,0.0008294000000000001
2225,28,2,2034-07-01 00:00:00,0.00092936
2226,28,2,2035-07-01 00:00:00,0.0010262399999999999
2227,28,2,2036-07-01 00:00:00,0.0010262399999999999
2228,28,2,2037-07-01 00:00:00,0.0010262399999999999
2229,28,2,2038-07-01 00:00:00,0.00106056
2230,28,2,2039-07-01 00:00:00,0.00106056
2231,28,2,2040-07-01 00:00:00,0.00107
2232,28,2,2041-07-01 00:00:00,0.00110116
2233,28,2,2042-07-01 00:00:00,0.0011240000000000002
2234,28,2,2043-07-01 00:00:00,0.0011981999999999997
2235,28,2,2044-07-01 00:00:00,1786.06560448
2236,28,2,2045-07-01 00:00:00,1786.06562088
2237,28,2,2046-07-01 00:00:00,1786.06562088
2238,28,2,2047-07-01 00:00:00,1786.0655074000001
2239,28,2,2048-07-01 00:00:00,1786.06550888
2240,28,2,2049-07-01 00:00:00,1786.0650719599998
2241,28,2,2050-07-01 00:00:00,1786.0650719599998
2242,28,3,2024-07-01 00:00:00,0
2243,28,3,2025-07-01 00:00:00,0
2244,28,3,2026-07-01 00:00:00,0
2245,28,3,2027-07-01 00:00:00,3511.4965024
2246,28,3,2028-07-01 00:00:00,3511.4965024
2247,28,3,2029-07-01 00:00:00,3511.4965024
2248,28,3,2030-07-01 00:00:00,3511.4965024
2249,28,3,2031-07-01 00:00:00,3511.49652224
2250,28,3,2032-07-01 00:00:00,3511.49652224
2251,28,3,2033-07-01 00:00:00,3511.49652224
2252,28,3,2034-07-01 00:00:00,3511.49652224
2253,28,3,2035-07-01 00:00:00,3511.49652224
2254,28,3,2036-07-01 00:00:00,3511.49652224
2255,28,3,2037-07-01 00:00:00,14120.15991592
2256,28,3,2038-07-01 00:00:00,14120.15991592
2257,28,3,2039-07-01 00:00:00,14120.15991592
2258,28,3,2040-07-01 00:00:00,14120.15991592
2259,28,3,2041-07-01 00:00:00,14120.15991592
2260,28,3,2042-07-01 00:00:00,14120.15991592
2261,28,3,2043-07-01 00:00:00,14120.15991592
2262,28,3,2044-07-01 00:00:00,24571.1681628
2263,28,3,2045-07-01 00:00:00,24571.1681628
2264,28,3,2046-07-01 00:00:00,24571.1681628
2265,28,3,2047-07-01 00:00:00,21059.67166048
2266,28,3,2048-07-01 00:00:00,21059.67166048
2267,28,3,2049-07-01 00:00:00,21059.67166048
2268,28,3,2050-07-01 00:00:00,21059.67166048
2269,29,1,2024-07-01 00:00:00,50
2270,29,1,2025-07-01 00:00:00,50
2271,29,1,2026-07-01 00:00:00,50
2272,29,1,2027-07-01 00:00:00,50
2273,29,1,2028-07-01 00:00:00,50
2274,29,1,2029-07-01 00:00:00,50
2275,29,1,2030-07-01 00:00:00,50
2276,29,1,2031-07-01 00:00:00,50
2277,29,1,2032-07-01 00:00:00,50
2278,29,1,2033-07-01 00:00:00,50
2279,29,1,2034-07-01 00:00:00,0
2280,29,1,2035-07-01 00:00:00,0
2281,29,1,2036-07-01 00:00:00,0
2282,29,1,2037-07-01 00:00:00,0
2283,29,1,2038-07-01 00:00:00,0
2284,29,1,2039-07-01 00:00:00,0
2285,29,1,2040-07-01 00:00:00,0
2286,29,1,2041-07-01 00:00:00,0
2287,29,1,2042-07-01 00:00:00,0
2288,29,1,2043-07-01 00:00:00,0
2289,29,1,2044-07-01 00:00:00,0
2290,29,1,2045-07-01 00:00:00,0
2291,29,1,2046-07-01 00:00:00,0
2292,29,1,2047-07-01 00:00:00,0
2293,29,1,2048-07-01 00:00:00,0
2294,29,1,2049-07-01 00:00:00,0
2295,29,1,2050-07-01 00:00:00,0
2296,29,2,2024-07-01 00:00:00,50
2297,29,2,2025-07-01 00:00:00,50
2298,29,2,2026-07-01 00:00:00,50
2299,29,2,2027-07-01 00:00:00,50
2300,29,2,2028-07-01 00:00:00,50
2301,29,2,2029-07-01 00:00:00,50
2302,29,2,2030-07-01 00:00:00,50
2303,29,2,2031-07-01 00:00:00,50
2304,29,2,2032-07-01 00:00:00,50
2305,29,2,2033-07-01 00:00:00,50
2306,29,2,2034-07-01 00:00:00,0
2307,29,2,2035-07-01 00:00:00,0
2308,29,2,2036-07-01 00:00:00,0
2309,29,2,2037-07-01 00:00:00,0
2310,29,2,2038-07-01 00:00:00,0
2311,29,2,2039-07-01 00:00:00,0
2312,29,2,2040-07-01 00:00:00,0
2313,29,2,2041-07-01 00:00:00,0
2314,29,2,2042-07-01 00:00:00,0
2315,29,2,2043-07-01 00:00:00,0
2316,29,2,2044-07-01 00:00:00,0
2317,29,2,2045-07-01 00:00:00,0
2318,29,2,2046-07-01 00:00:00,0
2319,29,2,2047-07-01 00:00:00,0
2320,29,2,2048-07-01 00:00:00,0
2321,29,2,2049-07-01 00:00:00,0
2322,29,2,2050-07-01 00:00:00,0
2323,29,3,2024-07-01 00:00:00,50
2324,29,3,2025-07-01 00:00:00,50
2325,29,3,2026-07-01 00:00:00,50
2326,29,3,2027-07-01 00:00:00,50
2327,29,3,2028-07-01 00:00:00,50
2328,29,3,2029-07-01 00:00:00,50
2329,29,3,2030-07-01 00:00:00,50
2330,29,3,2031-07-01 00:00:00,50
2331,29,3,2032-07-01 00:00:00,50
2332,29,3,2033-07-01 00:00:00,50
2333,29,3,2034-07-01 00:00:00,0
2334,29,3,2035-07-01 00:00:00,0
2335,29,3,2036-07-01 00:00:00,0
2336,29,3,2037-07-01 00:00:00,0
2337,29,3,2038-07-01 00:00:00,0
2338,29,3,2039-07-01 00:00:00,0
2339,29,3,2040-07-01 00:00:00,0
2340,29,3,2041-07-01 00:00:00,0
2341,29,3,2042-07-01 00:00:00,0
2342,29,3,2043-07-01 00:00:00,0
2343,29,3,2044-07-01 00:00:00,0
2344,29,3,2045-07-01 00:00:00,0
2345,29,3,2046-07-01 00:00:00,0
2346,29,3,2047-07-01 00:00:00,0
2347,29,3,2048-07-01 00:00:00,0
2348,29,3,2049-07-01 00:00:00,0
2349,29,3,2050-07-01 00:00:00,0
2350,30,1,2024-07-01 00:00:00,0
2351,30,1,2025-07-01 00:00:00,0
2352,30,1,2026-07-01 00:00:00,0
2353,30,1,2027-07-01 00:00:00,0.0000874
2354,30,1,2028-07-01 00:00:00,0.00011224
2355,30,1,2029-07-01 00:00:00,0.00014692
2356,30,1,2030-07-01 00:00:00,0.00014692
2357,30,1,2031-07-01 00:00:00,0.00014692
2358,30,1,2032-07-01 00:00:00,0.00015452
2359,30,1,2033-07-01 00:00:00,0.00016068
2360,30,1,2034-07-01 00:00:00,0.00016068
2361,30,1,2035-07-01 00:00:00,0.00016068
2362,30,1,2036-07-01 00:00:00,0.00017264
2363,30,1,2037-07-01 00:00:00,0.00027252
2364,30,1,2038-07-01 00:00:00,0.00029632
2365,30,1,2039-07-01 00:00:00,0.00029632
2366,30,1,2040-07-01 00:00:00,0.00029632
2367,30,1,2041-07-01 00:00:00,0.00029632
2368,30,1,2042-07-01 00:00:00,0.00029632
2369,30,1,2043-07-01 00:00:00,0.00030044
2370,30,1,2044-07-01 00:00:00,0.00035288
2371,30,1,2045-07-01 00:00:00,0.0003652
2372,30,1,2046-07-01 00:00:00,0.00038764
2373,30,1,2047-07-01 00:00:00,181.56297824
2374,30,1,2048-07-01 00:00:00,181.5629534
2375,30,1,2049-07-01 00:00:00,181.56291872
2376,30,1,2050-07-01 00:00:00,181.56291872
2377,30,2,2024-07-01 00:00:00,0
2378,30,2,2025-07-01 00:00:00,0
2379,30,2,2026-07-01 00:00:00,0
2380,30,2,2027-07-01 00:00:00,0.00008232
2381,30,2,2028-07-01 00:00:00,0.00011472
2382,30,2,2029-07-01 00:00:00,0.00033372
2383,30,2,2030-07-01 00:00:00,0.00033372
2384,30,2,2031-07-01 00:00:00,0.00034388
2385,30,2,2032-07-01 00:00:00,0.00036592
2386,30,2,2033-07-01 00:00:00,0.00036592
2387,30,2,2034-07-01 00:00:00,0.00038696
2388,30,2,2035-07-01 00:00:00,0.0004282
2389,30,2,2036-07-01 00:00:00,0.00048316000000000006
2390,30,2,2037-07-01 00:00:00,0.00053824
2391,30,2,2038-07-01 00:00:00,0.00054648
2392,30,2,2039-07-01 00:00:00,0.00054648
2393,30,2,2040-07-01 00:00:00,0.00055788
2394,30,2,2041-07-01 00:00:00,0.00056772
2395,30,2,2042-07-01 00:00:00,0.00059008
2396,30,2,2043-07-01 00:00:00,0.00063376
2397,30,2,2044-07-01 00:00:00,0.00069748
2398,30,2,2045-07-01 00:00:00,0.00071772
2399,30,2,2046-07-01 00:00:00,0.00071772
2400,30,2,2047-07-01 00:00:00,0.00070552
2401,30,2,2048-07-01 00:00:00,0.00067312
2402,30,2,2049-07-01 00:00:00,0.00047028
2403,30,2,2050-07-01 00:00:00,0.00047028
2404,30,3,2024-07-01 00:00:00,0
2405,30,3,2025-07-01 00:00:00,0
2406,30,3,2026-07-01 00:00:00,0
2407,30,3,2027-07-01 00:00:00,0.00075288
2408,30,3,2028-07-01 00:00:00,0.00075288
2409,30,3,2029-07-01 00:00:00,0.00075288
2410,30,3,2030-07-01 00:00:00,0.00075288
2411,30,3,2031-07-01 00:00:00,0.00115064
2412,30,3,2032-07-01 00:00:00,0.00115064
2413,30,3,2033-07-01 00:00:00,0.00115064
2414,30,3,2034-07-01 00:00:00,0.00152256
2415,30,3,2035-07-01 00:00:00,0.00162712
2416,30,3,2036-07-01 00:00:00,0.0019394399999999997
2417,30,3,2037-07-01 00:00:00,0.00242088
2418,30,3,2038-07-01 00:00:00,0.00242088
2419,30,3,2039-07-01 00:00:00,0.00242088
2420,30,3,2040-07-01 00:00:00,0.00242088
2421,30,3,2041-07-01 00:00:00,0.00242088
2422,30,3,2042-07-01 00:00:00,0.00242088
2423,30,3,2043-07-01 00:00:00,0.00243384
2424,30,3,2044-07-01 00:00:00,174.76360248
2425,30,3,2045-07-01 00:00:00,174.76360248
2426,30,3,2046-07-01 00:00:00,174.76360248
2427,30,3,2047-07-01 00:00:00,174.7628496
2428,30,3,2048-07-01 00:00:00,174.7628496
2429,30,3,2049-07-01 00:00:00,174.7628496
2430,30,3,2050-07-01 00:00:00,174.7628496
2431,31,1,2025-07-01 00:00:00,3.18571102
2432,32,1,2025-07-01 00:00:00,2.94999974
2433,33,1,2025-07-01 00:00:00,0.17577442
2434,34,1,2025-07-01 00:00:00,15.709892820000002
2435,35,1,2025-07-01 00:00:00,7.38082864
2436,36,1,2025-07-01 00:00:00,3.10901326
2437,37,1,2025-07-01 00:00:00,29.6342111
2438,38,1,2025-07-01 00:00:00,6.29385946
2439,39,1,2025-07-01 00:00:00,41.437352
2440,40,1,2025-07-01 00:00:00,2.37944
2441,41,1,2025-07-01 00:00:00,139.14791384
2442,42,1,2025-07-01 00:00:00,5.00616616
2443,31,1,2026-01-01 00:00:00,3.18571102
2444,32,1,2026-01-01 00:00:00,2.94999974
2445,33,1,2026-01-01 00:00:00,0.17577442
2446,34,1,2026-01-01 00:00:00,15.709892820000002
2447,35,1,2026-01-01 00:00:00,7.38082864
2448,36,1,2026-01-01 00:00:00,3.10901326
2449,37,1,2026-01-01 00:00:00,29.6342111
2450,38,1,2026-01-01 00:00:00,6.29385946
2451,39,1,2026-01-01 00:00:00,41.437352
2452,40,1,2026-01-01 00:00:00,2.37944
2453,41,1,2026-01-01 00:00:00,139.14791384
2454,42,1,2026-01-01 00:00:00,5.00616616
2455,31,2,2025-07-01 00:00:00,50.88248216
2456,32,2,2025-07-01 00:00:00,47.52076656
2457,33,2,2025-07-01 00:00:00,2.8851281
2458,34,2,2025-07-01 00:00:00,265.3664636
2459,35,2,2025-07-01 00:00:00,93.64722916
2460,36,2,2025-07-01 00:00:00,40.4301895
2461,37,2,2025-07-01 00:00:00,403.2352248
2462,38,2,2025-07-01 00:00:00,84.28269646
2463,39,2,2025-07-01 00:00:00,451.2681
2464,40,2,2025-07-01 00:00:00,12.5346326
2465,41,2,2025-07-01 00:00:00,268.3527146
2466,42,2,2025-07-01 00:00:00,9.87406532
2467,31,2,2026-01-01 00:00:00,50.88248216
2468,32,2,2026-01-01 00:00:00,47.52076656
2469,33,2,2026-01-01 00:00:00,2.8851281
2470,34,2,2026-01-01 00:00:00,265.3664636
2471,35,2,2026-01-01 00:00:00,93.64722916
2472,36,2,2026-01-01 00:00:00,40.4301895
2473,37,2,2026-01-01 00:00:00,403.2352248
2474,38,2,2026-01-01 00:00:00,84.28269646
2475,39,2,2026-01-01 00:00:00,451.2681
2476,40,2,2026-01-01 00:00:00,12.5346326
2477,41,2,2026-01-01 00:00:00,268.3527146
2478,42,2,2026-01-01 00:00:00,9.87406532
2479,31,3,2025-07-01 00:00:00,43.7494626
2480,32,3,2025-07-01 00:00:00,40.80021134
2481,33,3,2025-07-01 00:00:00,2.45032694
2482,34,3,2025-07-01 00:00:00,227.3965194
2483,35,3,2025-07-01 00:00:00,79.78338202
2484,36,3,2025-07-01 00:00:00,34.09166348
2485,37,3,2025-07-01 00:00:00,339.955611
2486,38,3,2025-07-01 00:00:00,70.36800352
2487,39,3,2025-07-01 00:00:00,412.06424
2488,40,3,2025-07-01 00:00:00,11.793315
2489,41,3,2025-07-01 00:00:00,275.8603998
2490,42,3,2025-07-01 00:00:00,10.08320028
2491,31,3,2026-01-01 00:00:00,43.7494626
2492,32,3,2026-01-01 00:00:00,40.80021134
2493,33,3,2026-01-01 00:00:00,2.45032694
2494,34,3,2026-01-01 00:00:00,227.3965194
2495,35,3,2026-01-01 00:00:00,79.78338202
2496,36,3,2026-01-01 00:00:00,34.09166348
2497,37,3,2026-01-01 00:00:00,339.955611
2498,38,3,2026-01-01 00:00:00,70.36800352
2499,39,3,2026-01-01 00:00:00,412.06424
2500,40,3,2026-01-01 00:00:00,11.793315
2501,41,3,2026-01-01 00:00:00,275.8603998
2502,42,3,2026-01-01 00:00:00,10.08320028
2503,31,1,2030-07-01 00:00:00,12.58715875
2504,32,1,2030-07-01 00:00:00,12.662673475
2505,33,1,2030-07-01 00:00:00,0.924296245
2506,34,1,2030-07-01 00:00:00,75.43013975
2507,35,1,2030-07-01 00:00:00,24.6833593
2508,36,1,2030-07-01 00:00:00,12.326918915
2509,37,1,2030-07-01 00:00:00,120.00731112
2510,38,1,2030-07-01 00:00:00,21.379189304999997
2511,39,1,2030-07-01 00:00:00,169.279606025
2512,40,1,2030-07-01 00:00:00,7.693957445
2513,41,1,2030-07-01 00:00:00,231.64919286999998
2514,42,1,2030-07-01 00:00:00,8.722713835000002
2515,31,1,2031-01-01 00:00:00,12.58715875
2516,32,1,2031-01-01 00:00:00,12.662673475
2517,33,1,2031-01-01 00:00:00,0.924296245
2518,34,1,2031-01-01 00:00:00,75.43013975
2519,35,1,2031-01-01 00:00:00,24.6833593
2520,36,1,2031-01-01 00:00:00,12.326918915
2521,37,1,2031-01-01 00:00:00,120.00731112
2522,38,1,2031-01-01 00:00:00,21.379189304999997
2523,39,1,2031-01-01 00:00:00,169.279606025
2524,40,1,2031-01-01 00:00:00,7.693957445
2525,41,1,2031-01-01 00:00:00,231.64919286999998
2526,42,1,2031-01-01 00:00:00,8.722713835000002
2527,31,2,2030-07-01 00:00:00,321.454937575
2528,32,2,2030-07-01 00:00:00,314.72154020500005
2529,33,2,2030-07-01 00:00:00,20.622238125000003
2530,34,2,2030-07-01 00:00:00,1845.4892593
2531,35,2,2030-07-01 00:00:00,566.08411874
2532,36,2,2030-07-01 00:00:00,263.72427980000003
2533,37,2,2030-07-01 00:00:00,2538.5401477100004
2534,38,2,2030-07-01 00:00:00,532.35720595
2535,39,2,2030-07-01 00:00:00,2542.68833826
2536,40,2,2030-07-01 00:00:00,117.18491174500001
2537,41,2,2030-07-01 00:00:00,1067.6818016
2538,42,2,2030-07-01 00:00:00,40.89666779
2539,31,2,2031-01-01 00:00:00,321.454937575
2540,32,2,2031-01-01 00:00:00,314.72154020500005
2541,33,2,2031-01-01 00:00:00,20.622238125000003
2542,34,2,2031-01-01 00:00:00,1845.4892593
2543,35,2,2031-01-01 00:00:00,566.08411874
2544,36,2,2031-01-01 00:00:00,263.72427980000003
2545,37,2,2031-01-01 00:00:00,2538.5401477100004
2546,38,2,2031-01-01 00:00:00,532.35720595
2547,39,2,2031-01-01 00:00:00,2542.68833826
2548,40,2,2031-01-01 00:00:00,117.18491174500001
2549,41,2,2031-01-01 00:00:00,1067.6818016
2550,42,2,2031-01-01 00:00:00,40.89666779
2551,31,3,2030-07-01 00:00:00,476.521166655
2552,32,3,2030-07-01 00:00:00,492.50032144
2553,33,3,2030-07-01 00:00:00,36.913844895
2554,34,3,2030-07-01 00:00:00,2979.5818606499997
2555,35,3,2030-07-01 00:00:00,785.9020695749998
2556,36,3,2030-07-01 00:00:00,406.817753305
2557,37,3,2030-07-01 00:00:00,3909.1817731
2558,38,3,2030-07-01 00:00:00,771.949267005
2559,39,3,2030-07-01 00:00:00,4272.86469645
2560,40,3,2030-07-01 00:00:00,233.52559847
2561,41,3,2030-07-01 00:00:00,1520.305279385
2562,42,3,2030-07-01 00:00:00,61.364724065000004
2563,31,3,2031-01-01 00:00:00,476.521166655
2564,32,3,2031-01-01 00:00:00,492.50032144
2565,33,3,2031-01-01 00:00:00,36.913844895
2566,34,3,2031-01-01 00:00:00,2979.5818606499997
2567,35,3,2031-01-01 00:00:00,785.9020695749998
2568,36,3,2031-01-01 00:00:00,406.817753305
2569,37,3,2031-01-01 00:00:00,3909.1817731
2570,38,3,2031-01-01 00:00:00,771.949267005
2571,39,3,2031-01-01 00:00:00,4272.86469645
2572,40,3,2031-01-01 00:00:00,233.52559847
2573,41,3,2031-01-01 00:00:00,1520.305279385
2574,42,3,2031-01-01 00:00:00,61.364724065000004
2575,31,1,2035-07-01 00:00:00,72.79178192500001
2576,32,1,2035-07-01 00:00:00,82.25386805000001
2577,33,1,2035-07-01 00:00:00,7.381275765
2578,34,1,2035-07-01 00:00:00,523.289864875
2579,35,1,2035-07-01 00:00:00,128.770252405
2580,36,1,2035-07-01 00:00:00,79.76600407500001
2581,37,1,2035-07-01 00:00:00,760.2948324149999
2582,38,1,2035-07-01 00:00:00,109.922983095
2583,39,1,2035-07-01 00:00:00,945.86122449
2584,40,1,2035-07-01 00:00:00,34.85184979
2585,41,1,2035-07-01 00:00:00,483.97015766000004
2586,42,1,2035-07-01 00:00:00,19.981727040000003
2587,31,1,2036-01-01 00:00:00,72.79178192500001
2588,32,1,2036-01-01 00:00:00,82.25386805000001
2589,33,1,2036-01-01 00:00:00,7.381275765
2590,34,1,2036-01-01 00:00:00,523.289864875
2591,35,1,2036-01-01 00:00:00,128.770252405
2592,36,1,2036-01-01 00:00:00,79.76600407500001
2593,37,1,2036-01-01 00:00:00,760.2948324149999
2594,38,1,2036-01-01 00:00:00,109.922983095
2595,39,1,2036-01-01 00:00:00,945.86122449
2596,40,1,2036-01-01 00:00:00,34.85184979
2597,41,1,2036-01-01 00:00:00,483.97015766000004
2598,42,1,2036-01-01 00:00:00,19.981727040000003
2599,31,2,2035-07-01 00:00:00,926.338173425
2600,32,2,2035-07-01 00:00:00,970.387394945
2601,33,2,2035-07-01 00:00:00,72.72073362500001
2602,34,2,2035-07-01 00:00:00,5859.497971149999
2603,35,2,2035-07-01 00:00:00,1593.33809215
2604,36,2,2035-07-01 00:00:00,848.0347665599999
2605,37,2,2035-07-01 00:00:00,7767.002929449999
2606,38,2,2035-07-01 00:00:00,1539.3696971150002
2607,39,2,2035-07-01 00:00:00,8233.76391175
2608,40,2,2035-07-01 00:00:00,491.327451365
2609,41,2,2035-07-01 00:00:00,2810.67828657
2610,42,2,2035-07-01 00:00:00,115.40636627
2611,31,2,2036-01-01 00:00:00,926.338173425
2612,32,2,2036-01-01 00:00:00,970.387394945
2613,33,2,2036-01-01 00:00:00,72.72073362500001
2614,34,2,2036-01-01 00:00:00,5859.497971149999
2615,35,2,2036-01-01 00:00:00,1593.33809215
2616,36,2,2036-01-01 00:00:00,848.0347665599999
2617,37,2,2036-01-01 00:00:00,7767.002929449999
2618,38,2,2036-01-01 00:00:00,1539.3696971150002
2619,39,2,2036-01-01 00:00:00,8233.76391175
2620,40,2,2036-01-01 00:00:00,491.327451365
2621,41,2,2036-01-01 00:00:00,2810.67828657
2622,42,2,2036-01-01 00:00:00,115.40636627
2623,31,3,2035-07-01 00:00:00,1413.746980805
2624,32,3,2035-07-01 00:00:00,1536.693929395
2625,33,3,2035-07-01 00:00:00,124.34671363999999
2626,34,3,2035-07-01 00:00:00,9515.6849199
2627,35,3,2035-07-01 00:00:00,2317.2129768
2628,36,3,2035-07-01 00:00:00,1341.3750743250002
2629,37,3,2035-07-01 00:00:00,12268.297658950001
2630,38,3,2035-07-01 00:00:00,2316.6054822
2631,39,3,2035-07-01 00:00:00,13613.25005545
2632,40,3,2035-07-01 00:00:00,917.485385115
2633,41,3,2035-07-01 00:00:00,4107.7604995500005
2634,42,3,2035-07-01 00:00:00,178.81476648
2635,31,3,2036-01-01 00:00:00,1413.746980805
2636,32,3,2036-01-01 00:00:00,1536.693929395
2637,33,3,2036-01-01 00:00:00,124.34671363999999
2638,34,3,2036-01-01 00:00:00,9515.6849199
2639,35,3,2036-01-01 00:00:00,2317.2129768
2640,36,3,2036-01-01 00:00:00,1341.3750743250002
2641,37,3,2036-01-01 00:00:00,12268.297658950001
2642,38,3,2036-01-01 00:00:00,2316.6054822
2643,39,3,2036-01-01 00:00:00,13613.25005545
2644,40,3,2036-01-01 00:00:00,917.485385115
2645,41,3,2036-01-01 00:00:00,4107.7604995500005
2646,42,3,2036-01-01 00:00:00,178.81476648
2647,31,1,2040-07-01 00:00:00,206.651323455
2648,32,1,2040-07-01 00:00:00,239.00702766499998
2649,33,1,2040-07-01 00:00:00,22.120295985000002
2650,34,1,2040-07-01 00:00:00,1526.1665518099999
2651,35,1,2040-07-01 00:00:00,353.92592694
2652,36,1,2040-07-01 00:00:00,228.79592264000001
2653,37,1,2040-07-01 00:00:00,2159.6272324
2654,38,1,2040-07-01 00:00:00,325.85987719499997
2655,39,1,2040-07-01 00:00:00,2648.2951798
2656,40,1,2040-07-01 00:00:00,117.96354261000002
2657,41,1,2040-07-01 00:00:00,946.887986335
2658,42,1,2040-07-01 00:00:00,41.41346942
2659,31,1,2041-01-01 00:00:00,206.651323455
2660,32,1,2041-01-01 00:00:00,239.00702766499998
2661,33,1,2041-01-01 00:00:00,22.120295985000002
2662,34,1,2041-01-01 00:00:00,1526.1665518099999
2663,35,1,2041-01-01 00:00:00,353.92592694
2664,36,1,2041-01-01 00:00:00,228.79592264000001
2665,37,1,2041-01-01 00:00:00,2159.6272324
2666,38,1,2041-01-01 00:00:00,325.85987719499997
2667,39,1,2041-01-01 00:00:00,2648.2951798
2668,40,1,2041-01-01 00:00:00,117.96354261000002
2669,41,1,2041-01-01 00:00:00,946.887986335
2670,42,1,2041-01-01 00:00:00,41.41346942
2671,31,2,2040-07-01 00:00:00,1786.0353779700001
2672,32,2,2040-07-01 00:00:00,1935.4533625000001
2673,33,2,2040-07-01 00:00:00,154.861213305
2674,34,2,2040-07-01 00:00:00,11910.059757899999
2675,35,2,2040-07-01 00:00:00,3023.71555395
2676,36,2,2040-07-01 00:00:00,1723.4091192350002
2677,37,2,2040-07-01 00:00:00,15500.69884385
2678,38,2,2040-07-01 00:00:00,3002.52692855
2679,39,2,2040-07-01 00:00:00,17295.863085
2680,40,2,2040-07-01 00:00:00,1200.07817454
2681,41,2,2040-07-01 00:00:00,5257.12758555
2682,42,2,2040-07-01 00:00:00,226.475031215
2683,31,2,2041-01-01 00:00:00,1786.0353779700001
2684,32,2,2041-01-01 00:00:00,1935.4533625000001
2685,33,2,2041-01-01 00:00:00,154.861213305
2686,34,2,2041-01-01 00:00:00,11910.059757899999
2687,35,2,2041-01-01 00:00:00,3023.71555395
2688,36,2,2041-01-01 00:00:00,1723.4091192350002
2689,37,2,2041-01-01 00:00:00,15500.69884385
2690,38,2,2041-01-01 00:00:00,3002.52692855
2691,39,2,2041-01-01 00:00:00,17295.863085
2692,40,2,2041-01-01 00:00:00,1200.07817454
2693,41,2,2041-01-01 00:00:00,5257.12758555
2694,42,2,2041-01-01 00:00:00,226.475031215
2695,31,3,2040-07-01 00:00:00,2731.8711034999997
2696,32,3,2040-07-01 00:00:00,3042.1995512
2697,33,3,2040-07-01 00:00:00,257.144421035
2698,34,3,2040-07-01 00:00:00,19024.3234935
2699,35,3,2040-07-01 00:00:00,4442.74732395
2700,36,3,2040-07-01 00:00:00,2708.9984111
2701,37,3,2040-07-01 00:00:00,24370.7246045
2702,38,3,2040-07-01 00:00:00,4481.817301599999
2703,39,3,2040-07-01 00:00:00,27857.108069500002
2704,40,3,2040-07-01 00:00:00,2030.1369200499998
2705,41,3,2040-07-01 00:00:00,7722.16559465
2706,42,3,2040-07-01 00:00:00,351.112222945
2707,31,3,2041-01-01 00:00:00,2731.8711034999997
2708,32,3,2041-01-01 00:00:00,3042.1995512
2709,33,3,2041-01-01 00:00:00,257.144421035
2710,34,3,2041-01-01 00:00:00,19024.3234935
2711,35,3,2041-01-01 00:00:00,4442.74732395
2712,36,3,2041-01-01 00:00:00,2708.9984111
2713,37,3,2041-01-01 00:00:00,24370.7246045
2714,38,3,2041-01-01 00:00:00,4481.817301599999
2715,39,3,2041-01-01 00:00:00,27857.108069500002
2716,40,3,2041-01-01 00:00:00,2030.1369200499998
2717,41,3,2041-01-01 00:00:00,7722.16559465
2718,42,3,2041-01-01 00:00:00,351.112222945
2719,31,1,2050-07-01 00:00:00,691.904563675
2720,32,1,2050-07-01 00:00:00,810.8491007949999
2721,33,1,2050-07-01 00:00:00,76.1882591
2722,34,1,2050-07-01 00:00:00,5173.47967255
2723,35,1,2050-07-01 00:00:00,1142.77417158
2724,36,1,2050-07-01 00:00:00,756.61379909
2725,37,1,2050-07-01 00:00:00,7082.8880518000005
2726,38,1,2050-07-01 00:00:00,1173.91128083
2727,39,1,2050-07-01 00:00:00,8738.254885049999
2728,40,1,2050-07-01 00:00:00,484.40219716
2729,41,1,2050-07-01 00:00:00,2407.9072681999996
2730,42,1,2050-07-01 00:00:00,110.68361041499999
2731,31,1,2051-01-01 00:00:00,691.904563675
2732,32,1,2051-01-01 00:00:00,810.8491007949999
2733,33,1,2051-01-01 00:00:00,76.1882591
2734,34,1,2051-01-01 00:00:00,5173.47967255
2735,35,1,2051-01-01 00:00:00,1142.77417158
2736,36,1,2051-01-01 00:00:00,756.61379909
2737,37,1,2051-01-01 00:00:00,7082.8880518000005
2738,38,1,2051-01-01 00:00:00,1173.91128083
2739,39,1,2051-01-01 00:00:00,8738.254885049999
2740,40,1,2051-01-01 00:00:00,484.40219716
2741,41,1,2051-01-01 00:00:00,2407.9072681999996
2742,42,1,2051-01-01 00:00:00,110.68361041499999
2743,31,2,2050-07-01 00:00:00,4008.6025999500007
2744,32,2,2050-07-01 00:00:00,4478.9091157
2745,33,2,2050-07-01 00:00:00,378.92001862
2746,34,2,2050-07-01 00:00:00,27993.281398
2747,35,2,2050-07-01 00:00:00,6495.1188732
2748,36,2,2050-07-01 00:00:00,3976.89326815
2749,37,2,2050-07-01 00:00:00,35209.7675475
2750,38,2,2050-07-01 00:00:00,6676.7071261500005
2751,39,2,2050-07-01 00:00:00,41818.0391575
2752,40,2,2050-07-01 00:00:00,3191.4136512499995
2753,41,2,2050-07-01 00:00:00,11134.747934250001
2754,42,2,2050-07-01 00:00:00,505.85605656
2755,31,2,2051-01-01 00:00:00,4008.6025999500007
2756,32,2,2051-01-01 00:00:00,4478.9091157
2757,33,2,2051-01-01 00:00:00,378.92001862
2758,34,2,2051-01-01 00:00:00,27993.281398
2759,35,2,2051-01-01 00:00:00,6495.1188732
2760,36,2,2051-01-01 00:00:00,3976.89326815
2761,37,2,2051-01-01 00:00:00,35209.7675475
2762,38,2,2051-01-01 00:00:00,6676.7071261500005
2763,39,2,2051-01-01 00:00:00,41818.0391575
2764,40,2,2051-01-01 00:00:00,3191.4136512499995
2765,41,2,2051-01-01 00:00:00,11134.747934250001
2766,42,2,2051-01-01 00:00:00,505.85605656
2767,31,3,2050-07-01 00:00:00,5389.49776475
2768,32,3,2050-07-01 00:00:00,6106.118785899999
2769,33,3,2050-07-01 00:00:00,531.33575576
2770,34,3,2050-07-01 00:00:00,38358.1046355
2771,35,3,2050-07-01 00:00:00,8622.835794499999
2772,36,3,2050-07-01 00:00:00,5491.777122750001
2773,37,3,2050-07-01 00:00:00,48511.6282585
2774,38,3,2050-07-01 00:00:00,8852.63334665
2775,39,3,2050-07-01 00:00:00,58394.53006700001
2776,40,3,2050-07-01 00:00:00,4209.3494959
2777,41,3,2050-07-01 00:00:00,14676.718846499998
2778,42,3,2050-07-01 00:00:00,691.26805373
2779,31,3,2051-01-01 00:00:00,5389.49776475
2780,32,3,2051-01-01 00:00:00,6106.118785899999
2781,33,3,2051-01-01 00:00:00,531.33575576
2782,34,3,2051-01-01 00:00:00,38358.1046355
2783,35,3,2051-01-01 00:00:00,8622.835794499999
2784,36,3,2051-01-01 00:00:00,5491.777122750001
2785,37,3,2051-01-01 00:00:00,48511.6282585
2786,38,3,2051-01-01 00:00:00,8852.63334665
2787,39,3,2051-01-01 00:00:00,58394.53006700001
2788,40,3,2051-01-01 00:00:00,4209.3494959
2789,41,3,2051-01-01 00:00:00,14676.718846499998
2790,42,3,2051-01-01 00:00:00,691.26805373
