id,gen_id,scenario,date,value
1,1,1,2022-07-01 00:00:00,3.027038022500866
2,1,1,2023-07-01 00:00:00,3.086632264388906
3,1,1,2024-07-01 00:00:00,3.6399398428900365
4,1,1,2025-07-01 00:00:00,3.092586207417244
5,1,1,2026-07-01 00:00:00,4.001765226017565
6,1,1,2027-07-01 00:00:00,3.980560145662808
7,1,1,2028-07-01 00:00:00,3.964097810191439
8,1,1,2029-07-01 00:00:00,3.949914716105771
9,1,1,2030-07-01 00:00:00,3.924777825342761
10,1,1,2031-07-01 00:00:00,3.898094613792389
11,1,1,2032-07-01 00:00:00,3.8700568526629806
12,1,1,2033-07-01 00:00:00,3.8409946365070926
13,1,1,2034-07-01 00:00:00,3.8110807400250737
14,1,1,2035-07-01 00:00:00,3.7800300341799082
15,1,1,2036-07-01 00:00:00,3.7480620027979885
16,1,1,2037-07-01 00:00:00,3.714914587427232
17,1,1,2038-07-01 00:00:00,3.6807629222912035
18,1,1,2039-07-01 00:00:00,3.6713559493417907
19,1,1,2040-07-01 00:00:00,3.6477056129520307
20,1,1,2041-07-01 00:00:00,3.6097924028936736
21,1,1,2042-07-01 00:00:00,3.5711866785568263
22,1,1,2043-07-01 00:00:00,3.53199042487506
23,1,1,2044-07-01 00:00:00,3.5224035788500854
24,1,1,2045-07-01 00:00:00,3.5224035788500854
25,1,1,2046-07-01 00:00:00,3.5224035788500854
26,1,1,2047-07-01 00:00:00,3.5224035788500854
27,1,1,2048-07-01 00:00:00,3.5224035788500854
28,1,1,2049-07-01 00:00:00,3.5224035788500854
29,1,1,2050-07-01 00:00:00,3.5224035788500854
30,1,1,2051-07-01 00:00:00,3.5224035788500854
31,1,1,2052-07-01 00:00:00,3.5224035788500854
32,1,1,2053-07-01 00:00:00,3.5224035788500854
33,1,2,2022-07-01 00:00:00,2.8541390780996974
34,1,2,2023-07-01 00:00:00,2.817339033619593
35,1,2,2024-07-01 00:00:00,3.058033615829145
36,1,2,2025-07-01 00:00:00,2.9606084576054355
37,1,2,2026-07-01 00:00:00,3.797215576983037
38,1,2,2027-07-01 00:00:00,3.7765327335994305
39,1,2,2028-07-01 00:00:00,3.7564818914235762
40,1,2,2029-07-01 00:00:00,3.7421005605662807
41,1,2,2030-07-01 00:00:00,3.66586454609211
42,1,2,2031-07-01 00:00:00,3.473274343474184
43,1,2,2032-07-01 00:00:00,3.2693303996241836
44,1,2,2033-07-01 00:00:00,3.0909351020056945
45,1,2,2034-07-01 00:00:00,2.9965020062403003
46,1,2,2035-07-01 00:00:00,2.938328878447045
47,1,2,2036-07-01 00:00:00,2.850258173140467
48,1,2,2037-07-01 00:00:00,2.762698518916764
49,1,2,2038-07-01 00:00:00,2.675668086359904
50,1,2,2039-07-01 00:00:00,2.6186683273403912
51,1,2,2040-07-01 00:00:00,2.590186113097488
52,1,2,2041-07-01 00:00:00,2.590186113097488
53,1,2,2042-07-01 00:00:00,2.590186113097488
54,1,2,2043-07-01 00:00:00,2.590186113097488
55,1,2,2044-07-01 00:00:00,2.590186113097488
56,1,2,2045-07-01 00:00:00,2.590186113097488
57,1,2,2046-07-01 00:00:00,2.590186113097488
58,1,2,2047-07-01 00:00:00,2.590186113097488
59,1,2,2048-07-01 00:00:00,2.590186113097488
60,1,2,2049-07-01 00:00:00,2.590186113097488
61,1,2,2050-07-01 00:00:00,2.590186113097488
62,1,2,2051-07-01 00:00:00,2.590186113097488
63,1,2,2052-07-01 00:00:00,2.590186113097488
64,1,2,2053-07-01 00:00:00,2.590186113097488
65,1,3,2022-07-01 00:00:00,2.8541390780996974
66,1,3,2023-07-01 00:00:00,2.817339033619593
67,1,3,2024-07-01 00:00:00,3.026064266032574
68,1,3,2025-07-01 00:00:00,2.697446866017004
69,1,3,2026-07-01 00:00:00,3.1892448550007515
70,1,3,2027-07-01 00:00:00,3.146359359644122
71,1,3,2028-07-01 00:00:00,3.123470994152286
72,1,3,2029-07-01 00:00:00,3.1116083135879458
73,1,3,2030-07-01 00:00:00,3.0924942056213127
74,1,3,2031-07-01 00:00:00,3.0739462183118533
75,1,3,2032-07-01 00:00:00,3.0530244007318172
76,1,3,2033-07-01 00:00:00,3.0244410099949954
77,1,3,2034-07-01 00:00:00,2.9965020062403003
78,1,3,2035-07-01 00:00:00,2.938328878447045
79,1,3,2036-07-01 00:00:00,2.850258173140467
80,1,3,2037-07-01 00:00:00,2.762698518916764
81,1,3,2038-07-01 00:00:00,2.675668086359904
82,1,3,2039-07-01 00:00:00,2.6186683273403912
83,1,3,2040-07-01 00:00:00,2.590186113097488
84,1,3,2041-07-01 00:00:00,2.590186113097488
85,1,3,2042-07-01 00:00:00,2.590186113097488
86,1,3,2043-07-01 00:00:00,2.590186113097488
87,1,3,2044-07-01 00:00:00,2.590186113097488
88,1,3,2045-07-01 00:00:00,2.590186113097488
89,1,3,2046-07-01 00:00:00,2.590186113097488
90,1,3,2047-07-01 00:00:00,2.590186113097488
91,1,3,2048-07-01 00:00:00,2.590186113097488
92,1,3,2049-07-01 00:00:00,2.590186113097488
93,1,3,2050-07-01 00:00:00,2.590186113097488
94,1,3,2051-07-01 00:00:00,2.590186113097488
95,1,3,2052-07-01 00:00:00,2.590186113097488
96,1,3,2053-07-01 00:00:00,2.590186113097488
97,2,1,2022-07-01 00:00:00,4.025171412162635
98,2,1,2023-07-01 00:00:00,2.709973970718388
99,2,1,2024-07-01 00:00:00,2.8886953581712804
100,2,1,2025-07-01 00:00:00,2.686862696643593
101,2,1,2026-07-01 00:00:00,2.6719858302195485
102,2,1,2027-07-01 00:00:00,2.668250384334402
103,2,1,2028-07-01 00:00:00,2.665461683505053
104,2,1,2029-07-01 00:00:00,2.661492110394362
105,2,1,2030-07-01 00:00:00,2.6570169836589432
106,2,1,2031-07-01 00:00:00,2.652245089446921
107,2,1,2032-07-01 00:00:00,2.647192419715368
108,2,1,2033-07-01 00:00:00,2.6416233086874046
109,2,1,2034-07-01 00:00:00,2.6355488093514383
110,2,1,2035-07-01 00:00:00,2.6292300201672214
111,2,1,2036-07-01 00:00:00,2.6226804729979554
112,2,1,2037-07-01 00:00:00,2.615917707522425
113,2,1,2038-07-01 00:00:00,2.6089562207193886
114,2,1,2039-07-01 00:00:00,2.6018142655178305
115,2,1,2040-07-01 00:00:00,2.5945045643896782
116,2,1,2041-07-01 00:00:00,2.5870406711812417
117,2,1,2042-07-01 00:00:00,2.5794404441563854
118,2,1,2043-07-01 00:00:00,2.5717239608725597
119,2,1,2044-07-01 00:00:00,2.570321884067967
120,2,1,2045-07-01 00:00:00,2.570321884067967
121,2,1,2046-07-01 00:00:00,2.570321884067967
122,2,1,2047-07-01 00:00:00,2.570321884067967
123,2,1,2048-07-01 00:00:00,2.570321884067967
124,2,1,2049-07-01 00:00:00,2.570321884067967
125,2,1,2050-07-01 00:00:00,2.570321884067967
126,2,1,2051-07-01 00:00:00,2.570321884067967
127,2,1,2052-07-01 00:00:00,2.570321884067967
128,2,1,2053-07-01 00:00:00,2.570321884067967
129,2,2,2022-07-01 00:00:00,3.722532103950298
130,2,2,2023-07-01 00:00:00,2.709636253212776
131,2,2,2024-07-01 00:00:00,2.6714642701123616
132,2,2,2025-07-01 00:00:00,2.642515930002965
133,2,2,2026-07-01 00:00:00,2.634978362660213
134,2,2,2027-07-01 00:00:00,2.63132633320006
135,2,2,2028-07-01 00:00:00,2.6278011001665944
136,2,2,2029-07-01 00:00:00,2.623682633125733
137,2,2,2030-07-01 00:00:00,2.609059102337218
138,2,2,2031-07-01 00:00:00,2.5711289929967327
139,2,2,2032-07-01 00:00:00,2.5314212327397327
140,2,2,2033-07-01 00:00:00,2.498090583814731
141,2,2,2034-07-01 00:00:00,2.469985046606099
142,2,2,2035-07-01 00:00:00,2.44707342486411
143,2,2,2036-07-01 00:00:00,2.4286001531843597
144,2,2,2037-07-01 00:00:00,2.4136811229425295
145,2,2,2038-07-01 00:00:00,2.4016764896814675
146,2,2,2039-07-01 00:00:00,2.3920978321865336
147,2,2,2040-07-01 00:00:00,2.3843463336407207
148,2,2,2041-07-01 00:00:00,2.3771991811453805
149,2,2,2042-07-01 00:00:00,2.3703927347830156
150,2,2,2043-07-01 00:00:00,2.363912247400769
151,2,2,2044-07-01 00:00:00,2.3577430247234634
152,2,2,2045-07-01 00:00:00,2.357085365415755
153,2,2,2046-07-01 00:00:00,2.357085365415755
154,2,2,2047-07-01 00:00:00,2.357085365415755
155,2,2,2048-07-01 00:00:00,2.357085365415755
156,2,2,2049-07-01 00:00:00,2.357085365415755
157,2,2,2050-07-01 00:00:00,2.357085365415755
158,2,2,2051-07-01 00:00:00,2.357085365415755
159,2,2,2052-07-01 00:00:00,2.357085365415755
160,2,2,2053-07-01 00:00:00,2.357085365415755
161,2,3,2022-07-01 00:00:00,3.680585768816216
162,2,3,2023-07-01 00:00:00,2.7164056446239777
163,2,3,2024-07-01 00:00:00,2.649032380339043
164,2,3,2025-07-01 00:00:00,2.531240913581157
165,2,3,2026-07-01 00:00:00,2.4696085155800906
166,2,3,2027-07-01 00:00:00,2.4380875368845154
167,2,3,2028-07-01 00:00:00,2.4226965442416843
168,2,3,2029-07-01 00:00:00,2.4125075141237065
169,2,3,2030-07-01 00:00:00,2.4053061066213424
170,2,3,2031-07-01 00:00:00,2.4006715083220005
171,2,3,2032-07-01 00:00:00,2.3972687509695083
172,2,3,2033-07-01 00:00:00,2.3936933780623693
173,2,3,2034-07-01 00:00:00,2.389911574324331
174,2,3,2035-07-01 00:00:00,2.386173728254881
175,2,3,2036-07-01 00:00:00,2.3824810260782057
176,2,3,2037-07-01 00:00:00,2.3788349029058367
177,2,3,2038-07-01 00:00:00,2.375236725408959
178,2,3,2039-07-01 00:00:00,2.371690201801174
179,2,3,2040-07-01 00:00:00,2.3682733547333097
180,2,3,2041-07-01 00:00:00,2.3650554350308512
181,2,3,2042-07-01 00:00:00,2.3620281350395937
182,2,3,2043-07-01 00:00:00,2.359181228001524
183,2,3,2044-07-01 00:00:00,2.357085365415755
184,2,3,2045-07-01 00:00:00,2.357085365415755
185,2,3,2046-07-01 00:00:00,2.357085365415755
186,2,3,2047-07-01 00:00:00,2.357085365415755
187,2,3,2048-07-01 00:00:00,2.357085365415755
188,2,3,2049-07-01 00:00:00,2.357085365415755
189,2,3,2050-07-01 00:00:00,2.357085365415755
190,2,3,2051-07-01 00:00:00,2.357085365415755
191,2,3,2052-07-01 00:00:00,2.357085365415755
192,2,3,2053-07-01 00:00:00,2.357085365415755
289,4,1,2022-07-01 00:00:00,10.663317465992495
290,4,1,2023-07-01 00:00:00,4.136251398672268
291,4,1,2024-07-01 00:00:00,5.026129692606379
292,4,1,2025-07-01 00:00:00,4.0446436375446595
293,4,1,2026-07-01 00:00:00,3.962070749072584
294,4,1,2027-07-01 00:00:00,3.933485507105767
295,4,1,2028-07-01 00:00:00,3.917063719975697
296,4,1,2029-07-01 00:00:00,3.893981932344711
297,4,1,2030-07-01 00:00:00,3.8710475381272724
298,4,1,2031-07-01 00:00:00,3.8471870492431517
299,4,1,2032-07-01 00:00:00,3.8214101901950754
300,4,1,2033-07-01 00:00:00,3.794390343880875
301,4,1,2034-07-01 00:00:00,3.7694117845975668
302,4,1,2035-07-01 00:00:00,3.744019347110131
303,4,1,2036-07-01 00:00:00,3.7196324625176915
304,4,1,2037-07-01 00:00:00,3.6932143226984193
305,4,1,2038-07-01 00:00:00,3.6657502060716753
306,4,1,2039-07-01 00:00:00,3.6419164076760033
307,4,1,2040-07-01 00:00:00,3.6112183062862164
308,4,1,2041-07-01 00:00:00,3.5736843348695886
309,4,1,2042-07-01 00:00:00,3.5354647762633125
310,4,1,2043-07-01 00:00:00,3.4966605952650323
311,4,1,2044-07-01 00:00:00,3.4871696446406157
312,4,1,2045-07-01 00:00:00,3.4871696446406157
313,4,1,2046-07-01 00:00:00,3.4871696446406157
314,4,1,2047-07-01 00:00:00,3.4871696446406157
315,4,1,2048-07-01 00:00:00,3.4871696446406157
316,4,1,2049-07-01 00:00:00,3.4871696446406157
317,4,1,2050-07-01 00:00:00,3.4871696446406157
318,4,1,2051-07-01 00:00:00,3.4871696446406157
319,4,1,2052-07-01 00:00:00,3.4871696446406157
320,4,1,2053-07-01 00:00:00,3.4871696446406157
321,4,2,2022-07-01 00:00:00,9.339658518992227
322,4,2,2023-07-01 00:00:00,4.250703357653945
323,4,2,2024-07-01 00:00:00,4.066020173577364
324,4,2,2025-07-01 00:00:00,3.939244513618232
325,4,2,2026-07-01 00:00:00,3.9167189715797113
326,4,2,2027-07-01 00:00:00,3.9091834046376612
327,4,2,2028-07-01 00:00:00,3.896625211583493
328,4,2,2029-07-01 00:00:00,3.879643794301451
329,4,2,2030-07-01 00:00:00,3.8079705074376324
330,4,2,2031-07-01 00:00:00,3.6147841516879753
331,4,2,2032-07-01 00:00:00,3.409090787109678
332,4,2,2033-07-01 00:00:00,3.2287255271530357
333,4,2,2034-07-01 00:00:00,3.135022651910907
334,4,2,2035-07-01 00:00:00,3.084493145154562
335,4,2,2036-07-01 00:00:00,3.0078647493835664
336,4,2,2037-07-01 00:00:00,2.931518898704894
337,4,2,2038-07-01 00:00:00,2.8554656390992648
338,4,2,2039-07-01 00:00:00,2.7797154985102352
339,4,2,2040-07-01 00:00:00,2.7419575267718104
340,4,2,2041-07-01 00:00:00,2.7419575267718104
341,4,2,2042-07-01 00:00:00,2.7419575267718104
342,4,2,2043-07-01 00:00:00,2.7419575267718104
343,4,2,2044-07-01 00:00:00,2.7419575267718104
344,4,2,2045-07-01 00:00:00,2.7419575267718104
345,4,2,2046-07-01 00:00:00,2.7419575267718104
346,4,2,2047-07-01 00:00:00,2.7419575267718104
347,4,2,2048-07-01 00:00:00,2.7419575267718104
348,4,2,2049-07-01 00:00:00,2.7419575267718104
349,4,2,2050-07-01 00:00:00,2.7419575267718104
350,4,2,2051-07-01 00:00:00,2.7419575267718104
351,4,2,2052-07-01 00:00:00,2.7419575267718104
352,4,2,2053-07-01 00:00:00,2.7419575267718104
353,4,3,2022-07-01 00:00:00,9.180186165488472
354,4,3,2023-07-01 00:00:00,4.336102792177609
355,4,3,2024-07-01 00:00:00,4.0035256872783105
356,4,3,2025-07-01 00:00:00,3.4217865485245174
357,4,3,2026-07-01 00:00:00,3.289614607164093
358,4,3,2027-07-01 00:00:00,3.256875197801949
359,4,3,2028-07-01 00:00:00,3.2399985345999287
360,4,3,2029-07-01 00:00:00,3.225977412611666
361,4,3,2030-07-01 00:00:00,3.2123736655740136
362,4,3,2031-07-01 00:00:00,3.199186408632584
363,4,3,2032-07-01 00:00:00,3.183537937478668
364,4,3,2033-07-01 00:00:00,3.1592672029907147
365,4,3,2034-07-01 00:00:00,3.135022651910907
366,4,3,2035-07-01 00:00:00,3.084493145154562
367,4,3,2036-07-01 00:00:00,3.0078647493835664
368,4,3,2037-07-01 00:00:00,2.931518898704894
369,4,3,2038-07-01 00:00:00,2.8554656390992648
370,4,3,2039-07-01 00:00:00,2.7797154985102352
371,4,3,2040-07-01 00:00:00,2.7419575267718104
372,4,3,2041-07-01 00:00:00,2.7419575267718104
373,4,3,2042-07-01 00:00:00,2.7419575267718104
374,4,3,2043-07-01 00:00:00,2.7419575267718104
375,4,3,2044-07-01 00:00:00,2.7419575267718104
376,4,3,2045-07-01 00:00:00,2.7419575267718104
377,4,3,2046-07-01 00:00:00,2.7419575267718104
378,4,3,2047-07-01 00:00:00,2.7419575267718104
379,4,3,2048-07-01 00:00:00,2.7419575267718104
380,4,3,2049-07-01 00:00:00,2.7419575267718104
381,4,3,2050-07-01 00:00:00,2.7419575267718104
382,4,3,2051-07-01 00:00:00,2.7419575267718104
383,4,3,2052-07-01 00:00:00,2.7419575267718104
384,4,3,2053-07-01 00:00:00,2.7419575267718104
385,5,1,2022-07-01 00:00:00,9.035294299772037
386,5,1,2023-07-01 00:00:00,3.8139887117262874
387,5,1,2024-07-01 00:00:00,4.50168993766808
388,5,1,2025-07-01 00:00:00,3.7029990576697074
389,5,1,2026-07-01 00:00:00,3.6423092936518566
390,5,1,2027-07-01 00:00:00,3.625599876896093
391,5,1,2028-07-01 00:00:00,3.612627701381437
392,5,1,2029-07-01 00:00:00,3.5949940760252295
393,5,1,2030-07-01 00:00:00,3.5753647963539112
394,5,1,2031-07-01 00:00:00,3.5545640379980115
395,5,1,2032-07-01 00:00:00,3.532654928619131
396,5,1,2033-07-01 00:00:00,3.5096897240130818
397,5,1,2034-07-01 00:00:00,3.485710861595467
398,5,1,2035-07-01 00:00:00,3.4607676739985687
399,5,1,2036-07-01 00:00:00,3.4349135777540205
400,5,1,2037-07-01 00:00:00,3.4082178100978804
401,5,1,2038-07-01 00:00:00,3.380737597319902
402,5,1,2039-07-01 00:00:00,3.352544992185031
403,5,1,2040-07-01 00:00:00,3.323690216182662
404,5,1,2041-07-01 00:00:00,3.2942267726219434
405,5,1,2042-07-01 00:00:00,3.264225156341798
406,5,1,2043-07-01 00:00:00,3.2337646227608436
407,5,1,2044-07-01 00:00:00,3.202937888418375
408,5,1,2045-07-01 00:00:00,3.1722931664727607
409,5,1,2046-07-01 00:00:00,3.1420750169957756
410,5,1,2047-07-01 00:00:00,3.112277620612849
411,5,1,2048-07-01 00:00:00,3.107296199566831
412,5,1,2049-07-01 00:00:00,3.107296199566831
413,5,1,2050-07-01 00:00:00,3.107296199566831
414,5,1,2051-07-01 00:00:00,3.107296199566831
415,5,1,2052-07-01 00:00:00,3.107296199566831
416,5,1,2053-07-01 00:00:00,3.107296199566831
417,5,2,2022-07-01 00:00:00,7.84063677617692
418,5,2,2023-07-01 00:00:00,3.8126555843103116
419,5,2,2024-07-01 00:00:00,3.644178217722372
420,5,2,2025-07-01 00:00:00,3.5279418295545386
421,5,2,2026-07-01 00:00:00,3.496223678369048
422,5,2,2027-07-01 00:00:00,3.4798435448788947
423,5,2,2028-07-01 00:00:00,3.463963935613428
424,5,2,2029-07-01 00:00:00,3.445742556951326
425,5,2,2030-07-01 00:00:00,3.386052826024917
426,5,2,2031-07-01 00:00:00,3.234361234597159
427,5,2,2032-07-01 00:00:00,3.169826083924229
428,5,2,2033-07-01 00:00:00,3.1488116838163616
429,5,2,2034-07-01 00:00:00,3.127797283708495
430,5,2,2035-07-01 00:00:00,3.0839257010212413
431,5,2,2036-07-01 00:00:00,3.0171969357546
432,5,2,2037-07-01 00:00:00,2.9504681704879583
433,5,2,2038-07-01 00:00:00,2.883739405221317
434,5,2,2039-07-01 00:00:00,2.8170106399546757
435,5,2,2040-07-01 00:00:00,2.7836462573213545
436,5,2,2041-07-01 00:00:00,2.7836462573213545
437,5,2,2042-07-01 00:00:00,2.7836462573213545
438,5,2,2043-07-01 00:00:00,2.7836462573213545
439,5,2,2044-07-01 00:00:00,2.7836462573213545
440,5,2,2045-07-01 00:00:00,2.7836462573213545
441,5,2,2046-07-01 00:00:00,2.7836462573213545
442,5,2,2047-07-01 00:00:00,2.7836462573213545
443,5,2,2048-07-01 00:00:00,2.7836462573213545
444,5,2,2049-07-01 00:00:00,2.7836462573213545
445,5,2,2050-07-01 00:00:00,2.7836462573213545
446,5,2,2051-07-01 00:00:00,2.7836462573213545
447,5,2,2052-07-01 00:00:00,2.7836462573213545
448,5,2,2053-07-01 00:00:00,2.7836462573213545
449,5,3,2022-07-01 00:00:00,7.686885029581
450,5,3,2023-07-01 00:00:00,3.8512073741535273
451,5,3,2024-07-01 00:00:00,3.567459025511836
452,5,3,2025-07-01 00:00:00,3.1005176668057284
453,5,3,2026-07-01 00:00:00,3.0972898324546843
454,5,3,2027-07-01 00:00:00,3.130605039456899
455,5,3,2028-07-01 00:00:00,3.166821721222263
456,5,3,2029-07-01 00:00:00,3.2037489593505732
457,5,3,2030-07-01 00:00:00,3.2118548841399646
458,5,3,2031-07-01 00:00:00,3.190840484032097
459,5,3,2032-07-01 00:00:00,3.169826083924229
460,5,3,2033-07-01 00:00:00,3.1488116838163616
461,5,3,2034-07-01 00:00:00,3.127797283708495
462,5,3,2035-07-01 00:00:00,3.0839257010212413
463,5,3,2036-07-01 00:00:00,3.0171969357546
464,5,3,2037-07-01 00:00:00,2.9504681704879583
465,5,3,2038-07-01 00:00:00,2.883739405221317
466,5,3,2039-07-01 00:00:00,2.8170106399546757
467,5,3,2040-07-01 00:00:00,2.7836462573213545
468,5,3,2041-07-01 00:00:00,2.7836462573213545
469,5,3,2042-07-01 00:00:00,2.7836462573213545
470,5,3,2043-07-01 00:00:00,2.7836462573213545
471,5,3,2044-07-01 00:00:00,2.7836462573213545
472,5,3,2045-07-01 00:00:00,2.7836462573213545
473,5,3,2046-07-01 00:00:00,2.7836462573213545
474,5,3,2047-07-01 00:00:00,2.7836462573213545
475,5,3,2048-07-01 00:00:00,2.7836462573213545
476,5,3,2049-07-01 00:00:00,2.7836462573213545
477,5,3,2050-07-01 00:00:00,2.7836462573213545
478,5,3,2051-07-01 00:00:00,2.7836462573213545
479,5,3,2052-07-01 00:00:00,2.7836462573213545
480,5,3,2053-07-01 00:00:00,2.7836462573213545
481,6,1,2022-07-01 00:00:00,1.4993384122234534
482,6,1,2023-07-01 00:00:00,1.5008821551165394
483,6,1,2024-07-01 00:00:00,1.5091662864817037
484,6,1,2025-07-01 00:00:00,1.5193186321940289
485,6,1,2026-07-01 00:00:00,1.52968387508866
486,6,1,2027-07-01 00:00:00,1.5446334555165908
487,6,1,2028-07-01 00:00:00,1.5490876610854047
488,6,1,2029-07-01 00:00:00,1.5445981098741859
489,6,1,2030-07-01 00:00:00,1.545259374014782
490,6,1,2031-07-01 00:00:00,1.5455555819227984
491,6,1,2032-07-01 00:00:00,1.5457661297060645
492,6,1,2033-07-01 00:00:00,1.5456822708456195
493,6,1,2034-07-01 00:00:00,1.5456822708456195
494,6,1,2035-07-01 00:00:00,1.5456822708456195
495,6,1,2036-07-01 00:00:00,1.5456822708456195
496,6,1,2037-07-01 00:00:00,1.5456822708456195
497,6,1,2038-07-01 00:00:00,1.5456822708456195
498,6,1,2039-07-01 00:00:00,1.5456822708456195
499,6,1,2040-07-01 00:00:00,1.5456822708456195
500,6,1,2041-07-01 00:00:00,1.5456822708456195
501,6,1,2042-07-01 00:00:00,1.5456822708456195
502,6,1,2043-07-01 00:00:00,1.5456822708456195
503,6,1,2044-07-01 00:00:00,1.5456822708456195
504,6,1,2045-07-01 00:00:00,1.5456822708456195
505,6,1,2046-07-01 00:00:00,1.5456822708456195
506,6,1,2047-07-01 00:00:00,1.5456822708456195
507,6,1,2048-07-01 00:00:00,1.5456822708456195
508,6,1,2049-07-01 00:00:00,1.5456822708456195
509,6,1,2050-07-01 00:00:00,1.5456822708456195
510,6,1,2051-07-01 00:00:00,1.5456822708456195
511,6,1,2052-07-01 00:00:00,1.5456822708456195
512,6,1,2053-07-01 00:00:00,1.5456822708456195
513,6,2,2022-07-01 00:00:00,1.4993384122234534
514,6,2,2023-07-01 00:00:00,1.5008821551165394
515,6,2,2024-07-01 00:00:00,1.5091662864817037
516,6,2,2025-07-01 00:00:00,1.5193186321940289
517,6,2,2026-07-01 00:00:00,1.52968387508866
518,6,2,2027-07-01 00:00:00,1.5446334555165908
519,6,2,2028-07-01 00:00:00,1.5490876610854047
520,6,2,2029-07-01 00:00:00,1.5445981098741859
521,6,2,2030-07-01 00:00:00,1.545259374014782
522,6,2,2031-07-01 00:00:00,1.5455555819227984
523,6,2,2032-07-01 00:00:00,1.5457661297060645
524,6,2,2033-07-01 00:00:00,1.5456822708456195
525,6,2,2034-07-01 00:00:00,1.5456822708456195
526,6,2,2035-07-01 00:00:00,1.5456822708456195
527,6,2,2036-07-01 00:00:00,1.5456822708456195
528,6,2,2037-07-01 00:00:00,1.5456822708456195
529,6,2,2038-07-01 00:00:00,1.5456822708456195
530,6,2,2039-07-01 00:00:00,1.5456822708456195
531,6,2,2040-07-01 00:00:00,1.5456822708456195
532,6,2,2041-07-01 00:00:00,1.5456822708456195
533,6,2,2042-07-01 00:00:00,1.5456822708456195
534,6,2,2043-07-01 00:00:00,1.5456822708456195
535,6,2,2044-07-01 00:00:00,1.5456822708456195
536,6,2,2045-07-01 00:00:00,1.5456822708456195
537,6,2,2046-07-01 00:00:00,1.5456822708456195
538,6,2,2047-07-01 00:00:00,1.5456822708456195
539,6,2,2048-07-01 00:00:00,1.5456822708456195
540,6,2,2049-07-01 00:00:00,1.5456822708456195
541,6,2,2050-07-01 00:00:00,1.5456822708456195
542,6,2,2051-07-01 00:00:00,1.5456822708456195
543,6,2,2052-07-01 00:00:00,1.5456822708456195
544,6,2,2053-07-01 00:00:00,1.5456822708456195
545,6,3,2022-07-01 00:00:00,1.4993384122234534
546,6,3,2023-07-01 00:00:00,1.5008821551165394
547,6,3,2024-07-01 00:00:00,1.5091662864817037
548,6,3,2025-07-01 00:00:00,1.5193186321940289
549,6,3,2026-07-01 00:00:00,1.52968387508866
550,6,3,2027-07-01 00:00:00,1.5446334555165908
551,6,3,2028-07-01 00:00:00,1.5490876610854047
552,6,3,2029-07-01 00:00:00,1.5445981098741859
553,6,3,2030-07-01 00:00:00,1.545259374014782
554,6,3,2031-07-01 00:00:00,1.5455555819227984
555,6,3,2032-07-01 00:00:00,1.5457661297060645
556,6,3,2033-07-01 00:00:00,1.5456822708456195
557,6,3,2034-07-01 00:00:00,1.5456822708456195
558,6,3,2035-07-01 00:00:00,1.5456822708456195
559,6,3,2036-07-01 00:00:00,1.5456822708456195
560,6,3,2037-07-01 00:00:00,1.5456822708456195
561,6,3,2038-07-01 00:00:00,1.5456822708456195
562,6,3,2039-07-01 00:00:00,1.5456822708456195
563,6,3,2040-07-01 00:00:00,1.5456822708456195
564,6,3,2041-07-01 00:00:00,1.5456822708456195
565,6,3,2042-07-01 00:00:00,1.5456822708456195
566,6,3,2043-07-01 00:00:00,1.5456822708456195
567,6,3,2044-07-01 00:00:00,1.5456822708456195
568,6,3,2045-07-01 00:00:00,1.5456822708456195
569,6,3,2046-07-01 00:00:00,1.5456822708456195
570,6,3,2047-07-01 00:00:00,1.5456822708456195
571,6,3,2048-07-01 00:00:00,1.5456822708456195
572,6,3,2049-07-01 00:00:00,1.5456822708456195
573,6,3,2050-07-01 00:00:00,1.5456822708456195
574,6,3,2051-07-01 00:00:00,1.5456822708456195
575,6,3,2052-07-01 00:00:00,1.5456822708456195
576,6,3,2053-07-01 00:00:00,1.5456822708456195
577,7,1,2022-07-01 00:00:00,0.7568360671692059
578,7,1,2023-07-01 00:00:00,0.7568360671692059
579,7,1,2024-07-01 00:00:00,0.7568360671692059
580,7,1,2025-07-01 00:00:00,0.7568360671692059
581,7,1,2026-07-01 00:00:00,0.7568360671692059
582,7,1,2027-07-01 00:00:00,0.7568360671692059
583,7,1,2028-07-01 00:00:00,0.7568360671692059
584,7,1,2029-07-01 00:00:00,0.7568360671692059
585,7,1,2030-07-01 00:00:00,0.7568360671692059
586,7,1,2031-07-01 00:00:00,0.7568360671692059
587,7,1,2032-07-01 00:00:00,0.7568360671692059
588,7,1,2033-07-01 00:00:00,0.7568360671692059
589,7,1,2034-07-01 00:00:00,0.7568360671692059
590,7,1,2035-07-01 00:00:00,0.7568360671692059
591,7,1,2036-07-01 00:00:00,0.7568360671692059
592,7,1,2037-07-01 00:00:00,0.7568360671692059
593,7,1,2038-07-01 00:00:00,0.7568360671692059
594,7,1,2039-07-01 00:00:00,0.7568360671692059
595,7,1,2040-07-01 00:00:00,0.7568360671692059
596,7,1,2041-07-01 00:00:00,0.7568360671692059
597,7,1,2042-07-01 00:00:00,0.7568360671692059
598,7,1,2043-07-01 00:00:00,0.7568360671692059
599,7,1,2044-07-01 00:00:00,0.7568360671692059
600,7,1,2045-07-01 00:00:00,0.7568360671692059
601,7,1,2046-07-01 00:00:00,0.7568360671692059
602,7,1,2047-07-01 00:00:00,0.7568360671692059
603,7,1,2048-07-01 00:00:00,0.7568360671692059
604,7,1,2049-07-01 00:00:00,0.7568360671692059
605,7,1,2050-07-01 00:00:00,0.7568360671692059
606,7,1,2051-07-01 00:00:00,0.7568360671692059
607,7,1,2052-07-01 00:00:00,0.7568360671692059
608,7,1,2053-07-01 00:00:00,0.7568360671692059
609,7,2,2022-07-01 00:00:00,0.7568360671692059
610,7,2,2023-07-01 00:00:00,0.7568360671692059
611,7,2,2024-07-01 00:00:00,0.7568360671692059
612,7,2,2025-07-01 00:00:00,0.7568360671692059
613,7,2,2026-07-01 00:00:00,0.7568360671692059
614,7,2,2027-07-01 00:00:00,0.7568360671692059
615,7,2,2028-07-01 00:00:00,0.7568360671692059
616,7,2,2029-07-01 00:00:00,0.7568360671692059
617,7,2,2030-07-01 00:00:00,0.7568360671692059
618,7,2,2031-07-01 00:00:00,0.7568360671692059
619,7,2,2032-07-01 00:00:00,0.7568360671692059
620,7,2,2033-07-01 00:00:00,0.7568360671692059
621,7,2,2034-07-01 00:00:00,0.7568360671692059
622,7,2,2035-07-01 00:00:00,0.7568360671692059
623,7,2,2036-07-01 00:00:00,0.7568360671692059
624,7,2,2037-07-01 00:00:00,0.7568360671692059
625,7,2,2038-07-01 00:00:00,0.7568360671692059
626,7,2,2039-07-01 00:00:00,0.7568360671692059
627,7,2,2040-07-01 00:00:00,0.7568360671692059
628,7,2,2041-07-01 00:00:00,0.7568360671692059
629,7,2,2042-07-01 00:00:00,0.7568360671692059
630,7,2,2043-07-01 00:00:00,0.7568360671692059
631,7,2,2044-07-01 00:00:00,0.7568360671692059
632,7,2,2045-07-01 00:00:00,0.7568360671692059
633,7,2,2046-07-01 00:00:00,0.7568360671692059
634,7,2,2047-07-01 00:00:00,0.7568360671692059
635,7,2,2048-07-01 00:00:00,0.7568360671692059
636,7,2,2049-07-01 00:00:00,0.7568360671692059
637,7,2,2050-07-01 00:00:00,0.7568360671692059
638,7,2,2051-07-01 00:00:00,0.7568360671692059
639,7,2,2052-07-01 00:00:00,0.7568360671692059
640,7,2,2053-07-01 00:00:00,0.7568360671692059
641,7,3,2022-07-01 00:00:00,0.7568360671692059
642,7,3,2023-07-01 00:00:00,0.7568360671692059
643,7,3,2024-07-01 00:00:00,0.7568360671692059
644,7,3,2025-07-01 00:00:00,0.7568360671692059
645,7,3,2026-07-01 00:00:00,0.7568360671692059
646,7,3,2027-07-01 00:00:00,0.7568360671692059
647,7,3,2028-07-01 00:00:00,0.7568360671692059
648,7,3,2029-07-01 00:00:00,0.7568360671692059
649,7,3,2030-07-01 00:00:00,0.7568360671692059
650,7,3,2031-07-01 00:00:00,0.7568360671692059
651,7,3,2032-07-01 00:00:00,0.7568360671692059
652,7,3,2033-07-01 00:00:00,0.7568360671692059
653,7,3,2034-07-01 00:00:00,0.7568360671692059
654,7,3,2035-07-01 00:00:00,0.7568360671692059
655,7,3,2036-07-01 00:00:00,0.7568360671692059
656,7,3,2037-07-01 00:00:00,0.7568360671692059
657,7,3,2038-07-01 00:00:00,0.7568360671692059
658,7,3,2039-07-01 00:00:00,0.7568360671692059
659,7,3,2040-07-01 00:00:00,0.7568360671692059
660,7,3,2041-07-01 00:00:00,0.7568360671692059
661,7,3,2042-07-01 00:00:00,0.7568360671692059
662,7,3,2043-07-01 00:00:00,0.7568360671692059
663,7,3,2044-07-01 00:00:00,0.7568360671692059
664,7,3,2045-07-01 00:00:00,0.7568360671692059
665,7,3,2046-07-01 00:00:00,0.7568360671692059
666,7,3,2047-07-01 00:00:00,0.7568360671692059
667,7,3,2048-07-01 00:00:00,0.7568360671692059
668,7,3,2049-07-01 00:00:00,0.7568360671692059
669,7,3,2050-07-01 00:00:00,0.7568360671692059
670,7,3,2051-07-01 00:00:00,0.7568360671692059
671,7,3,2052-07-01 00:00:00,0.7568360671692059
672,7,3,2053-07-01 00:00:00,0.7568360671692059
1057,12,1,2022-07-01 00:00:00,3.014059944367254
1058,12,1,2023-07-01 00:00:00,3.0268616254803313
1059,12,1,2024-07-01 00:00:00,3.036611567715447
1060,12,1,2025-07-01 00:00:00,3.0366983358828916
1061,12,1,2026-07-01 00:00:00,3.036713210425884
1062,12,1,2027-07-01 00:00:00,3.0413084525735936
1063,12,1,2028-07-01 00:00:00,3.044134615741689
1064,12,1,2029-07-01 00:00:00,3.044134615741689
1065,12,1,2030-07-01 00:00:00,3.044134615741689
1066,12,1,2031-07-01 00:00:00,3.044134615741689
1067,12,1,2032-07-01 00:00:00,3.044134615741689
1068,12,1,2033-07-01 00:00:00,3.044134615741689
1069,12,1,2034-07-01 00:00:00,3.044134615741689
1070,12,1,2035-07-01 00:00:00,3.044134615741689
1071,12,1,2036-07-01 00:00:00,3.044134615741689
1072,12,1,2037-07-01 00:00:00,3.044134615741689
1073,12,1,2038-07-01 00:00:00,3.044134615741689
1074,12,1,2039-07-01 00:00:00,3.044134615741689
1075,12,1,2040-07-01 00:00:00,3.044134615741689
1076,12,1,2041-07-01 00:00:00,3.044134615741689
1077,12,1,2042-07-01 00:00:00,3.044134615741689
1078,12,1,2043-07-01 00:00:00,3.044134615741689
1079,12,1,2044-07-01 00:00:00,3.044134615741689
1080,12,1,2045-07-01 00:00:00,3.044134615741689
1081,12,1,2046-07-01 00:00:00,3.044134615741689
1082,12,1,2047-07-01 00:00:00,3.044134615741689
1083,12,1,2048-07-01 00:00:00,3.044134615741689
1084,12,1,2049-07-01 00:00:00,3.044134615741689
1085,12,1,2050-07-01 00:00:00,3.044134615741689
1086,12,1,2051-07-01 00:00:00,3.044134615741689
1087,12,1,2052-07-01 00:00:00,3.044134615741689
1088,12,1,2053-07-01 00:00:00,3.044134615741689
1089,12,2,2022-07-01 00:00:00,3.014059944367254
1090,12,2,2023-07-01 00:00:00,3.0268616254803313
1091,12,2,2024-07-01 00:00:00,3.036611567715447
1092,12,2,2025-07-01 00:00:00,3.0366983358828916
1093,12,2,2026-07-01 00:00:00,3.036713210425884
1094,12,2,2027-07-01 00:00:00,3.0413084525735936
1095,12,2,2028-07-01 00:00:00,3.044134615741689
1096,12,2,2029-07-01 00:00:00,3.044134615741689
1097,12,2,2030-07-01 00:00:00,3.044134615741689
1098,12,2,2031-07-01 00:00:00,3.044134615741689
1099,12,2,2032-07-01 00:00:00,3.044134615741689
1100,12,2,2033-07-01 00:00:00,3.044134615741689
1101,12,2,2034-07-01 00:00:00,3.044134615741689
1102,12,2,2035-07-01 00:00:00,3.044134615741689
1103,12,2,2036-07-01 00:00:00,3.044134615741689
1104,12,2,2037-07-01 00:00:00,3.044134615741689
1105,12,2,2038-07-01 00:00:00,3.044134615741689
1106,12,2,2039-07-01 00:00:00,3.044134615741689
1107,12,2,2040-07-01 00:00:00,3.044134615741689
1108,12,2,2041-07-01 00:00:00,3.044134615741689
1109,12,2,2042-07-01 00:00:00,3.044134615741689
1110,12,2,2043-07-01 00:00:00,3.044134615741689
1111,12,2,2044-07-01 00:00:00,3.044134615741689
1112,12,2,2045-07-01 00:00:00,3.044134615741689
1113,12,2,2046-07-01 00:00:00,3.044134615741689
1114,12,2,2047-07-01 00:00:00,3.044134615741689
1115,12,2,2048-07-01 00:00:00,3.044134615741689
1116,12,2,2049-07-01 00:00:00,3.044134615741689
1117,12,2,2050-07-01 00:00:00,3.044134615741689
1118,12,2,2051-07-01 00:00:00,3.044134615741689
1119,12,2,2052-07-01 00:00:00,3.044134615741689
1120,12,2,2053-07-01 00:00:00,3.044134615741689
1121,12,3,2022-07-01 00:00:00,3.014059944367254
1122,12,3,2023-07-01 00:00:00,3.0268616254803313
1123,12,3,2024-07-01 00:00:00,3.036611567715447
1124,12,3,2025-07-01 00:00:00,3.0366983358828916
1125,12,3,2026-07-01 00:00:00,3.036713210425884
1126,12,3,2027-07-01 00:00:00,3.0413084525735936
1127,12,3,2028-07-01 00:00:00,3.044134615741689
1128,12,3,2029-07-01 00:00:00,3.044134615741689
1129,12,3,2030-07-01 00:00:00,3.044134615741689
1130,12,3,2031-07-01 00:00:00,3.044134615741689
1131,12,3,2032-07-01 00:00:00,3.044134615741689
1132,12,3,2033-07-01 00:00:00,3.044134615741689
1133,12,3,2034-07-01 00:00:00,3.044134615741689
1134,12,3,2035-07-01 00:00:00,3.044134615741689
1135,12,3,2036-07-01 00:00:00,3.044134615741689
1136,12,3,2037-07-01 00:00:00,3.044134615741689
1137,12,3,2038-07-01 00:00:00,3.044134615741689
1138,12,3,2039-07-01 00:00:00,3.044134615741689
1139,12,3,2040-07-01 00:00:00,3.044134615741689
1140,12,3,2041-07-01 00:00:00,3.044134615741689
1141,12,3,2042-07-01 00:00:00,3.044134615741689
1142,12,3,2043-07-01 00:00:00,3.044134615741689
1143,12,3,2044-07-01 00:00:00,3.044134615741689
1144,12,3,2045-07-01 00:00:00,3.044134615741689
1145,12,3,2046-07-01 00:00:00,3.044134615741689
1146,12,3,2047-07-01 00:00:00,3.044134615741689
1147,12,3,2048-07-01 00:00:00,3.044134615741689
1148,12,3,2049-07-01 00:00:00,3.044134615741689
1149,12,3,2050-07-01 00:00:00,3.044134615741689
1150,12,3,2051-07-01 00:00:00,3.044134615741689
1151,12,3,2052-07-01 00:00:00,3.044134615741689
1152,12,3,2053-07-01 00:00:00,3.044134615741689
1441,16,1,2022-07-01 00:00:00,42.64859722568076
1442,16,1,2023-07-01 00:00:00,42.02447050897309
1443,16,1,2024-07-01 00:00:00,41.44834602280522
1444,16,1,2025-07-01 00:00:00,40.9133354374554
1445,16,1,2026-07-01 00:00:00,40.44467658806013
1446,16,1,2027-07-01 00:00:00,40.02738855762125
1447,16,1,2028-07-01 00:00:00,39.606887408070214
1448,16,1,2029-07-01 00:00:00,39.19839582856742
1449,16,1,2030-07-01 00:00:00,38.82106568877033
1450,16,1,2031-07-01 00:00:00,38.47943122399836
1451,16,1,2032-07-01 00:00:00,38.16816450550294
1452,16,1,2033-07-01 00:00:00,37.878038178298326
1453,16,1,2034-07-01 00:00:00,37.60283565192008
1454,16,1,2035-07-01 00:00:00,37.33785443198884
1455,16,1,2036-07-01 00:00:00,37.08126599359692
1456,16,1,2037-07-01 00:00:00,36.83166950485866
1457,16,1,2038-07-01 00:00:00,36.58653887744854
1458,16,1,2039-07-01 00:00:00,36.34568044819916
1459,16,1,2040-07-01 00:00:00,35.88507879526464
1460,16,1,2041-07-01 00:00:00,35.43153658193376
1461,16,1,2042-07-01 00:00:00,34.98492255044059
1462,16,1,2043-07-01 00:00:00,34.545108243266455
1463,16,1,2044-07-01 00:00:00,34.111967938773816
1464,16,1,2045-07-01 00:00:00,34.111967938773816
1465,16,1,2046-07-01 00:00:00,34.111967938773816
1466,16,1,2047-07-01 00:00:00,34.111967938773816
1467,16,1,2048-07-01 00:00:00,34.111967938773816
1468,16,1,2049-07-01 00:00:00,34.111967938773816
1469,16,1,2050-07-01 00:00:00,34.111967938773816
1470,16,1,2051-07-01 00:00:00,34.111967938773816
1471,16,1,2052-07-01 00:00:00,34.111967938773816
1472,16,1,2053-07-01 00:00:00,34.111967938773816
1473,16,2,2022-07-01 00:00:00,42.64859722568076
1474,16,2,2023-07-01 00:00:00,42.02447050897309
1475,16,2,2024-07-01 00:00:00,41.44834602280522
1476,16,2,2025-07-01 00:00:00,40.9133354374554
1477,16,2,2026-07-01 00:00:00,40.44467658806013
1478,16,2,2027-07-01 00:00:00,40.02738855762125
1479,16,2,2028-07-01 00:00:00,39.606887408070214
1480,16,2,2029-07-01 00:00:00,39.19839582856742
1481,16,2,2030-07-01 00:00:00,38.82106568877033
1482,16,2,2031-07-01 00:00:00,38.47943122399836
1483,16,2,2032-07-01 00:00:00,38.16816450550294
1484,16,2,2033-07-01 00:00:00,37.878038178298326
1485,16,2,2034-07-01 00:00:00,37.60283565192008
1486,16,2,2035-07-01 00:00:00,37.33785443198884
1487,16,2,2036-07-01 00:00:00,37.08126599359692
1488,16,2,2037-07-01 00:00:00,36.83166950485866
1489,16,2,2038-07-01 00:00:00,36.58653887744854
1490,16,2,2039-07-01 00:00:00,36.34568044819916
1491,16,2,2040-07-01 00:00:00,35.88507879526464
1492,16,2,2041-07-01 00:00:00,35.43153658193376
1493,16,2,2042-07-01 00:00:00,34.98492255044059
1494,16,2,2043-07-01 00:00:00,34.545108243266455
1495,16,2,2044-07-01 00:00:00,34.111967938773816
1496,16,2,2045-07-01 00:00:00,34.111967938773816
1497,16,2,2046-07-01 00:00:00,34.111967938773816
1498,16,2,2047-07-01 00:00:00,34.111967938773816
1499,16,2,2048-07-01 00:00:00,34.111967938773816
1500,16,2,2049-07-01 00:00:00,34.111967938773816
1501,16,2,2050-07-01 00:00:00,34.111967938773816
1502,16,2,2051-07-01 00:00:00,34.111967938773816
1503,16,2,2052-07-01 00:00:00,34.111967938773816
1504,16,2,2053-07-01 00:00:00,34.111967938773816
1505,16,3,2022-07-01 00:00:00,42.64859722568076
1506,16,3,2023-07-01 00:00:00,42.02447050897309
1507,16,3,2024-07-01 00:00:00,41.44834602280522
1508,16,3,2025-07-01 00:00:00,40.9133354374554
1509,16,3,2026-07-01 00:00:00,40.44467658806013
1510,16,3,2027-07-01 00:00:00,40.02738855762125
1511,16,3,2028-07-01 00:00:00,39.606887408070214
1512,16,3,2029-07-01 00:00:00,39.19839582856742
1513,16,3,2030-07-01 00:00:00,38.82106568877033
1514,16,3,2031-07-01 00:00:00,38.47943122399836
1515,16,3,2032-07-01 00:00:00,38.16816450550294
1516,16,3,2033-07-01 00:00:00,37.878038178298326
1517,16,3,2034-07-01 00:00:00,37.60283565192008
1518,16,3,2035-07-01 00:00:00,37.33785443198884
1519,16,3,2036-07-01 00:00:00,37.08126599359692
1520,16,3,2037-07-01 00:00:00,36.83166950485866
1521,16,3,2038-07-01 00:00:00,36.58653887744854
1522,16,3,2039-07-01 00:00:00,36.34568044819916
1523,16,3,2040-07-01 00:00:00,35.88507879526464
1524,16,3,2041-07-01 00:00:00,35.43153658193376
1525,16,3,2042-07-01 00:00:00,34.98492255044059
1526,16,3,2043-07-01 00:00:00,34.545108243266455
1527,16,3,2044-07-01 00:00:00,34.111967938773816
1528,16,3,2045-07-01 00:00:00,34.111967938773816
1529,16,3,2046-07-01 00:00:00,34.111967938773816
1530,16,3,2047-07-01 00:00:00,34.111967938773816
1531,16,3,2048-07-01 00:00:00,34.111967938773816
1532,16,3,2049-07-01 00:00:00,34.111967938773816
1533,16,3,2050-07-01 00:00:00,34.111967938773816
1534,16,3,2051-07-01 00:00:00,34.111967938773816
1535,16,3,2052-07-01 00:00:00,34.111967938773816
1536,16,3,2053-07-01 00:00:00,34.111967938773816
1537,17,1,2022-07-01 00:00:00,42.64859722568076
1538,17,1,2023-07-01 00:00:00,42.02447050897309
1539,17,1,2024-07-01 00:00:00,41.44834602280522
1540,17,1,2025-07-01 00:00:00,40.9133354374554
1541,17,1,2026-07-01 00:00:00,40.44467658806013
1542,17,1,2027-07-01 00:00:00,40.02738855762125
1543,17,1,2028-07-01 00:00:00,39.606887408070214
1544,17,1,2029-07-01 00:00:00,39.19839582856742
1545,17,1,2030-07-01 00:00:00,38.82106568877033
1546,17,1,2031-07-01 00:00:00,38.47943122399836
1547,17,1,2032-07-01 00:00:00,38.16816450550294
1548,17,1,2033-07-01 00:00:00,37.878038178298326
1549,17,1,2034-07-01 00:00:00,37.60283565192008
1550,17,1,2035-07-01 00:00:00,37.33785443198884
1551,17,1,2036-07-01 00:00:00,37.08126599359692
1552,17,1,2037-07-01 00:00:00,36.83166950485866
1553,17,1,2038-07-01 00:00:00,36.58653887744854
1554,17,1,2039-07-01 00:00:00,36.34568044819916
1555,17,1,2040-07-01 00:00:00,35.88507879526464
1556,17,1,2041-07-01 00:00:00,35.43153658193376
1557,17,1,2042-07-01 00:00:00,34.98492255044059
1558,17,1,2043-07-01 00:00:00,34.545108243266455
1559,17,1,2044-07-01 00:00:00,34.111967938773816
1560,17,1,2045-07-01 00:00:00,34.111967938773816
1561,17,1,2046-07-01 00:00:00,34.111967938773816
1562,17,1,2047-07-01 00:00:00,34.111967938773816
1563,17,1,2048-07-01 00:00:00,34.111967938773816
1564,17,1,2049-07-01 00:00:00,34.111967938773816
1565,17,1,2050-07-01 00:00:00,34.111967938773816
1566,17,1,2051-07-01 00:00:00,34.111967938773816
1567,17,1,2052-07-01 00:00:00,34.111967938773816
1568,17,1,2053-07-01 00:00:00,34.111967938773816
1569,17,2,2022-07-01 00:00:00,42.64859722568076
1570,17,2,2023-07-01 00:00:00,42.02447050897309
1571,17,2,2024-07-01 00:00:00,41.44834602280522
1572,17,2,2025-07-01 00:00:00,40.9133354374554
1573,17,2,2026-07-01 00:00:00,40.44467658806013
1574,17,2,2027-07-01 00:00:00,40.02738855762125
1575,17,2,2028-07-01 00:00:00,39.606887408070214
1576,17,2,2029-07-01 00:00:00,39.19839582856742
1577,17,2,2030-07-01 00:00:00,38.82106568877033
1578,17,2,2031-07-01 00:00:00,38.47943122399836
1579,17,2,2032-07-01 00:00:00,38.16816450550294
1580,17,2,2033-07-01 00:00:00,37.878038178298326
1581,17,2,2034-07-01 00:00:00,37.60283565192008
1582,17,2,2035-07-01 00:00:00,37.33785443198884
1583,17,2,2036-07-01 00:00:00,37.08126599359692
1584,17,2,2037-07-01 00:00:00,36.83166950485866
1585,17,2,2038-07-01 00:00:00,36.58653887744854
1586,17,2,2039-07-01 00:00:00,36.34568044819916
1587,17,2,2040-07-01 00:00:00,35.88507879526464
1588,17,2,2041-07-01 00:00:00,35.43153658193376
1589,17,2,2042-07-01 00:00:00,34.98492255044059
1590,17,2,2043-07-01 00:00:00,34.545108243266455
1591,17,2,2044-07-01 00:00:00,34.111967938773816
1592,17,2,2045-07-01 00:00:00,34.111967938773816
1593,17,2,2046-07-01 00:00:00,34.111967938773816
1594,17,2,2047-07-01 00:00:00,34.111967938773816
1595,17,2,2048-07-01 00:00:00,34.111967938773816
1596,17,2,2049-07-01 00:00:00,34.111967938773816
1597,17,2,2050-07-01 00:00:00,34.111967938773816
1598,17,2,2051-07-01 00:00:00,34.111967938773816
1599,17,2,2052-07-01 00:00:00,34.111967938773816
1600,17,2,2053-07-01 00:00:00,34.111967938773816
1601,17,3,2022-07-01 00:00:00,42.64859722568076
1602,17,3,2023-07-01 00:00:00,42.02447050897309
1603,17,3,2024-07-01 00:00:00,41.44834602280522
1604,17,3,2025-07-01 00:00:00,40.9133354374554
1605,17,3,2026-07-01 00:00:00,40.44467658806013
1606,17,3,2027-07-01 00:00:00,40.02738855762125
1607,17,3,2028-07-01 00:00:00,39.606887408070214
1608,17,3,2029-07-01 00:00:00,39.19839582856742
1609,17,3,2030-07-01 00:00:00,38.82106568877033
1610,17,3,2031-07-01 00:00:00,38.47943122399836
1611,17,3,2032-07-01 00:00:00,38.16816450550294
1612,17,3,2033-07-01 00:00:00,37.878038178298326
1613,17,3,2034-07-01 00:00:00,37.60283565192008
1614,17,3,2035-07-01 00:00:00,37.33785443198884
1615,17,3,2036-07-01 00:00:00,37.08126599359692
1616,17,3,2037-07-01 00:00:00,36.83166950485866
1617,17,3,2038-07-01 00:00:00,36.58653887744854
1618,17,3,2039-07-01 00:00:00,36.34568044819916
1619,17,3,2040-07-01 00:00:00,35.88507879526464
1620,17,3,2041-07-01 00:00:00,35.43153658193376
1621,17,3,2042-07-01 00:00:00,34.98492255044059
1622,17,3,2043-07-01 00:00:00,34.545108243266455
1623,17,3,2044-07-01 00:00:00,34.111967938773816
1624,17,3,2045-07-01 00:00:00,34.111967938773816
1625,17,3,2046-07-01 00:00:00,34.111967938773816
1626,17,3,2047-07-01 00:00:00,34.111967938773816
1627,17,3,2048-07-01 00:00:00,34.111967938773816
1628,17,3,2049-07-01 00:00:00,34.111967938773816
1629,17,3,2050-07-01 00:00:00,34.111967938773816
1630,17,3,2051-07-01 00:00:00,34.111967938773816
1631,17,3,2052-07-01 00:00:00,34.111967938773816
1632,17,3,2053-07-01 00:00:00,34.111967938773816
1633,18,1,2022-07-01 00:00:00,42.64859722568076
1634,18,1,2023-07-01 00:00:00,42.02447050897309
1635,18,1,2024-07-01 00:00:00,41.44834602280522
1636,18,1,2025-07-01 00:00:00,40.9133354374554
1637,18,1,2026-07-01 00:00:00,40.44467658806013
1638,18,1,2027-07-01 00:00:00,40.02738855762125
1639,18,1,2028-07-01 00:00:00,39.606887408070214
1640,18,1,2029-07-01 00:00:00,39.19839582856742
1641,18,1,2030-07-01 00:00:00,38.82106568877033
1642,18,1,2031-07-01 00:00:00,38.47943122399836
1643,18,1,2032-07-01 00:00:00,38.16816450550294
1644,18,1,2033-07-01 00:00:00,37.878038178298326
1645,18,1,2034-07-01 00:00:00,37.60283565192008
1646,18,1,2035-07-01 00:00:00,37.33785443198884
1647,18,1,2036-07-01 00:00:00,37.08126599359692
1648,18,1,2037-07-01 00:00:00,36.83166950485866
1649,18,1,2038-07-01 00:00:00,36.58653887744854
1650,18,1,2039-07-01 00:00:00,36.34568044819916
1651,18,1,2040-07-01 00:00:00,35.88507879526464
1652,18,1,2041-07-01 00:00:00,35.43153658193376
1653,18,1,2042-07-01 00:00:00,34.98492255044059
1654,18,1,2043-07-01 00:00:00,34.545108243266455
1655,18,1,2044-07-01 00:00:00,34.111967938773816
1656,18,1,2045-07-01 00:00:00,34.111967938773816
1657,18,1,2046-07-01 00:00:00,34.111967938773816
1658,18,1,2047-07-01 00:00:00,34.111967938773816
1659,18,1,2048-07-01 00:00:00,34.111967938773816
1660,18,1,2049-07-01 00:00:00,34.111967938773816
1661,18,1,2050-07-01 00:00:00,34.111967938773816
1662,18,1,2051-07-01 00:00:00,34.111967938773816
1663,18,1,2052-07-01 00:00:00,34.111967938773816
1664,18,1,2053-07-01 00:00:00,34.111967938773816
1665,18,2,2022-07-01 00:00:00,42.64859722568076
1666,18,2,2023-07-01 00:00:00,42.02447050897309
1667,18,2,2024-07-01 00:00:00,41.44834602280522
1668,18,2,2025-07-01 00:00:00,40.9133354374554
1669,18,2,2026-07-01 00:00:00,40.44467658806013
1670,18,2,2027-07-01 00:00:00,40.02738855762125
1671,18,2,2028-07-01 00:00:00,39.606887408070214
1672,18,2,2029-07-01 00:00:00,39.19839582856742
1673,18,2,2030-07-01 00:00:00,38.82106568877033
1674,18,2,2031-07-01 00:00:00,38.47943122399836
1675,18,2,2032-07-01 00:00:00,38.16816450550294
1676,18,2,2033-07-01 00:00:00,37.878038178298326
1677,18,2,2034-07-01 00:00:00,37.60283565192008
1678,18,2,2035-07-01 00:00:00,37.33785443198884
1679,18,2,2036-07-01 00:00:00,37.08126599359692
1680,18,2,2037-07-01 00:00:00,36.83166950485866
1681,18,2,2038-07-01 00:00:00,36.58653887744854
1682,18,2,2039-07-01 00:00:00,36.34568044819916
1683,18,2,2040-07-01 00:00:00,35.88507879526464
1684,18,2,2041-07-01 00:00:00,35.43153658193376
1685,18,2,2042-07-01 00:00:00,34.98492255044059
1686,18,2,2043-07-01 00:00:00,34.545108243266455
1687,18,2,2044-07-01 00:00:00,34.111967938773816
1688,18,2,2045-07-01 00:00:00,34.111967938773816
1689,18,2,2046-07-01 00:00:00,34.111967938773816
1690,18,2,2047-07-01 00:00:00,34.111967938773816
1691,18,2,2048-07-01 00:00:00,34.111967938773816
1692,18,2,2049-07-01 00:00:00,34.111967938773816
1693,18,2,2050-07-01 00:00:00,34.111967938773816
1694,18,2,2051-07-01 00:00:00,34.111967938773816
1695,18,2,2052-07-01 00:00:00,34.111967938773816
1696,18,2,2053-07-01 00:00:00,34.111967938773816
1697,18,3,2022-07-01 00:00:00,42.64859722568076
1698,18,3,2023-07-01 00:00:00,42.02447050897309
1699,18,3,2024-07-01 00:00:00,41.44834602280522
1700,18,3,2025-07-01 00:00:00,40.9133354374554
1701,18,3,2026-07-01 00:00:00,40.44467658806013
1702,18,3,2027-07-01 00:00:00,40.02738855762125
1703,18,3,2028-07-01 00:00:00,39.606887408070214
1704,18,3,2029-07-01 00:00:00,39.19839582856742
1705,18,3,2030-07-01 00:00:00,38.82106568877033
1706,18,3,2031-07-01 00:00:00,38.47943122399836
1707,18,3,2032-07-01 00:00:00,38.16816450550294
1708,18,3,2033-07-01 00:00:00,37.878038178298326
1709,18,3,2034-07-01 00:00:00,37.60283565192008
1710,18,3,2035-07-01 00:00:00,37.33785443198884
1711,18,3,2036-07-01 00:00:00,37.08126599359692
1712,18,3,2037-07-01 00:00:00,36.83166950485866
1713,18,3,2038-07-01 00:00:00,36.58653887744854
1714,18,3,2039-07-01 00:00:00,36.34568044819916
1715,18,3,2040-07-01 00:00:00,35.88507879526464
1716,18,3,2041-07-01 00:00:00,35.43153658193376
1717,18,3,2042-07-01 00:00:00,34.98492255044059
1718,18,3,2043-07-01 00:00:00,34.545108243266455
1719,18,3,2044-07-01 00:00:00,34.111967938773816
1720,18,3,2045-07-01 00:00:00,34.111967938773816
1721,18,3,2046-07-01 00:00:00,34.111967938773816
1722,18,3,2047-07-01 00:00:00,34.111967938773816
1723,18,3,2048-07-01 00:00:00,34.111967938773816
1724,18,3,2049-07-01 00:00:00,34.111967938773816
1725,18,3,2050-07-01 00:00:00,34.111967938773816
1726,18,3,2051-07-01 00:00:00,34.111967938773816
1727,18,3,2052-07-01 00:00:00,34.111967938773816
1728,18,3,2053-07-01 00:00:00,34.111967938773816
1921,21,1,2022-07-01 00:00:00,42.64859722568076
1922,21,1,2023-07-01 00:00:00,42.02447050897309
1923,21,1,2024-07-01 00:00:00,41.44834602280522
1924,21,1,2025-07-01 00:00:00,40.9133354374554
1925,21,1,2026-07-01 00:00:00,40.44467658806013
1926,21,1,2027-07-01 00:00:00,40.02738855762125
1927,21,1,2028-07-01 00:00:00,39.606887408070214
1928,21,1,2029-07-01 00:00:00,39.19839582856742
1929,21,1,2030-07-01 00:00:00,38.82106568877033
1930,21,1,2031-07-01 00:00:00,38.47943122399836
1931,21,1,2032-07-01 00:00:00,38.16816450550294
1932,21,1,2033-07-01 00:00:00,37.878038178298326
1933,21,1,2034-07-01 00:00:00,37.60283565192008
1934,21,1,2035-07-01 00:00:00,37.33785443198884
1935,21,1,2036-07-01 00:00:00,37.08126599359692
1936,21,1,2037-07-01 00:00:00,36.83166950485866
1937,21,1,2038-07-01 00:00:00,36.58653887744854
1938,21,1,2039-07-01 00:00:00,36.34568044819916
1939,21,1,2040-07-01 00:00:00,35.88507879526464
1940,21,1,2041-07-01 00:00:00,35.43153658193376
1941,21,1,2042-07-01 00:00:00,34.98492255044059
1942,21,1,2043-07-01 00:00:00,34.545108243266455
1943,21,1,2044-07-01 00:00:00,34.111967938773816
1944,21,1,2045-07-01 00:00:00,34.111967938773816
1945,21,1,2046-07-01 00:00:00,34.111967938773816
1946,21,1,2047-07-01 00:00:00,34.111967938773816
1947,21,1,2048-07-01 00:00:00,34.111967938773816
1948,21,1,2049-07-01 00:00:00,34.111967938773816
1949,21,1,2050-07-01 00:00:00,34.111967938773816
1950,21,1,2051-07-01 00:00:00,34.111967938773816
1951,21,1,2052-07-01 00:00:00,34.111967938773816
1952,21,1,2053-07-01 00:00:00,34.111967938773816
1953,21,2,2022-07-01 00:00:00,42.64859722568076
1954,21,2,2023-07-01 00:00:00,42.02447050897309
1955,21,2,2024-07-01 00:00:00,41.44834602280522
1956,21,2,2025-07-01 00:00:00,40.9133354374554
1957,21,2,2026-07-01 00:00:00,40.44467658806013
1958,21,2,2027-07-01 00:00:00,40.02738855762125
1959,21,2,2028-07-01 00:00:00,39.606887408070214
1960,21,2,2029-07-01 00:00:00,39.19839582856742
1961,21,2,2030-07-01 00:00:00,38.82106568877033
1962,21,2,2031-07-01 00:00:00,38.47943122399836
1963,21,2,2032-07-01 00:00:00,38.16816450550294
1964,21,2,2033-07-01 00:00:00,37.878038178298326
1965,21,2,2034-07-01 00:00:00,37.60283565192008
1966,21,2,2035-07-01 00:00:00,37.33785443198884
1967,21,2,2036-07-01 00:00:00,37.08126599359692
1968,21,2,2037-07-01 00:00:00,36.83166950485866
1969,21,2,2038-07-01 00:00:00,36.58653887744854
1970,21,2,2039-07-01 00:00:00,36.34568044819916
1971,21,2,2040-07-01 00:00:00,35.88507879526464
1972,21,2,2041-07-01 00:00:00,35.43153658193376
1973,21,2,2042-07-01 00:00:00,34.98492255044059
1974,21,2,2043-07-01 00:00:00,34.545108243266455
1975,21,2,2044-07-01 00:00:00,34.111967938773816
1976,21,2,2045-07-01 00:00:00,34.111967938773816
1977,21,2,2046-07-01 00:00:00,34.111967938773816
1978,21,2,2047-07-01 00:00:00,34.111967938773816
1979,21,2,2048-07-01 00:00:00,34.111967938773816
1980,21,2,2049-07-01 00:00:00,34.111967938773816
1981,21,2,2050-07-01 00:00:00,34.111967938773816
1982,21,2,2051-07-01 00:00:00,34.111967938773816
1983,21,2,2052-07-01 00:00:00,34.111967938773816
1984,21,2,2053-07-01 00:00:00,34.111967938773816
1985,21,3,2022-07-01 00:00:00,42.64859722568076
1986,21,3,2023-07-01 00:00:00,42.02447050897309
1987,21,3,2024-07-01 00:00:00,41.44834602280522
1988,21,3,2025-07-01 00:00:00,40.9133354374554
1989,21,3,2026-07-01 00:00:00,40.44467658806013
1990,21,3,2027-07-01 00:00:00,40.02738855762125
1991,21,3,2028-07-01 00:00:00,39.606887408070214
1992,21,3,2029-07-01 00:00:00,39.19839582856742
1993,21,3,2030-07-01 00:00:00,38.82106568877033
1994,21,3,2031-07-01 00:00:00,38.47943122399836
1995,21,3,2032-07-01 00:00:00,38.16816450550294
1996,21,3,2033-07-01 00:00:00,37.878038178298326
1997,21,3,2034-07-01 00:00:00,37.60283565192008
1998,21,3,2035-07-01 00:00:00,37.33785443198884
1999,21,3,2036-07-01 00:00:00,37.08126599359692
2000,21,3,2037-07-01 00:00:00,36.83166950485866
2001,21,3,2038-07-01 00:00:00,36.58653887744854
2002,21,3,2039-07-01 00:00:00,36.34568044819916
2003,21,3,2040-07-01 00:00:00,35.88507879526464
2004,21,3,2041-07-01 00:00:00,35.43153658193376
2005,21,3,2042-07-01 00:00:00,34.98492255044059
2006,21,3,2043-07-01 00:00:00,34.545108243266455
2007,21,3,2044-07-01 00:00:00,34.111967938773816
2008,21,3,2045-07-01 00:00:00,34.111967938773816
2009,21,3,2046-07-01 00:00:00,34.111967938773816
2010,21,3,2047-07-01 00:00:00,34.111967938773816
2011,21,3,2048-07-01 00:00:00,34.111967938773816
2012,21,3,2049-07-01 00:00:00,34.111967938773816
2013,21,3,2050-07-01 00:00:00,34.111967938773816
2014,21,3,2051-07-01 00:00:00,34.111967938773816
2015,21,3,2052-07-01 00:00:00,34.111967938773816
2016,21,3,2053-07-01 00:00:00,34.111967938773816
2017,22,1,2022-07-01 00:00:00,42.64859722568076
2018,22,1,2023-07-01 00:00:00,42.02447050897309
2019,22,1,2024-07-01 00:00:00,41.44834602280522
2020,22,1,2025-07-01 00:00:00,40.9133354374554
2021,22,1,2026-07-01 00:00:00,40.44467658806013
2022,22,1,2027-07-01 00:00:00,40.02738855762125
2023,22,1,2028-07-01 00:00:00,39.606887408070214
2024,22,1,2029-07-01 00:00:00,39.19839582856742
2025,22,1,2030-07-01 00:00:00,38.82106568877033
2026,22,1,2031-07-01 00:00:00,38.47943122399836
2027,22,1,2032-07-01 00:00:00,38.16816450550294
2028,22,1,2033-07-01 00:00:00,37.878038178298326
2029,22,1,2034-07-01 00:00:00,37.60283565192008
2030,22,1,2035-07-01 00:00:00,37.33785443198884
2031,22,1,2036-07-01 00:00:00,37.08126599359692
2032,22,1,2037-07-01 00:00:00,36.83166950485866
2033,22,1,2038-07-01 00:00:00,36.58653887744854
2034,22,1,2039-07-01 00:00:00,36.34568044819916
2035,22,1,2040-07-01 00:00:00,35.88507879526464
2036,22,1,2041-07-01 00:00:00,35.43153658193376
2037,22,1,2042-07-01 00:00:00,34.98492255044059
2038,22,1,2043-07-01 00:00:00,34.545108243266455
2039,22,1,2044-07-01 00:00:00,34.111967938773816
2040,22,1,2045-07-01 00:00:00,34.111967938773816
2041,22,1,2046-07-01 00:00:00,34.111967938773816
2042,22,1,2047-07-01 00:00:00,34.111967938773816
2043,22,1,2048-07-01 00:00:00,34.111967938773816
2044,22,1,2049-07-01 00:00:00,34.111967938773816
2045,22,1,2050-07-01 00:00:00,34.111967938773816
2046,22,1,2051-07-01 00:00:00,34.111967938773816
2047,22,1,2052-07-01 00:00:00,34.111967938773816
2048,22,1,2053-07-01 00:00:00,34.111967938773816
2049,22,2,2022-07-01 00:00:00,42.64859722568076
2050,22,2,2023-07-01 00:00:00,42.02447050897309
2051,22,2,2024-07-01 00:00:00,41.44834602280522
2052,22,2,2025-07-01 00:00:00,40.9133354374554
2053,22,2,2026-07-01 00:00:00,40.44467658806013
2054,22,2,2027-07-01 00:00:00,40.02738855762125
2055,22,2,2028-07-01 00:00:00,39.606887408070214
2056,22,2,2029-07-01 00:00:00,39.19839582856742
2057,22,2,2030-07-01 00:00:00,38.82106568877033
2058,22,2,2031-07-01 00:00:00,38.47943122399836
2059,22,2,2032-07-01 00:00:00,38.16816450550294
2060,22,2,2033-07-01 00:00:00,37.878038178298326
2061,22,2,2034-07-01 00:00:00,37.60283565192008
2062,22,2,2035-07-01 00:00:00,37.33785443198884
2063,22,2,2036-07-01 00:00:00,37.08126599359692
2064,22,2,2037-07-01 00:00:00,36.83166950485866
2065,22,2,2038-07-01 00:00:00,36.58653887744854
2066,22,2,2039-07-01 00:00:00,36.34568044819916
2067,22,2,2040-07-01 00:00:00,35.88507879526464
2068,22,2,2041-07-01 00:00:00,35.43153658193376
2069,22,2,2042-07-01 00:00:00,34.98492255044059
2070,22,2,2043-07-01 00:00:00,34.545108243266455
2071,22,2,2044-07-01 00:00:00,34.111967938773816
2072,22,2,2045-07-01 00:00:00,34.111967938773816
2073,22,2,2046-07-01 00:00:00,34.111967938773816
2074,22,2,2047-07-01 00:00:00,34.111967938773816
2075,22,2,2048-07-01 00:00:00,34.111967938773816
2076,22,2,2049-07-01 00:00:00,34.111967938773816
2077,22,2,2050-07-01 00:00:00,34.111967938773816
2078,22,2,2051-07-01 00:00:00,34.111967938773816
2079,22,2,2052-07-01 00:00:00,34.111967938773816
2080,22,2,2053-07-01 00:00:00,34.111967938773816
2081,22,3,2022-07-01 00:00:00,42.64859722568076
2082,22,3,2023-07-01 00:00:00,42.02447050897309
2083,22,3,2024-07-01 00:00:00,41.44834602280522
2084,22,3,2025-07-01 00:00:00,40.9133354374554
2085,22,3,2026-07-01 00:00:00,40.44467658806013
2086,22,3,2027-07-01 00:00:00,40.02738855762125
2087,22,3,2028-07-01 00:00:00,39.606887408070214
2088,22,3,2029-07-01 00:00:00,39.19839582856742
2089,22,3,2030-07-01 00:00:00,38.82106568877033
2090,22,3,2031-07-01 00:00:00,38.47943122399836
2091,22,3,2032-07-01 00:00:00,38.16816450550294
2092,22,3,2033-07-01 00:00:00,37.878038178298326
2093,22,3,2034-07-01 00:00:00,37.60283565192008
2094,22,3,2035-07-01 00:00:00,37.33785443198884
2095,22,3,2036-07-01 00:00:00,37.08126599359692
2096,22,3,2037-07-01 00:00:00,36.83166950485866
2097,22,3,2038-07-01 00:00:00,36.58653887744854
2098,22,3,2039-07-01 00:00:00,36.34568044819916
2099,22,3,2040-07-01 00:00:00,35.88507879526464
2100,22,3,2041-07-01 00:00:00,35.43153658193376
2101,22,3,2042-07-01 00:00:00,34.98492255044059
2102,22,3,2043-07-01 00:00:00,34.545108243266455
2103,22,3,2044-07-01 00:00:00,34.111967938773816
2104,22,3,2045-07-01 00:00:00,34.111967938773816
2105,22,3,2046-07-01 00:00:00,34.111967938773816
2106,22,3,2047-07-01 00:00:00,34.111967938773816
2107,22,3,2048-07-01 00:00:00,34.111967938773816
2108,22,3,2049-07-01 00:00:00,34.111967938773816
2109,22,3,2050-07-01 00:00:00,34.111967938773816
2110,22,3,2051-07-01 00:00:00,34.111967938773816
2111,22,3,2052-07-01 00:00:00,34.111967938773816
2112,22,3,2053-07-01 00:00:00,34.111967938773816
2113,53,1,2024-07-01 00:00:00,43.21780644571428
2114,53,1,2025-07-01 00:00:00,42.012919205714276
2115,53,1,2026-07-01 00:00:00,40.838400085714284
2116,53,1,2027-07-01 00:00:00,39.69424908571428
2117,53,1,2028-07-01 00:00:00,38.58046620571428
2118,53,1,2029-07-01 00:00:00,37.49705144571428
2119,53,1,2030-07-01 00:00:00,36.44400480571428
2120,53,1,2031-07-01 00:00:00,35.42132628571428
2121,53,1,2032-07-01 00:00:00,34.42901588571428
2122,53,1,2033-07-01 00:00:00,33.46707360571428
2123,53,1,2034-07-01 00:00:00,32.53549944571428
2124,53,1,2035-07-01 00:00:00,31.634293405714278
2125,53,1,2036-07-01 00:00:00,30.763455485714285
2126,53,1,2037-07-01 00:00:00,29.922985685714284
2127,53,1,2038-07-01 00:00:00,29.11288400571428
2128,53,1,2039-07-01 00:00:00,28.33315044571428
2129,53,1,2040-07-01 00:00:00,27.58378500571428
2130,53,1,2041-07-01 00:00:00,26.864787685714283
2131,53,1,2042-07-01 00:00:00,26.176158485714282
2132,53,1,2043-07-01 00:00:00,25.51789740571428
2133,53,1,2044-07-01 00:00:00,24.890004445714286
2134,53,1,2045-07-01 00:00:00,24.292479605714284
2135,53,1,2046-07-01 00:00:00,23.725322885714284
2136,53,1,2047-07-01 00:00:00,23.18853428571428
2137,53,1,2048-07-01 00:00:00,22.68211380571428
2138,53,1,2049-07-01 00:00:00,22.20606144571428
2139,53,1,2050-07-01 00:00:00,21.76037720571429
2140,53,1,2051-07-01 00:00:00,21.345061085714285
2141,53,1,2052-07-01 00:00:00,20.960113085714287
2142,53,2,2024-07-01 00:00:00,42.904715405714285
2143,53,2,2025-07-01 00:00:00,41.46319207571429
2144,53,2,2026-07-01 00:00:00,40.06208828571428
2145,53,2,2027-07-01 00:00:00,38.70140403571429
2146,53,2,2028-07-01 00:00:00,37.38113932571429
2147,53,2,2029-07-01 00:00:00,36.101294155714285
2148,53,2,2030-07-01 00:00:00,34.861868525714286
2149,53,2,2031-07-01 00:00:00,33.66286243571429
2150,53,2,2032-07-01 00:00:00,32.504275885714286
2151,53,2,2033-07-01 00:00:00,31.386108875714285
2152,53,2,2034-07-01 00:00:00,30.30836140571429
2153,53,2,2035-07-01 00:00:00,29.271033475714287
2154,53,2,2036-07-01 00:00:00,28.274125085714285
2155,53,2,2037-07-01 00:00:00,27.317636235714286
2156,53,2,2038-07-01 00:00:00,26.401566925714285
2157,53,2,2039-07-01 00:00:00,25.525917155714286
2158,53,2,2040-07-01 00:00:00,24.69068692571428
2159,53,2,2041-07-01 00:00:00,23.895876235714287
2160,53,2,2042-07-01 00:00:00,23.141485085714283
2161,53,2,2043-07-01 00:00:00,22.42751347571428
2162,53,2,2044-07-01 00:00:00,21.753961405714286
2163,53,2,2045-07-01 00:00:00,21.120828875714288
2164,53,2,2046-07-01 00:00:00,20.52811588571429
2165,53,2,2047-07-01 00:00:00,19.97582243571428
2166,53,2,2048-07-01 00:00:00,19.463948525714287
2167,53,2,2049-07-01 00:00:00,18.992494155714287
2168,53,2,2050-07-01 00:00:00,18.561459325714285
2169,53,2,2051-07-01 00:00:00,18.170844035714286
2170,53,2,2052-07-01 00:00:00,17.82064828571428
2171,53,3,2024-07-01 00:00:00,40.87689488571428
2172,53,3,2025-07-01 00:00:00,39.440718055714285
2173,53,3,2026-07-01 00:00:00,38.04581620571428
2174,53,3,2027-07-01 00:00:00,36.69218933571428
2175,53,3,2028-07-01 00:00:00,35.37983744571428
2176,53,3,2029-07-01 00:00:00,34.10876053571428
2177,53,3,2030-07-01 00:00:00,32.87895860571428
2178,53,3,2031-07-01 00:00:00,31.69043165571428
2179,53,3,2032-07-01 00:00:00,30.543179685714282
2180,53,3,2033-07-01 00:00:00,29.437202695714284
2181,53,3,2034-07-01 00:00:00,28.372500685714282
2182,53,3,2035-07-01 00:00:00,27.34907365571428
2183,53,3,2036-07-01 00:00:00,26.366921605714285
2184,53,3,2037-07-01 00:00:00,25.426044535714283
2185,53,3,2038-07-01 00:00:00,24.52644244571428
2186,53,3,2039-07-01 00:00:00,23.668115335714283
2187,53,3,2040-07-01 00:00:00,22.851063205714283
2188,53,3,2041-07-01 00:00:00,22.075286055714287
2189,53,3,2042-07-01 00:00:00,21.34078388571428
2190,53,3,2043-07-01 00:00:00,20.647556695714282
2191,53,3,2044-07-01 00:00:00,19.995604485714285
2192,53,3,2045-07-01 00:00:00,19.384927255714285
2193,53,3,2046-07-01 00:00:00,18.81552500571429
2194,53,3,2047-07-01 00:00:00,18.28739773571428
2195,53,3,2048-07-01 00:00:00,17.800545445714285
2196,53,3,2049-07-01 00:00:00,17.354968135714284
2197,53,3,2050-07-01 00:00:00,16.950665805714284
2198,53,3,2051-07-01 00:00:00,16.587638455714288
2199,53,3,2052-07-01 00:00:00,16.265886085714282
2200,54,1,2024-07-01 00:00:00,43.21780644571428
2201,54,1,2025-07-01 00:00:00,42.012919205714276
2202,54,1,2026-07-01 00:00:00,40.838400085714284
2203,54,1,2027-07-01 00:00:00,39.69424908571428
2204,54,1,2028-07-01 00:00:00,38.58046620571428
2205,54,1,2029-07-01 00:00:00,37.49705144571428
2206,54,1,2030-07-01 00:00:00,36.44400480571428
2207,54,1,2031-07-01 00:00:00,35.42132628571428
2208,54,1,2032-07-01 00:00:00,34.42901588571428
2209,54,1,2033-07-01 00:00:00,33.46707360571428
2210,54,1,2034-07-01 00:00:00,32.53549944571428
2211,54,1,2035-07-01 00:00:00,31.634293405714278
2212,54,1,2036-07-01 00:00:00,30.763455485714285
2213,54,1,2037-07-01 00:00:00,29.922985685714284
2214,54,1,2038-07-01 00:00:00,29.11288400571428
2215,54,1,2039-07-01 00:00:00,28.33315044571428
2216,54,1,2040-07-01 00:00:00,27.58378500571428
2217,54,1,2041-07-01 00:00:00,26.864787685714283
2218,54,1,2042-07-01 00:00:00,26.176158485714282
2219,54,1,2043-07-01 00:00:00,25.51789740571428
2220,54,1,2044-07-01 00:00:00,24.890004445714286
2221,54,1,2045-07-01 00:00:00,24.292479605714284
2222,54,1,2046-07-01 00:00:00,23.725322885714284
2223,54,1,2047-07-01 00:00:00,23.18853428571428
2224,54,1,2048-07-01 00:00:00,22.68211380571428
2225,54,1,2049-07-01 00:00:00,22.20606144571428
2226,54,1,2050-07-01 00:00:00,21.76037720571429
2227,54,1,2051-07-01 00:00:00,21.345061085714285
2228,54,1,2052-07-01 00:00:00,20.960113085714287
2229,54,2,2024-07-01 00:00:00,42.904715405714285
2230,54,2,2025-07-01 00:00:00,41.46319207571429
2231,54,2,2026-07-01 00:00:00,40.06208828571428
2232,54,2,2027-07-01 00:00:00,38.70140403571429
2233,54,2,2028-07-01 00:00:00,37.38113932571429
2234,54,2,2029-07-01 00:00:00,36.101294155714285
2235,54,2,2030-07-01 00:00:00,34.861868525714286
2236,54,2,2031-07-01 00:00:00,33.66286243571429
2237,54,2,2032-07-01 00:00:00,32.504275885714286
2238,54,2,2033-07-01 00:00:00,31.386108875714285
2239,54,2,2034-07-01 00:00:00,30.30836140571429
2240,54,2,2035-07-01 00:00:00,29.271033475714287
2241,54,2,2036-07-01 00:00:00,28.274125085714285
2242,54,2,2037-07-01 00:00:00,27.317636235714286
2243,54,2,2038-07-01 00:00:00,26.401566925714285
2244,54,2,2039-07-01 00:00:00,25.525917155714286
2245,54,2,2040-07-01 00:00:00,24.69068692571428
2246,54,2,2041-07-01 00:00:00,23.895876235714287
2247,54,2,2042-07-01 00:00:00,23.141485085714283
2248,54,2,2043-07-01 00:00:00,22.42751347571428
2249,54,2,2044-07-01 00:00:00,21.753961405714286
2250,54,2,2045-07-01 00:00:00,21.120828875714288
2251,54,2,2046-07-01 00:00:00,20.52811588571429
2252,54,2,2047-07-01 00:00:00,19.97582243571428
2253,54,2,2048-07-01 00:00:00,19.463948525714287
2254,54,2,2049-07-01 00:00:00,18.992494155714287
2255,54,2,2050-07-01 00:00:00,18.561459325714285
2256,54,2,2051-07-01 00:00:00,18.170844035714286
2257,54,2,2052-07-01 00:00:00,17.82064828571428
2258,54,3,2024-07-01 00:00:00,40.87689488571428
2259,54,3,2025-07-01 00:00:00,39.440718055714285
2260,54,3,2026-07-01 00:00:00,38.04581620571428
2261,54,3,2027-07-01 00:00:00,36.69218933571428
2262,54,3,2028-07-01 00:00:00,35.37983744571428
2263,54,3,2029-07-01 00:00:00,34.10876053571428
2264,54,3,2030-07-01 00:00:00,32.87895860571428
2265,54,3,2031-07-01 00:00:00,31.69043165571428
2266,54,3,2032-07-01 00:00:00,30.543179685714282
2267,54,3,2033-07-01 00:00:00,29.437202695714284
2268,54,3,2034-07-01 00:00:00,28.372500685714282
2269,54,3,2035-07-01 00:00:00,27.34907365571428
2270,54,3,2036-07-01 00:00:00,26.366921605714285
2271,54,3,2037-07-01 00:00:00,25.426044535714283
2272,54,3,2038-07-01 00:00:00,24.52644244571428
2273,54,3,2039-07-01 00:00:00,23.668115335714283
2274,54,3,2040-07-01 00:00:00,22.851063205714283
2275,54,3,2041-07-01 00:00:00,22.075286055714287
2276,54,3,2042-07-01 00:00:00,21.34078388571428
2277,54,3,2043-07-01 00:00:00,20.647556695714282
2278,54,3,2044-07-01 00:00:00,19.995604485714285
2279,54,3,2045-07-01 00:00:00,19.384927255714285
2280,54,3,2046-07-01 00:00:00,18.81552500571429
2281,54,3,2047-07-01 00:00:00,18.28739773571428
2282,54,3,2048-07-01 00:00:00,17.800545445714285
2283,54,3,2049-07-01 00:00:00,17.354968135714284
2284,54,3,2050-07-01 00:00:00,16.950665805714284
2285,54,3,2051-07-01 00:00:00,16.587638455714288
2286,54,3,2052-07-01 00:00:00,16.265886085714282
2287,55,1,2022-07-01 00:00:00,17.83313936502922
2288,55,1,2023-07-01 00:00:00,17.56672585154969
2289,55,1,2024-07-01 00:00:00,16.298519968139612
2290,55,1,2025-07-01 00:00:00,13.986633063241255
2291,55,1,2026-07-01 00:00:00,12.613230636064554
2292,55,1,2027-07-01 00:00:00,12.427479524006575
2293,55,1,2028-07-01 00:00:00,12.351206126511237
2294,55,1,2029-07-01 00:00:00,12.391930146169981
2295,55,1,2030-07-01 00:00:00,12.47540177501229
2296,55,1,2031-07-01 00:00:00,12.393707342645165
2297,55,1,2032-07-01 00:00:00,12.418869937682489
2298,55,1,2033-07-01 00:00:00,12.89261373930831
2299,55,1,2034-07-01 00:00:00,13.418711290297715
2300,55,1,2035-07-01 00:00:00,13.74590772321131
2301,55,1,2036-07-01 00:00:00,13.875566864613813
2302,55,1,2037-07-01 00:00:00,14.127595748265222
2303,55,1,2038-07-01 00:00:00,14.347287237842147
2304,55,1,2039-07-01 00:00:00,14.388584268353004
2305,55,1,2040-07-01 00:00:00,14.600419059180723
2306,55,1,2041-07-01 00:00:00,14.892776707936994
2307,55,1,2042-07-01 00:00:00,15.148435395408477
2308,55,1,2043-07-01 00:00:00,15.466310135287282
2309,55,1,2044-07-01 00:00:00,15.685390815078105
2310,55,1,2045-07-01 00:00:00,15.816396442491573
2311,55,1,2046-07-01 00:00:00,15.917457998423618
2312,55,1,2047-07-01 00:00:00,16.164422201689277
2313,55,1,2048-07-01 00:00:00,16.705429397978495
2314,55,1,2049-07-01 00:00:00,17.04247353268652
2315,55,1,2050-07-01 00:00:00,17.208810219716284
2316,55,1,2051-07-01 00:00:00,17.504718151178192
2317,55,1,2052-07-01 00:00:00,17.80572669124011
2318,55,1,2053-07-01 00:00:00,18.111923972126046
2319,55,2,2022-07-01 00:00:00,17.979921577384108
2320,55,2,2023-07-01 00:00:00,17.670279732215683
2321,55,2,2024-07-01 00:00:00,16.685503700738565
2322,55,2,2025-07-01 00:00:00,14.336003569553942
2323,55,2,2026-07-01 00:00:00,12.380442995874205
2324,55,2,2027-07-01 00:00:00,11.839149412170087
2325,55,2,2028-07-01 00:00:00,11.51665239145224
2326,55,2,2029-07-01 00:00:00,11.43930818926079
2327,55,2,2030-07-01 00:00:00,11.402240772409563
2328,55,2,2031-07-01 00:00:00,11.367800841902763
2329,55,2,2032-07-01 00:00:00,11.434062776659122
2330,55,2,2033-07-01 00:00:00,11.560825022075722
2331,55,2,2034-07-01 00:00:00,11.75045889373991
2332,55,2,2035-07-01 00:00:00,11.864179417012842
2333,55,2,2036-07-01 00:00:00,11.84872666723129
2334,55,2,2037-07-01 00:00:00,11.965844550444697
2335,55,2,2038-07-01 00:00:00,12.128162348968665
2336,55,2,2039-07-01 00:00:00,12.414508130222558
2337,55,2,2040-07-01 00:00:00,12.8708385276266
2338,55,2,2041-07-01 00:00:00,13.143356493312112
2339,55,2,2042-07-01 00:00:00,13.166542652675755
2340,55,2,2043-07-01 00:00:00,13.210329166930205
2341,55,2,2044-07-01 00:00:00,13.425755774121026
2342,55,2,2045-07-01 00:00:00,13.70226071000631
2343,55,2,2046-07-01 00:00:00,13.856350347018783
2344,55,2,2047-07-01 00:00:00,13.87588097857707
2345,55,2,2048-07-01 00:00:00,14.033078081564081
2346,55,2,2049-07-01 00:00:00,14.157480524899956
2347,55,2,2050-07-01 00:00:00,14.180786537780092
2348,55,2,2051-07-01 00:00:00,14.309305821892046
2349,55,2,2052-07-01 00:00:00,14.439165633513921
2350,55,2,2053-07-01 00:00:00,14.570381981458286
2351,55,3,2022-07-01 00:00:00,18.107395661367317
2352,55,3,2023-07-01 00:00:00,17.450691635423066
2353,55,3,2024-07-01 00:00:00,16.897642518154754
2354,55,3,2025-07-01 00:00:00,14.606749630550548
2355,55,3,2026-07-01 00:00:00,11.37190793021439
2356,55,3,2027-07-01 00:00:00,10.448824295440733
2357,55,3,2028-07-01 00:00:00,10.339106334906118
2358,55,3,2029-07-01 00:00:00,10.200673620835241
2359,55,3,2030-07-01 00:00:00,10.009715447071908
2360,55,3,2031-07-01 00:00:00,9.71061423260789
2361,55,3,2032-07-01 00:00:00,9.495300280047463
2362,55,3,2033-07-01 00:00:00,9.517879576132884
2363,55,3,2034-07-01 00:00:00,9.596509604900845
2364,55,3,2035-07-01 00:00:00,9.68468594880651
2365,55,3,2036-07-01 00:00:00,9.712941380397053
2366,55,3,2037-07-01 00:00:00,9.769927268800632
2367,55,3,2038-07-01 00:00:00,9.898343844277004
2368,55,3,2039-07-01 00:00:00,9.932730298072263
2369,55,3,2040-07-01 00:00:00,9.972445407359263
2370,55,3,2041-07-01 00:00:00,10.060714007900593
2371,55,3,2042-07-01 00:00:00,10.159050903713808
2372,55,3,2043-07-01 00:00:00,10.305813627342793
2373,55,3,2044-07-01 00:00:00,10.42309019523291
2374,55,3,2045-07-01 00:00:00,10.528358097960913
2375,55,3,2046-07-01 00:00:00,10.61423038153397
2376,55,3,2047-07-01 00:00:00,10.661207570487313
2377,55,3,2048-07-01 00:00:00,10.726373787615401
2378,55,3,2049-07-01 00:00:00,10.746217312364834
2379,55,3,2050-07-01 00:00:00,10.751942938760052
2380,55,3,2051-07-01 00:00:00,10.83724173484992
2381,55,3,2052-07-01 00:00:00,10.923219278464046
2382,55,3,2053-07-01 00:00:00,11.009880986073192
2383,56,1,2022-07-01 00:00:00,17.78667598365162
2384,56,1,2023-07-01 00:00:00,17.075984585896506
2385,56,1,2024-07-01 00:00:00,15.821040824934506
2386,56,1,2025-07-01 00:00:00,14.28274772564611
2387,56,1,2026-07-01 00:00:00,13.25627793938755
2388,56,1,2027-07-01 00:00:00,13.18006801966165
2389,56,1,2028-07-01 00:00:00,13.12439956111635
2390,56,1,2029-07-01 00:00:00,13.0851411126353
2391,56,1,2030-07-01 00:00:00,13.09190263733165
2392,56,1,2031-07-01 00:00:00,13.099224287086749
2393,56,1,2032-07-01 00:00:00,13.181107757195651
2394,56,1,2033-07-01 00:00:00,13.43091130459465
2395,56,1,2034-07-01 00:00:00,13.60419195619485
2396,56,1,2035-07-01 00:00:00,13.6446010308212
2397,56,1,2036-07-01 00:00:00,13.66227846464055
2398,56,1,2037-07-01 00:00:00,13.8066499741353
2399,56,1,2038-07-01 00:00:00,13.95773073299245
2400,56,1,2039-07-01 00:00:00,13.9851176602062
2401,56,1,2040-07-01 00:00:00,14.1213556701286
2402,56,1,2041-07-01 00:00:00,14.2463556701286
2403,56,1,2042-07-01 00:00:00,14.2463556701286
2404,56,1,2043-07-01 00:00:00,14.2504361772042
2405,56,1,2044-07-01 00:00:00,14.265687015948949
2406,56,1,2045-07-01 00:00:00,14.28448276699045
2407,56,1,2046-07-01 00:00:00,14.2921081863628
2408,56,1,2047-07-01 00:00:00,14.2921081863628
2409,56,1,2048-07-01 00:00:00,14.299733605735199
2410,56,1,2049-07-01 00:00:00,14.312655000972871
2411,56,1,2050-07-01 00:00:00,14.323250873393505
2412,56,1,2051-07-01 00:00:00,14.333854590096863
2413,56,1,2052-07-01 00:00:00,14.344466156890185
2414,56,1,2053-07-01 00:00:00,14.355085579585008
2415,56,2,2022-07-01 00:00:00,17.731394666308788
2416,56,2,2023-07-01 00:00:00,17.017332913445244
2417,56,2,2024-07-01 00:00:00,15.371398100346855
2418,56,2,2025-07-01 00:00:00,13.635483952719056
2419,56,2,2026-07-01 00:00:00,12.319004422071881
2420,56,2,2027-07-01 00:00:00,11.79401548604492
2421,56,2,2028-07-01 00:00:00,11.775514062628146
2422,56,2,2029-07-01 00:00:00,11.77178982417983
2423,56,2,2030-07-01 00:00:00,11.77454945087483
2424,56,2,2031-07-01 00:00:00,11.783192307423882
2425,56,2,2032-07-01 00:00:00,11.913563283639775
2426,56,2,2033-07-01 00:00:00,12.0367998255304
2427,56,2,2034-07-01 00:00:00,12.045767445229
2428,56,2,2035-07-01 00:00:00,12.0541262898048
2429,56,2,2036-07-01 00:00:00,12.060358242767851
2430,56,2,2037-07-01 00:00:00,12.178278353624
2431,56,2,2038-07-01 00:00:00,12.29143336192395
2432,56,2,2039-07-01 00:00:00,12.306644695035398
2433,56,2,2040-07-01 00:00:00,12.4539440334663
2434,56,2,2041-07-01 00:00:00,12.61256303038
2435,56,2,2042-07-01 00:00:00,12.642174777148849
2436,56,2,2043-07-01 00:00:00,12.6463556701286
2437,56,2,2044-07-01 00:00:00,12.6463556701286
2438,56,2,2045-07-01 00:00:00,12.6463556701286
2439,56,2,2046-07-01 00:00:00,12.6463556701286
2440,56,2,2047-07-01 00:00:00,12.65736936679715
2441,56,2,2048-07-01 00:00:00,12.6726202055419
2442,56,2,2049-07-01 00:00:00,12.679911926541113
2443,56,2,2050-07-01 00:00:00,12.68602255643216
2444,56,2,2051-07-01 00:00:00,12.692136131122659
2445,56,2,2052-07-01 00:00:00,12.69825265203175
2446,56,2,2053-07-01 00:00:00,12.704372120579254
2447,56,3,2022-07-01 00:00:00,16.30281120764067
2448,56,3,2023-07-01 00:00:00,15.452903520570903
2449,56,3,2024-07-01 00:00:00,14.169948920107196
2450,56,3,2025-07-01 00:00:00,12.808037795402086
2451,56,3,2026-07-01 00:00:00,11.115901262257832
2452,56,3,2027-07-01 00:00:00,10.360206832533937
2453,56,3,2028-07-01 00:00:00,10.360119332533936
2454,56,3,2029-07-01 00:00:00,10.354490301618132
2455,56,3,2030-07-01 00:00:00,10.348883145702334
2456,56,3,2031-07-01 00:00:00,10.316561237023619
2457,56,3,2032-07-01 00:00:00,10.417501413621242
2458,56,3,2033-07-01 00:00:00,10.545045222947408
2459,56,3,2034-07-01 00:00:00,10.552402620022221
2460,56,3,2035-07-01 00:00:00,10.560066662149264
2461,56,3,2036-07-01 00:00:00,10.58919817792166
2462,56,3,2037-07-01 00:00:00,10.721587959051366
2463,56,3,2038-07-01 00:00:00,10.851731394041156
2464,56,3,2039-07-01 00:00:00,10.755484713910334
2465,56,3,2040-07-01 00:00:00,10.773411288840416
2466,56,3,2041-07-01 00:00:00,10.91237619460219
2467,56,3,2042-07-01 00:00:00,10.912514561881824
2468,56,3,2043-07-01 00:00:00,10.912514561881824
2469,56,3,2044-07-01 00:00:00,10.912514561881824
2470,56,3,2045-07-01 00:00:00,10.912514561881824
2471,56,3,2046-07-01 00:00:00,10.912514561881824
2472,56,3,2047-07-01 00:00:00,10.912514561881824
2473,56,3,2048-07-01 00:00:00,10.912514561881824
2474,56,3,2049-07-01 00:00:00,10.83266689435586
2475,56,3,2050-07-01 00:00:00,10.752819226829896
2476,56,3,2051-07-01 00:00:00,10.752819226829896
2477,56,3,2052-07-01 00:00:00,10.752819226829896
2478,56,3,2053-07-01 00:00:00,10.752819226829896
2479,57,1,2022-07-01 00:00:00,17.92664397864336
2480,57,1,2023-07-01 00:00:00,17.52528617645228
2481,57,1,2024-07-01 00:00:00,16.108659859917434
2482,57,1,2025-07-01 00:00:00,13.976789627834115
2483,57,1,2026-07-01 00:00:00,12.820817711357638
2484,57,1,2027-07-01 00:00:00,12.690345915555909
2485,57,1,2028-07-01 00:00:00,12.637839486883188
2486,57,1,2029-07-01 00:00:00,12.625401234386764
2487,57,1,2030-07-01 00:00:00,12.641654048354798
2488,57,1,2031-07-01 00:00:00,12.528701392122475
2489,57,1,2032-07-01 00:00:00,12.57964149364972
2490,57,1,2033-07-01 00:00:00,13.065920485644513
2491,57,1,2034-07-01 00:00:00,13.547042653138227
2492,57,1,2035-07-01 00:00:00,13.816699827939875
2493,57,1,2036-07-01 00:00:00,13.878588732629268
2494,57,1,2037-07-01 00:00:00,14.038724348945117
2495,57,1,2038-07-01 00:00:00,14.191542543488854
2496,57,1,2039-07-01 00:00:00,14.173143606502823
2497,57,1,2040-07-01 00:00:00,14.321505752635069
2498,57,1,2041-07-01 00:00:00,14.538264124102044
2499,57,1,2042-07-01 00:00:00,14.720750607274002
2500,57,1,2043-07-01 00:00:00,14.988768661159991
2501,57,1,2044-07-01 00:00:00,15.167533411102088
2502,57,1,2045-07-01 00:00:00,15.273872552178418
2503,57,1,2046-07-01 00:00:00,15.316509226932915
2504,57,1,2047-07-01 00:00:00,15.308799699761689
2505,57,1,2048-07-01 00:00:00,15.911293791380498
2506,57,1,2049-07-01 00:00:00,16.536434434837496
2507,57,1,2050-07-01 00:00:00,16.708783245444625
2508,57,1,2051-07-01 00:00:00,17.00718827990221
2509,57,1,2052-07-01 00:00:00,17.310923836243838
2510,57,1,2053-07-01 00:00:00,17.620085157772454
2511,57,2,2022-07-01 00:00:00,17.902456206313683
2512,57,2,2023-07-01 00:00:00,17.467767711075687
2513,57,2,2024-07-01 00:00:00,16.29535190113553
2514,57,2,2025-07-01 00:00:00,14.256597760057549
2515,57,2,2026-07-01 00:00:00,12.615393610086759
2516,57,2,2027-07-01 00:00:00,12.081454025861497
2517,57,2,2028-07-01 00:00:00,11.77346143119407
2518,57,2,2029-07-01 00:00:00,11.622226228444912
2519,57,2,2030-07-01 00:00:00,11.586055369582953
2520,57,2,2031-07-01 00:00:00,11.589579550082862
2521,57,2,2032-07-01 00:00:00,11.65699667118441
2522,57,2,2033-07-01 00:00:00,11.757982611230524
2523,57,2,2034-07-01 00:00:00,11.91005481239996
2524,57,2,2035-07-01 00:00:00,11.992131472910346
2525,57,2,2036-07-01 00:00:00,11.971401600048276
2526,57,2,2037-07-01 00:00:00,12.099527809937062
2527,57,2,2038-07-01 00:00:00,12.27255486675061
2528,57,2,2039-07-01 00:00:00,12.523473815600767
2529,57,2,2040-07-01 00:00:00,12.843806846926896
2530,57,2,2041-07-01 00:00:00,13.054686997084302
2531,57,2,2042-07-01 00:00:00,13.04103992661813
2532,57,2,2043-07-01 00:00:00,12.97600576227897
2533,57,2,2044-07-01 00:00:00,13.146806502535956
2534,57,2,2045-07-01 00:00:00,13.400741429975248
2535,57,2,2046-07-01 00:00:00,13.535974494859907
2536,57,2,2047-07-01 00:00:00,13.532161651383813
2537,57,2,2048-07-01 00:00:00,13.571122086854952
2538,57,2,2049-07-01 00:00:00,13.592667219653706
2539,57,2,2050-07-01 00:00:00,13.61080779290917
2540,57,2,2051-07-01 00:00:00,13.730102026814304
2541,57,2,2052-07-01 00:00:00,13.850810180778865
2542,57,2,2053-07-01 00:00:00,13.972952502658142
2543,57,3,2022-07-01 00:00:00,17.49297944258229
2544,57,3,2023-07-01 00:00:00,16.712183968554722
2545,57,3,2024-07-01 00:00:00,15.418393370524168
2546,57,3,2025-07-01 00:00:00,13.602810776824308
2547,57,3,2026-07-01 00:00:00,11.58303252120846
2548,57,3,2027-07-01 00:00:00,10.749070360590437
2549,57,3,2028-07-01 00:00:00,10.612052502950428
2550,57,3,2029-07-01 00:00:00,10.508202815566577
2551,57,3,2030-07-01 00:00:00,10.337035897214836
2552,57,3,2031-07-01 00:00:00,10.003783065758311
2553,57,3,2032-07-01 00:00:00,9.769869594250489
2554,57,3,2033-07-01 00:00:00,9.800707775650935
2555,57,3,2034-07-01 00:00:00,9.876245992749553
2556,57,3,2035-07-01 00:00:00,9.970606838316524
2557,57,3,2036-07-01 00:00:00,10.018507333237723
2558,57,3,2037-07-01 00:00:00,10.085307659971958
2559,57,3,2038-07-01 00:00:00,10.216686401474151
2560,57,3,2039-07-01 00:00:00,10.250825698850113
2561,57,3,2040-07-01 00:00:00,10.31828414891792
2562,57,3,2041-07-01 00:00:00,10.463025365325231
2563,57,3,2042-07-01 00:00:00,10.5851422138497
2564,57,3,2043-07-01 00:00:00,10.687864625049889
2565,57,3,2044-07-01 00:00:00,10.763346817940004
2566,57,3,2045-07-01 00:00:00,10.869101595668003
2567,57,3,2046-07-01 00:00:00,10.989884683306242
2568,57,3,2047-07-01 00:00:00,11.08549993802279
2569,57,3,2048-07-01 00:00:00,11.155856816356264
2570,57,3,2049-07-01 00:00:00,11.172160998617608
2571,57,3,2050-07-01 00:00:00,11.191572567962837
2572,57,3,2051-07-01 00:00:00,11.293889644483208
2573,57,3,2052-07-01 00:00:00,11.397142605037523
2574,57,3,2053-07-01 00:00:00,11.501340014405457
2575,58,1,2022-07-01 00:00:00,14.595448780946041
2576,58,1,2023-07-01 00:00:00,14.500564772697977
2577,58,1,2024-07-01 00:00:00,14.106224694722354
2578,58,1,2025-07-01 00:00:00,12.550870829848497
2579,58,1,2026-07-01 00:00:00,11.199266410472573
2580,58,1,2027-07-01 00:00:00,11.001928448309663
2581,58,1,2028-07-01 00:00:00,10.982665359697185
2582,58,1,2029-07-01 00:00:00,11.055676475466315
2583,58,1,2030-07-01 00:00:00,11.129733688828125
2584,58,1,2031-07-01 00:00:00,11.021718035939887
2585,58,1,2032-07-01 00:00:00,11.01196136146239
2586,58,1,2033-07-01 00:00:00,11.482357892798259
2587,58,1,2034-07-01 00:00:00,12.032670048271688
2588,58,1,2035-07-01 00:00:00,12.388557286375306
2589,58,1,2036-07-01 00:00:00,12.54735624696766
2590,58,1,2037-07-01 00:00:00,12.838770652299534
2591,58,1,2038-07-01 00:00:00,13.086779382595013
2592,58,1,2039-07-01 00:00:00,13.155107161380123
2593,58,1,2040-07-01 00:00:00,13.395402621287676
2594,58,1,2041-07-01 00:00:00,13.697809554395105
2595,58,1,2042-07-01 00:00:00,13.936271662973677
2596,58,1,2043-07-01 00:00:00,14.217533333545276
2597,58,1,2044-07-01 00:00:00,14.425670944699704
2598,58,1,2045-07-01 00:00:00,14.571154496599174
2599,58,1,2046-07-01 00:00:00,14.676383569932092
2600,58,1,2047-07-01 00:00:00,14.901352157271589
2601,58,1,2048-07-01 00:00:00,15.414738774371504
2602,58,1,2049-07-01 00:00:00,15.744136974865288
2603,58,1,2050-07-01 00:00:00,15.91217515545043
2604,58,1,2051-07-01 00:00:00,16.200355967349747
2605,58,1,2052-07-01 00:00:00,16.49375593876281
2606,58,1,2053-07-01 00:00:00,16.79246959238129
2607,58,2,2022-07-01 00:00:00,14.865945349471895
2608,58,2,2023-07-01 00:00:00,14.530506089606652
2609,58,2,2024-07-01 00:00:00,14.024192484657474
2610,58,2,2025-07-01 00:00:00,12.57741949024047
2611,58,2,2026-07-01 00:00:00,11.007118534219906
2612,58,2,2027-07-01 00:00:00,10.489346394259353
2613,58,2,2028-07-01 00:00:00,10.201573842077982
2614,58,2,2029-07-01 00:00:00,10.141519180839296
2615,58,2,2030-07-01 00:00:00,10.12866069739589
2616,58,2,2031-07-01 00:00:00,10.08747153423448
2617,58,2,2032-07-01 00:00:00,10.135226449519227
2618,58,2,2033-07-01 00:00:00,10.24544721404308
2619,58,2,2034-07-01 00:00:00,10.438036438672825
2620,58,2,2035-07-01 00:00:00,10.542250238508586
2621,58,2,2036-07-01 00:00:00,10.500371283388645
2622,58,2,2037-07-01 00:00:00,10.610146608955793
2623,58,2,2038-07-01 00:00:00,10.769816217166966
2624,58,2,2039-07-01 00:00:00,11.08240846560498
2625,58,2,2040-07-01 00:00:00,11.487894834778267
2626,58,2,2041-07-01 00:00:00,11.795895179449605
2627,58,2,2042-07-01 00:00:00,11.950545784398626
2628,58,2,2043-07-01 00:00:00,12.013895979175572
2629,58,2,2044-07-01 00:00:00,12.225822343334414
2630,58,2,2045-07-01 00:00:00,12.498827036187716
2631,58,2,2046-07-01 00:00:00,12.64261542320019
2632,58,2,2047-07-01 00:00:00,12.636493629802139
2633,58,2,2048-07-01 00:00:00,12.698167929527349
2634,58,2,2049-07-01 00:00:00,12.730534365055789
2635,58,2,2050-07-01 00:00:00,12.719854735944375
2636,58,2,2051-07-01 00:00:00,12.80325082685582
2637,58,2,2052-07-01 00:00:00,12.887193693506742
2638,58,2,2053-07-01 00:00:00,12.971686920761927
2639,58,3,2022-07-01 00:00:00,14.62874670849331
2640,58,3,2023-07-01 00:00:00,14.321986298543615
2641,58,3,2024-07-01 00:00:00,13.909183881872085
2642,58,3,2025-07-01 00:00:00,12.275244389217074
2643,58,3,2026-07-01 00:00:00,9.833649443424923
2644,58,3,2027-07-01 00:00:00,8.779751517473933
2645,58,3,2028-07-01 00:00:00,8.635856522080342
2646,58,3,2029-07-01 00:00:00,8.554011601917239
2647,58,3,2030-07-01 00:00:00,8.402125933871297
2648,58,3,2031-07-01 00:00:00,8.12109454166788
2649,58,3,2032-07-01 00:00:00,7.925574072688729
2650,58,3,2033-07-01 00:00:00,7.956412254089177
2651,58,3,2034-07-01 00:00:00,8.031950471187793
2652,58,3,2035-07-01 00:00:00,8.126311316754766
2653,58,3,2036-07-01 00:00:00,8.17421181167596
2654,58,3,2037-07-01 00:00:00,8.241012138410191
2655,58,3,2038-07-01 00:00:00,8.372390879912388
2656,58,3,2039-07-01 00:00:00,8.428486076354565
2657,58,3,2040-07-01 00:00:00,8.517900425488584
2658,58,3,2041-07-01 00:00:00,8.662641641895895
2659,58,3,2042-07-01 00:00:00,8.788056078199455
2660,58,3,2043-07-01 00:00:00,8.940201077178736
2661,58,3,2044-07-01 00:00:00,9.061808270068852
2662,58,3,2045-07-01 00:00:00,9.167563047796857
2663,58,3,2046-07-01 00:00:00,9.241173482931742
2664,58,3,2047-07-01 00:00:00,9.265629256400974
2665,58,3,2048-07-01 00:00:00,9.31180253953468
2666,58,3,2049-07-01 00:00:00,9.326808377915805
2667,58,3,2050-07-01 00:00:00,9.33033968122502
2668,58,3,2051-07-01 00:00:00,9.402914735100575
2669,58,3,2052-07-01 00:00:00,9.476054306306152
2670,58,3,2053-07-01 00:00:00,9.5497627858797
2767,60,1,2022-07-01 00:00:00,17.43579605914921
2768,60,1,2023-07-01 00:00:00,16.74193756016071
2769,60,1,2024-07-01 00:00:00,15.576014872332038
2770,60,1,2025-07-01 00:00:00,14.186072312745384
2771,60,1,2026-07-01 00:00:00,13.254455279991225
2772,60,1,2027-07-01 00:00:00,13.20422679758675
2773,60,1,2028-07-01 00:00:00,13.153317007572126
2774,60,1,2029-07-01 00:00:00,13.107590488521025
2775,60,1,2030-07-01 00:00:00,13.108816717290825
2776,60,1,2031-07-01 00:00:00,13.114514871885024
2777,60,1,2032-07-01 00:00:00,13.1980748866053
2778,60,1,2033-07-01 00:00:00,13.438676692141051
2779,60,1,2034-07-01 00:00:00,13.594710648496548
2780,60,1,2035-07-01 00:00:00,13.620851565865175
2781,60,1,2036-07-01 00:00:00,13.62147982230465
2782,60,1,2037-07-01 00:00:00,13.74647982230465
2783,60,1,2038-07-01 00:00:00,13.870223309425675
2784,60,1,2039-07-01 00:00:00,13.8695950529862
2785,60,1,2040-07-01 00:00:00,13.9952233094257
2786,60,1,2041-07-01 00:00:00,14.12053743764545
2787,60,1,2042-07-01 00:00:00,14.121479822304675
2788,60,1,2043-07-01 00:00:00,14.1224222069639
2789,60,1,2044-07-01 00:00:00,14.121479822304675
2790,60,1,2045-07-01 00:00:00,14.11990918120595
2791,60,1,2046-07-01 00:00:00,14.118966796546726
2792,60,1,2047-07-01 00:00:00,14.118652668327
2793,60,1,2048-07-01 00:00:00,14.119595052986226
2794,60,1,2049-07-01 00:00:00,14.12034899063438
2795,60,1,2050-07-01 00:00:00,14.119972106584603
2796,60,1,2051-07-01 00:00:00,14.119595242479019
2797,60,1,2052-07-01 00:00:00,14.119218398316573
2798,60,1,2053-07-01 00:00:00,14.118841574096209
2799,60,2,2022-07-01 00:00:00,17.318238807700318
2800,60,2,2023-07-01 00:00:00,16.60811527940594
2801,60,2,2024-07-01 00:00:00,15.072689527681426
2802,60,2,2025-07-01 00:00:00,13.506135216970694
2803,60,2,2026-07-01 00:00:00,12.26551138612959
2804,60,2,2027-07-01 00:00:00,11.767396155448045
2805,60,2,2028-07-01 00:00:00,11.768966796546753
2806,60,2,2029-07-01 00:00:00,11.769595052986235
2807,60,2,2030-07-01 00:00:00,11.769909181205975
2808,60,2,2031-07-01 00:00:00,11.769595052986235
2809,60,2,2032-07-01 00:00:00,11.894280924766473
2810,60,2,2033-07-01 00:00:00,12.019280924766448
2811,60,2,2034-07-01 00:00:00,12.019280924766448
2812,60,2,2035-07-01 00:00:00,12.0195950529862
2813,60,2,2036-07-01 00:00:00,12.01990918120595
2814,60,2,2037-07-01 00:00:00,12.144280924766473
2815,60,2,2038-07-01 00:00:00,12.26833854010725
2816,60,2,2039-07-01 00:00:00,12.268652668326974
2817,60,2,2040-07-01 00:00:00,12.3945950529862
2818,60,2,2041-07-01 00:00:00,12.519280924766473
2819,60,2,2042-07-01 00:00:00,12.518966796546724
2820,60,2,2043-07-01 00:00:00,12.519280924766448
2821,60,2,2044-07-01 00:00:00,12.518338540107225
2822,60,2,2045-07-01 00:00:00,12.518652668326974
2823,60,2,2046-07-01 00:00:00,12.519280924766473
2824,60,2,2047-07-01 00:00:00,12.518966796546724
2825,60,2,2048-07-01 00:00:00,12.520223309425674
2826,60,2,2049-07-01 00:00:00,12.52154278284807
2827,60,2,2050-07-01 00:00:00,12.522297005353419
2828,60,2,2051-07-01 00:00:00,12.523051317822151
2829,60,2,2052-07-01 00:00:00,12.523805720264997
2830,60,2,2053-07-01 00:00:00,12.524560212692688
2831,60,3,2022-07-01 00:00:00,15.90363246004797
2832,60,3,2023-07-01 00:00:00,15.113228078003552
2833,60,3,2024-07-01 00:00:00,13.92241397186702
2834,60,3,2025-07-01 00:00:00,12.64501432983122
2835,60,3,2026-07-01 00:00:00,10.768966796546751
2836,60,3,2027-07-01 00:00:00,9.770537437645457
2837,60,3,2028-07-01 00:00:00,9.770223309425715
2838,60,3,2029-07-01 00:00:00,9.76928092476649
2839,60,3,2030-07-01 00:00:00,9.76928092476649
2840,60,3,2031-07-01 00:00:00,9.76928092476649
2841,60,3,2032-07-01 00:00:00,9.893338540107267
2842,60,3,2033-07-01 00:00:00,10.018024411887527
2843,60,3,2034-07-01 00:00:00,10.01865266832701
2844,60,3,2035-07-01 00:00:00,10.01865266832701
2845,60,3,2036-07-01 00:00:00,10.018024411887527
2846,60,3,2037-07-01 00:00:00,10.142082027228305
2847,60,3,2038-07-01 00:00:00,10.267710283667787
2848,60,3,2039-07-01 00:00:00,10.26865266832701
2849,60,3,2040-07-01 00:00:00,10.393338540107267
2850,60,3,2041-07-01 00:00:00,10.518338540107267
2851,60,3,2042-07-01 00:00:00,10.518338540107269
2852,60,3,2043-07-01 00:00:00,10.518024411887527
2853,60,3,2044-07-01 00:00:00,10.517082027228302
2854,60,3,2045-07-01 00:00:00,10.51613964256908
2855,60,3,2046-07-01 00:00:00,10.51582551434934
2856,60,3,2047-07-01 00:00:00,10.5155113861296
2857,60,3,2048-07-01 00:00:00,10.516139642569081
2858,60,3,2049-07-01 00:00:00,10.51664226552933
2859,60,3,2050-07-01 00:00:00,10.516391004506426
2860,60,3,2051-07-01 00:00:00,10.516139755354375
2861,60,3,2052-07-01 00:00:00,10.515888518072614
2862,60,3,2053-07-01 00:00:00,10.515637292660584
2959,62,1,2022-07-01 00:00:00,18.313022364848525
2960,62,1,2023-07-01 00:00:00,17.958059678211043
2961,62,1,2024-07-01 00:00:00,16.479322554201026
2962,62,1,2025-07-01 00:00:00,14.245958681464094
2963,62,1,2026-07-01 00:00:00,13.062697955844907
2964,62,1,2027-07-01 00:00:00,12.804699049993726
2965,62,1,2028-07-01 00:00:00,12.558470975849875
2966,62,1,2029-07-01 00:00:00,12.518523011338312
2967,62,1,2030-07-01 00:00:00,12.655696617507983
2968,62,1,2031-07-01 00:00:00,12.74492276063685
2969,62,1,2032-07-01 00:00:00,12.949535438850674
2970,62,1,2033-07-01 00:00:00,13.442713298023696
2971,62,1,2034-07-01 00:00:00,13.913554494814065
2972,62,1,2035-07-01 00:00:00,14.155676012157645
2973,62,1,2036-07-01 00:00:00,14.19891319599055
2974,62,1,2037-07-01 00:00:00,14.333835514600509
2975,62,1,2038-07-01 00:00:00,14.475828795040936
2976,62,1,2039-07-01 00:00:00,14.404897265409964
2977,62,1,2040-07-01 00:00:00,14.478010558296232
2978,62,1,2041-07-01 00:00:00,14.676196141286203
2979,62,1,2042-07-01 00:00:00,14.806787524272444
2980,62,1,2043-07-01 00:00:00,14.985598183701118
2981,62,1,2044-07-01 00:00:00,15.137133737279278
2982,62,1,2045-07-01 00:00:00,15.326548838362607
2983,62,1,2046-07-01 00:00:00,15.469197731247482
2984,62,1,2047-07-01 00:00:00,15.693654798013224
2985,62,1,2048-07-01 00:00:00,16.260398402181025
2986,62,1,2049-07-01 00:00:00,16.661898182302572
2987,62,1,2050-07-01 00:00:00,16.867433384910015
2988,62,1,2051-07-01 00:00:00,17.201097054658753
2989,62,1,2052-07-01 00:00:00,17.54139829326732
2990,62,1,2053-07-01 00:00:00,17.888469935727553
2991,62,2,2022-07-01 00:00:00,18.275068877494224
2992,62,2,2023-07-01 00:00:00,17.889918669522466
2993,62,2,2024-07-01 00:00:00,16.755498482251006
2994,62,2,2025-07-01 00:00:00,14.5303370796358
2995,62,2,2026-07-01 00:00:00,12.707493112769708
2996,62,2,2027-07-01 00:00:00,11.974999706525676
2997,62,2,2028-07-01 00:00:00,11.504518036170374
2998,62,2,2029-07-01 00:00:00,11.391858867339902
2999,62,2,2030-07-01 00:00:00,11.399050922893835
3000,62,2,2031-07-01 00:00:00,11.485050241411791
3001,62,2,2032-07-01 00:00:00,11.627771625593079
3002,62,2,2033-07-01 00:00:00,11.791544616367236
3003,62,2,2034-07-01 00:00:00,11.956786653137964
3004,62,2,2035-07-01 00:00:00,12.081391630021498
3005,62,2,2036-07-01 00:00:00,12.131095506288144
3006,62,2,2037-07-01 00:00:00,12.25277819341721
3007,62,2,2038-07-01 00:00:00,12.397295191046535
3008,62,2,2039-07-01 00:00:00,12.58498297457772
3009,62,2,2040-07-01 00:00:00,12.824999608299532
3010,62,2,2041-07-01 00:00:00,12.990670718921281
3011,62,2,2042-07-01 00:00:00,12.962029712167233
3012,62,2,2043-07-01 00:00:00,12.875704855685385
3013,62,2,2044-07-01 00:00:00,12.995707195775188
3014,62,2,2045-07-01 00:00:00,13.178583409261371
3015,62,2,2046-07-01 00:00:00,13.267047823988397
3016,62,2,2047-07-01 00:00:00,13.264152379802141
3017,62,2,2048-07-01 00:00:00,13.34378980452735
3018,62,2,2049-07-01 00:00:00,13.377971131585486
3019,62,2,2050-07-01 00:00:00,13.357895127057033
3020,62,2,2051-07-01 00:00:00,13.436620651386985
3021,62,2,2052-07-01 00:00:00,13.515829135325147
3022,62,2,2053-07-01 00:00:00,13.595523660674784
3023,62,3,2022-07-01 00:00:00,17.856663547724256
3024,62,3,2023-07-01 00:00:00,17.241760979243995
3025,62,3,2024-07-01 00:00:00,16.66156642453761
3026,62,3,2025-07-01 00:00:00,14.573259425815793
3027,62,3,2026-07-01 00:00:00,11.715191659423361
3028,62,3,2027-07-01 00:00:00,10.86281628082757
3029,62,3,2028-07-01 00:00:00,10.7196447954638
3030,62,3,2029-07-01 00:00:00,10.629337197517845
3031,62,3,2030-07-01 00:00:00,10.497975338320948
3032,62,3,2031-07-01 00:00:00,10.231319122755036
3033,62,3,2032-07-01 00:00:00,10.053473380561906
3034,62,3,2033-07-01 00:00:00,10.091701020702242
3035,62,3,2034-07-01 00:00:00,10.180656484478243
3036,62,3,2035-07-01 00:00:00,10.290651823399987
3037,62,3,2036-07-01 00:00:00,10.339719564998576
3038,62,3,2037-07-01 00:00:00,10.4076871384102
3039,62,3,2038-07-01 00:00:00,10.528240965809085
3040,62,3,2039-07-01 00:00:00,10.545454799063139
3041,62,3,2040-07-01 00:00:00,10.599377671208625
3042,62,3,2041-07-01 00:00:00,10.729562592794672
3043,62,3,2042-07-01 00:00:00,10.835751061613863
3044,62,3,2043-07-01 00:00:00,10.911723479170718
3045,62,3,2044-07-01 00:00:00,10.958683113152011
3046,62,3,2045-07-01 00:00:00,11.050723270610241
3047,62,3,2046-07-01 00:00:00,11.179276302418497
3048,62,3,2047-07-01 00:00:00,11.290724834638391
3049,62,3,2048-07-01 00:00:00,11.348617783254168
3050,62,3,2049-07-01 00:00:00,11.34370137783999
3051,62,3,2050-07-01 00:00:00,11.355638673936298
3052,62,3,2051-07-01 00:00:00,11.451658296662703
3053,62,3,2052-07-01 00:00:00,11.548502239563316
3054,62,3,2053-07-01 00:00:00,11.646177696371026
3055,63,1,2022-07-01 00:00:00,13.967265253989849
3056,63,1,2023-07-01 00:00:00,13.767691669533965
3057,63,1,2024-07-01 00:00:00,13.45819993607364
3058,63,1,2025-07-01 00:00:00,12.37387914673145
3059,63,1,2026-07-01 00:00:00,11.38573784438605
3060,63,1,2027-07-01 00:00:00,11.3355093619816
3061,63,1,2028-07-01 00:00:00,11.2849137001867
3062,63,1,2029-07-01 00:00:00,11.23887305291585
3063,63,1,2030-07-01 00:00:00,11.23852864058695
3064,63,1,2031-07-01 00:00:00,11.242342025862701
3065,63,1,2032-07-01 00:00:00,11.324959655923749
3066,63,1,2033-07-01 00:00:00,11.56587558967925
3067,63,1,2034-07-01 00:00:00,11.721595417815
3068,63,1,2035-07-01 00:00:00,11.7467939505244
3069,63,1,2036-07-01 00:00:00,11.7467939505244
3070,63,1,2037-07-01 00:00:00,11.8717939505244
3071,63,1,2038-07-01 00:00:00,11.9967939505244
3072,63,1,2039-07-01 00:00:00,11.9967939505244
3073,63,1,2040-07-01 00:00:00,12.1217939505244
3074,63,1,2041-07-01 00:00:00,12.2467939505244
3075,63,1,2042-07-01 00:00:00,12.2467939505244
3076,63,1,2043-07-01 00:00:00,12.2467939505244
3077,63,1,2044-07-01 00:00:00,12.2467939505244
3078,63,1,2045-07-01 00:00:00,12.2467939505244
3079,63,1,2046-07-01 00:00:00,12.2467939505244
3080,63,1,2047-07-01 00:00:00,12.2467939505244
3081,63,1,2048-07-01 00:00:00,12.2467939505244
3082,63,1,2049-07-01 00:00:00,12.2467939505244
3083,63,1,2050-07-01 00:00:00,12.2467939505244
3084,63,1,2051-07-01 00:00:00,12.2467939505244
3085,63,1,2052-07-01 00:00:00,12.2467939505244
3086,63,1,2053-07-01 00:00:00,12.2467939505244
3087,63,2,2022-07-01 00:00:00,13.2610113243468
3088,63,2,2023-07-01 00:00:00,13.0717372174508
3089,63,2,2024-07-01 00:00:00,12.6842655839876
3090,63,2,2025-07-01 00:00:00,11.6914310039724
3091,63,2,2026-07-01 00:00:00,10.39679395052441
3092,63,2,2027-07-01 00:00:00,9.89679395052442
3093,63,2,2028-07-01 00:00:00,9.89679395052442
3094,63,2,2029-07-01 00:00:00,9.89679395052442
3095,63,2,2030-07-01 00:00:00,9.89679395052442
3096,63,2,2031-07-01 00:00:00,9.89679395052442
3097,63,2,2032-07-01 00:00:00,10.02179395052441
3098,63,2,2033-07-01 00:00:00,10.1467939505244
3099,63,2,2034-07-01 00:00:00,10.1467939505244
3100,63,2,2035-07-01 00:00:00,10.1467939505244
3101,63,2,2036-07-01 00:00:00,10.1467939505244
3102,63,2,2037-07-01 00:00:00,10.2717939505244
3103,63,2,2038-07-01 00:00:00,10.3967939505244
3104,63,2,2039-07-01 00:00:00,10.3967939505244
3105,63,2,2040-07-01 00:00:00,10.5217939505244
3106,63,2,2041-07-01 00:00:00,10.6467939505244
3107,63,2,2042-07-01 00:00:00,10.6467939505244
3108,63,2,2043-07-01 00:00:00,10.6467939505244
3109,63,2,2044-07-01 00:00:00,10.6467939505244
3110,63,2,2045-07-01 00:00:00,10.6467939505244
3111,63,2,2046-07-01 00:00:00,10.6467939505244
3112,63,2,2047-07-01 00:00:00,10.6467939505244
3113,63,2,2048-07-01 00:00:00,10.6467939505244
3114,63,2,2049-07-01 00:00:00,10.6467939505244
3115,63,2,2050-07-01 00:00:00,10.6467939505244
3116,63,2,2051-07-01 00:00:00,10.6467939505244
3117,63,2,2052-07-01 00:00:00,10.6467939505244
3118,63,2,2053-07-01 00:00:00,10.6467939505244
3119,63,3,2022-07-01 00:00:00,12.871737217450802
3120,63,3,2023-07-01 00:00:00,12.67855512366464
3121,63,3,2024-07-01 00:00:00,12.382629730726162
3122,63,3,2025-07-01 00:00:00,11.08834019104913
3123,63,3,2026-07-01 00:00:00,8.89679395052442
3124,63,3,2027-07-01 00:00:00,7.89679395052442
3125,63,3,2028-07-01 00:00:00,7.89679395052442
3126,63,3,2029-07-01 00:00:00,7.89679395052442
3127,63,3,2030-07-01 00:00:00,7.89679395052442
3128,63,3,2031-07-01 00:00:00,7.89679395052442
3129,63,3,2032-07-01 00:00:00,8.02179395052442
3130,63,3,2033-07-01 00:00:00,8.14679395052442
3131,63,3,2034-07-01 00:00:00,8.14679395052442
3132,63,3,2035-07-01 00:00:00,8.14679395052442
3133,63,3,2036-07-01 00:00:00,8.14679395052442
3134,63,3,2037-07-01 00:00:00,8.27179395052442
3135,63,3,2038-07-01 00:00:00,8.39679395052442
3136,63,3,2039-07-01 00:00:00,8.39679395052442
3137,63,3,2040-07-01 00:00:00,8.52179395052442
3138,63,3,2041-07-01 00:00:00,8.64679395052442
3139,63,3,2042-07-01 00:00:00,8.64679395052442
3140,63,3,2043-07-01 00:00:00,8.64679395052442
3141,63,3,2044-07-01 00:00:00,8.64679395052442
3142,63,3,2045-07-01 00:00:00,8.64679395052442
3143,63,3,2046-07-01 00:00:00,8.64679395052442
3144,63,3,2047-07-01 00:00:00,8.64679395052442
3145,63,3,2048-07-01 00:00:00,8.64679395052442
3146,63,3,2049-07-01 00:00:00,8.64679395052442
3147,63,3,2050-07-01 00:00:00,8.64679395052442
3148,63,3,2051-07-01 00:00:00,8.64679395052442
3149,63,3,2052-07-01 00:00:00,8.64679395052442
3150,63,3,2053-07-01 00:00:00,8.64679395052442
3151,64,1,2022-07-01 00:00:00,14.152962942391913
3152,64,1,2023-07-01 00:00:00,13.898641613681704
3153,64,1,2024-07-01 00:00:00,13.488513362337013
3154,64,1,2025-07-01 00:00:00,12.342943066730193
3155,64,1,2026-07-01 00:00:00,11.336129572514224
3156,64,1,2027-07-01 00:00:00,11.292699440375275
3157,64,1,2028-07-01 00:00:00,11.242417906800124
3158,64,1,2029-07-01 00:00:00,11.186581578247525
3159,64,1,2030-07-01 00:00:00,11.1862371659186
3160,64,1,2031-07-01 00:00:00,11.19005055119435
3161,64,1,2032-07-01 00:00:00,11.272668181255424
3162,64,1,2033-07-01 00:00:00,11.513584115010925
3163,64,1,2034-07-01 00:00:00,11.669303943146675
3164,64,1,2035-07-01 00:00:00,11.694502475856101
3165,64,1,2036-07-01 00:00:00,11.694502475856101
3166,64,1,2037-07-01 00:00:00,11.819502475856101
3167,64,1,2038-07-01 00:00:00,11.944502475856101
3168,64,1,2039-07-01 00:00:00,11.944502475856101
3169,64,1,2040-07-01 00:00:00,12.069502475856101
3170,64,1,2041-07-01 00:00:00,12.194502475856101
3171,64,1,2042-07-01 00:00:00,12.194502475856101
3172,64,1,2043-07-01 00:00:00,12.196524467710725
3173,64,1,2044-07-01 00:00:00,12.204131625399924
3174,64,1,2045-07-01 00:00:00,12.213520370079125
3175,64,1,2046-07-01 00:00:00,12.216973948923751
3176,64,1,2047-07-01 00:00:00,12.21629894892375
3177,64,1,2048-07-01 00:00:00,12.219477527768351
3178,64,1,2049-07-01 00:00:00,12.225430461669205
3179,64,1,2050-07-01 00:00:00,12.23033113891261
3180,64,1,2051-07-01 00:00:00,12.23523575199765
3181,64,1,2052-07-01 00:00:00,12.240144304085284
3182,64,1,2053-07-01 00:00:00,12.24505679833901
3183,64,2,2022-07-01 00:00:00,13.45644163132971
3184,64,2,2023-07-01 00:00:00,13.19500116273997
3185,64,2,2024-07-01 00:00:00,12.650758182835085
3186,64,2,2025-07-01 00:00:00,11.558184738037571
3187,64,2,2026-07-01 00:00:00,10.260292819170285
3188,64,2,2027-07-01 00:00:00,9.789175040112205
3189,64,2,2028-07-01 00:00:00,9.793476646817215
3190,64,2,2029-07-01 00:00:00,9.782750409867734
3191,64,2,2030-07-01 00:00:00,9.780133866654737
3192,64,2,2031-07-01 00:00:00,9.77815850398239
3193,64,2,2032-07-01 00:00:00,9.907750409867731
3194,64,2,2033-07-01 00:00:00,10.034725772540071
3195,64,2,2034-07-01 00:00:00,10.032750409867724
3196,64,2,2035-07-01 00:00:00,10.017432267032898
3197,64,2,2036-07-01 00:00:00,9.986795981363247
3198,64,2,2037-07-01 00:00:00,10.094502475856089
3199,64,2,2038-07-01 00:00:00,10.2195024758561
3200,64,2,2039-07-01 00:00:00,10.2195024758561
3201,64,2,2040-07-01 00:00:00,10.348541473539001
3202,64,2,2041-07-01 00:00:00,10.473541473539001
3203,64,2,2042-07-01 00:00:00,10.4695024758561
3204,64,2,2043-07-01 00:00:00,10.484820618690925
3205,64,2,2044-07-01 00:00:00,10.516804010593425
3206,64,2,2045-07-01 00:00:00,10.610407148835826
3207,64,2,2046-07-01 00:00:00,10.774619756799225
3208,64,2,2047-07-01 00:00:00,10.870974900709324
3209,64,2,2048-07-01 00:00:00,10.880383582270223
3210,64,2,2049-07-01 00:00:00,10.916800719186945
3211,64,2,2050-07-01 00:00:00,10.989447198335782
3212,64,2,2051-07-01 00:00:00,11.063037201530857
3213,64,2,2052-07-01 00:00:00,11.137582983153063
3214,64,2,2053-07-01 00:00:00,11.213096956741767
3215,64,3,2022-07-01 00:00:00,13.180152349633811
3216,64,3,2023-07-01 00:00:00,12.849004088303953
3217,64,3,2024-07-01 00:00:00,12.410659903344358
3218,64,3,2025-07-01 00:00:00,11.093414519747599
3219,64,3,2026-07-01 00:00:00,8.938327454361097
3220,64,3,2027-07-01 00:00:00,7.952131761142267
3221,64,3,2028-07-01 00:00:00,7.877738074599504
3222,64,3,2029-07-01 00:00:00,7.84450247585609
3223,64,3,2030-07-01 00:00:00,7.84450247585609
3224,64,3,2031-07-01 00:00:00,7.84450247585609
3225,64,3,2032-07-01 00:00:00,7.96950247585609
3226,64,3,2033-07-01 00:00:00,8.094502475856089
3227,64,3,2034-07-01 00:00:00,8.094502475856089
3228,64,3,2035-07-01 00:00:00,8.094502475856089
3229,64,3,2036-07-01 00:00:00,8.094502475856089
3230,64,3,2037-07-01 00:00:00,8.219502475856089
3231,64,3,2038-07-01 00:00:00,8.344502475856089
3232,64,3,2039-07-01 00:00:00,8.344502475856089
3233,64,3,2040-07-01 00:00:00,8.469502475856089
3234,64,3,2041-07-01 00:00:00,8.594502475856089
3235,64,3,2042-07-01 00:00:00,8.594502475856089
3236,64,3,2043-07-01 00:00:00,8.594502475856089
3237,64,3,2044-07-01 00:00:00,8.594502475856089
3238,64,3,2045-07-01 00:00:00,8.594502475856089
3239,64,3,2046-07-01 00:00:00,8.594152475856092
3240,64,3,2047-07-01 00:00:00,8.59347747585609
3241,64,3,2048-07-01 00:00:00,8.592852475856091
3242,64,3,2049-07-01 00:00:00,8.592357529279678
3243,64,3,2050-07-01 00:00:00,8.591967653930922
3244,64,3,2051-07-01 00:00:00,8.591577814188678
3245,64,3,2052-07-01 00:00:00,8.591188010049692
3246,64,3,2053-07-01 00:00:00,8.590798241510713
3247,65,1,2022-07-01 00:00:00,18.490014607770693
3248,65,1,2023-07-01 00:00:00,18.0540807235359
3249,65,1,2024-07-01 00:00:00,16.485152679720862
3250,65,1,2025-07-01 00:00:00,14.189506548450925
3251,65,1,2026-07-01 00:00:00,12.991651044690972
3252,65,1,2027-07-01 00:00:00,12.86534591555591
3253,65,1,2028-07-01 00:00:00,12.812839486883188
3254,65,1,2029-07-01 00:00:00,12.800401234386761
3255,65,1,2030-07-01 00:00:00,12.816654048354799
3256,65,1,2031-07-01 00:00:00,12.703701392122476
3257,65,1,2032-07-01 00:00:00,12.75464149364972
3258,65,1,2033-07-01 00:00:00,13.240920485644512
3259,65,1,2034-07-01 00:00:00,13.722042653138224
3260,65,1,2035-07-01 00:00:00,13.991699827939872
3261,65,1,2036-07-01 00:00:00,14.053588732629269
3262,65,1,2037-07-01 00:00:00,14.213724348945117
3263,65,1,2038-07-01 00:00:00,14.366542543488851
3264,65,1,2039-07-01 00:00:00,14.34606027316949
3265,65,1,2040-07-01 00:00:00,14.492339085968402
3266,65,1,2041-07-01 00:00:00,14.709097457435377
3267,65,1,2042-07-01 00:00:00,14.891583940607337
3268,65,1,2043-07-01 00:00:00,15.159601994493325
3269,65,1,2044-07-01 00:00:00,15.338366744435422
3270,65,1,2045-07-01 00:00:00,15.444705885511748
3271,65,1,2046-07-01 00:00:00,15.48734256026625
3272,65,1,2047-07-01 00:00:00,15.47963303309502
3273,65,1,2048-07-01 00:00:00,16.082127124713832
3274,65,1,2049-07-01 00:00:00,16.705936174024895
3275,65,1,2050-07-01 00:00:00,16.87684233660979
3276,65,1,2051-07-01 00:00:00,17.174994782532895
3277,65,1,2052-07-01 00:00:00,17.478415740740015
3278,65,1,2053-07-01 00:00:00,17.787198330840294
3279,65,2,2022-07-01 00:00:00,18.45906508736405
3280,65,2,2023-07-01 00:00:00,18.013722961673015
3281,65,2,2024-07-01 00:00:00,16.737273630025918
3282,65,2,2025-07-01 00:00:00,14.43086867887579
3283,65,2,2026-07-01 00:00:00,12.615393610086759
3284,65,2,2027-07-01 00:00:00,12.081454025861497
3285,65,2,2028-07-01 00:00:00,11.77346143119407
3286,65,2,2029-07-01 00:00:00,11.622226228444912
3287,65,2,2030-07-01 00:00:00,11.586055369582953
3288,65,2,2031-07-01 00:00:00,11.589579550082862
3289,65,2,2032-07-01 00:00:00,11.65699667118441
3290,65,2,2033-07-01 00:00:00,11.757982611230524
3291,65,2,2034-07-01 00:00:00,11.91005481239996
3292,65,2,2035-07-01 00:00:00,11.992131472910346
3293,65,2,2036-07-01 00:00:00,11.971401600048276
3294,65,2,2037-07-01 00:00:00,12.099527809937062
3295,65,2,2038-07-01 00:00:00,12.27255486675061
3296,65,2,2039-07-01 00:00:00,12.523473815600767
3297,65,2,2040-07-01 00:00:00,12.843806846926896
3298,65,2,2041-07-01 00:00:00,13.054686997084302
3299,65,2,2042-07-01 00:00:00,13.04103992661813
3300,65,2,2043-07-01 00:00:00,12.97600576227897
3301,65,2,2044-07-01 00:00:00,13.146806502535956
3302,65,2,2045-07-01 00:00:00,13.400741429975248
3303,65,2,2046-07-01 00:00:00,13.535974494859907
3304,65,2,2047-07-01 00:00:00,13.532161651383813
3305,65,2,2048-07-01 00:00:00,13.571122086854952
3306,65,2,2049-07-01 00:00:00,13.59263121931886
3307,65,2,2050-07-01 00:00:00,13.610679552647227
3308,65,2,2051-07-01 00:00:00,13.729840384983842
3309,65,2,2052-07-01 00:00:00,13.8503725928927
3310,65,2,2053-07-01 00:00:00,13.972295007844732
3311,65,3,2022-07-01 00:00:00,18.019979930359238
3312,65,3,2023-07-01 00:00:00,17.167288071706363
3313,65,3,2024-07-01 00:00:00,15.762869220032709
3314,65,3,2025-07-01 00:00:00,13.755682767069679
3315,65,3,2026-07-01 00:00:00,11.58303252120846
3316,65,3,2027-07-01 00:00:00,10.749070360590437
3317,65,3,2028-07-01 00:00:00,10.612052502950428
3318,65,3,2029-07-01 00:00:00,10.508202815566577
3319,65,3,2030-07-01 00:00:00,10.337035897214836
3320,65,3,2031-07-01 00:00:00,10.003783065758311
3321,65,3,2032-07-01 00:00:00,9.769869594250489
3322,65,3,2033-07-01 00:00:00,9.800707775650935
3323,65,3,2034-07-01 00:00:00,9.876245992749553
3324,65,3,2035-07-01 00:00:00,9.970606838316524
3325,65,3,2036-07-01 00:00:00,10.018507333237723
3326,65,3,2037-07-01 00:00:00,10.085307659971958
3327,65,3,2038-07-01 00:00:00,10.216686401474151
3328,65,3,2039-07-01 00:00:00,10.250825698850113
3329,65,3,2040-07-01 00:00:00,10.31828414891792
3330,65,3,2041-07-01 00:00:00,10.463025365325231
3331,65,3,2042-07-01 00:00:00,10.5851422138497
3332,65,3,2043-07-01 00:00:00,10.687864625049889
3333,65,3,2044-07-01 00:00:00,10.763346817940004
3334,65,3,2045-07-01 00:00:00,10.869101595668003
3335,65,3,2046-07-01 00:00:00,10.989884683306242
3336,65,3,2047-07-01 00:00:00,11.08549993802279
3337,65,3,2048-07-01 00:00:00,11.155856816356264
3338,65,3,2049-07-01 00:00:00,11.172160998617608
3339,65,3,2050-07-01 00:00:00,11.191572567962837
3340,65,3,2051-07-01 00:00:00,11.293889644483208
3341,65,3,2052-07-01 00:00:00,11.397142605037523
3342,65,3,2053-07-01 00:00:00,11.501340014405457
3439,67,1,2022-07-01 00:00:00,17.149918660678928
3440,67,1,2023-07-01 00:00:00,16.931842258036426
3441,67,1,2024-07-01 00:00:00,15.804294950830572
3442,67,1,2025-07-01 00:00:00,13.63854854048471
3443,67,1,2026-07-01 00:00:00,12.313748910472574
3444,67,1,2027-07-01 00:00:00,12.143593448309655
3445,67,1,2028-07-01 00:00:00,12.124330359697176
3446,67,1,2029-07-01 00:00:00,12.1973414754663
3447,67,1,2030-07-01 00:00:00,12.27139868882811
3448,67,1,2031-07-01 00:00:00,12.16338303593987
3449,67,1,2032-07-01 00:00:00,12.15362636146237
3450,67,1,2033-07-01 00:00:00,12.624022892798257
3451,67,1,2034-07-01 00:00:00,13.174335048271686
3452,67,1,2035-07-01 00:00:00,13.530222286375306
3453,67,1,2036-07-01 00:00:00,13.689021246967657
3454,67,1,2037-07-01 00:00:00,13.980435652299533
3455,67,1,2038-07-01 00:00:00,14.228444382595013
3456,67,1,2039-07-01 00:00:00,14.283180911380121
3457,67,1,2040-07-01 00:00:00,14.509885121287674
3458,67,1,2041-07-01 00:00:00,14.812292054395105
3459,67,1,2042-07-01 00:00:00,15.050754162973675
3460,67,1,2043-07-01 00:00:00,15.332015833545276
3461,67,1,2044-07-01 00:00:00,15.540153444699703
3462,67,1,2045-07-01 00:00:00,15.672959949301521
3463,67,1,2046-07-01 00:00:00,15.772121271018129
3464,67,1,2047-07-01 00:00:00,16.009479368154604
3465,67,1,2048-07-01 00:00:00,16.514464604774904
3466,67,1,2049-07-01 00:00:00,16.818088155504704
3467,67,1,2050-07-01 00:00:00,16.970597508232828
3468,67,1,2051-07-01 00:00:00,17.250612258513648
3469,67,1,2052-07-01 00:00:00,17.53524812487649
3470,67,1,2053-07-01 00:00:00,17.82458138434294
3471,67,2,2022-07-01 00:00:00,17.379528373494423
3472,67,2,2023-07-01 00:00:00,17.070777544294494
3473,67,2,2024-07-01 00:00:00,16.147700770487404
3474,67,2,2025-07-01 00:00:00,13.961097833393818
3475,67,2,2026-07-01 00:00:00,12.12160103421992
3476,67,2,2027-07-01 00:00:00,11.631011394259371
3477,67,2,2028-07-01 00:00:00,11.343238842077987
3478,67,2,2029-07-01 00:00:00,11.283184180839296
3479,67,2,2030-07-01 00:00:00,11.270325697395881
3480,67,2,2031-07-01 00:00:00,11.229136534234472
3481,67,2,2032-07-01 00:00:00,11.276891449519226
3482,67,2,2033-07-01 00:00:00,11.387112214043087
3483,67,2,2034-07-01 00:00:00,11.579701438672805
3484,67,2,2035-07-01 00:00:00,11.683915238508567
3485,67,2,2036-07-01 00:00:00,11.64203628338864
3486,67,2,2037-07-01 00:00:00,11.751811608955798
3487,67,2,2038-07-01 00:00:00,11.91148121716698
3488,67,2,2039-07-01 00:00:00,12.224073465604981
3489,67,2,2040-07-01 00:00:00,12.629559834778268
3490,67,2,2041-07-01 00:00:00,12.937560179449605
3491,67,2,2042-07-01 00:00:00,13.078619534398628
3492,67,2,2043-07-01 00:00:00,13.128378479175574
3493,67,2,2044-07-01 00:00:00,13.340304843334415
3494,67,2,2045-07-01 00:00:00,13.613309536187717
3495,67,2,2046-07-01 00:00:00,13.768834173200188
3496,67,2,2047-07-01 00:00:00,13.785877379802141
3497,67,2,2048-07-01 00:00:00,13.870152929527348
3498,67,2,2049-07-01 00:00:00,13.953657383085055
3499,67,2,2050-07-01 00:00:00,14.03271291638693
3500,67,2,2051-07-01 00:00:00,14.216818245012854
3501,67,2,2052-07-01 00:00:00,14.403833765118872
3502,67,2,2053-07-01 00:00:00,14.593810551011918
3503,67,3,2022-07-01 00:00:00,17.09744670845584
3504,67,3,2023-07-01 00:00:00,16.51490034047702
3505,67,3,2024-07-01 00:00:00,15.992000670974278
3506,67,3,2025-07-01 00:00:00,13.943147136367127
3507,67,3,2026-07-01 00:00:00,10.948131943424924
3508,67,3,2027-07-01 00:00:00,9.921416517473933
3509,67,3,2028-07-01 00:00:00,9.777521522080342
3510,67,3,2029-07-01 00:00:00,9.695676601917238
3511,67,3,2030-07-01 00:00:00,9.543790933871298
3512,67,3,2031-07-01 00:00:00,9.262759541667881
3513,67,3,2032-07-01 00:00:00,9.06723907268873
3514,67,3,2033-07-01 00:00:00,9.098077254089178
3515,67,3,2034-07-01 00:00:00,9.173615471187789
3516,67,3,2035-07-01 00:00:00,9.267976316754762
3517,67,3,2036-07-01 00:00:00,9.31587681167596
3518,67,3,2037-07-01 00:00:00,9.38267713841019
3519,67,3,2038-07-01 00:00:00,9.514055879912387
3520,67,3,2039-07-01 00:00:00,9.556559826354565
3521,67,3,2040-07-01 00:00:00,9.632382925488585
3522,67,3,2041-07-01 00:00:00,9.777124141895897
3523,67,3,2042-07-01 00:00:00,9.902538578199461
3524,67,3,2043-07-01 00:00:00,10.054683577178743
3525,67,3,2044-07-01 00:00:00,10.176290770068853
3526,67,3,2045-07-01 00:00:00,10.282045547796855
3527,67,3,2046-07-01 00:00:00,10.367392232931746
3528,67,3,2047-07-01 00:00:00,10.4135848998692
3529,67,3,2048-07-01 00:00:00,10.482359433002904
3530,67,3,2049-07-01 00:00:00,10.508294659934617
3531,67,3,2050-07-01 00:00:00,10.517215506696646
3532,67,3,2051-07-01 00:00:00,10.603987563720398
3533,67,3,2052-07-01 00:00:00,10.691475856750907
3534,67,3,2053-07-01 00:00:00,10.779686300378378
3727,70,1,2022-07-01 00:00:00,17.6415514888131
3728,70,1,2023-07-01 00:00:00,17.43761291245508
3729,70,1,2024-07-01 00:00:00,16.400115199948658
3730,70,1,2025-07-01 00:00:00,14.13003865361408
3731,70,1,2026-07-01 00:00:00,12.649984378024305
3732,70,1,2027-07-01 00:00:00,12.51534591555591
3733,70,1,2028-07-01 00:00:00,12.462839486883187
3734,70,1,2029-07-01 00:00:00,12.450401234386764
3735,70,1,2030-07-01 00:00:00,12.466654048354801
3736,70,1,2031-07-01 00:00:00,12.353701392122474
3737,70,1,2032-07-01 00:00:00,12.40464149364972
3738,70,1,2033-07-01 00:00:00,12.890920485644513
3739,70,1,2034-07-01 00:00:00,13.372042653138227
3740,70,1,2035-07-01 00:00:00,13.641699827939874
3741,70,1,2036-07-01 00:00:00,13.703588732629267
3742,70,1,2037-07-01 00:00:00,13.863724348945118
3743,70,1,2038-07-01 00:00:00,14.016542543488853
3744,70,1,2039-07-01 00:00:00,14.000226939836157
3745,70,1,2040-07-01 00:00:00,14.150672419301735
3746,70,1,2041-07-01 00:00:00,14.36743079076871
3747,70,1,2042-07-01 00:00:00,14.549917273940672
3748,70,1,2043-07-01 00:00:00,14.81793532782666
3749,70,1,2044-07-01 00:00:00,14.996700077768756
3750,70,1,2045-07-01 00:00:00,15.103039218845083
3751,70,1,2046-07-01 00:00:00,15.145675893599584
3752,70,1,2047-07-01 00:00:00,15.137966366428355
3753,70,1,2048-07-01 00:00:00,15.740460458047165
3754,70,1,2049-07-01 00:00:00,16.3669326956501
3755,70,1,2050-07-01 00:00:00,16.54072415427946
3756,70,1,2051-07-01 00:00:00,16.839381777271523
3757,70,1,2052-07-01 00:00:00,17.14343193174766
3758,70,1,2053-07-01 00:00:00,17.452971984704615
3759,70,2,2022-07-01 00:00:00,17.85797332512428
3760,70,2,2023-07-01 00:00:00,17.54832253612409
3761,70,2,2024-07-01 00:00:00,16.6777490256192
3762,70,2,2025-07-01 00:00:00,14.369531952231448
3763,70,2,2026-07-01 00:00:00,12.273726943420094
3764,70,2,2027-07-01 00:00:00,11.731454025861497
3765,70,2,2028-07-01 00:00:00,11.42346143119407
3766,70,2,2029-07-01 00:00:00,11.27222622844491
3767,70,2,2030-07-01 00:00:00,11.236055369582953
3768,70,2,2031-07-01 00:00:00,11.239579550082862
3769,70,2,2032-07-01 00:00:00,11.30699667118441
3770,70,2,2033-07-01 00:00:00,11.407982611230524
3771,70,2,2034-07-01 00:00:00,11.56005481239996
3772,70,2,2035-07-01 00:00:00,11.642131472910346
3773,70,2,2036-07-01 00:00:00,11.621401600048276
3774,70,2,2037-07-01 00:00:00,11.749527809937062
3775,70,2,2038-07-01 00:00:00,11.922554866750609
3776,70,2,2039-07-01 00:00:00,12.173473815600767
3777,70,2,2040-07-01 00:00:00,12.493806846926894
3778,70,2,2041-07-01 00:00:00,12.704686997084302
3779,70,2,2042-07-01 00:00:00,12.695206593284796
3780,70,2,2043-07-01 00:00:00,12.634339095612305
3781,70,2,2044-07-01 00:00:00,12.805139835869289
3782,70,2,2045-07-01 00:00:00,13.059074763308582
3783,70,2,2046-07-01 00:00:00,13.194307828193242
3784,70,2,2047-07-01 00:00:00,13.190494984717148
3785,70,2,2048-07-01 00:00:00,13.229455420188286
3786,70,2,2049-07-01 00:00:00,13.229775768542059
3787,70,2,2050-07-01 00:00:00,13.202460497219384
3788,70,2,2051-07-01 00:00:00,13.272777432137715
3789,70,2,2052-07-01 00:00:00,13.343468878408483
3790,70,2,2053-07-01 00:00:00,13.41453683069703
3791,70,3,2022-07-01 00:00:00,17.568224328271
3792,70,3,2023-07-01 00:00:00,17.02665109050777
3793,70,3,2024-07-01 00:00:00,16.52769732451558
3794,70,3,2025-07-01 00:00:00,14.26860338504036
3795,70,3,2026-07-01 00:00:00,11.241365854541794
3796,70,3,2027-07-01 00:00:00,10.399070360590438
3797,70,3,2028-07-01 00:00:00,10.262052502950429
3798,70,3,2029-07-01 00:00:00,10.158202815566579
3799,70,3,2030-07-01 00:00:00,9.987035897214836
3800,70,3,2031-07-01 00:00:00,9.653783065758311
3801,70,3,2032-07-01 00:00:00,9.419869594250489
3802,70,3,2033-07-01 00:00:00,9.450707775650937
3803,70,3,2034-07-01 00:00:00,9.526245992749555
3804,70,3,2035-07-01 00:00:00,9.620606838316526
3805,70,3,2036-07-01 00:00:00,9.668507333237724
3806,70,3,2037-07-01 00:00:00,9.735307659971959
3807,70,3,2038-07-01 00:00:00,9.866686401474151
3808,70,3,2039-07-01 00:00:00,9.90499236551678
3809,70,3,2040-07-01 00:00:00,9.976617482251253
3810,70,3,2041-07-01 00:00:00,10.121358698658565
3811,70,3,2042-07-01 00:00:00,10.243475547183033
3812,70,3,2043-07-01 00:00:00,10.346197958383222
3813,70,3,2044-07-01 00:00:00,10.421680151273339
3814,70,3,2045-07-01 00:00:00,10.527434929001338
3815,70,3,2046-07-01 00:00:00,10.648218016639575
3816,70,3,2047-07-01 00:00:00,10.743833271356124
3817,70,3,2048-07-01 00:00:00,10.814190149689598
3818,70,3,2049-07-01 00:00:00,10.83303776367504
3819,70,3,2050-07-01 00:00:00,10.85505129754252
3820,70,3,2051-07-01 00:00:00,10.957500815493049
3821,70,3,2052-07-01 00:00:00,11.06091724768844
3822,70,3,2053-07-01 00:00:00,11.165309719824698
4303,76,1,2022-07-01 00:00:00,14.659094329704807
4304,76,1,2023-07-01 00:00:00,14.458277803367288
4305,76,1,2024-07-01 00:00:00,13.92500150505757
4306,76,1,2025-07-01 00:00:00,12.393031488256637
4307,76,1,2026-07-01 00:00:00,11.112484378024305
4308,76,1,2027-07-01 00:00:00,10.94034591555591
4309,76,1,2028-07-01 00:00:00,10.887839486883188
4310,76,1,2029-07-01 00:00:00,10.875401234386764
4311,76,1,2030-07-01 00:00:00,10.891654048354802
4312,76,1,2031-07-01 00:00:00,10.778701392122475
4313,76,1,2032-07-01 00:00:00,10.82964149364972
4314,76,1,2033-07-01 00:00:00,11.315920485644511
4315,76,1,2034-07-01 00:00:00,11.797042653138226
4316,76,1,2035-07-01 00:00:00,12.066699827939873
4317,76,1,2036-07-01 00:00:00,12.128588732629268
4318,76,1,2037-07-01 00:00:00,12.288724348945118
4319,76,1,2038-07-01 00:00:00,12.441542543488854
4320,76,1,2039-07-01 00:00:00,12.443976939836155
4321,76,1,2040-07-01 00:00:00,12.613172419301735
4322,76,1,2041-07-01 00:00:00,12.82993079076871
4323,76,1,2042-07-01 00:00:00,13.012417273940674
4324,76,1,2043-07-01 00:00:00,13.280435327826659
4325,76,1,2044-07-01 00:00:00,13.459200077768756
4326,76,1,2045-07-01 00:00:00,13.565539218845082
4327,76,1,2046-07-01 00:00:00,13.608175893599583
4328,76,1,2047-07-01 00:00:00,13.600466366428355
4329,76,1,2048-07-01 00:00:00,14.202960458047166
4330,76,1,2049-07-01 00:00:00,14.841526452619384
4331,76,1,2050-07-01 00:00:00,15.028561762465461
4332,76,1,2051-07-01 00:00:00,15.329837278116742
4333,76,1,2052-07-01 00:00:00,15.637152422693639
4334,76,1,2053-07-01 00:00:00,15.950628271808549
4335,76,2,2022-07-01 00:00:00,14.674124696221575
4336,76,2,2023-07-01 00:00:00,14.301227257611188
4337,76,2,2024-07-01 00:00:00,13.732205873571282
4338,76,2,2025-07-01 00:00:00,12.32915976424508
4339,76,2,2026-07-01 00:00:00,10.736226943420093
4340,76,2,2027-07-01 00:00:00,10.156454025861496
4341,76,2,2028-07-01 00:00:00,9.84846143119407
4342,76,2,2029-07-01 00:00:00,9.697226228444912
4343,76,2,2030-07-01 00:00:00,9.661055369582952
4344,76,2,2031-07-01 00:00:00,9.66457955008286
4345,76,2,2032-07-01 00:00:00,9.731996671184408
4346,76,2,2033-07-01 00:00:00,9.832982611230523
4347,76,2,2034-07-01 00:00:00,9.985054812399959
4348,76,2,2035-07-01 00:00:00,10.067131472910347
4349,76,2,2036-07-01 00:00:00,10.046401600048275
4350,76,2,2037-07-01 00:00:00,10.174527809937063
4351,76,2,2038-07-01 00:00:00,10.34755486675061
4352,76,2,2039-07-01 00:00:00,10.598473815600768
4353,76,2,2040-07-01 00:00:00,10.918806846926895
4354,76,2,2041-07-01 00:00:00,11.129686997084303
4355,76,2,2042-07-01 00:00:00,11.138956593284796
4356,76,2,2043-07-01 00:00:00,11.096839095612303
4357,76,2,2044-07-01 00:00:00,11.26763983586929
4358,76,2,2045-07-01 00:00:00,11.521574763308582
4359,76,2,2046-07-01 00:00:00,11.65680782819324
4360,76,2,2047-07-01 00:00:00,11.652994984717148
4361,76,2,2048-07-01 00:00:00,11.691955420188286
4362,76,2,2049-07-01 00:00:00,11.703599373304431
4363,76,2,2050-07-01 00:00:00,11.687706497471595
4364,76,2,2051-07-01 00:00:00,11.758246483592984
4365,76,2,2052-07-01 00:00:00,11.829212206760651
4366,76,2,2053-07-01 00:00:00,11.900606236468052
4367,76,3,2022-07-01 00:00:00,14.436376613475982
4368,76,3,2023-07-01 00:00:00,14.072580170275195
4369,76,3,2024-07-01 00:00:00,13.420433443374645
4370,76,3,2025-07-01 00:00:00,11.79948656673449
4371,76,3,2026-07-01 00:00:00,9.703865854541794
4372,76,3,2027-07-01 00:00:00,8.824070360590436
4373,76,3,2028-07-01 00:00:00,8.687052502950428
4374,76,3,2029-07-01 00:00:00,8.583202815566578
4375,76,3,2030-07-01 00:00:00,8.412035897214835
4376,76,3,2031-07-01 00:00:00,8.078783065758312
4377,76,3,2032-07-01 00:00:00,7.844869594250488
4378,76,3,2033-07-01 00:00:00,7.875707775650936
4379,76,3,2034-07-01 00:00:00,7.951245992749553
4380,76,3,2035-07-01 00:00:00,8.045606838316525
4381,76,3,2036-07-01 00:00:00,8.093507333237724
4382,76,3,2037-07-01 00:00:00,8.16030765997196
4383,76,3,2038-07-01 00:00:00,8.291686401474152
4384,76,3,2039-07-01 00:00:00,8.34874236551678
4385,76,3,2040-07-01 00:00:00,8.439117482251255
4386,76,3,2041-07-01 00:00:00,8.583858698658565
4387,76,3,2042-07-01 00:00:00,8.705975547183034
4388,76,3,2043-07-01 00:00:00,8.808697958383222
4389,76,3,2044-07-01 00:00:00,8.884180151273338
4390,76,3,2045-07-01 00:00:00,8.989934929001336
4391,76,3,2046-07-01 00:00:00,9.110718016639574
4392,76,3,2047-07-01 00:00:00,9.206333271356126
4393,76,3,2048-07-01 00:00:00,9.276690149689598
4394,76,3,2049-07-01 00:00:00,9.307027945247032
4395,76,3,2050-07-01 00:00:00,9.340855736071918
4396,76,3,2051-07-01 00:00:00,9.444038992081094
4397,76,3,2052-07-01 00:00:00,9.548362056328559
4398,76,3,2053-07-01 00:00:00,9.653837519644167
4975,83,1,2022-07-01 00:00:00,14.74820099423192
4976,83,1,2023-07-01 00:00:00,14.615585426522234
4977,83,1,2024-07-01 00:00:00,14.12199451894674
4978,83,1,2025-07-01 00:00:00,12.592269212590317
4979,83,1,2026-07-01 00:00:00,11.307577955844907
4980,83,1,2027-07-01 00:00:00,11.007860299993727
4981,83,1,2028-07-01 00:00:00,10.762708475849873
4982,83,1,2029-07-01 00:00:00,10.723836761338312
4983,83,1,2030-07-01 00:00:00,10.862086617507984
4984,83,1,2031-07-01 00:00:00,10.95236276063685
4985,83,1,2032-07-01 00:00:00,11.158025438850675
4986,83,1,2033-07-01 00:00:00,11.652253298023695
4987,83,1,2034-07-01 00:00:00,12.124144494814065
4988,83,1,2035-07-01 00:00:00,12.367316012157644
4989,83,1,2036-07-01 00:00:00,12.411603195990548
4990,83,1,2037-07-01 00:00:00,12.547575514600508
4991,83,1,2038-07-01 00:00:00,12.690592545040936
4992,83,1,2039-07-01 00:00:00,12.641919140409964
4993,83,1,2040-07-01 00:00:00,12.737278683296232
4994,83,1,2041-07-01 00:00:00,12.936463641286204
4995,83,1,2042-07-01 00:00:00,13.068054399272444
4996,83,1,2043-07-01 00:00:00,13.247838808701115
4997,83,1,2044-07-01 00:00:00,13.400348112279278
4998,83,1,2045-07-01 00:00:00,13.590736963362607
4999,83,1,2046-07-01 00:00:00,13.736281481247481
5000,83,1,2047-07-01 00:00:00,13.965504798013225
5001,83,1,2048-07-01 00:00:00,14.536886527181025
5002,83,1,2049-07-01 00:00:00,14.956162249953987
5003,83,1,2050-07-01 00:00:00,15.180574904486235
5004,83,1,2051-07-01 00:00:00,15.521502731413548
5005,83,1,2052-07-01 00:00:00,15.870087171078175
5006,83,1,2053-07-01 00:00:00,16.226500176937645
5007,83,2,2022-07-01 00:00:00,14.83206700571008
5008,83,2,2023-07-01 00:00:00,14.480749785672991
5009,83,2,2024-07-01 00:00:00,13.94306643845363
5010,83,2,2025-07-01 00:00:00,12.54914798379583
5011,83,2,2026-07-01 00:00:00,10.952373112769706
5012,83,2,2027-07-01 00:00:00,10.178160956525677
5013,83,2,2028-07-01 00:00:00,9.708755536170374
5014,83,2,2029-07-01 00:00:00,9.597172617339899
5015,83,2,2030-07-01 00:00:00,9.60544092289383
5016,83,2,2031-07-01 00:00:00,9.692490241411786
5017,83,2,2032-07-01 00:00:00,9.836261625593073
5018,83,2,2033-07-01 00:00:00,10.001084616367237
5019,83,2,2034-07-01 00:00:00,10.16737665313796
5020,83,2,2035-07-01 00:00:00,10.293031630021487
5021,83,2,2036-07-01 00:00:00,10.343785506288139
5022,83,2,2037-07-01 00:00:00,10.466518193417208
5023,83,2,2038-07-01 00:00:00,10.612058941046536
5024,83,2,2039-07-01 00:00:00,10.800770474577721
5025,83,2,2040-07-01 00:00:00,11.041810858299531
5026,83,2,2041-07-01 00:00:00,11.20850571892128
5027,83,2,2042-07-01 00:00:00,11.202086587167233
5028,83,2,2043-07-01 00:00:00,11.137945480685383
5029,83,2,2044-07-01 00:00:00,11.258921570775188
5030,83,2,2045-07-01 00:00:00,11.442771534261372
5031,83,2,2046-07-01 00:00:00,11.534131573988399
5032,83,2,2047-07-01 00:00:00,11.53600237980214
5033,83,2,2048-07-01 00:00:00,11.62027792952735
5034,83,2,2049-07-01 00:00:00,11.665580788127802
5035,83,2,2050-07-01 00:00:00,11.65056829539271
5036,83,2,2051-07-01 00:00:00,11.72171489273537
5037,83,2,2052-07-01 00:00:00,11.793295961443299
5038,83,2,2053-07-01 00:00:00,11.865314154705464
5039,83,3,2022-07-01 00:00:00,14.540571116862793
5040,83,3,2023-07-01 00:00:00,14.271527150277747
5041,83,3,2024-07-01 00:00:00,13.86297910543012
5042,83,3,2025-07-01 00:00:00,12.23043472024382
5043,83,3,2026-07-01 00:00:00,9.96007165942336
5044,83,3,2027-07-01 00:00:00,9.06597753082757
5045,83,3,2028-07-01 00:00:00,8.923882295463802
5046,83,3,2029-07-01 00:00:00,8.834650947517847
5047,83,3,2030-07-01 00:00:00,8.704365338320947
5048,83,3,2031-07-01 00:00:00,8.438759122755036
5049,83,3,2032-07-01 00:00:00,8.261963380561905
5050,83,3,2033-07-01 00:00:00,8.301241020702243
5051,83,3,2034-07-01 00:00:00,8.391246484478247
5052,83,3,2035-07-01 00:00:00,8.50229182339999
5053,83,3,2036-07-01 00:00:00,8.552409564998577
5054,83,3,2037-07-01 00:00:00,8.621427138410201
5055,83,3,2038-07-01 00:00:00,8.743004715809086
5056,83,3,2039-07-01 00:00:00,8.782476674063139
5057,83,3,2040-07-01 00:00:00,8.858645796208624
5058,83,3,2041-07-01 00:00:00,8.989830092794673
5059,83,3,2042-07-01 00:00:00,9.097017936613865
5060,83,3,2043-07-01 00:00:00,9.173964104170718
5061,83,3,2044-07-01 00:00:00,9.221897488152011
5062,83,3,2045-07-01 00:00:00,9.314911395610242
5063,83,3,2046-07-01 00:00:00,9.446360052418498
5064,83,3,2047-07-01 00:00:00,9.56257483463839
5065,83,3,2048-07-01 00:00:00,9.625105908254165
5066,83,3,2049-07-01 00:00:00,9.636943744579604
5067,83,3,2050-07-01 00:00:00,9.665337371864005
5068,83,3,2051-07-01 00:00:00,9.765427631115571
5069,83,3,2052-07-01 00:00:00,9.866554383932918
5070,83,3,2053-07-01 00:00:00,9.968728363817188
5167,85,1,2022-07-01 00:00:00,14.595448780946041
5168,85,1,2023-07-01 00:00:00,14.500564772697977
5169,85,1,2024-07-01 00:00:00,14.106224694722354
5170,85,1,2025-07-01 00:00:00,12.550870829848497
5171,85,1,2026-07-01 00:00:00,11.199266410472573
5172,85,1,2027-07-01 00:00:00,11.001928448309663
5173,85,1,2028-07-01 00:00:00,10.982665359697185
5174,85,1,2029-07-01 00:00:00,11.055676475466315
5175,85,1,2030-07-01 00:00:00,11.129733688828125
5176,85,1,2031-07-01 00:00:00,11.021718035939887
5177,85,1,2032-07-01 00:00:00,11.01196136146239
5178,85,1,2033-07-01 00:00:00,11.482357892798259
5179,85,1,2034-07-01 00:00:00,12.032670048271688
5180,85,1,2035-07-01 00:00:00,12.388557286375306
5181,85,1,2036-07-01 00:00:00,12.54735624696766
5182,85,1,2037-07-01 00:00:00,12.838770652299534
5183,85,1,2038-07-01 00:00:00,13.086779382595013
5184,85,1,2039-07-01 00:00:00,13.155107161380123
5185,85,1,2040-07-01 00:00:00,13.395402621287676
5186,85,1,2041-07-01 00:00:00,13.697809554395105
5187,85,1,2042-07-01 00:00:00,13.936271662973677
5188,85,1,2043-07-01 00:00:00,14.217533333545276
5189,85,1,2044-07-01 00:00:00,14.425670944699704
5190,85,1,2045-07-01 00:00:00,14.571154496599174
5191,85,1,2046-07-01 00:00:00,14.676383569932092
5192,85,1,2047-07-01 00:00:00,14.901352157271589
5193,85,1,2048-07-01 00:00:00,15.414738774371504
5194,85,1,2049-07-01 00:00:00,15.744136974865288
5195,85,1,2050-07-01 00:00:00,15.91217515545043
5196,85,1,2051-07-01 00:00:00,16.200355967349747
5197,85,1,2052-07-01 00:00:00,16.49375593876281
5198,85,1,2053-07-01 00:00:00,16.79246959238129
5199,85,2,2022-07-01 00:00:00,14.865945349471895
5200,85,2,2023-07-01 00:00:00,14.530506089606652
5201,85,2,2024-07-01 00:00:00,14.024192484657474
5202,85,2,2025-07-01 00:00:00,12.57741949024047
5203,85,2,2026-07-01 00:00:00,11.007118534219906
5204,85,2,2027-07-01 00:00:00,10.489346394259353
5205,85,2,2028-07-01 00:00:00,10.201573842077982
5206,85,2,2029-07-01 00:00:00,10.141519180839296
5207,85,2,2030-07-01 00:00:00,10.12866069739589
5208,85,2,2031-07-01 00:00:00,10.08747153423448
5209,85,2,2032-07-01 00:00:00,10.135226449519227
5210,85,2,2033-07-01 00:00:00,10.24544721404308
5211,85,2,2034-07-01 00:00:00,10.438036438672825
5212,85,2,2035-07-01 00:00:00,10.542250238508586
5213,85,2,2036-07-01 00:00:00,10.500371283388645
5214,85,2,2037-07-01 00:00:00,10.610146608955793
5215,85,2,2038-07-01 00:00:00,10.769816217166966
5216,85,2,2039-07-01 00:00:00,11.08240846560498
5217,85,2,2040-07-01 00:00:00,11.487894834778267
5218,85,2,2041-07-01 00:00:00,11.795895179449605
5219,85,2,2042-07-01 00:00:00,11.950545784398626
5220,85,2,2043-07-01 00:00:00,12.013895979175572
5221,85,2,2044-07-01 00:00:00,12.225822343334414
5222,85,2,2045-07-01 00:00:00,12.498827036187716
5223,85,2,2046-07-01 00:00:00,12.64261542320019
5224,85,2,2047-07-01 00:00:00,12.636493629802139
5225,85,2,2048-07-01 00:00:00,12.698167929527349
5226,85,2,2049-07-01 00:00:00,12.730534365055789
5227,85,2,2050-07-01 00:00:00,12.719854735944375
5228,85,2,2051-07-01 00:00:00,12.80325082685582
5229,85,2,2052-07-01 00:00:00,12.887193693506742
5230,85,2,2053-07-01 00:00:00,12.971686920761927
5231,85,3,2022-07-01 00:00:00,14.62874670849331
5232,85,3,2023-07-01 00:00:00,14.321986298543615
5233,85,3,2024-07-01 00:00:00,13.909183881872085
5234,85,3,2025-07-01 00:00:00,12.275244389217074
5235,85,3,2026-07-01 00:00:00,9.833649443424923
5236,85,3,2027-07-01 00:00:00,8.779751517473933
5237,85,3,2028-07-01 00:00:00,8.635856522080342
5238,85,3,2029-07-01 00:00:00,8.554011601917239
5239,85,3,2030-07-01 00:00:00,8.402125933871297
5240,85,3,2031-07-01 00:00:00,8.12109454166788
5241,85,3,2032-07-01 00:00:00,7.925574072688729
5242,85,3,2033-07-01 00:00:00,7.956412254089177
5243,85,3,2034-07-01 00:00:00,8.031950471187793
5244,85,3,2035-07-01 00:00:00,8.126311316754766
5245,85,3,2036-07-01 00:00:00,8.17421181167596
5246,85,3,2037-07-01 00:00:00,8.241012138410191
5247,85,3,2038-07-01 00:00:00,8.372390879912388
5248,85,3,2039-07-01 00:00:00,8.428486076354565
5249,85,3,2040-07-01 00:00:00,8.517900425488584
5250,85,3,2041-07-01 00:00:00,8.662641641895895
5251,85,3,2042-07-01 00:00:00,8.788056078199455
5252,85,3,2043-07-01 00:00:00,8.940201077178736
5253,85,3,2044-07-01 00:00:00,9.061808270068852
5254,85,3,2045-07-01 00:00:00,9.167563047796857
5255,85,3,2046-07-01 00:00:00,9.241173482931742
5256,85,3,2047-07-01 00:00:00,9.265629256400974
5257,85,3,2048-07-01 00:00:00,9.31180253953468
5258,85,3,2049-07-01 00:00:00,9.326808377915805
5259,85,3,2050-07-01 00:00:00,9.33033968122502
5260,85,3,2051-07-01 00:00:00,9.402914735100575
5261,85,3,2052-07-01 00:00:00,9.476054306306152
5262,85,3,2053-07-01 00:00:00,9.5497627858797
5359,87,1,2022-07-01 00:00:00,17.36327334951602
5360,87,1,2023-07-01 00:00:00,16.99649162936866
5361,87,1,2024-07-01 00:00:00,15.732167040114009
5362,87,1,2025-07-01 00:00:00,13.76407270721731
5363,87,1,2026-07-01 00:00:00,12.649984378024305
5364,87,1,2027-07-01 00:00:00,12.51534591555591
5365,87,1,2028-07-01 00:00:00,12.462839486883187
5366,87,1,2029-07-01 00:00:00,12.450401234386764
5367,87,1,2030-07-01 00:00:00,12.466654048354801
5368,87,1,2031-07-01 00:00:00,12.353701392122474
5369,87,1,2032-07-01 00:00:00,12.40464149364972
5370,87,1,2033-07-01 00:00:00,12.890920485644513
5371,87,1,2034-07-01 00:00:00,13.372042653138227
5372,87,1,2035-07-01 00:00:00,13.641699827939874
5373,87,1,2036-07-01 00:00:00,13.703588732629267
5374,87,1,2037-07-01 00:00:00,13.863724348945118
5375,87,1,2038-07-01 00:00:00,14.016542543488853
5376,87,1,2039-07-01 00:00:00,14.000226939836157
5377,87,1,2040-07-01 00:00:00,14.150672419301735
5378,87,1,2041-07-01 00:00:00,14.36743079076871
5379,87,1,2042-07-01 00:00:00,14.549917273940672
5380,87,1,2043-07-01 00:00:00,14.81793532782666
5381,87,1,2044-07-01 00:00:00,14.996700077768756
5382,87,1,2045-07-01 00:00:00,15.103039218845083
5383,87,1,2046-07-01 00:00:00,15.145675893599584
5384,87,1,2047-07-01 00:00:00,15.137966366428355
5385,87,1,2048-07-01 00:00:00,15.740460458047165
5386,87,1,2049-07-01 00:00:00,16.3669326956501
5387,87,1,2050-07-01 00:00:00,16.54072415427946
5388,87,1,2051-07-01 00:00:00,16.839381777271523
5389,87,1,2052-07-01 00:00:00,17.14343193174766
5390,87,1,2053-07-01 00:00:00,17.452971984704615
5391,87,2,2022-07-01 00:00:00,17.34584732526332
5392,87,2,2023-07-01 00:00:00,16.92181246047836
5393,87,2,2024-07-01 00:00:00,15.85343017224514
5394,87,2,2025-07-01 00:00:00,14.16566017457264
5395,87,2,2026-07-01 00:00:00,12.786226943420093
5396,87,2,2027-07-01 00:00:00,12.256454025861498
5397,87,2,2028-07-01 00:00:00,11.948461431194069
5398,87,2,2029-07-01 00:00:00,11.797226228444911
5399,87,2,2030-07-01 00:00:00,11.761055369582952
5400,87,2,2031-07-01 00:00:00,11.76457955008286
5401,87,2,2032-07-01 00:00:00,11.83199667118441
5402,87,2,2033-07-01 00:00:00,11.932982611230525
5403,87,2,2034-07-01 00:00:00,12.08505481239996
5404,87,2,2035-07-01 00:00:00,12.167131472910347
5405,87,2,2036-07-01 00:00:00,12.146401600048275
5406,87,2,2037-07-01 00:00:00,12.274527809937062
5407,87,2,2038-07-01 00:00:00,12.447554866750611
5408,87,2,2039-07-01 00:00:00,12.698473815600767
5409,87,2,2040-07-01 00:00:00,13.018806846926896
5410,87,2,2041-07-01 00:00:00,13.229686997084302
5411,87,2,2042-07-01 00:00:00,13.213956593284795
5412,87,2,2043-07-01 00:00:00,13.146839095612304
5413,87,2,2044-07-01 00:00:00,13.31763983586929
5414,87,2,2045-07-01 00:00:00,13.571574763308583
5415,87,2,2046-07-01 00:00:00,13.706807828193242
5416,87,2,2047-07-01 00:00:00,13.702994984717147
5417,87,2,2048-07-01 00:00:00,13.741955420188285
5418,87,2,2049-07-01 00:00:00,13.809612943259047
5419,87,2,2050-07-01 00:00:00,13.922187240866489
5420,87,2,2051-07-01 00:00:00,14.13909891716684
5421,87,2,2052-07-01 00:00:00,14.359390139690888
5422,87,2,2053-07-01 00:00:00,14.583113562739552
5423,87,3,2022-07-01 00:00:00,16.96597895480534
5424,87,3,2023-07-01 00:00:00,16.257079865403078
5425,87,3,2024-07-01 00:00:00,15.07391752101563
5426,87,3,2025-07-01 00:00:00,13.53327211991227
5427,87,3,2026-07-01 00:00:00,11.753865854541793
5428,87,3,2027-07-01 00:00:00,10.924070360590438
5429,87,3,2028-07-01 00:00:00,10.787052502950427
5430,87,3,2029-07-01 00:00:00,10.683202815566577
5431,87,3,2030-07-01 00:00:00,10.512035897214837
5432,87,3,2031-07-01 00:00:00,10.17878306575831
5433,87,3,2032-07-01 00:00:00,9.944869594250488
5434,87,3,2033-07-01 00:00:00,9.975707775650935
5435,87,3,2034-07-01 00:00:00,10.051245992749553
5436,87,3,2035-07-01 00:00:00,10.145606838316525
5437,87,3,2036-07-01 00:00:00,10.193507333237724
5438,87,3,2037-07-01 00:00:00,10.260307659971959
5439,87,3,2038-07-01 00:00:00,10.391686401474152
5440,87,3,2039-07-01 00:00:00,10.423742365516778
5441,87,3,2040-07-01 00:00:00,10.489117482251253
5442,87,3,2041-07-01 00:00:00,10.633858698658564
5443,87,3,2042-07-01 00:00:00,10.755975547183033
5444,87,3,2043-07-01 00:00:00,10.858697958383221
5445,87,3,2044-07-01 00:00:00,10.934180151273338
5446,87,3,2045-07-01 00:00:00,11.039934929001337
5447,87,3,2046-07-01 00:00:00,11.160718016639574
5448,87,3,2047-07-01 00:00:00,11.256333271356123
5449,87,3,2048-07-01 00:00:00,11.326690149689597
5450,87,3,2049-07-01 00:00:00,11.34172261608889
5451,87,3,2050-07-01 00:00:00,11.359833203172993
5452,87,3,2051-07-01 00:00:00,11.46208405897829
5453,87,3,2052-07-01 00:00:00,11.565255283712066
5454,87,3,2053-07-01 00:00:00,11.669355161695837
5455,88,1,2022-07-01 00:00:00,13.967265253989849
5456,88,1,2023-07-01 00:00:00,13.767691669533965
5457,88,1,2024-07-01 00:00:00,13.45819993607364
5458,88,1,2025-07-01 00:00:00,12.3184943883169
5459,88,1,2026-07-01 00:00:00,11.25627793938755
5460,88,1,2027-07-01 00:00:00,11.18006801966165
5461,88,1,2028-07-01 00:00:00,11.12439956111635
5462,88,1,2029-07-01 00:00:00,11.0851411126353
5463,88,1,2030-07-01 00:00:00,11.09190263733165
5464,88,1,2031-07-01 00:00:00,11.099224287086749
5465,88,1,2032-07-01 00:00:00,11.181107757195651
5466,88,1,2033-07-01 00:00:00,11.43091130459465
5467,88,1,2034-07-01 00:00:00,11.60419195619485
5468,88,1,2035-07-01 00:00:00,11.6446010308212
5469,88,1,2036-07-01 00:00:00,11.66227846464055
5470,88,1,2037-07-01 00:00:00,11.8066499741353
5471,88,1,2038-07-01 00:00:00,11.95773073299245
5472,88,1,2039-07-01 00:00:00,11.9851176602062
5473,88,1,2040-07-01 00:00:00,12.1213556701286
5474,88,1,2041-07-01 00:00:00,12.2463556701286
5475,88,1,2042-07-01 00:00:00,12.2463556701286
5476,88,1,2043-07-01 00:00:00,12.2504361772042
5477,88,1,2044-07-01 00:00:00,12.265687015948949
5478,88,1,2045-07-01 00:00:00,12.28448276699045
5479,88,1,2046-07-01 00:00:00,12.2921081863628
5480,88,1,2047-07-01 00:00:00,12.2921081863628
5481,88,1,2048-07-01 00:00:00,12.299733605735199
5482,88,1,2049-07-01 00:00:00,12.312656915094228
5483,88,1,2050-07-01 00:00:00,12.323257256182224
5484,88,1,2051-07-01 00:00:00,12.333866723426496
5485,88,1,2052-07-01 00:00:00,12.344485324684028
5486,88,1,2053-07-01 00:00:00,12.355113067818571
5487,88,2,2022-07-01 00:00:00,13.2610113243468
5488,88,2,2023-07-01 00:00:00,13.0717372174508
5489,88,2,2024-07-01 00:00:00,12.6842655839876
5490,88,2,2025-07-01 00:00:00,11.65875546137325
5491,88,2,2026-07-01 00:00:00,10.319004422071881
5492,88,2,2027-07-01 00:00:00,9.79401548604492
5493,88,2,2028-07-01 00:00:00,9.775514062628146
5494,88,2,2029-07-01 00:00:00,9.77178982417983
5495,88,2,2030-07-01 00:00:00,9.77454945087483
5496,88,2,2031-07-01 00:00:00,9.783192307423882
5497,88,2,2032-07-01 00:00:00,9.913563283639775
5498,88,2,2033-07-01 00:00:00,10.0367998255304
5499,88,2,2034-07-01 00:00:00,10.045767445229
5500,88,2,2035-07-01 00:00:00,10.0541262898048
5501,88,2,2036-07-01 00:00:00,10.060358242767851
5502,88,2,2037-07-01 00:00:00,10.178278353624
5503,88,2,2038-07-01 00:00:00,10.29143336192395
5504,88,2,2039-07-01 00:00:00,10.306644695035398
5505,88,2,2040-07-01 00:00:00,10.4539440334663
5506,88,2,2041-07-01 00:00:00,10.61256303038
5507,88,2,2042-07-01 00:00:00,10.642174777148849
5508,88,2,2043-07-01 00:00:00,10.6463556701286
5509,88,2,2044-07-01 00:00:00,10.6463556701286
5510,88,2,2045-07-01 00:00:00,10.6463556701286
5511,88,2,2046-07-01 00:00:00,10.6463556701286
5512,88,2,2047-07-01 00:00:00,10.65736936679715
5513,88,2,2048-07-01 00:00:00,10.6726202055419
5514,88,2,2049-07-01 00:00:00,10.679912754582162
5515,88,2,2050-07-01 00:00:00,10.686025317248028
5516,88,2,2051-07-01 00:00:00,10.692141378390257
5517,88,2,2052-07-01 00:00:00,10.698260940011178
5518,88,2,2053-07-01 00:00:00,10.704384004114257
5519,88,3,2022-07-01 00:00:00,12.871737217450802
5520,88,3,2023-07-01 00:00:00,12.67855512366464
5521,88,3,2024-07-01 00:00:00,12.382629730726162
5522,88,3,2025-07-01 00:00:00,11.07953000783238
5523,88,3,2026-07-01 00:00:00,8.869410097009624
5524,88,3,2027-07-01 00:00:00,7.86686365003232
5525,88,3,2028-07-01 00:00:00,7.866780316698986
5526,88,3,2029-07-01 00:00:00,7.861419334874411
5527,88,3,2030-07-01 00:00:00,7.856079186383175
5528,88,3,2031-07-01 00:00:00,7.82529641621297
5529,88,3,2032-07-01 00:00:00,7.921429917734516
5530,88,3,2033-07-01 00:00:00,8.042900212330865
5531,88,3,2034-07-01 00:00:00,8.04990725716402
5532,88,3,2035-07-01 00:00:00,8.05720634490406
5533,88,3,2036-07-01 00:00:00,8.084950645639676
5534,88,3,2037-07-01 00:00:00,8.21103615147749
5535,88,3,2038-07-01 00:00:00,8.334982280039196
5536,88,3,2039-07-01 00:00:00,8.366833116039555
5537,88,3,2040-07-01 00:00:00,8.510645159844309
5538,88,3,2041-07-01 00:00:00,8.646220677660676
5539,88,3,2042-07-01 00:00:00,8.64635567012861
5540,88,3,2043-07-01 00:00:00,8.64635567012861
5541,88,3,2044-07-01 00:00:00,8.64635567012861
5542,88,3,2045-07-01 00:00:00,8.64635567012861
5543,88,3,2046-07-01 00:00:00,8.64635567012861
5544,88,3,2047-07-01 00:00:00,8.64635567012861
5545,88,3,2048-07-01 00:00:00,8.64635567012861
5546,88,3,2049-07-01 00:00:00,8.64635567012861
5547,88,3,2050-07-01 00:00:00,8.64635567012861
5548,88,3,2051-07-01 00:00:00,8.64635567012861
5549,88,3,2052-07-01 00:00:00,8.64635567012861
5550,88,3,2053-07-01 00:00:00,8.64635567012861
5551,89,1,2022-07-01 00:00:00,17.41005926428744
5552,89,1,2023-07-01 00:00:00,17.08876646731997
5553,89,1,2024-07-01 00:00:00,15.87695508607903
5554,89,1,2025-07-01 00:00:00,13.87187577114363
5555,89,1,2026-07-01 00:00:00,12.671340628337113
5556,89,1,2027-07-01 00:00:00,12.464348013822022
5557,89,1,2028-07-01 00:00:00,12.29489486819622
5558,89,1,2029-07-01 00:00:00,12.272965663988506
5559,89,1,2030-07-01 00:00:00,12.396865340577797
5560,89,1,2031-07-01 00:00:00,12.427109940781882
5561,89,1,2032-07-01 00:00:00,12.573010333236834
5562,89,1,2033-07-01 00:00:00,13.064253555159713
5563,89,1,2034-07-01 00:00:00,13.58198128240233
5564,89,1,2035-07-01 00:00:00,13.868528540950546
5565,89,1,2036-07-01 00:00:00,13.937173479138579
5566,89,1,2037-07-01 00:00:00,14.107443145702412
5567,89,1,2038-07-01 00:00:00,14.267017373744784
5568,89,1,2039-07-01 00:00:00,14.247719926874755
5569,89,1,2040-07-01 00:00:00,14.395183563122949
5570,89,1,2041-07-01 00:00:00,14.611941934589924
5571,89,1,2042-07-01 00:00:00,14.794428417761885
5572,89,1,2043-07-01 00:00:00,15.077420125455141
5573,89,1,2044-07-01 00:00:00,15.263361192573129
5574,89,1,2045-07-01 00:00:00,15.409488399099233
5575,89,1,2046-07-01 00:00:00,15.53158918635206
5576,89,1,2047-07-01 00:00:00,15.768947283488536
5577,89,1,2048-07-01 00:00:00,16.315130382240024
5578,89,1,2049-07-01 00:00:00,16.67308843201242
5579,89,1,2050-07-01 00:00:00,16.85115152567733
5580,89,1,2051-07-01 00:00:00,17.15644960631203
5581,89,1,2052-07-01 00:00:00,17.467278876782473
5582,89,1,2053-07-01 00:00:00,17.783739547548322
5583,89,2,2022-07-01 00:00:00,17.460456285528238
5584,89,2,2023-07-01 00:00:00,17.05082708690508
5585,89,2,2024-07-01 00:00:00,16.08193977312382
5586,89,2,2025-07-01 00:00:00,14.11436704548111
5587,89,2,2026-07-01 00:00:00,12.370005083438471
5588,89,2,2027-07-01 00:00:00,11.695849174893809
5589,89,2,2028-07-01 00:00:00,11.284001797221816
5590,89,2,2029-07-01 00:00:00,11.213689187769322
5591,89,2,2030-07-01 00:00:00,11.22893483350969
5592,89,2,2031-07-01 00:00:00,11.260441479380724
5593,89,2,2032-07-01 00:00:00,11.35982433861019
5594,89,2,2033-07-01 00:00:00,11.507247311914222
5595,89,2,2034-07-01 00:00:00,11.713049644951301
5596,89,2,2035-07-01 00:00:00,11.834729102830032
5597,89,2,2036-07-01 00:00:00,11.83134022931235
5598,89,2,2037-07-01 00:00:00,11.956088422451824
5599,89,2,2038-07-01 00:00:00,12.125737462516048
5600,89,2,2039-07-01 00:00:00,12.383412444864826
5601,89,2,2040-07-01 00:00:00,12.719614040472255
5602,89,2,2041-07-01 00:00:00,12.941068302891278
5603,89,2,2042-07-01 00:00:00,12.936383608838337
5604,89,2,2043-07-01 00:00:00,12.878850239433465
5605,89,2,2044-07-01 00:00:00,13.049650979690451
5606,89,2,2045-07-01 00:00:00,13.31347795698552
5607,89,2,2046-07-01 00:00:00,13.466334196580144
5608,89,2,2047-07-01 00:00:00,13.484266868988046
5609,89,2,2048-07-01 00:00:00,13.570321350325155
5610,89,2,2049-07-01 00:00:00,13.694884329886403
5611,89,2,2050-07-01 00:00:00,13.854908486510949
5612,89,2,2051-07-01 00:00:00,14.11990173234945
5613,89,2,2052-07-01 00:00:00,14.389963320603087
5614,89,2,2053-07-01 00:00:00,14.665190189949508
5615,89,3,2022-07-01 00:00:00,17.0028648784394
5616,89,3,2023-07-01 00:00:00,16.453648262879717
5617,89,3,2024-07-01 00:00:00,15.927492226571989
5618,89,3,2025-07-01 00:00:00,14.010871506762971
5619,89,3,2026-07-01 00:00:00,11.312548682152366
5620,89,3,2027-07-01 00:00:00,10.42466619813991
5621,89,3,2028-07-01 00:00:00,10.279138552956763
5622,89,3,2029-07-01 00:00:00,10.196979891612402
5623,89,3,2030-07-01 00:00:00,10.061598261754641
5624,89,3,2031-07-01 00:00:00,9.78479249150191
5625,89,3,2032-07-01 00:00:00,9.589272022522758
5626,89,3,2033-07-01 00:00:00,9.620110203923204
5627,89,3,2034-07-01 00:00:00,9.695648421021822
5628,89,3,2035-07-01 00:00:00,9.790009266588795
5629,89,3,2036-07-01 00:00:00,9.837909761509994
5630,89,3,2037-07-01 00:00:00,9.90471008824423
5631,89,3,2038-07-01 00:00:00,10.036088829746426
5632,89,3,2039-07-01 00:00:00,10.072378098214383
5633,89,3,2040-07-01 00:00:00,10.141986519374186
5634,89,3,2041-07-01 00:00:00,10.286727735781493
5635,89,3,2042-07-01 00:00:00,10.41214217208506
5636,89,3,2043-07-01 00:00:00,10.528054934401627
5637,89,3,2044-07-01 00:00:00,10.613429890629028
5638,89,3,2045-07-01 00:00:00,10.719184668357038
5639,89,3,2046-07-01 00:00:00,10.836670168216177
5640,89,3,2047-07-01 00:00:00,10.91909507181634
5641,89,3,2048-07-01 00:00:00,10.979119638644189
5642,89,3,2049-07-01 00:00:00,10.993467545476737
5643,89,3,2050-07-01 00:00:00,11.008505621201701
5644,89,3,2051-07-01 00:00:00,11.105064982864631
5645,89,3,2052-07-01 00:00:00,11.202471299658946
5646,89,3,2053-07-01 00:00:00,11.300732000517293
5743,91,1,2022-07-01 00:00:00,14.078305095888654
5744,91,1,2023-07-01 00:00:00,13.878731511432811
5745,91,1,2024-07-01 00:00:00,13.569239777972488
5746,91,1,2025-07-01 00:00:00,12.484918988630254
5747,91,1,2026-07-01 00:00:00,11.49803580903465
5748,91,1,2027-07-01 00:00:00,11.447807326630201
5749,91,1,2028-07-01 00:00:00,11.398206633876551
5750,91,1,2029-07-01 00:00:00,11.354609654688101
5751,91,1,2030-07-01 00:00:00,11.354265242359151
5752,91,1,2031-07-01 00:00:00,11.3556349595525
5753,91,1,2032-07-01 00:00:00,11.43599949782255
5754,91,1,2033-07-01 00:00:00,11.67691543157805
5755,91,1,2034-07-01 00:00:00,11.8326352597138
5756,91,1,2035-07-01 00:00:00,11.8578337924232
5757,91,1,2036-07-01 00:00:00,11.8578337924232
5758,91,1,2037-07-01 00:00:00,11.9828337924232
5759,91,1,2038-07-01 00:00:00,12.1078337924232
5760,91,1,2039-07-01 00:00:00,12.1078337924232
5761,91,1,2040-07-01 00:00:00,12.2328337924232
5762,91,1,2041-07-01 00:00:00,12.3578337924232
5763,91,1,2042-07-01 00:00:00,12.3578337924232
5764,91,1,2043-07-01 00:00:00,12.3578337924232
5765,91,1,2044-07-01 00:00:00,12.3578337924232
5766,91,1,2045-07-01 00:00:00,12.3578337924232
5767,91,1,2046-07-01 00:00:00,12.3578337924232
5768,91,1,2047-07-01 00:00:00,12.3578337924232
5769,91,1,2048-07-01 00:00:00,12.3578337924232
5770,91,1,2049-07-01 00:00:00,12.388728376904258
5771,91,1,2050-07-01 00:00:00,12.450672018788778
5772,91,1,2051-07-01 00:00:00,12.51292537888272
5773,91,1,2052-07-01 00:00:00,12.575490005777132
5774,91,1,2053-07-01 00:00:00,12.638367455806016
5775,91,2,2022-07-01 00:00:00,13.372051166245608
5776,91,2,2023-07-01 00:00:00,13.182777059349611
5777,91,2,2024-07-01 00:00:00,12.795305425886411
5778,91,2,2025-07-01 00:00:00,11.302470845871255
5779,91,2,2026-07-01 00:00:00,10.00783379242325
5780,91,2,2027-07-01 00:00:00,10.0078337924232
5781,91,2,2028-07-01 00:00:00,10.0078337924232
5782,91,2,2029-07-01 00:00:00,10.0078337924232
5783,91,2,2030-07-01 00:00:00,10.0078337924232
5784,91,2,2031-07-01 00:00:00,10.13283379242325
5785,91,2,2032-07-01 00:00:00,10.25783379242325
5786,91,2,2033-07-01 00:00:00,10.2578337924232
5787,91,2,2034-07-01 00:00:00,10.2578337924232
5788,91,2,2035-07-01 00:00:00,10.2578337924232
5789,91,2,2036-07-01 00:00:00,10.3828337924232
5790,91,2,2037-07-01 00:00:00,10.50783379242325
5791,91,2,2038-07-01 00:00:00,10.50783379242325
5792,91,2,2039-07-01 00:00:00,10.6328337924232
5793,91,2,2040-07-01 00:00:00,10.7578337924232
5794,91,2,2041-07-01 00:00:00,10.75783379242325
5795,91,2,2042-07-01 00:00:00,10.75783379242325
5796,91,2,2043-07-01 00:00:00,10.7578337924232
5797,91,2,2044-07-01 00:00:00,10.7578337924232
5798,91,2,2045-07-01 00:00:00,10.7578337924232
5799,91,2,2046-07-01 00:00:00,10.7578337924232
5800,91,2,2047-07-01 00:00:00,10.7578337924232
5801,91,2,2048-07-01 00:00:00,10.784728376904258
5802,91,2,2049-07-01 00:00:00,10.838652018788778
5803,91,2,2050-07-01 00:00:00,10.892845278882723
5804,91,2,2051-07-01 00:00:00,10.947309505277136
5805,91,2,2052-07-01 00:00:00,11.00204605280352
5806,91,2,2053-07-01 00:00:00,11.057056283067535
5807,91,3,2022-07-01 00:00:00,12.982777059349614
5808,91,3,2023-07-01 00:00:00,12.789594965563488
5809,91,3,2024-07-01 00:00:00,12.49366957262501
5810,91,3,2025-07-01 00:00:00,11.199380032947928
5811,91,3,2026-07-01 00:00:00,9.007833792423225
5812,91,3,2027-07-01 00:00:00,8.00783379242325
5813,91,3,2028-07-01 00:00:00,8.00783379242325
5814,91,3,2029-07-01 00:00:00,8.00783379242325
5815,91,3,2030-07-01 00:00:00,8.00783379242325
5816,91,3,2031-07-01 00:00:00,8.00783379242325
5817,91,3,2032-07-01 00:00:00,8.13283379242325
5818,91,3,2033-07-01 00:00:00,8.25783379242325
5819,91,3,2034-07-01 00:00:00,8.25783379242325
5820,91,3,2035-07-01 00:00:00,8.25783379242325
5821,91,3,2036-07-01 00:00:00,8.25783379242325
5822,91,3,2037-07-01 00:00:00,8.38283379242325
5823,91,3,2038-07-01 00:00:00,8.50783379242325
5824,91,3,2039-07-01 00:00:00,8.50783379242325
5825,91,3,2040-07-01 00:00:00,8.63283379242325
5826,91,3,2041-07-01 00:00:00,8.75783379242325
5827,91,3,2042-07-01 00:00:00,8.75783379242325
5828,91,3,2043-07-01 00:00:00,8.75783379242325
5829,91,3,2044-07-01 00:00:00,8.75783379242325
5830,91,3,2045-07-01 00:00:00,8.75783379242325
5831,91,3,2046-07-01 00:00:00,8.75783379242325
5832,91,3,2047-07-01 00:00:00,8.75783379242325
5833,91,3,2048-07-01 00:00:00,8.75783379242325
5834,91,3,2049-07-01 00:00:00,8.779728376904309
5835,91,3,2050-07-01 00:00:00,8.82362701878883
5836,91,3,2051-07-01 00:00:00,8.867745153882773
5837,91,3,2052-07-01 00:00:00,8.912083879652185
5838,91,3,2053-07-01 00:00:00,8.956644299050446
