id,gen_id,scenario,date,value
1,1,1,2022-07-01 00:00:00,33.30973988244859
2,1,1,2023-07-01 00:00:00,33.864518255193964
3,1,1,2024-07-01 00:00:00,38.98026576151267
4,1,1,2025-07-01 00:00:00,33.910732716031504
5,1,1,2026-07-01 00:00:00,42.50917496916593
6,1,1,2027-07-01 00:00:00,42.31095248204231
7,1,1,2028-07-01 00:00:00,42.157064591668615
8,1,1,2029-07-01 00:00:00,42.025309972256665
9,1,1,2030-07-01 00:00:00,41.79031055518504
10,1,1,2031-07-01 00:00:00,41.54085029949556
11,1,1,2032-07-01 00:00:00,41.27873312994987
12,1,1,2033-07-01 00:00:00,41.00707135622496
13,1,1,2034-07-01 00:00:00,40.7274920589401
14,1,1,2035-07-01 00:00:00,40.43729478595022
15,1,1,2036-07-01 00:00:00,40.138546557522304
16,1,1,2037-07-01 00:00:00,39.82876236150973
17,1,1,2038-07-01 00:00:00,39.50958967878406
18,1,1,2039-07-01 00:00:00,39.424316368692814
19,1,1,2040-07-01 00:00:00,39.20454492107129
20,1,1,2041-07-01 00:00:00,38.85008413353036
21,1,1,2042-07-01 00:00:00,38.48914884393172
22,1,1,2043-07-01 00:00:00,38.12269253682115
23,1,1,2044-07-01 00:00:00,38.03306253749332
24,1,1,2045-07-01 00:00:00,38.03306253749332
25,1,1,2046-07-01 00:00:00,38.03306253749332
26,1,1,2047-07-01 00:00:00,38.03306253749332
27,1,1,2048-07-01 00:00:00,38.03306253749332
28,1,1,2049-07-01 00:00:00,38.03306253749332
29,1,1,2050-07-01 00:00:00,38.03306253749332
30,1,1,2051-07-01 00:00:00,38.03306253749332
31,1,1,2052-07-01 00:00:00,38.03306253749332
32,1,1,2053-07-01 00:00:00,38.03306253749332
33,1,2,2022-07-01 00:00:00,31.70739737190768
34,1,2,2023-07-01 00:00:00,31.369146688989243
35,1,2,2024-07-01 00:00:00,33.59178648728204
36,1,2,2025-07-01 00:00:00,32.68612369645527
37,1,2,2026-07-01 00:00:00,40.59513595218116
38,1,2,2027-07-01 00:00:00,40.40180580642199
39,1,2,2028-07-01 00:00:00,40.21438320844766
40,1,2,2029-07-01 00:00:00,40.08083077690034
41,1,2,2030-07-01 00:00:00,39.368136739230906
42,1,2,2031-07-01 00:00:00,37.56781849128866
43,1,2,2032-07-01 00:00:00,35.66137700060528
44,1,2,2033-07-01 00:00:00,33.99382072652355
45,1,2,2034-07-01 00:00:00,33.111164981544185
46,1,2,2035-07-01 00:00:00,32.567517288866455
47,1,2,2036-07-01 00:00:00,31.744464926655596
48,1,2,2037-07-01 00:00:00,30.92618648936022
49,1,2,2038-07-01 00:00:00,30.112851715400694
50,1,2,2039-07-01 00:00:00,29.583212434926878
51,1,2,2040-07-01 00:00:00,29.318536955984396
52,1,2,2041-07-01 00:00:00,29.318536955984396
53,1,2,2042-07-01 00:00:00,29.318536955984396
54,1,2,2043-07-01 00:00:00,29.318536955984396
55,1,2,2044-07-01 00:00:00,29.318536955984396
56,1,2,2045-07-01 00:00:00,29.318536955984396
57,1,2,2046-07-01 00:00:00,29.318536955984396
58,1,2,2047-07-01 00:00:00,29.318536955984396
59,1,2,2048-07-01 00:00:00,29.318536955984396
60,1,2,2049-07-01 00:00:00,29.318536955984396
61,1,2,2050-07-01 00:00:00,29.318536955984396
62,1,2,2051-07-01 00:00:00,29.318536955984396
63,1,2,2052-07-01 00:00:00,29.318536955984396
64,1,2,2053-07-01 00:00:00,29.318536955984396
65,1,3,2022-07-01 00:00:00,31.70739737190768
66,1,3,2023-07-01 00:00:00,31.369146688989243
67,1,3,2024-07-01 00:00:00,33.29592618068139
68,1,3,2025-07-01 00:00:00,30.250695085354106
69,1,3,2026-07-01 00:00:00,34.912209958006514
70,1,3,2027-07-01 00:00:00,34.51134345650687
71,1,3,2028-07-01 00:00:00,34.29739748425081
72,1,3,2029-07-01 00:00:00,34.18724035142181
73,1,3,2030-07-01 00:00:00,34.00851011630143
74,1,3,2031-07-01 00:00:00,33.83507337472713
75,1,3,2032-07-01 00:00:00,33.63944701444322
76,1,3,2033-07-01 00:00:00,33.37226419402897
77,1,3,2034-07-01 00:00:00,33.111164981544185
78,1,3,2035-07-01 00:00:00,32.567517288866455
79,1,3,2036-07-01 00:00:00,31.744464926655596
80,1,3,2037-07-01 00:00:00,30.92618648936022
81,1,3,2038-07-01 00:00:00,30.112851715400694
82,1,3,2039-07-01 00:00:00,29.583212434926878
83,1,3,2040-07-01 00:00:00,29.318536955984396
84,1,3,2041-07-01 00:00:00,29.318536955984396
85,1,3,2042-07-01 00:00:00,29.318536955984396
86,1,3,2043-07-01 00:00:00,29.318536955984396
87,1,3,2044-07-01 00:00:00,29.318536955984396
88,1,3,2045-07-01 00:00:00,29.318536955984396
89,1,3,2046-07-01 00:00:00,29.318536955984396
90,1,3,2047-07-01 00:00:00,29.318536955984396
91,1,3,2048-07-01 00:00:00,29.318536955984396
92,1,3,2049-07-01 00:00:00,29.318536955984396
93,1,3,2050-07-01 00:00:00,29.318536955984396
94,1,3,2051-07-01 00:00:00,29.318536955984396
95,1,3,2052-07-01 00:00:00,29.318536955984396
96,1,3,2053-07-01 00:00:00,29.318536955984396
97,2,1,2022-07-01 00:00:00,41.77532029197249
98,2,1,2023-07-01 00:00:00,29.85032168642701
99,2,1,2024-07-01 00:00:00,31.471705197053826
100,2,1,2025-07-01 00:00:00,29.64156583394857
101,2,1,2026-07-01 00:00:00,29.506743504528743
102,2,1,2027-07-01 00:00:00,29.47295168881177
103,2,1,2028-07-01 00:00:00,29.447744966799753
104,2,1,2029-07-01 00:00:00,29.411830083042574
105,2,1,2030-07-01 00:00:00,29.371330833922627
106,2,1,2031-07-01 00:00:00,29.32814049433474
107,2,1,2032-07-01 00:00:00,29.28240407950676
108,2,1,2033-07-01 00:00:00,29.23194392250179
109,2,1,2034-07-01 00:00:00,29.176860301319223
110,2,1,2035-07-01 00:00:00,29.119561457331365
111,2,1,2036-07-01 00:00:00,29.060170097610055
112,2,1,2037-07-01 00:00:00,28.99884527213925
113,2,1,2038-07-01 00:00:00,28.9357184396684
114,2,1,2039-07-01 00:00:00,28.87095511794142
115,2,1,2040-07-01 00:00:00,28.804670674461953
116,2,1,2041-07-01 00:00:00,28.736988015644897
117,2,1,2042-07-01 00:00:00,28.66806908040691
118,2,1,2043-07-01 00:00:00,28.59809593224123
119,2,1,2044-07-01 00:00:00,28.58538188565047
120,2,1,2045-07-01 00:00:00,28.58538188565047
121,2,1,2046-07-01 00:00:00,28.58538188565047
122,2,1,2047-07-01 00:00:00,28.58538188565047
123,2,1,2048-07-01 00:00:00,28.58538188565047
124,2,1,2049-07-01 00:00:00,28.58538188565047
125,2,1,2050-07-01 00:00:00,28.58538188565047
126,2,1,2051-07-01 00:00:00,28.58538188565047
127,2,1,2052-07-01 00:00:00,28.58538188565047
128,2,1,2053-07-01 00:00:00,28.58538188565047
129,2,2,2022-07-01 00:00:00,39.03098399584046
130,2,2,2023-07-01 00:00:00,29.847259260683423
131,2,2,2024-07-01 00:00:00,29.501851501809224
132,2,2,2025-07-01 00:00:00,29.239428907232544
133,2,2,2026-07-01 00:00:00,29.17115941582948
134,2,2,2027-07-01 00:00:00,29.13812402109481
135,2,2,2028-07-01 00:00:00,29.10623841763489
136,2,2,2029-07-01 00:00:00,29.068973362218728
137,2,2,2030-07-01 00:00:00,28.936448282894382
138,2,2,2031-07-01 00:00:00,28.592578914433783
139,2,2,2032-07-01 00:00:00,28.232589789551387
140,2,2,2033-07-01 00:00:00,27.93038772718284
141,2,2,2034-07-01 00:00:00,27.67552643259574
142,2,2,2035-07-01 00:00:00,27.467763615791814
143,2,2,2036-07-01 00:00:00,27.300247802071155
144,2,2,2037-07-01 00:00:00,27.164961885520555
145,2,2,2038-07-01 00:00:00,27.05610375015576
146,2,2,2039-07-01 00:00:00,26.969244387481297
147,2,2,2040-07-01 00:00:00,26.898953720567125
148,2,2,2041-07-01 00:00:00,26.834143269727768
149,2,2,2042-07-01 00:00:00,26.772422345535034
150,2,2,2043-07-01 00:00:00,26.71365722065825
151,2,2,2044-07-01 00:00:00,26.65771464726202
152,2,2,2045-07-01 00:00:00,26.651750986033434
153,2,2,2046-07-01 00:00:00,26.651750986033434
154,2,2,2047-07-01 00:00:00,26.651750986033434
155,2,2,2048-07-01 00:00:00,26.651750986033434
156,2,2,2049-07-01 00:00:00,26.651750986033434
157,2,2,2050-07-01 00:00:00,26.651750986033434
158,2,2,2051-07-01 00:00:00,26.651750986033434
159,2,2,2052-07-01 00:00:00,26.651750986033434
160,2,2,2053-07-01 00:00:00,26.651750986033434
161,2,3,2022-07-01 00:00:00,38.65061420621151
162,2,3,2023-07-01 00:00:00,29.908644170205655
163,2,3,2024-07-01 00:00:00,29.29843889933077
164,2,3,2025-07-01 00:00:00,28.230385937160733
165,2,3,2026-07-01 00:00:00,27.671583976312
166,2,3,2027-07-01 00:00:00,27.38583266911506
167,2,3,2028-07-01 00:00:00,27.24634823796316
168,2,3,2029-07-01 00:00:00,27.15403525539935
169,2,3,2030-07-01 00:00:00,27.088814064815917
170,2,3,2031-07-01 00:00:00,27.046868725947547
171,2,3,2032-07-01 00:00:00,27.016093733196705
172,2,3,2033-07-01 00:00:00,26.9837128135594
173,2,3,2034-07-01 00:00:00,26.949419379159053
174,2,3,2035-07-01 00:00:00,26.91552455334037
175,2,3,2036-07-01 00:00:00,26.88203909279621
176,2,3,2037-07-01 00:00:00,26.848976011132407
177,2,3,2038-07-01 00:00:00,26.816347701337044
178,2,3,2039-07-01 00:00:00,26.784187789528414
179,2,3,2040-07-01 00:00:00,26.75320378589035
180,2,3,2041-07-01 00:00:00,26.72402365760609
181,2,3,2042-07-01 00:00:00,26.696572070783603
182,2,3,2043-07-01 00:00:00,26.670756289078184
183,2,3,2044-07-01 00:00:00,26.651750986033434
184,2,3,2045-07-01 00:00:00,26.651750986033434
185,2,3,2046-07-01 00:00:00,26.651750986033434
186,2,3,2047-07-01 00:00:00,26.651750986033434
187,2,3,2048-07-01 00:00:00,26.651750986033434
188,2,3,2049-07-01 00:00:00,26.651750986033434
189,2,3,2050-07-01 00:00:00,26.651750986033434
190,2,3,2051-07-01 00:00:00,26.651750986033434
191,2,3,2052-07-01 00:00:00,26.651750986033434
192,2,3,2053-07-01 00:00:00,26.651750986033434
289,4,1,2022-07-01 00:00:00,107.57145757118643
290,4,1,2023-07-01 00:00:00,44.84807456484782
291,4,1,2024-07-01 00:00:00,53.401613876675285
292,4,1,2025-07-01 00:00:00,43.97093863250599
293,4,1,2026-07-01 00:00:00,43.1769810989931
294,4,1,2027-07-01 00:00:00,42.90176350188963
295,4,1,2028-07-01 00:00:00,42.74394055162537
296,4,1,2029-07-01 00:00:00,42.522060386933404
297,4,1,2030-07-01 00:00:00,42.301775461592115
298,4,1,2031-07-01 00:00:00,42.07262744812101
299,4,1,2032-07-01 00:00:00,41.82502769405109
300,4,1,2033-07-01 00:00:00,41.565488386729996
301,4,1,2034-07-01 00:00:00,41.32578923519428
302,4,1,2035-07-01 00:00:00,41.08216640186583
303,4,1,2036-07-01 00:00:00,40.848351797185735
304,4,1,2037-07-01 00:00:00,40.59495109732529
305,4,1,2038-07-01 00:00:00,40.33149441283744
306,4,1,2039-07-01 00:00:00,40.103230115482816
307,4,1,2040-07-01 00:00:00,39.808593105475836
308,4,1,2041-07-01 00:00:00,39.4478540136717
309,4,1,2042-07-01 00:00:00,39.080525741697926
310,4,1,2043-07-01 00:00:00,38.707578662473544
311,4,1,2044-07-01 00:00:00,38.61636111262767
312,4,1,2045-07-01 00:00:00,38.61636111262767
313,4,1,2046-07-01 00:00:00,38.61636111262767
314,4,1,2047-07-01 00:00:00,38.61636111262767
315,4,1,2048-07-01 00:00:00,38.61636111262767
316,4,1,2049-07-01 00:00:00,38.61636111262767
317,4,1,2050-07-01 00:00:00,38.61636111262767
318,4,1,2051-07-01 00:00:00,38.61636111262767
319,4,1,2052-07-01 00:00:00,38.61636111262767
320,4,1,2053-07-01 00:00:00,38.61636111262767
321,4,2,2022-07-01 00:00:00,94.86293433211287
322,4,2,2023-07-01 00:00:00,45.95578696324988
323,4,2,2024-07-01 00:00:00,44.18278514273541
324,4,2,2025-07-01 00:00:00,42.96575862955295
325,4,2,2026-07-01 00:00:00,42.75045317256815
326,4,2,2027-07-01 00:00:00,42.67891424744293
327,4,2,2028-07-01 00:00:00,42.5587269140227
328,4,2,2029-07-01 00:00:00,42.39593232097888
329,4,2,2030-07-01 00:00:00,41.70737019064782
330,4,2,2031-07-01 00:00:00,39.85065937458516
331,4,2,2032-07-01 00:00:00,37.87367665618804
332,4,2,2033-07-01 00:00:00,36.1401406299521
333,4,2,2034-07-01 00:00:00,35.23969620076272
334,4,2,2035-07-01 00:00:00,34.7546769341901
335,4,2,2036-07-01 00:00:00,34.019130111223475
336,4,2,2037-07-01 00:00:00,33.28628133157877
337,4,2,2038-07-01 00:00:00,32.55622652504535
338,4,2,2039-07-01 00:00:00,31.829066223710235
339,4,2,2040-07-01 00:00:00,31.466604255541146
340,4,2,2041-07-01 00:00:00,31.466604255541146
341,4,2,2042-07-01 00:00:00,31.466604255541146
342,4,2,2043-07-01 00:00:00,31.466604255541146
343,4,2,2044-07-01 00:00:00,31.466604255541146
344,4,2,2045-07-01 00:00:00,31.466604255541146
345,4,2,2046-07-01 00:00:00,31.466604255541146
346,4,2,2047-07-01 00:00:00,31.466604255541146
347,4,2,2048-07-01 00:00:00,31.466604255541146
348,4,2,2049-07-01 00:00:00,31.466604255541146
349,4,2,2050-07-01 00:00:00,31.466604255541146
350,4,2,2051-07-01 00:00:00,31.466604255541146
351,4,2,2052-07-01 00:00:00,31.466604255541146
352,4,2,2053-07-01 00:00:00,31.466604255541146
353,4,3,2022-07-01 00:00:00,93.33027437768256
354,4,3,2023-07-01 00:00:00,46.776583267874244
355,4,3,2024-07-01 00:00:00,43.58210298514766
356,4,3,2025-07-01 00:00:00,37.99187709753306
357,4,3,2026-07-01 00:00:00,36.722440169238055
358,4,3,2027-07-01 00:00:00,36.4084808472643
359,4,3,2028-07-01 00:00:00,36.24669200405273
360,4,3,2029-07-01 00:00:00,36.112279268672324
361,4,3,2030-07-01 00:00:00,35.98186887059965
362,4,3,2031-07-01 00:00:00,35.85545224672772
363,4,3,2032-07-01 00:00:00,35.70537612059938
364,4,3,2033-07-01 00:00:00,35.47241114706126
365,4,3,2034-07-01 00:00:00,35.23969620076272
366,4,3,2035-07-01 00:00:00,34.7546769341901
367,4,3,2036-07-01 00:00:00,34.019130111223475
368,4,3,2037-07-01 00:00:00,33.28628133157877
369,4,3,2038-07-01 00:00:00,32.55622652504535
370,4,3,2039-07-01 00:00:00,31.829066223710235
371,4,3,2040-07-01 00:00:00,31.466604255541146
372,4,3,2041-07-01 00:00:00,31.466604255541146
373,4,3,2042-07-01 00:00:00,31.466604255541146
374,4,3,2043-07-01 00:00:00,31.466604255541146
375,4,3,2044-07-01 00:00:00,31.466604255541146
376,4,3,2045-07-01 00:00:00,31.466604255541146
377,4,3,2046-07-01 00:00:00,31.466604255541146
378,4,3,2047-07-01 00:00:00,31.466604255541146
379,4,3,2048-07-01 00:00:00,31.466604255541146
380,4,3,2049-07-01 00:00:00,31.466604255541146
381,4,3,2050-07-01 00:00:00,31.466604255541146
382,4,3,2051-07-01 00:00:00,31.466604255541146
383,4,3,2052-07-01 00:00:00,31.466604255541146
384,4,3,2053-07-01 00:00:00,31.466604255541146
385,5,1,2022-07-01 00:00:00,90.62123265254772
386,5,1,2023-07-01 00:00:00,41.15623234474589
387,5,1,2024-07-01 00:00:00,47.67129659051024
388,5,1,2025-07-01 00:00:00,40.104751411578285
389,5,1,2026-07-01 00:00:00,39.52979575246181
390,5,1,2027-07-01 00:00:00,39.37149601477562
391,5,1,2028-07-01 00:00:00,39.24860172042625
392,5,1,2029-07-01 00:00:00,39.081546322314814
393,5,1,2030-07-01 00:00:00,38.89558472542864
394,5,1,2031-07-01 00:00:00,38.69852490942538
395,5,1,2032-07-01 00:00:00,38.49096492583598
396,5,1,2033-07-01 00:00:00,38.27339982956815
397,5,1,2034-07-01 00:00:00,38.04623165929601
398,5,1,2035-07-01 00:00:00,37.80992777679908
399,5,1,2036-07-01 00:00:00,37.56499423342967
400,5,1,2037-07-01 00:00:00,37.31208696089782
401,5,1,2038-07-01 00:00:00,37.05174810300118
402,5,1,2039-07-01 00:00:00,36.78466026488135
403,5,1,2040-07-01 00:00:00,36.51129922906944
404,5,1,2041-07-01 00:00:00,36.23217186902052
405,5,1,2042-07-01 00:00:00,35.94794603057704
406,5,1,2043-07-01 00:00:00,35.65937255454695
407,5,1,2044-07-01 00:00:00,35.36732980814461
408,5,1,2045-07-01 00:00:00,35.07701138971248
409,5,1,2046-07-01 00:00:00,34.790734184141044
410,5,1,2047-07-01 00:00:00,34.508443060513315
411,5,1,2048-07-01 00:00:00,34.461250650603674
412,5,1,2049-07-01 00:00:00,34.461250650603674
413,5,1,2050-07-01 00:00:00,34.461250650603674
414,5,1,2051-07-01 00:00:00,34.461250650603674
415,5,1,2052-07-01 00:00:00,34.461250650603674
416,5,1,2053-07-01 00:00:00,34.461250650603674
417,5,2,2022-07-01 00:00:00,79.3034245342782
418,5,2,2023-07-01 00:00:00,41.143602716594536
419,5,2,2024-07-01 00:00:00,39.54750134891932
420,5,2,2025-07-01 00:00:00,38.44631451364511
421,5,2,2026-07-01 00:00:00,38.14582676557204
422,5,2,2027-07-01 00:00:00,37.99064655356006
423,5,2,2028-07-01 00:00:00,37.840208149992485
424,5,2,2029-07-01 00:00:00,37.66758456266731
425,5,2,2030-07-01 00:00:00,37.10210290125922
426,5,2,2031-07-01 00:00:00,35.66502466668046
427,5,2,2032-07-01 00:00:00,35.05363902872639
428,5,2,2033-07-01 00:00:00,34.8545552382308
429,5,2,2034-07-01 00:00:00,34.65547144773522
430,5,2,2035-07-01 00:00:00,34.23984592754019
431,5,2,2036-07-01 00:00:00,33.607678677645694
432,5,2,2037-07-01 00:00:00,32.97551142775119
433,5,2,2038-07-01 00:00:00,32.34334417785669
434,5,2,2039-07-01 00:00:00,31.7111769279622
435,5,2,2040-07-01 00:00:00,31.395093303014946
436,5,2,2041-07-01 00:00:00,31.395093303014946
437,5,2,2042-07-01 00:00:00,31.395093303014946
438,5,2,2043-07-01 00:00:00,31.395093303014946
439,5,2,2044-07-01 00:00:00,31.395093303014946
440,5,2,2045-07-01 00:00:00,31.395093303014946
441,5,2,2046-07-01 00:00:00,31.395093303014946
442,5,2,2047-07-01 00:00:00,31.395093303014946
443,5,2,2048-07-01 00:00:00,31.395093303014946
444,5,2,2049-07-01 00:00:00,31.395093303014946
445,5,2,2050-07-01 00:00:00,31.395093303014946
446,5,2,2051-07-01 00:00:00,31.395093303014946
447,5,2,2052-07-01 00:00:00,31.395093303014946
448,5,2,2053-07-01 00:00:00,31.395093303014946
449,5,3,2022-07-01 00:00:00,77.84682904021159
450,5,3,2023-07-01 00:00:00,41.50883019931974
451,5,3,2024-07-01 00:00:00,38.82068794903003
452,5,3,2025-07-01 00:00:00,34.397032971814276
453,5,3,2026-07-01 00:00:00,34.366453488488595
454,5,3,2027-07-01 00:00:00,34.68207123903589
455,5,3,2028-07-01 00:00:00,35.025176645234076
456,5,3,2029-07-01 00:00:00,35.37501363802859
457,5,3,2030-07-01 00:00:00,35.451806609717565
458,5,3,2031-07-01 00:00:00,35.25272281922198
459,5,3,2032-07-01 00:00:00,35.05363902872639
460,5,3,2033-07-01 00:00:00,34.8545552382308
461,5,3,2034-07-01 00:00:00,34.65547144773522
462,5,3,2035-07-01 00:00:00,34.23984592754019
463,5,3,2036-07-01 00:00:00,33.607678677645694
464,5,3,2037-07-01 00:00:00,32.97551142775119
465,5,3,2038-07-01 00:00:00,32.34334417785669
466,5,3,2039-07-01 00:00:00,31.7111769279622
467,5,3,2040-07-01 00:00:00,31.395093303014946
468,5,3,2041-07-01 00:00:00,31.395093303014946
469,5,3,2042-07-01 00:00:00,31.395093303014946
470,5,3,2043-07-01 00:00:00,31.395093303014946
471,5,3,2044-07-01 00:00:00,31.395093303014946
472,5,3,2045-07-01 00:00:00,31.395093303014946
473,5,3,2046-07-01 00:00:00,31.395093303014946
474,5,3,2047-07-01 00:00:00,31.395093303014946
475,5,3,2048-07-01 00:00:00,31.395093303014946
476,5,3,2049-07-01 00:00:00,31.395093303014946
477,5,3,2050-07-01 00:00:00,31.395093303014946
478,5,3,2051-07-01 00:00:00,31.395093303014946
479,5,3,2052-07-01 00:00:00,31.395093303014946
480,5,3,2053-07-01 00:00:00,31.395093303014946
481,6,1,2022-07-01 00:00:00,18.511083039031796
482,6,1,2023-07-01 00:00:00,18.524452829994736
483,6,1,2024-07-01 00:00:00,18.599240226647403
484,6,1,2025-07-01 00:00:00,18.690934401402032
485,6,1,2026-07-01 00:00:00,18.784586991849224
486,6,1,2027-07-01 00:00:00,18.919373395820276
487,6,1,2028-07-01 00:00:00,18.958434925054007
488,6,1,2029-07-01 00:00:00,18.917098903671942
489,6,1,2030-07-01 00:00:00,18.923187269160806
490,6,1,2031-07-01 00:00:00,18.925914503096507
491,6,1,2032-07-01 00:00:00,18.927853050461614
492,6,1,2033-07-01 00:00:00,18.927080948421715
493,6,1,2034-07-01 00:00:00,18.927080948421715
494,6,1,2035-07-01 00:00:00,18.927080948421715
495,6,1,2036-07-01 00:00:00,18.927080948421715
496,6,1,2037-07-01 00:00:00,18.927080948421715
497,6,1,2038-07-01 00:00:00,18.927080948421715
498,6,1,2039-07-01 00:00:00,18.927080948421715
499,6,1,2040-07-01 00:00:00,18.927080948421715
500,6,1,2041-07-01 00:00:00,18.927080948421715
501,6,1,2042-07-01 00:00:00,18.927080948421715
502,6,1,2043-07-01 00:00:00,18.927080948421715
503,6,1,2044-07-01 00:00:00,18.927080948421715
504,6,1,2045-07-01 00:00:00,18.927080948421715
505,6,1,2046-07-01 00:00:00,18.927080948421715
506,6,1,2047-07-01 00:00:00,18.927080948421715
507,6,1,2048-07-01 00:00:00,18.927080948421715
508,6,1,2049-07-01 00:00:00,18.927080948421715
509,6,1,2050-07-01 00:00:00,18.927080948421715
510,6,1,2051-07-01 00:00:00,18.927080948421715
511,6,1,2052-07-01 00:00:00,18.927080948421715
512,6,1,2053-07-01 00:00:00,18.927080948421715
513,6,2,2022-07-01 00:00:00,18.511083039031796
514,6,2,2023-07-01 00:00:00,18.524452829994736
515,6,2,2024-07-01 00:00:00,18.599240226647403
516,6,2,2025-07-01 00:00:00,18.690934401402032
517,6,2,2026-07-01 00:00:00,18.784586991849224
518,6,2,2027-07-01 00:00:00,18.919373395820276
519,6,2,2028-07-01 00:00:00,18.958434925054007
520,6,2,2029-07-01 00:00:00,18.917098903671942
521,6,2,2030-07-01 00:00:00,18.923187269160806
522,6,2,2031-07-01 00:00:00,18.925914503096507
523,6,2,2032-07-01 00:00:00,18.927853050461614
524,6,2,2033-07-01 00:00:00,18.927080948421715
525,6,2,2034-07-01 00:00:00,18.927080948421715
526,6,2,2035-07-01 00:00:00,18.927080948421715
527,6,2,2036-07-01 00:00:00,18.927080948421715
528,6,2,2037-07-01 00:00:00,18.927080948421715
529,6,2,2038-07-01 00:00:00,18.927080948421715
530,6,2,2039-07-01 00:00:00,18.927080948421715
531,6,2,2040-07-01 00:00:00,18.927080948421715
532,6,2,2041-07-01 00:00:00,18.927080948421715
533,6,2,2042-07-01 00:00:00,18.927080948421715
534,6,2,2043-07-01 00:00:00,18.927080948421715
535,6,2,2044-07-01 00:00:00,18.927080948421715
536,6,2,2045-07-01 00:00:00,18.927080948421715
537,6,2,2046-07-01 00:00:00,18.927080948421715
538,6,2,2047-07-01 00:00:00,18.927080948421715
539,6,2,2048-07-01 00:00:00,18.927080948421715
540,6,2,2049-07-01 00:00:00,18.927080948421715
541,6,2,2050-07-01 00:00:00,18.927080948421715
542,6,2,2051-07-01 00:00:00,18.927080948421715
543,6,2,2052-07-01 00:00:00,18.927080948421715
544,6,2,2053-07-01 00:00:00,18.927080948421715
545,6,3,2022-07-01 00:00:00,18.511083039031796
546,6,3,2023-07-01 00:00:00,18.524452829994736
547,6,3,2024-07-01 00:00:00,18.599240226647403
548,6,3,2025-07-01 00:00:00,18.690934401402032
549,6,3,2026-07-01 00:00:00,18.784586991849224
550,6,3,2027-07-01 00:00:00,18.919373395820276
551,6,3,2028-07-01 00:00:00,18.958434925054007
552,6,3,2029-07-01 00:00:00,18.917098903671942
553,6,3,2030-07-01 00:00:00,18.923187269160806
554,6,3,2031-07-01 00:00:00,18.925914503096507
555,6,3,2032-07-01 00:00:00,18.927853050461614
556,6,3,2033-07-01 00:00:00,18.927080948421715
557,6,3,2034-07-01 00:00:00,18.927080948421715
558,6,3,2035-07-01 00:00:00,18.927080948421715
559,6,3,2036-07-01 00:00:00,18.927080948421715
560,6,3,2037-07-01 00:00:00,18.927080948421715
561,6,3,2038-07-01 00:00:00,18.927080948421715
562,6,3,2039-07-01 00:00:00,18.927080948421715
563,6,3,2040-07-01 00:00:00,18.927080948421715
564,6,3,2041-07-01 00:00:00,18.927080948421715
565,6,3,2042-07-01 00:00:00,18.927080948421715
566,6,3,2043-07-01 00:00:00,18.927080948421715
567,6,3,2044-07-01 00:00:00,18.927080948421715
568,6,3,2045-07-01 00:00:00,18.927080948421715
569,6,3,2046-07-01 00:00:00,18.927080948421715
570,6,3,2047-07-01 00:00:00,18.927080948421715
571,6,3,2048-07-01 00:00:00,18.927080948421715
572,6,3,2049-07-01 00:00:00,18.927080948421715
573,6,3,2050-07-01 00:00:00,18.927080948421715
574,6,3,2051-07-01 00:00:00,18.927080948421715
575,6,3,2052-07-01 00:00:00,18.927080948421715
576,6,3,2053-07-01 00:00:00,18.927080948421715
577,7,1,2022-07-01 00:00:00,14.52132936272982
578,7,1,2023-07-01 00:00:00,14.52132936272982
579,7,1,2024-07-01 00:00:00,14.52132936272982
580,7,1,2025-07-01 00:00:00,14.52132936272982
581,7,1,2026-07-01 00:00:00,14.52132936272982
582,7,1,2027-07-01 00:00:00,14.52132936272982
583,7,1,2028-07-01 00:00:00,14.52132936272982
584,7,1,2029-07-01 00:00:00,14.52132936272982
585,7,1,2030-07-01 00:00:00,14.52132936272982
586,7,1,2031-07-01 00:00:00,14.52132936272982
587,7,1,2032-07-01 00:00:00,14.52132936272982
588,7,1,2033-07-01 00:00:00,14.52132936272982
589,7,1,2034-07-01 00:00:00,14.52132936272982
590,7,1,2035-07-01 00:00:00,14.52132936272982
591,7,1,2036-07-01 00:00:00,14.52132936272982
592,7,1,2037-07-01 00:00:00,14.52132936272982
593,7,1,2038-07-01 00:00:00,14.52132936272982
594,7,1,2039-07-01 00:00:00,14.52132936272982
595,7,1,2040-07-01 00:00:00,14.52132936272982
596,7,1,2041-07-01 00:00:00,14.52132936272982
597,7,1,2042-07-01 00:00:00,14.52132936272982
598,7,1,2043-07-01 00:00:00,14.52132936272982
599,7,1,2044-07-01 00:00:00,14.52132936272982
600,7,1,2045-07-01 00:00:00,14.52132936272982
601,7,1,2046-07-01 00:00:00,14.52132936272982
602,7,1,2047-07-01 00:00:00,14.52132936272982
603,7,1,2048-07-01 00:00:00,14.52132936272982
604,7,1,2049-07-01 00:00:00,14.52132936272982
605,7,1,2050-07-01 00:00:00,14.52132936272982
606,7,1,2051-07-01 00:00:00,14.52132936272982
607,7,1,2052-07-01 00:00:00,14.52132936272982
608,7,1,2053-07-01 00:00:00,14.52132936272982
609,7,2,2022-07-01 00:00:00,14.52132936272982
610,7,2,2023-07-01 00:00:00,14.52132936272982
611,7,2,2024-07-01 00:00:00,14.52132936272982
612,7,2,2025-07-01 00:00:00,14.52132936272982
613,7,2,2026-07-01 00:00:00,14.52132936272982
614,7,2,2027-07-01 00:00:00,14.52132936272982
615,7,2,2028-07-01 00:00:00,14.52132936272982
616,7,2,2029-07-01 00:00:00,14.52132936272982
617,7,2,2030-07-01 00:00:00,14.52132936272982
618,7,2,2031-07-01 00:00:00,14.52132936272982
619,7,2,2032-07-01 00:00:00,14.52132936272982
620,7,2,2033-07-01 00:00:00,14.52132936272982
621,7,2,2034-07-01 00:00:00,14.52132936272982
622,7,2,2035-07-01 00:00:00,14.52132936272982
623,7,2,2036-07-01 00:00:00,14.52132936272982
624,7,2,2037-07-01 00:00:00,14.52132936272982
625,7,2,2038-07-01 00:00:00,14.52132936272982
626,7,2,2039-07-01 00:00:00,14.52132936272982
627,7,2,2040-07-01 00:00:00,14.52132936272982
628,7,2,2041-07-01 00:00:00,14.52132936272982
629,7,2,2042-07-01 00:00:00,14.52132936272982
630,7,2,2043-07-01 00:00:00,14.52132936272982
631,7,2,2044-07-01 00:00:00,14.52132936272982
632,7,2,2045-07-01 00:00:00,14.52132936272982
633,7,2,2046-07-01 00:00:00,14.52132936272982
634,7,2,2047-07-01 00:00:00,14.52132936272982
635,7,2,2048-07-01 00:00:00,14.52132936272982
636,7,2,2049-07-01 00:00:00,14.52132936272982
637,7,2,2050-07-01 00:00:00,14.52132936272982
638,7,2,2051-07-01 00:00:00,14.52132936272982
639,7,2,2052-07-01 00:00:00,14.52132936272982
640,7,2,2053-07-01 00:00:00,14.52132936272982
641,7,3,2022-07-01 00:00:00,14.52132936272982
642,7,3,2023-07-01 00:00:00,14.52132936272982
643,7,3,2024-07-01 00:00:00,14.52132936272982
644,7,3,2025-07-01 00:00:00,14.52132936272982
645,7,3,2026-07-01 00:00:00,14.52132936272982
646,7,3,2027-07-01 00:00:00,14.52132936272982
647,7,3,2028-07-01 00:00:00,14.52132936272982
648,7,3,2029-07-01 00:00:00,14.52132936272982
649,7,3,2030-07-01 00:00:00,14.52132936272982
650,7,3,2031-07-01 00:00:00,14.52132936272982
651,7,3,2032-07-01 00:00:00,14.52132936272982
652,7,3,2033-07-01 00:00:00,14.52132936272982
653,7,3,2034-07-01 00:00:00,14.52132936272982
654,7,3,2035-07-01 00:00:00,14.52132936272982
655,7,3,2036-07-01 00:00:00,14.52132936272982
656,7,3,2037-07-01 00:00:00,14.52132936272982
657,7,3,2038-07-01 00:00:00,14.52132936272982
658,7,3,2039-07-01 00:00:00,14.52132936272982
659,7,3,2040-07-01 00:00:00,14.52132936272982
660,7,3,2041-07-01 00:00:00,14.52132936272982
661,7,3,2042-07-01 00:00:00,14.52132936272982
662,7,3,2043-07-01 00:00:00,14.52132936272982
663,7,3,2044-07-01 00:00:00,14.52132936272982
664,7,3,2045-07-01 00:00:00,14.52132936272982
665,7,3,2046-07-01 00:00:00,14.52132936272982
666,7,3,2047-07-01 00:00:00,14.52132936272982
667,7,3,2048-07-01 00:00:00,14.52132936272982
668,7,3,2049-07-01 00:00:00,14.52132936272982
669,7,3,2050-07-01 00:00:00,14.52132936272982
670,7,3,2051-07-01 00:00:00,14.52132936272982
671,7,3,2052-07-01 00:00:00,14.52132936272982
672,7,3,2053-07-01 00:00:00,14.52132936272982
1057,12,1,2022-07-01 00:00:00,31.940781010431827
1058,12,1,2023-07-01 00:00:00,32.05510647020494
1059,12,1,2024-07-01 00:00:00,32.14217836482136
1060,12,1,2025-07-01 00:00:00,32.142953248256525
1061,12,1,2026-07-01 00:00:00,32.143086085416854
1062,12,1,2027-07-01 00:00:00,32.18412391214174
1063,12,1,2028-07-01 00:00:00,32.20936297260047
1064,12,1,2029-07-01 00:00:00,32.20936297260047
1065,12,1,2030-07-01 00:00:00,32.20936297260047
1066,12,1,2031-07-01 00:00:00,32.20936297260047
1067,12,1,2032-07-01 00:00:00,32.20936297260047
1068,12,1,2033-07-01 00:00:00,32.20936297260047
1069,12,1,2034-07-01 00:00:00,32.20936297260047
1070,12,1,2035-07-01 00:00:00,32.20936297260047
1071,12,1,2036-07-01 00:00:00,32.20936297260047
1072,12,1,2037-07-01 00:00:00,32.20936297260047
1073,12,1,2038-07-01 00:00:00,32.20936297260047
1074,12,1,2039-07-01 00:00:00,32.20936297260047
1075,12,1,2040-07-01 00:00:00,32.20936297260047
1076,12,1,2041-07-01 00:00:00,32.20936297260047
1077,12,1,2042-07-01 00:00:00,32.20936297260047
1078,12,1,2043-07-01 00:00:00,32.20936297260047
1079,12,1,2044-07-01 00:00:00,32.20936297260047
1080,12,1,2045-07-01 00:00:00,32.20936297260047
1081,12,1,2046-07-01 00:00:00,32.20936297260047
1082,12,1,2047-07-01 00:00:00,32.20936297260047
1083,12,1,2048-07-01 00:00:00,32.20936297260047
1084,12,1,2049-07-01 00:00:00,32.20936297260047
1085,12,1,2050-07-01 00:00:00,32.20936297260047
1086,12,1,2051-07-01 00:00:00,32.20936297260047
1087,12,1,2052-07-01 00:00:00,32.20936297260047
1088,12,1,2053-07-01 00:00:00,32.20936297260047
1089,12,2,2022-07-01 00:00:00,31.940781010431827
1090,12,2,2023-07-01 00:00:00,32.05510647020494
1091,12,2,2024-07-01 00:00:00,32.14217836482136
1092,12,2,2025-07-01 00:00:00,32.142953248256525
1093,12,2,2026-07-01 00:00:00,32.143086085416854
1094,12,2,2027-07-01 00:00:00,32.18412391214174
1095,12,2,2028-07-01 00:00:00,32.20936297260047
1096,12,2,2029-07-01 00:00:00,32.20936297260047
1097,12,2,2030-07-01 00:00:00,32.20936297260047
1098,12,2,2031-07-01 00:00:00,32.20936297260047
1099,12,2,2032-07-01 00:00:00,32.20936297260047
1100,12,2,2033-07-01 00:00:00,32.20936297260047
1101,12,2,2034-07-01 00:00:00,32.20936297260047
1102,12,2,2035-07-01 00:00:00,32.20936297260047
1103,12,2,2036-07-01 00:00:00,32.20936297260047
1104,12,2,2037-07-01 00:00:00,32.20936297260047
1105,12,2,2038-07-01 00:00:00,32.20936297260047
1106,12,2,2039-07-01 00:00:00,32.20936297260047
1107,12,2,2040-07-01 00:00:00,32.20936297260047
1108,12,2,2041-07-01 00:00:00,32.20936297260047
1109,12,2,2042-07-01 00:00:00,32.20936297260047
1110,12,2,2043-07-01 00:00:00,32.20936297260047
1111,12,2,2044-07-01 00:00:00,32.20936297260047
1112,12,2,2045-07-01 00:00:00,32.20936297260047
1113,12,2,2046-07-01 00:00:00,32.20936297260047
1114,12,2,2047-07-01 00:00:00,32.20936297260047
1115,12,2,2048-07-01 00:00:00,32.20936297260047
1116,12,2,2049-07-01 00:00:00,32.20936297260047
1117,12,2,2050-07-01 00:00:00,32.20936297260047
1118,12,2,2051-07-01 00:00:00,32.20936297260047
1119,12,2,2052-07-01 00:00:00,32.20936297260047
1120,12,2,2053-07-01 00:00:00,32.20936297260047
1121,12,3,2022-07-01 00:00:00,31.940781010431827
1122,12,3,2023-07-01 00:00:00,32.05510647020494
1123,12,3,2024-07-01 00:00:00,32.14217836482136
1124,12,3,2025-07-01 00:00:00,32.142953248256525
1125,12,3,2026-07-01 00:00:00,32.143086085416854
1126,12,3,2027-07-01 00:00:00,32.18412391214174
1127,12,3,2028-07-01 00:00:00,32.20936297260047
1128,12,3,2029-07-01 00:00:00,32.20936297260047
1129,12,3,2030-07-01 00:00:00,32.20936297260047
1130,12,3,2031-07-01 00:00:00,32.20936297260047
1131,12,3,2032-07-01 00:00:00,32.20936297260047
1132,12,3,2033-07-01 00:00:00,32.20936297260047
1133,12,3,2034-07-01 00:00:00,32.20936297260047
1134,12,3,2035-07-01 00:00:00,32.20936297260047
1135,12,3,2036-07-01 00:00:00,32.20936297260047
1136,12,3,2037-07-01 00:00:00,32.20936297260047
1137,12,3,2038-07-01 00:00:00,32.20936297260047
1138,12,3,2039-07-01 00:00:00,32.20936297260047
1139,12,3,2040-07-01 00:00:00,32.20936297260047
1140,12,3,2041-07-01 00:00:00,32.20936297260047
1141,12,3,2042-07-01 00:00:00,32.20936297260047
1142,12,3,2043-07-01 00:00:00,32.20936297260047
1143,12,3,2044-07-01 00:00:00,32.20936297260047
1144,12,3,2045-07-01 00:00:00,32.20936297260047
1145,12,3,2046-07-01 00:00:00,32.20936297260047
1146,12,3,2047-07-01 00:00:00,32.20936297260047
1147,12,3,2048-07-01 00:00:00,32.20936297260047
1148,12,3,2049-07-01 00:00:00,32.20936297260047
1149,12,3,2050-07-01 00:00:00,32.20936297260047
1150,12,3,2051-07-01 00:00:00,32.20936297260047
1151,12,3,2052-07-01 00:00:00,32.20936297260047
1152,12,3,2053-07-01 00:00:00,32.20936297260047
1441,16,1,2022-07-01 00:00:00,558.5652059525944
1442,16,1,2023-07-01 00:00:00,550.5806262793003
1443,16,1,2024-07-01 00:00:00,543.2101488771966
1444,16,1,2025-07-01 00:00:00,536.3656499470503
1445,16,1,2026-07-01 00:00:00,530.3700022325436
1446,16,1,2027-07-01 00:00:00,525.0315518240637
1447,16,1,2028-07-01 00:00:00,519.6519953310917
1448,16,1,2029-07-01 00:00:00,514.4260797035486
1449,16,1,2030-07-01 00:00:00,509.5988186943772
1450,16,1,2031-07-01 00:00:00,505.2282196956603
1451,16,1,2032-07-01 00:00:00,501.2461214342978
1452,16,1,2033-07-01 00:00:00,497.53447648644897
1453,16,1,2034-07-01 00:00:00,494.0137547494429
1454,16,1,2035-07-01 00:00:00,490.6237962589162
1455,16,1,2036-07-01 00:00:00,487.34120832486053
1456,16,1,2037-07-01 00:00:00,484.14806982084326
1457,16,1,2038-07-01 00:00:00,481.01206398657064
1458,16,1,2039-07-01 00:00:00,477.9307132498629
1459,16,1,2040-07-01 00:00:00,472.03814288385297
1460,16,1,2041-07-01 00:00:00,466.23588536050016
1461,16,1,2042-07-01 00:00:00,460.52226147258284
1462,16,1,2043-07-01 00:00:00,454.8956278370107
1463,16,1,2044-07-01 00:00:00,449.35437607137567
1464,16,1,2045-07-01 00:00:00,449.35437607137567
1465,16,1,2046-07-01 00:00:00,449.35437607137567
1466,16,1,2047-07-01 00:00:00,449.35437607137567
1467,16,1,2048-07-01 00:00:00,449.35437607137567
1468,16,1,2049-07-01 00:00:00,449.35437607137567
1469,16,1,2050-07-01 00:00:00,449.35437607137567
1470,16,1,2051-07-01 00:00:00,449.35437607137567
1471,16,1,2052-07-01 00:00:00,449.35437607137567
1472,16,1,2053-07-01 00:00:00,449.35437607137567
1473,16,2,2022-07-01 00:00:00,558.5652059525944
1474,16,2,2023-07-01 00:00:00,550.5806262793003
1475,16,2,2024-07-01 00:00:00,543.2101488771966
1476,16,2,2025-07-01 00:00:00,536.3656499470503
1477,16,2,2026-07-01 00:00:00,530.3700022325436
1478,16,2,2027-07-01 00:00:00,525.0315518240637
1479,16,2,2028-07-01 00:00:00,519.6519953310917
1480,16,2,2029-07-01 00:00:00,514.4260797035486
1481,16,2,2030-07-01 00:00:00,509.5988186943772
1482,16,2,2031-07-01 00:00:00,505.2282196956603
1483,16,2,2032-07-01 00:00:00,501.2461214342978
1484,16,2,2033-07-01 00:00:00,497.53447648644897
1485,16,2,2034-07-01 00:00:00,494.0137547494429
1486,16,2,2035-07-01 00:00:00,490.6237962589162
1487,16,2,2036-07-01 00:00:00,487.34120832486053
1488,16,2,2037-07-01 00:00:00,484.14806982084326
1489,16,2,2038-07-01 00:00:00,481.01206398657064
1490,16,2,2039-07-01 00:00:00,477.9307132498629
1491,16,2,2040-07-01 00:00:00,472.03814288385297
1492,16,2,2041-07-01 00:00:00,466.23588536050016
1493,16,2,2042-07-01 00:00:00,460.52226147258284
1494,16,2,2043-07-01 00:00:00,454.8956278370107
1495,16,2,2044-07-01 00:00:00,449.35437607137567
1496,16,2,2045-07-01 00:00:00,449.35437607137567
1497,16,2,2046-07-01 00:00:00,449.35437607137567
1498,16,2,2047-07-01 00:00:00,449.35437607137567
1499,16,2,2048-07-01 00:00:00,449.35437607137567
1500,16,2,2049-07-01 00:00:00,449.35437607137567
1501,16,2,2050-07-01 00:00:00,449.35437607137567
1502,16,2,2051-07-01 00:00:00,449.35437607137567
1503,16,2,2052-07-01 00:00:00,449.35437607137567
1504,16,2,2053-07-01 00:00:00,449.35437607137567
1505,16,3,2022-07-01 00:00:00,558.5652059525944
1506,16,3,2023-07-01 00:00:00,550.5806262793003
1507,16,3,2024-07-01 00:00:00,543.2101488771966
1508,16,3,2025-07-01 00:00:00,536.3656499470503
1509,16,3,2026-07-01 00:00:00,530.3700022325436
1510,16,3,2027-07-01 00:00:00,525.0315518240637
1511,16,3,2028-07-01 00:00:00,519.6519953310917
1512,16,3,2029-07-01 00:00:00,514.4260797035486
1513,16,3,2030-07-01 00:00:00,509.5988186943772
1514,16,3,2031-07-01 00:00:00,505.2282196956603
1515,16,3,2032-07-01 00:00:00,501.2461214342978
1516,16,3,2033-07-01 00:00:00,497.53447648644897
1517,16,3,2034-07-01 00:00:00,494.0137547494429
1518,16,3,2035-07-01 00:00:00,490.6237962589162
1519,16,3,2036-07-01 00:00:00,487.34120832486053
1520,16,3,2037-07-01 00:00:00,484.14806982084326
1521,16,3,2038-07-01 00:00:00,481.01206398657064
1522,16,3,2039-07-01 00:00:00,477.9307132498629
1523,16,3,2040-07-01 00:00:00,472.03814288385297
1524,16,3,2041-07-01 00:00:00,466.23588536050016
1525,16,3,2042-07-01 00:00:00,460.52226147258284
1526,16,3,2043-07-01 00:00:00,454.8956278370107
1527,16,3,2044-07-01 00:00:00,449.35437607137567
1528,16,3,2045-07-01 00:00:00,449.35437607137567
1529,16,3,2046-07-01 00:00:00,449.35437607137567
1530,16,3,2047-07-01 00:00:00,449.35437607137567
1531,16,3,2048-07-01 00:00:00,449.35437607137567
1532,16,3,2049-07-01 00:00:00,449.35437607137567
1533,16,3,2050-07-01 00:00:00,449.35437607137567
1534,16,3,2051-07-01 00:00:00,449.35437607137567
1535,16,3,2052-07-01 00:00:00,449.35437607137567
1536,16,3,2053-07-01 00:00:00,449.35437607137567
1537,17,1,2022-07-01 00:00:00,350.0403192800392
1538,17,1,2023-07-01 00:00:00,345.113003095505
1539,17,1,2024-07-01 00:00:00,340.56465188891656
1540,17,1,2025-07-01 00:00:00,336.34088410983907
1541,17,1,2026-07-01 00:00:00,332.64094582513957
1542,17,1,2027-07-01 00:00:00,329.34656663746415
1543,17,1,2028-07-01 00:00:00,326.026820719956
1544,17,1,2029-07-01 00:00:00,322.8018871975655
1545,17,1,2030-07-01 00:00:00,319.8229650412727
1546,17,1,2031-07-01 00:00:00,317.1258508457045
1547,17,1,2032-07-01 00:00:00,314.66848201547754
1548,17,1,2033-07-01 00:00:00,312.37801101123057
1549,17,1,2034-07-01 00:00:00,310.2053594871918
1550,17,1,2035-07-01 00:00:00,308.1134024877346
1551,17,1,2036-07-01 00:00:00,306.0877042899037
1552,17,1,2037-07-01 00:00:00,304.1172056946016
1553,17,1,2038-07-01 00:00:00,302.18196389925856
1554,17,1,2039-07-01 00:00:00,300.2804499841319
1555,17,1,2040-07-01 00:00:00,296.6441211451751
1556,17,1,2041-07-01 00:00:00,293.06352472414187
1557,17,1,2042-07-01 00:00:00,289.53762447551156
1558,17,1,2043-07-01 00:00:00,286.06540626097893
1559,17,1,2044-07-01 00:00:00,282.6458775413002
1560,17,1,2045-07-01 00:00:00,282.6458775413002
1561,17,1,2046-07-01 00:00:00,282.6458775413002
1562,17,1,2047-07-01 00:00:00,282.6458775413002
1563,17,1,2048-07-01 00:00:00,282.6458775413002
1564,17,1,2049-07-01 00:00:00,282.6458775413002
1565,17,1,2050-07-01 00:00:00,282.6458775413002
1566,17,1,2051-07-01 00:00:00,282.6458775413002
1567,17,1,2052-07-01 00:00:00,282.6458775413002
1568,17,1,2053-07-01 00:00:00,282.6458775413002
1569,17,2,2022-07-01 00:00:00,350.0403192800392
1570,17,2,2023-07-01 00:00:00,345.113003095505
1571,17,2,2024-07-01 00:00:00,340.56465188891656
1572,17,2,2025-07-01 00:00:00,336.34088410983907
1573,17,2,2026-07-01 00:00:00,332.64094582513957
1574,17,2,2027-07-01 00:00:00,329.34656663746415
1575,17,2,2028-07-01 00:00:00,326.026820719956
1576,17,2,2029-07-01 00:00:00,322.8018871975655
1577,17,2,2030-07-01 00:00:00,319.8229650412727
1578,17,2,2031-07-01 00:00:00,317.1258508457045
1579,17,2,2032-07-01 00:00:00,314.66848201547754
1580,17,2,2033-07-01 00:00:00,312.37801101123057
1581,17,2,2034-07-01 00:00:00,310.2053594871918
1582,17,2,2035-07-01 00:00:00,308.1134024877346
1583,17,2,2036-07-01 00:00:00,306.0877042899037
1584,17,2,2037-07-01 00:00:00,304.1172056946016
1585,17,2,2038-07-01 00:00:00,302.18196389925856
1586,17,2,2039-07-01 00:00:00,300.2804499841319
1587,17,2,2040-07-01 00:00:00,296.6441211451751
1588,17,2,2041-07-01 00:00:00,293.06352472414187
1589,17,2,2042-07-01 00:00:00,289.53762447551156
1590,17,2,2043-07-01 00:00:00,286.06540626097893
1591,17,2,2044-07-01 00:00:00,282.6458775413002
1592,17,2,2045-07-01 00:00:00,282.6458775413002
1593,17,2,2046-07-01 00:00:00,282.6458775413002
1594,17,2,2047-07-01 00:00:00,282.6458775413002
1595,17,2,2048-07-01 00:00:00,282.6458775413002
1596,17,2,2049-07-01 00:00:00,282.6458775413002
1597,17,2,2050-07-01 00:00:00,282.6458775413002
1598,17,2,2051-07-01 00:00:00,282.6458775413002
1599,17,2,2052-07-01 00:00:00,282.6458775413002
1600,17,2,2053-07-01 00:00:00,282.6458775413002
1601,17,3,2022-07-01 00:00:00,350.0403192800392
1602,17,3,2023-07-01 00:00:00,345.113003095505
1603,17,3,2024-07-01 00:00:00,340.56465188891656
1604,17,3,2025-07-01 00:00:00,336.34088410983907
1605,17,3,2026-07-01 00:00:00,332.64094582513957
1606,17,3,2027-07-01 00:00:00,329.34656663746415
1607,17,3,2028-07-01 00:00:00,326.026820719956
1608,17,3,2029-07-01 00:00:00,322.8018871975655
1609,17,3,2030-07-01 00:00:00,319.8229650412727
1610,17,3,2031-07-01 00:00:00,317.1258508457045
1611,17,3,2032-07-01 00:00:00,314.66848201547754
1612,17,3,2033-07-01 00:00:00,312.37801101123057
1613,17,3,2034-07-01 00:00:00,310.2053594871918
1614,17,3,2035-07-01 00:00:00,308.1134024877346
1615,17,3,2036-07-01 00:00:00,306.0877042899037
1616,17,3,2037-07-01 00:00:00,304.1172056946016
1617,17,3,2038-07-01 00:00:00,302.18196389925856
1618,17,3,2039-07-01 00:00:00,300.2804499841319
1619,17,3,2040-07-01 00:00:00,296.6441211451751
1620,17,3,2041-07-01 00:00:00,293.06352472414187
1621,17,3,2042-07-01 00:00:00,289.53762447551156
1622,17,3,2043-07-01 00:00:00,286.06540626097893
1623,17,3,2044-07-01 00:00:00,282.6458775413002
1624,17,3,2045-07-01 00:00:00,282.6458775413002
1625,17,3,2046-07-01 00:00:00,282.6458775413002
1626,17,3,2047-07-01 00:00:00,282.6458775413002
1627,17,3,2048-07-01 00:00:00,282.6458775413002
1628,17,3,2049-07-01 00:00:00,282.6458775413002
1629,17,3,2050-07-01 00:00:00,282.6458775413002
1630,17,3,2051-07-01 00:00:00,282.6458775413002
1631,17,3,2052-07-01 00:00:00,282.6458775413002
1632,17,3,2053-07-01 00:00:00,282.6458775413002
1633,18,1,2022-07-01 00:00:00,519.2812423088013
1634,18,1,2023-07-01 00:00:00,511.86587537762114
1635,18,1,2024-07-01 00:00:00,505.0208319776068
1636,18,1,2025-07-01 00:00:00,498.66427056751
1637,18,1,2026-07-01 00:00:00,493.09604661429887
1638,18,1,2027-07-01 00:00:00,488.138169024926
1639,18,1,2028-07-01 00:00:00,483.1421157629335
1640,18,1,2029-07-01 00:00:00,478.28875046191024
1641,18,1,2030-07-01 00:00:00,473.8056200880834
1642,18,1,2031-07-01 00:00:00,469.746596744258
1643,18,1,2032-07-01 00:00:00,466.0483783066887
1644,18,1,2033-07-01 00:00:00,462.60133283495065
1645,18,1,2034-07-01 00:00:00,459.3315998482785
1646,18,1,2035-07-01 00:00:00,456.1833081263231
1647,18,1,2036-07-01 00:00:00,453.1347326206766
1648,18,1,2037-07-01 00:00:00,450.16922978418233
1649,18,1,2038-07-01 00:00:00,447.25678668624033
1650,18,1,2039-07-01 00:00:00,444.39510237832695
1651,18,1,2040-07-01 00:00:00,438.9226074919762
1652,18,1,2041-07-01 00:00:00,433.5339871355697
1653,18,1,2042-07-01 00:00:00,428.22768181089833
1654,18,1,2043-07-01 00:00:00,423.00216529001756
1655,18,1,2044-07-01 00:00:00,417.85594385050103
1656,18,1,2045-07-01 00:00:00,417.85594385050103
1657,18,1,2046-07-01 00:00:00,417.85594385050103
1658,18,1,2047-07-01 00:00:00,417.85594385050103
1659,18,1,2048-07-01 00:00:00,417.85594385050103
1660,18,1,2049-07-01 00:00:00,417.85594385050103
1661,18,1,2050-07-01 00:00:00,417.85594385050103
1662,18,1,2051-07-01 00:00:00,417.85594385050103
1663,18,1,2052-07-01 00:00:00,417.85594385050103
1664,18,1,2053-07-01 00:00:00,417.85594385050103
1665,18,2,2022-07-01 00:00:00,519.2812423088013
1666,18,2,2023-07-01 00:00:00,511.86587537762114
1667,18,2,2024-07-01 00:00:00,505.0208319776068
1668,18,2,2025-07-01 00:00:00,498.66427056751
1669,18,2,2026-07-01 00:00:00,493.09604661429887
1670,18,2,2027-07-01 00:00:00,488.138169024926
1671,18,2,2028-07-01 00:00:00,483.1421157629335
1672,18,2,2029-07-01 00:00:00,478.28875046191024
1673,18,2,2030-07-01 00:00:00,473.8056200880834
1674,18,2,2031-07-01 00:00:00,469.746596744258
1675,18,2,2032-07-01 00:00:00,466.0483783066887
1676,18,2,2033-07-01 00:00:00,462.60133283495065
1677,18,2,2034-07-01 00:00:00,459.3315998482785
1678,18,2,2035-07-01 00:00:00,456.1833081263231
1679,18,2,2036-07-01 00:00:00,453.1347326206766
1680,18,2,2037-07-01 00:00:00,450.16922978418233
1681,18,2,2038-07-01 00:00:00,447.25678668624033
1682,18,2,2039-07-01 00:00:00,444.39510237832695
1683,18,2,2040-07-01 00:00:00,438.9226074919762
1684,18,2,2041-07-01 00:00:00,433.5339871355697
1685,18,2,2042-07-01 00:00:00,428.22768181089833
1686,18,2,2043-07-01 00:00:00,423.00216529001756
1687,18,2,2044-07-01 00:00:00,417.85594385050103
1688,18,2,2045-07-01 00:00:00,417.85594385050103
1689,18,2,2046-07-01 00:00:00,417.85594385050103
1690,18,2,2047-07-01 00:00:00,417.85594385050103
1691,18,2,2048-07-01 00:00:00,417.85594385050103
1692,18,2,2049-07-01 00:00:00,417.85594385050103
1693,18,2,2050-07-01 00:00:00,417.85594385050103
1694,18,2,2051-07-01 00:00:00,417.85594385050103
1695,18,2,2052-07-01 00:00:00,417.85594385050103
1696,18,2,2053-07-01 00:00:00,417.85594385050103
1697,18,3,2022-07-01 00:00:00,519.2812423088013
1698,18,3,2023-07-01 00:00:00,511.86587537762114
1699,18,3,2024-07-01 00:00:00,505.0208319776068
1700,18,3,2025-07-01 00:00:00,498.66427056751
1701,18,3,2026-07-01 00:00:00,493.09604661429887
1702,18,3,2027-07-01 00:00:00,488.138169024926
1703,18,3,2028-07-01 00:00:00,483.1421157629335
1704,18,3,2029-07-01 00:00:00,478.28875046191024
1705,18,3,2030-07-01 00:00:00,473.8056200880834
1706,18,3,2031-07-01 00:00:00,469.746596744258
1707,18,3,2032-07-01 00:00:00,466.0483783066887
1708,18,3,2033-07-01 00:00:00,462.60133283495065
1709,18,3,2034-07-01 00:00:00,459.3315998482785
1710,18,3,2035-07-01 00:00:00,456.1833081263231
1711,18,3,2036-07-01 00:00:00,453.1347326206766
1712,18,3,2037-07-01 00:00:00,450.16922978418233
1713,18,3,2038-07-01 00:00:00,447.25678668624033
1714,18,3,2039-07-01 00:00:00,444.39510237832695
1715,18,3,2040-07-01 00:00:00,438.9226074919762
1716,18,3,2041-07-01 00:00:00,433.5339871355697
1717,18,3,2042-07-01 00:00:00,428.22768181089833
1718,18,3,2043-07-01 00:00:00,423.00216529001756
1719,18,3,2044-07-01 00:00:00,417.85594385050103
1720,18,3,2045-07-01 00:00:00,417.85594385050103
1721,18,3,2046-07-01 00:00:00,417.85594385050103
1722,18,3,2047-07-01 00:00:00,417.85594385050103
1723,18,3,2048-07-01 00:00:00,417.85594385050103
1724,18,3,2049-07-01 00:00:00,417.85594385050103
1725,18,3,2050-07-01 00:00:00,417.85594385050103
1726,18,3,2051-07-01 00:00:00,417.85594385050103
1727,18,3,2052-07-01 00:00:00,417.85594385050103
1728,18,3,2053-07-01 00:00:00,417.85594385050103
1921,21,1,2022-07-01 00:00:00,447.43096351652594
1922,21,1,2023-07-01 00:00:00,441.07096624159135
1923,21,1,2024-07-01 00:00:00,435.2001229273049
1924,21,1,2025-07-01 00:00:00,429.7482398820871
1925,21,1,2026-07-01 00:00:00,424.97249655106737
1926,21,1,2027-07-01 00:00:00,420.7202338848351
1927,21,1,2028-07-01 00:00:00,416.4352287830521
1928,21,1,2029-07-01 00:00:00,412.2726040100312
1929,21,1,2030-07-01 00:00:00,408.42752159869104
1930,21,1,2031-07-01 00:00:00,404.9461864678458
1931,21,1,2032-07-01 00:00:00,401.77430577693167
1932,21,1,2033-07-01 00:00:00,398.8178506196492
1933,21,1,2034-07-01 00:00:00,396.0134724846229
1934,21,1,2035-07-01 00:00:00,393.31325185384844
1935,21,1,2036-07-01 00:00:00,390.69855563068285
1936,21,1,2037-07-01 00:00:00,388.15510901044763
1937,21,1,2038-07-01 00:00:00,385.65717056205784
1938,21,1,2039-07-01 00:00:00,383.20276681252477
1939,21,1,2040-07-01 00:00:00,378.5091281986437
1940,21,1,2041-07-01 00:00:00,373.8874269260746
1941,21,1,2042-07-01 00:00:00,369.3363254474712
1942,21,1,2043-07-01 00:00:00,364.8545147506622
1943,21,1,2044-07-01 00:00:00,360.44071370274486
1944,21,1,2045-07-01 00:00:00,360.44071370274486
1945,21,1,2046-07-01 00:00:00,360.44071370274486
1946,21,1,2047-07-01 00:00:00,360.44071370274486
1947,21,1,2048-07-01 00:00:00,360.44071370274486
1948,21,1,2049-07-01 00:00:00,360.44071370274486
1949,21,1,2050-07-01 00:00:00,360.44071370274486
1950,21,1,2051-07-01 00:00:00,360.44071370274486
1951,21,1,2052-07-01 00:00:00,360.44071370274486
1952,21,1,2053-07-01 00:00:00,360.44071370274486
1953,21,2,2022-07-01 00:00:00,447.43096351652594
1954,21,2,2023-07-01 00:00:00,441.07096624159135
1955,21,2,2024-07-01 00:00:00,435.2001229273049
1956,21,2,2025-07-01 00:00:00,429.7482398820871
1957,21,2,2026-07-01 00:00:00,424.97249655106737
1958,21,2,2027-07-01 00:00:00,420.7202338848351
1959,21,2,2028-07-01 00:00:00,416.4352287830521
1960,21,2,2029-07-01 00:00:00,412.2726040100312
1961,21,2,2030-07-01 00:00:00,408.42752159869104
1962,21,2,2031-07-01 00:00:00,404.9461864678458
1963,21,2,2032-07-01 00:00:00,401.77430577693167
1964,21,2,2033-07-01 00:00:00,398.8178506196492
1965,21,2,2034-07-01 00:00:00,396.0134724846229
1966,21,2,2035-07-01 00:00:00,393.31325185384844
1967,21,2,2036-07-01 00:00:00,390.69855563068285
1968,21,2,2037-07-01 00:00:00,388.15510901044763
1969,21,2,2038-07-01 00:00:00,385.65717056205784
1970,21,2,2039-07-01 00:00:00,383.20276681252477
1971,21,2,2040-07-01 00:00:00,378.5091281986437
1972,21,2,2041-07-01 00:00:00,373.8874269260746
1973,21,2,2042-07-01 00:00:00,369.3363254474712
1974,21,2,2043-07-01 00:00:00,364.8545147506622
1975,21,2,2044-07-01 00:00:00,360.44071370274486
1976,21,2,2045-07-01 00:00:00,360.44071370274486
1977,21,2,2046-07-01 00:00:00,360.44071370274486
1978,21,2,2047-07-01 00:00:00,360.44071370274486
1979,21,2,2048-07-01 00:00:00,360.44071370274486
1980,21,2,2049-07-01 00:00:00,360.44071370274486
1981,21,2,2050-07-01 00:00:00,360.44071370274486
1982,21,2,2051-07-01 00:00:00,360.44071370274486
1983,21,2,2052-07-01 00:00:00,360.44071370274486
1984,21,2,2053-07-01 00:00:00,360.44071370274486
1985,21,3,2022-07-01 00:00:00,447.43096351652594
1986,21,3,2023-07-01 00:00:00,441.07096624159135
1987,21,3,2024-07-01 00:00:00,435.2001229273049
1988,21,3,2025-07-01 00:00:00,429.7482398820871
1989,21,3,2026-07-01 00:00:00,424.97249655106737
1990,21,3,2027-07-01 00:00:00,420.7202338848351
1991,21,3,2028-07-01 00:00:00,416.4352287830521
1992,21,3,2029-07-01 00:00:00,412.2726040100312
1993,21,3,2030-07-01 00:00:00,408.42752159869104
1994,21,3,2031-07-01 00:00:00,404.9461864678458
1995,21,3,2032-07-01 00:00:00,401.77430577693167
1996,21,3,2033-07-01 00:00:00,398.8178506196492
1997,21,3,2034-07-01 00:00:00,396.0134724846229
1998,21,3,2035-07-01 00:00:00,393.31325185384844
1999,21,3,2036-07-01 00:00:00,390.69855563068285
2000,21,3,2037-07-01 00:00:00,388.15510901044763
2001,21,3,2038-07-01 00:00:00,385.65717056205784
2002,21,3,2039-07-01 00:00:00,383.20276681252477
2003,21,3,2040-07-01 00:00:00,378.5091281986437
2004,21,3,2041-07-01 00:00:00,373.8874269260746
2005,21,3,2042-07-01 00:00:00,369.3363254474712
2006,21,3,2043-07-01 00:00:00,364.8545147506622
2007,21,3,2044-07-01 00:00:00,360.44071370274486
2008,21,3,2045-07-01 00:00:00,360.44071370274486
2009,21,3,2046-07-01 00:00:00,360.44071370274486
2010,21,3,2047-07-01 00:00:00,360.44071370274486
2011,21,3,2048-07-01 00:00:00,360.44071370274486
2012,21,3,2049-07-01 00:00:00,360.44071370274486
2013,21,3,2050-07-01 00:00:00,360.44071370274486
2014,21,3,2051-07-01 00:00:00,360.44071370274486
2015,21,3,2052-07-01 00:00:00,360.44071370274486
2016,21,3,2053-07-01 00:00:00,360.44071370274486
2017,22,1,2022-07-01 00:00:00,585.4568401911196
2018,22,1,2023-07-01 00:00:00,577.0730484741508
2019,22,1,2024-07-01 00:00:00,569.33406283906
2020,22,1,2025-07-01 00:00:00,562.1473534836148
2021,22,1,2026-07-01 00:00:00,555.8519361036783
2022,22,1,2027-07-01 00:00:00,550.2465745007679
2023,22,1,2028-07-01 00:00:00,544.5980515963511
2024,22,1,2029-07-01 00:00:00,539.1108512746717
2025,22,1,2030-07-01 00:00:00,534.0422374565019
2026,22,1,2031-07-01 00:00:00,529.4531177804605
2027,22,1,2032-07-01 00:00:00,525.2719230544026
2028,22,1,2033-07-01 00:00:00,521.3747037337436
2029,22,1,2034-07-01 00:00:00,517.6779533794089
2030,22,1,2035-07-01 00:00:00,514.1185041564519
2031,22,1,2036-07-01 00:00:00,510.6717937899934
2032,22,1,2037-07-01 00:00:00,507.3190051353003
2033,22,1,2038-07-01 00:00:00,504.02620566262704
2034,22,1,2039-07-01 00:00:00,500.7907939264414
2035,22,1,2040-07-01 00:00:00,494.60360754373886
2036,22,1,2041-07-01 00:00:00,488.51124945421964
2037,22,1,2042-07-01 00:00:00,482.5119564938635
2038,22,1,2043-07-01 00:00:00,476.6040031139125
2039,22,1,2044-07-01 00:00:00,470.7857005162502
2040,22,1,2045-07-01 00:00:00,470.7857005162502
2041,22,1,2046-07-01 00:00:00,470.7857005162502
2042,22,1,2047-07-01 00:00:00,470.7857005162502
2043,22,1,2048-07-01 00:00:00,470.7857005162502
2044,22,1,2049-07-01 00:00:00,470.7857005162502
2045,22,1,2050-07-01 00:00:00,470.7857005162502
2046,22,1,2051-07-01 00:00:00,470.7857005162502
2047,22,1,2052-07-01 00:00:00,470.7857005162502
2048,22,1,2053-07-01 00:00:00,470.7857005162502
2049,22,2,2022-07-01 00:00:00,585.4568401911196
2050,22,2,2023-07-01 00:00:00,577.0730484741508
2051,22,2,2024-07-01 00:00:00,569.33406283906
2052,22,2,2025-07-01 00:00:00,562.1473534836148
2053,22,2,2026-07-01 00:00:00,555.8519361036783
2054,22,2,2027-07-01 00:00:00,550.2465745007679
2055,22,2,2028-07-01 00:00:00,544.5980515963511
2056,22,2,2029-07-01 00:00:00,539.1108512746717
2057,22,2,2030-07-01 00:00:00,534.0422374565019
2058,22,2,2031-07-01 00:00:00,529.4531177804605
2059,22,2,2032-07-01 00:00:00,525.2719230544026
2060,22,2,2033-07-01 00:00:00,521.3747037337436
2061,22,2,2034-07-01 00:00:00,517.6779533794089
2062,22,2,2035-07-01 00:00:00,514.1185041564519
2063,22,2,2036-07-01 00:00:00,510.6717937899934
2064,22,2,2037-07-01 00:00:00,507.3190051353003
2065,22,2,2038-07-01 00:00:00,504.02620566262704
2066,22,2,2039-07-01 00:00:00,500.7907939264414
2067,22,2,2040-07-01 00:00:00,494.60360754373886
2068,22,2,2041-07-01 00:00:00,488.51124945421964
2069,22,2,2042-07-01 00:00:00,482.5119564938635
2070,22,2,2043-07-01 00:00:00,476.6040031139125
2071,22,2,2044-07-01 00:00:00,470.7857005162502
2072,22,2,2045-07-01 00:00:00,470.7857005162502
2073,22,2,2046-07-01 00:00:00,470.7857005162502
2074,22,2,2047-07-01 00:00:00,470.7857005162502
2075,22,2,2048-07-01 00:00:00,470.7857005162502
2076,22,2,2049-07-01 00:00:00,470.7857005162502
2077,22,2,2050-07-01 00:00:00,470.7857005162502
2078,22,2,2051-07-01 00:00:00,470.7857005162502
2079,22,2,2052-07-01 00:00:00,470.7857005162502
2080,22,2,2053-07-01 00:00:00,470.7857005162502
2081,22,3,2022-07-01 00:00:00,585.4568401911196
2082,22,3,2023-07-01 00:00:00,577.0730484741508
2083,22,3,2024-07-01 00:00:00,569.33406283906
2084,22,3,2025-07-01 00:00:00,562.1473534836148
2085,22,3,2026-07-01 00:00:00,555.8519361036783
2086,22,3,2027-07-01 00:00:00,550.2465745007679
2087,22,3,2028-07-01 00:00:00,544.5980515963511
2088,22,3,2029-07-01 00:00:00,539.1108512746717
2089,22,3,2030-07-01 00:00:00,534.0422374565019
2090,22,3,2031-07-01 00:00:00,529.4531177804605
2091,22,3,2032-07-01 00:00:00,525.2719230544026
2092,22,3,2033-07-01 00:00:00,521.3747037337436
2093,22,3,2034-07-01 00:00:00,517.6779533794089
2094,22,3,2035-07-01 00:00:00,514.1185041564519
2095,22,3,2036-07-01 00:00:00,510.6717937899934
2096,22,3,2037-07-01 00:00:00,507.3190051353003
2097,22,3,2038-07-01 00:00:00,504.02620566262704
2098,22,3,2039-07-01 00:00:00,500.7907939264414
2099,22,3,2040-07-01 00:00:00,494.60360754373886
2100,22,3,2041-07-01 00:00:00,488.51124945421964
2101,22,3,2042-07-01 00:00:00,482.5119564938635
2102,22,3,2043-07-01 00:00:00,476.6040031139125
2103,22,3,2044-07-01 00:00:00,470.7857005162502
2104,22,3,2045-07-01 00:00:00,470.7857005162502
2105,22,3,2046-07-01 00:00:00,470.7857005162502
2106,22,3,2047-07-01 00:00:00,470.7857005162502
2107,22,3,2048-07-01 00:00:00,470.7857005162502
2108,22,3,2049-07-01 00:00:00,470.7857005162502
2109,22,3,2050-07-01 00:00:00,470.7857005162502
2110,22,3,2051-07-01 00:00:00,470.7857005162502
2111,22,3,2052-07-01 00:00:00,470.7857005162502
2112,22,3,2053-07-01 00:00:00,470.7857005162502
2113,53,1,2024-07-01 00:00:00,590.3638979894857
2114,53,1,2025-07-01 00:00:00,575.0377322966857
2115,53,1,2026-07-01 00:00:00,560.0978490902858
2116,53,1,2027-07-01 00:00:00,545.5442483702857
2117,53,1,2028-07-01 00:00:00,531.3769301366857
2118,53,1,2029-07-01 00:00:00,517.5958943894857
2119,53,1,2030-07-01 00:00:00,504.20114112868566
2120,53,1,2031-07-01 00:00:00,491.19267035428567
2121,53,1,2032-07-01 00:00:00,478.57048206628565
2122,53,1,2033-07-01 00:00:00,466.3345762646857
2123,53,1,2034-07-01 00:00:00,454.48495294948566
2124,53,1,2035-07-01 00:00:00,443.02161212068563
2125,53,1,2036-07-01 00:00:00,431.9445537782857
2126,53,1,2037-07-01 00:00:00,421.25377792228574
2127,53,1,2038-07-01 00:00:00,410.9492845526857
2128,53,1,2039-07-01 00:00:00,401.0310736694857
2129,53,1,2040-07-01 00:00:00,391.49914527268567
2130,53,1,2041-07-01 00:00:00,382.3534993622857
2131,53,1,2042-07-01 00:00:00,373.59413593828566
2132,53,1,2043-07-01 00:00:00,365.2210550006856
2133,53,1,2044-07-01 00:00:00,357.23425654948574
2134,53,1,2045-07-01 00:00:00,349.6337405846857
2135,53,1,2046-07-01 00:00:00,342.4195071062857
2136,53,1,2047-07-01 00:00:00,335.59155611428565
2137,53,1,2048-07-01 00:00:00,329.1498876086857
2138,53,1,2049-07-01 00:00:00,323.0945015894857
2139,53,1,2050-07-01 00:00:00,317.42539805668576
2140,53,1,2051-07-01 00:00:00,312.1425770102857
2141,53,1,2052-07-01 00:00:00,307.24603845028577
2142,53,2,2024-07-01 00:00:00,586.3813799606858
2143,53,2,2025-07-01 00:00:00,568.0452032030859
2144,53,2,2026-07-01 00:00:00,550.2231629942858
2145,53,2,2027-07-01 00:00:00,532.9152593342858
2146,53,2,2028-07-01 00:00:00,516.1214922230857
2147,53,2,2029-07-01 00:00:00,499.8418616606857
2148,53,2,2030-07-01 00:00:00,484.0763676470857
2149,53,2,2031-07-01 00:00:00,468.8250101822858
2150,53,2,2032-07-01 00:00:00,454.0877892662857
2151,53,2,2033-07-01 00:00:00,439.8647048990857
2152,53,2,2034-07-01 00:00:00,426.15575708068576
2153,53,2,2035-07-01 00:00:00,412.96094581108576
2154,53,2,2036-07-01 00:00:00,400.28027109028574
2155,53,2,2037-07-01 00:00:00,388.11373291828573
2156,53,2,2038-07-01 00:00:00,376.4613312950857
2157,53,2,2039-07-01 00:00:00,365.32306622068575
2158,53,2,2040-07-01 00:00:00,354.69893769508565
2159,53,2,2041-07-01 00:00:00,344.58894571828574
2160,53,2,2042-07-01 00:00:00,334.9930902902857
2161,53,2,2043-07-01 00:00:00,325.91137141108567
2162,53,2,2044-07-01 00:00:00,317.3437890806857
2163,53,2,2045-07-01 00:00:00,309.29034329908575
2164,53,2,2046-07-01 00:00:00,301.75103406628574
2165,53,2,2047-07-01 00:00:00,294.7258613822857
2166,53,2,2048-07-01 00:00:00,288.21482524708574
2167,53,2,2049-07-01 00:00:00,282.21792566068575
2168,53,2,2050-07-01 00:00:00,276.7351626230857
2169,53,2,2051-07-01 00:00:00,271.76653613428573
2170,53,2,2052-07-01 00:00:00,267.3120461942857
2171,53,3,2024-07-01 00:00:00,560.5875029462857
2172,53,3,2025-07-01 00:00:00,542.3193336686858
2173,53,3,2026-07-01 00:00:00,524.5761821366857
2174,53,3,2027-07-01 00:00:00,507.3580483502857
2175,53,3,2028-07-01 00:00:00,490.66493230948566
2176,53,3,2029-07-01 00:00:00,474.4968340142857
2177,53,3,2030-07-01 00:00:00,458.85375346468567
2178,53,3,2031-07-01 00:00:00,443.7356906606857
2179,53,3,2032-07-01 00:00:00,429.14264560228565
2180,53,3,2033-07-01 00:00:00,415.0746182894857
2181,53,3,2034-07-01 00:00:00,401.5316087222857
2182,53,3,2035-07-01 00:00:00,388.5136169006857
2183,53,3,2036-07-01 00:00:00,376.0206428246857
2184,53,3,2037-07-01 00:00:00,364.0526864942857
2185,53,3,2038-07-01 00:00:00,352.6097479094857
2186,53,3,2039-07-01 00:00:00,341.6918270702857
2187,53,3,2040-07-01 00:00:00,331.29892397668567
2188,53,3,2041-07-01 00:00:00,321.4310386286857
2189,53,3,2042-07-01 00:00:00,312.08817102628564
2190,53,3,2043-07-01 00:00:00,303.27032116948567
2191,53,3,2044-07-01 00:00:00,294.9774890582857
2192,53,3,2045-07-01 00:00:00,287.2096746926857
2193,53,3,2046-07-01 00:00:00,279.96687807268574
2194,53,3,2047-07-01 00:00:00,273.24909919828565
2195,53,3,2048-07-01 00:00:00,267.0563380694857
2196,53,3,2049-07-01 00:00:00,261.3885946862857
2197,53,3,2050-07-01 00:00:00,256.24586904868573
2198,53,3,2051-07-01 00:00:00,251.62816115668574
2199,53,3,2052-07-01 00:00:00,247.53547101028568
2200,54,1,2024-07-01 00:00:00,590.3638979894857
2201,54,1,2025-07-01 00:00:00,575.0377322966857
2202,54,1,2026-07-01 00:00:00,560.0978490902858
2203,54,1,2027-07-01 00:00:00,545.5442483702857
2204,54,1,2028-07-01 00:00:00,531.3769301366857
2205,54,1,2029-07-01 00:00:00,517.5958943894857
2206,54,1,2030-07-01 00:00:00,504.20114112868566
2207,54,1,2031-07-01 00:00:00,491.19267035428567
2208,54,1,2032-07-01 00:00:00,478.57048206628565
2209,54,1,2033-07-01 00:00:00,466.3345762646857
2210,54,1,2034-07-01 00:00:00,454.48495294948566
2211,54,1,2035-07-01 00:00:00,443.02161212068563
2212,54,1,2036-07-01 00:00:00,431.9445537782857
2213,54,1,2037-07-01 00:00:00,421.25377792228574
2214,54,1,2038-07-01 00:00:00,410.9492845526857
2215,54,1,2039-07-01 00:00:00,401.0310736694857
2216,54,1,2040-07-01 00:00:00,391.49914527268567
2217,54,1,2041-07-01 00:00:00,382.3534993622857
2218,54,1,2042-07-01 00:00:00,373.59413593828566
2219,54,1,2043-07-01 00:00:00,365.2210550006856
2220,54,1,2044-07-01 00:00:00,357.23425654948574
2221,54,1,2045-07-01 00:00:00,349.6337405846857
2222,54,1,2046-07-01 00:00:00,342.4195071062857
2223,54,1,2047-07-01 00:00:00,335.59155611428565
2224,54,1,2048-07-01 00:00:00,329.1498876086857
2225,54,1,2049-07-01 00:00:00,323.0945015894857
2226,54,1,2050-07-01 00:00:00,317.42539805668576
2227,54,1,2051-07-01 00:00:00,312.1425770102857
2228,54,1,2052-07-01 00:00:00,307.24603845028577
2229,54,2,2024-07-01 00:00:00,586.3813799606858
2230,54,2,2025-07-01 00:00:00,568.0452032030859
2231,54,2,2026-07-01 00:00:00,550.2231629942858
2232,54,2,2027-07-01 00:00:00,532.9152593342858
2233,54,2,2028-07-01 00:00:00,516.1214922230857
2234,54,2,2029-07-01 00:00:00,499.8418616606857
2235,54,2,2030-07-01 00:00:00,484.0763676470857
2236,54,2,2031-07-01 00:00:00,468.8250101822858
2237,54,2,2032-07-01 00:00:00,454.0877892662857
2238,54,2,2033-07-01 00:00:00,439.8647048990857
2239,54,2,2034-07-01 00:00:00,426.15575708068576
2240,54,2,2035-07-01 00:00:00,412.96094581108576
2241,54,2,2036-07-01 00:00:00,400.28027109028574
2242,54,2,2037-07-01 00:00:00,388.11373291828573
2243,54,2,2038-07-01 00:00:00,376.4613312950857
2244,54,2,2039-07-01 00:00:00,365.32306622068575
2245,54,2,2040-07-01 00:00:00,354.69893769508565
2246,54,2,2041-07-01 00:00:00,344.58894571828574
2247,54,2,2042-07-01 00:00:00,334.9930902902857
2248,54,2,2043-07-01 00:00:00,325.91137141108567
2249,54,2,2044-07-01 00:00:00,317.3437890806857
2250,54,2,2045-07-01 00:00:00,309.29034329908575
2251,54,2,2046-07-01 00:00:00,301.75103406628574
2252,54,2,2047-07-01 00:00:00,294.7258613822857
2253,54,2,2048-07-01 00:00:00,288.21482524708574
2254,54,2,2049-07-01 00:00:00,282.21792566068575
2255,54,2,2050-07-01 00:00:00,276.7351626230857
2256,54,2,2051-07-01 00:00:00,271.76653613428573
2257,54,2,2052-07-01 00:00:00,267.3120461942857
2258,54,3,2024-07-01 00:00:00,560.5875029462857
2259,54,3,2025-07-01 00:00:00,542.3193336686858
2260,54,3,2026-07-01 00:00:00,524.5761821366857
2261,54,3,2027-07-01 00:00:00,507.3580483502857
2262,54,3,2028-07-01 00:00:00,490.66493230948566
2263,54,3,2029-07-01 00:00:00,474.4968340142857
2264,54,3,2030-07-01 00:00:00,458.85375346468567
2265,54,3,2031-07-01 00:00:00,443.7356906606857
2266,54,3,2032-07-01 00:00:00,429.14264560228565
2267,54,3,2033-07-01 00:00:00,415.0746182894857
2268,54,3,2034-07-01 00:00:00,401.5316087222857
2269,54,3,2035-07-01 00:00:00,388.5136169006857
2270,54,3,2036-07-01 00:00:00,376.0206428246857
2271,54,3,2037-07-01 00:00:00,364.0526864942857
2272,54,3,2038-07-01 00:00:00,352.6097479094857
2273,54,3,2039-07-01 00:00:00,341.6918270702857
2274,54,3,2040-07-01 00:00:00,331.29892397668567
2275,54,3,2041-07-01 00:00:00,321.4310386286857
2276,54,3,2042-07-01 00:00:00,312.08817102628564
2277,54,3,2043-07-01 00:00:00,303.27032116948567
2278,54,3,2044-07-01 00:00:00,294.9774890582857
2279,54,3,2045-07-01 00:00:00,287.2096746926857
2280,54,3,2046-07-01 00:00:00,279.96687807268574
2281,54,3,2047-07-01 00:00:00,273.24909919828565
2282,54,3,2048-07-01 00:00:00,267.0563380694857
2283,54,3,2049-07-01 00:00:00,261.3885946862857
2284,54,3,2050-07-01 00:00:00,256.24586904868573
2285,54,3,2051-07-01 00:00:00,251.62816115668574
2286,54,3,2052-07-01 00:00:00,247.53547101028568
2287,55,1,2022-07-01 00:00:00,203.92112568892912
2288,55,1,2023-07-01 00:00:00,201.03702731611298
2289,55,1,2024-07-01 00:00:00,187.25551025896834
2290,55,1,2025-07-01 00:00:00,162.07412106372595
2291,55,1,2026-07-01 00:00:00,147.1070253765327
2292,55,1,2027-07-01 00:00:00,145.1018644760025
2293,55,1,2028-07-01 00:00:00,144.29401431290188
2294,55,1,2029-07-01 00:00:00,144.74418321749815
2295,55,1,2030-07-01 00:00:00,145.64169595669065
2296,55,1,2031-07-01 00:00:00,144.7309471775433
2297,55,1,2032-07-01 00:00:00,144.98024533801743
2298,55,1,2033-07-01 00:00:00,150.1208284638957
2299,55,1,2034-07-01 00:00:00,155.83848635695702
2300,55,1,2035-07-01 00:00:00,159.40093344001912
2301,55,1,2036-07-01 00:00:00,160.8188582684908
2302,55,1,2037-07-01 00:00:00,163.56906027984263
2303,55,1,2038-07-01 00:00:00,165.96417907709497
2304,55,1,2039-07-01 00:00:00,166.4156757096165
2305,55,1,2040-07-01 00:00:00,168.7192323930188
2306,55,1,2041-07-01 00:00:00,171.89670016297077
2307,55,1,2042-07-01 00:00:00,174.67631208902907
2308,55,1,2043-07-01 00:00:00,178.13250720287715
2309,55,1,2044-07-01 00:00:00,180.5145271727906
2310,55,1,2045-07-01 00:00:00,181.93161553023663
2311,55,1,2046-07-01 00:00:00,183.02464154195795
2312,55,1,2047-07-01 00:00:00,185.70897558284003
2313,55,1,2048-07-01 00:00:00,191.58738725001103
2314,55,1,2049-07-01 00:00:00,195.2492034361385
2315,55,1,2050-07-01 00:00:00,197.0546908883802
2316,55,1,2051-07-01 00:00:00,200.2676568297365
2317,55,1,2052-07-01 00:00:00,203.53598370195698
2318,55,1,2053-07-01 00:00:00,206.86062775764847
2319,55,2,2022-07-01 00:00:00,205.53063439663646
2320,55,2,2023-07-01 00:00:00,202.17768207310107
2321,55,2,2024-07-01 00:00:00,191.47699051169297
2322,55,2,2025-07-01 00:00:00,165.8829046516051
2323,55,2,2026-07-01 00:00:00,144.59323294161877
2324,55,2,2027-07-01 00:00:00,138.73890134690558
2325,55,2,2028-07-01 00:00:00,135.24892112582847
2326,55,2,2029-07-01 00:00:00,134.40329466020302
2327,55,2,2030-07-01 00:00:00,133.99688073105082
2328,55,2,2031-07-01 00:00:00,133.61548482715452
2329,55,2,2032-07-01 00:00:00,134.3237521244269
2330,55,2,2033-07-01 00:00:00,135.69309141260982
2331,55,2,2034-07-01 00:00:00,137.75269479026906
2332,55,2,2035-07-01 00:00:00,138.9836020853089
2333,55,2,2036-07-01 00:00:00,138.80594449477596
2334,55,2,2037-07-01 00:00:00,140.07451109325163
2335,55,2,2038-07-01 00:00:00,141.8355237258944
2336,55,2,2039-07-01 00:00:00,144.95357563136105
2337,55,2,2040-07-01 00:00:00,149.947296054086
2338,55,2,2041-07-01 00:00:00,152.9212022945091
2339,55,2,2042-07-01 00:00:00,153.15841930720154
2340,55,2,2043-07-01 00:00:00,153.63419774621366
2341,55,2,2044-07-01 00:00:00,155.97411808781203
2342,55,2,2045-07-01 00:00:00,158.9771727060113
2343,55,2,2046-07-01 00:00:00,160.64972735472767
2344,55,2,2047-07-01 00:00:00,160.86249098536203
2345,55,2,2048-07-01 00:00:00,162.5902280588822
2346,55,2,2049-07-01 00:00:00,163.96420087599083
2347,55,2,2050-07-01 00:00:00,164.22500391845185
2348,55,2,2051-07-01 00:00:00,165.62927437935815
2349,55,2,2052-07-01 00:00:00,167.04828506795917
2350,55,2,2053-07-01 00:00:00,168.48221298086213
2351,55,3,2022-07-01 00:00:00,207.05152030205483
2352,55,3,2023-07-01 00:00:00,199.8992761981831
2353,55,3,2024-07-01 00:00:00,193.88566483355595
2354,55,3,2025-07-01 00:00:00,168.90850865854637
2355,55,3,2026-07-01 00:00:00,133.66145025566385
2356,55,3,2027-07-01 00:00:00,123.64407398080161
2357,55,3,2028-07-01 00:00:00,122.46241795318898
2358,55,3,2029-07-01 00:00:00,120.94431867010367
2359,55,3,2030-07-01 00:00:00,118.85628648913946
2360,55,3,2031-07-01 00:00:00,115.60119354722688
2361,55,3,2032-07-01 00:00:00,113.26115243426304
2362,55,3,2033-07-01 00:00:00,113.50894266696318
2363,55,3,2034-07-01 00:00:00,114.36117888887117
2364,55,3,2035-07-01 00:00:00,115.32042230944909
2365,55,3,2036-07-01 00:00:00,115.6339634512882
2366,55,3,2037-07-01 00:00:00,116.25587223216112
2367,55,3,2038-07-01 00:00:00,117.65084354008194
2368,55,3,2039-07-01 00:00:00,118.0243719930511
2369,55,3,2040-07-01 00:00:00,118.46586794896987
2370,55,3,2041-07-01 00:00:00,119.44429935602247
2371,55,3,2042-07-01 00:00:00,120.52142580837425
2372,55,3,2043-07-01 00:00:00,122.11647438951172
2373,55,3,2044-07-01 00:00:00,123.39100830873326
2374,55,3,2045-07-01 00:00:00,124.53377334116666
2375,55,3,2046-07-01 00:00:00,125.46497579162309
2376,55,3,2047-07-01 00:00:00,125.97319671491928
2377,55,3,2048-07-01 00:00:00,126.6805192145041
2378,55,3,2049-07-01 00:00:00,126.89546650318405
2379,55,3,2050-07-01 00:00:00,126.95626089691389
2380,55,3,2051-07-01 00:00:00,127.881742652573
2381,55,3,2052-07-01 00:00:00,128.81457744585316
2382,55,3,2053-07-01 00:00:00,129.7548238657029
2383,56,1,2022-07-01 00:00:00,238.82683828593952
2384,56,1,2023-07-01 00:00:00,229.78624100000877
2385,56,1,2024-07-01 00:00:00,213.82229209731196
2386,56,1,2025-07-01 00:00:00,194.25389931484472
2387,56,1,2026-07-01 00:00:00,181.19633312922346
2388,56,1,2027-07-01 00:00:00,180.2268783199894
2389,56,1,2028-07-01 00:00:00,179.518728317293
2390,56,1,2029-07-01 00:00:00,179.0193275592302
2391,56,1,2030-07-01 00:00:00,179.10533988752297
2392,56,1,2031-07-01 00:00:00,179.19847748158077
2393,56,1,2032-07-01 00:00:00,180.2401046631781
2394,56,1,2033-07-01 00:00:00,183.41781763362474
2395,56,1,2034-07-01 00:00:00,185.6220944737686
2396,56,1,2035-07-01 00:00:00,186.1361321721957
2397,56,1,2036-07-01 00:00:00,186.36100412184115
2398,56,1,2037-07-01 00:00:00,188.19753215781677
2399,56,1,2038-07-01 00:00:00,190.11940753550488
2400,56,1,2039-07-01 00:00:00,190.46779247532643
2401,56,1,2040-07-01 00:00:00,192.20085549907427
2402,56,1,2041-07-01 00:00:00,193.7909615061414
2403,56,1,2042-07-01 00:00:00,193.7909615061414
2404,56,1,2043-07-01 00:00:00,193.84286901664373
2405,56,1,2044-07-01 00:00:00,194.03687261905043
2406,56,1,2045-07-01 00:00:00,194.27597051215787
2407,56,1,2046-07-01 00:00:00,194.37297231336092
2408,56,1,2047-07-01 00:00:00,194.37297231336092
2409,56,1,2048-07-01 00:00:00,194.46997411456456
2410,56,1,2049-07-01 00:00:00,194.63434522006148
2411,56,1,2050-07-01 00:00:00,194.7691337031508
2412,56,1,2051-07-01 00:00:00,194.90402197216878
2413,56,1,2052-07-01 00:00:00,195.03901010098843
2414,56,1,2053-07-01 00:00:00,195.17409816353742
2415,56,2,2022-07-01 00:00:00,238.12361304765616
2416,56,2,2023-07-01 00:00:00,229.0401419864945
2417,56,2,2024-07-01 00:00:00,208.1024553181051
2418,56,2,2025-07-01 00:00:00,186.02015520693874
2419,56,2,2026-07-01 00:00:00,169.27341912803473
2420,56,2,2027-07-01 00:00:00,162.5951146414727
2421,56,2,2028-07-01 00:00:00,162.35976084535824
2422,56,2,2029-07-01 00:00:00,162.3123853739309
2423,56,2,2030-07-01 00:00:00,162.34749016581077
2424,56,2,2031-07-01 00:00:00,162.4574346307457
2425,56,2,2032-07-01 00:00:00,164.1158640101705
2426,56,2,2033-07-01 00:00:00,165.6835373345742
2427,56,2,2034-07-01 00:00:00,165.7976130621889
2428,56,2,2035-07-01 00:00:00,165.90394465396588
2429,56,2,2036-07-01 00:00:00,165.98322038070432
2430,56,2,2037-07-01 00:00:00,167.4832641937154
2431,56,2,2038-07-01 00:00:00,168.92269186113526
2432,56,2,2039-07-01 00:00:00,169.11619291838338
2433,56,2,2040-07-01 00:00:00,170.9899654213913
2434,56,2,2041-07-01 00:00:00,173.0077335800108
2435,56,2,2042-07-01 00:00:00,173.384420111346
2436,56,2,2043-07-01 00:00:00,173.43760461568203
2437,56,2,2044-07-01 00:00:00,173.43760461568203
2438,56,2,2045-07-01 00:00:00,173.43760461568203
2439,56,2,2046-07-01 00:00:00,173.43760461568203
2440,56,2,2047-07-01 00:00:00,173.57770817754346
2441,56,2,2048-07-01 00:00:00,173.77171177995018
2442,56,2,2049-07-01 00:00:00,173.86446865485183
2443,56,2,2050-07-01 00:00:00,173.94220104922556
2444,56,2,2051-07-01 00:00:00,174.0199709039457
2445,56,2,2052-07-01 00:00:00,174.09777823706486
2446,56,2,2053-07-01 00:00:00,174.17562306664445
2447,56,3,2022-07-01 00:00:00,219.95081993385676
2448,56,3,2023-07-01 00:00:00,209.1392733845594
2449,56,3,2024-07-01 00:00:00,192.8190028486253
2450,56,3,2025-07-01 00:00:00,175.49433836474407
2451,56,3,2026-07-01 00:00:00,153.96892663570054
2452,56,3,2027-07-01 00:00:00,144.35585261801143
2453,56,3,2028-07-01 00:00:00,144.35473954380646
2454,56,3,2029-07-01 00:00:00,144.28313349682097
2455,56,3,2030-07-01 00:00:00,144.2118057183868
2456,56,3,2031-07-01 00:00:00,143.8006436291876
2457,56,3,2032-07-01 00:00:00,145.08468827848597
2458,56,3,2033-07-01 00:00:00,146.7071536974761
2459,56,3,2034-07-01 00:00:00,146.8007460277564
2460,56,3,2035-07-01 00:00:00,146.8982391431534
2461,56,3,2036-07-01 00:00:00,147.26881672895064
2462,56,3,2037-07-01 00:00:00,148.95292701893985
2463,56,3,2038-07-01 00:00:00,150.60846188100078
2464,56,3,2039-07-01 00:00:00,149.3841224871105
2465,56,3,2040-07-01 00:00:00,149.61216372297017
2466,56,3,2041-07-01 00:00:00,151.3799151743567
2467,56,3,2042-07-01 00:00:00,151.38167532349692
2468,56,3,2043-07-01 00:00:00,151.38167532349692
2469,56,3,2044-07-01 00:00:00,151.38167532349692
2470,56,3,2045-07-01 00:00:00,151.38167532349692
2471,56,3,2046-07-01 00:00:00,151.38167532349692
2472,56,3,2047-07-01 00:00:00,151.38167532349692
2473,56,3,2048-07-01 00:00:00,151.38167532349692
2474,56,3,2049-07-01 00:00:00,150.36594527723022
2475,56,3,2050-07-01 00:00:00,149.35021523096356
2476,56,3,2051-07-01 00:00:00,149.35021523096356
2477,56,3,2052-07-01 00:00:00,149.35021523096356
2478,56,3,2053-07-01 00:00:00,149.35021523096356
2479,57,1,2022-07-01 00:00:00,185.33514103763315
2480,57,1,2023-07-01 00:00:00,181.4618257510091
2481,57,1,2024-07-01 00:00:00,167.7727670285091
2482,57,1,2025-07-01 00:00:00,147.21082625373168
2483,57,1,2026-07-01 00:00:00,136.08914752523268
2484,57,1,2027-07-01 00:00:00,134.83912048603764
2485,57,1,2028-07-01 00:00:00,134.33507587813722
2486,57,1,2029-07-01 00:00:00,134.215672706735
2487,57,1,2030-07-01 00:00:00,134.37169442542512
2488,57,1,2031-07-01 00:00:00,133.28738572721213
2489,57,1,2032-07-01 00:00:00,133.77639410484812
2490,57,1,2033-07-01 00:00:00,138.4445139912338
2491,57,1,2034-07-01 00:00:00,143.06313004257754
2492,57,1,2035-07-01 00:00:00,145.65175106244598
2493,57,1,2036-07-01 00:00:00,146.24586438315936
2494,57,1,2037-07-01 00:00:00,147.78311412527992
2495,57,1,2038-07-01 00:00:00,149.2501190025106
2496,57,1,2039-07-01 00:00:00,149.07226535663887
2497,57,1,2040-07-01 00:00:00,150.49526377551763
2498,57,1,2041-07-01 00:00:00,152.5760735185723
2499,57,1,2042-07-01 00:00:00,154.32788430027423
2500,57,1,2043-07-01 00:00:00,156.90077029340176
2501,57,1,2044-07-01 00:00:00,158.61685364869174
2502,57,1,2045-07-01 00:00:00,159.63767475618656
2503,57,1,2046-07-01 00:00:00,160.04697294218136
2504,57,1,2047-07-01 00:00:00,159.97296399321357
2505,57,1,2048-07-01 00:00:00,165.75671097142106
2506,57,1,2049-07-01 00:00:00,171.75707139430048
2507,57,1,2050-07-01 00:00:00,173.4107121900123
2508,57,1,2051-07-01 00:00:00,176.2751541865748
2509,57,1,2052-07-01 00:00:00,179.190730850595
2510,57,1,2053-07-01 00:00:00,182.15835523307814
2511,57,2,2022-07-01 00:00:00,185.09895466955487
2512,57,2,2023-07-01 00:00:00,180.9197976300257
2513,57,2,2024-07-01 00:00:00,169.60357417127295
2514,57,2,2025-07-01 00:00:00,150.0162756021389
2515,57,2,2026-07-01 00:00:00,134.30755588603097
2516,57,2,2027-07-01 00:00:00,129.18901374834385
2517,57,2,2028-07-01 00:00:00,126.23238518800099
2518,57,2,2029-07-01 00:00:00,124.78057651623651
2519,57,2,2030-07-01 00:00:00,124.4333480561533
2520,57,2,2031-07-01 00:00:00,124.46717904072321
2521,57,2,2032-07-01 00:00:00,125.11436143782001
2522,57,2,2033-07-01 00:00:00,126.0837935595755
2523,57,2,2034-07-01 00:00:00,127.54363714346837
2524,57,2,2035-07-01 00:00:00,128.33154634259898
2525,57,2,2036-07-01 00:00:00,128.13254631721702
2526,57,2,2037-07-01 00:00:00,129.3625161867677
2527,57,2,2038-07-01 00:00:00,131.02351955744746
2528,57,2,2039-07-01 00:00:00,133.43225971336798
2529,57,2,2040-07-01 00:00:00,136.50735244494075
2530,57,2,2041-07-01 00:00:00,138.53173317863352
2531,57,2,2042-07-01 00:00:00,138.3971737957735
2532,57,2,2043-07-01 00:00:00,137.76931505439504
2533,57,2,2044-07-01 00:00:00,139.4089465114981
2534,57,2,2045-07-01 00:00:00,141.84663907922467
2535,57,2,2046-07-01 00:00:00,143.14483244121908
2536,57,2,2047-07-01 00:00:00,143.10823038612838
2537,57,2,2048-07-01 00:00:00,143.4822378727751
2538,57,2,2049-07-01 00:00:00,143.64644818441866
2539,57,2,2050-07-01 00:00:00,143.73661577109493
2540,57,2,2051-07-01 00:00:00,144.79819082795788
2541,57,2,2052-07-01 00:00:00,145.87154230692985
2542,57,2,2053-07-01 00:00:00,146.9568332058705
2543,57,3,2022-07-01 00:00:00,181.15063255233918
2544,57,3,2023-07-01 00:00:00,173.6128081043737
2545,57,3,2024-07-01 00:00:00,161.12753318512162
2546,57,3,2025-07-01 00:00:00,143.72750123646261
2547,57,3,2026-07-01 00:00:00,124.39722579104881
2548,57,3,2027-07-01 00:00:00,116.39856467170782
2549,57,3,2028-07-01 00:00:00,115.08323788077347
2550,57,3,2029-07-01 00:00:00,114.08631471762625
2551,57,3,2030-07-01 00:00:00,112.4431680701197
2552,57,3,2031-07-01 00:00:00,109.24404946675378
2553,57,3,2032-07-01 00:00:00,106.99855635268796
2554,57,3,2033-07-01 00:00:00,107.29459284660447
2555,57,3,2034-07-01 00:00:00,108.01973511930203
2556,57,3,2035-07-01 00:00:00,108.92556849260981
2557,57,3,2036-07-01 00:00:00,109.38539763717577
2558,57,3,2037-07-01 00:00:00,110.02665900930697
2559,57,3,2038-07-01 00:00:00,111.28785212262426
2560,57,3,2039-07-01 00:00:00,111.61202630155546
2561,57,3,2040-07-01 00:00:00,112.25605349046413
2562,57,3,2041-07-01 00:00:00,113.645522009182
2563,57,3,2042-07-01 00:00:00,114.81780396757252
2564,57,3,2043-07-01 00:00:00,115.80390564663955
2565,57,3,2044-07-01 00:00:00,116.528510105189
2566,57,3,2045-07-01 00:00:00,117.5437215149339
2567,57,3,2046-07-01 00:00:00,118.7031998033753
2568,57,3,2047-07-01 00:00:00,119.62107509581429
2569,57,3,2048-07-01 00:00:00,120.29647820452192
2570,57,3,2049-07-01 00:00:00,120.4508248462279
2571,57,3,2050-07-01 00:00:00,120.63495149413058
2572,57,3,2051-07-01 00:00:00,121.61704919016529
2573,57,3,2052-07-01 00:00:00,122.60810461571853
2574,57,3,2053-07-01 00:00:00,123.60819951172107
2575,58,1,2022-07-01 00:00:00,193.2640567422364
2576,58,1,2023-07-01 00:00:00,192.08934613986725
2577,58,1,2024-07-01 00:00:00,187.20722238592577
2578,58,1,2025-07-01 00:00:00,167.95117798773333
2579,58,1,2026-07-01 00:00:00,151.21765174905528
2580,58,1,2027-07-01 00:00:00,148.77451090074038
2581,58,1,2028-07-01 00:00:00,148.53602440712285
2582,58,1,2029-07-01 00:00:00,149.43993786280836
2583,58,1,2030-07-01 00:00:00,150.35680252023928
2584,58,1,2031-07-01 00:00:00,149.01951571066536
2585,58,1,2032-07-01 00:00:00,148.89872329090778
2586,58,1,2033-07-01 00:00:00,154.72246327492348
2587,58,1,2034-07-01 00:00:00,161.5355979177726
2588,58,1,2035-07-01 00:00:00,165.9416566369112
2589,58,1,2036-07-01 00:00:00,167.9076657262969
2590,58,1,2037-07-01 00:00:00,171.5155191248536
2591,58,1,2038-07-01 00:00:00,174.58598895783683
2592,58,1,2039-07-01 00:00:00,175.4319204025262
2593,58,1,2040-07-01 00:00:00,178.40689616152446
2594,58,1,2041-07-01 00:00:00,182.15084245037116
2595,58,1,2042-07-01 00:00:00,185.10312041989164
2596,58,1,2043-07-01 00:00:00,188.58527797795685
2597,58,1,2044-07-01 00:00:00,191.16212378252777
2598,58,1,2045-07-01 00:00:00,192.96328157552313
2599,58,1,2046-07-01 00:00:00,194.2660691622204
2600,58,1,2047-07-01 00:00:00,197.05129071458998
2601,58,1,2048-07-01 00:00:00,203.40726906496724
2602,58,1,2049-07-01 00:00:00,207.48538049455334
2603,58,1,2050-07-01 00:00:00,209.56577566314826
2604,58,1,2051-07-01 00:00:00,213.13359558758097
2605,58,1,2052-07-01 00:00:00,216.7660312689727
2606,58,1,2053-07-01 00:00:00,220.46425294464922
2607,58,2,2022-07-01 00:00:00,196.612937052194
2608,58,2,2023-07-01 00:00:00,192.46003434192505
2609,58,2,2024-07-01 00:00:00,186.1916233542422
2610,58,2,2025-07-01 00:00:00,168.27986343659856
2611,58,2,2026-07-01 00:00:00,148.83876671221526
2612,58,2,2027-07-01 00:00:00,142.42849343589165
2613,58,2,2028-07-01 00:00:00,138.86572796718906
2614,58,2,2029-07-01 00:00:00,138.12222177914592
2615,58,2,2030-07-01 00:00:00,137.9630274416569
2616,58,2,2031-07-01 00:00:00,137.4530853812211
2617,58,2,2032-07-01 00:00:00,138.044314676189
2618,58,2,2033-07-01 00:00:00,139.40890185034067
2619,58,2,2034-07-01 00:00:00,141.79325099675475
2620,58,2,2035-07-01 00:00:00,143.0834689991413
2621,58,2,2036-07-01 00:00:00,142.56498697562768
2622,58,2,2037-07-01 00:00:00,143.92405939682135
2623,58,2,2038-07-01 00:00:00,145.90084753114454
2624,58,2,2039-07-01 00:00:00,149.7708930239375
2625,58,2,2040-07-01 00:00:00,154.79101333481992
2626,58,2,2041-07-01 00:00:00,158.60420880473367
2627,58,2,2042-07-01 00:00:00,160.5188592147529
2628,58,2,2043-07-01 00:00:00,161.3031657258361
2629,58,2,2044-07-01 00:00:00,163.92691815256836
2630,58,2,2045-07-01 00:00:00,167.30685027298293
2631,58,2,2046-07-01 00:00:00,169.08702109249043
2632,58,2,2047-07-01 00:00:00,169.0112302849246
2633,58,2,2048-07-01 00:00:00,169.77478839254047
2634,58,2,2049-07-01 00:00:00,170.1755007536451
2635,58,2,2050-07-01 00:00:00,170.0432817024247
2636,58,2,2051-07-01 00:00:00,171.07576624854227
2637,58,2,2052-07-01 00:00:00,172.11502014673655
2638,58,2,2053-07-01 00:00:00,173.16108777939348
2639,58,3,2022-07-01 00:00:00,193.67630143182026
2640,58,3,2023-07-01 00:00:00,189.8784569624666
2641,58,3,2024-07-01 00:00:00,184.76776039197728
2642,58,3,2025-07-01 00:00:00,164.5387873427627
2643,58,3,2026-07-01 00:00:00,134.31064329119081
2644,58,3,2027-07-01 00:00:00,121.26286959056024
2645,58,3,2028-07-01 00:00:00,119.48137890695853
2646,58,3,2029-07-01 00:00:00,118.46809861620292
2647,58,3,2030-07-01 00:00:00,116.58767948240086
2648,58,3,2031-07-01 00:00:00,113.10837288358148
2649,58,3,2032-07-01 00:00:00,110.68773349312143
2650,58,3,2033-07-01 00:00:00,111.06952531787425
2651,58,3,2034-07-01 00:00:00,112.00472552861807
2652,58,3,2035-07-01 00:00:00,113.1729591201654
2653,58,3,2036-07-01 00:00:00,113.7659907625002
2654,58,3,2037-07-01 00:00:00,114.59301160094614
2655,58,3,2038-07-01 00:00:00,116.2195449169193
2656,58,3,2039-07-01 00:00:00,116.91403098700954
2657,58,3,2040-07-01 00:00:00,118.02102452439325
2658,58,3,2041-07-01 00:00:00,119.81299183956986
2659,58,3,2042-07-01 00:00:00,121.36568412919972
2660,58,3,2043-07-01 00:00:00,123.24931390726672
2661,58,3,2044-07-01 00:00:00,124.75487065439418
2662,58,3,2045-07-01 00:00:00,126.06416671958036
2663,58,3,2046-07-01 00:00:00,126.97550004323053
2664,58,3,2047-07-01 00:00:00,127.27827452455656
2665,58,3,2048-07-01 00:00:00,127.84992243704308
2666,58,3,2049-07-01 00:00:00,128.03570208283608
2667,58,3,2050-07-01 00:00:00,128.07942135138418
2668,58,3,2051-07-01 00:00:00,128.97793614675663
2669,58,3,2052-07-01 00:00:00,129.88343994380642
2670,58,3,2053-07-01 00:00:00,130.79598710573902
2767,60,1,2022-07-01 00:00:00,215.54805824611097
2768,60,1,2023-07-01 00:00:00,207.47101883781792
2769,60,1,2024-07-01 00:00:00,193.91305092366895
2770,60,1,2025-07-01 00:00:00,177.74697197257214
2771,60,1,2026-07-01 00:00:00,166.90181484049234
2772,60,1,2027-07-01 00:00:00,166.31683116085912
2773,60,1,2028-07-01 00:00:00,165.72383892709422
2774,60,1,2029-07-01 00:00:00,165.19136089066035
2775,60,1,2030-07-01 00:00:00,165.20601079088252
2776,60,1,2031-07-01 00:00:00,165.27281650362255
2777,60,1,2032-07-01 00:00:00,166.24621553149245
2778,60,1,2033-07-01 00:00:00,169.04829951061373
2779,60,1,2034-07-01 00:00:00,170.865615448791
2780,60,1,2035-07-01 00:00:00,171.17028563513426
2781,60,1,2036-07-01 00:00:00,171.17775006807852
2782,60,1,2037-07-01 00:00:00,172.63355674297094
2783,60,1,2038-07-01 00:00:00,174.07443455197452
2784,60,1,2039-07-01 00:00:00,174.06697011903026
2785,60,1,2040-07-01 00:00:00,175.53024122686725
2786,60,1,2041-07-01 00:00:00,176.98978011823195
2787,60,1,2042-07-01 00:00:00,177.00097676764847
2788,60,1,2043-07-01 00:00:00,177.01217341706501
2789,60,1,2044-07-01 00:00:00,177.00097676764847
2790,60,1,2045-07-01 00:00:00,176.98231568528738
2791,60,1,2046-07-01 00:00:00,176.97111903587086
2792,60,1,2047-07-01 00:00:00,176.96738681939888
2793,60,1,2048-07-01 00:00:00,176.9785834688154
2794,60,1,2049-07-01 00:00:00,176.987541143843
2795,60,1,2050-07-01 00:00:00,176.98306331354863
2796,60,1,2051-07-01 00:00:00,176.97858572021494
2797,60,1,2052-07-01 00:00:00,176.97410836382943
2798,60,1,2053-07-01 00:00:00,176.96963124437957
2799,60,2,2022-07-01 00:00:00,214.1643148714458
2800,60,2,2023-07-01 00:00:00,205.8948187295732
2801,60,2,2024-07-01 00:00:00,188.03849457781808
2802,60,2,2025-07-01 00:00:00,169.82577735041508
2803,60,2,2026-07-01 00:00:00,155.38412586626941
2804,60,2,2027-07-01 00:00:00,149.5832924655329
2805,60,2,2028-07-01 00:00:00,149.6019535478938
2806,60,2,2029-07-01 00:00:00,149.60941798083815
2807,60,2,2030-07-01 00:00:00,149.6131501973103
2808,60,2,2031-07-01 00:00:00,149.60941798083815
2809,60,2,2032-07-01 00:00:00,151.0614924392581
2810,60,2,2033-07-01 00:00:00,152.51729911415026
2811,60,2,2034-07-01 00:00:00,152.51729911415026
2812,60,2,2035-07-01 00:00:00,152.52103133062255
2813,60,2,2036-07-01 00:00:00,152.52476354709484
2814,60,2,2037-07-01 00:00:00,153.97310578904296
2815,60,2,2038-07-01 00:00:00,155.41771581451886
2816,60,2,2039-07-01 00:00:00,155.42144803099083
2817,60,2,2040-07-01 00:00:00,156.8884513552998
2818,60,2,2041-07-01 00:00:00,158.34052581372023
2819,60,2,2042-07-01 00:00:00,158.33679359724795
2820,60,2,2043-07-01 00:00:00,158.34052581371992
2821,60,2,2044-07-01 00:00:00,158.3293291643034
2822,60,2,2045-07-01 00:00:00,158.33306138077566
2823,60,2,2046-07-01 00:00:00,158.34052581372023
2824,60,2,2047-07-01 00:00:00,158.33679359724795
2825,60,2,2048-07-01 00:00:00,158.35172246313647
2826,60,2,2049-07-01 00:00:00,158.3673993750857
2827,60,2,2050-07-01 00:00:00,158.3763604345552
2828,60,2,2051-07-01 00:00:00,158.3853225628966
2829,60,2,2052-07-01 00:00:00,158.39428576023732
2830,60,2,2053-07-01 00:00:00,158.40325002670494
2831,60,3,2022-07-01 00:00:00,197.69244887862217
2832,60,3,2023-07-01 00:00:00,188.50100856829107
2833,60,3,2024-07-01 00:00:00,174.65387614724062
2834,60,3,2025-07-01 00:00:00,159.79447046749928
2835,60,3,2026-07-01 00:00:00,137.95550014875448
2836,60,3,2027-07-01 00:00:00,126.327707831976
2837,60,3,2028-07-01 00:00:00,126.32397561550383
2838,60,3,2029-07-01 00:00:00,126.31277896608728
2839,60,3,2030-07-01 00:00:00,126.31277896608728
2840,60,3,2031-07-01 00:00:00,126.31277896608728
2841,60,3,2032-07-01 00:00:00,127.75738899156319
2842,60,3,2033-07-01 00:00:00,129.20946344998345
2843,60,3,2034-07-01 00:00:00,129.2169278829278
2844,60,3,2035-07-01 00:00:00,129.2169278829278
2845,60,3,2036-07-01 00:00:00,129.20946344998345
2846,60,3,2037-07-01 00:00:00,130.65407347545937
2847,60,3,2038-07-01 00:00:00,132.11734458329613
2848,60,3,2039-07-01 00:00:00,132.12854123271262
2849,60,3,2040-07-01 00:00:00,133.58061569113286
2850,60,3,2041-07-01 00:00:00,135.03642236602528
2851,60,3,2042-07-01 00:00:00,135.03642236602528
2852,60,3,2043-07-01 00:00:00,135.0326901495531
2853,60,3,2044-07-01 00:00:00,135.02149350013656
2854,60,3,2045-07-01 00:00:00,135.01029685072007
2855,60,3,2046-07-01 00:00:00,135.00656463424792
2856,60,3,2047-07-01 00:00:00,135.00283241777575
2857,60,3,2048-07-01 00:00:00,135.0102968507201
2858,60,3,2049-07-01 00:00:00,135.01626860866364
2859,60,3,2050-07-01 00:00:00,135.0132833291836
2860,60,3,2051-07-01 00:00:00,135.01029819074338
2861,60,3,2052-07-01 00:00:00,135.00731319333633
2862,60,3,2053-07-01 00:00:00,135.00432833695575
2959,62,1,2022-07-01 00:00:00,224.66467935716466
2960,62,1,2023-07-01 00:00:00,220.46623611810904
2961,62,1,2024-07-01 00:00:00,202.96038313375178
2962,62,1,2025-07-01 00:00:00,176.7146798028045
2963,62,1,2026-07-01 00:00:00,162.92259662778207
2964,62,1,2027-07-01 00:00:00,159.91730714103977
2965,62,1,2028-07-01 00:00:00,157.04351175306263
2966,62,1,2029-07-01 00:00:00,156.57784125263632
2967,62,1,2030-07-01 00:00:00,158.17989731702474
2968,62,1,2031-07-01 00:00:00,159.22219548066957
2969,62,1,2032-07-01 00:00:00,161.61152214513143
2970,62,1,2033-07-01 00:00:00,167.36957396291592
2971,62,1,2034-07-01 00:00:00,172.86686640509046
2972,62,1,2035-07-01 00:00:00,175.69407323731312
2973,62,1,2036-07-01 00:00:00,176.19949386278626
2974,62,1,2037-07-01 00:00:00,177.77525159089453
2975,62,1,2038-07-01 00:00:00,179.43353941414279
2976,62,1,2039-07-01 00:00:00,178.6030684656972
2977,62,1,2040-07-01 00:00:00,179.45417682952385
2978,62,1,2041-07-01 00:00:00,181.76844106403954
2979,62,1,2042-07-01 00:00:00,183.29360704001135
2980,62,1,2043-07-01 00:00:00,185.38167110505617
2981,62,1,2044-07-01 00:00:00,187.15132414479046
2982,62,1,2045-07-01 00:00:00,189.3631850214265
2983,62,1,2046-07-01 00:00:00,191.03031640407477
2984,62,1,2047-07-01 00:00:00,193.65366983706372
2985,62,1,2048-07-01 00:00:00,200.2728129280385
2986,62,1,2049-07-01 00:00:00,204.96039772069295
2987,62,1,2050-07-01 00:00:00,207.35974187327128
2988,62,1,2051-07-01 00:00:00,211.25674085645537
2989,62,1,2052-07-01 00:00:00,215.23116912911186
2990,62,1,2053-07-01 00:00:00,219.2845738531464
2991,62,2,2022-07-01 00:00:00,224.19144546510398
2992,62,2,2023-07-01 00:00:00,219.6872681793621
2993,62,2,2024-07-01 00:00:00,206.29716062779295
2994,62,2,2025-07-01 00:00:00,180.1156181340088
2995,62,2,2026-07-01 00:00:00,158.77591654159852
2996,62,2,2027-07-01 00:00:00,150.23135321289988
2997,62,2,2028-07-01 00:00:00,144.73960950638522
2998,62,2,2029-07-01 00:00:00,143.42510456895826
2999,62,2,2030-07-01 00:00:00,143.5097491508815
3000,62,2,2031-07-01 00:00:00,144.51437719370304
3001,62,2,2032-07-01 00:00:00,146.1811816249347
3002,62,2,2033-07-01 00:00:00,148.09374362265982
3003,62,2,2034-07-01 00:00:00,150.0234553408868
3004,62,2,2035-07-01 00:00:00,151.4787678771195
3005,62,2,2036-07-01 00:00:00,152.05968101138373
3006,62,2,2037-07-01 00:00:00,153.48087858278095
3007,62,2,2038-07-01 00:00:00,155.1686284136971
3008,62,2,2039-07-01 00:00:00,157.36035627783576
3009,62,2,2040-07-01 00:00:00,160.16297390107718
3010,62,2,2041-07-01 00:00:00,162.09767796360552
3011,62,2,2042-07-01 00:00:00,161.76088576813032
3012,62,2,2043-07-01 00:00:00,160.75066503118285
3013,62,2,2044-07-01 00:00:00,162.15219767229445
3014,62,2,2045-07-01 00:00:00,164.28772322999134
3015,62,2,2046-07-01 00:00:00,165.32230215470528
3016,62,2,2047-07-01 00:00:00,165.2915303749113
3017,62,2,2048-07-01 00:00:00,166.224170217044
3018,62,2,2049-07-01 00:00:00,166.62084799871826
3019,62,2,2050-07-01 00:00:00,166.38076741810434
3020,62,2,2051-07-01 00:00:00,167.29597163925712
3021,62,2,2052-07-01 00:00:00,168.2167529187144
3022,62,2,2053-07-01 00:00:00,169.14314659912247
3023,62,3,2022-07-01 00:00:00,219.27553639889103
3024,62,3,2023-07-01 00:00:00,212.01195944141222
3025,62,3,2024-07-01 00:00:00,205.19716483237178
3026,62,3,2025-07-01 00:00:00,180.7062379428176
3027,62,3,2026-07-01 00:00:00,147.1917370004113
3028,62,3,2027-07-01 00:00:00,137.2476651989686
3029,62,3,2028-07-01 00:00:00,135.57695786785646
3030,62,3,2029-07-01 00:00:00,134.52338634867718
3031,62,3,2030-07-01 00:00:00,132.99054521676288
3032,62,3,2031-07-01 00:00:00,129.87825394112107
3033,62,3,2032-07-01 00:00:00,127.80274081915297
3034,62,3,2033-07-01 00:00:00,128.24967976714956
3035,62,3,2034-07-01 00:00:00,129.2888180057423
3036,62,3,2035-07-01 00:00:00,130.57357685729545
3037,62,3,2036-07-01 00:00:00,131.14706372186882
3038,62,3,2037-07-01 00:00:00,131.9411882205826
3039,62,3,2038-07-01 00:00:00,133.3491907374247
3040,62,3,2039-07-01 00:00:00,133.54773340771337
3041,62,3,2040-07-01 00:00:00,134.17481178691946
3042,62,3,2041-07-01 00:00:00,135.69523271105194
3043,62,3,2042-07-01 00:00:00,136.93551777902348
3044,62,3,2043-07-01 00:00:00,137.82304278053505
3045,62,3,2044-07-01 00:00:00,138.37187101525714
3046,62,3,2045-07-01 00:00:00,139.44697166045128
3047,62,3,2046-07-01 00:00:00,140.94954721689518
3048,62,3,2047-07-01 00:00:00,142.25363305287436
3049,62,3,2048-07-01 00:00:00,142.93242673320688
3050,62,3,2049-07-01 00:00:00,142.87556690714374
3051,62,3,2050-07-01 00:00:00,143.01502764490425
3052,62,3,2051-07-01 00:00:00,144.13800787437845
3053,62,3,2052-07-01 00:00:00,145.27061817504415
3054,62,3,2053-07-01 00:00:00,146.41294241286263
3055,63,1,2022-07-01 00:00:00,110.58021038023776
3056,63,1,2023-07-01 00:00:00,109.12582798339326
3057,63,1,2024-07-01 00:00:00,106.87042263833827
3058,63,1,2025-07-01 00:00:00,98.96848976054093
3059,63,1,2026-07-01 00:00:00,91.76746002684975
3060,63,1,2027-07-01 00:00:00,91.40142250325457
3061,63,1,2028-07-01 00:00:00,91.03270917843344
3062,63,1,2029-07-01 00:00:00,90.69719029143938
3063,63,1,2030-07-01 00:00:00,90.6946804040223
3064,63,1,2031-07-01 00:00:00,90.72247025623426
3065,63,1,2032-07-01 00:00:00,91.32454205424999
3066,63,1,2033-07-01 00:00:00,93.08020472939128
3067,63,1,2034-07-01 00:00:00,94.21500509637245
3068,63,1,2035-07-01 00:00:00,94.39863812826283
3069,63,1,2036-07-01 00:00:00,94.39863812826283
3070,63,1,2037-07-01 00:00:00,95.3095693023519
3071,63,1,2038-07-01 00:00:00,96.22050047644098
3072,63,1,2039-07-01 00:00:00,96.22050047644098
3073,63,1,2040-07-01 00:00:00,97.13143165053003
3074,63,1,2041-07-01 00:00:00,98.0423628246191
3075,63,1,2042-07-01 00:00:00,98.0423628246191
3076,63,1,2043-07-01 00:00:00,98.0423628246191
3077,63,1,2044-07-01 00:00:00,98.0423628246191
3078,63,1,2045-07-01 00:00:00,98.0423628246191
3079,63,1,2046-07-01 00:00:00,98.0423628246191
3080,63,1,2047-07-01 00:00:00,98.0423628246191
3081,63,1,2048-07-01 00:00:00,98.0423628246191
3082,63,1,2049-07-01 00:00:00,98.0423628246191
3083,63,1,2050-07-01 00:00:00,98.0423628246191
3084,63,1,2051-07-01 00:00:00,98.0423628246191
3085,63,1,2052-07-01 00:00:00,98.0423628246191
3086,63,1,2053-07-01 00:00:00,98.0423628246191
3087,63,2,2022-07-01 00:00:00,105.43342060955968
3088,63,2,2023-07-01 00:00:00,104.0540951342042
3089,63,2,2024-07-01 00:00:00,101.23041521422947
3090,63,2,2025-07-01 00:00:00,93.99518345703369
3091,63,2,2026-07-01 00:00:00,84.56058144810096
3092,63,2,2027-07-01 00:00:00,80.91685675174476
3093,63,2,2028-07-01 00:00:00,80.91685675174476
3094,63,2,2029-07-01 00:00:00,80.91685675174476
3095,63,2,2030-07-01 00:00:00,80.91685675174476
3096,63,2,2031-07-01 00:00:00,80.91685675174476
3097,63,2,2032-07-01 00:00:00,81.82778792583375
3098,63,2,2033-07-01 00:00:00,82.73871909992275
3099,63,2,2034-07-01 00:00:00,82.73871909992275
3100,63,2,2035-07-01 00:00:00,82.73871909992275
3101,63,2,2036-07-01 00:00:00,82.73871909992275
3102,63,2,2037-07-01 00:00:00,83.6496502740118
3103,63,2,2038-07-01 00:00:00,84.56058144810088
3104,63,2,2039-07-01 00:00:00,84.56058144810088
3105,63,2,2040-07-01 00:00:00,85.47151262218995
3106,63,2,2041-07-01 00:00:00,86.38244379627902
3107,63,2,2042-07-01 00:00:00,86.38244379627902
3108,63,2,2043-07-01 00:00:00,86.38244379627902
3109,63,2,2044-07-01 00:00:00,86.38244379627902
3110,63,2,2045-07-01 00:00:00,86.38244379627902
3111,63,2,2046-07-01 00:00:00,86.38244379627902
3112,63,2,2047-07-01 00:00:00,86.38244379627902
3113,63,2,2048-07-01 00:00:00,86.38244379627902
3114,63,2,2049-07-01 00:00:00,86.38244379627902
3115,63,2,2050-07-01 00:00:00,86.38244379627902
3116,63,2,2051-07-01 00:00:00,86.38244379627902
3117,63,2,2052-07-01 00:00:00,86.38244379627902
3118,63,2,2053-07-01 00:00:00,86.38244379627902
3119,63,3,2022-07-01 00:00:00,102.5966052556617
3120,63,3,2023-07-01 00:00:00,101.1888005236168
3121,63,3,2024-07-01 00:00:00,99.03225919855907
3122,63,3,2025-07-01 00:00:00,89.60018967864548
3123,63,3,2026-07-01 00:00:00,73.62940735903221
3124,63,3,2027-07-01 00:00:00,66.34195796631965
3125,63,3,2028-07-01 00:00:00,66.34195796631965
3126,63,3,2029-07-01 00:00:00,66.34195796631965
3127,63,3,2030-07-01 00:00:00,66.34195796631965
3128,63,3,2031-07-01 00:00:00,66.34195796631965
3129,63,3,2032-07-01 00:00:00,67.25288914040873
3130,63,3,2033-07-01 00:00:00,68.1638203144978
3131,63,3,2034-07-01 00:00:00,68.1638203144978
3132,63,3,2035-07-01 00:00:00,68.1638203144978
3133,63,3,2036-07-01 00:00:00,68.1638203144978
3134,63,3,2037-07-01 00:00:00,69.07475148858687
3135,63,3,2038-07-01 00:00:00,69.98568266267593
3136,63,3,2039-07-01 00:00:00,69.98568266267593
3137,63,3,2040-07-01 00:00:00,70.896613836765
3138,63,3,2041-07-01 00:00:00,71.80754501085407
3139,63,3,2042-07-01 00:00:00,71.80754501085407
3140,63,3,2043-07-01 00:00:00,71.80754501085407
3141,63,3,2044-07-01 00:00:00,71.80754501085407
3142,63,3,2045-07-01 00:00:00,71.80754501085407
3143,63,3,2046-07-01 00:00:00,71.80754501085407
3144,63,3,2047-07-01 00:00:00,71.80754501085407
3145,63,3,2048-07-01 00:00:00,71.80754501085407
3146,63,3,2049-07-01 00:00:00,71.80754501085407
3147,63,3,2050-07-01 00:00:00,71.80754501085407
3148,63,3,2051-07-01 00:00:00,71.80754501085407
3149,63,3,2052-07-01 00:00:00,71.80754501085407
3150,63,3,2053-07-01 00:00:00,71.80754501085407
3151,64,1,2022-07-01 00:00:00,113.63867042112852
3152,64,1,2023-07-01 00:00:00,111.75310791067088
3153,64,1,2024-07-01 00:00:00,108.71200164339072
3154,64,1,2025-07-01 00:00:00,100.22428493139878
3155,64,1,2026-07-01 00:00:00,92.76571169749701
3156,64,1,2027-07-01 00:00:00,92.44420880549222
3157,64,1,2028-07-01 00:00:00,92.07175626933562
3158,64,1,2029-07-01 00:00:00,91.65784822274279
3159,64,1,2030-07-01 00:00:00,91.65529697710073
3160,64,1,2031-07-01 00:00:00,91.6835447538182
3161,64,1,2032-07-01 00:00:00,92.295537562867
3162,64,1,2033-07-01 00:00:00,94.08013025736395
3163,64,1,2034-07-01 00:00:00,95.23363000039635
3164,64,1,2035-07-01 00:00:00,95.42028895932981
3165,64,1,2036-07-01 00:00:00,95.42028895932981
3166,64,1,2037-07-01 00:00:00,96.34623056615814
3167,64,1,2038-07-01 00:00:00,97.2721721729865
3168,64,1,2039-07-01 00:00:00,97.2721721729865
3169,64,1,2040-07-01 00:00:00,98.19811377981483
3170,64,1,2041-07-01 00:00:00,99.12405538664318
3171,64,1,2042-07-01 00:00:00,99.12405538664318
3172,64,1,2043-07-01 00:00:00,99.13909499547924
3173,64,1,2044-07-01 00:00:00,99.19567716010964
3174,64,1,2045-07-01 00:00:00,99.2655107982194
3175,64,1,2046-07-01 00:00:00,99.29119857474967
3176,64,1,2047-07-01 00:00:00,99.28617791359264
3177,64,1,2048-07-01 00:00:00,99.30982023557726
3178,64,1,2049-07-01 00:00:00,99.35409825632743
3179,64,1,2050-07-01 00:00:00,99.3905495746668
3180,64,1,2051-07-01 00:00:00,99.42703016786132
3181,64,1,2052-07-01 00:00:00,99.46354005942223
3182,64,1,2053-07-01 00:00:00,99.5000792728797
3183,64,2,2022-07-01 00:00:00,108.47946261146247
3184,64,2,2023-07-01 00:00:00,106.54063385498975
3185,64,2,2024-07-01 00:00:00,102.50435713378002
3186,64,2,2025-07-01 00:00:00,94.40804303828075
3187,64,2,2026-07-01 00:00:00,84.79376678725944
3188,64,2,2027-07-01 00:00:00,81.30482679670416
3189,64,2,2028-07-01 00:00:00,81.33682221847697
3190,64,2,2029-07-01 00:00:00,81.25704029075357
3191,64,2,2030-07-01 00:00:00,81.23757839908663
3192,64,2,2031-07-01 00:00:00,81.2228856188791
3193,64,2,2032-07-01 00:00:00,82.18298189758187
3194,64,2,2033-07-01 00:00:00,83.1236162846177
3195,64,2,2034-07-01 00:00:00,83.10892350441017
3196,64,2,2035-07-01 00:00:00,82.99498690481228
3197,64,2,2036-07-01 00:00:00,82.76711370561654
3198,64,2,2037-07-01 00:00:00,83.56442593263958
3199,64,2,2038-07-01 00:00:00,84.490367539468
3200,64,2,2039-07-01 00:00:00,84.490367539468
3201,64,2,2040-07-01 00:00:00,85.44635127782203
3202,64,2,2041-07-01 00:00:00,86.37229288465039
3203,64,2,2042-07-01 00:00:00,86.34225075312469
3204,64,2,2043-07-01 00:00:00,86.45618735272254
3205,64,2,2044-07-01 00:00:00,86.69408035034445
3206,64,2,2045-07-01 00:00:00,87.39030203975074
3207,64,2,2046-07-01 00:00:00,88.6117181320405
3208,64,2,2047-07-01 00:00:00,89.32840928509083
3209,64,2,2048-07-01 00:00:00,89.39839121405618
3210,64,2,2049-07-01 00:00:00,89.6692624803789
3211,64,2,2050-07-01 00:00:00,90.2096081930562
3212,64,2,2051-07-01 00:00:00,90.75697185318485
3213,64,2,2052-07-01 00:00:00,91.3114446090525
3214,64,2,2053-07-01 00:00:00,91.87311879277013
3215,64,3,2022-07-01 00:00:00,106.43628487253099
3216,64,3,2023-07-01 00:00:00,103.97908753126188
3217,64,3,2024-07-01 00:00:00,100.72769713146909
3218,64,3,2025-07-01 00:00:00,90.96945889640136
3219,64,3,2026-07-01 00:00:00,75.00669206458986
3220,64,3,2027-07-01 00:00:00,67.70183587197181
3221,64,3,2028-07-01 00:00:00,67.14849440181902
3222,64,3,2029-07-01 00:00:00,66.90128746901675
3223,64,3,2030-07-01 00:00:00,66.90128746901675
3224,64,3,2031-07-01 00:00:00,66.90128746901675
3225,64,3,2032-07-01 00:00:00,67.82722907584511
3226,64,3,2033-07-01 00:00:00,68.75317068267344
3227,64,3,2034-07-01 00:00:00,68.75317068267344
3228,64,3,2035-07-01 00:00:00,68.75317068267344
3229,64,3,2036-07-01 00:00:00,68.75317068267344
3230,64,3,2037-07-01 00:00:00,69.67911228950179
3231,64,3,2038-07-01 00:00:00,70.60505389633013
3232,64,3,2039-07-01 00:00:00,70.60505389633013
3233,64,3,2040-07-01 00:00:00,71.53099550315846
3234,64,3,2041-07-01 00:00:00,72.45693710998682
3235,64,3,2042-07-01 00:00:00,72.45693710998682
3236,64,3,2043-07-01 00:00:00,72.45693710998682
3237,64,3,2044-07-01 00:00:00,72.45693710998682
3238,64,3,2045-07-01 00:00:00,72.45693710998682
3239,64,3,2046-07-01 00:00:00,72.4543338042017
3240,64,3,2047-07-01 00:00:00,72.44931314304468
3241,64,3,2048-07-01 00:00:00,72.4446643827141
3242,64,3,2049-07-01 00:00:00,72.44098296189782
3243,64,3,2050-07-01 00:00:00,72.43808306260954
3244,64,3,2051-07-01 00:00:00,72.4351834281631
3245,64,3,2052-07-01 00:00:00,72.43228405853428
3246,64,3,2053-07-01 00:00:00,72.4293849536989
3247,65,1,2022-07-01 00:00:00,266.39144933984636
3248,65,1,2023-07-01 00:00:00,260.43078821081474
3249,65,1,2024-07-01 00:00:00,239.0093894180007
3250,65,1,2025-07-01 00:00:00,207.59990183613942
3251,65,1,2026-07-01 00:00:00,191.16204847799938
3252,65,1,2027-07-01 00:00:00,189.4192323705348
3253,65,1,2028-07-01 00:00:00,188.6966547553446
3254,65,1,2029-07-01 00:00:00,188.52548328066632
3255,65,1,2030-07-01 00:00:00,188.74914959837295
3256,65,1,2031-07-01 00:00:00,187.19472925341907
3257,65,1,2032-07-01 00:00:00,187.895751547442
3258,65,1,2033-07-01 00:00:00,194.58777618585015
3259,65,1,2034-07-01 00:00:00,201.208834162763
3260,65,1,2035-07-01 00:00:00,204.9197747697047
3261,65,1,2036-07-01 00:00:00,205.77147118646036
3262,65,1,2037-07-01 00:00:00,207.9752091794926
3263,65,1,2038-07-01 00:00:00,210.07824702385562
3264,65,1,2039-07-01 00:00:00,209.79869773641968
3265,65,1,2040-07-01 00:00:00,211.81406411535306
3266,65,1,2041-07-01 00:00:00,214.79702736549848
3267,65,1,2042-07-01 00:00:00,217.30835123855672
3268,65,1,2043-07-01 00:00:00,220.99673475844864
3269,65,1,2044-07-01 00:00:00,223.45684126270862
3270,65,1,2045-07-01 00:00:00,224.9202484092743
3271,65,1,2046-07-01 00:00:00,225.50700145156895
3272,65,1,2047-07-01 00:00:00,225.4009052668074
3273,65,1,2048-07-01 00:00:00,233.69224701091383
3274,65,1,2049-07-01 00:00:00,242.27840260798422
3275,65,1,2050-07-01 00:00:00,244.63196919946446
3276,65,1,2051-07-01 00:00:00,248.73533459066368
3277,65,1,2052-07-01 00:00:00,252.91127275636927
3278,65,1,2053-07-01 00:00:00,257.16106754702776
3279,65,2,2022-07-01 00:00:00,265.97306623917007
3280,65,2,2023-07-01 00:00:00,259.85627410623323
3281,65,2,2024-07-01 00:00:00,242.4060920728403
3282,65,2,2025-07-01 00:00:00,210.87143506052183
3283,65,2,2026-07-01 00:00:00,185.98410728743568
3284,65,2,2027-07-01 00:00:00,178.63154890889857
3285,65,2,2028-07-01 00:00:00,174.39304783052225
3286,65,2,2029-07-01 00:00:00,172.31179464119498
3287,65,2,2030-07-01 00:00:00,171.81402220462792
3288,65,2,2031-07-01 00:00:00,171.86252091241465
3289,65,2,2032-07-01 00:00:00,172.79029497399068
3290,65,2,2033-07-01 00:00:00,174.18003298457012
3291,65,2,2034-07-01 00:00:00,176.2728046933955
3292,65,2,2035-07-01 00:00:00,177.40231890934098
3293,65,2,2036-07-01 00:00:00,177.11704065914358
3294,65,2,2037-07-01 00:00:00,178.8802748673176
3295,65,2,2038-07-01 00:00:00,181.26142097144526
3296,65,2,2039-07-01 00:00:00,184.71449177152357
3297,65,2,2040-07-01 00:00:00,189.1228182125584
3298,65,2,2041-07-01 00:00:00,192.02488715618182
3299,65,2,2042-07-01 00:00:00,191.83940182499114
3300,65,2,2043-07-01 00:00:00,190.94674282610092
3301,65,2,2044-07-01 00:00:00,193.29725103409348
3302,65,2,2045-07-01 00:00:00,196.7918268207323
3303,65,2,2046-07-01 00:00:00,198.65286342118915
3304,65,2,2047-07-01 00:00:00,198.60039222069634
3305,65,2,2048-07-01 00:00:00,199.13655396814596
3306,65,2,2049-07-01 00:00:00,199.4092858882469
3307,65,2,2050-07-01 00:00:00,199.6092199678221
3308,65,2,2051-07-01 00:00:00,201.1982158584851
3309,65,2,2052-07-01 00:00:00,202.80504196259363
3310,65,2,2053-07-01 00:00:00,204.4299398604589
3311,65,3,2022-07-01 00:00:00,259.96350257623413
3312,65,3,2023-07-01 00:00:00,248.3091313793264
3313,65,3,2024-07-01 00:00:00,229.10522019722623
3314,65,3,2025-07-01 00:00:00,201.6035760149148
3315,65,3,2026-07-01 00:00:00,171.7770657408384
3316,65,3,2027-07-01 00:00:00,160.29568726858741
3317,65,3,2028-07-01 00:00:00,158.4100888892137
3318,65,3,2029-07-01 00:00:00,156.98094085258384
3319,65,3,2030-07-01 00:00:00,154.62539341223192
3320,65,3,2031-07-01 00:00:00,150.03926858340066
3321,65,3,2032-07-01 00:00:00,146.82022202709229
3322,65,3,2033-07-01 00:00:00,147.2446077668277
3323,65,3,2034-07-01 00:00:00,148.2841418990585
3324,65,3,2035-07-01 00:00:00,149.58270736010144
3325,65,3,2036-07-01 00:00:00,150.2418995059304
3326,65,3,2037-07-01 00:00:00,151.16118542968673
3327,65,3,2038-07-01 00:00:00,152.96917999570562
3328,65,3,2039-07-01 00:00:00,153.44131622794663
3329,65,3,2040-07-01 00:00:00,154.37198057761682
3330,65,3,2041-07-01 00:00:00,156.36386548800024
3331,65,3,2042-07-01 00:00:00,158.04440067982125
3332,65,3,2043-07-01 00:00:00,159.45803548203315
3333,65,3,2044-07-01 00:00:00,160.4967986260251
3334,65,3,2045-07-01 00:00:00,161.95216394066063
3335,65,3,2046-07-01 00:00:00,163.61434431794237
3336,65,3,2047-07-01 00:00:00,164.93017257888783
3337,65,3,2048-07-01 00:00:00,165.89840269172424
3338,65,3,2049-07-01 00:00:00,166.12419304192167
3339,65,3,2050-07-01 00:00:00,166.3927789273544
3340,65,3,2051-07-01 00:00:00,167.8009094281715
3341,65,3,2052-07-01 00:00:00,169.2219365714656
3342,65,3,2053-07-01 00:00:00,170.65597853567252
3439,67,1,2022-07-01 00:00:00,270.8323384743699
3440,67,1,2023-07-01 00:00:00,267.550136090838
3441,67,1,2024-07-01 00:00:00,250.58222012057828
3442,67,1,2025-07-01 00:00:00,217.98936072660376
3443,67,1,2026-07-01 00:00:00,198.04929878111682
3444,67,1,2027-07-01 00:00:00,195.48529279909945
3445,67,1,2028-07-01 00:00:00,195.19509176530312
3446,67,1,2029-07-01 00:00:00,196.29501409349606
3447,67,1,2030-07-01 00:00:00,197.41069602332692
3448,67,1,2031-07-01 00:00:00,195.78342561176643
3449,67,1,2032-07-01 00:00:00,195.63643999192405
3450,67,1,2033-07-01 00:00:00,202.72302732140642
3451,67,1,2034-07-01 00:00:00,211.01355433095503
3452,67,1,2035-07-01 00:00:00,216.3750436793293
3453,67,1,2036-07-01 00:00:00,218.76737148598394
3454,67,1,2037-07-01 00:00:00,223.15756889366614
3455,67,1,2038-07-01 00:00:00,226.89385393965
3456,67,1,2039-07-01 00:00:00,227.71876261675305
3457,67,1,2040-07-01 00:00:00,231.1343876553519
3458,67,1,2041-07-01 00:00:00,235.6901889798657
3459,67,1,2042-07-01 00:00:00,239.28265287923895
3460,67,1,2043-07-01 00:00:00,243.519897965382
3461,67,1,2044-07-01 00:00:00,246.6555192120074
3462,67,1,2045-07-01 00:00:00,248.65626715568655
3463,67,1,2046-07-01 00:00:00,250.15014587127993
3464,67,1,2047-07-01 00:00:00,253.72597768904546
3465,67,1,2048-07-01 00:00:00,261.3336485390963
3466,67,1,2049-07-01 00:00:00,265.907965465301
3467,67,1,2050-07-01 00:00:00,268.2057399019335
3468,67,1,2051-07-01 00:00:00,272.4242302581145
3469,67,1,2052-07-01 00:00:00,276.7123457341247
3470,67,1,2053-07-01 00:00:00,281.07123568719476
3471,67,2,2022-07-01 00:00:00,274.29248467157515
3472,67,2,2023-07-01 00:00:00,269.64042968967624
3473,67,2,2024-07-01 00:00:00,255.74480342488988
3474,67,2,2025-07-01 00:00:00,222.84104532346367
3475,67,2,2026-07-01 00:00:00,195.154565052167
3476,67,2,2027-07-01 00:00:00,187.76317486758128
3477,67,2,2028-07-01 00:00:00,183.4278424698915
3478,67,2,2029-07-01 00:00:00,182.52311088056226
3479,67,2,2030-07-01 00:00:00,182.32939608936752
3480,67,2,2031-07-01 00:00:00,181.70887577867845
3481,67,2,2032-07-01 00:00:00,182.42831003261813
3482,67,2,2033-07-01 00:00:00,184.08880074904076
3483,67,2,2034-07-01 00:00:00,186.99018345094942
3484,67,2,2035-07-01 00:00:00,188.56017843236646
3485,67,2,2036-07-01 00:00:00,187.92926631258103
3486,67,2,2037-07-01 00:00:00,189.58304643090963
3487,67,2,2038-07-01 00:00:00,191.98849066163
3488,67,2,2039-07-01 00:00:00,196.69773513837842
3489,67,2,2040-07-01 00:00:00,202.80644210078032
3490,67,2,2041-07-01 00:00:00,207.44650892658257
3491,67,2,2042-07-01 00:00:00,209.57188264835972
3492,67,2,2043-07-01 00:00:00,210.32180334954484
3493,67,2,2044-07-01 00:00:00,213.51450267231883
3494,67,2,2045-07-01 00:00:00,217.62735527301535
3495,67,2,2046-07-01 00:00:00,219.970354952339
3496,67,2,2047-07-01 00:00:00,220.22711316357865
3497,67,2,2048-07-01 00:00:00,221.49673571196723
3498,67,2,2049-07-01 00:00:00,222.75492755714785
3499,67,2,2050-07-01 00:00:00,223.94610911429535
3500,67,2,2051-07-01 00:00:00,226.7197121573774
3501,67,2,2052-07-01 00:00:00,229.53716737972485
3502,67,2,2053-07-01 00:00:00,232.39924458103343
3503,67,3,2022-07-01 00:00:00,270.04403321399775
3504,67,3,2023-07-01 00:00:00,261.2749409639672
3505,67,3,2024-07-01 00:00:00,253.40020022361392
3506,67,3,2025-07-01 00:00:00,222.563352479284
3507,67,3,2026-07-01 00:00:00,177.4760945780107
3508,67,3,2027-07-01 00:00:00,162.00789695775165
3509,67,3,2028-07-01 00:00:00,159.84009940143
3510,67,3,2029-07-01 00:00:00,158.60709461594996
3511,67,3,2030-07-01 00:00:00,156.31891649599746
3512,67,3,2031-07-01 00:00:00,152.08514058459846
3513,67,3,2032-07-01 00:00:00,149.13959829034047
3514,67,3,2033-07-01 00:00:00,149.6041796616275
3515,67,3,2034-07-01 00:00:00,150.742173112945
3516,67,3,2035-07-01 00:00:00,152.1637320064494
3517,67,3,2036-07-01 00:00:00,152.88535943729056
3518,67,3,2037-07-01 00:00:00,153.89171538914184
3519,67,3,2038-07-01 00:00:00,155.8709538887302
3520,67,3,2039-07-01 00:00:00,156.5115770593222
3521,67,3,2040-07-01 00:00:00,157.6541577690664
3522,67,3,2041-07-01 00:00:00,159.83470375934604
3523,67,3,2042-07-01 00:00:00,161.72408919490402
3524,67,3,2043-07-01 00:00:00,164.01617417042183
3525,67,3,2044-07-01 00:00:00,165.84820296931963
3526,67,3,2045-07-01 00:00:00,167.4414129909819
3527,67,3,2046-07-01 00:00:00,168.7271723391059
3528,67,3,2047-07-01 00:00:00,169.42307111051971
3529,67,3,2048-07-01 00:00:00,170.4591687486385
3530,67,3,2049-07-01 00:00:00,170.8500661367945
3531,67,3,2050-07-01 00:00:00,170.98464282563384
3532,67,3,2051-07-01 00:00:00,172.29188291536747
3533,67,3,2052-07-01 00:00:00,173.60991490250353
3534,67,3,2053-07-01 00:00:00,174.93882791846315
3727,70,1,2022-07-01 00:00:00,222.167827613344
3728,70,1,2023-07-01 00:00:00,219.74479502295168
3729,70,1,2024-07-01 00:00:00,207.41808952782586
3730,70,1,2025-07-01 00:00:00,180.44688303672197
3731,70,1,2026-07-01 00:00:00,162.862079762388
3732,70,1,2027-07-01 00:00:00,161.2624148617734
3733,70,1,2028-07-01 00:00:00,160.6385761052658
3734,70,1,2029-07-01 00:00:00,160.49079488748652
3735,70,1,2030-07-01 00:00:00,160.68389762770082
3736,70,1,2031-07-01 00:00:00,159.34188587048507
3737,70,1,2032-07-01 00:00:00,159.94711479952164
3738,70,1,2033-07-01 00:00:00,165.724686981638
3739,70,1,2034-07-01 00:00:00,171.44098996176132
3740,70,1,2035-07-01 00:00:00,174.64483758316703
3741,70,1,2036-07-01 00:00:00,175.38015130224895
3742,70,1,2037-07-01 00:00:00,177.28275268421945
3743,70,1,2038-07-01 00:00:00,179.09841440157075
3744,70,1,2039-07-01 00:00:00,178.9045656453011
3745,70,1,2040-07-01 00:00:00,180.69203668845648
3746,70,1,2041-07-01 00:00:00,183.2673836761829
3747,70,1,2042-07-01 00:00:00,185.4355399118894
3748,70,1,2043-07-01 00:00:00,188.61991282934667
3749,70,1,2044-07-01 00:00:00,190.74385045242107
3750,70,1,2045-07-01 00:00:00,192.0072857919418
3751,70,1,2046-07-01 00:00:00,192.51386014546063
3752,70,1,2047-07-01 00:00:00,192.42226180283217
3753,70,1,2048-07-01 00:00:00,199.58060744582792
3754,70,1,2049-07-01 00:00:00,207.02384195200142
3755,70,1,2050-07-01 00:00:00,209.08869096541954
3756,70,1,2051-07-01 00:00:00,212.63709836730544
3757,70,1,2052-07-01 00:00:00,216.24957545019024
3758,70,1,2053-07-01 00:00:00,219.92727904967882
3759,70,2,2022-07-01 00:00:00,224.73917616357585
3760,70,2,2023-07-01 00:00:00,221.06015688832605
3761,70,2,2024-07-01 00:00:00,210.716709238763
3762,70,2,2025-07-01 00:00:00,183.2923479707897
3763,70,2,2026-07-01 00:00:00,158.3916944007538
3764,70,2,2027-07-01 00:00:00,151.94884785550315
3765,70,2,2028-07-01 00:00:00,148.2895298990585
3766,70,2,2029-07-01 00:00:00,146.49267600500906
3767,70,2,2030-07-01 00:00:00,146.06292322645115
3768,70,2,2031-07-01 00:00:00,146.10479467793522
3769,70,2,2032-07-01 00:00:00,146.90579017617142
3770,70,2,2033-07-01 00:00:00,148.1056231272144
3771,70,2,2034-07-01 00:00:00,149.91242155695025
3772,70,2,2035-07-01 00:00:00,150.887589800638
3773,70,2,2036-07-01 00:00:00,150.6412942814847
3774,70,2,2037-07-01 00:00:00,152.16358588412373
3775,70,2,2038-07-01 00:00:00,154.21935289576984
3776,70,2,2039-07-01 00:00:00,157.2005681296331
3777,70,2,2040-07-01 00:00:00,161.00650513548808
3778,70,2,2041-07-01 00:00:00,163.51201187003153
3779,70,2,2042-07-01 00:00:00,163.3993734090473
3780,70,2,2043-07-01 00:00:00,162.6761952188791
3781,70,2,2044-07-01 00:00:00,164.70551094470466
3782,70,2,2045-07-01 00:00:00,167.72255958754772
3783,70,2,2046-07-01 00:00:00,169.32928907132586
3784,70,2,2047-07-01 00:00:00,169.2839879607188
3785,70,2,2048-07-01 00:00:00,169.74688422374223
3786,70,2,2049-07-01 00:00:00,169.75069034279696
3787,70,2,2050-07-01 00:00:00,169.42615246569588
3788,70,2,2051-07-01 00:00:00,170.26160119739882
3789,70,2,2052-07-01 00:00:00,171.1014995689327
3790,70,2,2053-07-01 00:00:00,171.94587127929165
3791,70,3,2022-07-01 00:00:00,221.296613824725
3792,70,3,2023-07-01 00:00:00,214.862080306746
3793,70,3,2024-07-01 00:00:00,208.93391675040314
3794,70,3,2025-07-01 00:00:00,182.09319667743023
3795,70,3,2026-07-01 00:00:00,146.12601809724924
3796,70,3,2027-07-01 00:00:00,136.1185468819856
3797,70,3,2028-07-01 00:00:00,134.49061193972807
3798,70,3,2029-07-01 00:00:00,133.25675426784076
3799,70,3,2030-07-01 00:00:00,131.22308791118638
3800,70,3,2031-07-01 00:00:00,127.2636483295247
3801,70,3,2032-07-01 00:00:00,124.48447837101591
3802,70,3,2033-07-01 00:00:00,124.85087260547668
3803,70,3,2034-07-01 00:00:00,125.74835637298501
3804,70,3,2035-07-01 00:00:00,126.86947533021635
3805,70,3,2036-07-01 00:00:00,127.4385901213593
3806,70,3,2037-07-01 00:00:00,128.23225736968683
3807,70,3,2038-07-01 00:00:00,129.79319291228717
3808,70,3,2039-07-01 00:00:00,130.24831327715006
3809,70,3,2040-07-01 00:00:00,131.09930476310421
3810,70,3,2041-07-01 00:00:00,132.81900238378515
3811,70,3,2042-07-01 00:00:00,134.2698956335808
3812,70,3,2043-07-01 00:00:00,135.4903599250682
3813,70,3,2044-07-01 00:00:00,136.3871780584161
3814,70,3,2045-07-01 00:00:00,137.64367046706562
3815,70,3,2046-07-01 00:00:00,139.07871705286644
3816,70,3,2047-07-01 00:00:00,140.21473988118188
3817,70,3,2048-07-01 00:00:00,141.05066318811424
3818,70,3,2049-07-01 00:00:00,141.27459523546605
3819,70,3,2050-07-01 00:00:00,141.5361421725054
3820,70,3,2051-07-01 00:00:00,142.75336416795724
3821,70,3,2052-07-01 00:00:00,143.98207425344702
3822,70,3,2053-07-01 00:00:00,145.22238085308575
4303,76,1,2022-07-01 00:00:00,122.47724404000712
4304,76,1,2023-07-01 00:00:00,120.91989138677738
4305,76,1,2024-07-01 00:00:00,116.78427927743672
4306,76,1,2025-07-01 00:00:00,104.90369547367438
4307,76,1,2026-07-01 00:00:00,94.97292196575017
4308,76,1,2027-07-01 00:00:00,93.63797062415854
4309,76,1,2028-07-01 00:00:00,93.23077791200274
4310,76,1,2029-07-01 00:00:00,93.13431799468353
4311,76,1,2030-07-01 00:00:00,93.26036022545605
4312,76,1,2031-07-01 00:00:00,92.38440085059312
4313,76,1,2032-07-01 00:00:00,92.77944653590646
4314,76,1,2033-07-01 00:00:00,96.55058973913137
4315,76,1,2034-07-01 00:00:00,100.28174124214384
4316,76,1,2035-07-01 00:00:00,102.37296014876887
4317,76,1,2036-07-01 00:00:00,102.85291491982947
4318,76,1,2037-07-01 00:00:00,104.0947829647279
4319,76,1,2038-07-01 00:00:00,105.2799036571079
4320,76,1,2039-07-01 00:00:00,105.29878264918901
4321,76,1,2040-07-01 00:00:00,106.61091085728941
4322,76,1,2041-07-01 00:00:00,108.29189414621698
4323,76,1,2042-07-01 00:00:00,109.70709544428527
4324,76,1,2043-07-01 00:00:00,111.78560280095209
4325,76,1,2044-07-01 00:00:00,113.17194167805408
4326,76,1,2045-07-01 00:00:00,113.99661256803374
4327,76,1,2046-07-01 00:00:00,114.327264331436
4328,76,1,2047-07-01 00:00:00,114.26747616153668
4329,76,1,2048-07-01 00:00:00,118.93987932102951
4330,76,1,2049-07-01 00:00:00,123.8920237687324
4331,76,1,2050-07-01 00:00:00,125.34250168182443
4332,76,1,2051-07-01 00:00:00,127.67892404809967
4333,76,1,2052-07-01 00:00:00,130.06218435298172
4334,76,1,2053-07-01 00:00:00,132.4932215501994
4335,76,2,2022-07-01 00:00:00,122.59380606605552
4336,76,2,2023-07-01 00:00:00,119.70194837887294
4337,76,2,2024-07-01 00:00:00,115.28912948223692
4338,76,2,2025-07-01 00:00:00,104.40836373644188
4339,76,2,2026-07-01 00:00:00,92.05500716677872
4340,76,2,2027-07-01 00:00:00,87.55880903061002
4341,76,2,2028-07-01 00:00:00,85.17029503114834
4342,76,2,2029-07-01 00:00:00,83.99745060166507
4343,76,2,2030-07-01 00:00:00,83.71694190028661
4344,76,2,2031-07-01 00:00:00,83.74427227967365
4345,76,2,2032-07-01 00:00:00,84.26709893311423
4346,76,2,2033-07-01 00:00:00,85.05025520285962
4347,76,2,2034-07-01 00:00:00,86.22959064050013
4348,76,2,2035-07-01 00:00:00,86.86610351792763
4349,76,2,2036-07-01 00:00:00,86.70534123858911
4350,76,2,2037-07-01 00:00:00,87.69897307037971
4351,76,2,2038-07-01 00:00:00,89.0408155517909
4352,76,2,2039-07-01 00:00:00,90.98671760409825
4353,76,2,2040-07-01 00:00:00,93.47093294907637
4354,76,2,2041-07-01 00:00:00,95.10633003192973
4355,76,2,2042-07-01 00:00:00,95.17821669634174
4356,76,2,2043-07-01 00:00:00,94.85159120418771
4357,76,2,2044-07-01 00:00:00,96.17616837352759
4358,76,2,2045-07-01 00:00:00,98.1454596475466
4359,76,2,2046-07-01 00:00:00,99.19420586501947
4360,76,2,2047-07-01 00:00:00,99.16463687479671
4361,76,2,2048-07-01 00:00:00,99.46677902743002
4362,76,2,2049-07-01 00:00:00,99.5570790720042
4363,76,2,2050-07-01 00:00:00,99.43382819819854
4364,76,2,2051-07-01 00:00:00,99.98087298852768
4365,76,2,2052-07-01 00:00:00,100.53121941309325
4366,76,2,2053-07-01 00:00:00,101.08488739857923
4367,76,3,2022-07-01 00:00:00,120.75004542435501
4368,76,3,2023-07-01 00:00:00,117.92876688524686
4369,76,3,2024-07-01 00:00:00,112.87130247254872
4370,76,3,2025-07-01 00:00:00,100.30069404146181
4371,76,3,2026-07-01 00:00:00,84.04894157955927
4372,76,3,2027-07-01 00:00:00,77.22603774891608
4373,76,3,2028-07-01 00:00:00,76.16345028150377
4374,76,3,2029-07-01 00:00:00,75.35808535893514
4375,76,3,2030-07-01 00:00:00,74.03066844110529
4376,76,3,2031-07-01 00:00:00,71.44625872776899
4377,76,3,2032-07-01 00:00:00,69.63223588750424
4378,76,3,2033-07-01 00:00:00,69.8713891310179
4379,76,3,2034-07-01 00:00:00,70.45719571259903
4380,76,3,2035-07-01 00:00:00,71.18897369862862
4381,76,3,2036-07-01 00:00:00,71.5604469245481
4382,76,3,2037-07-01 00:00:00,72.07849027473198
4383,76,3,2038-07-01 00:00:00,73.0973458210755
4384,76,3,2039-07-01 00:00:00,73.53982064426323
4385,76,3,2040-07-01 00:00:00,74.24068889648979
4386,76,3,2041-07-01 00:00:00,75.36317179924035
4387,76,3,2042-07-01 00:00:00,76.31020042045051
4388,76,3,2043-07-01 00:00:00,77.10682320118667
4389,76,3,2044-07-01 00:00:00,77.69219530931409
4390,76,3,2045-07-01 00:00:00,78.51233440189857
4391,76,3,2046-07-01 00:00:00,79.44901957133797
4392,76,3,2047-07-01 00:00:00,80.19052562832347
4393,76,3,2048-07-01 00:00:00,80.73615039907284
4394,76,3,2049-07-01 00:00:00,80.97142309931418
4395,76,3,2050-07-01 00:00:00,81.23376106897655
4396,76,3,2051-07-01 00:00:00,82.03395774823139
4397,76,3,2052-07-01 00:00:00,82.84299375668111
4398,76,3,2053-07-01 00:00:00,83.66096673749604
4975,83,1,2022-07-01 00:00:00,111.88869222939805
4976,83,1,2023-07-01 00:00:00,110.96167078521383
4977,83,1,2024-07-01 00:00:00,107.51132657691912
4978,83,1,2025-07-01 00:00:00,96.81810113442761
4979,83,1,2026-07-01 00:00:00,87.83773506785775
4980,83,1,2027-07-01 00:00:00,85.74262135705338
4981,83,1,2028-07-01 00:00:00,84.02893870284393
4982,83,1,2029-07-01 00:00:00,83.75721409654952
4983,83,1,2030-07-01 00:00:00,84.72362085812392
4984,83,1,2031-07-01 00:00:00,85.35467739261696
4985,83,1,2032-07-01 00:00:00,86.79231941508255
4986,83,1,2033-07-01 00:00:00,90.24711610056384
4987,83,1,2034-07-01 00:00:00,93.54577301016643
4988,83,1,2035-07-01 00:00:00,95.24561274305358
4989,83,1,2036-07-01 00:00:00,95.55519305722534
4990,83,1,2037-07-01 00:00:00,96.5056791678969
4991,83,1,2038-07-01 00:00:00,97.50540986612125
4992,83,1,2039-07-01 00:00:00,97.16516859103096
4993,83,1,2040-07-01 00:00:00,97.83175957043012
4994,83,1,2041-07-01 00:00:00,99.22412044181634
4995,83,1,2042-07-01 00:00:00,100.1439781675454
4996,83,1,2043-07-01 00:00:00,101.4007235538429
4997,83,1,2044-07-01 00:00:00,102.46680800603977
4998,83,1,2045-07-01 00:00:00,103.79768152817566
4999,83,1,2046-07-01 00:00:00,104.81508009979808
5000,83,1,2047-07-01 00:00:00,106.41741784806347
5001,83,1,2048-07-01 00:00:00,110.41154255680925
5002,83,1,2049-07-01 00:00:00,113.34240197813482
5003,83,1,2050-07-01 00:00:00,114.91111179622432
5004,83,1,2051-07-01 00:00:00,117.2942966058133
5005,83,1,2052-07-01 00:00:00,119.73100336851749
5006,83,1,2053-07-01 00:00:00,122.22243408908854
5007,83,2,2022-07-01 00:00:00,112.47494007662401
5008,83,2,2023-07-01 00:00:00,110.01913038316087
5009,83,2,2024-07-01 00:00:00,106.26056717929737
5010,83,2,2025-07-01 00:00:00,96.51667118557295
5011,83,2,2026-07-01 00:00:00,85.35474975704082
5012,83,2,2027-07-01 00:00:00,79.94278128620877
5013,83,2,2028-07-01 00:00:00,76.66150067789985
5014,83,2,2029-07-01 00:00:00,75.88150357539556
5015,83,2,2030-07-01 00:00:00,75.93930143946189
5016,83,2,2031-07-01 00:00:00,76.54780153007283
5017,83,2,2032-07-01 00:00:00,77.55280538066047
5018,83,2,2033-07-01 00:00:00,78.70496609286822
5019,83,2,2034-07-01 00:00:00,79.86739586446939
5020,83,2,2035-07-01 00:00:00,80.7457607514222
5021,83,2,2036-07-01 00:00:00,81.1005451292085
5022,83,2,2037-07-01 00:00:00,81.9584823596253
5023,83,2,2038-07-01 00:00:00,82.97585457606331
5024,83,2,2039-07-01 00:00:00,84.29500315997063
5025,83,2,2040-07-01 00:00:00,85.97994564812309
5026,83,2,2041-07-01 00:00:00,87.14519127577027
5027,83,2,2042-07-01 00:00:00,87.10031967515945
5028,83,2,2043-07-01 00:00:00,86.65195465897564
5029,83,2,2044-07-01 00:00:00,87.49761276445777
5030,83,2,2045-07-01 00:00:00,88.78277755775926
5031,83,2,2046-07-01 00:00:00,89.42141084517148
5032,83,2,2047-07-01 00:00:00,89.43448832270442
5033,83,2,2048-07-01 00:00:00,90.02359896156027
5034,83,2,2049-07-01 00:00:00,90.34027913818478
5035,83,2,2050-07-01 00:00:00,90.23533744139579
5036,83,2,2051-07-01 00:00:00,90.7326728791309
5037,83,2,2052-07-01 00:00:00,91.23304539825428
5038,83,2,2053-07-01 00:00:00,91.73647354532962
5039,83,3,2022-07-01 00:00:00,110.43729891186628
5040,83,3,2023-07-01 00:00:00,108.55660322311644
5041,83,3,2024-07-01 00:00:00,105.70073339505537
5042,83,3,2025-07-01 00:00:00,94.2887726442385
5043,83,3,2026-07-01 00:00:00,78.41827357830907
5044,83,3,2027-07-01 00:00:00,72.1682952036589
5045,83,3,2028-07-01 00:00:00,71.17500812150439
5046,83,3,2029-07-01 00:00:00,70.55125500964918
5047,83,3,2030-07-01 00:00:00,69.64052065409804
5048,83,3,2031-07-01 00:00:00,67.78385584625865
5049,83,3,2032-07-01 00:00:00,66.54800211442317
5050,83,3,2033-07-01 00:00:00,66.8225642590935
5051,83,3,2034-07-01 00:00:00,67.45172866607139
5052,83,3,2035-07-01 00:00:00,68.22796792843697
5053,83,3,2036-07-01 00:00:00,68.57830553961156
5054,83,3,2037-07-01 00:00:00,69.06075847996466
5055,83,3,2038-07-01 00:00:00,69.91062115692773
5056,83,3,2039-07-01 00:00:00,70.18654164181044
5057,83,3,2040-07-01 00:00:00,70.71898599078858
5058,83,3,2041-07-01 00:00:00,71.6360024329435
5059,83,3,2042-07-01 00:00:00,72.38527668099998
5060,83,3,2043-07-01 00:00:00,72.9231528037275
5061,83,3,2044-07-01 00:00:00,73.25822111893655
5062,83,3,2045-07-01 00:00:00,73.90841542349894
5063,83,3,2046-07-01 00:00:00,74.82727982060518
5064,83,3,2047-07-01 00:00:00,75.63965499728793
5065,83,3,2048-07-01 00:00:00,76.07676541479626
5066,83,3,2049-07-01 00:00:00,76.15951533862457
5067,83,3,2050-07-01 00:00:00,76.35799506333106
5068,83,3,2051-07-01 00:00:00,77.05765512800221
5069,83,3,2052-07-01 00:00:00,77.76456058458949
5070,83,3,2053-07-01 00:00:00,78.47878646339215
5167,85,1,2022-07-01 00:00:00,115.1580660422667
5168,85,1,2023-07-01 00:00:00,114.46660363398121
5169,85,1,2024-07-01 00:00:00,111.59287027221552
5170,85,1,2025-07-01 00:00:00,100.25830769418742
5171,85,1,2026-07-01 00:00:00,90.40855888901875
5172,85,1,2027-07-01 00:00:00,88.97046847649551
5173,85,1,2028-07-01 00:00:00,88.83008969308474
5174,85,1,2029-07-01 00:00:00,89.36215450435776
5175,85,1,2030-07-01 00:00:00,89.90184269889725
5176,85,1,2031-07-01 00:00:00,89.11468409485343
5177,85,1,2032-07-01 00:00:00,89.0435828233575
5178,85,1,2033-07-01 00:00:00,92.47157373997516
5179,85,1,2034-07-01 00:00:00,96.48194572318233
5180,85,1,2035-07-01 00:00:00,99.0754559603747
5181,85,1,2036-07-01 00:00:00,100.23269534930682
5182,85,1,2037-07-01 00:00:00,102.35636308047027
5183,85,1,2038-07-01 00:00:00,104.16371415144948
5184,85,1,2039-07-01 00:00:00,104.66164938146242
5185,85,1,2040-07-01 00:00:00,106.41279038483731
5186,85,1,2041-07-01 00:00:00,108.6165656058631
5187,85,1,2042-07-01 00:00:00,110.35434615420898
5188,85,1,2043-07-01 00:00:00,112.40402634460929
5189,85,1,2044-07-01 00:00:00,113.92081865261727
5190,85,1,2045-07-01 00:00:00,114.98102267455673
5191,85,1,2046-07-01 00:00:00,115.74787422111241
5192,85,1,2047-07-01 00:00:00,117.38732141629902
5193,85,1,2048-07-01 00:00:00,121.12860040731054
5194,85,1,2049-07-01 00:00:00,123.52907312345958
5195,85,1,2050-07-01 00:00:00,124.7536428605173
5196,85,1,2051-07-01 00:00:00,126.85374594318438
5197,85,1,2052-07-01 00:00:00,128.99188338668037
5198,85,1,2053-07-01 00:00:00,131.16874402033733
5199,85,2,2022-07-01 00:00:00,117.12929609630125
5200,85,2,2023-07-01 00:00:00,114.68479946570433
5201,85,2,2024-07-01 00:00:00,110.99506469279535
5202,85,2,2025-07-01 00:00:00,100.45177971323824
5203,85,2,2026-07-01 00:00:00,89.00829096491024
5204,85,2,2027-07-01 00:00:00,85.23505269799124
5205,85,2,2028-07-01 00:00:00,83.13792478735776
5206,85,2,2029-07-01 00:00:00,82.70027948278434
5207,85,2,2030-07-01 00:00:00,82.60657393542348
5208,85,2,2031-07-01 00:00:00,82.30640999335652
5209,85,2,2032-07-01 00:00:00,82.6544215217474
5210,85,2,2033-07-01 00:00:00,83.45764976524107
5211,85,2,2034-07-01 00:00:00,84.86113399331208
5212,85,2,2035-07-01 00:00:00,85.62058678563747
5213,85,2,2036-07-01 00:00:00,85.31539601958121
5214,85,2,2037-07-01 00:00:00,86.11537814922035
5215,85,2,2038-07-01 00:00:00,87.27896233861351
5216,85,2,2039-07-01 00:00:00,89.55696252965976
5217,85,2,2040-07-01 00:00:00,92.51192392444486
5218,85,2,2041-07-01 00:00:00,94.75646084917526
5219,85,2,2042-07-01 00:00:00,95.88346930629362
5220,85,2,2043-07-01 00:00:00,96.3451306447491
5221,85,2,2044-07-01 00:00:00,97.88953329853824
5222,85,2,2045-07-01 00:00:00,99.87904118167971
5223,85,2,2046-07-01 00:00:00,100.92689177529287
5224,85,2,2047-07-01 00:00:00,100.88227951571194
5225,85,2,2048-07-01 00:00:00,101.3317278537904
5226,85,2,2049-07-01 00:00:00,101.56759661472638
5227,85,2,2050-07-01 00:00:00,101.48976935804403
5228,85,2,2051-07-01 00:00:00,102.09751415011122
5229,85,2,2052-07-01 00:00:00,102.70924354270905
5230,85,2,2053-07-01 00:00:00,103.32498366035817
5231,85,3,2022-07-01 00:00:00,115.40072300414961
5232,85,3,2023-07-01 00:00:00,113.16522204095347
5233,85,3,2024-07-01 00:00:00,110.15694532027025
5234,85,3,2025-07-01 00:00:00,98.24969395679243
5235,85,3,2026-07-01 00:00:00,80.4566943518294
5236,85,3,2027-07-01 00:00:00,72.77646655137683
5237,85,3,2028-07-01 00:00:00,71.72783905458144
5238,85,3,2029-07-01 00:00:00,71.13139834084221
5239,85,3,2030-07-01 00:00:00,70.02453922147907
5240,85,3,2031-07-01 00:00:00,67.97653717303312
5241,85,3,2032-07-01 00:00:00,66.55169165010814
5242,85,3,2033-07-01 00:00:00,66.77642333642719
5243,85,3,2034-07-01 00:00:00,67.3269042707491
5244,85,3,2035-07-01 00:00:00,68.01455415747196
5245,85,3,2036-07-01 00:00:00,68.36362659009606
5246,85,3,2037-07-01 00:00:00,68.85043059058843
5247,85,3,2038-07-01 00:00:00,69.80784652056396
5248,85,3,2039-07-01 00:00:00,70.21663742581059
5249,85,3,2040-07-01 00:00:00,70.86823997010708
5250,85,3,2041-07-01 00:00:00,71.92303425971502
5251,85,3,2042-07-01 00:00:00,72.83698561739278
5252,85,3,2043-07-01 00:00:00,73.9457345978086
5253,85,3,2044-07-01 00:00:00,74.83194086178516
5254,85,3,2045-07-01 00:00:00,75.60262345251556
5255,85,3,2046-07-01 00:00:00,76.13905577333658
5256,85,3,2047-07-01 00:00:00,76.31727598485324
5257,85,3,2048-07-01 00:00:00,76.65376144898552
5258,85,3,2049-07-01 00:00:00,76.76311573678319
5259,85,3,2050-07-01 00:00:00,76.7888499309394
5260,85,3,2051-07-01 00:00:00,77.3177369632309
5261,85,3,2052-07-01 00:00:00,77.85073788699624
5262,85,3,2053-07-01 00:00:00,78.38788470170226
5359,87,1,2022-07-01 00:00:00,188.81382064354213
5360,87,1,2023-07-01 00:00:00,184.8840164991061
5361,87,1,2024-07-01 00:00:00,171.33768161423487
5362,87,1,2025-07-01 00:00:00,150.25095661891308
5363,87,1,2026-07-01 00:00:00,138.31429594898805
5364,87,1,2027-07-01 00:00:00,136.87174099396952
5365,87,1,2028-07-01 00:00:00,136.30917211533318
5366,87,1,2029-07-01 00:00:00,136.1759051243001
5367,87,1,2030-07-01 00:00:00,136.35004241681477
5368,87,1,2031-07-01 00:00:00,135.13983538575414
5369,87,1,2032-07-01 00:00:00,135.68562218783177
5370,87,1,2033-07-01 00:00:00,140.89575424491883
5371,87,1,2034-07-01 00:00:00,146.0506346109229
5372,87,1,2035-07-01 00:00:00,148.93981862665484
5373,87,1,2036-07-01 00:00:00,149.6029140340412
5374,87,1,2037-07-01 00:00:00,151.31865278028246
5375,87,1,2038-07-01 00:00:00,152.95599057896533
5376,87,1,2039-07-01 00:00:00,152.7811805398293
5377,87,1,2040-07-01 00:00:00,154.39309639124622
5378,87,1,2041-07-01 00:00:00,156.71550751410666
5379,87,1,2042-07-01 00:00:00,158.67071983380626
5380,87,1,2043-07-01 00:00:00,161.54234183972756
5381,87,1,2044-07-01 00:00:00,163.45767844625001
5382,87,1,2045-07-01 00:00:00,164.59702638635352
5383,87,1,2046-07-01 00:00:00,165.0538479015803
5384,87,1,2047-07-01 00:00:00,164.9712458247457
5385,87,1,2048-07-01 00:00:00,171.42653966351867
5386,87,1,2049-07-01 00:00:00,178.1387422092644
5387,87,1,2050-07-01 00:00:00,180.0007935517218
5388,87,1,2051-07-01 00:00:00,183.20069665520822
5389,87,1,2052-07-01 00:00:00,186.45837688173827
5390,87,1,2053-07-01 00:00:00,189.7748774491342
5391,87,2,2022-07-01 00:00:00,188.62711324083463
5392,87,2,2023-07-01 00:00:00,184.08388254671004
5393,87,2,2024-07-01 00:00:00,172.63692945849698
5394,87,2,2025-07-01 00:00:00,154.55367948343448
5395,87,2,2026-07-01 00:00:00,139.77403772108576
5396,87,2,2027-07-01 00:00:00,134.09789931867223
5397,87,2,2028-07-01 00:00:00,130.79797866152123
5398,87,2,2029-07-01 00:00:00,129.17760148920883
5399,87,2,2030-07-01 00:00:00,128.79005657283068
5400,87,2,2031-07-01 00:00:00,128.82781564961542
5401,87,2,2032-07-01 00:00:00,129.550141947132
5402,87,2,2033-07-01 00:00:00,130.63213416191184
5403,87,2,2034-07-01 00:00:00,132.2614791744415
5404,87,2,2035-07-01 00:00:00,133.1408719656242
5405,87,2,2036-07-01 00:00:00,132.91876618495914
5406,87,2,2037-07-01 00:00:00,134.29154700519615
5407,87,2,2038-07-01 00:00:00,136.14540832819844
5408,87,2,2039-07-01 00:00:00,138.83382563730726
5409,87,2,2040-07-01 00:00:00,142.26596525865864
5410,87,2,2041-07-01 00:00:00,144.52539543891658
5411,87,2,2042-07-01 00:00:00,144.35685539820756
5412,87,2,2043-07-01 00:00:00,143.6377393517166
5413,87,2,2044-07-01 00:00:00,145.46774728304143
5414,87,2,2045-07-01 00:00:00,148.18847864846242
5415,87,2,2046-07-01 00:00:00,149.63740434365522
5416,87,2,2047-07-01 00:00:00,149.59655244926847
5417,87,2,2048-07-01 00:00:00,150.01398568645925
5418,87,2,2049-07-01 00:00:00,150.73888771936026
5419,87,2,2050-07-01 00:00:00,151.94504090801144
5420,87,2,2051-07-01 00:00:00,154.26909458265806
5421,87,2,2052-07-01 00:00:00,156.62935768113
5422,87,2,2053-07-01 00:00:00,159.0263943566514
5423,87,3,2022-07-01 00:00:00,184.5570949859277
5424,87,3,2023-07-01 00:00:00,176.96174759947488
5425,87,3,2024-07-01 00:00:00,164.28500819532366
5426,87,3,2025-07-01 00:00:00,147.77809318350194
5427,87,3,2026-07-01 00:00:00,128.71302605453255
5428,87,3,2027-07-01 00:00:00,119.82236004791089
5429,87,3,2028-07-01 00:00:00,118.35431157319648
5430,87,3,2029-07-01 00:00:00,117.24163635122667
5431,87,3,2030-07-01 00:00:00,115.4077050831723
5432,87,3,2031-07-01 00:00:00,111.83713903185237
5433,87,3,2032-07-01 00:00:00,109.33092326569714
5434,87,3,2033-07-01 00:00:00,109.6613323521305
5435,87,3,2034-07-01 00:00:00,110.47067039247284
5436,87,3,2035-07-01 00:00:00,111.48167945211895
5437,87,3,2036-07-01 00:00:00,111.99489904056038
5438,87,3,2037-07-01 00:00:00,112.71061682699862
5439,87,3,2038-07-01 00:00:00,114.11824620023638
5440,87,3,2039-07-01 00:00:00,114.46170295783597
5441,87,3,2040-07-01 00:00:00,115.1621506371339
5442,87,3,2041-07-01 00:00:00,116.7129493843551
5443,87,3,2042-07-01 00:00:00,118.0213441899744
5444,87,3,2043-07-01 00:00:00,119.12194145283357
5445,87,3,2044-07-01 00:00:00,119.93067923379911
5446,87,3,2045-07-01 00:00:00,121.06376613802766
5447,87,3,2046-07-01 00:00:00,122.35787064843734
5448,87,3,2047-07-01 00:00:00,123.38231980611465
5449,87,3,2048-07-01 00:00:00,124.13614350254473
5450,87,3,2049-07-01 00:00:00,124.29720564253716
5451,87,3,2050-07-01 00:00:00,124.49124764700969
5452,87,3,2051-07-01 00:00:00,125.58679253063787
5453,87,3,2052-07-01 00:00:00,126.69219850992833
5454,87,3,2053-07-01 00:00:00,127.80755434546873
5455,88,1,2022-07-01 00:00:00,114.87496728711724
5456,88,1,2023-07-01 00:00:00,113.35921854441433
5457,88,1,2024-07-01 00:00:00,111.00864841686756
5458,88,1,2025-07-01 00:00:00,102.35265691491763
5459,88,1,2026-07-01 00:00:00,94.28519021418839
5460,88,1,2027-07-01 00:00:00,93.70638069728282
5461,88,1,2028-07-01 00:00:00,93.28358227795142
5462,88,1,2029-07-01 00:00:00,92.98541684644978
5463,88,1,2030-07-01 00:00:00,93.03677019857396
5464,88,1,2031-07-01 00:00:00,93.09237766506838
5465,88,1,2032-07-01 00:00:00,93.71427743804738
5466,88,1,2033-07-01 00:00:00,95.61151957019167
5467,88,1,2034-07-01 00:00:00,96.92757515196534
5468,88,1,2035-07-01 00:00:00,97.23447951621611
5469,88,1,2036-07-01 00:00:00,97.36873850724915
5470,88,1,2037-07-01 00:00:00,98.46523098442447
5471,88,1,2038-07-01 00:00:00,99.61267978587118
5472,88,1,2039-07-01 00:00:00,99.82068176470978
5473,88,1,2040-07-01 00:00:00,100.85540082741154
5474,88,1,2041-07-01 00:00:00,101.80476791601914
5475,88,1,2042-07-01 00:00:00,101.80476791601914
5476,88,1,2043-07-01 00:00:00,101.83575910899839
5477,88,1,2044-07-01 00:00:00,101.9515882640218
5478,88,1,2045-07-01 00:00:00,102.09434080357751
5479,88,1,2046-07-01 00:00:00,102.15225538108902
5480,88,1,2047-07-01 00:00:00,102.15225538108902
5481,88,1,2048-07-01 00:00:00,102.21016995860091
5482,88,1,2049-07-01 00:00:00,102.30832167525178
5483,88,1,2050-07-01 00:00:00,102.38883059490743
5484,88,1,2051-07-01 00:00:00,102.4694088271424
5485,88,1,2052-07-01 00:00:00,102.55005643163
5486,88,1,2053-07-01 00:00:00,102.63077346809489
5487,88,2,2022-07-01 00:00:00,109.51101339109408
5488,88,2,2023-07-01 00:00:00,108.07348852859282
5489,88,2,2024-07-01 00:00:00,105.13066599596091
5490,88,2,2025-07-01 00:00:00,97.3419815204089
5491,88,2,2026-07-01 00:00:00,87.16665717128457
5492,88,2,2027-07-01 00:00:00,83.17939942930765
5493,88,2,2028-07-01 00:00:00,83.03888228943342
5494,88,2,2029-07-01 00:00:00,83.01059693412975
5495,88,2,2030-07-01 00:00:00,83.03155612421835
5496,88,2,2031-07-01 00:00:00,83.09719807269217
5497,88,2,2032-07-01 00:00:00,84.08735738572427
5498,88,2,2033-07-01 00:00:00,85.02333112160244
5499,88,2,2034-07-01 00:00:00,85.09143962564244
5500,88,2,2035-07-01 00:00:00,85.15492452115485
5501,88,2,2036-07-01 00:00:00,85.20225580948181
5502,88,2,2037-07-01 00:00:00,86.09785158813611
5503,88,2,2038-07-01 00:00:00,86.95725671446485
5504,88,2,2039-07-01 00:00:00,87.0727858267037
5505,88,2,2040-07-01 00:00:00,88.19151497934345
5506,88,2,2041-07-01 00:00:00,89.396216221726
5507,88,2,2042-07-01 00:00:00,89.6211155642742
5508,88,2,2043-07-01 00:00:00,89.65286918184192
5509,88,2,2044-07-01 00:00:00,89.65286918184192
5510,88,2,2045-07-01 00:00:00,89.65286918184192
5511,88,2,2046-07-01 00:00:00,89.65286918184192
5512,88,2,2047-07-01 00:00:00,89.73651751097016
5513,88,2,2048-07-01 00:00:00,89.85234666599358
5514,88,2,2049-07-01 00:00:00,89.90773311440063
5515,88,2,2050-07-01 00:00:00,89.95415764097683
5516,88,2,2051-07-01 00:00:00,90.00060873825959
5517,88,2,2052-07-01 00:00:00,90.04708642145644
5518,88,2,2053-07-01 00:00:00,90.09359070578363
5519,88,3,2022-07-01 00:00:00,106.55450118682069
5520,88,3,2023-07-01 00:00:00,105.08729541122958
5521,88,3,2024-07-01 00:00:00,102.83976078131708
5522,88,3,2025-07-01 00:00:00,92.94280086060482
5523,88,3,2026-07-01 00:00:00,76.15708001891299
5524,88,3,2027-07-01 00:00:00,68.54280320642714
5525,88,3,2028-07-01 00:00:00,68.54217029503472
5526,88,3,2029-07-01 00:00:00,68.50145397737973
5527,88,3,2030-07-01 00:00:00,68.46089588757287
5528,88,3,2031-07-01 00:00:00,68.22710269640676
5529,88,3,2032-07-01 00:00:00,68.95723055606408
5530,88,3,2033-07-01 00:00:00,69.87978975553001
5531,88,3,2034-07-01 00:00:00,69.93300781755397
5532,88,3,2035-07-01 00:00:00,69.988443926972
5533,88,3,2036-07-01 00:00:00,70.19916013509061
5534,88,3,2037-07-01 00:00:00,71.1567715718335
5535,88,3,2038-07-01 00:00:00,72.09813457356798
5536,88,3,2039-07-01 00:00:00,72.340039657115
5537,88,3,2040-07-01 00:00:00,73.43228302778402
5538,88,3,2041-07-01 00:00:00,74.46197050487035
5539,88,3,2042-07-01 00:00:00,74.46299576412049
5540,88,3,2043-07-01 00:00:00,74.46299576412049
5541,88,3,2044-07-01 00:00:00,74.46299576412049
5542,88,3,2045-07-01 00:00:00,74.46299576412049
5543,88,3,2046-07-01 00:00:00,74.46299576412049
5544,88,3,2047-07-01 00:00:00,74.46299576412049
5545,88,3,2048-07-01 00:00:00,74.46299576412049
5546,88,3,2049-07-01 00:00:00,74.46299576412049
5547,88,3,2050-07-01 00:00:00,74.46299576412049
5548,88,3,2051-07-01 00:00:00,74.46299576412049
5549,88,3,2052-07-01 00:00:00,74.46299576412049
5550,88,3,2053-07-01 00:00:00,74.46299576412049
5551,89,1,2022-07-01 00:00:00,206.60923985105833
5552,89,1,2023-07-01 00:00:00,203.0282675009565
5553,89,1,2024-07-01 00:00:00,189.52201062025253
5554,89,1,2025-07-01 00:00:00,167.1743773887744
5555,89,1,2026-07-01 00:00:00,153.7937999457296
5556,89,1,2027-07-01 00:00:00,151.48676151769763
5557,89,1,2028-07-01 00:00:00,149.59811964694566
5558,89,1,2029-07-01 00:00:00,149.35370746382563
5559,89,1,2030-07-01 00:00:00,150.73463265181772
5560,89,1,2031-07-01 00:00:00,151.07172417112022
5561,89,1,2032-07-01 00:00:00,152.6978585761909
5562,89,1,2033-07-01 00:00:00,158.17301522920133
5563,89,1,2034-07-01 00:00:00,163.94335522323667
5564,89,1,2035-07-01 00:00:00,167.13707079838707
5565,89,1,2036-07-01 00:00:00,167.90215370079238
5566,89,1,2037-07-01 00:00:00,169.79989611450694
5567,89,1,2038-07-01 00:00:00,171.5784324022857
5568,89,1,2039-07-01 00:00:00,171.36335249909033
5569,89,1,2040-07-01 00:00:00,173.00691005479774
5570,89,1,2041-07-01 00:00:00,175.42279283275784
5571,89,1,2042-07-01 00:00:00,177.45669790835865
5572,89,1,2043-07-01 00:00:00,180.61078505292747
5573,89,1,2044-07-01 00:00:00,182.68319323133227
5574,89,1,2045-07-01 00:00:00,184.31185559509072
5575,89,1,2046-07-01 00:00:00,185.67273124249064
5576,89,1,2047-07-01 00:00:00,188.318208486117
5577,89,1,2048-07-01 00:00:00,194.4056981316444
5578,89,1,2049-07-01 00:00:00,198.39532345418505
5579,89,1,2050-07-01 00:00:00,200.37992759410355
5580,89,1,2051-07-01 00:00:00,203.78263066000113
5581,89,1,2052-07-01 00:00:00,207.2469816621485
5582,89,1,2053-07-01 00:00:00,210.77409749730967
5583,89,2,2022-07-01 00:00:00,207.1709403973954
5584,89,2,2023-07-01 00:00:00,202.60541372543452
5585,89,2,2024-07-01 00:00:00,191.80666967090656
5586,89,2,2025-07-01 00:00:00,169.8770665145172
5587,89,2,2026-07-01 00:00:00,150.43526136481594
5588,89,2,2027-07-01 00:00:00,142.92144938103644
5589,89,2,2028-07-01 00:00:00,138.33119997045074
5590,89,2,2029-07-01 00:00:00,137.54753001989664
5591,89,2,2030-07-01 00:00:00,137.7174505296964
5592,89,2,2031-07-01 00:00:00,138.0686081926553
5593,89,2,2032-07-01 00:00:00,139.17628092710137
5594,89,2,2033-07-01 00:00:00,140.819385273524
5595,89,2,2034-07-01 00:00:00,143.11315740644503
5596,89,2,2035-07-01 00:00:00,144.46933712274048
5597,89,2,2036-07-01 00:00:00,144.4315663962276
5598,89,2,2037-07-01 00:00:00,145.82194873462421
5599,89,2,2038-07-01 00:00:00,147.7127739489623
5600,89,2,2039-07-01 00:00:00,150.5846932568744
5601,89,2,2040-07-01 00:00:00,154.33183178376834
5602,89,2,2041-07-01 00:00:00,156.80005266521874
5603,89,2,2042-07-01 00:00:00,156.74783935688876
5604,89,2,2043-07-01 00:00:00,156.10660056476016
5605,89,2,2044-07-01 00:00:00,158.01026206607642
5606,89,2,2045-07-01 00:00:00,160.95074850032486
5607,89,2,2046-07-01 00:00:00,162.6544093750637
5608,89,2,2047-07-01 00:00:00,162.85427816970287
5609,89,2,2048-07-01 00:00:00,163.8133993239245
5610,89,2,2049-07-01 00:00:00,165.20171736237805
5611,89,2,2050-07-01 00:00:00,166.9852683340448
5612,89,2,2051-07-01 00:00:00,169.93875342698166
5613,89,2,2052-07-01 00:00:00,172.94872778522654
5614,89,2,2053-07-01 00:00:00,176.01627183986156
5615,89,3,2022-07-01 00:00:00,202.07085041126595
5616,89,3,2023-07-01 00:00:00,195.94955067128186
5617,89,3,2024-07-01 00:00:00,190.08527286723287
5618,89,3,2025-07-01 00:00:00,168.72355586626549
5619,89,3,2026-07-01 00:00:00,138.64936958577576
5620,89,3,2027-07-01 00:00:00,128.7534657391973
5621,89,3,2028-07-01 00:00:00,127.13148579288358
5622,89,3,2029-07-01 00:00:00,126.21578554260589
5623,89,3,2030-07-01 00:00:00,124.7068881200426
5624,89,3,2031-07-01 00:00:00,121.62174640824746
5625,89,3,2032-07-01 00:00:00,119.44257090259747
5626,89,3,2033-07-01 00:00:00,119.786278187556
5627,89,3,2034-07-01 00:00:00,120.62819020475422
5628,89,3,2035-07-01 00:00:00,121.67989003150686
5629,89,3,2036-07-01 00:00:00,122.2137655166967
5630,89,3,2037-07-01 00:00:00,122.95828928215566
5631,89,3,2038-07-01 00:00:00,124.42257246917704
5632,89,3,2039-07-01 00:00:00,124.82703490411403
5633,89,3,2040-07-01 00:00:00,125.60285631642142
5634,89,3,2041-07-01 00:00:00,127.21607111229235
5635,89,3,2042-07-01 00:00:00,128.61387907109372
5636,89,3,2043-07-01 00:00:00,129.90578601951367
5637,89,3,2044-07-01 00:00:00,130.8573335192618
5638,89,3,2045-07-01 00:00:00,132.03602454037892
5639,89,3,2046-07-01 00:00:00,133.34546045212164
5640,89,3,2047-07-01 00:00:00,134.26412810834637
5641,89,3,2048-07-01 00:00:00,134.93313256834716
5642,89,3,2049-07-01 00:00:00,135.093047319422
5643,89,3,2050-07-01 00:00:00,135.2606543553659
5644,89,3,2051-07-01 00:00:00,136.33685776708893
5645,89,3,2052-07-01 00:00:00,137.42250092640637
5646,89,3,2053-07-01 00:00:00,138.5176666325675
5743,91,1,2022-07-01 00:00:00,154.8518156214858
5744,91,1,2023-07-01 00:00:00,152.78131157525806
5745,91,1,2024-07-01 00:00:00,149.5704463289838
5746,91,1,2025-07-01 00:00:00,138.3210087450298
5747,91,1,2026-07-01 00:00:00,128.08245126219356
5748,91,1,2027-07-01 00:00:00,127.56134885108114
5749,91,1,2028-07-01 00:00:00,127.04675953144672
5750,91,1,2029-07-01 00:00:00,126.59445657733023
5751,91,1,2030-07-01 00:00:00,126.59088342348522
5752,91,1,2031-07-01 00:00:00,126.60509374595225
5753,91,1,2032-07-01 00:00:00,127.43884688074239
5754,91,1,2033-07-01 00:00:00,129.93826290817697
5755,91,1,2034-07-01 00:00:00,131.55380003004643
5756,91,1,2035-07-01 00:00:00,131.8152257296252
5757,91,1,2036-07-01 00:00:00,131.8152257296252
5758,91,1,2037-07-01 00:00:00,133.11205570080676
5759,91,1,2038-07-01 00:00:00,134.40888567198832
5760,91,1,2039-07-01 00:00:00,134.40888567198832
5761,91,1,2040-07-01 00:00:00,135.70571564316987
5762,91,1,2041-07-01 00:00:00,137.00254561435142
5763,91,1,2042-07-01 00:00:00,137.00254561435142
5764,91,1,2043-07-01 00:00:00,137.00254561435142
5765,91,1,2044-07-01 00:00:00,137.00254561435142
5766,91,1,2045-07-01 00:00:00,137.00254561435142
5767,91,1,2046-07-01 00:00:00,137.00254561435142
5768,91,1,2047-07-01 00:00:00,137.00254561435142
5769,91,1,2048-07-01 00:00:00,137.00254561435142
5770,91,1,2049-07-01 00:00:00,137.3230657991693
5771,91,1,2050-07-01 00:00:00,137.96570876972916
5772,91,1,2051-07-01 00:00:00,138.61156495514183
5773,91,1,2052-07-01 00:00:00,139.26065042148156
5774,91,1,2053-07-01 00:00:00,139.91298131515296
5775,91,2,2022-07-01 00:00:00,147.524685515679
5776,91,2,2023-07-01 00:00:00,145.5610348389482
5777,91,2,2024-07-01 00:00:00,141.5411562208862
5778,91,2,2025-07-01 00:00:00,126.05353521784711
5779,91,2,2026-07-01 00:00:00,112.62214215613871
5780,91,2,2027-07-01 00:00:00,112.6221421561382
5781,91,2,2028-07-01 00:00:00,112.6221421561382
5782,91,2,2029-07-01 00:00:00,112.6221421561382
5783,91,2,2030-07-01 00:00:00,112.6221421561382
5784,91,2,2031-07-01 00:00:00,113.91897212732026
5785,91,2,2032-07-01 00:00:00,115.21580209850181
5786,91,2,2033-07-01 00:00:00,115.2158020985013
5787,91,2,2034-07-01 00:00:00,115.2158020985013
5788,91,2,2035-07-01 00:00:00,115.2158020985013
5789,91,2,2036-07-01 00:00:00,116.51263206968285
5790,91,2,2037-07-01 00:00:00,117.80946204086493
5791,91,2,2038-07-01 00:00:00,117.80946204086493
5792,91,2,2039-07-01 00:00:00,119.10629201204597
5793,91,2,2040-07-01 00:00:00,120.40312198322752
5794,91,2,2041-07-01 00:00:00,120.40312198322805
5795,91,2,2042-07-01 00:00:00,120.40312198322805
5796,91,2,2043-07-01 00:00:00,120.40312198322752
5797,91,2,2044-07-01 00:00:00,120.40312198322752
5798,91,2,2045-07-01 00:00:00,120.40312198322752
5799,91,2,2046-07-01 00:00:00,120.40312198322752
5800,91,2,2047-07-01 00:00:00,120.40312198322752
5801,91,2,2048-07-01 00:00:00,120.6821436089676
5802,91,2,2049-07-01 00:00:00,121.24158196857645
5803,91,2,2050-07-01 00:00:00,121.80381751998337
5804,91,2,2051-07-01 00:00:00,122.36886424914732
5805,91,2,2052-07-01 00:00:00,122.93673621195707
5806,91,2,2053-07-01 00:00:00,123.50744753458085
5807,91,3,2022-07-01 00:00:00,143.48610688505772
5808,91,3,2023-07-01 00:00:00,141.4819122521181
5809,91,3,2024-07-01 00:00:00,138.4117929017477
5810,91,3,2025-07-01 00:00:00,124.98400517022759
5811,91,3,2026-07-01 00:00:00,102.247502386686
5812,91,3,2027-07-01 00:00:00,91.8728626172338
5813,91,3,2028-07-01 00:00:00,91.8728626172338
5814,91,3,2029-07-01 00:00:00,91.8728626172338
5815,91,3,2030-07-01 00:00:00,91.8728626172338
5816,91,3,2031-07-01 00:00:00,91.8728626172338
5817,91,3,2032-07-01 00:00:00,93.16969258841536
5818,91,3,2033-07-01 00:00:00,94.46652255959692
5819,91,3,2034-07-01 00:00:00,94.46652255959692
5820,91,3,2035-07-01 00:00:00,94.46652255959692
5821,91,3,2036-07-01 00:00:00,94.46652255959692
5822,91,3,2037-07-01 00:00:00,95.76335253077848
5823,91,3,2038-07-01 00:00:00,97.06018250196003
5824,91,3,2039-07-01 00:00:00,97.06018250196003
5825,91,3,2040-07-01 00:00:00,98.3570124731416
5826,91,3,2041-07-01 00:00:00,99.65384244432315
5827,91,3,2042-07-01 00:00:00,99.65384244432315
5828,91,3,2043-07-01 00:00:00,99.65384244432315
5829,91,3,2044-07-01 00:00:00,99.65384244432315
5830,91,3,2045-07-01 00:00:00,99.65384244432315
5831,91,3,2046-07-01 00:00:00,99.65384244432315
5832,91,3,2047-07-01 00:00:00,99.65384244432315
5833,91,3,2048-07-01 00:00:00,99.65384244432315
5834,91,3,2049-07-01 00:00:00,99.88099087121597
5835,91,3,2050-07-01 00:00:00,100.33642346713607
5836,91,3,2051-07-01 00:00:00,100.79413322603577
5837,91,3,2052-07-01 00:00:00,101.25413153372996
5838,91,3,2053-07-01 00:00:00,101.71642983296263
