id,lin_id,scenario,date,value
1,17,2,2022-07-01 00:00:00,1128507.7716756607
2,17,2,2023-07-01 00:00:00,1145341.201388012
3,17,2,2024-07-01 00:00:00,1162381.3803837753
4,17,2,2025-07-01 00:00:00,1175920.8235220704
5,17,2,2026-07-01 00:00:00,1183651.3885591277
6,17,2,2027-07-01 00:00:00,1192653.1829662847
7,17,2,2028-07-01 00:00:00,1200604.394317848
8,17,2,2029-07-01 00:00:00,1207720.5464174575
9,17,2,2030-07-01 00:00:00,1211933.9986330515
10,17,2,2031-07-01 00:00:00,1213719.2540604102
11,17,2,2032-07-01 00:00:00,1215537.2664680872
12,17,2,2033-07-01 00:00:00,1217388.0358560826
13,17,2,2034-07-01 00:00:00,1219271.5622243967
14,17,2,2035-07-01 00:00:00,1221179.6563279496
15,17,2,2036-07-01 00:00:00,1223128.6966569007
16,17,2,2037-07-01 00:00:00,1225110.4939661701
17,17,2,2038-07-01 00:00:00,1227125.0482557584
18,17,2,2039-07-01 00:00:00,1229172.359525665
19,17,2,2040-07-01 00:00:00,1231195.1030603324
20,17,2,2041-07-01 00:00:00,1233226.03584008
21,17,2,2042-07-01 00:00:00,1235256.9686198274
22,17,2,2043-07-01 00:00:00,1237279.7121544948
23,17,2,2044-07-01 00:00:00,1239310.6449342421
24,17,2,2045-07-01 00:00:00,1241341.5777139897
25,17,2,2046-07-01 00:00:00,1243372.5104937367
26,17,2,2047-07-01 00:00:00,1245403.443273484
27,17,2,2048-07-01 00:00:00,1247434.3760532313
28,17,2,2049-07-01 00:00:00,1249465.308832979
29,17,2,2050-07-01 00:00:00,1251496.2416127261
30,17,2,2051-07-01 00:00:00,1253527.1743924734
31,17,2,2052-07-01 00:00:00,1255558.107172221
32,17,2,2053-07-01 00:00:00,1257589.039951968
33,17,3,2022-07-01 00:00:00,1128507.7716756607
34,17,3,2023-07-01 00:00:00,1145341.201388012
35,17,3,2024-07-01 00:00:00,1162381.3803837753
36,17,3,2025-07-01 00:00:00,1175920.8235220704
37,17,3,2026-07-01 00:00:00,1183651.3885591277
38,17,3,2027-07-01 00:00:00,1192653.1829662847
39,17,3,2028-07-01 00:00:00,1200604.394317848
40,17,3,2029-07-01 00:00:00,1207720.5464174575
41,17,3,2030-07-01 00:00:00,1211933.9986330515
42,17,3,2031-07-01 00:00:00,1213719.2540604102
43,17,3,2032-07-01 00:00:00,1215537.2664680872
44,17,3,2033-07-01 00:00:00,1217388.0358560826
45,17,3,2034-07-01 00:00:00,1219271.5622243967
46,17,3,2035-07-01 00:00:00,1221179.6563279496
47,17,3,2036-07-01 00:00:00,1223128.6966569007
48,17,3,2037-07-01 00:00:00,1225110.4939661701
49,17,3,2038-07-01 00:00:00,1227125.0482557584
50,17,3,2039-07-01 00:00:00,1229172.359525665
51,17,3,2040-07-01 00:00:00,1231195.1030603324
52,17,3,2041-07-01 00:00:00,1233226.03584008
53,17,3,2042-07-01 00:00:00,1235256.9686198274
54,17,3,2043-07-01 00:00:00,1237279.7121544948
55,17,3,2044-07-01 00:00:00,1239310.6449342421
56,17,3,2045-07-01 00:00:00,1241341.5777139897
57,17,3,2046-07-01 00:00:00,1243372.5104937367
58,17,3,2047-07-01 00:00:00,1245403.443273484
59,17,3,2048-07-01 00:00:00,1247434.3760532313
60,17,3,2049-07-01 00:00:00,1249465.308832979
61,17,3,2050-07-01 00:00:00,1251496.2416127261
62,17,3,2051-07-01 00:00:00,1253527.1743924734
63,17,3,2052-07-01 00:00:00,1255558.107172221
64,17,3,2053-07-01 00:00:00,1257589.039951968
65,18,2,2022-07-01 00:00:00,1400496.5883403318
66,18,2,2023-07-01 00:00:00,1419300.419970303
67,18,2,2024-07-01 00:00:00,1439994.8327203586
68,18,2,2025-07-01 00:00:00,1455435.0272844702
69,18,2,2026-07-01 00:00:00,1464635.1608245634
70,18,2,2027-07-01 00:00:00,1475152.576026514
71,18,2,2028-07-01 00:00:00,1484581.085161503
72,18,2,2029-07-01 00:00:00,1493164.7158835097
73,18,2,2030-07-01 00:00:00,1496973.2451107705
74,18,2,2031-07-01 00:00:00,1498608.931674873
75,18,2,2032-07-01 00:00:00,1500274.6308364824
76,18,2,2033-07-01 00:00:00,1501970.342595598
77,18,2,2034-07-01 00:00:00,1503696.06695222
78,18,2,2035-07-01 00:00:00,1505444.3007569716
79,18,2,2036-07-01 00:00:00,1507230.050308607
80,18,2,2037-07-01 00:00:00,1509045.8124577485
81,18,2,2038-07-01 00:00:00,1510891.5872043963
82,18,2,2039-07-01 00:00:00,1512767.374548551
83,18,2,2040-07-01 00:00:00,1514620.6524445757
84,18,2,2041-07-01 00:00:00,1516481.4334899765
85,18,2,2042-07-01 00:00:00,1518342.214535378
86,18,2,2043-07-01 00:00:00,1520195.4924314024
87,18,2,2044-07-01 00:00:00,1522056.2734768034
88,18,2,2045-07-01 00:00:00,1523917.0545222051
89,18,2,2046-07-01 00:00:00,1525777.835567606
90,18,2,2047-07-01 00:00:00,1527638.6166130072
91,18,2,2048-07-01 00:00:00,1529499.3976584084
92,18,2,2049-07-01 00:00:00,1531360.1787038096
93,18,2,2050-07-01 00:00:00,1533220.9597492106
94,18,2,2051-07-01 00:00:00,1535081.7407946123
95,18,2,2052-07-01 00:00:00,1536942.521840013
96,18,2,2053-07-01 00:00:00,1538803.3028854143
97,18,3,2022-07-01 00:00:00,1400496.5883403318
98,18,3,2023-07-01 00:00:00,1419300.419970303
99,18,3,2024-07-01 00:00:00,1439994.8327203586
100,18,3,2025-07-01 00:00:00,1455435.0272844702
101,18,3,2026-07-01 00:00:00,1464635.1608245634
102,18,3,2027-07-01 00:00:00,1475152.576026514
103,18,3,2028-07-01 00:00:00,1484581.085161503
104,18,3,2029-07-01 00:00:00,1493164.7158835097
105,18,3,2030-07-01 00:00:00,1496973.2451107705
106,18,3,2031-07-01 00:00:00,1498608.931674873
107,18,3,2032-07-01 00:00:00,1500274.6308364824
108,18,3,2033-07-01 00:00:00,1501970.342595598
109,18,3,2034-07-01 00:00:00,1503696.06695222
110,18,3,2035-07-01 00:00:00,1505444.3007569716
111,18,3,2036-07-01 00:00:00,1507230.050308607
112,18,3,2037-07-01 00:00:00,1509045.8124577485
113,18,3,2038-07-01 00:00:00,1510891.5872043963
114,18,3,2039-07-01 00:00:00,1512767.374548551
115,18,3,2040-07-01 00:00:00,1514620.6524445757
116,18,3,2041-07-01 00:00:00,1516481.4334899765
117,18,3,2042-07-01 00:00:00,1518342.214535378
118,18,3,2043-07-01 00:00:00,1520195.4924314024
119,18,3,2044-07-01 00:00:00,1522056.2734768034
120,18,3,2045-07-01 00:00:00,1523917.0545222051
121,18,3,2046-07-01 00:00:00,1525777.835567606
122,18,3,2047-07-01 00:00:00,1527638.6166130072
123,18,3,2048-07-01 00:00:00,1529499.3976584084
124,18,3,2049-07-01 00:00:00,1531360.1787038096
125,18,3,2050-07-01 00:00:00,1533220.9597492106
126,18,3,2051-07-01 00:00:00,1535081.7407946123
127,18,3,2052-07-01 00:00:00,1536942.521840013
128,18,3,2053-07-01 00:00:00,1538803.3028854143
129,20,2,2022-07-01 00:00:00,912796.6890666666
130,20,2,2023-07-01 00:00:00,926463.2562111112
131,20,2,2024-07-01 00:00:00,941023.3189111111
132,20,2,2025-07-01 00:00:00,952585.5237
133,20,2,2026-07-01 00:00:00,958888.0722888889
134,20,2,2027-07-01 00:00:00,966158.6543
135,20,2,2028-07-01 00:00:00,972695.1022777777
136,20,2,2029-07-01 00:00:00,978665.1632555556
137,20,2,2030-07-01 00:00:00,980317.3740444444
138,20,2,2031-07-01 00:00:00,982000.1489
139,20,2,2032-07-01 00:00:00,983713.8003666668
140,20,2,2033-07-01 00:00:00,985458.3284333333
141,20,2,2034-07-01 00:00:00,987233.7331
142,20,2,2035-07-01 00:00:00,989032.2952222222
143,20,2,2036-07-01 00:00:00,990869.4530999999
144,20,2,2037-07-01 00:00:00,992737.4875777778
145,20,2,2038-07-01 00:00:00,994636.3986555556
146,20,2,2039-07-01 00:00:00,996566.1863444445
147,20,2,2040-07-01 00:00:00,998472.8165666666
148,20,2,2041-07-01 00:00:00,1000387.1659555556
149,20,2,2042-07-01 00:00:00,1002301.5153333333
150,20,2,2043-07-01 00:00:00,1004208.1455666666
151,20,2,2044-07-01 00:00:00,1006122.4949555557
152,20,2,2045-07-01 00:00:00,1008036.8443333333
153,20,2,2046-07-01 00:00:00,1009951.1937111112
154,20,2,2047-07-01 00:00:00,1011865.5431
155,20,2,2048-07-01 00:00:00,1013779.8924777778
156,20,2,2049-07-01 00:00:00,1015694.2418666666
157,20,2,2050-07-01 00:00:00,1017608.5912444445
158,20,2,2051-07-01 00:00:00,1019522.9406222221
159,20,2,2052-07-01 00:00:00,1021437.2900111111
160,20,2,2053-07-01 00:00:00,1023351.639388889
161,20,3,2022-07-01 00:00:00,912796.6890666666
162,20,3,2023-07-01 00:00:00,926463.2562111112
163,20,3,2024-07-01 00:00:00,941023.3189111111
164,20,3,2025-07-01 00:00:00,952585.5237
165,20,3,2026-07-01 00:00:00,958888.0722888889
166,20,3,2027-07-01 00:00:00,966158.6543
167,20,3,2028-07-01 00:00:00,972695.1022777777
168,20,3,2029-07-01 00:00:00,978665.1632555556
169,20,3,2030-07-01 00:00:00,980317.3740444444
170,20,3,2031-07-01 00:00:00,982000.1489
171,20,3,2032-07-01 00:00:00,983713.8003666668
172,20,3,2033-07-01 00:00:00,985458.3284333333
173,20,3,2034-07-01 00:00:00,987233.7331
174,20,3,2035-07-01 00:00:00,989032.2952222222
175,20,3,2036-07-01 00:00:00,990869.4530999999
176,20,3,2037-07-01 00:00:00,992737.4875777778
177,20,3,2038-07-01 00:00:00,994636.3986555556
178,20,3,2039-07-01 00:00:00,996566.1863444445
179,20,3,2040-07-01 00:00:00,998472.8165666666
180,20,3,2041-07-01 00:00:00,1000387.1659555556
181,20,3,2042-07-01 00:00:00,1002301.5153333333
182,20,3,2043-07-01 00:00:00,1004208.1455666666
183,20,3,2044-07-01 00:00:00,1006122.4949555557
184,20,3,2045-07-01 00:00:00,1008036.8443333333
185,20,3,2046-07-01 00:00:00,1009951.1937111112
186,20,3,2047-07-01 00:00:00,1011865.5431
187,20,3,2048-07-01 00:00:00,1013779.8924777778
188,20,3,2049-07-01 00:00:00,1015694.2418666666
189,20,3,2050-07-01 00:00:00,1017608.5912444445
190,20,3,2051-07-01 00:00:00,1019522.9406222221
191,20,3,2052-07-01 00:00:00,1021437.2900111111
192,20,3,2053-07-01 00:00:00,1023351.639388889
193,21,2,2022-07-01 00:00:00,258163.28469024907
194,21,2,2023-07-01 00:00:00,264222.0097899293
195,21,2,2024-07-01 00:00:00,269049.11382650345
196,21,2,2025-07-01 00:00:00,271131.98565820826
197,21,2,2026-07-01 00:00:00,271922.7071187351
198,21,2,2027-07-01 00:00:00,273259.5838329403
199,21,2,2028-07-01 00:00:00,274693.0764670979
200,21,2,2029-07-01 00:00:00,276186.0655591476
201,21,2,2030-07-01 00:00:00,276240.43633710465
202,21,2,2031-07-01 00:00:00,276262.4217513043
203,21,2,2032-07-01 00:00:00,276284.8105675995
204,21,2,2033-07-01 00:00:00,276307.60278599
205,21,2,2034-07-01 00:00:00,276330.7984064759
206,21,2,2035-07-01 00:00:00,276354.2965785334
207,21,2,2036-07-01 00:00:00,276378.2990032102
208,21,2,2037-07-01 00:00:00,276402.70482998237
209,21,2,2038-07-01 00:00:00,276427.51405884995
210,21,2,2039-07-01 00:00:00,276452.7266898129
211,21,2,2040-07-01 00:00:00,276477.63676920434
212,21,2,2041-07-01 00:00:00,276502.64769911964
213,21,2,2042-07-01 00:00:00,276527.6586290349
214,21,2,2043-07-01 00:00:00,276552.5687084264
215,21,2,2044-07-01 00:00:00,276577.5796383416
216,21,2,2045-07-01 00:00:00,276602.5905682569
217,21,2,2046-07-01 00:00:00,276627.60149817215
218,21,2,2047-07-01 00:00:00,276652.61242808745
219,21,2,2048-07-01 00:00:00,276677.6233580027
220,21,2,2049-07-01 00:00:00,276702.634287918
221,21,2,2050-07-01 00:00:00,276727.6452178333
222,21,2,2051-07-01 00:00:00,276752.6561477485
223,21,2,2052-07-01 00:00:00,276777.6670776638
224,21,2,2053-07-01 00:00:00,276802.6780075791
225,21,3,2022-07-01 00:00:00,258163.28469024907
226,21,3,2023-07-01 00:00:00,264222.0097899293
227,21,3,2024-07-01 00:00:00,269049.11382650345
228,21,3,2025-07-01 00:00:00,271131.98565820826
229,21,3,2026-07-01 00:00:00,271922.7071187351
230,21,3,2027-07-01 00:00:00,273259.5838329403
231,21,3,2028-07-01 00:00:00,274693.0764670979
232,21,3,2029-07-01 00:00:00,276186.0655591476
233,21,3,2030-07-01 00:00:00,276240.43633710465
234,21,3,2031-07-01 00:00:00,276262.4217513043
235,21,3,2032-07-01 00:00:00,276284.8105675995
236,21,3,2033-07-01 00:00:00,276307.60278599
237,21,3,2034-07-01 00:00:00,276330.7984064759
238,21,3,2035-07-01 00:00:00,276354.2965785334
239,21,3,2036-07-01 00:00:00,276378.2990032102
240,21,3,2037-07-01 00:00:00,276402.70482998237
241,21,3,2038-07-01 00:00:00,276427.51405884995
242,21,3,2039-07-01 00:00:00,276452.7266898129
243,21,3,2040-07-01 00:00:00,276477.63676920434
244,21,3,2041-07-01 00:00:00,276502.64769911964
245,21,3,2042-07-01 00:00:00,276527.6586290349
246,21,3,2043-07-01 00:00:00,276552.5687084264
247,21,3,2044-07-01 00:00:00,276577.5796383416
248,21,3,2045-07-01 00:00:00,276602.5905682569
249,21,3,2046-07-01 00:00:00,276627.60149817215
250,21,3,2047-07-01 00:00:00,276652.61242808745
251,21,3,2048-07-01 00:00:00,276677.6233580027
252,21,3,2049-07-01 00:00:00,276702.634287918
253,21,3,2050-07-01 00:00:00,276727.6452178333
254,21,3,2051-07-01 00:00:00,276752.6561477485
255,21,3,2052-07-01 00:00:00,276777.6670776638
256,21,3,2053-07-01 00:00:00,276802.6780075791
257,23,2,2022-07-01 00:00:00,1249230.2075296033
258,23,2,2023-07-01 00:00:00,1274864.8225097163
259,23,2,2024-07-01 00:00:00,1297925.3769036282
260,23,2,2025-07-01 00:00:00,1312916.8888725673
261,23,2,2026-07-01 00:00:00,1319857.2493991763
262,23,2,2027-07-01 00:00:00,1326815.800344348
263,23,2,2028-07-01 00:00:00,1334121.3244651959
264,23,2,2029-07-01 00:00:00,1342006.377057775
265,23,2,2030-07-01 00:00:00,1344865.3968348324
266,23,2,2031-07-01 00:00:00,1346528.1934663528
267,23,2,2032-07-01 00:00:00,1348221.5001278091
268,23,2,2033-07-01 00:00:00,1349945.3168192017
269,23,2,2034-07-01 00:00:00,1351699.6435405305
270,23,2,2035-07-01 00:00:00,1353476.8527843114
271,23,2,2036-07-01 00:00:00,1355292.1995655126
272,23,2,2037-07-01 00:00:00,1357138.0563766495
273,23,2,2038-07-01 00:00:00,1359014.4232177231
274,23,2,2039-07-01 00:00:00,1360921.3000887325
275,23,2,2040-07-01 00:00:00,1362805.29443729
276,23,2,2041-07-01 00:00:00,1364696.9162933312
277,23,2,2042-07-01 00:00:00,1366588.5381493727
278,23,2,2043-07-01 00:00:00,1368472.53249793
279,23,2,2044-07-01 00:00:00,1370364.1543539716
280,23,2,2045-07-01 00:00:00,1372255.7762100128
281,23,2,2046-07-01 00:00:00,1374147.3980660543
282,23,2,2047-07-01 00:00:00,1376039.0199220958
283,23,2,2048-07-01 00:00:00,1377930.6417781373
284,23,2,2049-07-01 00:00:00,1379822.2636341786
285,23,2,2050-07-01 00:00:00,1381713.88549022
286,23,2,2051-07-01 00:00:00,1383605.5073462613
287,23,2,2052-07-01 00:00:00,1385497.129202303
288,23,2,2053-07-01 00:00:00,1387388.7510583443
289,23,3,2022-07-01 00:00:00,1249230.2075296033
290,23,3,2023-07-01 00:00:00,1274864.8225097163
291,23,3,2024-07-01 00:00:00,1297925.3769036282
292,23,3,2025-07-01 00:00:00,1312916.8888725673
293,23,3,2026-07-01 00:00:00,1319857.2493991763
294,23,3,2027-07-01 00:00:00,1326815.800344348
295,23,3,2028-07-01 00:00:00,1334121.3244651959
296,23,3,2029-07-01 00:00:00,1342006.377057775
297,23,3,2030-07-01 00:00:00,1344865.3968348324
298,23,3,2031-07-01 00:00:00,1346528.1934663528
299,23,3,2032-07-01 00:00:00,1348221.5001278091
300,23,3,2033-07-01 00:00:00,1349945.3168192017
301,23,3,2034-07-01 00:00:00,1351699.6435405305
302,23,3,2035-07-01 00:00:00,1353476.8527843114
303,23,3,2036-07-01 00:00:00,1355292.1995655126
304,23,3,2037-07-01 00:00:00,1357138.0563766495
305,23,3,2038-07-01 00:00:00,1359014.4232177231
306,23,3,2039-07-01 00:00:00,1360921.3000887325
307,23,3,2040-07-01 00:00:00,1362805.29443729
308,23,3,2041-07-01 00:00:00,1364696.9162933312
309,23,3,2042-07-01 00:00:00,1366588.5381493727
310,23,3,2043-07-01 00:00:00,1368472.53249793
311,23,3,2044-07-01 00:00:00,1370364.1543539716
312,23,3,2045-07-01 00:00:00,1372255.7762100128
313,23,3,2046-07-01 00:00:00,1374147.3980660543
314,23,3,2047-07-01 00:00:00,1376039.0199220958
315,23,3,2048-07-01 00:00:00,1377930.6417781373
316,23,3,2049-07-01 00:00:00,1379822.2636341786
317,23,3,2050-07-01 00:00:00,1381713.88549022
318,23,3,2051-07-01 00:00:00,1383605.5073462613
319,23,3,2052-07-01 00:00:00,1385497.129202303
320,23,3,2053-07-01 00:00:00,1387388.7510583443
321,24,2,2022-07-01 00:00:00,1047699.0083509014
322,24,2,2023-07-01 00:00:00,1063394.545799997
323,24,2,2024-07-01 00:00:00,1080288.2977825366
324,24,2,2025-07-01 00:00:00,1092085.6555859707
325,24,2,2026-07-01 00:00:00,1098365.113211931
326,24,2,2027-07-01 00:00:00,1105805.2436707804
327,24,2,2028-07-01 00:00:00,1112728.4123813505
328,24,2,2029-07-01 00:00:00,1119274.0592583595
329,24,2,2030-07-01 00:00:00,1122029.7450063166
330,24,2,2031-07-01 00:00:00,1123404.7513390612
331,24,2,2032-07-01 00:00:00,1124804.987145801
332,24,2,2033-07-01 00:00:00,1126230.4524265362
333,24,2,2034-07-01 00:00:00,1127681.1471812672
334,24,2,2035-07-01 00:00:00,1129150.764041494
335,24,2,2036-07-01 00:00:00,1130651.9177442153
336,24,2,2037-07-01 00:00:00,1132178.3009209316
337,24,2,2038-07-01 00:00:00,1133729.9135716434
338,24,2,2039-07-01 00:00:00,1135306.7556963507
339,24,2,2040-07-01 00:00:00,1136864.6757155613
340,24,2,2041-07-01 00:00:00,1138428.9031032708
341,24,2,2042-07-01 00:00:00,1139993.1304909803
342,24,2,2043-07-01 00:00:00,1141551.050510191
343,24,2,2044-07-01 00:00:00,1143115.2778979004
344,24,2,2045-07-01 00:00:00,1144679.50528561
345,24,2,2046-07-01 00:00:00,1146243.7326733195
346,24,2,2047-07-01 00:00:00,1147807.960061029
347,24,2,2048-07-01 00:00:00,1149372.1874487384
348,24,2,2049-07-01 00:00:00,1150936.414836448
349,24,2,2050-07-01 00:00:00,1152500.6422241575
350,24,2,2051-07-01 00:00:00,1154064.869611867
351,24,2,2052-07-01 00:00:00,1155629.0969995763
352,24,2,2053-07-01 00:00:00,1157193.3243872859
353,24,3,2022-07-01 00:00:00,1047699.0083509014
354,24,3,2023-07-01 00:00:00,1063394.545799997
355,24,3,2024-07-01 00:00:00,1080288.2977825366
356,24,3,2025-07-01 00:00:00,1092085.6555859707
357,24,3,2026-07-01 00:00:00,1098365.113211931
358,24,3,2027-07-01 00:00:00,1105805.2436707804
359,24,3,2028-07-01 00:00:00,1112728.4123813505
360,24,3,2029-07-01 00:00:00,1119274.0592583595
361,24,3,2030-07-01 00:00:00,1122029.7450063166
362,24,3,2031-07-01 00:00:00,1123404.7513390612
363,24,3,2032-07-01 00:00:00,1124804.987145801
364,24,3,2033-07-01 00:00:00,1126230.4524265362
365,24,3,2034-07-01 00:00:00,1127681.1471812672
366,24,3,2035-07-01 00:00:00,1129150.764041494
367,24,3,2036-07-01 00:00:00,1130651.9177442153
368,24,3,2037-07-01 00:00:00,1132178.3009209316
369,24,3,2038-07-01 00:00:00,1133729.9135716434
370,24,3,2039-07-01 00:00:00,1135306.7556963507
371,24,3,2040-07-01 00:00:00,1136864.6757155613
372,24,3,2041-07-01 00:00:00,1138428.9031032708
373,24,3,2042-07-01 00:00:00,1139993.1304909803
374,24,3,2043-07-01 00:00:00,1141551.050510191
375,24,3,2044-07-01 00:00:00,1143115.2778979004
376,24,3,2045-07-01 00:00:00,1144679.50528561
377,24,3,2046-07-01 00:00:00,1146243.7326733195
378,24,3,2047-07-01 00:00:00,1147807.960061029
379,24,3,2048-07-01 00:00:00,1149372.1874487384
380,24,3,2049-07-01 00:00:00,1150936.414836448
381,24,3,2050-07-01 00:00:00,1152500.6422241575
382,24,3,2051-07-01 00:00:00,1154064.869611867
383,24,3,2052-07-01 00:00:00,1155629.0969995763
384,24,3,2053-07-01 00:00:00,1157193.3243872859
385,28,2,2022-07-01 00:00:00,2166287.8184962207
386,28,2,2023-07-01 00:00:00,2209203.2181467013
387,28,2,2024-07-01 00:00:00,2251649.2753477553
388,28,2,2025-07-01 00:00:00,2279983.3086618204
389,28,2,2026-07-01 00:00:00,2293712.273303097
390,28,2,2027-07-01 00:00:00,2307170.9543190715
391,28,2,2028-07-01 00:00:00,2320877.315032763
392,28,2,2029-07-01 00:00:00,2335443.672418629
393,28,2,2030-07-01 00:00:00,2346300.0623962395
394,28,2,2031-07-01 00:00:00,2349526.037441737
395,28,2,2032-07-01 00:00:00,2352811.204689905
396,28,2,2033-07-01 00:00:00,2356155.564140742
397,28,2,2034-07-01 00:00:00,2359559.11579425
398,28,2,2035-07-01 00:00:00,2363007.0615997594
399,28,2,2036-07-01 00:00:00,2366528.997658606
400,28,2,2037-07-01 00:00:00,2370110.1259201225
401,28,2,2038-07-01 00:00:00,2373750.4463843084
402,28,2,2039-07-01 00:00:00,2377449.9590511643
403,28,2,2040-07-01 00:00:00,2381105.0775660174
404,28,2,2041-07-01 00:00:00,2384774.994131539
405,28,2,2042-07-01 00:00:00,2388444.9106970597
406,28,2,2043-07-01 00:00:00,2392100.0292119132
407,28,2,2044-07-01 00:00:00,2395769.945777434
408,28,2,2045-07-01 00:00:00,2399439.862342955
409,28,2,2046-07-01 00:00:00,2403109.778908476
410,28,2,2047-07-01 00:00:00,2406779.6954739965
411,28,2,2048-07-01 00:00:00,2410449.612039518
412,28,2,2049-07-01 00:00:00,2414119.5286050388
413,28,2,2050-07-01 00:00:00,2417789.44517056
414,28,2,2051-07-01 00:00:00,2421459.36173608
415,28,2,2052-07-01 00:00:00,2425129.2783016013
416,28,2,2053-07-01 00:00:00,2428799.194867122
417,28,3,2022-07-01 00:00:00,2166287.8184962207
418,28,3,2023-07-01 00:00:00,2209203.2181467013
419,28,3,2024-07-01 00:00:00,2251649.2753477553
420,28,3,2025-07-01 00:00:00,2279983.3086618204
421,28,3,2026-07-01 00:00:00,2293712.273303097
422,28,3,2027-07-01 00:00:00,2307170.9543190715
423,28,3,2028-07-01 00:00:00,2320877.315032763
424,28,3,2029-07-01 00:00:00,2335443.672418629
425,28,3,2030-07-01 00:00:00,2346300.0623962395
426,28,3,2031-07-01 00:00:00,2349526.037441737
427,28,3,2032-07-01 00:00:00,2352811.204689905
428,28,3,2033-07-01 00:00:00,2356155.564140742
429,28,3,2034-07-01 00:00:00,2359559.11579425
430,28,3,2035-07-01 00:00:00,2363007.0615997594
431,28,3,2036-07-01 00:00:00,2366528.997658606
432,28,3,2037-07-01 00:00:00,2370110.1259201225
433,28,3,2038-07-01 00:00:00,2373750.4463843084
434,28,3,2039-07-01 00:00:00,2377449.9590511643
435,28,3,2040-07-01 00:00:00,2381105.0775660174
436,28,3,2041-07-01 00:00:00,2384774.994131539
437,28,3,2042-07-01 00:00:00,2388444.9106970597
438,28,3,2043-07-01 00:00:00,2392100.0292119132
439,28,3,2044-07-01 00:00:00,2395769.945777434
440,28,3,2045-07-01 00:00:00,2399439.862342955
441,28,3,2046-07-01 00:00:00,2403109.778908476
442,28,3,2047-07-01 00:00:00,2406779.6954739965
443,28,3,2048-07-01 00:00:00,2410449.612039518
444,28,3,2049-07-01 00:00:00,2414119.5286050388
445,28,3,2050-07-01 00:00:00,2417789.44517056
446,28,3,2051-07-01 00:00:00,2421459.36173608
447,28,3,2052-07-01 00:00:00,2425129.2783016013
448,28,3,2053-07-01 00:00:00,2428799.194867122
449,30,2,2022-07-01 00:00:00,613328.1951637863
450,30,2,2023-07-01 00:00:00,623496.8919745922
451,30,2,2024-07-01 00:00:00,633672.0405130021
452,30,2,2025-07-01 00:00:00,640294.5259957723
453,30,2,2026-07-01 00:00:00,643636.0185292604
454,30,2,2027-07-01 00:00:00,647800.334600068
455,30,2,2028-07-01 00:00:00,651741.2474488427
456,30,2,2029-07-01 00:00:00,655513.5112710953
457,30,2,2030-07-01 00:00:00,659145.332921276
458,30,2,2031-07-01 00:00:00,659859.143302416
459,30,2,2032-07-01 00:00:00,660586.051121742
460,30,2,2033-07-01 00:00:00,661326.0563792541
461,30,2,2034-07-01 00:00:00,662079.1590749522
462,30,2,2035-07-01 00:00:00,662842.0848492901
463,30,2,2036-07-01 00:00:00,663621.3824213602
464,30,2,2037-07-01 00:00:00,664413.7774316167
465,30,2,2038-07-01 00:00:00,665219.2698800591
466,30,2,2039-07-01 00:00:00,666037.8597666875
467,30,2,2040-07-01 00:00:00,666846.6265746765
468,30,2,2041-07-01 00:00:00,667658.6677422118
469,30,2,2042-07-01 00:00:00,668470.7089097473
470,30,2,2043-07-01 00:00:00,669279.4757177363
471,30,2,2044-07-01 00:00:00,670091.5168852716
472,30,2,2045-07-01 00:00:00,670903.5580528071
473,30,2,2046-07-01 00:00:00,671715.5992203426
474,30,2,2047-07-01 00:00:00,672527.6403878779
475,30,2,2048-07-01 00:00:00,673339.6815554134
476,30,2,2049-07-01 00:00:00,674151.7227229488
477,30,2,2050-07-01 00:00:00,674963.7638904842
478,30,2,2051-07-01 00:00:00,675775.8050580196
479,30,2,2052-07-01 00:00:00,676587.846225555
480,30,2,2053-07-01 00:00:00,677399.8873930905
481,30,3,2022-07-01 00:00:00,613328.1951637863
482,30,3,2023-07-01 00:00:00,623496.8919745922
483,30,3,2024-07-01 00:00:00,633672.0405130021
484,30,3,2025-07-01 00:00:00,640294.5259957723
485,30,3,2026-07-01 00:00:00,643636.0185292604
486,30,3,2027-07-01 00:00:00,647800.334600068
487,30,3,2028-07-01 00:00:00,651741.2474488427
488,30,3,2029-07-01 00:00:00,655513.5112710953
489,30,3,2030-07-01 00:00:00,659145.332921276
490,30,3,2031-07-01 00:00:00,659859.143302416
491,30,3,2032-07-01 00:00:00,660586.051121742
492,30,3,2033-07-01 00:00:00,661326.0563792541
493,30,3,2034-07-01 00:00:00,662079.1590749522
494,30,3,2035-07-01 00:00:00,662842.0848492901
495,30,3,2036-07-01 00:00:00,663621.3824213602
496,30,3,2037-07-01 00:00:00,664413.7774316167
497,30,3,2038-07-01 00:00:00,665219.2698800591
498,30,3,2039-07-01 00:00:00,666037.8597666875
499,30,3,2040-07-01 00:00:00,666846.6265746765
500,30,3,2041-07-01 00:00:00,667658.6677422118
501,30,3,2042-07-01 00:00:00,668470.7089097473
502,30,3,2043-07-01 00:00:00,669279.4757177363
503,30,3,2044-07-01 00:00:00,670091.5168852716
504,30,3,2045-07-01 00:00:00,670903.5580528071
505,30,3,2046-07-01 00:00:00,671715.5992203426
506,30,3,2047-07-01 00:00:00,672527.6403878779
507,30,3,2048-07-01 00:00:00,673339.6815554134
508,30,3,2049-07-01 00:00:00,674151.7227229488
509,30,3,2050-07-01 00:00:00,674963.7638904842
510,30,3,2051-07-01 00:00:00,675775.8050580196
511,30,3,2052-07-01 00:00:00,676587.846225555
512,30,3,2053-07-01 00:00:00,677399.8873930905
513,31,2,2022-07-01 00:00:00,499456.22305461206
514,31,2,2023-07-01 00:00:00,507433.22820226295
515,31,2,2024-07-01 00:00:00,515746.87115079886
516,31,2,2025-07-01 00:00:00,521483.3514123181
517,31,2,2026-07-01 00:00:00,524479.9190443858
518,31,2,2027-07-01 00:00:00,528064.7054106868
519,31,2,2028-07-01 00:00:00,531414.2961955715
520,31,2,2029-07-01 00:00:00,534586.4314693853
521,31,2,2030-07-01 00:00:00,538203.1161195206
522,31,2,2031-07-01 00:00:00,538894.6779501964
523,31,2,2032-07-01 00:00:00,539598.9289887744
524,31,2,2033-07-01 00:00:00,540315.8692352548
525,31,2,2034-07-01 00:00:00,541045.4986896376
526,31,2,2035-07-01 00:00:00,541784.645049947
527,31,2,2036-07-01 00:00:00,542539.6529201342
528,31,2,2037-07-01 00:00:00,543307.3499982238
529,31,2,2038-07-01 00:00:00,544087.7362842157
530,31,2,2039-07-01 00:00:00,544880.81177811
531,31,2,2040-07-01 00:00:00,545664.3703660774
532,31,2,2041-07-01 00:00:00,546451.1012560206
533,31,2,2042-07-01 00:00:00,547237.8321459636
534,31,2,2043-07-01 00:00:00,548021.3907339311
535,31,2,2044-07-01 00:00:00,548808.1216238741
536,31,2,2045-07-01 00:00:00,549594.8525138171
537,31,2,2046-07-01 00:00:00,550381.5834037602
538,31,2,2047-07-01 00:00:00,551168.3142937033
539,31,2,2048-07-01 00:00:00,551955.0451836464
540,31,2,2049-07-01 00:00:00,552741.7760735895
541,31,2,2050-07-01 00:00:00,553528.5069635325
542,31,2,2051-07-01 00:00:00,554315.2378534756
543,31,2,2052-07-01 00:00:00,555101.9687434187
544,31,2,2053-07-01 00:00:00,555888.6996333618
545,31,3,2022-07-01 00:00:00,499456.22305461206
546,31,3,2023-07-01 00:00:00,507433.22820226295
547,31,3,2024-07-01 00:00:00,515746.87115079886
548,31,3,2025-07-01 00:00:00,521483.3514123181
549,31,3,2026-07-01 00:00:00,524479.9190443858
550,31,3,2027-07-01 00:00:00,528064.7054106868
551,31,3,2028-07-01 00:00:00,531414.2961955715
552,31,3,2029-07-01 00:00:00,534586.4314693853
553,31,3,2030-07-01 00:00:00,538203.1161195206
554,31,3,2031-07-01 00:00:00,538894.6779501964
555,31,3,2032-07-01 00:00:00,539598.9289887744
556,31,3,2033-07-01 00:00:00,540315.8692352548
557,31,3,2034-07-01 00:00:00,541045.4986896376
558,31,3,2035-07-01 00:00:00,541784.645049947
559,31,3,2036-07-01 00:00:00,542539.6529201342
560,31,3,2037-07-01 00:00:00,543307.3499982238
561,31,3,2038-07-01 00:00:00,544087.7362842157
562,31,3,2039-07-01 00:00:00,544880.81177811
563,31,3,2040-07-01 00:00:00,545664.3703660774
564,31,3,2041-07-01 00:00:00,546451.1012560206
565,31,3,2042-07-01 00:00:00,547237.8321459636
566,31,3,2043-07-01 00:00:00,548021.3907339311
567,31,3,2044-07-01 00:00:00,548808.1216238741
568,31,3,2045-07-01 00:00:00,549594.8525138171
569,31,3,2046-07-01 00:00:00,550381.5834037602
570,31,3,2047-07-01 00:00:00,551168.3142937033
571,31,3,2048-07-01 00:00:00,551955.0451836464
572,31,3,2049-07-01 00:00:00,552741.7760735895
573,31,3,2050-07-01 00:00:00,553528.5069635325
574,31,3,2051-07-01 00:00:00,554315.2378534756
575,31,3,2052-07-01 00:00:00,555101.9687434187
576,31,3,2053-07-01 00:00:00,555888.6996333618
577,32,2,2022-07-01 00:00:00,684172.4527811847
578,32,2,2023-07-01 00:00:00,695277.1583583718
579,32,2,2024-07-01 00:00:00,707021.0815232022
580,32,2,2025-07-01 00:00:00,715465.2414269155
581,32,2,2026-07-01 00:00:00,719857.9516120672
582,32,2,2027-07-01 00:00:00,724991.0456153237
583,32,2,2028-07-01 00:00:00,729780.3368939101
584,32,2,2029-07-01 00:00:00,734311.7243440729
585,32,2,2030-07-01 00:00:00,740652.1320257916
586,32,2,2031-07-01 00:00:00,741815.507012455
587,32,2,2032-07-01 00:00:00,743000.2283291491
588,32,2,2033-07-01 00:00:00,744206.2959758736
589,32,2,2034-07-01 00:00:00,745433.7099526287
590,32,2,2035-07-01 00:00:00,746677.1336769067
591,32,2,2036-07-01 00:00:00,747947.2403137229
592,32,2,2037-07-01 00:00:00,749238.6932805693
593,32,2,2038-07-01 00:00:00,750551.4925774466
594,32,2,2039-07-01 00:00:00,751885.6382043543
595,32,2,2040-07-01 00:00:00,753203.774083739
596,32,2,2041-07-01 00:00:00,754527.2465456314
597,32,2,2042-07-01 00:00:00,755850.7190075238
598,32,2,2043-07-01 00:00:00,757168.8548869087
599,32,2,2044-07-01 00:00:00,758492.3273488012
600,32,2,2045-07-01 00:00:00,759815.7998106935
601,32,2,2046-07-01 00:00:00,761139.2722725859
602,32,2,2047-07-01 00:00:00,762462.7447344784
603,32,2,2048-07-01 00:00:00,763786.2171963707
604,32,2,2049-07-01 00:00:00,765109.6896582632
605,32,2,2050-07-01 00:00:00,766433.1621201556
606,32,2,2051-07-01 00:00:00,767756.634582048
607,32,2,2052-07-01 00:00:00,769080.1070439406
608,32,2,2053-07-01 00:00:00,770403.5795058329
609,32,3,2022-07-01 00:00:00,684172.4527811847
610,32,3,2023-07-01 00:00:00,695277.1583583718
611,32,3,2024-07-01 00:00:00,707021.0815232022
612,32,3,2025-07-01 00:00:00,715465.2414269155
613,32,3,2026-07-01 00:00:00,719857.9516120672
614,32,3,2027-07-01 00:00:00,724991.0456153237
615,32,3,2028-07-01 00:00:00,729780.3368939101
616,32,3,2029-07-01 00:00:00,734311.7243440729
617,32,3,2030-07-01 00:00:00,740652.1320257916
618,32,3,2031-07-01 00:00:00,741815.507012455
619,32,3,2032-07-01 00:00:00,743000.2283291491
620,32,3,2033-07-01 00:00:00,744206.2959758736
621,32,3,2034-07-01 00:00:00,745433.7099526287
622,32,3,2035-07-01 00:00:00,746677.1336769067
623,32,3,2036-07-01 00:00:00,747947.2403137229
624,32,3,2037-07-01 00:00:00,749238.6932805693
625,32,3,2038-07-01 00:00:00,750551.4925774466
626,32,3,2039-07-01 00:00:00,751885.6382043543
627,32,3,2040-07-01 00:00:00,753203.774083739
628,32,3,2041-07-01 00:00:00,754527.2465456314
629,32,3,2042-07-01 00:00:00,755850.7190075238
630,32,3,2043-07-01 00:00:00,757168.8548869087
631,32,3,2044-07-01 00:00:00,758492.3273488012
632,32,3,2045-07-01 00:00:00,759815.7998106935
633,32,3,2046-07-01 00:00:00,761139.2722725859
634,32,3,2047-07-01 00:00:00,762462.7447344784
635,32,3,2048-07-01 00:00:00,763786.2171963707
636,32,3,2049-07-01 00:00:00,765109.6896582632
637,32,3,2050-07-01 00:00:00,766433.1621201556
638,32,3,2051-07-01 00:00:00,767756.634582048
639,32,3,2052-07-01 00:00:00,769080.1070439406
640,32,3,2053-07-01 00:00:00,770403.5795058329
641,33,2,2022-07-01 00:00:00,1285347.4786642424
642,33,2,2023-07-01 00:00:00,1311091.9836279177
643,33,2,2024-07-01 00:00:00,1333390.457673432
644,33,2,2025-07-01 00:00:00,1347261.3878885226
645,33,2,2026-07-01 00:00:00,1353912.105330039
646,33,2,2027-07-01 00:00:00,1360717.9544736708
647,33,2,2028-07-01 00:00:00,1367827.4536901705
648,33,2,2029-07-01 00:00:00,1375454.5987658717
649,33,2,2030-07-01 00:00:00,1381039.4722898565
650,33,2,2031-07-01 00:00:00,1382200.9446108348
651,33,2,2032-07-01 00:00:00,1383383.7283505471
652,33,2,2033-07-01 00:00:00,1384587.823508993
653,33,2,2034-07-01 00:00:00,1385813.2300861718
654,33,2,2035-07-01 00:00:00,1387054.6202274016
655,33,2,2036-07-01 00:00:00,1388322.649642048
656,33,2,2037-07-01 00:00:00,1389611.9904754276
657,33,2,2038-07-01 00:00:00,1390922.6427275413
658,33,2,2039-07-01 00:00:00,1392254.606398388
659,33,2,2040-07-01 00:00:00,1393570.586505185
660,33,2,2041-07-01 00:00:00,1394891.8944666653
661,33,2,2042-07-01 00:00:00,1396213.2024281456
662,33,2,2043-07-01 00:00:00,1397529.1825349424
663,33,2,2044-07-01 00:00:00,1398850.4904964229
664,33,2,2045-07-01 00:00:00,1400171.7984579029
665,33,2,2046-07-01 00:00:00,1401493.1064193833
666,33,2,2047-07-01 00:00:00,1402814.4143808638
667,33,2,2048-07-01 00:00:00,1404135.7223423435
668,33,2,2049-07-01 00:00:00,1405457.030303824
669,33,2,2050-07-01 00:00:00,1406778.338265304
670,33,2,2051-07-01 00:00:00,1408099.6462267844
671,33,2,2052-07-01 00:00:00,1409420.9541882647
672,33,2,2053-07-01 00:00:00,1410742.262149745
673,33,3,2022-07-01 00:00:00,1285347.4786642424
674,33,3,2023-07-01 00:00:00,1311091.9836279177
675,33,3,2024-07-01 00:00:00,1333390.457673432
676,33,3,2025-07-01 00:00:00,1347261.3878885226
677,33,3,2026-07-01 00:00:00,1353912.105330039
678,33,3,2027-07-01 00:00:00,1360717.9544736708
679,33,3,2028-07-01 00:00:00,1367827.4536901705
680,33,3,2029-07-01 00:00:00,1375454.5987658717
681,33,3,2030-07-01 00:00:00,1381039.4722898565
682,33,3,2031-07-01 00:00:00,1382200.9446108348
683,33,3,2032-07-01 00:00:00,1383383.7283505471
684,33,3,2033-07-01 00:00:00,1384587.823508993
685,33,3,2034-07-01 00:00:00,1385813.2300861718
686,33,3,2035-07-01 00:00:00,1387054.6202274016
687,33,3,2036-07-01 00:00:00,1388322.649642048
688,33,3,2037-07-01 00:00:00,1389611.9904754276
689,33,3,2038-07-01 00:00:00,1390922.6427275413
690,33,3,2039-07-01 00:00:00,1392254.606398388
691,33,3,2040-07-01 00:00:00,1393570.586505185
692,33,3,2041-07-01 00:00:00,1394891.8944666653
693,33,3,2042-07-01 00:00:00,1396213.2024281456
694,33,3,2043-07-01 00:00:00,1397529.1825349424
695,33,3,2044-07-01 00:00:00,1398850.4904964229
696,33,3,2045-07-01 00:00:00,1400171.7984579029
697,33,3,2046-07-01 00:00:00,1401493.1064193833
698,33,3,2047-07-01 00:00:00,1402814.4143808638
699,33,3,2048-07-01 00:00:00,1404135.7223423435
700,33,3,2049-07-01 00:00:00,1405457.030303824
701,33,3,2050-07-01 00:00:00,1406778.338265304
702,33,3,2051-07-01 00:00:00,1408099.6462267844
703,33,3,2052-07-01 00:00:00,1409420.9541882647
704,33,3,2053-07-01 00:00:00,1410742.262149745
705,34,2,2022-07-01 00:00:00,1412302.855755381
706,34,2,2023-07-01 00:00:00,1440054.608956903
707,34,2,2024-07-01 00:00:00,1464605.870042618
708,34,2,2025-07-01 00:00:00,1480178.3338591137
709,34,2,2026-07-01 00:00:00,1487735.0818872824
710,34,2,2027-07-01 00:00:00,1495465.3821503036
711,34,2,2028-07-01 00:00:00,1503446.1669481797
712,34,2,2029-07-01 00:00:00,1511930.4616447755
713,34,2,2030-07-01 00:00:00,1519103.070410193
714,34,2,2031-07-01 00:00:00,1520489.5209502678
715,34,2,2032-07-01 00:00:00,1521901.4109497932
716,34,2,2033-07-01 00:00:00,1523338.7404087693
717,34,2,2034-07-01 00:00:00,1524801.5093271965
718,34,2,2035-07-01 00:00:00,1526283.3578402118
719,34,2,2036-07-01 00:00:00,1527797.005677541
720,34,2,2037-07-01 00:00:00,1529336.092974321
721,34,2,2038-07-01 00:00:00,1530900.6197305517
722,34,2,2039-07-01 00:00:00,1532490.5859462335
723,34,2,2040-07-01 00:00:00,1534061.4725673273
724,34,2,2041-07-01 00:00:00,1535638.7190532836
725,34,2,2042-07-01 00:00:00,1537215.9655392398
726,34,2,2043-07-01 00:00:00,1538786.8521603332
727,34,2,2044-07-01 00:00:00,1540364.0986462897
728,34,2,2045-07-01 00:00:00,1541941.3451322457
729,34,2,2046-07-01 00:00:00,1543518.5916182022
730,34,2,2047-07-01 00:00:00,1545095.8381041584
731,34,2,2048-07-01 00:00:00,1546673.084590115
732,34,2,2049-07-01 00:00:00,1548250.3310760711
733,34,2,2050-07-01 00:00:00,1549827.5775620274
734,34,2,2051-07-01 00:00:00,1551404.8240479836
735,34,2,2052-07-01 00:00:00,1552982.07053394
736,34,2,2053-07-01 00:00:00,1554559.3170198963
737,34,3,2022-07-01 00:00:00,1412302.855755381
738,34,3,2023-07-01 00:00:00,1440054.608956903
739,34,3,2024-07-01 00:00:00,1464605.870042618
740,34,3,2025-07-01 00:00:00,1480178.3338591137
741,34,3,2026-07-01 00:00:00,1487735.0818872824
742,34,3,2027-07-01 00:00:00,1495465.3821503036
743,34,3,2028-07-01 00:00:00,1503446.1669481797
744,34,3,2029-07-01 00:00:00,1511930.4616447755
745,34,3,2030-07-01 00:00:00,1519103.070410193
746,34,3,2031-07-01 00:00:00,1520489.5209502678
747,34,3,2032-07-01 00:00:00,1521901.4109497932
748,34,3,2033-07-01 00:00:00,1523338.7404087693
749,34,3,2034-07-01 00:00:00,1524801.5093271965
750,34,3,2035-07-01 00:00:00,1526283.3578402118
751,34,3,2036-07-01 00:00:00,1527797.005677541
752,34,3,2037-07-01 00:00:00,1529336.092974321
753,34,3,2038-07-01 00:00:00,1530900.6197305517
754,34,3,2039-07-01 00:00:00,1532490.5859462335
755,34,3,2040-07-01 00:00:00,1534061.4725673273
756,34,3,2041-07-01 00:00:00,1535638.7190532836
757,34,3,2042-07-01 00:00:00,1537215.9655392398
758,34,3,2043-07-01 00:00:00,1538786.8521603332
759,34,3,2044-07-01 00:00:00,1540364.0986462897
760,34,3,2045-07-01 00:00:00,1541941.3451322457
761,34,3,2046-07-01 00:00:00,1543518.5916182022
762,34,3,2047-07-01 00:00:00,1545095.8381041584
763,34,3,2048-07-01 00:00:00,1546673.084590115
764,34,3,2049-07-01 00:00:00,1548250.3310760711
765,34,3,2050-07-01 00:00:00,1549827.5775620274
766,34,3,2051-07-01 00:00:00,1551404.8240479836
767,34,3,2052-07-01 00:00:00,1552982.07053394
768,34,3,2053-07-01 00:00:00,1554559.3170198963
769,35,2,2022-07-01 00:00:00,186272.90817289363
770,35,2,2023-07-01 00:00:00,189353.784842318
771,35,2,2024-07-01 00:00:00,192905.28707975862
772,35,2,2025-07-01 00:00:00,195607.675530052
773,35,2,2026-07-01 00:00:00,196887.2017545947
774,35,2,2027-07-01 00:00:00,198357.6055171085
775,35,2,2028-07-01 00:00:00,199762.88492788887
776,35,2,2029-07-01 00:00:00,201123.54947514675
777,35,2,2030-07-01 00:00:00,202573.20652080042
778,35,2,2031-07-01 00:00:00,203056.6512141977
779,35,2,2032-07-01 00:00:00,203548.96645242794
780,35,2,2033-07-01 00:00:00,204050.15223549114
781,35,2,2034-07-01 00:00:00,204560.20856338736
782,35,2,2035-07-01 00:00:00,205076.9177999083
783,35,2,2036-07-01 00:00:00,205604.71521747045
784,35,2,2037-07-01 00:00:00,206141.3831798656
785,35,2,2038-07-01 00:00:00,206686.9216870937
786,35,2,2039-07-01 00:00:00,207241.3307391548
787,35,2,2040-07-01 00:00:00,207789.08688259116
788,35,2,2041-07-01 00:00:00,208339.06066223574
789,35,2,2042-07-01 00:00:00,208889.03444188036
790,35,2,2043-07-01 00:00:00,209436.7905853167
791,35,2,2044-07-01 00:00:00,209986.7643649613
792,35,2,2045-07-01 00:00:00,210536.7381446059
793,35,2,2046-07-01 00:00:00,211086.71192425047
794,35,2,2047-07-01 00:00:00,211636.68570389508
795,35,2,2048-07-01 00:00:00,212186.6594835397
796,35,2,2049-07-01 00:00:00,212736.63326318428
797,35,2,2050-07-01 00:00:00,213286.60704282887
798,35,2,2051-07-01 00:00:00,213836.58082247348
799,35,2,2052-07-01 00:00:00,214386.5546021181
800,35,2,2053-07-01 00:00:00,214936.52838176265
801,35,3,2022-07-01 00:00:00,186272.90817289363
802,35,3,2023-07-01 00:00:00,189353.784842318
803,35,3,2024-07-01 00:00:00,192905.28707975862
804,35,3,2025-07-01 00:00:00,195607.675530052
805,35,3,2026-07-01 00:00:00,196887.2017545947
806,35,3,2027-07-01 00:00:00,198357.6055171085
807,35,3,2028-07-01 00:00:00,199762.88492788887
808,35,3,2029-07-01 00:00:00,201123.54947514675
809,35,3,2030-07-01 00:00:00,202573.20652080042
810,35,3,2031-07-01 00:00:00,203056.6512141977
811,35,3,2032-07-01 00:00:00,203548.96645242794
812,35,3,2033-07-01 00:00:00,204050.15223549114
813,35,3,2034-07-01 00:00:00,204560.20856338736
814,35,3,2035-07-01 00:00:00,205076.9177999083
815,35,3,2036-07-01 00:00:00,205604.71521747045
816,35,3,2037-07-01 00:00:00,206141.3831798656
817,35,3,2038-07-01 00:00:00,206686.9216870937
818,35,3,2039-07-01 00:00:00,207241.3307391548
819,35,3,2040-07-01 00:00:00,207789.08688259116
820,35,3,2041-07-01 00:00:00,208339.06066223574
821,35,3,2042-07-01 00:00:00,208889.03444188036
822,35,3,2043-07-01 00:00:00,209436.7905853167
823,35,3,2044-07-01 00:00:00,209986.7643649613
824,35,3,2045-07-01 00:00:00,210536.7381446059
825,35,3,2046-07-01 00:00:00,211086.71192425047
826,35,3,2047-07-01 00:00:00,211636.68570389508
827,35,3,2048-07-01 00:00:00,212186.6594835397
828,35,3,2049-07-01 00:00:00,212736.63326318428
829,35,3,2050-07-01 00:00:00,213286.60704282887
830,35,3,2051-07-01 00:00:00,213836.58082247348
831,35,3,2052-07-01 00:00:00,214386.5546021181
832,35,3,2053-07-01 00:00:00,214936.52838176265
833,37,2,2022-07-01 00:00:00,464106.4217320322
834,37,2,2023-07-01 00:00:00,472517.0009545497
835,37,2,2024-07-01 00:00:00,482843.6503616407
836,37,2,2025-07-01 00:00:00,492071.3760413293
837,37,2,2026-07-01 00:00:00,496228.1038019795
838,37,2,2027-07-01 00:00:00,500781.60295359493
839,37,2,2028-07-01 00:00:00,505081.07519278873
840,37,2,2029-07-01 00:00:00,509194.90498296113
841,37,2,2030-07-01 00:00:00,516729.14327899396
842,37,2,2031-07-01 00:00:00,518917.79542105674
843,37,2,2032-07-01 00:00:00,521146.60631801974
844,37,2,2033-07-01 00:00:00,523415.5759698829
845,37,2,2034-07-01 00:00:00,525724.7043766464
846,37,2,2035-07-01 00:00:00,528063.951849585
847,37,2,2036-07-01 00:00:00,530453.3977661489
848,37,2,2037-07-01 00:00:00,532883.0024376132
849,37,2,2038-07-01 00:00:00,535352.7658639776
850,37,2,2039-07-01 00:00:00,537862.6880452422
851,37,2,2040-07-01 00:00:00,540342.4911603316
852,37,2,2041-07-01 00:00:00,542832.3339641462
853,37,2,2042-07-01 00:00:00,545322.1767679608
854,37,2,2043-07-01 00:00:00,547801.9798830502
855,37,2,2044-07-01 00:00:00,550291.8226868649
856,37,2,2045-07-01 00:00:00,552781.6654906793
857,37,2,2046-07-01 00:00:00,555271.5082944938
858,37,2,2047-07-01 00:00:00,557761.3510983083
859,37,2,2048-07-01 00:00:00,560251.1939021229
860,37,2,2049-07-01 00:00:00,562741.0367059375
861,37,2,2050-07-01 00:00:00,565230.8795097519
862,37,2,2051-07-01 00:00:00,567720.7223135665
863,37,2,2052-07-01 00:00:00,570210.565117381
864,37,2,2053-07-01 00:00:00,572700.4079211954
865,37,3,2022-07-01 00:00:00,464106.4217320322
866,37,3,2023-07-01 00:00:00,472517.0009545497
867,37,3,2024-07-01 00:00:00,482843.6503616407
868,37,3,2025-07-01 00:00:00,492071.3760413293
869,37,3,2026-07-01 00:00:00,496228.1038019795
870,37,3,2027-07-01 00:00:00,500781.60295359493
871,37,3,2028-07-01 00:00:00,505081.07519278873
872,37,3,2029-07-01 00:00:00,509194.90498296113
873,37,3,2030-07-01 00:00:00,516729.14327899396
874,37,3,2031-07-01 00:00:00,518917.79542105674
875,37,3,2032-07-01 00:00:00,521146.60631801974
876,37,3,2033-07-01 00:00:00,523415.5759698829
877,37,3,2034-07-01 00:00:00,525724.7043766464
878,37,3,2035-07-01 00:00:00,528063.951849585
879,37,3,2036-07-01 00:00:00,530453.3977661489
880,37,3,2037-07-01 00:00:00,532883.0024376132
881,37,3,2038-07-01 00:00:00,535352.7658639776
882,37,3,2039-07-01 00:00:00,537862.6880452422
883,37,3,2040-07-01 00:00:00,540342.4911603316
884,37,3,2041-07-01 00:00:00,542832.3339641462
885,37,3,2042-07-01 00:00:00,545322.1767679608
886,37,3,2043-07-01 00:00:00,547801.9798830502
887,37,3,2044-07-01 00:00:00,550291.8226868649
888,37,3,2045-07-01 00:00:00,552781.6654906793
889,37,3,2046-07-01 00:00:00,555271.5082944938
890,37,3,2047-07-01 00:00:00,557761.3510983083
891,37,3,2048-07-01 00:00:00,560251.1939021229
892,37,3,2049-07-01 00:00:00,562741.0367059375
893,37,3,2050-07-01 00:00:00,565230.8795097519
894,37,3,2051-07-01 00:00:00,567720.7223135665
895,37,3,2052-07-01 00:00:00,570210.565117381
896,37,3,2053-07-01 00:00:00,572700.4079211954
897,39,2,2022-07-01 00:00:00,238641.43111834052
898,39,2,2023-07-01 00:00:00,242784.4859798679
899,39,2,2024-07-01 00:00:00,247462.11823797025
900,39,2,2025-07-01 00:00:00,250976.82797684896
901,39,2,2026-07-01 00:00:00,252621.7020721484
902,39,2,2027-07-01 00:00:00,254519.16191807436
903,39,2,2028-07-01 00:00:00,256345.48734272996
904,39,2,2029-07-01 00:00:00,258121.34582681328
905,39,2,2030-07-01 00:00:00,260092.55390442256
906,39,2,2031-07-01 00:00:00,260737.62095812915
907,39,2,2032-07-01 00:00:00,261394.52410456425
908,39,2,2033-07-01 00:00:00,262063.26334372791
909,39,2,2034-07-01 00:00:00,262743.8386756201
910,39,2,2035-07-01 00:00:00,263433.29107705876
911,39,2,2036-07-01 00:00:00,264137.538594408
912,39,2,2037-07-01 00:00:00,264853.622204486
913,39,2,2038-07-01 00:00:00,265581.54190729244
914,39,2,2039-07-01 00:00:00,266321.29770282743
915,39,2,2040-07-01 00:00:00,267052.1764288161
916,39,2,2041-07-01 00:00:00,267786.0141779868
917,39,2,2042-07-01 00:00:00,268519.85192715755
918,39,2,2043-07-01 00:00:00,269250.73065314617
919,39,2,2044-07-01 00:00:00,269984.5684023169
920,39,2,2045-07-01 00:00:00,270718.4061514876
921,39,2,2046-07-01 00:00:00,271452.2439006584
922,39,2,2047-07-01 00:00:00,272186.0816498291
923,39,2,2048-07-01 00:00:00,272919.9193989999
924,39,2,2049-07-01 00:00:00,273653.7571481706
925,39,2,2050-07-01 00:00:00,274387.59489734133
926,39,2,2051-07-01 00:00:00,275121.4326465121
927,39,2,2052-07-01 00:00:00,275855.27039568283
928,39,2,2053-07-01 00:00:00,276589.10814485356
929,39,3,2022-07-01 00:00:00,238641.43111834052
930,39,3,2023-07-01 00:00:00,242784.4859798679
931,39,3,2024-07-01 00:00:00,247462.11823797025
932,39,3,2025-07-01 00:00:00,250976.82797684896
933,39,3,2026-07-01 00:00:00,252621.7020721484
934,39,3,2027-07-01 00:00:00,254519.16191807436
935,39,3,2028-07-01 00:00:00,256345.48734272996
936,39,3,2029-07-01 00:00:00,258121.34582681328
937,39,3,2030-07-01 00:00:00,260092.55390442256
938,39,3,2031-07-01 00:00:00,260737.62095812915
939,39,3,2032-07-01 00:00:00,261394.52410456425
940,39,3,2033-07-01 00:00:00,262063.26334372791
941,39,3,2034-07-01 00:00:00,262743.8386756201
942,39,3,2035-07-01 00:00:00,263433.29107705876
943,39,3,2036-07-01 00:00:00,264137.538594408
944,39,3,2037-07-01 00:00:00,264853.622204486
945,39,3,2038-07-01 00:00:00,265581.54190729244
946,39,3,2039-07-01 00:00:00,266321.29770282743
947,39,3,2040-07-01 00:00:00,267052.1764288161
948,39,3,2041-07-01 00:00:00,267786.0141779868
949,39,3,2042-07-01 00:00:00,268519.85192715755
950,39,3,2043-07-01 00:00:00,269250.73065314617
951,39,3,2044-07-01 00:00:00,269984.5684023169
952,39,3,2045-07-01 00:00:00,270718.4061514876
953,39,3,2046-07-01 00:00:00,271452.2439006584
954,39,3,2047-07-01 00:00:00,272186.0816498291
955,39,3,2048-07-01 00:00:00,272919.9193989999
956,39,3,2049-07-01 00:00:00,273653.7571481706
957,39,3,2050-07-01 00:00:00,274387.59489734133
958,39,3,2051-07-01 00:00:00,275121.4326465121
959,39,3,2052-07-01 00:00:00,275855.27039568283
960,39,3,2053-07-01 00:00:00,276589.10814485356
961,41,2,2022-07-01 00:00:00,565678.4310409193
962,41,2,2023-07-01 00:00:00,575527.8824271378
963,41,2,2024-07-01 00:00:00,587086.854416627
964,41,2,2025-07-01 00:00:00,596262.2462434914
965,41,2,2026-07-01 00:00:00,600547.3371409334
966,41,2,2027-07-01 00:00:00,605334.7746040915
967,41,2,2028-07-01 00:00:00,609920.548223069
968,41,2,2029-07-01 00:00:00,614372.2568898675
969,41,2,2030-07-01 00:00:00,620230.109299146
970,41,2,2031-07-01 00:00:00,622068.4637018247
971,41,2,2032-07-01 00:00:00,623940.5493779471
972,41,2,2033-07-01 00:00:00,625846.3663275132
973,41,2,2034-07-01 00:00:00,627785.9145505228
974,41,2,2035-07-01 00:00:00,629750.7612286153
975,41,2,2036-07-01 00:00:00,631757.7719985122
976,41,2,2037-07-01 00:00:00,633798.5140418528
977,41,2,2038-07-01 00:00:00,635872.9873586372
978,41,2,2039-07-01 00:00:00,637981.1919488651
979,41,2,2040-07-01 00:00:00,640064.0980840103
980,41,2,2041-07-01 00:00:00,642155.4370375164
981,41,2,2042-07-01 00:00:00,644246.7759910225
982,41,2,2043-07-01 00:00:00,646329.6821261677
983,41,2,2044-07-01 00:00:00,648421.0210796738
984,41,2,2045-07-01 00:00:00,650512.36003318
985,41,2,2046-07-01 00:00:00,652603.6989866861
986,41,2,2047-07-01 00:00:00,654695.0379401923
987,41,2,2048-07-01 00:00:00,656786.3768936982
988,41,2,2049-07-01 00:00:00,658877.7158472044
989,41,2,2050-07-01 00:00:00,660969.0548007104
990,41,2,2051-07-01 00:00:00,663060.3937542165
991,41,2,2052-07-01 00:00:00,665151.7327077226
992,41,2,2053-07-01 00:00:00,667243.0716612287
993,41,3,2022-07-01 00:00:00,565678.4310409193
994,41,3,2023-07-01 00:00:00,575527.8824271378
995,41,3,2024-07-01 00:00:00,587086.854416627
996,41,3,2025-07-01 00:00:00,596262.2462434914
997,41,3,2026-07-01 00:00:00,600547.3371409334
998,41,3,2027-07-01 00:00:00,605334.7746040915
999,41,3,2028-07-01 00:00:00,609920.548223069
1000,41,3,2029-07-01 00:00:00,614372.2568898675
1001,41,3,2030-07-01 00:00:00,620230.109299146
1002,41,3,2031-07-01 00:00:00,622068.4637018247
1003,41,3,2032-07-01 00:00:00,623940.5493779471
1004,41,3,2033-07-01 00:00:00,625846.3663275132
1005,41,3,2034-07-01 00:00:00,627785.9145505228
1006,41,3,2035-07-01 00:00:00,629750.7612286153
1007,41,3,2036-07-01 00:00:00,631757.7719985122
1008,41,3,2037-07-01 00:00:00,633798.5140418528
1009,41,3,2038-07-01 00:00:00,635872.9873586372
1010,41,3,2039-07-01 00:00:00,637981.1919488651
1011,41,3,2040-07-01 00:00:00,640064.0980840103
1012,41,3,2041-07-01 00:00:00,642155.4370375164
1013,41,3,2042-07-01 00:00:00,644246.7759910225
1014,41,3,2043-07-01 00:00:00,646329.6821261677
1015,41,3,2044-07-01 00:00:00,648421.0210796738
1016,41,3,2045-07-01 00:00:00,650512.36003318
1017,41,3,2046-07-01 00:00:00,652603.6989866861
1018,41,3,2047-07-01 00:00:00,654695.0379401923
1019,41,3,2048-07-01 00:00:00,656786.3768936982
1020,41,3,2049-07-01 00:00:00,658877.7158472044
1021,41,3,2050-07-01 00:00:00,660969.0548007104
1022,41,3,2051-07-01 00:00:00,663060.3937542165
1023,41,3,2052-07-01 00:00:00,665151.7327077226
1024,41,3,2053-07-01 00:00:00,667243.0716612287
1025,42,2,2022-07-01 00:00:00,334495.83788939327
1026,42,2,2023-07-01 00:00:00,340198.282726653
1027,42,2,2024-07-01 00:00:00,346761.09333913395
1028,42,2,2025-07-01 00:00:00,351805.9834708193
1029,42,2,2026-07-01 00:00:00,354098.60259215086
1030,42,2,2027-07-01 00:00:00,356764.4876292709
1031,42,2,2028-07-01 00:00:00,359325.6647733533
1032,42,2,2029-07-01 00:00:00,361817.0297156432
1033,42,2,2030-07-01 00:00:00,364764.3167849014
1034,42,2,2031-07-01 00:00:00,365737.432596401
1035,42,2,2032-07-01 00:00:00,366728.40374389145
1036,42,2,2033-07-01 00:00:00,367737.2302273728
1037,42,2,2034-07-01 00:00:00,368763.91204684484
1038,42,2,2035-07-01 00:00:00,369803.98536831007
1039,42,2,2036-07-01 00:00:00,370866.3778597638
1040,42,2,2037-07-01 00:00:00,371946.6256872084
1041,42,2,2038-07-01 00:00:00,373044.72885064373
1042,42,2,2039-07-01 00:00:00,374160.68735006993
1043,42,2,2040-07-01 00:00:00,375263.254347503
1044,42,2,2041-07-01 00:00:00,376370.2851789338
1045,42,2,2042-07-01 00:00:00,377477.31601036456
1046,42,2,2043-07-01 00:00:00,378579.8830077977
1047,42,2,2044-07-01 00:00:00,379686.91383922845
1048,42,2,2045-07-01 00:00:00,380793.9446706592
1049,42,2,2046-07-01 00:00:00,381900.97550209
1050,42,2,2047-07-01 00:00:00,383008.0063335208
1051,42,2,2048-07-01 00:00:00,384115.0371649516
1052,42,2,2049-07-01 00:00:00,385222.06799638236
1053,42,2,2050-07-01 00:00:00,386329.09882781317
1054,42,2,2051-07-01 00:00:00,387436.1296592439
1055,42,2,2052-07-01 00:00:00,388543.16049067467
1056,42,2,2053-07-01 00:00:00,389650.1913221055
1057,42,3,2022-07-01 00:00:00,334495.83788939327
1058,42,3,2023-07-01 00:00:00,340198.282726653
1059,42,3,2024-07-01 00:00:00,346761.09333913395
1060,42,3,2025-07-01 00:00:00,351805.9834708193
1061,42,3,2026-07-01 00:00:00,354098.60259215086
1062,42,3,2027-07-01 00:00:00,356764.4876292709
1063,42,3,2028-07-01 00:00:00,359325.6647733533
1064,42,3,2029-07-01 00:00:00,361817.0297156432
1065,42,3,2030-07-01 00:00:00,364764.3167849014
1066,42,3,2031-07-01 00:00:00,365737.432596401
1067,42,3,2032-07-01 00:00:00,366728.40374389145
1068,42,3,2033-07-01 00:00:00,367737.2302273728
1069,42,3,2034-07-01 00:00:00,368763.91204684484
1070,42,3,2035-07-01 00:00:00,369803.98536831007
1071,42,3,2036-07-01 00:00:00,370866.3778597638
1072,42,3,2037-07-01 00:00:00,371946.6256872084
1073,42,3,2038-07-01 00:00:00,373044.72885064373
1074,42,3,2039-07-01 00:00:00,374160.68735006993
1075,42,3,2040-07-01 00:00:00,375263.254347503
1076,42,3,2041-07-01 00:00:00,376370.2851789338
1077,42,3,2042-07-01 00:00:00,377477.31601036456
1078,42,3,2043-07-01 00:00:00,378579.8830077977
1079,42,3,2044-07-01 00:00:00,379686.91383922845
1080,42,3,2045-07-01 00:00:00,380793.9446706592
1081,42,3,2046-07-01 00:00:00,381900.97550209
1082,42,3,2047-07-01 00:00:00,383008.0063335208
1083,42,3,2048-07-01 00:00:00,384115.0371649516
1084,42,3,2049-07-01 00:00:00,385222.06799638236
1085,42,3,2050-07-01 00:00:00,386329.09882781317
1086,42,3,2051-07-01 00:00:00,387436.1296592439
1087,42,3,2052-07-01 00:00:00,388543.16049067467
1088,42,3,2053-07-01 00:00:00,389650.1913221055
1089,43,2,2022-07-01 00:00:00,284775.38100672496
1090,43,2,2023-07-01 00:00:00,288863.65580318146
1091,43,2,2024-07-01 00:00:00,292971.86905062664
1092,43,2,2025-07-01 00:00:00,295421.3786788428
1093,43,2,2026-07-01 00:00:00,296829.3904121538
1094,43,2,2027-07-01 00:00:00,298578.54978069046
1095,43,2,2028-07-01 00:00:00,300206.4335283456
1096,43,2,2029-07-01 00:00:00,301749.727381097
1097,43,2,2030-07-01 00:00:00,303146.90376840293
1098,43,2,2031-07-01 00:00:00,303219.14386575733
1099,43,2,2032-07-01 00:00:00,303292.7094694853
1100,43,2,2033-07-01 00:00:00,303367.6005795867
1101,43,2,2034-07-01 00:00:00,303443.8171960616
1102,43,2,2035-07-01 00:00:00,303521.0279423166
1103,43,2,2036-07-01 00:00:00,303599.8955715384
1104,43,2,2037-07-01 00:00:00,303680.0887071337
1105,43,2,2038-07-01 00:00:00,303761.60734910256
1106,43,2,2039-07-01 00:00:00,303844.4514974449
1107,43,2,2040-07-01 00:00:00,303926.301516007
1108,43,2,2041-07-01 00:00:00,304008.48291116254
1109,43,2,2042-07-01 00:00:00,304090.6643063181
1110,43,2,2043-07-01 00:00:00,304172.5143248802
1111,43,2,2044-07-01 00:00:00,304254.69572003576
1112,43,2,2045-07-01 00:00:00,304336.8771151913
1113,43,2,2046-07-01 00:00:00,304419.05851034686
1114,43,2,2047-07-01 00:00:00,304501.23990550236
1115,43,2,2048-07-01 00:00:00,304583.4213006579
1116,43,2,2049-07-01 00:00:00,304665.60269581346
1117,43,2,2050-07-01 00:00:00,304747.784090969
1118,43,2,2051-07-01 00:00:00,304829.9654861245
1119,43,2,2052-07-01 00:00:00,304912.14688128006
1120,43,2,2053-07-01 00:00:00,304994.3282764356
1121,43,3,2022-07-01 00:00:00,284775.38100672496
1122,43,3,2023-07-01 00:00:00,288863.65580318146
1123,43,3,2024-07-01 00:00:00,292971.86905062664
1124,43,3,2025-07-01 00:00:00,295421.3786788428
1125,43,3,2026-07-01 00:00:00,296829.3904121538
1126,43,3,2027-07-01 00:00:00,298578.54978069046
1127,43,3,2028-07-01 00:00:00,300206.4335283456
1128,43,3,2029-07-01 00:00:00,301749.727381097
1129,43,3,2030-07-01 00:00:00,303146.90376840293
1130,43,3,2031-07-01 00:00:00,303219.14386575733
1131,43,3,2032-07-01 00:00:00,303292.7094694853
1132,43,3,2033-07-01 00:00:00,303367.6005795867
1133,43,3,2034-07-01 00:00:00,303443.8171960616
1134,43,3,2035-07-01 00:00:00,303521.0279423166
1135,43,3,2036-07-01 00:00:00,303599.8955715384
1136,43,3,2037-07-01 00:00:00,303680.0887071337
1137,43,3,2038-07-01 00:00:00,303761.60734910256
1138,43,3,2039-07-01 00:00:00,303844.4514974449
1139,43,3,2040-07-01 00:00:00,303926.301516007
1140,43,3,2041-07-01 00:00:00,304008.48291116254
1141,43,3,2042-07-01 00:00:00,304090.6643063181
1142,43,3,2043-07-01 00:00:00,304172.5143248802
1143,43,3,2044-07-01 00:00:00,304254.69572003576
1144,43,3,2045-07-01 00:00:00,304336.8771151913
1145,43,3,2046-07-01 00:00:00,304419.05851034686
1146,43,3,2047-07-01 00:00:00,304501.23990550236
1147,43,3,2048-07-01 00:00:00,304583.4213006579
1148,43,3,2049-07-01 00:00:00,304665.60269581346
1149,43,3,2050-07-01 00:00:00,304747.784090969
1150,43,3,2051-07-01 00:00:00,304829.9654861245
1151,43,3,2052-07-01 00:00:00,304912.14688128006
1152,43,3,2053-07-01 00:00:00,304994.3282764356
1153,44,2,2022-07-01 00:00:00,419311.39034943306
1154,44,2,2023-07-01 00:00:00,426595.0092161862
1155,44,2,2024-07-01 00:00:00,435096.57583515067
1156,44,2,2025-07-01 00:00:00,441835.6623457652
1157,44,2,2026-07-01 00:00:00,444913.4818437966
1158,44,2,2027-07-01 00:00:00,448399.91089414177
1159,44,2,2028-07-01 00:00:00,451744.12132270116
1160,44,2,2029-07-01 00:00:00,454997.9469713453
1161,44,2,2030-07-01 00:00:00,459270.6115435858
1162,44,2,2031-07-01 00:00:00,460631.282890386
1163,44,2,2032-07-01 00:00:00,462016.92068391637
1164,44,2,2033-07-01 00:00:00,463427.5249241771
1165,44,2,2034-07-01 00:00:00,464863.0956111681
1166,44,2,2035-07-01 00:00:00,466317.3911332068
1167,44,2,2036-07-01 00:00:00,467802.8947136584
1168,44,2,2037-07-01 00:00:00,469313.36474084016
1169,44,2,2038-07-01 00:00:00,470848.8012147523
1170,44,2,2039-07-01 00:00:00,472409.2041353947
1171,44,2,2040-07-01 00:00:00,473950.8822209894
1172,44,2,2041-07-01 00:00:00,475498.8019182666
1173,44,2,2042-07-01 00:00:00,477046.7216155439
1174,44,2,2043-07-01 00:00:00,478588.39970113855
1175,44,2,2044-07-01 00:00:00,480136.3193984158
1176,44,2,2045-07-01 00:00:00,481684.23909569305
1177,44,2,2046-07-01 00:00:00,483232.1587929703
1178,44,2,2047-07-01 00:00:00,484780.0784902475
1179,44,2,2048-07-01 00:00:00,486327.9981875248
1180,44,2,2049-07-01 00:00:00,487875.91788480204
1181,44,2,2050-07-01 00:00:00,489423.8375820793
1182,44,2,2051-07-01 00:00:00,490971.7572793565
1183,44,2,2052-07-01 00:00:00,492519.67697663384
1184,44,2,2053-07-01 00:00:00,494067.596673911
1185,44,3,2022-07-01 00:00:00,419311.39034943306
1186,44,3,2023-07-01 00:00:00,426595.0092161862
1187,44,3,2024-07-01 00:00:00,435096.57583515067
1188,44,3,2025-07-01 00:00:00,441835.6623457652
1189,44,3,2026-07-01 00:00:00,444913.4818437966
1190,44,3,2027-07-01 00:00:00,448399.91089414177
1191,44,3,2028-07-01 00:00:00,451744.12132270116
1192,44,3,2029-07-01 00:00:00,454997.9469713453
1193,44,3,2030-07-01 00:00:00,459270.6115435858
1194,44,3,2031-07-01 00:00:00,460631.282890386
1195,44,3,2032-07-01 00:00:00,462016.92068391637
1196,44,3,2033-07-01 00:00:00,463427.5249241771
1197,44,3,2034-07-01 00:00:00,464863.0956111681
1198,44,3,2035-07-01 00:00:00,466317.3911332068
1199,44,3,2036-07-01 00:00:00,467802.8947136584
1200,44,3,2037-07-01 00:00:00,469313.36474084016
1201,44,3,2038-07-01 00:00:00,470848.8012147523
1202,44,3,2039-07-01 00:00:00,472409.2041353947
1203,44,3,2040-07-01 00:00:00,473950.8822209894
1204,44,3,2041-07-01 00:00:00,475498.8019182666
1205,44,3,2042-07-01 00:00:00,477046.7216155439
1206,44,3,2043-07-01 00:00:00,478588.39970113855
1207,44,3,2044-07-01 00:00:00,480136.3193984158
1208,44,3,2045-07-01 00:00:00,481684.23909569305
1209,44,3,2046-07-01 00:00:00,483232.1587929703
1210,44,3,2047-07-01 00:00:00,484780.0784902475
1211,44,3,2048-07-01 00:00:00,486327.9981875248
1212,44,3,2049-07-01 00:00:00,487875.91788480204
1213,44,3,2050-07-01 00:00:00,489423.8375820793
1214,44,3,2051-07-01 00:00:00,490971.7572793565
1215,44,3,2052-07-01 00:00:00,492519.67697663384
1216,44,3,2053-07-01 00:00:00,494067.596673911
1217,45,2,2022-07-01 00:00:00,322951.0332265176
1218,45,2,2023-07-01 00:00:00,328753.26784766326
1219,45,2,2024-07-01 00:00:00,335149.9224767347
1220,45,2,2025-07-01 00:00:00,339824.29459871206
1221,45,2,2026-07-01 00:00:00,342021.7459713773
1222,45,2,2027-07-01 00:00:00,344541.7284496995
1223,45,2,2028-07-01 00:00:00,346984.5022339796
1224,45,2,2029-07-01 00:00:00,349378.64115945017
1225,45,2,2030-07-01 00:00:00,351879.8899067105
1226,45,2,2031-07-01 00:00:00,352692.3643907773
1227,45,2,2032-07-01 00:00:00,353519.7466635426
1228,45,2,2033-07-01 00:00:00,354362.03672500624
1229,45,2,2034-07-01 00:00:00,355219.23457516846
1230,45,2,2035-07-01 00:00:00,356087.61326685455
1231,45,2,2036-07-01 00:00:00,356974.6266944138
1232,45,2,2037-07-01 00:00:00,357876.54791067133
1233,45,2,2038-07-01 00:00:00,358793.37691562745
1234,45,2,2039-07-01 00:00:00,359725.1137092821
1235,45,2,2040-07-01 00:00:00,360645.6696614128
1236,45,2,2041-07-01 00:00:00,361569.9525607181
1237,45,2,2042-07-01 00:00:00,362494.2354600235
1238,45,2,2043-07-01 00:00:00,363414.7914121542
1239,45,2,2044-07-01 00:00:00,364339.07431145955
1240,45,2,2045-07-01 00:00:00,365263.35721076484
1241,45,2,2046-07-01 00:00:00,366187.64011007024
1242,45,2,2047-07-01 00:00:00,367111.9230093756
1243,45,2,2048-07-01 00:00:00,368036.20590868086
1244,45,2,2049-07-01 00:00:00,368960.4888079862
1245,45,2,2050-07-01 00:00:00,369884.7717072916
1246,45,2,2051-07-01 00:00:00,370809.05460659694
1247,45,2,2052-07-01 00:00:00,371733.3375059023
1248,45,2,2053-07-01 00:00:00,372657.6204052076
1249,45,3,2022-07-01 00:00:00,322951.0332265176
1250,45,3,2023-07-01 00:00:00,328753.26784766326
1251,45,3,2024-07-01 00:00:00,335149.9224767347
1252,45,3,2025-07-01 00:00:00,339824.29459871206
1253,45,3,2026-07-01 00:00:00,342021.7459713773
1254,45,3,2027-07-01 00:00:00,344541.7284496995
1255,45,3,2028-07-01 00:00:00,346984.5022339796
1256,45,3,2029-07-01 00:00:00,349378.64115945017
1257,45,3,2030-07-01 00:00:00,351879.8899067105
1258,45,3,2031-07-01 00:00:00,352692.3643907773
1259,45,3,2032-07-01 00:00:00,353519.7466635426
1260,45,3,2033-07-01 00:00:00,354362.03672500624
1261,45,3,2034-07-01 00:00:00,355219.23457516846
1262,45,3,2035-07-01 00:00:00,356087.61326685455
1263,45,3,2036-07-01 00:00:00,356974.6266944138
1264,45,3,2037-07-01 00:00:00,357876.54791067133
1265,45,3,2038-07-01 00:00:00,358793.37691562745
1266,45,3,2039-07-01 00:00:00,359725.1137092821
1267,45,3,2040-07-01 00:00:00,360645.6696614128
1268,45,3,2041-07-01 00:00:00,361569.9525607181
1269,45,3,2042-07-01 00:00:00,362494.2354600235
1270,45,3,2043-07-01 00:00:00,363414.7914121542
1271,45,3,2044-07-01 00:00:00,364339.07431145955
1272,45,3,2045-07-01 00:00:00,365263.35721076484
1273,45,3,2046-07-01 00:00:00,366187.64011007024
1274,45,3,2047-07-01 00:00:00,367111.9230093756
1275,45,3,2048-07-01 00:00:00,368036.20590868086
1276,45,3,2049-07-01 00:00:00,368960.4888079862
1277,45,3,2050-07-01 00:00:00,369884.7717072916
1278,45,3,2051-07-01 00:00:00,370809.05460659694
1279,45,3,2052-07-01 00:00:00,371733.3375059023
1280,45,3,2053-07-01 00:00:00,372657.6204052076
1281,47,2,2022-07-01 00:00:00,1238787.523220914
1282,47,2,2023-07-01 00:00:00,1263572.1221087126
1283,47,2,2024-07-01 00:00:00,1285353.6297881915
1284,47,2,2025-07-01 00:00:00,1298850.8683898633
1285,47,2,2026-07-01 00:00:00,1305298.869873541
1286,47,2,2027-07-01 00:00:00,1311791.6164134187
1287,47,2,2028-07-01 00:00:00,1318636.9864179557
1288,47,2,2029-07-01 00:00:00,1326049.0050133143
1289,47,2,2030-07-01 00:00:00,1331040.310987816
1290,47,2,2031-07-01 00:00:00,1332172.668646213
1291,47,2,2032-07-01 00:00:00,1333325.8035093513
1292,47,2,2033-07-01 00:00:00,1334499.7155772308
1293,47,2,2034-07-01 00:00:00,1335694.4048498513
1294,47,2,2035-07-01 00:00:00,1336904.677026028
1295,47,2,2036-07-01 00:00:00,1338140.920708131
1296,47,2,2037-07-01 00:00:00,1339397.9415949758
1297,47,2,2038-07-01 00:00:00,1340675.7396865613
1298,47,2,2039-07-01 00:00:00,1341974.3149828883
1299,47,2,2040-07-01 00:00:00,1343257.307375659
1300,47,2,2041-07-01 00:00:00,1344545.4940696154
1301,47,2,2042-07-01 00:00:00,1345833.6807635715
1302,47,2,2043-07-01 00:00:00,1347116.6731563427
1303,47,2,2044-07-01 00:00:00,1348404.8598502988
1304,47,2,2045-07-01 00:00:00,1349693.0465442552
1305,47,2,2046-07-01 00:00:00,1350981.2332382114
1306,47,2,2047-07-01 00:00:00,1352269.4199321677
1307,47,2,2048-07-01 00:00:00,1353557.606626124
1308,47,2,2049-07-01 00:00:00,1354845.7933200805
1309,47,2,2050-07-01 00:00:00,1356133.9800140366
1310,47,2,2051-07-01 00:00:00,1357422.166707993
1311,47,2,2052-07-01 00:00:00,1358710.3534019492
1312,47,2,2053-07-01 00:00:00,1359998.5400959053
1313,47,3,2022-07-01 00:00:00,1238787.523220914
1314,47,3,2023-07-01 00:00:00,1263572.1221087126
1315,47,3,2024-07-01 00:00:00,1285353.6297881915
1316,47,3,2025-07-01 00:00:00,1298850.8683898633
1317,47,3,2026-07-01 00:00:00,1305298.869873541
1318,47,3,2027-07-01 00:00:00,1311791.6164134187
1319,47,3,2028-07-01 00:00:00,1318636.9864179557
1320,47,3,2029-07-01 00:00:00,1326049.0050133143
1321,47,3,2030-07-01 00:00:00,1331040.310987816
1322,47,3,2031-07-01 00:00:00,1332172.668646213
1323,47,3,2032-07-01 00:00:00,1333325.8035093513
1324,47,3,2033-07-01 00:00:00,1334499.7155772308
1325,47,3,2034-07-01 00:00:00,1335694.4048498513
1326,47,3,2035-07-01 00:00:00,1336904.677026028
1327,47,3,2036-07-01 00:00:00,1338140.920708131
1328,47,3,2037-07-01 00:00:00,1339397.9415949758
1329,47,3,2038-07-01 00:00:00,1340675.7396865613
1330,47,3,2039-07-01 00:00:00,1341974.3149828883
1331,47,3,2040-07-01 00:00:00,1343257.307375659
1332,47,3,2041-07-01 00:00:00,1344545.4940696154
1333,47,3,2042-07-01 00:00:00,1345833.6807635715
1334,47,3,2043-07-01 00:00:00,1347116.6731563427
1335,47,3,2044-07-01 00:00:00,1348404.8598502988
1336,47,3,2045-07-01 00:00:00,1349693.0465442552
1337,47,3,2046-07-01 00:00:00,1350981.2332382114
1338,47,3,2047-07-01 00:00:00,1352269.4199321677
1339,47,3,2048-07-01 00:00:00,1353557.606626124
1340,47,3,2049-07-01 00:00:00,1354845.7933200805
1341,47,3,2050-07-01 00:00:00,1356133.9800140366
1342,47,3,2051-07-01 00:00:00,1357422.166707993
1343,47,3,2052-07-01 00:00:00,1358710.3534019492
1344,47,3,2053-07-01 00:00:00,1359998.5400959053
1345,48,2,2022-07-01 00:00:00,505197.8458280181
1346,48,2,2023-07-01 00:00:00,512670.98257897916
1347,48,2,2024-07-01 00:00:00,521322.0679941991
1348,48,2,2025-07-01 00:00:00,527928.1198847378
1349,48,2,2026-07-01 00:00:00,531404.5234808752
1350,48,2,2027-07-01 00:00:00,535339.6084103063
1351,48,2,2028-07-01 00:00:00,538993.1824869271
1352,48,2,2029-07-01 00:00:00,542439.048139973
1353,48,2,2030-07-01 00:00:00,546960.5495359263
1354,48,2,2031-07-01 00:00:00,547977.3611944038
1355,48,2,2032-07-01 00:00:00,549012.8299475324
1356,48,2,2033-07-01 00:00:00,550066.9557953117
1357,48,2,2034-07-01 00:00:00,551139.7387377421
1358,48,2,2035-07-01 00:00:00,552226.5145011607
1359,48,2,2036-07-01 00:00:00,553336.6116328931
1360,48,2,2037-07-01 00:00:00,554465.3658592763
1361,48,2,2038-07-01 00:00:00,555612.7771803106
1362,48,2,2039-07-01 00:00:00,556778.8455959958
1363,48,2,2040-07-01 00:00:00,557930.9211906927
1364,48,2,2041-07-01 00:00:00,559087.6610590525
1365,48,2,2042-07-01 00:00:00,560244.4009274121
1366,48,2,2043-07-01 00:00:00,561396.476522109
1367,48,2,2044-07-01 00:00:00,562553.2163904688
1368,48,2,2045-07-01 00:00:00,563709.9562588285
1369,48,2,2046-07-01 00:00:00,564866.6961271882
1370,48,2,2047-07-01 00:00:00,566023.4359955479
1371,48,2,2048-07-01 00:00:00,567180.1758639077
1372,48,2,2049-07-01 00:00:00,568336.9157322674
1373,48,2,2050-07-01 00:00:00,569493.6556006271
1374,48,2,2051-07-01 00:00:00,570650.3954689867
1375,48,2,2052-07-01 00:00:00,571807.1353373465
1376,48,2,2053-07-01 00:00:00,572963.8752057062
1377,48,3,2022-07-01 00:00:00,505197.8458280181
1378,48,3,2023-07-01 00:00:00,512670.98257897916
1379,48,3,2024-07-01 00:00:00,521322.0679941991
1380,48,3,2025-07-01 00:00:00,527928.1198847378
1381,48,3,2026-07-01 00:00:00,531404.5234808752
1382,48,3,2027-07-01 00:00:00,535339.6084103063
1383,48,3,2028-07-01 00:00:00,538993.1824869271
1384,48,3,2029-07-01 00:00:00,542439.048139973
1385,48,3,2030-07-01 00:00:00,546960.5495359263
1386,48,3,2031-07-01 00:00:00,547977.3611944038
1387,48,3,2032-07-01 00:00:00,549012.8299475324
1388,48,3,2033-07-01 00:00:00,550066.9557953117
1389,48,3,2034-07-01 00:00:00,551139.7387377421
1390,48,3,2035-07-01 00:00:00,552226.5145011607
1391,48,3,2036-07-01 00:00:00,553336.6116328931
1392,48,3,2037-07-01 00:00:00,554465.3658592763
1393,48,3,2038-07-01 00:00:00,555612.7771803106
1394,48,3,2039-07-01 00:00:00,556778.8455959958
1395,48,3,2040-07-01 00:00:00,557930.9211906927
1396,48,3,2041-07-01 00:00:00,559087.6610590525
1397,48,3,2042-07-01 00:00:00,560244.4009274121
1398,48,3,2043-07-01 00:00:00,561396.476522109
1399,48,3,2044-07-01 00:00:00,562553.2163904688
1400,48,3,2045-07-01 00:00:00,563709.9562588285
1401,48,3,2046-07-01 00:00:00,564866.6961271882
1402,48,3,2047-07-01 00:00:00,566023.4359955479
1403,48,3,2048-07-01 00:00:00,567180.1758639077
1404,48,3,2049-07-01 00:00:00,568336.9157322674
1405,48,3,2050-07-01 00:00:00,569493.6556006271
1406,48,3,2051-07-01 00:00:00,570650.3954689867
1407,48,3,2052-07-01 00:00:00,571807.1353373465
1408,48,3,2053-07-01 00:00:00,572963.8752057062
1409,49,2,2022-07-01 00:00:00,794548.1238043718
1410,49,2,2023-07-01 00:00:00,806884.030462876
1411,49,2,2024-07-01 00:00:00,821270.9341110676
1412,49,2,2025-07-01 00:00:00,832852.1337171722
1413,49,2,2026-07-01 00:00:00,838713.9203219893
1414,49,2,2027-07-01 00:00:00,845286.9897083828
1415,49,2,2028-07-01 00:00:00,851389.3397307161
1416,49,2,2029-07-01 00:00:00,857144.5760953458
1417,49,2,2030-07-01 00:00:00,866870.6033718586
1418,49,2,2031-07-01 00:00:00,868953.1411373502
1419,49,2,2032-07-01 00:00:00,871073.8906049606
1420,49,2,2033-07-01 00:00:00,873232.8517746903
1421,49,2,2034-07-01 00:00:00,875430.0246465392
1422,49,2,2035-07-01 00:00:00,877655.8562949774
1423,49,2,2036-07-01 00:00:00,879929.4525710645
1424,49,2,2037-07-01 00:00:00,882241.2605492707
1425,49,2,2038-07-01 00:00:00,884591.2802295958
1426,49,2,2039-07-01 00:00:00,886979.5116120402
1427,49,2,2040-07-01 00:00:00,889339.0842178952
1428,49,2,2041-07-01 00:00:00,891708.20974928
1429,49,2,2042-07-01 00:00:00,894077.335280665
1430,49,2,2043-07-01 00:00:00,896436.9078865199
1431,49,2,2044-07-01 00:00:00,898806.0334179047
1432,49,2,2045-07-01 00:00:00,901175.1589492895
1433,49,2,2046-07-01 00:00:00,903544.2844806743
1434,49,2,2047-07-01 00:00:00,905913.4100120593
1435,49,2,2048-07-01 00:00:00,908282.535543444
1436,49,2,2049-07-01 00:00:00,910651.6610748288
1437,49,2,2050-07-01 00:00:00,913020.7866062135
1438,49,2,2051-07-01 00:00:00,915389.9121375984
1439,49,2,2052-07-01 00:00:00,917759.0376689831
1440,49,2,2053-07-01 00:00:00,920128.1632003678
1441,49,3,2022-07-01 00:00:00,794548.1238043718
1442,49,3,2023-07-01 00:00:00,806884.030462876
1443,49,3,2024-07-01 00:00:00,821270.9341110676
1444,49,3,2025-07-01 00:00:00,832852.1337171722
1445,49,3,2026-07-01 00:00:00,838713.9203219893
1446,49,3,2027-07-01 00:00:00,845286.9897083828
1447,49,3,2028-07-01 00:00:00,851389.3397307161
1448,49,3,2029-07-01 00:00:00,857144.5760953458
1449,49,3,2030-07-01 00:00:00,866870.6033718586
1450,49,3,2031-07-01 00:00:00,868953.1411373502
1451,49,3,2032-07-01 00:00:00,871073.8906049606
1452,49,3,2033-07-01 00:00:00,873232.8517746903
1453,49,3,2034-07-01 00:00:00,875430.0246465392
1454,49,3,2035-07-01 00:00:00,877655.8562949774
1455,49,3,2036-07-01 00:00:00,879929.4525710645
1456,49,3,2037-07-01 00:00:00,882241.2605492707
1457,49,3,2038-07-01 00:00:00,884591.2802295958
1458,49,3,2039-07-01 00:00:00,886979.5116120402
1459,49,3,2040-07-01 00:00:00,889339.0842178952
1460,49,3,2041-07-01 00:00:00,891708.20974928
1461,49,3,2042-07-01 00:00:00,894077.335280665
1462,49,3,2043-07-01 00:00:00,896436.9078865199
1463,49,3,2044-07-01 00:00:00,898806.0334179047
1464,49,3,2045-07-01 00:00:00,901175.1589492895
1465,49,3,2046-07-01 00:00:00,903544.2844806743
1466,49,3,2047-07-01 00:00:00,905913.4100120593
1467,49,3,2048-07-01 00:00:00,908282.535543444
1468,49,3,2049-07-01 00:00:00,910651.6610748288
1469,49,3,2050-07-01 00:00:00,913020.7866062135
1470,49,3,2051-07-01 00:00:00,915389.9121375984
1471,49,3,2052-07-01 00:00:00,917759.0376689831
1472,49,3,2053-07-01 00:00:00,920128.1632003678
1473,53,2,2022-07-01 00:00:00,545569.0652660755
1474,53,2,2023-07-01 00:00:00,554715.7723540309
1475,53,2,2024-07-01 00:00:00,564329.366685693
1476,53,2,2025-07-01 00:00:00,571881.0639092228
1477,53,2,2026-07-01 00:00:00,575633.7663745763
1478,53,2,2027-07-01 00:00:00,580046.2437757947
1479,53,2,2028-07-01 00:00:00,584106.7951204006
1480,53,2,2029-07-01 00:00:00,587895.5823666248
1481,53,2,2030-07-01 00:00:00,590598.7924308855
1482,53,2,2031-07-01 00:00:00,591879.0519515307
1483,53,2,2032-07-01 00:00:00,593182.802472555
1484,53,2,2033-07-01 00:00:00,594510.0439939577
1485,53,2,2034-07-01 00:00:00,595860.7765157395
1486,53,2,2035-07-01 00:00:00,597229.1272878052
1487,53,2,2036-07-01 00:00:00,598626.8418103446
1488,53,2,2037-07-01 00:00:00,600048.0473332627
1489,53,2,2038-07-01 00:00:00,601492.7438565597
1490,53,2,2039-07-01 00:00:00,602960.9313802355
1491,53,2,2040-07-01 00:00:00,604411.5006536271
1492,53,2,2041-07-01 00:00:00,605867.9426771135
1493,53,2,2042-07-01 00:00:00,607324.3847005999
1494,53,2,2043-07-01 00:00:00,608774.9539739917
1495,53,2,2044-07-01 00:00:00,610231.3959974779
1496,53,2,2045-07-01 00:00:00,611687.8380209643
1497,53,2,2046-07-01 00:00:00,613144.2800444507
1498,53,2,2047-07-01 00:00:00,614600.722067937
1499,53,2,2048-07-01 00:00:00,616057.1640914234
1500,53,2,2049-07-01 00:00:00,617513.6061149098
1501,53,2,2050-07-01 00:00:00,618970.0481383961
1502,53,2,2051-07-01 00:00:00,620426.4901618826
1503,53,2,2052-07-01 00:00:00,621882.932185369
1504,53,2,2053-07-01 00:00:00,623339.3742088552
1505,53,3,2022-07-01 00:00:00,545569.0652660755
1506,53,3,2023-07-01 00:00:00,554715.7723540309
1507,53,3,2024-07-01 00:00:00,564329.366685693
1508,53,3,2025-07-01 00:00:00,571881.0639092228
1509,53,3,2026-07-01 00:00:00,575633.7663745763
1510,53,3,2027-07-01 00:00:00,580046.2437757947
1511,53,3,2028-07-01 00:00:00,584106.7951204006
1512,53,3,2029-07-01 00:00:00,587895.5823666248
1513,53,3,2030-07-01 00:00:00,590598.7924308855
1514,53,3,2031-07-01 00:00:00,591879.0519515307
1515,53,3,2032-07-01 00:00:00,593182.802472555
1516,53,3,2033-07-01 00:00:00,594510.0439939577
1517,53,3,2034-07-01 00:00:00,595860.7765157395
1518,53,3,2035-07-01 00:00:00,597229.1272878052
1519,53,3,2036-07-01 00:00:00,598626.8418103446
1520,53,3,2037-07-01 00:00:00,600048.0473332627
1521,53,3,2038-07-01 00:00:00,601492.7438565597
1522,53,3,2039-07-01 00:00:00,602960.9313802355
1523,53,3,2040-07-01 00:00:00,604411.5006536271
1524,53,3,2041-07-01 00:00:00,605867.9426771135
1525,53,3,2042-07-01 00:00:00,607324.3847005999
1526,53,3,2043-07-01 00:00:00,608774.9539739917
1527,53,3,2044-07-01 00:00:00,610231.3959974779
1528,53,3,2045-07-01 00:00:00,611687.8380209643
1529,53,3,2046-07-01 00:00:00,613144.2800444507
1530,53,3,2047-07-01 00:00:00,614600.722067937
1531,53,3,2048-07-01 00:00:00,616057.1640914234
1532,53,3,2049-07-01 00:00:00,617513.6061149098
1533,53,3,2050-07-01 00:00:00,618970.0481383961
1534,53,3,2051-07-01 00:00:00,620426.4901618826
1535,53,3,2052-07-01 00:00:00,621882.932185369
1536,53,3,2053-07-01 00:00:00,623339.3742088552
1537,54,2,2022-07-01 00:00:00,456357.01250529574
1538,54,2,2023-07-01 00:00:00,463277.66234680923
1539,54,2,2024-07-01 00:00:00,470922.08832708286
1540,54,2,2025-07-01 00:00:00,476634.61713964265
1541,54,2,2026-07-01 00:00:00,479652.6398318146
1542,54,2,2027-07-01 00:00:00,483140.55683084455
1543,54,2,2028-07-01 00:00:00,486363.2420340935
1544,54,2,2029-07-01 00:00:00,489387.0711135522
1545,54,2,2030-07-01 00:00:00,491070.7968894065
1546,54,2,2031-07-01 00:00:00,491887.0701222337
1547,54,2,2032-07-01 00:00:00,492718.3208455716
1548,54,2,2033-07-01 00:00:00,493564.54905942
1549,54,2,2034-07-01 00:00:00,494425.754763779
1550,54,2,2035-07-01 00:00:00,495298.193586021
1551,54,2,2036-07-01 00:00:00,496189.3542714012
1552,54,2,2037-07-01 00:00:00,497095.492447292
1553,54,2,2038-07-01 00:00:00,498016.6081136934
1554,54,2,2039-07-01 00:00:00,498952.7012706054
1555,54,2,2040-07-01 00:00:00,499877.56130963436
1556,54,2,2041-07-01 00:00:00,500806.1657212911
1557,54,2,2042-07-01 00:00:00,501734.7701329478
1558,54,2,2043-07-01 00:00:00,502659.6301719768
1559,54,2,2044-07-01 00:00:00,503588.2345836334
1560,54,2,2045-07-01 00:00:00,504516.8389952901
1561,54,2,2046-07-01 00:00:00,505445.4434069467
1562,54,2,2047-07-01 00:00:00,506374.0478186035
1563,54,2,2048-07-01 00:00:00,507302.6522302602
1564,54,2,2049-07-01 00:00:00,508231.2566419168
1565,54,2,2050-07-01 00:00:00,509159.86105357355
1566,54,2,2051-07-01 00:00:00,510088.4654652302
1567,54,2,2052-07-01 00:00:00,511017.0698768869
1568,54,2,2053-07-01 00:00:00,511945.6742885435
1569,54,3,2022-07-01 00:00:00,456357.01250529574
1570,54,3,2023-07-01 00:00:00,463277.66234680923
1571,54,3,2024-07-01 00:00:00,470922.08832708286
1572,54,3,2025-07-01 00:00:00,476634.61713964265
1573,54,3,2026-07-01 00:00:00,479652.6398318146
1574,54,3,2027-07-01 00:00:00,483140.55683084455
1575,54,3,2028-07-01 00:00:00,486363.2420340935
1576,54,3,2029-07-01 00:00:00,489387.0711135522
1577,54,3,2030-07-01 00:00:00,491070.7968894065
1578,54,3,2031-07-01 00:00:00,491887.0701222337
1579,54,3,2032-07-01 00:00:00,492718.3208455716
1580,54,3,2033-07-01 00:00:00,493564.54905942
1581,54,3,2034-07-01 00:00:00,494425.754763779
1582,54,3,2035-07-01 00:00:00,495298.193586021
1583,54,3,2036-07-01 00:00:00,496189.3542714012
1584,54,3,2037-07-01 00:00:00,497095.492447292
1585,54,3,2038-07-01 00:00:00,498016.6081136934
1586,54,3,2039-07-01 00:00:00,498952.7012706054
1587,54,3,2040-07-01 00:00:00,499877.56130963436
1588,54,3,2041-07-01 00:00:00,500806.1657212911
1589,54,3,2042-07-01 00:00:00,501734.7701329478
1590,54,3,2043-07-01 00:00:00,502659.6301719768
1591,54,3,2044-07-01 00:00:00,503588.2345836334
1592,54,3,2045-07-01 00:00:00,504516.8389952901
1593,54,3,2046-07-01 00:00:00,505445.4434069467
1594,54,3,2047-07-01 00:00:00,506374.0478186035
1595,54,3,2048-07-01 00:00:00,507302.6522302602
1596,54,3,2049-07-01 00:00:00,508231.2566419168
1597,54,3,2050-07-01 00:00:00,509159.86105357355
1598,54,3,2051-07-01 00:00:00,510088.4654652302
1599,54,3,2052-07-01 00:00:00,511017.0698768869
1600,54,3,2053-07-01 00:00:00,511945.6742885435
1601,55,2,2022-07-01 00:00:00,605530.8189194085
1602,55,2,2023-07-01 00:00:00,615340.2540478364
1603,55,2,2024-07-01 00:00:00,626756.003646398
1604,55,2,2025-07-01 00:00:00,635877.5979372074
1605,55,2,2026-07-01 00:00:00,640231.3733300077
1606,55,2,2027-07-01 00:00:00,645225.2395474147
1607,55,2,2028-07-01 00:00:00,649918.2444063004
1608,55,2,2029-07-01 00:00:00,654391.8601299255
1609,55,2,2030-07-01 00:00:00,657146.1138762981
1610,55,2,2031-07-01 00:00:00,658893.6934245798
1611,55,2,2032-07-01 00:00:00,660673.3386526466
1612,55,2,2033-07-01 00:00:00,662485.0495604983
1613,55,2,2034-07-01 00:00:00,664328.8261481351
1614,55,2,2035-07-01 00:00:00,666196.6519956106
1615,55,2,2036-07-01 00:00:00,668104.5599428172
1616,55,2,2037-07-01 00:00:00,670044.5335698089
1617,55,2,2038-07-01 00:00:00,672016.5728765856
1618,55,2,2039-07-01 00:00:00,674020.6778631472
1619,55,2,2040-07-01 00:00:00,676000.7335898703
1620,55,2,2041-07-01 00:00:00,677988.8057365394
1621,55,2,2042-07-01 00:00:00,679976.8778832086
1622,55,2,2043-07-01 00:00:00,681956.9336099315
1623,55,2,2044-07-01 00:00:00,683945.0057566006
1624,55,2,2045-07-01 00:00:00,685933.0779032699
1625,55,2,2046-07-01 00:00:00,687921.150049939
1626,55,2,2047-07-01 00:00:00,689909.2221966082
1627,55,2,2048-07-01 00:00:00,691897.2943432775
1628,55,2,2049-07-01 00:00:00,693885.3664899466
1629,55,2,2050-07-01 00:00:00,695873.4386366158
1630,55,2,2051-07-01 00:00:00,697861.5107832849
1631,55,2,2052-07-01 00:00:00,699849.5829299542
1632,55,2,2053-07-01 00:00:00,701837.6550766232
1633,55,3,2022-07-01 00:00:00,605530.8189194085
1634,55,3,2023-07-01 00:00:00,615340.2540478364
1635,55,3,2024-07-01 00:00:00,626756.003646398
1636,55,3,2025-07-01 00:00:00,635877.5979372074
1637,55,3,2026-07-01 00:00:00,640231.3733300077
1638,55,3,2027-07-01 00:00:00,645225.2395474147
1639,55,3,2028-07-01 00:00:00,649918.2444063004
1640,55,3,2029-07-01 00:00:00,654391.8601299255
1641,55,3,2030-07-01 00:00:00,657146.1138762981
1642,55,3,2031-07-01 00:00:00,658893.6934245798
1643,55,3,2032-07-01 00:00:00,660673.3386526466
1644,55,3,2033-07-01 00:00:00,662485.0495604983
1645,55,3,2034-07-01 00:00:00,664328.8261481351
1646,55,3,2035-07-01 00:00:00,666196.6519956106
1647,55,3,2036-07-01 00:00:00,668104.5599428172
1648,55,3,2037-07-01 00:00:00,670044.5335698089
1649,55,3,2038-07-01 00:00:00,672016.5728765856
1650,55,3,2039-07-01 00:00:00,674020.6778631472
1651,55,3,2040-07-01 00:00:00,676000.7335898703
1652,55,3,2041-07-01 00:00:00,677988.8057365394
1653,55,3,2042-07-01 00:00:00,679976.8778832086
1654,55,3,2043-07-01 00:00:00,681956.9336099315
1655,55,3,2044-07-01 00:00:00,683945.0057566006
1656,55,3,2045-07-01 00:00:00,685933.0779032699
1657,55,3,2046-07-01 00:00:00,687921.150049939
1658,55,3,2047-07-01 00:00:00,689909.2221966082
1659,55,3,2048-07-01 00:00:00,691897.2943432775
1660,55,3,2049-07-01 00:00:00,693885.3664899466
1661,55,3,2050-07-01 00:00:00,695873.4386366158
1662,55,3,2051-07-01 00:00:00,697861.5107832849
1663,55,3,2052-07-01 00:00:00,699849.5829299542
1664,55,3,2053-07-01 00:00:00,701837.6550766232
1665,17,1,2022-07-01 00:00:00,1128507.7716756607
1666,17,1,2023-07-01 00:00:00,1145341.201388012
1667,17,1,2024-07-01 00:00:00,1162381.3803837753
1668,17,1,2025-07-01 00:00:00,1175920.8235220704
1669,17,1,2026-07-01 00:00:00,1179004.4920337463
1670,17,1,2027-07-01 00:00:00,1180641.5838386489
1671,17,1,2028-07-01 00:00:00,1182321.8518709557
1672,17,1,2029-07-01 00:00:00,1184039.9881304265
1673,17,1,2030-07-01 00:00:00,1185792.8181373025
1674,17,1,2031-07-01 00:00:00,1187578.0735646612
1675,17,1,2032-07-01 00:00:00,1189396.0859723382
1676,17,1,2033-07-01 00:00:00,1191246.8553603338
1677,17,1,2034-07-01 00:00:00,1193130.3817286477
1678,17,1,2035-07-01 00:00:00,1195038.4758322006
1679,17,1,2036-07-01 00:00:00,1196987.5161611517
1680,17,1,2037-07-01 00:00:00,1198969.3134704214
1681,17,1,2038-07-01 00:00:00,1200983.8677600094
1682,17,1,2039-07-01 00:00:00,1203031.179029916
1683,17,1,2040-07-01 00:00:00,1205053.9225645834
1684,17,1,2041-07-01 00:00:00,1207084.855344331
1685,17,1,2042-07-01 00:00:00,1209115.7881240782
1686,17,1,2043-07-01 00:00:00,1211138.5316587458
1687,17,1,2044-07-01 00:00:00,1213169.4644384934
1688,17,1,2045-07-01 00:00:00,1215200.3972182407
1689,17,1,2046-07-01 00:00:00,1217231.3299979877
1690,17,1,2047-07-01 00:00:00,1219262.262777735
1691,17,1,2048-07-01 00:00:00,1221293.1955574825
1692,17,1,2049-07-01 00:00:00,1223324.1283372298
1693,17,1,2050-07-01 00:00:00,1225355.061116977
1694,17,1,2051-07-01 00:00:00,1227385.9938967244
1695,17,1,2052-07-01 00:00:00,1229416.9266764717
1696,17,1,2053-07-01 00:00:00,1231447.859456219
1697,18,1,2022-07-01 00:00:00,1400496.5883403318
1698,18,1,2023-07-01 00:00:00,1419300.419970303
1699,18,1,2024-07-01 00:00:00,1439994.8327203586
1700,18,1,2025-07-01 00:00:00,1455435.0272844702
1701,18,1,2026-07-01 00:00:00,1458245.9296609801
1702,18,1,2027-07-01 00:00:00,1459745.86572233
1703,18,1,2028-07-01 00:00:00,1461285.3607539914
1704,18,1,2029-07-01 00:00:00,1462859.5514195445
1705,18,1,2030-07-01 00:00:00,1464465.5291548313
1706,18,1,2031-07-01 00:00:00,1466101.2157189338
1707,18,1,2032-07-01 00:00:00,1467766.9148805428
1708,18,1,2033-07-01 00:00:00,1469462.6266396586
1709,18,1,2034-07-01 00:00:00,1471188.3509962806
1710,18,1,2035-07-01 00:00:00,1472936.5848010324
1711,18,1,2036-07-01 00:00:00,1474722.3343526674
1712,18,1,2037-07-01 00:00:00,1476538.0965018088
1713,18,1,2038-07-01 00:00:00,1478383.8712484569
1714,18,1,2039-07-01 00:00:00,1480259.6585926113
1715,18,1,2040-07-01 00:00:00,1482112.936488636
1716,18,1,2041-07-01 00:00:00,1483973.7175340373
1717,18,1,2042-07-01 00:00:00,1485834.4985794383
1718,18,1,2043-07-01 00:00:00,1487687.7764754628
1719,18,1,2044-07-01 00:00:00,1489548.557520864
1720,18,1,2045-07-01 00:00:00,1491409.3385662655
1721,18,1,2046-07-01 00:00:00,1493270.1196116668
1722,18,1,2047-07-01 00:00:00,1495130.9006570675
1723,18,1,2048-07-01 00:00:00,1496991.6817024692
1724,18,1,2049-07-01 00:00:00,1498852.46274787
1725,18,1,2050-07-01 00:00:00,1500713.2437932715
1726,18,1,2051-07-01 00:00:00,1502574.0248386727
1727,18,1,2052-07-01 00:00:00,1504434.805884074
1728,18,1,2053-07-01 00:00:00,1506295.5869294747
1729,20,1,2022-07-01 00:00:00,912796.6890666666
1730,20,1,2023-07-01 00:00:00,926463.2562111112
1731,20,1,2024-07-01 00:00:00,941023.3189111111
1732,20,1,2025-07-01 00:00:00,952585.5237
1733,20,1,2026-07-01 00:00:00,954080.4597777778
1734,20,1,2027-07-01 00:00:00,955623.5761777777
1735,20,1,2028-07-01 00:00:00,957207.3903333333
1736,20,1,2029-07-01 00:00:00,958826.8989222222
1737,20,1,2030-07-01 00:00:00,960479.1097111112
1738,20,1,2031-07-01 00:00:00,962161.8845666667
1739,20,1,2032-07-01 00:00:00,963875.5360333333
1740,20,1,2033-07-01 00:00:00,965620.0641000001
1741,20,1,2034-07-01 00:00:00,967395.4687666666
1742,20,1,2035-07-01 00:00:00,969194.0308888889
1743,20,1,2036-07-01 00:00:00,971031.1887666667
1744,20,1,2037-07-01 00:00:00,972899.2232444444
1745,20,1,2038-07-01 00:00:00,974798.1343222222
1746,20,1,2039-07-01 00:00:00,976727.9219999999
1747,20,1,2040-07-01 00:00:00,978634.5522333334
1748,20,1,2041-07-01 00:00:00,980548.9016222223
1749,20,1,2042-07-01 00:00:00,982463.2509999999
1750,20,1,2043-07-01 00:00:00,984369.8812333334
1751,20,1,2044-07-01 00:00:00,986284.230611111
1752,20,1,2045-07-01 00:00:00,988198.58
1753,20,1,2046-07-01 00:00:00,990112.9293777779
1754,20,1,2047-07-01 00:00:00,992027.2787666667
1755,20,1,2048-07-01 00:00:00,993941.6281444445
1756,20,1,2049-07-01 00:00:00,995855.9775222222
1757,20,1,2050-07-01 00:00:00,997770.3269111111
1758,20,1,2051-07-01 00:00:00,999684.6762888889
1759,20,1,2052-07-01 00:00:00,1001599.0256777778
1760,20,1,2053-07-01 00:00:00,1003513.3750555555
1761,21,1,2022-07-01 00:00:00,258163.28469024907
1762,21,1,2023-07-01 00:00:00,264222.0097899293
1763,21,1,2024-07-01 00:00:00,269049.11382650345
1764,21,1,2025-07-01 00:00:00,271131.98565820826
1765,21,1,2026-07-01 00:00:00,271175.3955660207
1766,21,1,2027-07-01 00:00:00,271195.5563432554
1767,21,1,2028-07-01 00:00:00,271216.2488550435
1768,21,1,2029-07-01 00:00:00,271237.40768511395
1769,21,1,2030-07-01 00:00:00,271258.99376698013
1770,21,1,2031-07-01 00:00:00,271280.97918117983
1771,21,1,2032-07-01 00:00:00,271303.367997475
1772,21,1,2033-07-01 00:00:00,271326.16021586553
1773,21,1,2034-07-01 00:00:00,271349.35583635146
1774,21,1,2035-07-01 00:00:00,271372.85400840896
1775,21,1,2036-07-01 00:00:00,271396.85643308575
1776,21,1,2037-07-01 00:00:00,271421.2622598579
1777,21,1,2038-07-01 00:00:00,271446.0714887255
1778,21,1,2039-07-01 00:00:00,271471.28411968844
1779,21,1,2040-07-01 00:00:00,271496.1941990799
1780,21,1,2041-07-01 00:00:00,271521.2051289952
1781,21,1,2042-07-01 00:00:00,271546.2160589104
1782,21,1,2043-07-01 00:00:00,271571.12613830186
1783,21,1,2044-07-01 00:00:00,271596.1370682171
1784,21,1,2045-07-01 00:00:00,271621.1479981324
1785,21,1,2046-07-01 00:00:00,271646.1589280477
1786,21,1,2047-07-01 00:00:00,271671.169857963
1787,21,1,2048-07-01 00:00:00,271696.1807878782
1788,21,1,2049-07-01 00:00:00,271721.19171779347
1789,21,1,2050-07-01 00:00:00,271746.2026477088
1790,21,1,2051-07-01 00:00:00,271771.21357762406
1791,21,1,2052-07-01 00:00:00,271796.22450753936
1792,21,1,2053-07-01 00:00:00,271821.23543745466
1793,23,1,2022-07-01 00:00:00,1249230.2075296033
1794,23,1,2023-07-01 00:00:00,1274864.8225097163
1795,23,1,2024-07-01 00:00:00,1297925.3769036282
1796,23,1,2025-07-01 00:00:00,1312916.8888725673
1797,23,1,2026-07-01 00:00:00,1315286.8112681562
1798,23,1,2027-07-01 00:00:00,1316811.607468385
1799,23,1,2028-07-01 00:00:00,1318376.618281998
1800,23,1,2029-07-01 00:00:00,1319976.899774097
1801,23,1,2030-07-01 00:00:00,1321609.495178775
1802,23,1,2031-07-01 00:00:00,1323272.2918102953
1803,23,1,2032-07-01 00:00:00,1324965.5984717517
1804,23,1,2033-07-01 00:00:00,1326689.4151631442
1805,23,1,2034-07-01 00:00:00,1328443.741884473
1806,23,1,2035-07-01 00:00:00,1330220.951128254
1807,23,1,2036-07-01 00:00:00,1332036.297909455
1808,23,1,2037-07-01 00:00:00,1333882.154720592
1809,23,1,2038-07-01 00:00:00,1335758.5215616655
1810,23,1,2039-07-01 00:00:00,1337665.398432675
1811,23,1,2040-07-01 00:00:00,1339549.3927812323
1812,23,1,2041-07-01 00:00:00,1341441.014637274
1813,23,1,2042-07-01 00:00:00,1343332.6364933152
1814,23,1,2043-07-01 00:00:00,1345216.6308418727
1815,23,1,2044-07-01 00:00:00,1347108.252697914
1816,23,1,2045-07-01 00:00:00,1348999.8745539556
1817,23,1,2046-07-01 00:00:00,1350891.4964099969
1818,23,1,2047-07-01 00:00:00,1352783.1182660384
1819,23,1,2048-07-01 00:00:00,1354674.7401220798
1820,23,1,2049-07-01 00:00:00,1356566.361978121
1821,23,1,2050-07-01 00:00:00,1358457.9838341628
1822,23,1,2051-07-01 00:00:00,1360349.605690204
1823,23,1,2052-07-01 00:00:00,1362241.2275462453
1824,23,1,2053-07-01 00:00:00,1364132.8494022868
1825,24,1,2022-07-01 00:00:00,1047699.0083509014
1826,24,1,2023-07-01 00:00:00,1063394.545799997
1827,24,1,2024-07-01 00:00:00,1080288.2977825366
1828,24,1,2025-07-01 00:00:00,1092085.6555859707
1829,24,1,2026-07-01 00:00:00,1094208.7933603607
1830,24,1,2027-07-01 00:00:00,1095469.6838229932
1831,24,1,2028-07-01 00:00:00,1096763.82872859
1832,24,1,2029-07-01 00:00:00,1098087.1397870362
1833,24,1,2030-07-01 00:00:00,1099437.172012428
1834,24,1,2031-07-01 00:00:00,1100812.1783451727
1835,24,1,2032-07-01 00:00:00,1102212.4141519126
1836,24,1,2033-07-01 00:00:00,1103637.8794326477
1837,24,1,2034-07-01 00:00:00,1105088.5741873784
1838,24,1,2035-07-01 00:00:00,1106558.1910476054
1839,24,1,2036-07-01 00:00:00,1108059.3447503266
1840,24,1,2037-07-01 00:00:00,1109585.727927043
1841,24,1,2038-07-01 00:00:00,1111137.3405777551
1842,24,1,2039-07-01 00:00:00,1112714.1827024622
1843,24,1,2040-07-01 00:00:00,1114272.1027216727
1844,24,1,2041-07-01 00:00:00,1115836.3301093823
1845,24,1,2042-07-01 00:00:00,1117400.5574970918
1846,24,1,2043-07-01 00:00:00,1118958.4775163026
1847,24,1,2044-07-01 00:00:00,1120522.704904012
1848,24,1,2045-07-01 00:00:00,1122086.9322917215
1849,24,1,2046-07-01 00:00:00,1123651.159679431
1850,24,1,2047-07-01 00:00:00,1125215.3870671403
1851,24,1,2048-07-01 00:00:00,1126779.61445485
1852,24,1,2049-07-01 00:00:00,1128343.8418425594
1853,24,1,2050-07-01 00:00:00,1129908.069230269
1854,24,1,2051-07-01 00:00:00,1131472.2966179785
1855,24,1,2052-07-01 00:00:00,1133036.5240056878
1856,24,1,2053-07-01 00:00:00,1134600.751393397
1857,28,1,2022-07-01 00:00:00,2166287.8184962207
1858,28,1,2023-07-01 00:00:00,2209203.2181467013
1859,28,1,2024-07-01 00:00:00,2251649.2753477553
1860,28,1,2025-07-01 00:00:00,2279983.3086618204
1861,28,1,2026-07-01 00:00:00,2288362.2201561737
1862,28,1,2027-07-01 00:00:00,2291320.4619560638
1863,28,1,2028-07-01 00:00:00,2294356.723722863
1864,28,1,2029-07-01 00:00:00,2297461.4137711595
1865,28,1,2030-07-01 00:00:00,2300628.795715524
1866,28,1,2031-07-01 00:00:00,2303854.770761022
1867,28,1,2032-07-01 00:00:00,2307139.9380091894
1868,28,1,2033-07-01 00:00:00,2310484.2974600275
1869,28,1,2034-07-01 00:00:00,2313887.8491135347
1870,28,1,2035-07-01 00:00:00,2317335.7949190447
1871,28,1,2036-07-01 00:00:00,2320857.730977891
1872,28,1,2037-07-01 00:00:00,2324438.8592394073
1873,28,1,2038-07-01 00:00:00,2328079.1797035937
1874,28,1,2039-07-01 00:00:00,2331778.6923704497
1875,28,1,2040-07-01 00:00:00,2335433.810885303
1876,28,1,2041-07-01 00:00:00,2339103.7274508234
1877,28,1,2042-07-01 00:00:00,2342773.6440163446
1878,28,1,2043-07-01 00:00:00,2346428.7625311976
1879,28,1,2044-07-01 00:00:00,2350098.679096719
1880,28,1,2045-07-01 00:00:00,2353768.59566224
1881,28,1,2046-07-01 00:00:00,2357438.5122277606
1882,28,1,2047-07-01 00:00:00,2361108.428793282
1883,28,1,2048-07-01 00:00:00,2364778.3453588025
1884,28,1,2049-07-01 00:00:00,2368448.2619243236
1885,28,1,2050-07-01 00:00:00,2372118.1784898443
1886,28,1,2051-07-01 00:00:00,2375788.095055365
1887,28,1,2052-07-01 00:00:00,2379458.0116208857
1888,28,1,2053-07-01 00:00:00,2383127.9281864064
1889,30,1,2022-07-01 00:00:00,613328.1951637863
1890,30,1,2023-07-01 00:00:00,623496.8919745922
1891,30,1,2024-07-01 00:00:00,633672.0405130021
1892,30,1,2025-07-01 00:00:00,640294.5259957723
1893,30,1,2026-07-01 00:00:00,642846.8472613613
1894,30,1,2027-07-01 00:00:00,643501.416401467
1895,30,1,2028-07-01 00:00:00,644173.2489798348
1896,30,1,2029-07-01 00:00:00,644860.2226783697
1897,30,1,2030-07-01 00:00:00,645561.0681923081
1898,30,1,2031-07-01 00:00:00,646274.878573448
1899,30,1,2032-07-01 00:00:00,647001.7863927742
1900,30,1,2033-07-01 00:00:00,647741.7916502863
1901,30,1,2034-07-01 00:00:00,648494.8943459844
1902,30,1,2035-07-01 00:00:00,649257.8201203223
1903,30,1,2036-07-01 00:00:00,650037.1176923926
1904,30,1,2037-07-01 00:00:00,650829.5127026489
1905,30,1,2038-07-01 00:00:00,651635.0051510913
1906,30,1,2039-07-01 00:00:00,652453.5950377197
1907,30,1,2040-07-01 00:00:00,653262.3618457086
1908,30,1,2041-07-01 00:00:00,654074.403013244
1909,30,1,2042-07-01 00:00:00,654886.4441807795
1910,30,1,2043-07-01 00:00:00,655695.2109887684
1911,30,1,2044-07-01 00:00:00,656507.2521563038
1912,30,1,2045-07-01 00:00:00,657319.2933238393
1913,30,1,2046-07-01 00:00:00,658131.3344913748
1914,30,1,2047-07-01 00:00:00,658943.3756589101
1915,30,1,2048-07-01 00:00:00,659755.4168264456
1916,30,1,2049-07-01 00:00:00,660567.4579939811
1917,30,1,2050-07-01 00:00:00,661379.4991615164
1918,30,1,2051-07-01 00:00:00,662191.5403290519
1919,30,1,2052-07-01 00:00:00,663003.5814965873
1920,30,1,2053-07-01 00:00:00,663815.6226641226
1921,31,1,2022-07-01 00:00:00,499456.22305461206
1922,31,1,2023-07-01 00:00:00,507433.22820226295
1923,31,1,2024-07-01 00:00:00,515746.87115079886
1924,31,1,2025-07-01 00:00:00,521483.3514123181
1925,31,1,2026-07-01 00:00:00,523997.0210662852
1926,31,1,2027-07-01 00:00:00,524631.1881194514
1927,31,1,2028-07-01 00:00:00,525282.0805493587
1928,31,1,2029-07-01 00:00:00,525947.6421587925
1929,31,1,2030-07-01 00:00:00,526626.643213779
1930,31,1,2031-07-01 00:00:00,527318.2050444548
1931,31,1,2032-07-01 00:00:00,528022.4560830328
1932,31,1,2033-07-01 00:00:00,528739.3963295132
1933,31,1,2034-07-01 00:00:00,529469.0257838959
1934,31,1,2035-07-01 00:00:00,530208.1721442053
1935,31,1,2036-07-01 00:00:00,530963.1800143925
1936,31,1,2037-07-01 00:00:00,531730.8770924822
1937,31,1,2038-07-01 00:00:00,532511.263378474
1938,31,1,2039-07-01 00:00:00,533304.3388723682
1939,31,1,2040-07-01 00:00:00,534087.8974603357
1940,31,1,2041-07-01 00:00:00,534874.6283502788
1941,31,1,2042-07-01 00:00:00,535661.3592402219
1942,31,1,2043-07-01 00:00:00,536444.9178281893
1943,31,1,2044-07-01 00:00:00,537231.6487181324
1944,31,1,2045-07-01 00:00:00,538018.3796080755
1945,31,1,2046-07-01 00:00:00,538805.1104980186
1946,31,1,2047-07-01 00:00:00,539591.8413879616
1947,31,1,2048-07-01 00:00:00,540378.5722779047
1948,31,1,2049-07-01 00:00:00,541165.3031678477
1949,31,1,2050-07-01 00:00:00,541952.0340577909
1950,31,1,2051-07-01 00:00:00,542738.7649477338
1951,31,1,2052-07-01 00:00:00,543525.4958376769
1952,31,1,2053-07-01 00:00:00,544312.22672762
1953,32,1,2022-07-01 00:00:00,684172.4527811847
1954,32,1,2023-07-01 00:00:00,695277.1583583718
1955,32,1,2024-07-01 00:00:00,707021.0815232022
1956,32,1,2025-07-01 00:00:00,715465.2414269155
1957,32,1,2026-07-01 00:00:00,719859.5108013118
1958,32,1,2027-07-01 00:00:00,720926.3338444496
1959,32,1,2028-07-01 00:00:00,722021.2930064469
1960,32,1,2029-07-01 00:00:00,723140.9293069019
1961,32,1,2030-07-01 00:00:00,724283.174023263
1962,32,1,2031-07-01 00:00:00,725446.5490099266
1963,32,1,2032-07-01 00:00:00,726631.2703266205
1964,32,1,2033-07-01 00:00:00,727837.3379733451
1965,32,1,2034-07-01 00:00:00,729064.7519501003
1966,32,1,2035-07-01 00:00:00,730308.1756743782
1967,32,1,2036-07-01 00:00:00,731578.2823111942
1968,32,1,2037-07-01 00:00:00,732869.7352780409
1969,32,1,2038-07-01 00:00:00,734182.534574918
1970,32,1,2039-07-01 00:00:00,735516.6802018258
1971,32,1,2040-07-01 00:00:00,736834.8160812105
1972,32,1,2041-07-01 00:00:00,738158.2885431029
1973,32,1,2042-07-01 00:00:00,739481.7610049953
1974,32,1,2043-07-01 00:00:00,740799.8968843801
1975,32,1,2044-07-01 00:00:00,742123.3693462725
1976,32,1,2045-07-01 00:00:00,743446.8418081651
1977,32,1,2046-07-01 00:00:00,744770.3142700574
1978,32,1,2047-07-01 00:00:00,746093.7867319498
1979,32,1,2048-07-01 00:00:00,747417.2591938423
1980,32,1,2049-07-01 00:00:00,748740.7316557346
1981,32,1,2050-07-01 00:00:00,750064.2041176271
1982,32,1,2051-07-01 00:00:00,751387.6765795195
1983,32,1,2052-07-01 00:00:00,752711.149041412
1984,32,1,2053-07-01 00:00:00,754034.6215033043
1985,33,1,2022-07-01 00:00:00,1285347.4786642424
1986,33,1,2023-07-01 00:00:00,1311091.9836279177
1987,33,1,2024-07-01 00:00:00,1333390.457673432
1988,33,1,2025-07-01 00:00:00,1347261.3878885226
1989,33,1,2026-07-01 00:00:00,1351525.2981948638
1990,33,1,2027-07-01 00:00:00,1352590.3765008706
1991,33,1,2028-07-01 00:00:00,1353683.5448990737
1992,33,1,2029-07-01 00:00:00,1354801.3500538839
1993,33,1,2030-07-01 00:00:00,1355941.7266604968
1994,33,1,2031-07-01 00:00:00,1357103.1989814753
1995,33,1,2032-07-01 00:00:00,1358285.9827211876
1996,33,1,2033-07-01 00:00:00,1359490.0778796335
1997,33,1,2034-07-01 00:00:00,1360715.4844568125
1998,33,1,2035-07-01 00:00:00,1361956.874598042
1999,33,1,2036-07-01 00:00:00,1363224.9040126882
2000,33,1,2037-07-01 00:00:00,1364514.244846068
2001,33,1,2038-07-01 00:00:00,1365824.8970981818
2002,33,1,2039-07-01 00:00:00,1367156.8607690288
2003,33,1,2040-07-01 00:00:00,1368472.8408758256
2004,33,1,2041-07-01 00:00:00,1369794.1488373058
2005,33,1,2042-07-01 00:00:00,1371115.456798786
2006,33,1,2043-07-01 00:00:00,1372431.436905583
2007,33,1,2044-07-01 00:00:00,1373752.7448670634
2008,33,1,2045-07-01 00:00:00,1375074.0528285434
2009,33,1,2046-07-01 00:00:00,1376395.3607900236
2010,33,1,2047-07-01 00:00:00,1377716.668751504
2011,33,1,2048-07-01 00:00:00,1379037.976712984
2012,33,1,2049-07-01 00:00:00,1380359.2846744645
2013,33,1,2050-07-01 00:00:00,1381680.5926359447
2014,33,1,2051-07-01 00:00:00,1383001.900597425
2015,33,1,2052-07-01 00:00:00,1384323.2085589052
2016,33,1,2053-07-01 00:00:00,1385644.5165203854
2017,34,1,2022-07-01 00:00:00,1412302.855755381
2018,34,1,2023-07-01 00:00:00,1440054.608956903
2019,34,1,2024-07-01 00:00:00,1464605.870042618
2020,34,1,2025-07-01 00:00:00,1480178.3338591137
2021,34,1,2026-07-01 00:00:00,1485603.664348687
2022,34,1,2027-07-01 00:00:00,1486875.0492401733
2023,34,1,2028-07-01 00:00:00,1488179.9653415068
2024,34,1,2029-07-01 00:00:00,1489514.2903404378
2025,34,1,2030-07-01 00:00:00,1490875.558908699
2026,34,1,2031-07-01 00:00:00,1492262.0094487737
2027,34,1,2032-07-01 00:00:00,1493673.899448299
2028,34,1,2033-07-01 00:00:00,1495111.2289072755
2029,34,1,2034-07-01 00:00:00,1496573.9978257027
2030,34,1,2035-07-01 00:00:00,1498055.846338718
2031,34,1,2036-07-01 00:00:00,1499569.494176047
2032,34,1,2037-07-01 00:00:00,1501108.581472827
2033,34,1,2038-07-01 00:00:00,1502673.1082290579
2034,34,1,2039-07-01 00:00:00,1504263.0744447396
2035,34,1,2040-07-01 00:00:00,1505833.961065833
2036,34,1,2041-07-01 00:00:00,1507411.2075517892
2037,34,1,2042-07-01 00:00:00,1508988.4540377457
2038,34,1,2043-07-01 00:00:00,1510559.3406588393
2039,34,1,2044-07-01 00:00:00,1512136.5871447956
2040,34,1,2045-07-01 00:00:00,1513713.8336307518
2041,34,1,2046-07-01 00:00:00,1515291.0801167083
2042,34,1,2047-07-01 00:00:00,1516868.3266026645
2043,34,1,2048-07-01 00:00:00,1518445.5730886208
2044,34,1,2049-07-01 00:00:00,1520022.819574577
2045,34,1,2050-07-01 00:00:00,1521600.0660605335
2046,34,1,2051-07-01 00:00:00,1523177.3125464898
2047,34,1,2052-07-01 00:00:00,1524754.5590324462
2048,34,1,2053-07-01 00:00:00,1526331.8055184023
2049,35,1,2022-07-01 00:00:00,219800
2050,35,1,2023-07-01 00:00:00,223600
2051,35,1,2024-07-01 00:00:00,227800
2052,35,1,2025-07-01 00:00:00,230800
2053,35,1,2026-07-01 00:00:00,232000
2054,35,1,2027-07-01 00:00:00,232400
2055,35,1,2028-07-01 00:00:00,232800
2056,35,1,2029-07-01 00:00:00,233200
2057,35,1,2030-07-01 00:00:00,233800
2058,35,1,2031-07-01 00:00:00,234200
2059,35,1,2032-07-01 00:00:00,234800
2060,35,1,2033-07-01 00:00:00,235200
2061,35,1,2034-07-01 00:00:00,235800
2062,35,1,2035-07-01 00:00:00,236200
2063,35,1,2036-07-01 00:00:00,236800
2064,35,1,2037-07-01 00:00:00,237400
2065,35,1,2038-07-01 00:00:00,237800
2066,35,1,2039-07-01 00:00:00,238400
2067,35,1,2040-07-01 00:00:00,239000
2068,35,1,2041-07-01 00:00:00,239600
2069,35,1,2042-07-01 00:00:00,240000
2070,35,1,2043-07-01 00:00:00,240600
2071,35,1,2044-07-01 00:00:00,241200
2072,35,1,2045-07-01 00:00:00,241600
2073,35,1,2046-07-01 00:00:00,242200
2074,35,1,2047-07-01 00:00:00,242800
2075,35,1,2048-07-01 00:00:00,243400
2076,35,1,2049-07-01 00:00:00,243800
2077,35,1,2050-07-01 00:00:00,244400
2078,35,1,2051-07-01 00:00:00,245000
2079,35,1,2052-07-01 00:00:00,245600
2080,35,1,2053-07-01 00:00:00,246000
2081,37,1,2022-07-01 00:00:00,744166.6666666666
2082,37,1,2023-07-01 00:00:00,744166.6666666666
2083,37,1,2024-07-01 00:00:00,750000
2084,37,1,2025-07-01 00:00:00,760000
2085,37,1,2026-07-01 00:00:00,762500
2086,37,1,2027-07-01 00:00:00,764166.6666666666
2087,37,1,2028-07-01 00:00:00,765833.3333333334
2088,37,1,2029-07-01 00:00:00,767500
2089,37,1,2030-07-01 00:00:00,795000
2090,37,1,2031-07-01 00:00:00,799166.6666666666
2091,37,1,2032-07-01 00:00:00,803333.3333333334
2092,37,1,2033-07-01 00:00:00,807500
2093,37,1,2034-07-01 00:00:00,811666.6666666666
2094,37,1,2035-07-01 00:00:00,815833.3333333334
2095,37,1,2036-07-01 00:00:00,820000
2096,37,1,2037-07-01 00:00:00,825000
2097,37,1,2038-07-01 00:00:00,829166.6666666666
2098,37,1,2039-07-01 00:00:00,834166.6666666666
2099,37,1,2040-07-01 00:00:00,838333.3333333334
2100,37,1,2041-07-01 00:00:00,843333.3333333334
2101,37,1,2042-07-01 00:00:00,847500
2102,37,1,2043-07-01 00:00:00,851666.6666666666
2103,37,1,2044-07-01 00:00:00,856666.6666666666
2104,37,1,2045-07-01 00:00:00,860833.3333333334
2105,37,1,2046-07-01 00:00:00,865833.3333333334
2106,37,1,2047-07-01 00:00:00,870000
2107,37,1,2048-07-01 00:00:00,875000
2108,37,1,2049-07-01 00:00:00,879166.6666666666
2109,37,1,2050-07-01 00:00:00,883333.3333333334
2110,37,1,2051-07-01 00:00:00,888333.3333333334
2111,37,1,2052-07-01 00:00:00,892500
2112,37,1,2053-07-01 00:00:00,897500
2113,38,1,2022-07-01 00:00:00,221000000
2114,38,1,2023-07-01 00:00:00,226000000
2115,38,1,2024-07-01 00:00:00,230000000
2116,38,1,2025-07-01 00:00:00,232000000
2117,38,1,2026-07-01 00:00:00,232000000
2118,38,1,2027-07-01 00:00:00,232000000
2119,38,1,2028-07-01 00:00:00,232000000
2120,38,1,2029-07-01 00:00:00,232000000
2121,38,1,2030-07-01 00:00:00,242000000
2122,38,1,2031-07-01 00:00:00,243000000
2123,38,1,2032-07-01 00:00:00,244000000
2124,38,1,2033-07-01 00:00:00,245000000
2125,38,1,2034-07-01 00:00:00,246000000
2126,38,1,2035-07-01 00:00:00,247000000
2127,38,1,2036-07-01 00:00:00,248000000
2128,38,1,2037-07-01 00:00:00,249000000
2129,38,1,2038-07-01 00:00:00,250000000
2130,38,1,2039-07-01 00:00:00,251000000
2131,38,1,2040-07-01 00:00:00,252000000
2132,38,1,2041-07-01 00:00:00,253000000
2133,38,1,2042-07-01 00:00:00,254000000
2134,38,1,2043-07-01 00:00:00,255000000
2135,38,1,2044-07-01 00:00:00,256000000
2136,38,1,2045-07-01 00:00:00,257000000
2137,38,1,2046-07-01 00:00:00,258000000
2138,38,1,2047-07-01 00:00:00,259000000
2139,38,1,2048-07-01 00:00:00,260000000
2140,38,1,2049-07-01 00:00:00,261000000
2141,38,1,2050-07-01 00:00:00,262000000
2142,38,1,2051-07-01 00:00:00,263000000
2143,38,1,2052-07-01 00:00:00,264000000
2144,38,1,2053-07-01 00:00:00,265000000
2145,39,1,2022-07-01 00:00:00,238542.1563480869
2146,39,1,2023-07-01 00:00:00,242680.9431765518
2147,39,1,2024-07-01 00:00:00,247351.44182595858
2148,39,1,2025-07-01 00:00:00,250858.54677413008
2149,39,1,2026-07-01 00:00:00,252311.2528080673
2150,39,1,2027-07-01 00:00:00,252900.23136427713
2151,39,1,2028-07-01 00:00:00,253504.74352226945
2152,39,1,2029-07-01 00:00:00,254122.8795678702
2153,39,1,2030-07-01 00:00:00,254753.49742921928
2154,39,1,2031-07-01 00:00:00,255395.78102536034
2155,39,1,2032-07-01 00:00:00,256049.849641614
2156,39,1,2033-07-01 00:00:00,256715.70327798033
2157,39,1,2034-07-01 00:00:00,257393.34193445943
2158,39,1,2035-07-01 00:00:00,258079.81935602298
2159,39,1,2036-07-01 00:00:00,258781.0280527274
2160,39,1,2037-07-01 00:00:00,259494.02176954446
2161,39,1,2038-07-01 00:00:00,260218.80050647425
2162,39,1,2039-07-01 00:00:00,260955.3642635167
2163,39,1,2040-07-01 00:00:00,261683.08925547462
2164,39,1,2041-07-01 00:00:00,262413.76050246065
2165,39,1,2042-07-01 00:00:00,263144.43174944684
2166,39,1,2043-07-01 00:00:00,263872.15674140473
2167,39,1,2044-07-01 00:00:00,264602.82798839087
2168,39,1,2045-07-01 00:00:00,265333.499235377
2169,39,1,2046-07-01 00:00:00,266064.1704823631
2170,39,1,2047-07-01 00:00:00,266794.8417293492
2171,39,1,2048-07-01 00:00:00,267525.5129763353
2172,39,1,2049-07-01 00:00:00,268256.18422332144
2173,39,1,2050-07-01 00:00:00,268986.8554703075
2174,39,1,2051-07-01 00:00:00,269717.5267172936
2175,39,1,2052-07-01 00:00:00,270448.1979642797
2176,39,1,2053-07-01 00:00:00,271178.86921126576
2177,41,1,2022-07-01 00:00:00,565678.4310409193
2178,41,1,2023-07-01 00:00:00,575527.8824271378
2179,41,1,2024-07-01 00:00:00,587086.854416627
2180,41,1,2025-07-01 00:00:00,596262.2462434914
2181,41,1,2026-07-01 00:00:00,600561.62027999
2182,41,1,2027-07-01 00:00:00,602247.404190344
2183,41,1,2028-07-01 00:00:00,603977.6485538151
2184,41,1,2029-07-01 00:00:00,605746.887486592
2185,41,1,2030-07-01 00:00:00,607551.8520146915
2186,41,1,2031-07-01 00:00:00,609390.2064173702
2187,41,1,2032-07-01 00:00:00,611262.2920934927
2188,41,1,2033-07-01 00:00:00,613168.1090430587
2189,41,1,2034-07-01 00:00:00,615107.6572660685
2190,41,1,2035-07-01 00:00:00,617072.5039441609
2191,41,1,2036-07-01 00:00:00,619079.5147140579
2192,41,1,2037-07-01 00:00:00,621120.2567573984
2193,41,1,2038-07-01 00:00:00,623194.7300741827
2194,41,1,2039-07-01 00:00:00,625302.9346644107
2195,41,1,2040-07-01 00:00:00,627385.8407995559
2196,41,1,2041-07-01 00:00:00,629477.179753062
2197,41,1,2042-07-01 00:00:00,631568.518706568
2198,41,1,2043-07-01 00:00:00,633651.4248417133
2199,41,1,2044-07-01 00:00:00,635742.7637952195
2200,41,1,2045-07-01 00:00:00,637834.1027487254
2201,41,1,2046-07-01 00:00:00,639925.4417022315
2202,41,1,2047-07-01 00:00:00,642016.7806557377
2203,41,1,2048-07-01 00:00:00,644108.1196092438
2204,41,1,2049-07-01 00:00:00,646199.4585627498
2205,41,1,2050-07-01 00:00:00,648290.797516256
2206,41,1,2051-07-01 00:00:00,650382.1364697621
2207,41,1,2052-07-01 00:00:00,652473.4754232682
2208,41,1,2053-07-01 00:00:00,654564.8143767741
2209,43,1,2022-07-01 00:00:00,284775.38100672496
2210,43,1,2023-07-01 00:00:00,288863.65580318146
2211,43,1,2024-07-01 00:00:00,292971.86905062664
2212,43,1,2025-07-01 00:00:00,295421.3786788428
2213,43,1,2026-07-01 00:00:00,296341.09879399225
2214,43,1,2027-07-01 00:00:00,296407.3434643074
2215,43,1,2028-07-01 00:00:00,296475.33526451455
2216,43,1,2029-07-01 00:00:00,296544.85939256795
2217,43,1,2030-07-01 00:00:00,296615.7874025231
2218,43,1,2031-07-01 00:00:00,296688.0274998775
2219,43,1,2032-07-01 00:00:00,296761.59310360544
2220,43,1,2033-07-01 00:00:00,296836.48421370686
2221,43,1,2034-07-01 00:00:00,296912.70083018177
2222,43,1,2035-07-01 00:00:00,296989.9115764368
2223,43,1,2036-07-01 00:00:00,297068.77920565865
2224,43,1,2037-07-01 00:00:00,297148.9723412539
2225,43,1,2038-07-01 00:00:00,297230.4909832227
2226,43,1,2039-07-01 00:00:00,297313.335131565
2227,43,1,2040-07-01 00:00:00,297395.18515012716
2228,43,1,2041-07-01 00:00:00,297477.3665452827
2229,43,1,2042-07-01 00:00:00,297559.54794043826
2230,43,1,2043-07-01 00:00:00,297641.3979590004
2231,43,1,2044-07-01 00:00:00,297723.5793541559
2232,43,1,2045-07-01 00:00:00,297805.7607493114
2233,43,1,2046-07-01 00:00:00,297887.94214446703
2234,43,1,2047-07-01 00:00:00,297970.1235396225
2235,43,1,2048-07-01 00:00:00,298052.3049347781
2236,43,1,2049-07-01 00:00:00,298134.4863299336
2237,43,1,2050-07-01 00:00:00,298216.6677250892
2238,43,1,2051-07-01 00:00:00,298298.8491202447
2239,43,1,2052-07-01 00:00:00,298381.0305154003
2240,43,1,2053-07-01 00:00:00,298463.2119105558
2241,42,1,2022-07-01 00:00:00,334495.83788939327
2242,42,1,2023-07-01 00:00:00,340198.282726653
2243,42,1,2024-07-01 00:00:00,346761.09333913395
2244,42,1,2025-07-01 00:00:00,351805.9834708193
2245,42,1,2026-07-01 00:00:00,353978.42751194537
2246,42,1,2027-07-01 00:00:00,354870.78153919
2247,42,1,2028-07-01 00:00:00,355786.6703123711
2248,42,1,2029-07-01 00:00:00,356723.20048829156
2249,42,1,2030-07-01 00:00:00,357678.64168250654
2250,42,1,2031-07-01 00:00:00,358651.75749400613
2251,42,1,2032-07-01 00:00:00,359642.7286414966
2252,42,1,2033-07-01 00:00:00,360651.5551249779
2253,42,1,2034-07-01 00:00:00,361678.23694445
2254,42,1,2035-07-01 00:00:00,362718.3102659152
2255,42,1,2036-07-01 00:00:00,363780.70275736897
2256,42,1,2037-07-01 00:00:00,364860.9505848135
2257,42,1,2038-07-01 00:00:00,365959.05374824884
2258,42,1,2039-07-01 00:00:00,367075.0122476751
2259,42,1,2040-07-01 00:00:00,368177.5792451081
2260,42,1,2041-07-01 00:00:00,369284.6100765389
2261,42,1,2042-07-01 00:00:00,370391.64090796973
2262,42,1,2043-07-01 00:00:00,371494.2079054028
2263,42,1,2044-07-01 00:00:00,372601.23873683356
2264,42,1,2045-07-01 00:00:00,373708.26956826437
2265,42,1,2046-07-01 00:00:00,374815.3003996952
2266,42,1,2047-07-01 00:00:00,375922.33123112586
2267,42,1,2048-07-01 00:00:00,377029.36206255667
2268,42,1,2049-07-01 00:00:00,378136.3928939875
2269,42,1,2050-07-01 00:00:00,379243.4237254182
2270,42,1,2051-07-01 00:00:00,380350.454556849
2271,42,1,2052-07-01 00:00:00,381457.48538827983
2272,42,1,2053-07-01 00:00:00,382564.5162197106
2273,44,1,2022-07-01 00:00:00,419311.39034943306
2274,44,1,2023-07-01 00:00:00,426595.0092161862
2275,44,1,2024-07-01 00:00:00,435096.57583515067
2276,44,1,2025-07-01 00:00:00,441835.6623457652
2277,44,1,2026-07-01 00:00:00,444975.42946894217
2278,44,1,2027-07-01 00:00:00,446223.17465543695
2279,44,1,2028-07-01 00:00:00,447503.82757706527
2280,44,1,2029-07-01 00:00:00,448813.34260380565
2281,44,1,2030-07-01 00:00:00,450149.30018261465
2282,44,1,2031-07-01 00:00:00,451509.9715294149
2283,44,1,2032-07-01 00:00:00,452895.6093229453
2284,44,1,2033-07-01 00:00:00,454306.213563206
2285,44,1,2034-07-01 00:00:00,455741.78425019706
2286,44,1,2035-07-01 00:00:00,457196.0797722357
2287,44,1,2036-07-01 00:00:00,458681.5833526873
2288,44,1,2037-07-01 00:00:00,460192.0533798691
2289,44,1,2038-07-01 00:00:00,461727.48985378124
2290,44,1,2039-07-01 00:00:00,463287.8927744236
2291,44,1,2040-07-01 00:00:00,464829.5708600183
2292,44,1,2041-07-01 00:00:00,466377.4905572955
2293,44,1,2042-07-01 00:00:00,467925.41025457275
2294,44,1,2043-07-01 00:00:00,469467.0883401675
2295,44,1,2044-07-01 00:00:00,471015.0080374447
2296,44,1,2045-07-01 00:00:00,472562.92773472203
2297,44,1,2046-07-01 00:00:00,474110.84743199917
2298,44,1,2047-07-01 00:00:00,475658.7671292765
2299,44,1,2048-07-01 00:00:00,477206.6868265537
2300,44,1,2049-07-01 00:00:00,478754.60652383097
2301,44,1,2050-07-01 00:00:00,480302.5262211082
2302,44,1,2051-07-01 00:00:00,481850.4459183855
2303,44,1,2052-07-01 00:00:00,483398.3656156627
2304,44,1,2053-07-01 00:00:00,484946.28531293996
2305,45,1,2022-07-01 00:00:00,322951.0332265176
2306,45,1,2023-07-01 00:00:00,328753.26784766326
2307,45,1,2024-07-01 00:00:00,335149.9224767347
2308,45,1,2025-07-01 00:00:00,339824.29459871206
2309,45,1,2026-07-01 00:00:00,341683.436209395
2310,45,1,2027-07-01 00:00:00,342428.4810245809
2311,45,1,2028-07-01 00:00:00,343193.17547126726
2312,45,1,2029-07-01 00:00:00,343975.1038631855
2313,45,1,2030-07-01 00:00:00,344772.8214406241
2314,45,1,2031-07-01 00:00:00,345585.29592469084
2315,45,1,2032-07-01 00:00:00,346412.67819745606
2316,45,1,2033-07-01 00:00:00,347254.96825891983
2317,45,1,2034-07-01 00:00:00,348112.16610908206
2318,45,1,2035-07-01 00:00:00,348980.54480076814
2319,45,1,2036-07-01 00:00:00,349867.5582283273
2320,45,1,2037-07-01 00:00:00,350769.4794445849
2321,45,1,2038-07-01 00:00:00,351686.308449541
2322,45,1,2039-07-01 00:00:00,352618.0452431956
2323,45,1,2040-07-01 00:00:00,353538.60119532637
2324,45,1,2041-07-01 00:00:00,354462.88409463165
2325,45,1,2042-07-01 00:00:00,355387.16699393705
2326,45,1,2043-07-01 00:00:00,356307.7229460678
2327,45,1,2044-07-01 00:00:00,357232.0058453731
2328,45,1,2045-07-01 00:00:00,358156.2887446784
2329,45,1,2046-07-01 00:00:00,359080.5716439837
2330,45,1,2047-07-01 00:00:00,360004.8545432891
2331,45,1,2048-07-01 00:00:00,360929.13744259445
2332,45,1,2049-07-01 00:00:00,361853.4203418998
2333,45,1,2050-07-01 00:00:00,362777.70324120513
2334,45,1,2051-07-01 00:00:00,363701.9861405105
2335,45,1,2052-07-01 00:00:00,364626.2690398158
2336,45,1,2053-07-01 00:00:00,365550.55193912116
2337,47,1,2022-07-01 00:00:00,1238787.523220914
2338,47,1,2023-07-01 00:00:00,1263572.1221087126
2339,47,1,2024-07-01 00:00:00,1285353.6297881915
2340,47,1,2025-07-01 00:00:00,1298850.8683898633
2341,47,1,2026-07-01 00:00:00,1302691.530699331
2342,47,1,2027-07-01 00:00:00,1303729.910629361
2343,47,1,2028-07-01 00:00:00,1304795.676555418
2344,47,1,2029-07-01 00:00:00,1305885.4616515622
2345,47,1,2030-07-01 00:00:00,1306997.2524076572
2346,47,1,2031-07-01 00:00:00,1308129.6100660542
2347,47,1,2032-07-01 00:00:00,1309282.7449291924
2348,47,1,2033-07-01 00:00:00,1310456.656997072
2349,47,1,2034-07-01 00:00:00,1311651.3462696928
2350,47,1,2035-07-01 00:00:00,1312861.6184458695
2351,47,1,2036-07-01 00:00:00,1314097.8621279723
2352,47,1,2037-07-01 00:00:00,1315354.883014817
2353,47,1,2038-07-01 00:00:00,1316632.6811064023
2354,47,1,2039-07-01 00:00:00,1317931.2564027295
2355,47,1,2040-07-01 00:00:00,1319214.2487955003
2356,47,1,2041-07-01 00:00:00,1320502.4354894566
2357,47,1,2042-07-01 00:00:00,1321790.6221834128
2358,47,1,2043-07-01 00:00:00,1323073.614576184
2359,47,1,2044-07-01 00:00:00,1324361.80127014
2360,47,1,2045-07-01 00:00:00,1325649.9879640965
2361,47,1,2046-07-01 00:00:00,1326938.1746580526
2362,47,1,2047-07-01 00:00:00,1328226.361352009
2363,47,1,2048-07-01 00:00:00,1329514.5480459651
2364,47,1,2049-07-01 00:00:00,1330802.7347399218
2365,47,1,2050-07-01 00:00:00,1332090.921433878
2366,47,1,2051-07-01 00:00:00,1333379.108127834
2367,47,1,2052-07-01 00:00:00,1334667.2948217904
2368,47,1,2053-07-01 00:00:00,1335955.4815157466
2369,48,1,2022-07-01 00:00:00,505197.8458280181
2370,48,1,2023-07-01 00:00:00,512670.98257897916
2371,48,1,2024-07-01 00:00:00,521322.0679941991
2372,48,1,2025-07-01 00:00:00,527928.1198847378
2373,48,1,2026-07-01 00:00:00,531080.6154986339
2374,48,1,2027-07-01 00:00:00,532013.0389252426
2375,48,1,2028-07-01 00:00:00,532970.0538763101
2376,48,1,2029-07-01 00:00:00,533948.6370908491
2377,48,1,2030-07-01 00:00:00,534946.9804965687
2378,48,1,2031-07-01 00:00:00,535963.7921550462
2379,48,1,2032-07-01 00:00:00,536999.2609081747
2380,48,1,2033-07-01 00:00:00,538053.386755954
2381,48,1,2034-07-01 00:00:00,539126.1696983845
2382,48,1,2035-07-01 00:00:00,540212.945461803
2383,48,1,2036-07-01 00:00:00,541323.0425935354
2384,48,1,2037-07-01 00:00:00,542451.7968199187
2385,48,1,2038-07-01 00:00:00,543599.2081409529
2386,48,1,2039-07-01 00:00:00,544765.2765566381
2387,48,1,2040-07-01 00:00:00,545917.3521513351
2388,48,1,2041-07-01 00:00:00,547074.0920196949
2389,48,1,2042-07-01 00:00:00,548230.8318880545
2390,48,1,2043-07-01 00:00:00,549382.9074827514
2391,48,1,2044-07-01 00:00:00,550539.647351111
2392,48,1,2045-07-01 00:00:00,551696.3872194708
2393,48,1,2046-07-01 00:00:00,552853.1270878306
2394,48,1,2047-07-01 00:00:00,554009.8669561903
2395,48,1,2048-07-01 00:00:00,555166.60682455
2396,48,1,2049-07-01 00:00:00,556323.3466929097
2397,48,1,2050-07-01 00:00:00,557480.0865612695
2398,48,1,2051-07-01 00:00:00,558636.8264296291
2399,48,1,2052-07-01 00:00:00,559793.5662979888
2400,48,1,2053-07-01 00:00:00,560950.3061663485
2401,49,1,2022-07-01 00:00:00,794548.1238043718
2402,49,1,2023-07-01 00:00:00,806884.030462876
2403,49,1,2024-07-01 00:00:00,821270.9341110676
2404,49,1,2025-07-01 00:00:00,832852.1337171722
2405,49,1,2026-07-01 00:00:00,839605.9462062299
2406,49,1,2027-07-01 00:00:00,841515.6479476365
2407,49,1,2028-07-01 00:00:00,843475.7157413375
2408,49,1,2029-07-01 00:00:00,845479.9576054203
2409,49,1,2030-07-01 00:00:00,847524.6704284393
2410,49,1,2031-07-01 00:00:00,849607.2081939309
2411,49,1,2032-07-01 00:00:00,851727.9576615413
2412,49,1,2033-07-01 00:00:00,853886.9188312711
2413,49,1,2034-07-01 00:00:00,856084.0917031199
2414,49,1,2035-07-01 00:00:00,858309.923351558
2415,49,1,2036-07-01 00:00:00,860583.5196276451
2416,49,1,2037-07-01 00:00:00,862895.3276058512
2417,49,1,2038-07-01 00:00:00,865245.3472861766
2418,49,1,2039-07-01 00:00:00,867633.5786686209
2419,49,1,2040-07-01 00:00:00,869993.1512744759
2420,49,1,2041-07-01 00:00:00,872362.2768058607
2421,49,1,2042-07-01 00:00:00,874731.4023372456
2422,49,1,2043-07-01 00:00:00,877090.9749431005
2423,49,1,2044-07-01 00:00:00,879460.1004744854
2424,49,1,2045-07-01 00:00:00,881829.2260058702
2425,49,1,2046-07-01 00:00:00,884198.351537255
2426,49,1,2047-07-01 00:00:00,886567.47706864
2427,49,1,2048-07-01 00:00:00,888936.6026000245
2428,49,1,2049-07-01 00:00:00,891305.7281314095
2429,49,1,2050-07-01 00:00:00,893674.8536627942
2430,49,1,2051-07-01 00:00:00,896043.9791941791
2431,49,1,2052-07-01 00:00:00,898413.104725564
2432,49,1,2053-07-01 00:00:00,900782.2302569485
2433,53,1,2022-07-01 00:00:00,545569.0652660755
2434,53,1,2023-07-01 00:00:00,554715.7723540309
2435,53,1,2024-07-01 00:00:00,564329.366685693
2436,53,1,2025-07-01 00:00:00,571881.0639092228
2437,53,1,2026-07-01 00:00:00,573937.0004830811
2438,53,1,2027-07-01 00:00:00,575111.0074822083
2439,53,1,2028-07-01 00:00:00,576315.9774294504
2440,53,1,2029-07-01 00:00:00,577548.1038173488
2441,53,1,2030-07-01 00:00:00,578805.1101096716
2442,53,1,2031-07-01 00:00:00,580085.369630317
2443,53,1,2032-07-01 00:00:00,581389.1201513411
2444,53,1,2033-07-01 00:00:00,582716.3616727439
2445,53,1,2034-07-01 00:00:00,584067.0941945256
2446,53,1,2035-07-01 00:00:00,585435.4449665915
2447,53,1,2036-07-01 00:00:00,586833.1594891307
2448,53,1,2037-07-01 00:00:00,588254.3650120489
2449,53,1,2038-07-01 00:00:00,589699.0615353459
2450,53,1,2039-07-01 00:00:00,591167.2490590217
2451,53,1,2040-07-01 00:00:00,592617.8183324133
2452,53,1,2041-07-01 00:00:00,594074.2603558997
2453,53,1,2042-07-01 00:00:00,595530.702379386
2454,53,1,2043-07-01 00:00:00,596981.2716527778
2455,53,1,2044-07-01 00:00:00,598437.713676264
2456,53,1,2045-07-01 00:00:00,599894.1556997505
2457,53,1,2046-07-01 00:00:00,601350.5977232368
2458,53,1,2047-07-01 00:00:00,602807.0397467231
2459,53,1,2048-07-01 00:00:00,604263.4817702096
2460,53,1,2049-07-01 00:00:00,605719.9237936959
2461,53,1,2050-07-01 00:00:00,607176.3658171823
2462,53,1,2051-07-01 00:00:00,608632.8078406687
2463,53,1,2052-07-01 00:00:00,610089.2498641551
2464,53,1,2053-07-01 00:00:00,611545.6918876414
2465,54,1,2022-07-01 00:00:00,456357.01250529574
2466,54,1,2023-07-01 00:00:00,463277.66234680923
2467,54,1,2024-07-01 00:00:00,470922.08832708286
2468,54,1,2025-07-01 00:00:00,476634.61713964265
2469,54,1,2026-07-01 00:00:00,477921.5073439894
2470,54,1,2027-07-01 00:00:00,478670.0356380548
2471,54,1,2028-07-01 00:00:00,479438.30542931106
2472,54,1,2029-07-01 00:00:00,480223.88974751544
2473,54,1,2030-07-01 00:00:00,481025.337079016
2474,54,1,2031-07-01 00:00:00,481841.61031184334
2475,54,1,2032-07-01 00:00:00,482672.86103518115
2476,54,1,2033-07-01 00:00:00,483519.0892490296
2477,54,1,2034-07-01 00:00:00,484380.2949533886
2478,54,1,2035-07-01 00:00:00,485252.73377563054
2479,54,1,2036-07-01 00:00:00,486143.8944610107
2480,54,1,2037-07-01 00:00:00,487050.03263690154
2481,54,1,2038-07-01 00:00:00,487971.1483033028
2482,54,1,2039-07-01 00:00:00,488907.24146021495
2483,54,1,2040-07-01 00:00:00,489832.1014992439
2484,54,1,2041-07-01 00:00:00,490760.7059109006
2485,54,1,2042-07-01 00:00:00,491689.3103225573
2486,54,1,2043-07-01 00:00:00,492614.1703615863
2487,54,1,2044-07-01 00:00:00,493542.77477324306
2488,54,1,2045-07-01 00:00:00,494471.3791848997
2489,54,1,2046-07-01 00:00:00,495399.98359655635
2490,54,1,2047-07-01 00:00:00,496328.58800821303
2491,54,1,2048-07-01 00:00:00,497257.19241986977
2492,54,1,2049-07-01 00:00:00,498185.7968315264
2493,54,1,2050-07-01 00:00:00,499114.40124318306
2494,54,1,2051-07-01 00:00:00,500043.0056548397
2495,54,1,2052-07-01 00:00:00,500971.6100664965
2496,54,1,2053-07-01 00:00:00,501900.214478153
2497,55,1,2022-07-01 00:00:00,605530.8189194085
2498,55,1,2023-07-01 00:00:00,615340.2540478364
2499,55,1,2024-07-01 00:00:00,626756.003646398
2500,55,1,2025-07-01 00:00:00,635877.5979372074
2501,55,1,2026-07-01 00:00:00,638098.1053089912
2502,55,1,2027-07-01 00:00:00,639700.6480286417
2503,55,1,2028-07-01 00:00:00,641345.4558366864
2504,55,1,2029-07-01 00:00:00,643027.3327158095
2505,55,1,2030-07-01 00:00:00,644743.1711374214
2506,55,1,2031-07-01 00:00:00,646490.7506857031
2507,55,1,2032-07-01 00:00:00,648270.39591377
2508,55,1,2033-07-01 00:00:00,650082.1068216217
2509,55,1,2034-07-01 00:00:00,651925.8834092584
2510,55,1,2035-07-01 00:00:00,653793.7092567339
2511,55,1,2036-07-01 00:00:00,655701.6172039405
2512,55,1,2037-07-01 00:00:00,657641.5908309323
2513,55,1,2038-07-01 00:00:00,659613.6301377091
2514,55,1,2039-07-01 00:00:00,661617.7351242707
2515,55,1,2040-07-01 00:00:00,663597.7908509936
2516,55,1,2041-07-01 00:00:00,665585.8629976627
2517,55,1,2042-07-01 00:00:00,667573.9351443319
2518,55,1,2043-07-01 00:00:00,669553.9908710548
2519,55,1,2044-07-01 00:00:00,671542.0630177241
2520,55,1,2045-07-01 00:00:00,673530.1351643932
2521,55,1,2046-07-01 00:00:00,675518.2073110624
2522,55,1,2047-07-01 00:00:00,677506.2794577315
2523,55,1,2048-07-01 00:00:00,679494.3516044008
2524,55,1,2049-07-01 00:00:00,681482.4237510699
2525,55,1,2050-07-01 00:00:00,683470.4958977392
2526,55,1,2051-07-01 00:00:00,685458.5680444082
2527,55,1,2052-07-01 00:00:00,687446.6401910775
2528,55,1,2053-07-01 00:00:00,689434.7123377465
2529,19,2,2022-07-01 00:00:00,501706.7679766565
2530,19,2,2023-07-01 00:00:00,509791.16079850635
2531,19,2,2024-07-01 00:00:00,517930.7552771347
2532,19,2,2025-07-01 00:00:00,523906.3130332745
2533,19,2,2026-07-01 00:00:00,527196.3025235143
2534,19,2,2027-07-01 00:00:00,531035.5537565305
2535,19,2,2028-07-01 00:00:00,534524.8609809848
2536,19,2,2029-07-01 00:00:00,537744.9808803792
2537,19,2,2030-07-01 00:00:00,539410.8188687495
2538,19,2,2031-07-01 00:00:00,540142.3048132114
2539,19,2,2032-07-01 00:00:00,540887.212518122
2540,19,2,2033-07-01 00:00:00,541645.5419834815
2541,19,2,2034-07-01 00:00:00,542417.2932092899
2542,19,2,2035-07-01 00:00:00,543199.110755435
2543,19,2,2036-07-01 00:00:00,543997.7055021409
2544,19,2,2037-07-01 00:00:00,544809.7220092958
2545,19,2,2038-07-01 00:00:00,545635.1602768995
2546,19,2,2039-07-01 00:00:00,546474.0203049519
2547,19,2,2040-07-01 00:00:00,547302.8140126677
2548,19,2,2041-07-01 00:00:00,548134.963160496
2549,19,2,2042-07-01 00:00:00,548967.1123083241
2550,19,2,2043-07-01 00:00:00,549795.90601604
2551,19,2,2044-07-01 00:00:00,550628.055163868
2552,19,2,2045-07-01 00:00:00,551460.2043116961
2553,19,2,2046-07-01 00:00:00,552292.3534595242
2554,19,2,2047-07-01 00:00:00,553124.5026073523
2555,19,2,2048-07-01 00:00:00,553956.6517551803
2556,19,2,2049-07-01 00:00:00,554788.8009030086
2557,19,2,2050-07-01 00:00:00,555620.9500508367
2558,19,2,2051-07-01 00:00:00,556453.0991986648
2559,19,2,2052-07-01 00:00:00,557285.2483464926
2560,19,2,2053-07-01 00:00:00,558117.397494321
2561,19,3,2022-07-01 00:00:00,501706.7679766565
2562,19,3,2023-07-01 00:00:00,509791.16079850635
2563,19,3,2024-07-01 00:00:00,517930.7552771347
2564,19,3,2025-07-01 00:00:00,523906.3130332745
2565,19,3,2026-07-01 00:00:00,527196.3025235143
2566,19,3,2027-07-01 00:00:00,531035.5537565305
2567,19,3,2028-07-01 00:00:00,534524.8609809848
2568,19,3,2029-07-01 00:00:00,537744.9808803792
2569,19,3,2030-07-01 00:00:00,539410.8188687495
2570,19,3,2031-07-01 00:00:00,540142.3048132114
2571,19,3,2032-07-01 00:00:00,540887.212518122
2572,19,3,2033-07-01 00:00:00,541645.5419834815
2573,19,3,2034-07-01 00:00:00,542417.2932092899
2574,19,3,2035-07-01 00:00:00,543199.110755435
2575,19,3,2036-07-01 00:00:00,543997.7055021409
2576,19,3,2037-07-01 00:00:00,544809.7220092958
2577,19,3,2038-07-01 00:00:00,545635.1602768995
2578,19,3,2039-07-01 00:00:00,546474.0203049519
2579,19,3,2040-07-01 00:00:00,547302.8140126677
2580,19,3,2041-07-01 00:00:00,548134.963160496
2581,19,3,2042-07-01 00:00:00,548967.1123083241
2582,19,3,2043-07-01 00:00:00,549795.90601604
2583,19,3,2044-07-01 00:00:00,550628.055163868
2584,19,3,2045-07-01 00:00:00,551460.2043116961
2585,19,3,2046-07-01 00:00:00,552292.3534595242
2586,19,3,2047-07-01 00:00:00,553124.5026073523
2587,19,3,2048-07-01 00:00:00,553956.6517551803
2588,19,3,2049-07-01 00:00:00,554788.8009030086
2589,19,3,2050-07-01 00:00:00,555620.9500508367
2590,19,3,2051-07-01 00:00:00,556453.0991986648
2591,19,3,2052-07-01 00:00:00,557285.2483464926
2592,19,3,2053-07-01 00:00:00,558117.397494321
2593,25,2,2022-07-01 00:00:00,2114535.606971334
2594,25,2,2023-07-01 00:00:00,2150974.7833534293
2595,25,2,2024-07-01 00:00:00,2193269.583513483
2596,25,2,2025-07-01 00:00:00,2229824.0346195675
2597,25,2,2026-07-01 00:00:00,2246943.361536292
2598,25,2,2027-07-01 00:00:00,2266134.0141695086
2599,25,2,2028-07-01 00:00:00,2283973.2322240854
2600,25,2,2029-07-01 00:00:00,2300826.8940403657
2601,25,2,2030-07-01 00:00:00,2328174.1306365314
2602,25,2,2031-07-01 00:00:00,2336002.733115119
2603,25,2,2032-07-01 00:00:00,2343974.979675882
2604,25,2,2033-07-01 00:00:00,2352090.870318821
2605,25,2,2034-07-01 00:00:00,2360350.405043937
2606,25,2,2035-07-01 00:00:00,2368717.672830683
2607,25,2,2036-07-01 00:00:00,2377264.495720151
2608,25,2,2037-07-01 00:00:00,2385954.9626917937
2609,25,2,2038-07-01 00:00:00,2394789.0737456125
2610,25,2,2039-07-01 00:00:00,2403766.828881607
2611,25,2,2040-07-01 00:00:00,2412636.85095597
2612,25,2,2041-07-01 00:00:00,2421542.7840508767
2613,25,2,2042-07-01 00:00:00,2430448.717145784
2614,25,2,2043-07-01 00:00:00,2439318.7392201466
2615,25,2,2044-07-01 00:00:00,2448224.6723150527
2616,25,2,2045-07-01 00:00:00,2457130.6054099603
2617,25,2,2046-07-01 00:00:00,2466036.538504867
2618,25,2,2047-07-01 00:00:00,2474942.471599774
2619,25,2,2048-07-01 00:00:00,2483848.40469468
2620,25,2,2049-07-01 00:00:00,2492754.3377895867
2621,25,2,2050-07-01 00:00:00,2501660.270884494
2622,25,2,2051-07-01 00:00:00,2510566.203979401
2623,25,2,2052-07-01 00:00:00,2519472.1370743075
2624,25,2,2053-07-01 00:00:00,2528378.0701692137
2625,25,3,2022-07-01 00:00:00,2114535.606971334
2626,25,3,2023-07-01 00:00:00,2150974.7833534293
2627,25,3,2024-07-01 00:00:00,2193269.583513483
2628,25,3,2025-07-01 00:00:00,2229824.0346195675
2629,25,3,2026-07-01 00:00:00,2246943.361536292
2630,25,3,2027-07-01 00:00:00,2266134.0141695086
2631,25,3,2028-07-01 00:00:00,2283973.2322240854
2632,25,3,2029-07-01 00:00:00,2300826.8940403657
2633,25,3,2030-07-01 00:00:00,2328174.1306365314
2634,25,3,2031-07-01 00:00:00,2336002.733115119
2635,25,3,2032-07-01 00:00:00,2343974.979675882
2636,25,3,2033-07-01 00:00:00,2352090.870318821
2637,25,3,2034-07-01 00:00:00,2360350.405043937
2638,25,3,2035-07-01 00:00:00,2368717.672830683
2639,25,3,2036-07-01 00:00:00,2377264.495720151
2640,25,3,2037-07-01 00:00:00,2385954.9626917937
2641,25,3,2038-07-01 00:00:00,2394789.0737456125
2642,25,3,2039-07-01 00:00:00,2403766.828881607
2643,25,3,2040-07-01 00:00:00,2412636.85095597
2644,25,3,2041-07-01 00:00:00,2421542.7840508767
2645,25,3,2042-07-01 00:00:00,2430448.717145784
2646,25,3,2043-07-01 00:00:00,2439318.7392201466
2647,25,3,2044-07-01 00:00:00,2448224.6723150527
2648,25,3,2045-07-01 00:00:00,2457130.6054099603
2649,25,3,2046-07-01 00:00:00,2466036.538504867
2650,25,3,2047-07-01 00:00:00,2474942.471599774
2651,25,3,2048-07-01 00:00:00,2483848.40469468
2652,25,3,2049-07-01 00:00:00,2492754.3377895867
2653,25,3,2050-07-01 00:00:00,2501660.270884494
2654,25,3,2051-07-01 00:00:00,2510566.203979401
2655,25,3,2052-07-01 00:00:00,2519472.1370743075
2656,25,3,2053-07-01 00:00:00,2528378.0701692137
2657,26,2,2022-07-01 00:00:00,1488174.7189475026
2658,26,2,2023-07-01 00:00:00,1512884.958017727
2659,26,2,2024-07-01 00:00:00,1540769.6355765145
2660,26,2,2025-07-01 00:00:00,1548110.9658274744
2661,26,2,2026-07-01 00:00:00,1559080.8381875257
2662,26,2,2027-07-01 00:00:00,1571602.3186916814
2663,26,2,2028-07-01 00:00:00,1583222.490526268
2664,26,2,2029-07-01 00:00:00,1594174.0584961774
2665,26,2,2030-07-01 00:00:00,1607784.9769095667
2666,26,2,2031-07-01 00:00:00,1612212.6761399657
2667,26,2,2032-07-01 00:00:00,1616721.6175580777
2668,26,2,2033-07-01 00:00:00,1621311.801163904
2669,26,2,2034-07-01 00:00:00,1625983.2269574434
2670,26,2,2035-07-01 00:00:00,1630715.5843917683
2671,26,2,2036-07-01 00:00:00,1635549.494560736
2672,26,2,2037-07-01 00:00:00,1640464.646917417
2673,26,2,2038-07-01 00:00:00,1645461.0414618116
2674,26,2,2039-07-01 00:00:00,1650538.67819392
2675,26,2,2040-07-01 00:00:00,1655555.383285243
2676,26,2,2041-07-01 00:00:00,1660592.3989234946
2677,26,2,2042-07-01 00:00:00,1665629.4145617462
2678,26,2,2043-07-01 00:00:00,1670646.1196530696
2679,26,2,2044-07-01 00:00:00,1675683.1352913212
2680,26,2,2045-07-01 00:00:00,1680720.1509295728
2681,26,2,2046-07-01 00:00:00,1685757.1665678243
2682,26,2,2047-07-01 00:00:00,1690794.1822060759
2683,26,2,2048-07-01 00:00:00,1695831.1978443274
2684,26,2,2049-07-01 00:00:00,1700868.213482579
2685,26,2,2050-07-01 00:00:00,1705905.2291208305
2686,26,2,2051-07-01 00:00:00,1710942.2447590823
2687,26,2,2052-07-01 00:00:00,1715979.260397334
2688,26,2,2053-07-01 00:00:00,1721016.2760355854
2689,26,3,2022-07-01 00:00:00,1488174.7189475026
2690,26,3,2023-07-01 00:00:00,1512884.958017727
2691,26,3,2024-07-01 00:00:00,1540769.6355765145
2692,26,3,2025-07-01 00:00:00,1548110.9658274744
2693,26,3,2026-07-01 00:00:00,1559080.8381875257
2694,26,3,2027-07-01 00:00:00,1571602.3186916814
2695,26,3,2028-07-01 00:00:00,1583222.490526268
2696,26,3,2029-07-01 00:00:00,1594174.0584961774
2697,26,3,2030-07-01 00:00:00,1607784.9769095667
2698,26,3,2031-07-01 00:00:00,1612212.6761399657
2699,26,3,2032-07-01 00:00:00,1616721.6175580777
2700,26,3,2033-07-01 00:00:00,1621311.801163904
2701,26,3,2034-07-01 00:00:00,1625983.2269574434
2702,26,3,2035-07-01 00:00:00,1630715.5843917683
2703,26,3,2036-07-01 00:00:00,1635549.494560736
2704,26,3,2037-07-01 00:00:00,1640464.646917417
2705,26,3,2038-07-01 00:00:00,1645461.0414618116
2706,26,3,2039-07-01 00:00:00,1650538.67819392
2707,26,3,2040-07-01 00:00:00,1655555.383285243
2708,26,3,2041-07-01 00:00:00,1660592.3989234946
2709,26,3,2042-07-01 00:00:00,1665629.4145617462
2710,26,3,2043-07-01 00:00:00,1670646.1196530696
2711,26,3,2044-07-01 00:00:00,1675683.1352913212
2712,26,3,2045-07-01 00:00:00,1680720.1509295728
2713,26,3,2046-07-01 00:00:00,1685757.1665678243
2714,26,3,2047-07-01 00:00:00,1690794.1822060759
2715,26,3,2048-07-01 00:00:00,1695831.1978443274
2716,26,3,2049-07-01 00:00:00,1700868.213482579
2717,26,3,2050-07-01 00:00:00,1705905.2291208305
2718,26,3,2051-07-01 00:00:00,1710942.2447590823
2719,26,3,2052-07-01 00:00:00,1715979.260397334
2720,26,3,2053-07-01 00:00:00,1721016.2760355854
2721,29,2,2022-07-01 00:00:00,1761770.2239486414
2722,29,2,2023-07-01 00:00:00,1787326.9674069989
2723,29,2,2024-07-01 00:00:00,1817379.981623164
2724,29,2,2025-07-01 00:00:00,1840634.397152605
2725,29,2,2026-07-01 00:00:00,1852631.2023675772
2726,29,2,2027-07-01 00:00:00,1866311.8410177138
2727,29,2,2028-07-01 00:00:00,1878998.7624590232
2728,29,2,2029-07-01 00:00:00,1890969.106741813
2729,29,2,2030-07-01 00:00:00,1901274.5615338427
2730,29,2,2031-07-01 00:00:00,1904990.7427083678
2731,29,2,2032-07-01 00:00:00,1908775.1106934338
2732,29,2,2033-07-01 00:00:00,1912627.665489042
2733,29,2,2034-07-01 00:00:00,1916548.4070951915
2734,29,2,2035-07-01 00:00:00,1920520.2888092475
2735,29,2,2036-07-01 00:00:00,1924577.4040364807
2736,29,2,2037-07-01 00:00:00,1928702.706074256
2737,29,2,2038-07-01 00:00:00,1932896.1949225727
2738,29,2,2039-07-01 00:00:00,1937157.870581431
2739,29,2,2040-07-01 00:00:00,1941368.4061323833
2740,29,2,2041-07-01 00:00:00,1945595.9883859712
2741,29,2,2042-07-01 00:00:00,1949823.5706395588
2742,29,2,2043-07-01 00:00:00,1954034.106190511
2743,29,2,2044-07-01 00:00:00,1958261.6884440982
2744,29,2,2045-07-01 00:00:00,1962489.2706976861
2745,29,2,2046-07-01 00:00:00,1966716.8529512736
2746,29,2,2047-07-01 00:00:00,1970944.4352048612
2747,29,2,2048-07-01 00:00:00,1975172.0174584494
2748,29,2,2049-07-01 00:00:00,1979399.5997120366
2749,29,2,2050-07-01 00:00:00,1983627.1819656242
2750,29,2,2051-07-01 00:00:00,1987854.764219212
2751,29,2,2052-07-01 00:00:00,1992082.3464727993
2752,29,2,2053-07-01 00:00:00,1996309.928726387
2753,29,3,2022-07-01 00:00:00,1761770.2239486414
2754,29,3,2023-07-01 00:00:00,1787326.9674069989
2755,29,3,2024-07-01 00:00:00,1817379.981623164
2756,29,3,2025-07-01 00:00:00,1840634.397152605
2757,29,3,2026-07-01 00:00:00,1852631.2023675772
2758,29,3,2027-07-01 00:00:00,1866311.8410177138
2759,29,3,2028-07-01 00:00:00,1878998.7624590232
2760,29,3,2029-07-01 00:00:00,1890969.106741813
2761,29,3,2030-07-01 00:00:00,1901274.5615338427
2762,29,3,2031-07-01 00:00:00,1904990.7427083678
2763,29,3,2032-07-01 00:00:00,1908775.1106934338
2764,29,3,2033-07-01 00:00:00,1912627.665489042
2765,29,3,2034-07-01 00:00:00,1916548.4070951915
2766,29,3,2035-07-01 00:00:00,1920520.2888092475
2767,29,3,2036-07-01 00:00:00,1924577.4040364807
2768,29,3,2037-07-01 00:00:00,1928702.706074256
2769,29,3,2038-07-01 00:00:00,1932896.1949225727
2770,29,3,2039-07-01 00:00:00,1937157.870581431
2771,29,3,2040-07-01 00:00:00,1941368.4061323833
2772,29,3,2041-07-01 00:00:00,1945595.9883859712
2773,29,3,2042-07-01 00:00:00,1949823.5706395588
2774,29,3,2043-07-01 00:00:00,1954034.106190511
2775,29,3,2044-07-01 00:00:00,1958261.6884440982
2776,29,3,2045-07-01 00:00:00,1962489.2706976861
2777,29,3,2046-07-01 00:00:00,1966716.8529512736
2778,29,3,2047-07-01 00:00:00,1970944.4352048612
2779,29,3,2048-07-01 00:00:00,1975172.0174584494
2780,29,3,2049-07-01 00:00:00,1979399.5997120366
2781,29,3,2050-07-01 00:00:00,1983627.1819656242
2782,29,3,2051-07-01 00:00:00,1987854.764219212
2783,29,3,2052-07-01 00:00:00,1992082.3464727993
2784,29,3,2053-07-01 00:00:00,1996309.928726387
2785,36,2,2022-07-01 00:00:00,346603.508988109
2786,36,2,2023-07-01 00:00:00,352770.98123579804
2787,36,2,2024-07-01 00:00:00,359533.7563766702
2788,36,2,2025-07-01 00:00:00,364511.2895364104
2789,36,2,2026-07-01 00:00:00,366858.09090102545
2790,36,2,2027-07-01 00:00:00,369583.9751386263
2791,36,2,2028-07-01 00:00:00,372206.30650545814
2792,36,2,2029-07-01 00:00:00,374753.7183424188
2793,36,2,2030-07-01 00:00:00,377462.3537925461
2794,36,2,2031-07-01 00:00:00,378333.3690415377
2795,36,2,2032-07-01 00:00:00,379220.3662217036
2796,36,2,2033-07-01 00:00:00,380123.3453330436
2797,36,2,2034-07-01 00:00:00,381042.3063755578
2798,36,2,2035-07-01 00:00:00,381973.25386645255
2799,36,2,2036-07-01 00:00:00,382924.178771315
2800,36,2,2037-07-01 00:00:00,383891.08560735174
2801,36,2,2038-07-01 00:00:00,384873.9743745625
2802,36,2,2039-07-01 00:00:00,385872.8450729475
2803,36,2,2040-07-01 00:00:00,386859.7293229518
2804,36,2,2041-07-01 00:00:00,387850.60905574966
2805,36,2,2042-07-01 00:00:00,388841.4887885476
2806,36,2,2043-07-01 00:00:00,389828.3730385519
2807,36,2,2044-07-01 00:00:00,390819.25277134974
2808,36,2,2045-07-01 00:00:00,391810.13250414765
2809,36,2,2046-07-01 00:00:00,392801.0122369455
2810,36,2,2047-07-01 00:00:00,393791.8919697434
2811,36,2,2048-07-01 00:00:00,394782.7717025414
2812,36,2,2049-07-01 00:00:00,395773.6514353393
2813,36,2,2050-07-01 00:00:00,396764.5311681371
2814,36,2,2051-07-01 00:00:00,397755.410900935
2815,36,2,2052-07-01 00:00:00,398746.2906337329
2816,36,2,2053-07-01 00:00:00,399737.17036653066
2817,36,3,2022-07-01 00:00:00,346603.508988109
2818,36,3,2023-07-01 00:00:00,352770.98123579804
2819,36,3,2024-07-01 00:00:00,359533.7563766702
2820,36,3,2025-07-01 00:00:00,364511.2895364104
2821,36,3,2026-07-01 00:00:00,366858.09090102545
2822,36,3,2027-07-01 00:00:00,369583.9751386263
2823,36,3,2028-07-01 00:00:00,372206.30650545814
2824,36,3,2029-07-01 00:00:00,374753.7183424188
2825,36,3,2030-07-01 00:00:00,377462.3537925461
2826,36,3,2031-07-01 00:00:00,378333.3690415377
2827,36,3,2032-07-01 00:00:00,379220.3662217036
2828,36,3,2033-07-01 00:00:00,380123.3453330436
2829,36,3,2034-07-01 00:00:00,381042.3063755578
2830,36,3,2035-07-01 00:00:00,381973.25386645255
2831,36,3,2036-07-01 00:00:00,382924.178771315
2832,36,3,2037-07-01 00:00:00,383891.08560735174
2833,36,3,2038-07-01 00:00:00,384873.9743745625
2834,36,3,2039-07-01 00:00:00,385872.8450729475
2835,36,3,2040-07-01 00:00:00,386859.7293229518
2836,36,3,2041-07-01 00:00:00,387850.60905574966
2837,36,3,2042-07-01 00:00:00,388841.4887885476
2838,36,3,2043-07-01 00:00:00,389828.3730385519
2839,36,3,2044-07-01 00:00:00,390819.25277134974
2840,36,3,2045-07-01 00:00:00,391810.13250414765
2841,36,3,2046-07-01 00:00:00,392801.0122369455
2842,36,3,2047-07-01 00:00:00,393791.8919697434
2843,36,3,2048-07-01 00:00:00,394782.7717025414
2844,36,3,2049-07-01 00:00:00,395773.6514353393
2845,36,3,2050-07-01 00:00:00,396764.5311681371
2846,36,3,2051-07-01 00:00:00,397755.410900935
2847,36,3,2052-07-01 00:00:00,398746.2906337329
2848,36,3,2053-07-01 00:00:00,399737.17036653066
2849,19,1,2022-07-01 00:00:00,501706.7679766565
2850,19,1,2023-07-01 00:00:00,509791.16079850635
2851,19,1,2024-07-01 00:00:00,517930.7552771347
2852,19,1,2025-07-01 00:00:00,523906.3130332745
2853,19,1,2026-07-01 00:00:00,525156.3470657059
2854,19,1,2027-07-01 00:00:00,525827.1248281719
2855,19,1,2028-07-01 00:00:00,526515.5935130756
2856,19,1,2029-07-01 00:00:00,527219.5782219014
2857,19,1,2030-07-01 00:00:00,527937.778253184
2858,19,1,2031-07-01 00:00:00,528669.2641976458
2859,19,1,2032-07-01 00:00:00,529414.1719025564
2860,19,1,2033-07-01 00:00:00,530172.501367916
2861,19,1,2034-07-01 00:00:00,530944.252593724
2862,19,1,2035-07-01 00:00:00,531726.0701398692
2863,19,1,2036-07-01 00:00:00,532524.6648865752
2864,19,1,2037-07-01 00:00:00,533336.6813937299
2865,19,1,2038-07-01 00:00:00,534162.1196613337
2866,19,1,2039-07-01 00:00:00,535000.9796893863
2867,19,1,2040-07-01 00:00:00,535829.7733971021
2868,19,1,2041-07-01 00:00:00,536661.9225449302
2869,19,1,2042-07-01 00:00:00,537494.0716927584
2870,19,1,2043-07-01 00:00:00,538322.8654004743
2871,19,1,2044-07-01 00:00:00,539155.0145483023
2872,19,1,2045-07-01 00:00:00,539987.1636961304
2873,19,1,2046-07-01 00:00:00,540819.3128439584
2874,19,1,2047-07-01 00:00:00,541651.4619917867
2875,19,1,2048-07-01 00:00:00,542483.6111396147
2876,19,1,2049-07-01 00:00:00,543315.7602874427
2877,19,1,2050-07-01 00:00:00,544147.9094352709
2878,19,1,2051-07-01 00:00:00,544980.058583099
2879,19,1,2052-07-01 00:00:00,545812.2077309272
2880,19,1,2053-07-01 00:00:00,546644.3568787553
2881,25,1,2022-07-01 00:00:00,2114535.606971334
2882,25,1,2023-07-01 00:00:00,2150974.7833534293
2883,25,1,2024-07-01 00:00:00,2193269.583513483
2884,25,1,2025-07-01 00:00:00,2229824.0346195675
2885,25,1,2026-07-01 00:00:00,2249338.412312697
2886,25,1,2027-07-01 00:00:00,2256517.295836277
2887,25,1,2028-07-01 00:00:00,2263885.513441777
2888,25,1,2029-07-01 00:00:00,2271419.7887316034
2889,25,1,2030-07-01 00:00:00,2279106.2009861725
2890,25,1,2031-07-01 00:00:00,2286934.8034647596
2891,25,1,2032-07-01 00:00:00,2294907.0500255236
2892,25,1,2033-07-01 00:00:00,2303022.9406684623
2893,25,1,2034-07-01 00:00:00,2311282.4753935775
2894,25,1,2035-07-01 00:00:00,2319649.7431803243
2895,25,1,2036-07-01 00:00:00,2328196.566069792
2896,25,1,2037-07-01 00:00:00,2336887.033041435
2897,25,1,2038-07-01 00:00:00,2345721.1440952527
2898,25,1,2039-07-01 00:00:00,2354698.8992312485
2899,25,1,2040-07-01 00:00:00,2363568.921305611
2900,25,1,2041-07-01 00:00:00,2372474.854400518
2901,25,1,2042-07-01 00:00:00,2381380.7874954245
2902,25,1,2043-07-01 00:00:00,2390250.8095697872
2903,25,1,2044-07-01 00:00:00,2399156.7426646943
2904,25,1,2045-07-01 00:00:00,2408062.675759601
2905,25,1,2046-07-01 00:00:00,2416968.608854508
2906,25,1,2047-07-01 00:00:00,2425874.541949414
2907,25,1,2048-07-01 00:00:00,2434780.4750443213
2908,25,1,2049-07-01 00:00:00,2443686.408139228
2909,25,1,2050-07-01 00:00:00,2452592.341234135
2910,25,1,2051-07-01 00:00:00,2461498.2743290416
2911,25,1,2052-07-01 00:00:00,2470404.207423948
2912,25,1,2053-07-01 00:00:00,2479310.140518855
2913,26,1,2022-07-01 00:00:00,1488174.7189475026
2914,26,1,2023-07-01 00:00:00,1512884.958017727
2915,26,1,2024-07-01 00:00:00,1540769.6355765145
2916,26,1,2025-07-01 00:00:00,1548110.9658274744
2917,26,1,2026-07-01 00:00:00,1557507.0744083347
2918,26,1,2027-07-01 00:00:00,1561567.305737105
2919,26,1,2028-07-01 00:00:00,1565734.6205982578
2920,26,1,2029-07-01 00:00:00,1569995.8543241997
2921,26,1,2030-07-01 00:00:00,1574343.1336355198
2922,26,1,2031-07-01 00:00:00,1578770.832865918
2923,26,1,2032-07-01 00:00:00,1583279.7742840303
2924,26,1,2033-07-01 00:00:00,1587869.9578898565
2925,26,1,2034-07-01 00:00:00,1592541.383683396
2926,26,1,2035-07-01 00:00:00,1597273.7411177214
2927,26,1,2036-07-01 00:00:00,1602107.6512866884
2928,26,1,2037-07-01 00:00:00,1607022.8036433696
2929,26,1,2038-07-01 00:00:00,1612019.1981877645
2930,26,1,2039-07-01 00:00:00,1617096.834919873
2931,26,1,2040-07-01 00:00:00,1622113.540011196
2932,26,1,2041-07-01 00:00:00,1627150.5556494477
2933,26,1,2042-07-01 00:00:00,1632187.571287699
2934,26,1,2043-07-01 00:00:00,1637204.276379022
2935,26,1,2044-07-01 00:00:00,1642241.2920172738
2936,26,1,2045-07-01 00:00:00,1647278.3076555254
2937,26,1,2046-07-01 00:00:00,1652315.3232937767
2938,26,1,2047-07-01 00:00:00,1657352.3389320283
2939,26,1,2048-07-01 00:00:00,1662389.35457028
2940,26,1,2049-07-01 00:00:00,1667426.3702085316
2941,26,1,2050-07-01 00:00:00,1672463.3858467834
2942,26,1,2051-07-01 00:00:00,1677500.401485035
2943,26,1,2052-07-01 00:00:00,1682537.4171232863
2944,26,1,2053-07-01 00:00:00,1687574.4327615378
2945,29,1,2022-07-01 00:00:00,1761770.2239486414
2946,29,1,2023-07-01 00:00:00,1787326.9674069989
2947,29,1,2024-07-01 00:00:00,1817379.981623164
2948,29,1,2025-07-01 00:00:00,1840634.397152605
2949,29,1,2026-07-01 00:00:00,1848163.700308239
2950,29,1,2027-07-01 00:00:00,1851571.4645289758
2951,29,1,2028-07-01 00:00:00,1855069.1043457878
2952,29,1,2029-07-01 00:00:00,1858645.5705601666
2953,29,1,2030-07-01 00:00:00,1862294.2550660244
2954,29,1,2031-07-01 00:00:00,1866010.4362405492
2955,29,1,2032-07-01 00:00:00,1869794.8042256155
2956,29,1,2033-07-01 00:00:00,1873647.3590212236
2957,29,1,2034-07-01 00:00:00,1877568.1006273734
2958,29,1,2035-07-01 00:00:00,1881539.9823414295
2959,29,1,2036-07-01 00:00:00,1885597.0975686626
2960,29,1,2037-07-01 00:00:00,1889722.3996064377
2961,29,1,2038-07-01 00:00:00,1893915.8884547546
2962,29,1,2039-07-01 00:00:00,1898177.5641136132
2963,29,1,2040-07-01 00:00:00,1902388.0996645654
2964,29,1,2041-07-01 00:00:00,1906615.6819181524
2965,29,1,2042-07-01 00:00:00,1910843.2641717405
2966,29,1,2043-07-01 00:00:00,1915053.7997226927
2967,29,1,2044-07-01 00:00:00,1919281.3819762801
2968,29,1,2045-07-01 00:00:00,1923508.964229868
2969,29,1,2046-07-01 00:00:00,1927736.546483455
2970,29,1,2047-07-01 00:00:00,1931964.1287370431
2971,29,1,2048-07-01 00:00:00,1936191.7109906308
2972,29,1,2049-07-01 00:00:00,1940419.2932442182
2973,29,1,2050-07-01 00:00:00,1944646.875497806
2974,29,1,2051-07-01 00:00:00,1948874.4577513936
2975,29,1,2052-07-01 00:00:00,1953102.0400049814
2976,29,1,2053-07-01 00:00:00,1957329.6222585684
2977,36,1,2022-07-01 00:00:00,345787.3724040183
2978,36,1,2023-07-01 00:00:00,351310.07393887924
2979,36,1,2024-07-01 00:00:00,357065.8391442816
2980,36,1,2025-07-01 00:00:00,361037.3632637466
2981,36,1,2026-07-01 00:00:00,362777.64636487816
2982,36,1,2027-07-01 00:00:00,363216.6977749064
2983,36,1,2028-07-01 00:00:00,363667.32862635294
2984,36,1,2029-07-01 00:00:00,364128.11535695277
2985,36,1,2030-07-01 00:00:00,364598.20658782666
2986,36,1,2031-07-01 00:00:00,365076.9939914989
2987,36,1,2032-07-01 00:00:00,365564.56648514676
2988,36,1,2033-07-01 00:00:00,366060.9240687704
2989,36,1,2034-07-01 00:00:00,366566.0667423696
2990,36,1,2035-07-01 00:00:00,367077.7982334505
2991,36,1,2036-07-01 00:00:00,367600.51108700095
2992,36,1,2037-07-01 00:00:00,368132.0090305271
2993,36,1,2038-07-01 00:00:00,368672.2920640288
2994,36,1,2039-07-01 00:00:00,369221.3601875062
2995,36,1,2040-07-01 00:00:00,369763.8394935019
2996,36,1,2041-07-01 00:00:00,370308.5150719914
2997,36,1,2042-07-01 00:00:00,370853.19065048103
2998,36,1,2043-07-01 00:00:00,371395.66995647666
2999,36,1,2044-07-01 00:00:00,371940.34553496627
3000,36,1,2045-07-01 00:00:00,372485.0211134559
3001,36,1,2046-07-01 00:00:00,373029.6966919454
3002,36,1,2047-07-01 00:00:00,373574.372270435
3003,36,1,2048-07-01 00:00:00,374119.0478489246
3004,36,1,2049-07-01 00:00:00,374663.723427414
3005,36,1,2050-07-01 00:00:00,375208.39900590375
3006,36,1,2051-07-01 00:00:00,375753.0745843933
3007,36,1,2052-07-01 00:00:00,376297.75016288285
3008,36,1,2053-07-01 00:00:00,376842.42574137246
3009,46,2,2026-07-01 00:00:00,2223636.3636363638
3010,46,2,2027-07-01 00:00:00,2238913.609964693
3011,46,2,2028-07-01 00:00:00,2253192.5773863015
3012,46,2,2029-07-01 00:00:00,2266820.407710522
3013,46,2,2030-07-01 00:00:00,2270500.0608125958
3014,46,2,2031-07-01 00:00:00,2274246.5289364285
3015,46,2,2032-07-01 00:00:00,2278061.739594644
3016,46,2,2033-07-01 00:00:00,2281945.692787241
3017,46,2,2034-07-01 00:00:00,2285898.3885142207
3018,46,2,2035-07-01 00:00:00,2289902.6411419865
3019,46,2,2036-07-01 00:00:00,2293992.821937731
3020,46,2,2037-07-01 00:00:00,2298151.745267856
3021,46,2,2038-07-01 00:00:00,2302379.4111323655
3022,46,2,2039-07-01 00:00:00,2306675.8195312554
3023,46,2,2040-07-01 00:00:00,2310920.67102936
3024,46,2,2041-07-01 00:00:00,2315182.7081610598
3025,46,2,2042-07-01 00:00:00,2319444.74529276
3026,46,2,2043-07-01 00:00:00,2323689.596790863
3027,46,2,2044-07-01 00:00:00,2327951.633922562
3028,46,2,2045-07-01 00:00:00,2332213.671054262
3029,46,2,2046-07-01 00:00:00,2336475.7081859615
3030,46,2,2047-07-01 00:00:00,2340737.7453176617
3031,46,2,2048-07-01 00:00:00,2344999.7824493614
3032,46,2,2049-07-01 00:00:00,2349261.81958106
3033,46,2,2050-07-01 00:00:00,2353523.85671276
3034,46,2,2051-07-01 00:00:00,2357785.89384446
3035,46,2,2052-07-01 00:00:00,2362047.9309761594
3036,46,2,2053-07-01 00:00:00,2366309.9681078596
3037,46,3,2026-07-01 00:00:00,2223636.3636363638
3038,46,3,2027-07-01 00:00:00,2238913.609964693
3039,46,3,2028-07-01 00:00:00,2253192.5773863015
3040,46,3,2029-07-01 00:00:00,2266820.407710522
3041,46,3,2030-07-01 00:00:00,2270500.0608125958
3042,46,3,2031-07-01 00:00:00,2274246.5289364285
3043,46,3,2032-07-01 00:00:00,2278061.739594644
3044,46,3,2033-07-01 00:00:00,2281945.692787241
3045,46,3,2034-07-01 00:00:00,2285898.3885142207
3046,46,3,2035-07-01 00:00:00,2289902.6411419865
3047,46,3,2036-07-01 00:00:00,2293992.821937731
3048,46,3,2037-07-01 00:00:00,2298151.745267856
3049,46,3,2038-07-01 00:00:00,2302379.4111323655
3050,46,3,2039-07-01 00:00:00,2306675.8195312554
3051,46,3,2040-07-01 00:00:00,2310920.67102936
3052,46,3,2041-07-01 00:00:00,2315182.7081610598
3053,46,3,2042-07-01 00:00:00,2319444.74529276
3054,46,3,2043-07-01 00:00:00,2323689.596790863
3055,46,3,2044-07-01 00:00:00,2327951.633922562
3056,46,3,2045-07-01 00:00:00,2332213.671054262
3057,46,3,2046-07-01 00:00:00,2336475.7081859615
3058,46,3,2047-07-01 00:00:00,2340737.7453176617
3059,46,3,2048-07-01 00:00:00,2344999.7824493614
3060,46,3,2049-07-01 00:00:00,2349261.81958106
3061,46,3,2050-07-01 00:00:00,2353523.85671276
3062,46,3,2051-07-01 00:00:00,2357785.89384446
3063,46,3,2052-07-01 00:00:00,2362047.9309761594
3064,46,3,2053-07-01 00:00:00,2366309.9681078596
3065,50,2,2022-07-01 00:00:00,1875018.1332458844
3066,50,2,2023-07-01 00:00:00,1904196.1760690743
3067,50,2,2024-07-01 00:00:00,1934168.5945120875
3068,50,2,2025-07-01 00:00:00,1954105.064843751
3069,50,2,2026-07-01 00:00:00,1964329.3792972346
3070,50,2,2027-07-01 00:00:00,1976737.8279880658
3071,50,2,2028-07-01 00:00:00,1988521.6635000636
3072,50,2,2029-07-01 00:00:00,1999850.234120954
3073,50,2,2030-07-01 00:00:00,2008278.7166291089
3074,50,2,2031-07-01 00:00:00,2010443.0096805617
3075,50,2,2032-07-01 00:00:00,2012647.0145311232
3076,50,2,2033-07-01 00:00:00,2014890.7311807945
3077,50,2,2034-07-01 00:00:00,2017174.1596295745
3078,50,2,2035-07-01 00:00:00,2019487.3719276872
3079,50,2,2036-07-01 00:00:00,2021850.2239746863
3080,50,2,2037-07-01 00:00:00,2024252.7878207937
3081,50,2,2038-07-01 00:00:00,2026695.0634660115
3082,50,2,2039-07-01 00:00:00,2029177.050910338
3083,50,2,2040-07-01 00:00:00,2031629.2545053328
3084,50,2,2041-07-01 00:00:00,2034091.3860501042
3085,50,2,2042-07-01 00:00:00,2036553.5175948762
3086,50,2,2043-07-01 00:00:00,2039005.7211898707
3087,50,2,2044-07-01 00:00:00,2041467.8527346426
3088,50,2,2045-07-01 00:00:00,2043929.9842794142
3089,50,2,2046-07-01 00:00:00,2046392.115824186
3090,50,2,2047-07-01 00:00:00,2048854.2473689578
3091,50,2,2048-07-01 00:00:00,2051316.3789137304
3092,50,2,2049-07-01 00:00:00,2053778.510458502
3093,50,2,2050-07-01 00:00:00,2056240.6420032738
3094,50,2,2051-07-01 00:00:00,2058702.7735480454
3095,50,2,2052-07-01 00:00:00,2061164.9050928177
3096,50,2,2053-07-01 00:00:00,2063627.036637589
3097,50,3,2022-07-01 00:00:00,1875018.1332458844
3098,50,3,2023-07-01 00:00:00,1904196.1760690743
3099,50,3,2024-07-01 00:00:00,1934168.5945120875
3100,50,3,2025-07-01 00:00:00,1954105.064843751
3101,50,3,2026-07-01 00:00:00,1964329.3792972346
3102,50,3,2027-07-01 00:00:00,1976737.8279880658
3103,50,3,2028-07-01 00:00:00,1988521.6635000636
3104,50,3,2029-07-01 00:00:00,1999850.234120954
3105,50,3,2030-07-01 00:00:00,2008278.7166291089
3106,50,3,2031-07-01 00:00:00,2010443.0096805617
3107,50,3,2032-07-01 00:00:00,2012647.0145311232
3108,50,3,2033-07-01 00:00:00,2014890.7311807945
3109,50,3,2034-07-01 00:00:00,2017174.1596295745
3110,50,3,2035-07-01 00:00:00,2019487.3719276872
3111,50,3,2036-07-01 00:00:00,2021850.2239746863
3112,50,3,2037-07-01 00:00:00,2024252.7878207937
3113,50,3,2038-07-01 00:00:00,2026695.0634660115
3114,50,3,2039-07-01 00:00:00,2029177.050910338
3115,50,3,2040-07-01 00:00:00,2031629.2545053328
3116,50,3,2041-07-01 00:00:00,2034091.3860501042
3117,50,3,2042-07-01 00:00:00,2036553.5175948762
3118,50,3,2043-07-01 00:00:00,2039005.7211898707
3119,50,3,2044-07-01 00:00:00,2041467.8527346426
3120,50,3,2045-07-01 00:00:00,2043929.9842794142
3121,50,3,2046-07-01 00:00:00,2046392.115824186
3122,50,3,2047-07-01 00:00:00,2048854.2473689578
3123,50,3,2048-07-01 00:00:00,2051316.3789137304
3124,50,3,2049-07-01 00:00:00,2053778.510458502
3125,50,3,2050-07-01 00:00:00,2056240.6420032738
3126,50,3,2051-07-01 00:00:00,2058702.7735480454
3127,50,3,2052-07-01 00:00:00,2061164.9050928177
3128,50,3,2053-07-01 00:00:00,2063627.036637589
3129,51,2,2030-07-01 00:00:00,5120000
3130,51,2,2031-07-01 00:00:00,5166666.666666667
3131,51,2,2032-07-01 00:00:00,5182666.666666667
3132,51,2,2033-07-01 00:00:00,5198666.666666667
3133,51,2,2034-07-01 00:00:00,5216000
3134,51,2,2035-07-01 00:00:00,5232000
3135,51,2,2036-07-01 00:00:00,5249333.333333333
3136,51,2,2037-07-01 00:00:00,5266666.666666667
3137,51,2,2038-07-01 00:00:00,5284000
3138,51,2,2039-07-01 00:00:00,5302666.666666667
3139,51,2,2040-07-01 00:00:00,5320000
3140,51,2,2041-07-01 00:00:00,5338666.666666667
3141,51,2,2042-07-01 00:00:00,5356000
3142,51,2,2043-07-01 00:00:00,5374666.666666667
3143,51,2,2044-07-01 00:00:00,5392000
3144,51,2,2045-07-01 00:00:00,5410666.666666667
3145,51,2,2046-07-01 00:00:00,5428000
3146,51,2,2047-07-01 00:00:00,5445333.333333333
3147,51,2,2048-07-01 00:00:00,5464000
3148,51,2,2049-07-01 00:00:00,5481333.333333333
3149,51,2,2050-07-01 00:00:00,5500000
3150,51,2,2051-07-01 00:00:00,5517333.333333333
3151,51,2,2052-07-01 00:00:00,5536000
3152,51,2,2053-07-01 00:00:00,5553333.333333333
3153,51,3,2030-07-01 00:00:00,5120000
3154,51,3,2031-07-01 00:00:00,5166666.666666667
3155,51,3,2032-07-01 00:00:00,5182666.666666667
3156,51,3,2033-07-01 00:00:00,5198666.666666667
3157,51,3,2034-07-01 00:00:00,5216000
3158,51,3,2035-07-01 00:00:00,5232000
3159,51,3,2036-07-01 00:00:00,5249333.333333333
3160,51,3,2037-07-01 00:00:00,5266666.666666667
3161,51,3,2038-07-01 00:00:00,5284000
3162,51,3,2039-07-01 00:00:00,5302666.666666667
3163,51,3,2040-07-01 00:00:00,5320000
3164,51,3,2041-07-01 00:00:00,5338666.666666667
3165,51,3,2042-07-01 00:00:00,5356000
3166,51,3,2043-07-01 00:00:00,5374666.666666667
3167,51,3,2044-07-01 00:00:00,5392000
3168,51,3,2045-07-01 00:00:00,5410666.666666667
3169,51,3,2046-07-01 00:00:00,5428000
3170,51,3,2047-07-01 00:00:00,5445333.333333333
3171,51,3,2048-07-01 00:00:00,5464000
3172,51,3,2049-07-01 00:00:00,5481333.333333333
3173,51,3,2050-07-01 00:00:00,5500000
3174,51,3,2051-07-01 00:00:00,5517333.333333333
3175,51,3,2052-07-01 00:00:00,5536000
3176,51,3,2053-07-01 00:00:00,5553333.333333333
3177,52,2,2031-07-01 00:00:00,3646666.6666666665
3178,52,2,2032-07-01 00:00:00,3670666.6666666665
3179,52,2,2033-07-01 00:00:00,3677333.3333333335
3180,52,2,2034-07-01 00:00:00,3684000
3181,52,2,2035-07-01 00:00:00,3690666.6666666665
3182,52,2,2036-07-01 00:00:00,3697333.3333333335
3183,52,2,2037-07-01 00:00:00,3704000
3184,52,2,2038-07-01 00:00:00,3710666.6666666665
3185,52,2,2039-07-01 00:00:00,3718666.6666666665
3186,52,2,2040-07-01 00:00:00,3725333.3333333335
3187,52,2,2041-07-01 00:00:00,3732000
3188,52,2,2042-07-01 00:00:00,3738666.6666666665
3189,52,2,2043-07-01 00:00:00,3746666.6666666665
3190,52,2,2044-07-01 00:00:00,3753333.3333333335
3191,52,2,2045-07-01 00:00:00,3760000
3192,52,2,2046-07-01 00:00:00,3766666.6666666665
3193,52,2,2047-07-01 00:00:00,3774666.6666666665
3194,52,2,2048-07-01 00:00:00,3781333.3333333335
3195,52,2,2049-07-01 00:00:00,3788000
3196,52,2,2050-07-01 00:00:00,3794666.6666666665
3197,52,2,2051-07-01 00:00:00,3796000
3198,52,2,2052-07-01 00:00:00,3798666.6666666665
3199,52,2,2053-07-01 00:00:00,3798666.6666666665
3200,52,3,2031-07-01 00:00:00,3646666.6666666665
3201,52,3,2032-07-01 00:00:00,3670666.6666666665
3202,52,3,2033-07-01 00:00:00,3677333.3333333335
3203,52,3,2034-07-01 00:00:00,3684000
3204,52,3,2035-07-01 00:00:00,3690666.6666666665
3205,52,3,2036-07-01 00:00:00,3697333.3333333335
3206,52,3,2037-07-01 00:00:00,3704000
3207,52,3,2038-07-01 00:00:00,3710666.6666666665
3208,52,3,2039-07-01 00:00:00,3718666.6666666665
3209,52,3,2040-07-01 00:00:00,3725333.3333333335
3210,52,3,2041-07-01 00:00:00,3732000
3211,52,3,2042-07-01 00:00:00,3738666.6666666665
3212,52,3,2043-07-01 00:00:00,3746666.6666666665
3213,52,3,2044-07-01 00:00:00,3753333.3333333335
3214,52,3,2045-07-01 00:00:00,3760000
3215,52,3,2046-07-01 00:00:00,3766666.6666666665
3216,52,3,2047-07-01 00:00:00,3774666.6666666665
3217,52,3,2048-07-01 00:00:00,3781333.3333333335
3218,52,3,2049-07-01 00:00:00,3788000
3219,52,3,2050-07-01 00:00:00,3794666.6666666665
3220,52,3,2051-07-01 00:00:00,3796000
3221,52,3,2052-07-01 00:00:00,3798666.6666666665
3222,52,3,2053-07-01 00:00:00,3798666.6666666665
3223,46,1,2026-07-01 00:00:00,2223636.3636363638
3224,46,1,2027-07-01 00:00:00,2227071.8815521267
3225,46,1,2028-07-01 00:00:00,2230598.006919499
3226,46,1,2029-07-01 00:00:00,2234203.6007850114
3227,46,1,2030-07-01 00:00:00,2237883.2538870852
3228,46,1,2031-07-01 00:00:00,2241629.722010918
3229,46,1,2032-07-01 00:00:00,2245444.932669133
3230,46,1,2033-07-01 00:00:00,2249328.88586173
3231,46,1,2034-07-01 00:00:00,2253281.5815887097
3232,46,1,2035-07-01 00:00:00,2257285.834216476
3233,46,1,2036-07-01 00:00:00,2261376.01501222
3234,46,1,2037-07-01 00:00:00,2265534.9383423463
3235,46,1,2038-07-01 00:00:00,2269762.604206854
3236,46,1,2039-07-01 00:00:00,2274059.012605745
3237,46,1,2040-07-01 00:00:00,2278303.864103849
3238,46,1,2041-07-01 00:00:00,2282565.901235549
3239,46,1,2042-07-01 00:00:00,2286827.938367249
3240,46,1,2043-07-01 00:00:00,2291072.7898653527
3241,46,1,2044-07-01 00:00:00,2295334.8269970515
3242,46,1,2045-07-01 00:00:00,2299596.864128751
3243,46,1,2046-07-01 00:00:00,2303858.901260451
3244,46,1,2047-07-01 00:00:00,2308120.9383921507
3245,46,1,2048-07-01 00:00:00,2312382.9755238504
3246,46,1,2049-07-01 00:00:00,2316645.01265555
3247,46,1,2050-07-01 00:00:00,2320907.049787249
3248,46,1,2051-07-01 00:00:00,2325169.086918949
3249,46,1,2052-07-01 00:00:00,2329431.1240506484
3250,46,1,2053-07-01 00:00:00,2333693.1611823486
3251,50,1,2022-07-01 00:00:00,1875018.1332458844
3252,50,1,2023-07-01 00:00:00,1904196.1760690743
3253,50,1,2024-07-01 00:00:00,1934168.5945120875
3254,50,1,2025-07-01 00:00:00,1954105.064843751
3255,50,1,2026-07-01 00:00:00,1960149.243560048
3256,50,1,2027-07-01 00:00:00,1962133.9154545737
3257,50,1,2028-07-01 00:00:00,1964170.9307123101
3258,50,1,2029-07-01 00:00:00,1966253.8541011782
3259,50,1,2030-07-01 00:00:00,1968378.8373748718
3260,50,1,2031-07-01 00:00:00,1970543.130426325
3261,50,1,2032-07-01 00:00:00,1972747.1352768864
3262,50,1,2033-07-01 00:00:00,1974990.8519265577
3263,50,1,2034-07-01 00:00:00,1977274.2803753382
3264,50,1,2035-07-01 00:00:00,1979587.4926734504
3265,50,1,2036-07-01 00:00:00,1981950.344720449
3266,50,1,2037-07-01 00:00:00,1984352.9085665566
3267,50,1,2038-07-01 00:00:00,1986795.184211774
3268,50,1,2039-07-01 00:00:00,1989277.1716561008
3269,50,1,2040-07-01 00:00:00,1991729.3752510953
3270,50,1,2041-07-01 00:00:00,1994191.506795867
3271,50,1,2042-07-01 00:00:00,1996653.638340639
3272,50,1,2043-07-01 00:00:00,1999105.841935634
3273,50,1,2044-07-01 00:00:00,2001567.9734804053
3274,50,1,2045-07-01 00:00:00,2004030.1050251771
3275,50,1,2046-07-01 00:00:00,2006492.2365699494
3276,50,1,2047-07-01 00:00:00,2008954.368114721
3277,50,1,2048-07-01 00:00:00,2011416.4996594933
3278,50,1,2049-07-01 00:00:00,2013878.631204265
3279,50,1,2050-07-01 00:00:00,2016340.762749037
3280,50,1,2051-07-01 00:00:00,2018802.8942938088
3281,50,1,2052-07-01 00:00:00,2021265.0258385807
3282,50,1,2053-07-01 00:00:00,2023727.1573833523
3283,51,1,2030-07-01 00:00:00,5120000
3284,51,1,2031-07-01 00:00:00,5154666.666666667
3285,51,1,2032-07-01 00:00:00,5168000
3286,51,1,2033-07-01 00:00:00,5180000
3287,51,1,2034-07-01 00:00:00,5192000
3288,51,1,2035-07-01 00:00:00,5205333.333333333
3289,51,1,2036-07-01 00:00:00,5217333.333333333
3290,51,1,2037-07-01 00:00:00,5230666.666666667
3291,51,1,2038-07-01 00:00:00,5244000
3292,51,1,2039-07-01 00:00:00,5257333.333333333
3293,51,1,2040-07-01 00:00:00,5272000
3294,51,1,2041-07-01 00:00:00,5285333.333333333
3295,51,1,2042-07-01 00:00:00,5298666.666666667
3296,51,1,2043-07-01 00:00:00,5312000
3297,51,1,2044-07-01 00:00:00,5325333.333333333
3298,51,1,2045-07-01 00:00:00,5338666.666666667
3299,51,1,2046-07-01 00:00:00,5352000
3300,51,1,2047-07-01 00:00:00,5365333.333333333
3301,51,1,2048-07-01 00:00:00,5378666.666666667
3302,51,1,2049-07-01 00:00:00,5392000
3303,51,1,2050-07-01 00:00:00,5406666.666666667
3304,51,1,2051-07-01 00:00:00,5420000
3305,51,1,2052-07-01 00:00:00,5433333.333333333
3306,51,1,2053-07-01 00:00:00,5446666.666666667
3307,52,1,2031-07-01 00:00:00,3646666.6666666665
3308,52,1,2032-07-01 00:00:00,3666666.6666666665
3309,52,1,2033-07-01 00:00:00,3672000
3310,52,1,2034-07-01 00:00:00,3677333.3333333335
3311,52,1,2035-07-01 00:00:00,3684000
3312,52,1,2036-07-01 00:00:00,3689333.3333333335
3313,52,1,2037-07-01 00:00:00,3694666.6666666665
3314,52,1,2038-07-01 00:00:00,3700000
3315,52,1,2039-07-01 00:00:00,3706666.6666666665
3316,52,1,2040-07-01 00:00:00,3712000
3317,52,1,2041-07-01 00:00:00,3717333.3333333335
3318,52,1,2042-07-01 00:00:00,3724000
3319,52,1,2043-07-01 00:00:00,3729333.3333333335
3320,52,1,2044-07-01 00:00:00,3734666.6666666665
3321,52,1,2045-07-01 00:00:00,3741333.3333333335
3322,52,1,2046-07-01 00:00:00,3746666.6666666665
3323,52,1,2047-07-01 00:00:00,3752000
3324,52,1,2048-07-01 00:00:00,3758666.6666666665
3325,52,1,2049-07-01 00:00:00,3764000
3326,52,1,2050-07-01 00:00:00,3769333.3333333335
3327,52,1,2051-07-01 00:00:00,3776000
3328,52,1,2052-07-01 00:00:00,3781333.3333333335
3329,52,1,2053-07-01 00:00:00,3798666.6666666665
