id,id_dr,scenario,date,value
1,1,1,2023-11-01 00:00:00,0.27440113417279155
2,1,1,2024-11-01 00:00:00,0.2783717411201491
3,1,1,2025-11-01 00:00:00,0.2840593672879856
4,1,1,2026-11-01 00:00:00,0.29124938527374117
5,1,1,2027-11-01 00:00:00,0.2985467169607767
6,1,1,2028-11-01 00:00:00,0.30176612799917474
7,1,1,2029-11-01 00:00:00,0.30584404864781223
8,1,1,2030-11-01 00:00:00,0.3088488322836504
9,1,1,2031-11-01 00:00:00,0.31249749812716815
10,1,1,2032-11-01 00:00:00,0.31571690916556616
11,1,1,2033-11-01 00:00:00,0.3202240846193234
12,1,1,2034-11-01 00:00:00,0.3239800641641211
13,1,1,2035-11-01 00:00:00,0.3280579848127586
14,1,1,2036-11-01 00:00:00,0.3315993369549964
15,1,1,2037-11-01 00:00:00,0.33460412059083455
16,1,1,2038-11-01 00:00:00,0.3373942768241129
17,1,1,2039-11-01 00:00:00,0.3402917467586711
18,1,1,2040-11-01 00:00:00,0.343725785199629
19,1,1,2041-11-01 00:00:00,0.34651594143290726
20,1,1,2042-11-01 00:00:00,0.3490914702636257
21,1,1,2043-11-01 00:00:00,0.35059386208154475
22,1,1,2044-11-01 00:00:00,0.3513450579905043
23,1,1,2045-11-01 00:00:00,0.3504865483802648
24,1,1,2046-11-01 00:00:00,0.3491987839649056
25,1,1,2047-11-01 00:00:00,0.347052509939307
26,1,1,2048-11-01 00:00:00,0.34479892221242836
27,1,1,2049-11-01 00:00:00,0.34512086331626807
28,1,1,2050-11-01 00:00:00,0.34651594143290726
29,1,1,2051-11-01 00:00:00,0.34834027435466614
30,1,1,2052-11-01 00:00:00,0.35027192097770493
31,1,1,2053-11-01 00:00:00,0.3508084894841046
32,1,1,2024-04-01 00:00:00,0.27440113417279155
33,1,1,2025-04-01 00:00:00,0.27944487813294844
34,1,1,2026-04-01 00:00:00,0.286634896118704
35,1,1,2027-04-01 00:00:00,0.2956492470262185
36,1,1,2028-04-01 00:00:00,0.3020880691030145
37,1,1,2029-04-01 00:00:00,0.3069171856606116
38,1,1,2030-04-01 00:00:00,0.31056585150412935
39,1,1,2031-04-01 00:00:00,0.31453645845148687
40,1,1,2032-04-01 00:00:00,0.3183997516975645
41,1,1,2033-04-01 00:00:00,0.3220484175410823
42,1,1,2034-04-01 00:00:00,0.3259117107871599
43,1,1,2035-04-01 00:00:00,0.33020425883835725
44,1,1,2036-04-01 00:00:00,0.33449680688955463
45,1,1,2037-04-01 00:00:00,0.3384674138369122
46,1,1,2038-04-01 00:00:00,0.3423307070829898
47,1,1,2039-04-01 00:00:00,0.34469160851114833
48,1,1,2040-04-01 00:00:00,0.3479110195495464
49,1,1,2041-04-01 00:00:00,0.3514523716917842
50,1,1,2042-04-01 00:00:00,0.35467178273018224
51,1,1,2043-04-01 00:00:00,0.35713999785962075
52,1,1,2044-04-01 00:00:00,0.3581058211711401
53,1,1,2045-04-01 00:00:00,0.3575692526647405
54,1,1,2046-04-01 00:00:00,0.3578911937685803
55,1,1,2047-04-01 00:00:00,0.3564961156519411
56,1,1,2048-04-01 00:00:00,0.3528474498084234
57,1,1,2049-04-01 00:00:00,0.3516669990943441
58,1,1,2050-04-01 00:00:00,0.3514523716917842
59,1,1,2051-04-01 00:00:00,0.3516669990943441
60,1,1,2052-04-01 00:00:00,0.3545644690289023
61,1,1,2053-04-01 00:00:00,0.35520835123658195
62,1,1,2054-04-01 00:00:00,0.3553156649378619
63,1,2,2023-11-01 00:00:00,0.27440113417279155
64,1,2,2024-11-01 00:00:00,0.29865403066205665
65,1,2,2025-11-01 00:00:00,0.3255897696833201
66,1,2,2026-11-01 00:00:00,0.35510103753530203
67,1,2,2027-11-01 00:00:00,0.3871878342180023
68,1,2,2028-11-01 00:00:00,0.41712835687510386
69,1,2,2029-11-01 00:00:00,0.449537094661644
70,1,2,2030-11-01 00:00:00,0.4836628516686631
71,1,2,2031-11-01 00:00:00,0.5170374127667225
72,1,2,2032-11-01 00:00:00,0.550411973864782
73,1,2,2033-11-01 00:00:00,0.5865766911961199
74,1,2,2034-11-01 00:00:00,0.6252096236568961
75,1,2,2035-11-01 00:00:00,0.6667400260522307
76,1,2,2036-11-01 00:00:00,0.7107386435770037
77,1,2,2037-11-01 00:00:00,0.7518397911672184
78,1,2,2038-11-01 00:00:00,0.7916531743420739
79,1,2,2039-11-01 00:00:00,0.8281398327772516
80,1,2,2040-11-01 00:00:00,0.866665451536748
81,1,2,2041-11-01 00:00:00,0.9046545017898445
82,1,2,2042-11-01 00:00:00,0.9440386301595804
83,1,2,2043-11-01 00:00:00,0.9791302104781188
84,1,2,2044-11-01 00:00:00,1.0136852222902575
85,1,2,2045-11-01 00:00:00,1.04255260793456
86,1,2,2046-11-01 00:00:00,1.0708834250724626
87,1,2,2047-11-01 00:00:00,1.1007166340282841
88,1,2,2048-11-01 00:00:00,1.1290474511661868
89,1,2,2049-11-01 00:00:00,1.1601684245373678
90,1,2,2050-11-01 00:00:00,1.1689681480423224
91,1,2,2051-11-01 00:00:00,1.177445930443437
92,1,2,2052-11-01 00:00:00,1.1872114772599112
93,1,2,2053-11-01 00:00:00,1.1961185144661455
94,1,2,2024-04-01 00:00:00,0.27440113417279155
95,1,2,2025-04-01 00:00:00,0.29328834559805994
96,1,2,2026-04-01 00:00:00,0.316038850269406
97,1,2,2027-04-01 00:00:00,0.3423307070829898
98,1,2,2028-04-01 00:00:00,0.36765674058505426
99,1,2,2029-04-01 00:00:00,0.3935193425935184
100,1,2,2030-04-01 00:00:00,0.41991851310838224
101,1,2,2031-04-01 00:00:00,0.4485712713501246
102,1,2,2032-04-01 00:00:00,0.4749704418649884
103,1,2,2033-04-01 00:00:00,0.5017988671849719
104,1,2,2034-04-01 00:00:00,0.5295931158164748
105,1,2,2035-04-01 00:00:00,0.563504245420934
106,1,2,2036-04-01 00:00:00,0.5992397079471521
107,1,2,2037-04-01 00:00:00,0.6349751704733702
108,1,2,2038-04-01 00:00:00,0.6664180849483908
109,1,2,2039-04-01 00:00:00,0.6960366665016526
110,1,2,2040-04-01 00:00:00,0.7255479343536345
111,1,2,2041-04-01 00:00:00,0.7578493584388948
112,1,2,2042-04-01 00:00:00,0.7888630181087958
113,1,2,2043-04-01 00:00:00,0.8184815996620575
114,1,2,2044-04-01 00:00:00,0.8443442016705217
115,1,2,2045-04-01 00:00:00,0.8689190392636266
116,1,2,2046-04-01 00:00:00,0.8948889549733706
117,1,2,2047-04-01 00:00:00,0.9183906555536762
118,1,2,2048-04-01 00:00:00,0.9380290628879041
119,1,2,2049-04-01 00:00:00,0.9597064305464509
120,1,2,2050-04-01 00:00:00,0.9832081311267564
121,1,2,2051-04-01 00:00:00,0.9851397777497951
122,1,2,2052-04-01 00:00:00,0.9919005409304311
123,1,2,2053-04-01 00:00:00,0.9941541286573097
124,1,2,2054-04-01 00:00:00,1.0007002644353857
125,1,3,2023-11-01 00:00:00,0.27440113417279155
126,1,3,2024-11-01 00:00:00,0.33675039461643325
127,1,3,2025-11-01 00:00:00,0.4102602799931881
128,1,3,2026-11-01 00:00:00,0.48580912569426177
129,1,3,2027-11-01 00:00:00,0.5564215411364584
130,1,3,2028-11-01 00:00:00,0.6228487222287376
131,1,3,2029-11-01 00:00:00,0.6982902542285312
132,1,3,2030-11-01 00:00:00,0.7876825673947164
133,1,3,2031-11-01 00:00:00,0.8800796641967398
134,1,3,2032-11-01 00:00:00,0.9751596035307614
135,1,3,2033-11-01 00:00:00,1.0722785031891018
136,1,3,2034-11-01 00:00:00,1.1671438151205635
137,1,3,2035-11-01 00:00:00,1.262331068155865
138,1,3,2036-11-01 00:00:00,1.3652449076833217
139,1,3,2037-11-01 00:00:00,1.4713781582491767
140,1,3,2038-11-01 00:00:00,1.574935879984313
141,1,3,2039-11-01 00:00:00,1.6823568949655272
142,1,3,2040-11-01 00:00:00,1.7906364195569808
143,1,3,2041-11-01 00:00:00,1.9006329633689132
144,1,3,2042-11-01 00:00:00,1.9996835096502923
145,1,3,2043-11-01 00:00:00,2.097338977815032
146,1,3,2044-11-01 00:00:00,2.1927408582528938
147,1,3,2045-11-01 00:00:00,2.2796649562896403
148,1,3,2046-11-01 00:00:00,2.366803681728947
149,1,3,2047-11-01 00:00:00,2.446645075481218
150,1,3,2048-11-01 00:00:00,2.520047647156693
151,1,3,2049-11-01 00:00:00,2.6114789206471967
152,1,3,2050-11-01 00:00:00,2.6312246416827048
153,1,3,2051-11-01 00:00:00,2.6526873819386916
154,1,3,2052-11-01 00:00:00,2.677262219531796
155,1,3,2053-11-01 00:00:00,2.7046272133581795
156,1,3,2024-04-01 00:00:00,0.27440113417279155
157,1,3,2025-04-01 00:00:00,0.3299896314357974
158,1,3,2026-04-01 00:00:00,0.38879753973720127
159,1,3,2027-04-01 00:00:00,0.45232725089492226
160,1,3,2028-04-01 00:00:00,0.5077011207553683
161,1,3,2029-04-01 00:00:00,0.5638261865247738
162,1,3,2030-04-01 00:00:00,0.627033956578655
163,1,3,2031-04-01 00:00:00,0.7054802722142868
164,1,3,2032-04-01 00:00:00,0.783282705642239
165,1,3,2033-04-01 00:00:00,0.8645191775111493
166,1,3,2034-04-01 00:00:00,0.9432874342506209
167,1,3,2035-04-01 00:00:00,1.0255970431323302
168,1,3,2036-04-01 00:00:00,1.1070481424038003
169,1,3,2037-04-01 00:00:00,1.1932210445315874
170,1,3,2038-04-01 00:00:00,1.2784281233478552
171,1,3,2039-04-01 00:00:00,1.3611669870346843
172,1,3,2040-04-01 00:00:00,1.4543152797456673
173,1,3,2041-04-01 00:00:00,1.5488586505732893
174,1,3,2042-04-01 00:00:00,1.6413630610765921
175,1,3,2043-04-01 00:00:00,1.7222775918416626
176,1,3,2044-04-01 00:00:00,1.7980410649452963
177,1,3,2045-04-01 00:00:00,1.8704778133092517
178,1,3,2046-04-01 00:00:00,1.9477436782308042
179,1,3,2047-04-01 00:00:00,2.0172829566602015
180,1,3,2048-04-01 00:00:00,2.0741592183385666
181,1,3,2049-04-01 00:00:00,2.139942517223166
182,1,3,2050-04-01 00:00:00,2.213130461496081
183,1,3,2051-04-01 00:00:00,2.2235398905202346
184,1,3,2052-04-01 00:00:00,2.2399588868160647
185,1,3,2053-04-01 00:00:00,2.2531584720734967
186,1,3,2054-04-01 00:00:00,2.2714018012910855
187,2,1,2023-11-01 00:00:00,0.15485367094694494
188,2,1,2024-11-01 00:00:00,0.15710725867382352
189,2,1,2025-11-01 00:00:00,0.16032666971222154
190,2,1,2026-11-01 00:00:00,0.16440459036085905
191,2,1,2027-11-01 00:00:00,0.1684825110094966
192,2,1,2028-11-01 00:00:00,0.17030684393125545
193,2,1,2029-11-01 00:00:00,0.17256043165813403
194,2,1,2030-11-01 00:00:00,0.17417013717733304
195,2,1,2031-11-01 00:00:00,0.1764237249042117
196,2,1,2032-11-01 00:00:00,0.17814074412469064
197,2,1,2033-11-01 00:00:00,0.18071627295540904
198,2,1,2034-11-01 00:00:00,0.18286254698100768
199,2,1,2035-11-01 00:00:00,0.18511613470788635
200,2,1,2036-11-01 00:00:00,0.18704778133092517
201,2,1,2037-11-01 00:00:00,0.18876480055140415
202,2,1,2038-11-01 00:00:00,0.1903745060706031
203,2,1,2039-11-01 00:00:00,0.19209152529108206
204,2,1,2040-11-01 00:00:00,0.19402317191412086
205,2,1,2041-11-01 00:00:00,0.19552556373203994
206,2,1,2042-11-01 00:00:00,0.19702795554995903
207,2,1,2043-11-01 00:00:00,0.19788646516019848
208,2,1,2044-11-01 00:00:00,0.19831571996531822
209,2,1,2045-11-01 00:00:00,0.19777915145891864
210,2,1,2046-11-01 00:00:00,0.19702795554995903
211,2,1,2047-11-01 00:00:00,0.19584750483587976
212,2,1,2048-11-01 00:00:00,0.1945597404205205
213,2,1,2049-11-01 00:00:00,0.19477436782308047
214,2,1,2050-11-01 00:00:00,0.19552556373203994
215,2,1,2051-11-01 00:00:00,0.1964913870435594
216,2,1,2052-11-01 00:00:00,0.19767183775763866
217,2,1,2053-11-01 00:00:00,0.19799377886147848
218,2,1,2024-04-01 00:00:00,0.15485367094694494
219,2,1,2025-04-01 00:00:00,0.15764382718022318
220,2,1,2026-04-01 00:00:00,0.1617217478288607
221,2,1,2027-04-01 00:00:00,0.16676549178901764
222,2,1,2028-04-01 00:00:00,0.1704141576325354
223,2,1,2029-04-01 00:00:00,0.17320431386581367
224,2,1,2030-04-01 00:00:00,0.17535058789141234
225,2,1,2031-04-01 00:00:00,0.17749686191701106
226,2,1,2032-04-01 00:00:00,0.17964313594260967
227,2,1,2033-04-01 00:00:00,0.18178940996820842
228,2,1,2034-04-01 00:00:00,0.18404299769508703
229,2,1,2035-04-01 00:00:00,0.18629658542196564
230,2,1,2036-04-01 00:00:00,0.18876480055140407
231,2,1,2037-04-01 00:00:00,0.1909110745770028
232,2,1,2038-04-01 00:00:00,0.1931646623038814
233,2,1,2039-04-01 00:00:00,0.19445242671924068
234,2,1,2040-04-01 00:00:00,0.1963840733422794
235,2,1,2041-04-01 00:00:00,0.19831571996531822
236,2,1,2042-04-01 00:00:00,0.20014005288707717
237,2,1,2043-04-01 00:00:00,0.2016424447049962
238,2,1,2044-04-01 00:00:00,0.202071699510116
239,2,1,2045-04-01 00:00:00,0.2017497584062761
240,2,1,2046-04-01 00:00:00,0.201964385808836
241,2,1,2047-04-01 00:00:00,0.20110587619859654
242,2,1,2048-04-01 00:00:00,0.19917422957555767
243,2,1,2049-04-01 00:00:00,0.1985303473678781
244,2,1,2050-04-01 00:00:00,0.19831571996531822
245,2,1,2051-04-01 00:00:00,0.19842303366659814
246,2,1,2052-04-01 00:00:00,0.20014005288707712
247,2,1,2053-04-01 00:00:00,0.20046199399091694
248,2,1,2054-04-01 00:00:00,0.20056930769219683
249,2,2,2023-11-01 00:00:00,0.15485367094694494
250,2,2,2024-11-01 00:00:00,0.1685898247107765
251,2,2,2025-11-01 00:00:00,0.1837210565912472
252,2,2,2026-11-01 00:00:00,0.20046199399091694
253,2,2,2027-11-01 00:00:00,0.21849069580594585
254,2,2,2028-11-01 00:00:00,0.23533894690689552
255,2,2,2029-11-01 00:00:00,0.25358227612448425
256,2,2,2030-11-01 00:00:00,0.2730060560561524
257,2,2,2031-11-01 00:00:00,0.2917859537801409
258,2,2,2032-11-01 00:00:00,0.31056585150412935
259,2,2,2033-11-01 00:00:00,0.33095545474731686
260,2,2,2034-11-01 00:00:00,0.3528474498084234
261,2,2,2035-11-01 00:00:00,0.376241836687449
262,2,2,2036-11-01 00:00:00,0.40113861538439366
263,2,2,2037-11-01 00:00:00,0.4243183748608594
264,2,2,2038-11-01 00:00:00,0.4467469384283658
265,2,2,2039-11-01 00:00:00,0.46745848277539304
266,2,2,2040-11-01 00:00:00,0.48902853673265967
267,2,2,2041-11-01 00:00:00,0.5104912769886467
268,2,2,2042-11-01 00:00:00,0.5327052131535931
269,2,2,2043-11-01 00:00:00,0.5525582478903807
270,2,2,2044-11-01 00:00:00,0.5719820278220488
271,2,2,2045-11-01 00:00:00,0.5884010241178785
272,2,2,2046-11-01 00:00:00,0.6043907656085891
273,2,2,2047-11-01 00:00:00,0.6212390167095387
274,2,2,2048-11-01 00:00:00,0.637121444498969
275,2,2,2049-11-01 00:00:00,0.6547208915088781
276,2,2,2050-11-01 00:00:00,0.659657321767755
277,2,2,2051-11-01 00:00:00,0.6644864383253519
278,2,2,2052-11-01 00:00:00,0.6699594370906288
279,2,2,2053-11-01 00:00:00,0.6750031810507858
280,2,2,2024-04-01 00:00:00,0.15485367094694494
281,2,2,2025-04-01 00:00:00,0.16547772737365843
282,2,2,2026-04-01 00:00:00,0.17824805782597059
283,2,2,2027-04-01 00:00:00,0.1930573486026015
284,2,2,2028-04-01 00:00:00,0.2074373845741127
285,2,2,2029-04-01 00:00:00,0.22213936164946357
286,2,2,2030-04-01 00:00:00,0.23705596612737442
287,2,2,2031-04-01 00:00:00,0.2531530213193646
288,2,2,2032-04-01 00:00:00,0.2680696257972754
289,2,2,2033-04-01 00:00:00,0.28309354397646624
290,2,2,2034-04-01 00:00:00,0.29886865806461654
291,2,2,2035-04-01 00:00:00,0.31797049689244483
292,2,2,2036-04-01 00:00:00,0.3382527864343523
293,2,2,2037-04-01 00:00:00,0.3583204485737
294,2,2,2038-04-01 00:00:00,0.37602720928488914
295,2,2,2039-04-01 00:00:00,0.3928754603858388
296,2,2,2040-04-01 00:00:00,0.4094017703829487
297,2,2,2041-04-01 00:00:00,0.4277524133018174
298,2,2,2042-04-01 00:00:00,0.4451372329091666
299,2,2,2043-04-01 00:00:00,0.4618781703088365
300,2,2,2044-04-01 00:00:00,0.47658014738418736
301,2,2,2045-04-01 00:00:00,0.4904236148492989
302,2,2,2046-04-01 00:00:00,0.5050182782233699
303,2,2,2047-04-01 00:00:00,0.5183251771820817
304,2,2,2048-04-01 00:00:00,0.529271174712635
305,2,2,2049-04-01 00:00:00,0.5416122503598275
306,2,2,2050-04-01 00:00:00,0.5548118356172592
307,2,2,2051-04-01 00:00:00,0.5558849726300586
308,2,2,2052-04-01 00:00:00,0.5597482658761364
309,2,2,2053-04-01 00:00:00,0.5610360302914954
310,2,2,2054-04-01 00:00:00,0.5647920098362932
311,2,3,2023-11-01 00:00:00,0.15485367094694494
312,2,3,2024-11-01 00:00:00,0.19015987866804326
313,2,3,2025-11-01 00:00:00,0.23147565366081788
314,2,3,2026-11-01 00:00:00,0.27407919306895173
315,2,3,2027-11-01 00:00:00,0.3139998899450872
316,2,3,2028-11-01 00:00:00,0.3514523716917843
317,2,3,2029-11-01 00:00:00,0.3940559110999182
318,2,3,2030-11-01 00:00:00,0.444493350701487
319,2,3,2031-11-01 00:00:00,0.49664780952353493
320,2,3,2032-11-01 00:00:00,0.5503046601635021
321,2,3,2033-11-01 00:00:00,0.6051419615175485
322,2,3,2034-11-01 00:00:00,0.6586914984562354
323,2,3,2035-11-01 00:00:00,0.7124556627974827
324,2,3,2036-11-01 00:00:00,0.770405061488647
325,2,3,2037-11-01 00:00:00,0.8303934205041301
326,2,3,2038-11-01 00:00:00,0.8887720740004146
327,2,3,2039-11-01 00:00:00,0.9494043152235772
328,2,3,2040-11-01 00:00:00,1.0105731249531391
329,2,3,2041-11-01 00:00:00,1.0726004442929413
330,2,3,2042-11-01 00:00:00,1.1285108826597872
331,2,3,2043-11-01 00:00:00,1.1836701251176733
332,2,3,2044-11-01 00:00:00,1.23743428945892
333,2,3,2045-11-01 00:00:00,1.28658396464513
334,2,3,2046-11-01 00:00:00,1.3356263261300598
335,2,3,2047-11-01 00:00:00,1.3806980806676319
336,2,3,2048-11-01 00:00:00,1.4222284830629668
337,2,3,2049-11-01 00:00:00,1.4738463733786151
338,2,3,2050-11-01 00:00:00,1.4848996846104483
339,2,3,2051-11-01 00:00:00,1.496918819153801
340,2,3,2052-11-01 00:00:00,1.5108696003201922
341,2,3,2053-11-01 00:00:00,1.526215459603223
342,2,3,2024-04-01 00:00:00,0.15485367094694494
343,2,3,2025-04-01 00:00:00,0.1861892717206857
344,2,3,2026-04-01 00:00:00,0.21934920541618538
345,2,3,2027-04-01 00:00:00,0.25529929534496326
346,2,3,2028-04-01 00:00:00,0.2865275824174241
347,2,3,2029-04-01 00:00:00,0.3181851242950046
348,2,3,2030-04-01 00:00:00,0.3539205868212227
349,2,3,2031-04-01 00:00:00,0.3980265180472757
350,2,3,2032-04-01 00:00:00,0.44202513557204876
351,2,3,2033-04-01 00:00:00,0.4879553997198604
352,2,3,2034-04-01 00:00:00,0.5322759583484732
353,2,3,2035-04-01 00:00:00,0.5787427910026848
354,2,3,2036-04-01 00:00:00,0.6246730551504965
355,2,3,2037-04-01 00:00:00,0.6733934755315866
356,2,3,2038-04-01 00:00:00,0.7214700137049973
357,2,3,2039-04-01 00:00:00,0.7681514737617682
358,2,3,2040-04-01 00:00:00,0.8206278736876562
359,2,3,2041-04-01 00:00:00,0.8741774106263431
360,2,3,2042-04-01 00:00:00,0.9262245557471114
361,2,3,2043-04-01 00:00:00,0.9719401924923632
362,2,3,2044-04-01 00:00:00,1.0146510456017772
363,2,3,2045-04-01 00:00:00,1.0555375657894321
364,2,3,2046-04-01 00:00:00,1.0992142422103652
365,2,3,2047-04-01 00:00:00,1.1383837431775412
366,2,3,2048-04-01 00:00:00,1.1704705398602415
367,2,3,2049-04-01 00:00:00,1.2076010805030986
368,2,3,2050-04-01 00:00:00,1.2489168554958734
369,2,3,2051-04-01 00:00:00,1.2548191090662697
370,2,3,2052-04-01 00:00:00,1.2640480873763438
371,2,3,2053-04-01 00:00:00,1.2714527327646592
372,2,3,2054-04-01 00:00:00,1.2818621617888133
373,3,1,2023-11-01 00:00:00,0.03895487356461611
374,3,1,2024-11-01 00:00:00,0.03949144207101575
375,3,1,2025-11-01 00:00:00,0.04034995168125528
376,3,1,2026-11-01 00:00:00,0.04131577499277465
377,3,1,2027-11-01 00:00:00,0.04238891200557393
378,3,1,2028-11-01 00:00:00,0.042925480511973646
379,3,1,2029-11-01 00:00:00,0.04346204901837336
380,3,1,2030-11-01 00:00:00,0.04389130382349309
381,3,1,2031-11-01 00:00:00,0.04432055862861274
382,3,1,2032-11-01 00:00:00,0.044857127135012456
383,3,1,2033-11-01 00:00:00,0.045501009342692085
384,3,1,2034-11-01 00:00:00,0.0460375778490918
385,3,1,2035-11-01 00:00:00,0.04657414635549137
386,3,1,2036-11-01 00:00:00,0.047110714861891084
387,3,1,2037-11-01 00:00:00,0.04753996966701081
388,3,1,2038-11-01 00:00:00,0.047969224472130534
389,3,1,2039-11-01 00:00:00,0.04829116557597035
390,3,1,2040-11-01 00:00:00,0.04882773408236999
391,3,1,2041-11-01 00:00:00,0.049149675186209885
392,3,1,2042-11-01 00:00:00,0.04957892999132953
393,3,1,2043-11-01 00:00:00,0.04979355739388944
394,3,1,2044-11-01 00:00:00,0.04990087109516935
395,3,1,2045-11-01 00:00:00,0.04979355739388936
396,3,1,2046-11-01 00:00:00,0.04957892999132961
397,3,1,2047-11-01 00:00:00,0.04936430258876963
398,3,1,2048-11-01 00:00:00,0.04893504778364998
399,3,1,2049-11-01 00:00:00,0.048935047783649904
400,3,1,2050-11-01 00:00:00,0.0492569888874898
401,3,1,2051-11-01 00:00:00,0.04947161629004962
402,3,1,2052-11-01 00:00:00,0.04968624369260945
403,3,1,2053-11-01 00:00:00,0.04979355739388944
404,3,1,2024-04-01 00:00:00,0.03895487356461611
405,3,1,2025-04-01 00:00:00,0.039706069473575654
406,3,1,2026-04-01 00:00:00,0.04067189278509502
407,3,1,2027-04-01 00:00:00,0.0419596572004542
408,3,1,2028-04-01 00:00:00,0.042925480511973646
409,3,1,2029-04-01 00:00:00,0.0435693627196532
410,3,1,2030-04-01 00:00:00,0.044105931226052913
411,3,1,2031-04-01 00:00:00,0.04464249973245255
412,3,1,2032-04-01 00:00:00,0.045179068238852274
413,3,1,2033-04-01 00:00:00,0.04571563674525191
414,3,1,2034-04-01 00:00:00,0.04625220525165155
415,3,1,2035-04-01 00:00:00,0.04689608745933118
416,3,1,2036-04-01 00:00:00,0.04753996966701081
417,3,1,2037-04-01 00:00:00,0.048076538173410524
418,3,1,2038-04-01 00:00:00,0.04861310667981017
419,3,1,2039-04-01 00:00:00,0.048935047783649904
420,3,1,2040-04-01 00:00:00,0.049364302588769705
421,3,1,2041-04-01 00:00:00,0.04990087109516943
422,3,1,2042-04-01 00:00:00,0.050330125900289076
423,3,1,2043-04-01 00:00:00,0.05065206700412889
424,3,1,2044-04-01 00:00:00,0.050866694406688714
425,3,1,2045-04-01 00:00:00,0.05075938070540888
426,3,1,2046-04-01 00:00:00,0.050866694406688714
427,3,1,2047-04-01 00:00:00,0.05065206700412889
428,3,1,2048-04-01 00:00:00,0.05011549849772925
429,3,1,2049-04-01 00:00:00,0.04990087109516935
430,3,1,2050-04-01 00:00:00,0.04990087109516943
431,3,1,2051-04-01 00:00:00,0.04990087109516935
432,3,1,2052-04-01 00:00:00,0.05033012590028915
433,3,1,2053-04-01 00:00:00,0.05043743960156899
434,3,1,2054-04-01 00:00:00,0.050437439601569066
435,3,2,2023-11-01 00:00:00,0.03895487356461611
436,3,2,2024-11-01 00:00:00,0.04238891200557401
437,3,2,2025-11-01 00:00:00,0.04625220525165163
438,3,2,2026-11-01 00:00:00,0.05043743960156899
439,3,2,2027-11-01 00:00:00,0.054944615055326315
440,3,2,2028-11-01 00:00:00,0.05923716310652359
441,3,2,2029-11-01 00:00:00,0.06385165226156082
442,3,2,2030-11-01 00:00:00,0.06868076881915774
443,3,2,2031-11-01 00:00:00,0.07340257167547481
444,3,2,2032-11-01 00:00:00,0.07812437453179205
445,3,2,2033-11-01 00:00:00,0.08327543219322893
446,3,2,2034-11-01 00:00:00,0.08874843095850547
447,3,2,2035-11-01 00:00:00,0.09465068452890196
448,3,2,2036-11-01 00:00:00,0.10087487920313813
449,3,2,2037-11-01 00:00:00,0.10666981907225463
450,3,2,2038-11-01 00:00:00,0.112357445240091
451,3,2,2039-11-01 00:00:00,0.11750850290152788
452,3,2,2040-11-01 00:00:00,0.12298150166680442
453,3,2,2041-11-01 00:00:00,0.12834718673080128
454,3,2,2042-11-01 00:00:00,0.1340348128986375
455,3,2,2043-11-01 00:00:00,0.13897124315751486
456,3,2,2044-11-01 00:00:00,0.1439076734163916
457,3,2,2045-11-01 00:00:00,0.14798559406502937
458,3,2,2046-11-01 00:00:00,0.15195620101238666
459,3,2,2047-11-01 00:00:00,0.1562487490635841
460,3,2,2048-11-01 00:00:00,0.16032666971222154
461,3,2,2049-11-01 00:00:00,0.16472653146469882
462,3,2,2050-11-01 00:00:00,0.16590698217877822
463,3,2,2051-11-01 00:00:00,0.16708743289285766
464,3,2,2052-11-01 00:00:00,0.16858982471077658
465,3,2,2053-11-01 00:00:00,0.16987758912613554
466,3,2,2024-04-01 00:00:00,0.03895487356461611
467,3,2,2025-04-01 00:00:00,0.041637716096614465
468,3,2,2026-04-01 00:00:00,0.044857127135012456
469,3,2,2027-04-01 00:00:00,0.04861310667981017
470,3,2,2028-04-01 00:00:00,0.052261772523327886
471,3,2,2029-04-01 00:00:00,0.05580312466556577
472,3,2,2030-04-01 00:00:00,0.0595591042103634
473,3,2,2031-04-01 00:00:00,0.06374433856028083
474,3,2,2032-04-01 00:00:00,0.06739300440379864
475,3,2,2033-04-01 00:00:00,0.07125629764987626
476,3,2,2034-04-01 00:00:00,0.07511959089595388
477,3,2,2035-04-01 00:00:00,0.08005602115483078
478,3,2,2036-04-01 00:00:00,0.08499245141370784
479,3,2,2037-04-01 00:00:00,0.09014350907514457
480,3,2,2038-04-01 00:00:00,0.09465068452890181
481,3,2,2039-04-01 00:00:00,0.0988359188788194
482,3,2,2040-04-01 00:00:00,0.10302115322873669
483,3,2,2041-04-01 00:00:00,0.10752832868249394
484,3,2,2042-04-01 00:00:00,0.11192819043497136
485,3,2,2043-04-01 00:00:00,0.11622073848616847
486,3,2,2044-04-01 00:00:00,0.11986940432968628
487,3,2,2045-04-01 00:00:00,0.12330344277064424
488,3,2,2046-04-01 00:00:00,0.12705942231544204
489,3,2,2047-04-01 00:00:00,0.13038614705512
490,3,2,2048-04-01 00:00:00,0.1331763032883982
491,3,2,2049-04-01 00:00:00,0.1362884006255162
492,3,2,2050-04-01 00:00:00,0.13950781166391435
493,3,2,2051-04-01 00:00:00,0.139937066469034
494,3,2,2052-04-01 00:00:00,0.14079557607927362
495,3,2,2053-04-01 00:00:00,0.1411175171831134
496,3,2,2054-04-01 00:00:00,0.14197602679335303
497,3,3,2023-11-01 00:00:00,0.03895487356461611
498,3,3,2024-11-01 00:00:00,0.04775459706957064
499,3,3,2025-11-01 00:00:00,0.05816402609372431
500,3,3,2026-11-01 00:00:00,0.06900270992299756
501,3,3,2027-11-01 00:00:00,0.0789828841420315
502,3,3,2028-11-01 00:00:00,0.08842648985466565
503,3,3,2029-11-01 00:00:00,0.09915785998265907
504,3,3,2030-11-01 00:00:00,0.11182087673369137
505,3,3,2031-11-01 00:00:00,0.1250204619911233
506,3,3,2032-11-01 00:00:00,0.13843467465111506
507,3,3,2033-11-01 00:00:00,0.15217082841494664
508,3,3,2034-11-01 00:00:00,0.16569235477621855
509,3,3,2035-11-01 00:00:00,0.17921388113748984
510,3,3,2036-11-01 00:00:00,0.19391585821284119
511,3,3,2037-11-01 00:00:00,0.20883246269075156
512,3,3,2038-11-01 00:00:00,0.22364175346738244
513,3,3,2039-11-01 00:00:00,0.2387729853478534
514,3,3,2040-11-01 00:00:00,0.2542261583321645
515,3,3,2041-11-01 00:00:00,0.26978664501775423
516,3,3,2042-11-01 00:00:00,0.28395205358670544
517,3,3,2043-11-01 00:00:00,0.29779552105181717
518,3,3,2044-11-01 00:00:00,0.31131704741308874
519,3,3,2045-11-01 00:00:00,0.3235508093590017
520,3,3,2046-11-01 00:00:00,0.33599919870747375
521,3,3,2047-11-01 00:00:00,0.3472671373418669
522,3,3,2048-11-01 00:00:00,0.35778388006730005
523,3,3,2049-11-01 00:00:00,0.37076883792217247
524,3,3,2050-11-01 00:00:00,0.3735589941554507
525,3,3,2051-11-01 00:00:00,0.3765637777912885
526,3,3,2052-11-01 00:00:00,0.379997816232247
527,3,3,2053-11-01 00:00:00,0.38396842317960395
528,3,3,2024-04-01 00:00:00,0.03895487356461611
529,3,3,2025-04-01 00:00:00,0.046788773758051266
530,3,3,2026-04-01 00:00:00,0.05526655615916606
531,3,3,2027-04-01 00:00:00,0.06417359336540064
532,3,3,2028-04-01 00:00:00,0.07211480726011571
533,3,3,2029-04-01 00:00:00,0.08005602115483093
534,3,3,2030-04-01 00:00:00,0.08896305836106545
535,3,3,2031-04-01 00:00:00,0.1002309969954585
536,3,3,2032-04-01 00:00:00,0.11117699452601174
537,3,3,2033-04-01 00:00:00,0.1227668742642446
538,3,3,2034-04-01 00:00:00,0.13392749919735766
539,3,3,2035-04-01 00:00:00,0.14562469263687053
540,3,3,2036-04-01 00:00:00,0.15721457237510353
541,3,3,2037-04-01 00:00:00,0.1694483343210159
542,3,3,2038-04-01 00:00:00,0.18157478256564838
543,3,3,2039-04-01 00:00:00,0.19327197600516155
544,3,3,2040-04-01 00:00:00,0.20647156126259303
545,3,3,2041-04-01 00:00:00,0.2198857739225851
546,3,3,2042-04-01 00:00:00,0.2330853591800172
547,3,3,2043-04-01 00:00:00,0.24446061151568962
548,3,3,2044-04-01 00:00:00,0.2552992953449629
549,3,3,2045-04-01 00:00:00,0.2654940969665565
550,3,3,2046-04-01 00:00:00,0.27654740819839
551,3,3,2047-04-01 00:00:00,0.2863129550148643
552,3,3,2048-04-01 00:00:00,0.2944687963121392
553,3,3,2049-04-01 00:00:00,0.3038050883234935
554,3,3,2050-04-01 00:00:00,0.31421451734764677
555,3,3,2051-04-01 00:00:00,0.3156095954642865
556,3,3,2052-04-01 00:00:00,0.3179704968924447
557,3,3,2053-04-01 00:00:00,0.31990214351548363
558,3,3,2054-04-01 00:00:00,0.3223703586449217
559,4,1,2023-11-01 00:00:00,0.05301296843228743
560,4,1,2024-11-01 00:00:00,0.05387147804252696
561,4,1,2025-11-01 00:00:00,0.054837301354046325
562,4,1,2026-11-01 00:00:00,0.05623237947068542
563,4,1,2027-11-01 00:00:00,0.05773477128860458
564,4,1,2028-11-01 00:00:00,0.05827133979500422
565,4,1,2029-11-01 00:00:00,0.05902253570396376
566,4,1,2030-11-01 00:00:00,0.059666417911643316
567,4,1,2031-11-01 00:00:00,0.060417613820602935
568,4,1,2032-11-01 00:00:00,0.06095418232700257
569,4,1,2033-11-01 00:00:00,0.061920005638521944
570,4,1,2034-11-01 00:00:00,0.06256388784620157
571,4,1,2035-11-01 00:00:00,0.0634223974564411
572,4,1,2036-11-01 00:00:00,0.06406627966412065
573,4,1,2037-11-01 00:00:00,0.0646028481705203
574,4,1,2038-11-01 00:00:00,0.06513941667692001
575,4,1,2039-11-01 00:00:00,0.06578329888459963
576,4,1,2040-11-01 00:00:00,0.06631986739099936
577,4,1,2041-11-01 00:00:00,0.06696374959867883
578,4,1,2042-11-01 00:00:00,0.06739300440379864
579,4,1,2043-11-01 00:00:00,0.06782225920891836
580,4,1,2044-11-01 00:00:00,0.06782225920891836
581,4,1,2045-11-01 00:00:00,0.06771494550763846
582,4,1,2046-11-01 00:00:00,0.06750031810507855
583,4,1,2047-11-01 00:00:00,0.06696374959867891
584,4,1,2048-11-01 00:00:00,0.0666418084948391
585,4,1,2049-11-01 00:00:00,0.0666418084948391
586,4,1,2050-11-01 00:00:00,0.06696374959867891
587,4,1,2051-11-01 00:00:00,0.06728569070251865
588,4,1,2052-11-01 00:00:00,0.06771494550763846
589,4,1,2053-11-01 00:00:00,0.06782225920891836
590,4,1,2024-04-01 00:00:00,0.05301296843228743
591,4,1,2025-04-01 00:00:00,0.053978791743806875
592,4,1,2026-04-01 00:00:00,0.055373869860445964
593,4,1,2027-04-01 00:00:00,0.05719820278220487
594,4,1,2028-04-01 00:00:00,0.058378653496284134
595,4,1,2029-04-01 00:00:00,0.05934447680780358
596,4,1,2030-04-01 00:00:00,0.059988359015483134
597,4,1,2031-04-01 00:00:00,0.060739554924442746
598,4,1,2032-04-01 00:00:00,0.06149075083340229
599,4,1,2033-04-01 00:00:00,0.062241946742361755
600,4,1,2034-04-01 00:00:00,0.06299314265132137
601,4,1,2035-04-01 00:00:00,0.06374433856028083
602,4,1,2036-04-01 00:00:00,0.06460284817052037
603,4,1,2037-04-01 00:00:00,0.06535404407947984
604,4,1,2038-04-01 00:00:00,0.06610523998843945
605,4,1,2039-04-01 00:00:00,0.0666418084948391
606,4,1,2040-04-01 00:00:00,0.06728569070251872
607,4,1,2041-04-01 00:00:00,0.06792957291019827
608,4,1,2042-04-01 00:00:00,0.06857345511787791
609,4,1,2043-04-01 00:00:00,0.06900270992299763
610,4,1,2044-04-01 00:00:00,0.06921733732555753
611,4,1,2045-04-01 00:00:00,0.06911002362427754
612,4,1,2046-04-01 00:00:00,0.06911002362427762
613,4,1,2047-04-01 00:00:00,0.06889539622171773
614,4,1,2048-04-01 00:00:00,0.06814420031275818
615,4,1,2049-04-01 00:00:00,0.06792957291019827
616,4,1,2050-04-01 00:00:00,0.06782225920891836
617,4,1,2051-04-01 00:00:00,0.06792957291019835
618,4,1,2052-04-01 00:00:00,0.06846614141659792
619,4,1,2053-04-01 00:00:00,0.06857345511787791
620,4,1,2054-04-01 00:00:00,0.06857345511787791
621,4,2,2023-11-01 00:00:00,0.05301296843228743
622,4,2,2024-11-01 00:00:00,0.057734771288604506
623,4,2,2025-11-01 00:00:00,0.06288582895004138
624,4,2,2026-11-01 00:00:00,0.06857345511787791
625,4,2,2027-11-01 00:00:00,0.07490496349339405
626,4,2,2028-11-01 00:00:00,0.08048527595995059
627,4,2,2029-11-01 00:00:00,0.08681678433546673
628,4,2,2030-11-01 00:00:00,0.0933629201135427
629,4,2,2031-11-01 00:00:00,0.09980174219033885
630,4,2,2032-11-01 00:00:00,0.10634787796841468
631,4,2,2033-11-01 00:00:00,0.1133232685516103
632,4,2,2034-11-01 00:00:00,0.12072791393992588
633,4,2,2035-11-01 00:00:00,0.12877644153592094
634,4,2,2036-11-01 00:00:00,0.13736153763831563
635,4,2,2037-11-01 00:00:00,0.14530275153303085
636,4,2,2038-11-01 00:00:00,0.15292202432390611
637,4,2,2039-11-01 00:00:00,0.16000472860838172
638,4,2,2040-11-01 00:00:00,0.1675166876979773
639,4,2,2041-11-01 00:00:00,0.1748140193850126
640,4,2,2042-11-01 00:00:00,0.18232597847460816
641,4,2,2043-11-01 00:00:00,0.18919405535652378
642,4,2,2044-11-01 00:00:00,0.19584750483587976
643,4,2,2045-11-01 00:00:00,0.20142781730243614
644,4,2,2046-11-01 00:00:00,0.206900816067713
645,4,2,2047-11-01 00:00:00,0.21269575593682935
646,4,2,2048-11-01 00:00:00,0.2181687547021059
647,4,2,2049-11-01 00:00:00,0.22407100827250237
648,4,2,2050-11-01 00:00:00,0.22589534119426113
649,4,2,2051-11-01 00:00:00,0.2275050467134602
650,4,2,2052-11-01 00:00:00,0.22932937963521896
651,4,2,2053-11-01 00:00:00,0.23104639885569817
652,4,2,2024-04-01 00:00:00,0.05301296843228743
653,4,2,2025-04-01 00:00:00,0.05666163427580515
654,4,2,2026-04-01 00:00:00,0.06106149602828249
655,4,2,2027-04-01 00:00:00,0.06610523998843938
656,4,2,2028-04-01 00:00:00,0.07093435654603637
657,4,2,2029-04-01 00:00:00,0.07608541420747325
658,4,2,2030-04-01 00:00:00,0.08112915816763022
659,4,2,2031-04-01 00:00:00,0.0866021569329069
660,4,2,2032-04-01 00:00:00,0.09175321459434364
661,4,2,2033-04-01 00:00:00,0.09690427225578052
662,4,2,2034-04-01 00:00:00,0.10237727102105706
663,4,2,2035-04-01 00:00:00,0.1088160930978532
664,4,2,2036-04-01 00:00:00,0.11579148368104883
665,4,2,2037-04-01 00:00:00,0.12265956056296477
666,4,2,2038-04-01 00:00:00,0.1286691278346411
667,4,2,2039-04-01 00:00:00,0.1344640677037573
668,4,2,2040-04-01 00:00:00,0.14015169387159382
669,4,2,2041-04-01 00:00:00,0.14637588854582997
670,4,2,2042-04-01 00:00:00,0.15238545581750648
671,4,2,2043-04-01 00:00:00,0.15807308198534314
672,4,2,2044-04-01 00:00:00,0.16311682594550003
673,4,2,2045-04-01 00:00:00,0.1678386288018171
674,4,2,2046-04-01 00:00:00,0.17288237276197402
675,4,2,2047-04-01 00:00:00,0.17749686191701095
676,4,2,2048-04-01 00:00:00,0.18125284146180887
677,4,2,2049-04-01 00:00:00,0.18533076211044633
678,4,2,2050-04-01 00:00:00,0.18994525126548356
679,4,2,2051-04-01 00:00:00,0.19026719236932338
680,4,2,2052-04-01 00:00:00,0.19155495678468235
681,4,2,2053-04-01 00:00:00,0.19209152529108212
682,4,2,2054-04-01 00:00:00,0.19337928970644108
683,4,3,2023-11-01 00:00:00,0.05301296843228743
684,4,3,2024-11-01 00:00:00,0.0650321029756401
685,4,3,2025-11-01 00:00:00,0.07930482524587132
686,4,3,2026-11-01 00:00:00,0.09379217491866251
687,4,3,2027-11-01 00:00:00,0.1074210149812141
688,4,3,2028-11-01 00:00:00,0.12029865913480607
689,4,3,2029-11-01 00:00:00,0.13489332250887712
690,4,3,2030-11-01 00:00:00,0.1521708284149465
691,4,3,2031-11-01 00:00:00,0.16998490282741568
692,4,3,2032-11-01 00:00:00,0.18844285944756434
693,4,3,2033-11-01 00:00:00,0.20711544347027266
694,4,3,2034-11-01 00:00:00,0.22546608638914148
695,4,3,2035-11-01 00:00:00,0.2438167293080103
696,4,3,2036-11-01 00:00:00,0.263669764044798
697,4,3,2037-11-01 00:00:00,0.2842739946905456
698,4,3,2038-11-01 00:00:00,0.30423434312861314
699,4,3,2039-11-01 00:00:00,0.32505320117692005
700,4,3,2040-11-01 00:00:00,0.3459793729265071
701,4,3,2041-11-01 00:00:00,0.36722748577993486
702,4,3,2042-11-01 00:00:00,0.3863293246077628
703,4,3,2043-11-01 00:00:00,0.4051092223317513
704,4,3,2044-11-01 00:00:00,0.42356717895190027
705,4,3,2045-11-01 00:00:00,0.44052274375412903
706,4,3,2046-11-01 00:00:00,0.4572636811537994
707,4,3,2047-11-01 00:00:00,0.4727168541381099
708,4,3,2048-11-01 00:00:00,0.48688226270706114
709,4,3,2049-11-01 00:00:00,0.5044817097169702
710,4,3,2050-11-01 00:00:00,0.508345002963048
711,4,3,2051-11-01 00:00:00,0.5125302373129652
712,4,3,2052-11-01 00:00:00,0.5172520401692823
713,4,3,2053-11-01 00:00:00,0.5225104115319998
714,4,3,2024-04-01 00:00:00,0.05301296843228743
715,4,3,2025-04-01 00:00:00,0.06374433856028083
716,4,3,2026-04-01 00:00:00,0.07511959089595381
717,4,3,2027-04-01 00:00:00,0.08735335284186638
718,4,3,2028-04-01 00:00:00,0.09808472296985979
719,4,3,2029-04-01 00:00:00,0.10892340679913304
720,4,3,2030-04-01 00:00:00,0.12115716874504553
721,4,3,2031-04-01 00:00:00,0.13618108692423636
722,4,3,2032-04-01 00:00:00,0.15131231880470689
723,4,3,2033-04-01 00:00:00,0.16698011919157751
724,4,3,2034-04-01 00:00:00,0.18221866477332832
725,4,3,2035-04-01 00:00:00,0.1982084062640383
726,4,3,2036-04-01 00:00:00,0.21387620665090845
727,4,3,2037-04-01 00:00:00,0.23050983034929867
728,4,3,2038-04-01 00:00:00,0.2469288266451283
729,4,3,2039-04-01 00:00:00,0.2629185681358386
730,4,3,2040-04-01 00:00:00,0.2809472699508679
731,4,3,2041-04-01 00:00:00,0.2991905991684566
732,4,3,2042-04-01 00:00:00,0.317004673580925
733,4,3,2043-04-01 00:00:00,0.3327797876690762
734,4,3,2044-04-01 00:00:00,0.3473744510431468
735,4,3,2045-04-01 00:00:00,0.3614325459108182
736,4,3,2046-04-01 00:00:00,0.37624183668744904
737,4,3,2047-04-01 00:00:00,0.3897633630487206
738,4,3,2048-04-01 00:00:00,0.4007093605792737
739,4,3,2049-04-01 00:00:00,0.413372377330306
740,4,3,2050-04-01 00:00:00,0.42753778589925784
741,4,3,2051-04-01 00:00:00,0.42957674622357594
742,4,3,2052-04-01 00:00:00,0.43279615726197473
743,4,3,2053-04-01 00:00:00,0.4352643723914128
744,4,3,2054-04-01 00:00:00,0.4389130382349309
745,5,1,2023-11-01 00:00:00,0.12208372889132312
746,5,1,2024-11-01 00:00:00,0.12385029047481116
747,5,1,2025-11-01 00:00:00,0.12638077058088865
748,5,1,2026-11-01 00:00:00,0.12957967939423187
749,5,1,2027-11-01 00:00:00,0.13282633311523695
750,5,1,2028-11-01 00:00:00,0.13425868034509214
751,5,1,2029-11-01 00:00:00,0.13607298683624203
752,5,1,2030-11-01 00:00:00,0.13740984425077354
753,5,1,2031-11-01 00:00:00,0.13903317111127605
754,5,1,2032-11-01 00:00:00,0.14046551834113125
755,5,1,2033-11-01 00:00:00,0.14247080446292848
756,5,1,2034-11-01 00:00:00,0.14414187623109287
757,5,1,2035-11-01 00:00:00,0.14595618272224276
758,5,1,2036-11-01 00:00:00,0.14753176467508344
759,5,1,2037-11-01 00:00:00,0.14886862208961496
760,5,1,2038-11-01 00:00:00,0.15010998968882278
761,5,1,2039-11-01 00:00:00,0.15139910219569244
762,5,1,2040-11-01 00:00:00,0.1529269392408713
763,5,1,2041-11-01 00:00:00,0.15416830684007912
764,5,1,2042-11-01 00:00:00,0.15531418462396326
765,5,1,2043-11-01 00:00:00,0.15598261333122904
766,5,1,2044-11-01 00:00:00,0.1563168276848619
767,5,1,2045-11-01 00:00:00,0.15593486842356716
768,5,1,2046-11-01 00:00:00,0.1553619295316251
769,5,1,2047-11-01 00:00:00,0.15440703137838835
770,5,1,2048-11-01 00:00:00,0.1534043883174897
771,5,1,2049-11-01 00:00:00,0.1535476230404752
772,5,1,2050-11-01 00:00:00,0.15416830684007912
773,5,1,2051-11-01 00:00:00,0.1549799702703304
774,5,1,2052-11-01 00:00:00,0.1558393786082435
775,5,1,2053-11-01 00:00:00,0.15607810314655268
776,5,1,2024-04-01 00:00:00,0.12208372889132312
777,5,1,2025-04-01 00:00:00,0.12432773955142955
778,5,1,2026-04-01 00:00:00,0.1275266483647728
779,5,1,2027-04-01 00:00:00,0.13153722060836728
780,5,1,2028-04-01 00:00:00,0.13440191506807764
781,5,1,2029-04-01 00:00:00,0.13655043591286042
782,5,1,2030-04-01 00:00:00,0.13817376277336296
783,5,1,2031-04-01 00:00:00,0.139940324356851
784,5,1,2032-04-01 00:00:00,0.14165914103267724
785,5,1,2033-04-01 00:00:00,0.14328246789317978
786,5,1,2034-04-01 00:00:00,0.145001284569006
787,5,1,2035-04-01 00:00:00,0.14691108087547955
788,5,1,2036-04-01 00:00:00,0.14882087718195314
789,5,1,2037-04-01 00:00:00,0.15058743876544117
790,5,1,2038-04-01 00:00:00,0.15230625544126739
791,5,1,2039-04-01 00:00:00,0.15335664340982785
792,5,1,2040-04-01 00:00:00,0.15478899063968304
793,5,1,2041-04-01 00:00:00,0.15636457259252373
794,5,1,2042-04-01 00:00:00,0.1577969198223789
795,5,1,2043-04-01 00:00:00,0.1588950526986012
796,5,1,2044-04-01 00:00:00,0.15932475686755776
797,5,1,2045-04-01 00:00:00,0.15908603232924856
798,5,1,2046-04-01 00:00:00,0.15922926705223409
799,5,1,2047-04-01 00:00:00,0.15860858325263016
800,5,1,2048-04-01 00:00:00,0.15698525639212765
801,5,1,2049-04-01 00:00:00,0.15646006240784743
802,5,1,2050-04-01 00:00:00,0.15636457259252373
803,5,1,2051-04-01 00:00:00,0.15646006240784743
804,5,1,2052-04-01 00:00:00,0.15774917491471707
805,5,1,2053-04-01 00:00:00,0.15803564436068812
806,5,1,2054-04-01 00:00:00,0.15808338926834994
807,5,2,2023-11-01 00:00:00,0.12208372889132312
808,5,2,2024-11-01 00:00:00,0.13287407802289877
809,5,2,2025-11-01 00:00:00,0.14485804984602046
810,5,2,2026-11-01 00:00:00,0.15798789945302627
811,5,2,2027-11-01 00:00:00,0.17226362684391622
812,5,2,2028-11-01 00:00:00,0.18558445608156937
813,5,2,2029-11-01 00:00:00,0.20000341819544487
814,5,2,2030-11-01 00:00:00,0.21518629883190976
815,5,2,2031-11-01 00:00:00,0.23003496511474178
816,5,2,2032-11-01 00:00:00,0.2448836313975738
817,5,2,2033-11-01 00:00:00,0.26097366527961363
818,5,2,2034-11-01 00:00:00,0.2781618320378758
819,5,2,2035-11-01 00:00:00,0.29663911130300763
820,5,2,2036-11-01 00:00:00,0.31621452344436174
821,5,2,2037-11-01 00:00:00,0.3345008230788462
822,5,2,2038-11-01 00:00:00,0.3522141838213885
823,5,2,2039-11-01 00:00:00,0.3684474524264139
824,5,2,2040-11-01 00:00:00,0.38558787427701424
825,5,2,2041-11-01 00:00:00,0.4024895715893053
826,5,2,2042-11-01 00:00:00,0.4200119527012004
827,5,2,2043-11-01 00:00:00,0.43562453750662183
828,5,2,2044-11-01 00:00:00,0.45099839777373407
829,5,2,2045-11-01 00:00:00,0.4638417779347689
830,5,2,2046-11-01 00:00:00,0.4764464335574945
831,5,2,2047-11-01 00:00:00,0.48971951788748574
832,5,2,2048-11-01 00:00:00,0.5023241735102113
833,5,2,2049-11-01 00:00:00,0.5161701967321447
834,5,2,2050-11-01 00:00:00,0.5200852791604156
835,5,2,2051-11-01 00:00:00,0.5238571268657009
836,5,2,2052-11-01 00:00:00,0.5282019134629282
837,5,2,2053-11-01 00:00:00,0.5321647407988609
838,5,2,2024-04-01 00:00:00,0.12208372889132312
839,5,2,2025-04-01 00:00:00,0.13048683263980682
840,5,2,2026-04-01 00:00:00,0.14060875306411674
841,5,2,2027-04-01 00:00:00,0.15230625544126739
842,5,2,2028-04-01 00:00:00,0.16357405364946145
843,5,2,2029-04-01 00:00:00,0.17508057639596475
844,5,2,2030-04-01 00:00:00,0.18682582368077721
845,5,2,2031-04-01 00:00:00,0.1995737140264883
846,5,2,2032-04-01 00:00:00,0.21131896131130076
847,5,2,2033-04-01 00:00:00,0.2232551882267606
848,5,2,2034-04-01 00:00:00,0.235621119311177
849,5,2,2035-04-01 00:00:00,0.2507085101323182
850,5,2,2036-04-01 00:00:00,0.2666075643837107
851,5,2,2037-04-01 00:00:00,0.2825066186351032
852,5,2,2038-04-01 00:00:00,0.2964958765800221
853,5,2,2039-04-01 00:00:00,0.30967347109468973
854,5,2,2040-04-01 00:00:00,0.32280332070169554
855,5,2,2041-04-01 00:00:00,0.3371745379079092
856,5,2,2042-04-01 00:00:00,0.3509728162221808
857,5,2,2043-04-01 00:00:00,0.3641504107368484
858,5,2,2044-04-01 00:00:00,0.3756569334833517
859,5,2,2045-04-01 00:00:00,0.3865905173379129
860,5,2,2046-04-01 00:00:00,0.398144784992078
861,5,2,2047-04-01 00:00:00,0.4086009197700208
862,5,2,2048-04-01 00:00:00,0.41733823787213736
863,5,2,2049-04-01 00:00:00,0.42698270921982895
864,5,2,2050-04-01 00:00:00,0.4374388439977718
865,5,2,2051-04-01 00:00:00,0.4382982523356848
866,5,2,2052-04-01 00:00:00,0.44130618151838075
867,5,2,2053-04-01 00:00:00,0.44230882457927934
868,5,2,2054-04-01 00:00:00,0.4452212639466515
869,5,3,2023-11-01 00:00:00,0.12208372889132312
870,5,3,2024-11-01 00:00:00,0.14982352024285175
871,5,3,2025-11-01 00:00:00,0.18252878199121167
872,5,3,2026-11-01 00:00:00,0.21614119698514656
873,5,3,2027-11-01 00:00:00,0.2475573462266368
874,5,3,2028-11-01 00:00:00,0.2771114440693153
875,5,3,2029-11-01 00:00:00,0.3106761141555883
876,5,3,2030-11-01 00:00:00,0.35044762223790055
877,5,3,2031-11-01 00:00:00,0.3915559877347442
878,5,3,2032-11-01 00:00:00,0.4338579759231338
879,5,3,2033-11-01 00:00:00,0.47706711735709834
880,5,3,2034-11-01 00:00:00,0.5192736157301643
881,5,3,2035-11-01 00:00:00,0.5616233488262158
882,5,3,2036-11-01 00:00:00,0.6074107152739197
883,5,3,2037-11-01 00:00:00,0.6546304289514788
884,5,3,2038-11-01 00:00:00,0.7007042648451536
885,5,3,2039-11-01 00:00:00,0.7484969174146548
886,5,3,2040-11-01 00:00:00,0.7966715292454507
887,5,3,2041-11-01 00:00:00,0.8456100595988361
888,5,3,2042-11-01 00:00:00,0.8896786093707136
889,5,3,2043-11-01 00:00:00,0.9331264753429874
890,5,3,2044-11-01 00:00:00,0.9755716982543626
891,5,3,2045-11-01 00:00:00,1.0142450734604525
892,5,3,2046-11-01 00:00:00,1.053013938481866
893,5,3,2047-11-01 00:00:00,1.0885361497822743
894,5,3,2048-11-01 00:00:00,1.1211936666229725
895,5,3,2049-11-01 00:00:00,1.1618723279508596
896,5,3,2050-11-01 00:00:00,1.170657390960638
897,5,3,2051-11-01 00:00:00,1.1802063724930059
898,5,3,2052-11-01 00:00:00,1.191139956347567
899,5,3,2053-11-01 00:00:00,1.203314907801336
900,5,3,2024-04-01 00:00:00,0.12208372889132312
901,5,3,2025-04-01 00:00:00,0.14681559106015588
902,5,3,2026-04-01 00:00:00,0.17297980045884379
903,5,3,2027-04-01 00:00:00,0.20124478579465266
904,5,3,2028-04-01 00:00:00,0.22588115814816176
905,5,3,2029-04-01 00:00:00,0.2508517448553037
906,5,3,2030-04-01 00:00:00,0.27897349546812705
907,5,3,2031-04-01 00:00:00,0.3138750229689316
908,5,3,2032-04-01 00:00:00,0.34849008102376505
909,5,3,2033-04-01 00:00:00,0.38463297612377745
910,5,3,2034-04-01 00:00:00,0.41967773834756755
911,5,3,2035-04-01 00:00:00,0.45629808252419823
912,5,3,2036-04-01 00:00:00,0.4925364674395343
913,5,3,2037-04-01 00:00:00,0.5308756282919912
914,5,3,2038-04-01 00:00:00,0.5687850849754916
915,5,3,2039-04-01 00:00:00,0.6055964087827698
916,5,3,2040-04-01 00:00:00,0.6470389886332464
917,5,3,2041-04-01 00:00:00,0.6891022522833268
918,5,3,2042-04-01 00:00:00,0.7302583626878322
919,5,3,2043-04-01 00:00:00,0.7662580230648591
920,5,3,2044-04-01 00:00:00,0.7999659278741177
921,5,3,2045-04-01 00:00:00,0.8321937405458592
922,5,3,2046-04-01 00:00:00,0.8665700740623834
923,5,3,2047-04-01 00:00:00,0.8975087742272553
924,5,3,2048-04-01 00:00:00,0.9228135752880301
925,5,3,2049-04-01 00:00:00,0.9520812036847376
926,5,3,2050-04-01 00:00:00,0.984643230710112
927,5,3,2051-04-01 00:00:00,0.9892744867533104
928,5,3,2052-04-01 00:00:00,0.9965794576255718
929,5,3,2053-04-01 00:00:00,1.002452081267978
930,5,3,2054-04-01 00:00:00,1.0105687155704908
931,6,1,2023-11-01 00:00:00,0.06889590175603412
932,6,1,2024-11-01 00:00:00,0.06989854481693274
933,6,1,2025-11-01 00:00:00,0.07133089204678791
934,6,1,2026-11-01 00:00:00,0.07314519853793781
935,6,1,2027-11-01 00:00:00,0.07495950502908773
936,6,1,2028-11-01 00:00:00,0.07577116845933898
937,6,1,2029-11-01 00:00:00,0.0767738115202376
938,6,1,2030-11-01 00:00:00,0.07748998513516518
939,6,1,2031-11-01 00:00:00,0.07849262819606383
940,6,1,2032-11-01 00:00:00,0.07925654671865326
941,6,1,2033-11-01 00:00:00,0.08040242450253739
942,6,1,2034-11-01 00:00:00,0.08135732265577415
943,6,1,2035-11-01 00:00:00,0.0823599657166728
944,6,1,2036-11-01 00:00:00,0.0832193740545859
945,6,1,2037-11-01 00:00:00,0.08398329257717536
946,6,1,2038-11-01 00:00:00,0.08469946619210292
947,6,1,2039-11-01 00:00:00,0.08546338471469235
948,6,1,2040-11-01 00:00:00,0.08632279305260546
949,6,1,2041-11-01 00:00:00,0.08699122175987122
950,6,1,2042-11-01 00:00:00,0.08765965046713696
951,6,1,2043-11-01 00:00:00,0.08804160972843167
952,6,1,2044-11-01 00:00:00,0.08823258935907903
953,6,1,2045-11-01 00:00:00,0.08799386482076987
954,6,1,2046-11-01 00:00:00,0.08765965046713696
955,6,1,2047-11-01 00:00:00,0.08713445648285674
956,6,1,2048-11-01 00:00:00,0.08656151759091464
957,6,1,2049-11-01 00:00:00,0.08665700740623837
958,6,1,2050-11-01 00:00:00,0.08699122175987122
959,6,1,2051-11-01 00:00:00,0.08742092592882778
960,6,1,2052-11-01 00:00:00,0.08794611991310801
961,6,1,2053-11-01 00:00:00,0.08808935463609353
962,6,1,2024-04-01 00:00:00,0.06889590175603412
963,6,1,2025-04-01 00:00:00,0.07013726935524194
964,6,1,2026-04-01 00:00:00,0.07195157584639184
965,6,1,2027-04-01 00:00:00,0.0741955865064983
966,6,1,2028-04-01 00:00:00,0.07581891336700083
967,6,1,2029-04-01 00:00:00,0.07706028096620865
968,6,1,2030-04-01 00:00:00,0.07801517911944543
969,6,1,2031-04-01 00:00:00,0.07897007727268222
970,6,1,2032-04-01 00:00:00,0.07992497542591898
971,6,1,2033-04-01 00:00:00,0.0808798735791558
972,6,1,2034-04-01 00:00:00,0.08188251664005441
973,6,1,2035-04-01 00:00:00,0.08288515970095305
974,6,1,2036-04-01 00:00:00,0.08398329257717532
975,6,1,2037-04-01 00:00:00,0.08493819073041212
976,6,1,2038-04-01 00:00:00,0.08594083379131075
977,6,1,2039-04-01 00:00:00,0.08651377268325285
978,6,1,2040-04-01 00:00:00,0.08737318102116592
979,6,1,2041-04-01 00:00:00,0.08823258935907903
980,6,1,2042-04-01 00:00:00,0.08904425278933034
981,6,1,2043-04-01 00:00:00,0.08971268149659606
982,6,1,2044-04-01 00:00:00,0.08990366112724343
983,6,1,2045-04-01 00:00:00,0.08976042640425788
984,6,1,2046-04-01 00:00:00,0.08985591621958158
985,6,1,2047-04-01 00:00:00,0.08947395695828687
986,6,1,2048-04-01 00:00:00,0.08861454862037373
987,6,1,2049-04-01 00:00:00,0.08832807917440272
988,6,1,2050-04-01 00:00:00,0.08823258935907903
989,6,1,2051-04-01 00:00:00,0.08828033426674085
990,6,1,2052-04-01 00:00:00,0.0890442527893303
991,6,1,2053-04-01 00:00:00,0.08918748751231582
992,6,1,2054-04-01 00:00:00,0.08923523241997765
993,6,2,2023-11-01 00:00:00,0.06889590175603412
994,6,2,2024-11-01 00:00:00,0.07500724993674955
995,6,2,2025-11-01 00:00:00,0.0817392819170689
996,6,2,2026-11-01 00:00:00,0.08918748751231582
997,6,2,2027-11-01 00:00:00,0.09720863199950483
998,6,2,2028-11-01 00:00:00,0.1047045825024136
999,6,2,2029-11-01 00:00:00,0.11282121680492627
1000,6,2,2030-11-01 00:00:00,0.12146304509171922
1001,6,2,2031-11-01 00:00:00,0.1298184039325411
1002,6,2,2032-11-01 00:00:00,0.138173762773363
1003,6,2,2033-11-01 00:00:00,0.14724529522911245
1004,6,2,2034-11-01 00:00:00,0.15698525639212765
1005,6,2,2035-11-01 00:00:00,0.16739364626240857
1006,6,2,2036-11-01 00:00:00,0.1784704648399553
1007,6,2,2037-11-01 00:00:00,0.18878336489491257
1008,6,2,2038-11-01 00:00:00,0.19876205059623708
1009,6,2,2039-11-01 00:00:00,0.20797681777497204
1010,6,2,2040-11-01 00:00:00,0.2175735442150017
1011,6,2,2041-11-01 00:00:00,0.22712252574736963
1012,6,2,2042-11-01 00:00:00,0.2370057216333704
1013,6,2,2043-11-01 00:00:00,0.24583852955081056
1014,6,2,2044-11-01 00:00:00,0.2544803578376035
1015,6,2,2045-11-01 00:00:00,0.2617853287098648
1016,6,2,2046-11-01 00:00:00,0.26889931995147903
1017,6,2,2047-11-01 00:00:00,0.27639527045438783
1018,6,2,2048-11-01 00:00:00,0.28346151678834003
1019,6,2,2049-11-01 00:00:00,0.2912916816448816
1020,6,2,2050-11-01 00:00:00,0.2934879473973262
1021,6,2,2051-11-01 00:00:00,0.29563646824210893
1022,6,2,2052-11-01 00:00:00,0.2980714585328628
1023,6,2,2053-11-01 00:00:00,0.3003154691929693
1024,6,2,2024-04-01 00:00:00,0.06889590175603412
1025,6,2,2025-04-01 00:00:00,0.07362264761455622
1026,6,2,2026-04-01 00:00:00,0.07930429162631511
1027,6,2,2027-04-01 00:00:00,0.08589308888364892
1028,6,2,2028-04-01 00:00:00,0.0922909065103354
1029,6,2,2029-04-01 00:00:00,0.09883195886000734
1030,6,2,2030-04-01 00:00:00,0.105468501025003
1031,6,2,2031-04-01 00:00:00,0.11263023717427895
1032,6,2,2032-04-01 00:00:00,0.11926677933927457
1033,6,2,2033-04-01 00:00:00,0.1259510664119321
1034,6,2,2034-04-01 00:00:00,0.13296956783822247
1035,6,2,2035-04-01 00:00:00,0.1414681614020299
1036,6,2,2036-04-01 00:00:00,0.15049194895011747
1037,6,2,2037-04-01 00:00:00,0.15942024668288146
1038,6,2,2038-04-01 00:00:00,0.16729815644708493
1039,6,2,2039-04-01 00:00:00,0.1747941069499937
1040,6,2,2040-04-01 00:00:00,0.18214682272991697
1041,6,2,2041-04-01 00:00:00,0.19031120194009146
1042,6,2,2042-04-01 00:00:00,0.1980458769813094
1043,6,2,2043-04-01 00:00:00,0.2054940825765564
1044,6,2,2044-04-01 00:00:00,0.21203513492622836
1045,6,2,2045-04-01 00:00:00,0.21819422801460564
1046,6,2,2046-04-01 00:00:00,0.2246875354566157
1047,6,2,2047-04-01 00:00:00,0.23060790400668385
1048,6,2,2048-04-01 00:00:00,0.23547788458819144
1049,6,2,2049-04-01 00:00:00,0.24096854896930298
1050,6,2,2050-04-01 00:00:00,0.24684117261170915
1051,6,2,2051-04-01 00:00:00,0.2473186216883276
1052,6,2,2052-04-01 00:00:00,0.24903743836415382
1053,6,2,2053-04-01 00:00:00,0.24961037725609583
1054,6,2,2054-04-01 00:00:00,0.25128144902426025
1055,6,3,2023-11-01 00:00:00,0.06889590175603412
1056,6,3,2024-11-01 00:00:00,0.08460397637677926
1057,6,3,2025-11-01 00:00:00,0.10298576582658739
1058,6,3,2026-11-01 00:00:00,0.12194049416833759
1059,6,3,2027-11-01 00:00:00,0.1397015998185418
1060,6,3,2028-11-01 00:00:00,0.15636457259252376
1061,6,3,2029-11-01 00:00:00,0.175319300934274
1062,6,3,2030-11-01 00:00:00,0.19775940753533836
1063,6,3,2031-11-01 00:00:00,0.22096343265899224
1064,6,3,2032-11-01 00:00:00,0.24483588648991197
1065,6,3,2033-11-01 00:00:00,0.2692335343051119
1066,6,3,2034-11-01 00:00:00,0.2930582432283696
1067,6,3,2035-11-01 00:00:00,0.31697844196695124
1068,6,3,2036-11-01 00:00:00,0.34276069210434434
1069,6,3,2037-11-01 00:00:00,0.36945009548731256
1070,6,3,2038-11-01 00:00:00,0.39542332525535323
1071,6,3,2039-11-01 00:00:00,0.4223991980842923
1072,6,3,2040-11-01 00:00:00,0.44961379545154057
1073,6,3,2041-11-01 00:00:00,0.47721035208008383
1074,6,3,2042-11-01 00:00:00,0.5020854489719021
1075,6,3,2043-11-01 00:00:00,0.5266263315100876
1076,6,3,2044-11-01 00:00:00,0.550546530248669
1077,6,3,2045-11-01 00:00:00,0.5724136979577914
1078,6,3,2046-11-01 00:00:00,0.5942331207592519
1079,6,3,2047-11-01 00:00:00,0.6142859819772244
1080,6,3,2048-11-01 00:00:00,0.6327632612423564
1081,6,3,2049-11-01 00:00:00,0.655728561827701
1082,6,3,2050-11-01 00:00:00,0.6606462873168705
1083,6,3,2051-11-01 00:00:00,0.6659937169749965
1084,6,3,2052-11-01 00:00:00,0.6722005549710356
1085,6,3,2053-11-01 00:00:00,0.6790280767666786
1086,6,3,2024-04-01 00:00:00,0.06889590175603412
1087,6,3,2025-04-01 00:00:00,0.08283741479329121
1088,6,3,2026-04-01 00:00:00,0.09759059126079957
1089,6,3,2027-04-01 00:00:00,0.11358513532751571
1090,6,3,2028-04-01 00:00:00,0.12747890345711096
1091,6,3,2029-04-01 00:00:00,0.14156365121735354
1092,6,3,2030-04-01 00:00:00,0.15746270546874602
1093,6,3,2031-04-01 00:00:00,0.177085862517762
1094,6,3,2032-04-01 00:00:00,0.19666127465911618
1095,6,3,2033-04-01 00:00:00,0.21709609513838332
1096,6,3,2034-04-01 00:00:00,0.23681474200272293
1097,6,3,2035-04-01 00:00:00,0.2574882870202994
1098,6,3,2036-04-01 00:00:00,0.27792310749956667
1099,6,3,2037-04-01 00:00:00,0.29959929557804166
1100,6,3,2038-04-01 00:00:00,0.32098901421054576
1101,6,3,2039-04-01 00:00:00,0.3417580490434457
1102,6,3,2040-04-01 00:00:00,0.3651053088900852
1103,6,3,2041-04-01 00:00:00,0.3889300178133429
1104,6,3,2042-04-01 00:00:00,0.41208629802933505
1105,6,3,2043-04-01 00:00:00,0.43242562869327855
1106,6,3,2044-04-01 00:00:00,0.4514281019426907
1107,6,3,2045-04-01 00:00:00,0.4696189117618515
1108,6,3,2046-04-01 00:00:00,0.48905108918022006
1109,6,3,2047-04-01 00:00:00,0.5064779804767914
1110,6,3,2048-04-01 00:00:00,0.5207537078676814
1111,6,3,2049-04-01 00:00:00,0.5372734459186778
1112,6,3,2050-04-01 00:00:00,0.5556552353684859
1113,6,3,2051-04-01 00:00:00,0.558281205289887
1114,6,3,2052-04-01 00:00:00,0.5623872673488052
1115,6,3,2053-04-01 00:00:00,0.565681665977472
1116,6,3,2054-04-01 00:00:00,0.5703129220206706
1117,7,1,2023-11-01 00:00:00,0.01733140148124768
1118,7,1,2024-11-01 00:00:00,0.017570126019556865
1119,7,1,2025-11-01 00:00:00,0.017952085280851605
1120,7,1,2026-11-01 00:00:00,0.01838178944980814
1121,7,1,2027-11-01 00:00:00,0.018859238526426507
1122,7,1,2028-11-01 00:00:00,0.019097963064735723
1123,7,1,2029-11-01 00:00:00,0.01933668760304494
1124,7,1,2030-11-01 00:00:00,0.019527667233692293
1125,7,1,2031-11-01 00:00:00,0.019718646864339613
1126,7,1,2032-11-01 00:00:00,0.01995737140264883
1127,7,1,2033-11-01 00:00:00,0.020243840848619875
1128,7,1,2034-11-01 00:00:00,0.020482565386929094
1129,7,1,2035-11-01 00:00:00,0.02072128992523824
1130,7,1,2036-11-01 00:00:00,0.02096001446354746
1131,7,1,2037-11-01 00:00:00,0.02115099409419481
1132,7,1,2038-11-01 00:00:00,0.021341973724842166
1133,7,1,2039-11-01 00:00:00,0.021485208447827687
1134,7,1,2040-11-01 00:00:00,0.02172393298613687
1135,7,1,2041-11-01 00:00:00,0.021867167709122427
1136,7,1,2042-11-01 00:00:00,0.022058147339769747
1137,7,1,2043-11-01 00:00:00,0.022153637155093442
1138,7,1,2044-11-01 00:00:00,0.022201382062755272
1139,7,1,2045-11-01 00:00:00,0.022153637155093407
1140,7,1,2046-11-01 00:00:00,0.022058147339769782
1141,7,1,2047-11-01 00:00:00,0.021962657524446053
1142,7,1,2048-11-01 00:00:00,0.021771677893798736
1143,7,1,2049-11-01 00:00:00,0.0217716778937987
1144,7,1,2050-11-01 00:00:00,0.021914912616784257
1145,7,1,2051-11-01 00:00:00,0.022010402432107917
1146,7,1,2052-11-01 00:00:00,0.022105892247431577
1147,7,1,2053-11-01 00:00:00,0.022153637155093442
1148,7,1,2024-04-01 00:00:00,0.01733140148124768
1149,7,1,2025-04-01 00:00:00,0.017665615834880556
1150,7,1,2026-04-01 00:00:00,0.018095320003837092
1151,7,1,2027-04-01 00:00:00,0.018668258895779152
1152,7,1,2028-04-01 00:00:00,0.019097963064735723
1153,7,1,2029-04-01 00:00:00,0.019384432510706734
1154,7,1,2030-04-01 00:00:00,0.019623157049015953
1155,7,1,2031-04-01 00:00:00,0.019861881587325134
1156,7,1,2032-04-01 00:00:00,0.020100606125634354
1157,7,1,2033-04-01 00:00:00,0.020339330663943535
1158,7,1,2034-04-01 00:00:00,0.02057805520225272
1159,7,1,2035-04-01 00:00:00,0.020864524648223765
1160,7,1,2036-04-01 00:00:00,0.02115099409419481
1161,7,1,2037-04-01 00:00:00,0.021389718632504027
1162,7,1,2038-04-01 00:00:00,0.02162844317081321
1163,7,1,2039-04-01 00:00:00,0.0217716778937987
1164,7,1,2040-04-01 00:00:00,0.021962657524446087
1165,7,1,2041-04-01 00:00:00,0.022201382062755307
1166,7,1,2042-04-01 00:00:00,0.022392361693402623
1167,7,1,2043-04-01 00:00:00,0.022535596416388148
1168,7,1,2044-04-01 00:00:00,0.022631086231711808
1169,7,1,2045-04-01 00:00:00,0.022583341324050012
1170,7,1,2046-04-01 00:00:00,0.022631086231711808
1171,7,1,2047-04-01 00:00:00,0.022535596416388148
1172,7,1,2048-04-01 00:00:00,0.022296871878078963
1173,7,1,2049-04-01 00:00:00,0.022201382062755272
1174,7,1,2050-04-01 00:00:00,0.022201382062755307
1175,7,1,2051-04-01 00:00:00,0.022201382062755272
1176,7,1,2052-04-01 00:00:00,0.022392361693402658
1177,7,1,2053-04-01 00:00:00,0.022440106601064453
1178,7,1,2054-04-01 00:00:00,0.022440106601064488
1179,7,2,2023-11-01 00:00:00,0.01733140148124768
1180,7,2,2024-11-01 00:00:00,0.018859238526426538
1181,7,2,2025-11-01 00:00:00,0.02057805520225275
1182,7,2,2026-11-01 00:00:00,0.022440106601064453
1183,7,2,2027-11-01 00:00:00,0.024445392722861746
1184,7,2,2028-11-01 00:00:00,0.02635518902933528
1185,7,2,2029-11-01 00:00:00,0.0284082200587944
1186,7,2,2030-11-01 00:00:00,0.030556740903577115
1187,7,2,2031-11-01 00:00:00,0.032657516840698037
1188,7,2,2032-11-01 00:00:00,0.03475829277781902
1189,7,2,2033-11-01 00:00:00,0.037050048345587325
1190,7,2,2034-11-01 00:00:00,0.03948503863634109
1191,7,2,2035-11-01 00:00:00,0.0421110085577423
1192,7,2,2036-11-01 00:00:00,0.044880213202128975
1193,7,2,2037-11-01 00:00:00,0.04745843821586833
1194,7,2,2038-11-01 00:00:00,0.04998891832194575
1195,7,2,2039-11-01 00:00:00,0.05228067388971405
1196,7,2,2040-11-01 00:00:00,0.05471566418046782
1197,7,2,2041-11-01 00:00:00,0.05710290956355985
1198,7,2,2042-11-01 00:00:00,0.0596333896696372
1199,7,2,2043-11-01 00:00:00,0.061829655422081985
1200,7,2,2044-11-01 00:00:00,0.06402592117452649
1201,7,2,2045-11-01 00:00:00,0.0658402276656765
1202,7,2,2046-11-01 00:00:00,0.06760678924916444
1203,7,2,2047-11-01 00:00:00,0.06951658555563804
1204,7,2,2048-11-01 00:00:00,0.07133089204678791
1205,7,2,2049-11-01 00:00:00,0.07328843326092331
1206,7,2,2050-11-01 00:00:00,0.0738136272452036
1207,7,2,2051-11-01 00:00:00,0.0743388212294839
1208,7,2,2052-11-01 00:00:00,0.07500724993674959
1209,7,2,2053-11-01 00:00:00,0.07558018882869155
1210,7,2,2024-04-01 00:00:00,0.01733140148124768
1211,7,2,2025-04-01 00:00:00,0.018525024172793662
1212,7,2,2026-04-01 00:00:00,0.01995737140264883
1213,7,2,2027-04-01 00:00:00,0.02162844317081321
1214,7,2,2028-04-01 00:00:00,0.02325177003131573
1215,7,2,2029-04-01 00:00:00,0.024827351984156452
1216,7,2,2030-04-01 00:00:00,0.026498423752320803
1217,7,2,2031-04-01 00:00:00,0.028360475151132537
1218,7,2,2032-04-01 00:00:00,0.02998380201163509
1219,7,2,2033-04-01 00:00:00,0.031702618687461305
1220,7,2,2034-04-01 00:00:00,0.03342143536328752
1221,7,2,2035-04-01 00:00:00,0.03561770111573209
1222,7,2,2036-04-01 00:00:00,0.037813966868176736
1223,7,2,2037-04-01 00:00:00,0.04010572243594498
1224,7,2,2038-04-01 00:00:00,0.04211100855774223
1225,7,2,2039-04-01 00:00:00,0.04397305995655404
1226,7,2,2040-04-01 00:00:00,0.04583511135536571
1227,7,2,2041-04-01 00:00:00,0.04784039747716297
1228,7,2,2042-04-01 00:00:00,0.04979793869129843
1229,7,2,2043-04-01 00:00:00,0.05170773499777189
1230,7,2,2044-04-01 00:00:00,0.053331061858274444
1231,7,2,2045-04-01 00:00:00,0.054858898903453336
1232,7,2,2046-04-01 00:00:00,0.05652997067161775
1233,7,2,2047-04-01 00:00:00,0.05801006280913479
1234,7,2,2048-04-01 00:00:00,0.05925143040834256
1235,7,2,2049-04-01 00:00:00,0.06063603273053587
1236,7,2,2050-04-01 00:00:00,0.0620683799603911
1237,7,2,2051-04-01 00:00:00,0.06225935959103842
1238,7,2,2052-04-01 00:00:00,0.06264131885233319
1239,7,2,2053-04-01 00:00:00,0.06278455357531872
1240,7,2,2054-04-01 00:00:00,0.0631665128366135
1241,7,3,2023-11-01 00:00:00,0.01733140148124768
1242,7,3,2024-11-01 00:00:00,0.02124648390951847
1243,7,3,2025-11-01 00:00:00,0.025877739952716913
1244,7,3,2026-11-01 00:00:00,0.03069997562656264
1245,7,3,2027-11-01 00:00:00,0.03514025203911373
1246,7,3,2028-11-01 00:00:00,0.039341803913355566
1247,7,3,2029-11-01 00:00:00,0.044116294679539494
1248,7,3,2030-11-01 00:00:00,0.049750193783636563
1249,7,3,2031-11-01 00:00:00,0.05562281742604282
1250,7,3,2032-11-01 00:00:00,0.06159093088377273
1251,7,3,2033-11-01 00:00:00,0.06770227906448817
1252,7,3,2034-11-01 00:00:00,0.07371813742988001
1253,7,3,2035-11-01 00:00:00,0.07973399579527159
1254,7,3,2036-11-01 00:00:00,0.08627504814494373
1255,7,3,2037-11-01 00:00:00,0.09291159030993919
1256,7,3,2038-11-01 00:00:00,0.099500387567273
1257,7,3,2039-11-01 00:00:00,0.10623241954759245
1258,7,3,2040-11-01 00:00:00,0.11310768625089758
1259,7,3,2041-11-01 00:00:00,0.12003069786186395
1260,7,3,2042-11-01 00:00:00,0.1263330256732267
1261,7,3,2043-11-01 00:00:00,0.13249211876160408
1262,7,3,2044-11-01 00:00:00,0.13850797712699578
1263,7,3,2045-11-01 00:00:00,0.14395089660044566
1264,7,3,2046-11-01 00:00:00,0.14948930588921888
1265,7,3,2047-11-01 00:00:00,0.15450252119371205
1266,7,3,2048-11-01 00:00:00,0.15918152214457212
1267,7,3,2049-11-01 00:00:00,0.16495865597165485
1268,7,3,2050-11-01 00:00:00,0.16620002357086264
1269,7,3,2051-11-01 00:00:00,0.16753688098539402
1270,7,3,2052-11-01 00:00:00,0.1690647180305731
1271,7,3,2053-11-01 00:00:00,0.17083127961406092
1272,7,3,2024-04-01 00:00:00,0.01733140148124768
1273,7,3,2025-04-01 00:00:00,0.020816779740561935
1274,7,3,2026-04-01 00:00:00,0.024588627445847236
1275,7,3,2027-04-01 00:00:00,0.028551454781779926
1276,7,3,2028-04-01 00:00:00,0.03208457794875601
1277,7,3,2029-04-01 00:00:00,0.03561770111573216
1278,7,3,2030-04-01 00:00:00,0.03958052845166481
1279,7,3,2031-04-01 00:00:00,0.044593743756157926
1280,7,3,2032-04-01 00:00:00,0.04946372433766552
1281,7,3,2033-04-01 00:00:00,0.05462017436514416
1282,7,3,2034-04-01 00:00:00,0.059585644761975406
1283,7,3,2035-04-01 00:00:00,0.06478983969711591
1284,7,3,2036-04-01 00:00:00,0.06994628972459462
1285,7,3,2037-04-01 00:00:00,0.07538920919804423
1286,7,3,2038-04-01 00:00:00,0.08078438376383205
1287,7,3,2039-04-01 00:00:00,0.08598857869897268
1288,7,3,2040-04-01 00:00:00,0.09186120234137873
1289,7,3,2041-04-01 00:00:00,0.09782931579910878
1290,7,3,2042-04-01 00:00:00,0.10370193944151511
1291,7,3,2043-04-01 00:00:00,0.10876289965366981
1292,7,3,2044-04-01 00:00:00,0.11358513532751553
1293,7,3,2045-04-01 00:00:00,0.11812090155539022
1294,7,3,2046-04-01 00:00:00,0.12303862704455981
1295,7,3,2047-04-01 00:00:00,0.1273834136417873
1296,7,3,2048-04-01 00:00:00,0.13101202662408704
1297,7,3,2049-04-01 00:00:00,0.13516583359066708
1298,7,3,2050-04-01 00:00:00,0.13979708963386536
1299,7,3,2051-04-01 00:00:00,0.14041777343346953
1300,7,3,2052-04-01 00:00:00,0.14146816140202984
1301,7,3,2053-04-01 00:00:00,0.14232756973994298
1302,7,3,2054-04-01 00:00:00,0.1434257026161651
1303,8,1,2023-11-01 00:00:00,0.023585984384948605
1304,8,1,2024-11-01 00:00:00,0.023967943646243346
1305,8,1,2025-11-01 00:00:00,0.024397647815199885
1306,8,1,2026-11-01 00:00:00,0.02501833161480377
1307,8,1,2027-11-01 00:00:00,0.025686760322069558
1308,8,1,2028-11-01 00:00:00,0.025925484860378743
1309,8,1,2029-11-01 00:00:00,0.02625969921401162
1310,8,1,2030-11-01 00:00:00,0.026546168659982633
1311,8,1,2031-11-01 00:00:00,0.026880383013615543
1312,8,1,2032-11-01 00:00:00,0.027119107551924725
1313,8,1,2033-11-01 00:00:00,0.02754881172088126
1314,8,1,2034-11-01 00:00:00,0.027835281166852306
1315,8,1,2035-11-01 00:00:00,0.028217240428147047
1316,8,1,2036-11-01 00:00:00,0.02850370987411806
1317,8,1,2037-11-01 00:00:00,0.028742434412427242
1318,8,1,2038-11-01 00:00:00,0.02898115895073646
1319,8,1,2039-11-01 00:00:00,0.029267628396707508
1320,8,1,2040-11-01 00:00:00,0.029506352935016723
1321,8,1,2041-11-01 00:00:00,0.029792822380987703
1322,8,1,2042-11-01 00:00:00,0.02998380201163509
1323,8,1,2043-11-01 00:00:00,0.030174781642282444
1324,8,1,2044-11-01 00:00:00,0.030174781642282444
1325,8,1,2045-11-01 00:00:00,0.030127036734620614
1326,8,1,2046-11-01 00:00:00,0.03003154691929692
1327,8,1,2047-11-01 00:00:00,0.029792822380987738
1328,8,1,2048-11-01 00:00:00,0.029649587658002213
1329,8,1,2049-11-01 00:00:00,0.029649587658002213
1330,8,1,2050-11-01 00:00:00,0.029792822380987738
1331,8,1,2051-11-01 00:00:00,0.029936057103973228
1332,8,1,2052-11-01 00:00:00,0.030127036734620614
1333,8,1,2053-11-01 00:00:00,0.030174781642282444
1334,8,1,2024-04-01 00:00:00,0.023585984384948605
1335,8,1,2025-04-01 00:00:00,0.024015688553905176
1336,8,1,2026-04-01 00:00:00,0.024636372353509066
1337,8,1,2027-04-01 00:00:00,0.025448035783760342
1338,8,1,2028-04-01 00:00:00,0.025973229768040573
1339,8,1,2029-04-01 00:00:00,0.026402933936997143
1340,8,1,2030-04-01 00:00:00,0.026689403382968154
1341,8,1,2031-04-01 00:00:00,0.027023617736601065
1342,8,1,2032-04-01 00:00:00,0.02735783209023394
1343,8,1,2033-04-01 00:00:00,0.027692046443866785
1344,8,1,2034-04-01 00:00:00,0.028026260797499696
1345,8,1,2035-04-01 00:00:00,0.028360475151132537
1346,8,1,2036-04-01 00:00:00,0.028742434412427277
1347,8,1,2037-04-01 00:00:00,0.02907664876606012
1348,8,1,2038-04-01 00:00:00,0.029410863119693032
1349,8,1,2039-04-01 00:00:00,0.029649587658002213
1350,8,1,2040-04-01 00:00:00,0.02993605710397326
1351,8,1,2041-04-01 00:00:00,0.030222526549944274
1352,8,1,2042-04-01 00:00:00,0.03050899599591532
1353,8,1,2043-04-01 00:00:00,0.030699975626562674
1354,8,1,2044-04-01 00:00:00,0.030795465441886365
1355,8,1,2045-04-01 00:00:00,0.030747720534224504
1356,8,1,2046-04-01 00:00:00,0.030747720534224535
1357,8,1,2047-04-01 00:00:00,0.030652230718900844
1358,8,1,2048-04-01 00:00:00,0.03031801636526797
1359,8,1,2049-04-01 00:00:00,0.030222526549944274
1360,8,1,2050-04-01 00:00:00,0.030174781642282444
1361,8,1,2051-04-01 00:00:00,0.03022252654994431
1362,8,1,2052-04-01 00:00:00,0.030461251088253455
1363,8,1,2053-04-01 00:00:00,0.03050899599591532
1364,8,1,2054-04-01 00:00:00,0.03050899599591532
1365,8,2,2023-11-01 00:00:00,0.023585984384948605
1366,8,2,2024-11-01 00:00:00,0.025686760322069527
1367,8,2,2025-11-01 00:00:00,0.02797851588983783
1368,8,2,2026-11-01 00:00:00,0.03050899599591532
1369,8,2,2027-11-01 00:00:00,0.03332594554796386
1370,8,2,2028-11-01 00:00:00,0.03580868074637948
1371,8,2,2029-11-01 00:00:00,0.03862563029842801
1372,8,2,2030-11-01 00:00:00,0.04153806966580021
1373,8,2,2031-11-01 00:00:00,0.04440276412551061
1374,8,2,2032-11-01 00:00:00,0.047315203492882735
1375,8,2,2033-11-01 00:00:00,0.05041862249090225
1376,8,2,2034-11-01 00:00:00,0.05371302111956922
1377,8,2,2035-11-01 00:00:00,0.057293889194207165
1378,8,2,2036-11-01 00:00:00,0.0611134818071543
1379,8,2,2037-11-01 00:00:00,0.06464660497413045
1380,8,2,2038-11-01 00:00:00,0.06803649341812101
1381,8,2,2039-11-01 00:00:00,0.07118765732380239
1382,8,2,2040-11-01 00:00:00,0.07452980086013122
1383,8,2,2041-11-01 00:00:00,0.07777645458113619
1384,8,2,2042-11-01 00:00:00,0.08111859811746502
1385,8,2,2043-11-01 00:00:00,0.08417427220782267
1386,8,2,2044-11-01 00:00:00,0.08713445648285674
1387,8,2,2045-11-01 00:00:00,0.08961719168127229
1388,8,2,2046-11-01 00:00:00,0.09205218197202619
1389,8,2,2047-11-01 00:00:00,0.09463040698576547
1390,8,2,2048-11-01 00:00:00,0.09706539727651924
1391,8,2,2049-11-01 00:00:00,0.09969136719792045
1392,8,2,2050-11-01 00:00:00,0.10050303062817166
1393,8,2,2051-11-01 00:00:00,0.10121920424309927
1394,8,2,2052-11-01 00:00:00,0.10203086767335048
1395,8,2,2053-11-01 00:00:00,0.10279478619594003
1396,8,2,2024-04-01 00:00:00,0.023585984384948605
1397,8,2,2025-04-01 00:00:00,0.025209311245451126
1398,8,2,2026-04-01 00:00:00,0.027166852459586555
1399,8,2,2027-04-01 00:00:00,0.029410863119692997
1400,8,2,2028-04-01 00:00:00,0.031559383964475746
1401,8,2,2029-04-01 00:00:00,0.03385113953224405
1402,8,2,2030-04-01 00:00:00,0.036095150192350524
1403,8,2,2031-04-01 00:00:00,0.03853014048310435
1404,8,2,2032-04-01 00:00:00,0.040821896050872594
1405,8,2,2033-04-01 00:00:00,0.0431136516186409
1406,8,2,2034-04-01 00:00:00,0.04554864190939466
1407,8,2,2035-04-01 00:00:00,0.04841333636910506
1408,8,2,2036-04-01 00:00:00,0.05151675536712457
1409,8,2,2037-04-01 00:00:00,0.05457242945748236
1410,8,2,2038-04-01 00:00:00,0.05724614428654537
1411,8,2,2039-04-01 00:00:00,0.05982436930028459
1412,8,2,2040-04-01 00:00:00,0.06235484940636208
1413,8,2,2041-04-01 00:00:00,0.06512405405074875
1414,8,2,2042-04-01 00:00:00,0.06779776887981183
1415,8,2,2043-04-01 00:00:00,0.07032824898588938
1416,8,2,2044-04-01 00:00:00,0.07257225964599583
1417,8,2,2045-04-01 00:00:00,0.07467303558311675
1418,8,2,2046-04-01 00:00:00,0.0769170462432232
1419,8,2,2047-04-01 00:00:00,0.07897007727268218
1420,8,2,2048-04-01 00:00:00,0.08064114904084665
1421,8,2,2049-04-01 00:00:00,0.08245545553199653
1422,8,2,2050-04-01 00:00:00,0.08450848656145565
1423,8,2,2051-04-01 00:00:00,0.08465172128444118
1424,8,2,2052-04-01 00:00:00,0.08522466017638314
1425,8,2,2053-04-01 00:00:00,0.08546338471469239
1426,8,2,2054-04-01 00:00:00,0.08603632360663434
1427,8,3,2023-11-01 00:00:00,0.023585984384948605
1428,8,3,2024-11-01 00:00:00,0.02893341404307463
1429,8,3,2025-11-01 00:00:00,0.03528348676209925
1430,8,3,2026-11-01 00:00:00,0.0417290492964476
1431,8,3,2027-11-01 00:00:00,0.04779265256950117
1432,8,3,2028-11-01 00:00:00,0.05352204148892183
1433,8,3,2029-11-01 00:00:00,0.060015348930931973
1434,8,3,2030-11-01 00:00:00,0.0677022790644881
1435,8,3,2031-11-01 00:00:00,0.07562793373635347
1436,8,3,2032-11-01 00:00:00,0.08384005785418984
1437,8,3,2033-11-01 00:00:00,0.09214767178734978
1438,8,3,2034-11-01 00:00:00,0.10031205099752434
1439,8,3,2035-11-01 00:00:00,0.1084764302076989
1440,8,3,2036-11-01 00:00:00,0.11730923812513915
1441,8,3,2037-11-01 00:00:00,0.12647626039621238
1442,8,3,2038-11-01 00:00:00,0.1353568132213144
1443,8,3,2039-11-01 00:00:00,0.1446193253077111
1444,8,3,2040-11-01 00:00:00,0.1539295823017697
1445,8,3,2041-11-01 00:00:00,0.16338307401881424
1446,8,3,2042-11-01 00:00:00,0.1718816675826215
1447,8,3,2043-11-01 00:00:00,0.18023702642344339
1448,8,3,2044-11-01 00:00:00,0.18844915054127986
1449,8,3,2045-11-01 00:00:00,0.19599284595185013
1450,8,3,2046-11-01 00:00:00,0.20344105154709735
1451,8,3,2047-11-01 00:00:00,0.2103163182504022
1452,8,3,2048-11-01 00:00:00,0.21661864606176495
1453,8,3,2049-11-01 00:00:00,0.22444881091830654
1454,8,3,2050-11-01 00:00:00,0.2261676275941328
1455,8,3,2051-11-01 00:00:00,0.2280296789929445
1456,8,3,2052-11-01 00:00:00,0.2301304549300654
1457,8,3,2053-11-01 00:00:00,0.23246995540549584
1458,8,3,2024-04-01 00:00:00,0.023585984384948605
1459,8,3,2025-04-01 00:00:00,0.028360475151132537
1460,8,3,2026-04-01 00:00:00,0.03342143536328748
1461,8,3,2027-04-01 00:00:00,0.0388643548367372
1462,8,3,2028-04-01 00:00:00,0.04363884560292113
1463,8,3,2029-04-01 00:00:00,0.048461081276766856
1464,8,3,2030-04-01 00:00:00,0.05390400075021654
1465,8,3,2031-04-01 00:00:00,0.06058828782287407
1466,8,3,2032-04-01 00:00:00,0.06732031980319332
1467,8,3,2033-04-01 00:00:00,0.07429107632182197
1468,8,3,2034-04-01 00:00:00,0.08107085320980323
1469,8,3,2035-04-01 00:00:00,0.0881848444514172
1470,8,3,2036-04-01 00:00:00,0.09515560097004563
1471,8,3,2037-04-01 00:00:00,0.10255606165763091
1472,8,3,2038-04-01 00:00:00,0.1098610325298922
1473,8,3,2039-04-01 00:00:00,0.1169750237715063
1474,8,3,2040-04-01 00:00:00,0.12499616825869547
1475,8,3,2041-04-01 00:00:00,0.1331128025612081
1476,8,3,2042-04-01 00:00:00,0.14103845723307315
1477,8,3,2043-04-01 00:00:00,0.1480569586593639
1478,8,3,2044-04-01 00:00:00,0.15455026610137385
1479,8,3,2045-04-01 00:00:00,0.16080484900507483
1480,8,3,2046-04-01 00:00:00,0.16739364626240863
1481,8,3,2047-04-01 00:00:00,0.17340950462780033
1482,8,3,2048-04-01 00:00:00,0.17827948520930786
1483,8,3,2049-04-01 00:00:00,0.18391338431340493
1484,8,3,2050-04-01 00:00:00,0.19021571212476795
1485,8,3,2051-04-01 00:00:00,0.19112286537034262
1486,8,3,2052-04-01 00:00:00,0.19255521260019812
1487,8,3,2053-04-01 00:00:00,0.19365334547642024
1488,8,3,2054-04-01 00:00:00,0.19527667233692292
1489,9,1,2023-11-01 00:00:00,0.16366401067254432
1490,9,1,2024-11-01 00:00:00,0.16603224234829098
1491,9,1,2025-11-01 00:00:00,0.16942457420814425
1492,9,1,2026-11-01 00:00:00,0.17371299372909085
1493,9,1,2027-11-01 00:00:00,0.17806541951154412
1494,9,1,2028-11-01 00:00:00,0.1799856073567441
1495,9,1,2029-11-01 00:00:00,0.18241784529399738
1496,9,1,2030-11-01 00:00:00,0.18421002061618405
1497,9,1,2031-11-01 00:00:00,0.18638623350741068
1498,9,1,2032-11-01 00:00:00,0.18830642135261064
1499,9,1,2033-11-01 00:00:00,0.1909946843358906
1500,9,1,2034-11-01 00:00:00,0.1932349034886239
1501,9,1,2035-11-01 00:00:00,0.1956671414258772
1502,9,1,2036-11-01 00:00:00,0.19777934805559716
1503,9,1,2037-11-01 00:00:00,0.1995715233777838
1504,9,1,2038-11-01 00:00:00,0.20123568617695714
1505,9,1,2039-11-01 00:00:00,0.2029638552376371
1506,9,1,2040-11-01 00:00:00,0.2050120556058504
1507,9,1,2041-11-01 00:00:00,0.2066762184050237
1508,9,1,2042-11-01 00:00:00,0.2082123686811837
1509,9,1,2043-11-01 00:00:00,0.209108456342277
1510,9,1,2044-11-01 00:00:00,0.20955650017282368
1511,9,1,2045-11-01 00:00:00,0.20904445008077033
1512,9,1,2046-11-01 00:00:00,0.20827637494269036
1513,9,1,2047-11-01 00:00:00,0.20699624971255706
1514,9,1,2048-11-01 00:00:00,0.20565211822091709
1515,9,1,2049-11-01 00:00:00,0.20584413700543702
1516,9,1,2050-11-01 00:00:00,0.2066762184050237
1517,9,1,2051-11-01 00:00:00,0.20776432485063703
1518,9,1,2052-11-01 00:00:00,0.20891643755775702
1519,9,1,2053-11-01 00:00:00,0.20923646886529032
1520,9,1,2024-04-01 00:00:00,0.16366401067254432
1521,9,1,2025-04-01 00:00:00,0.1666723049633576
1522,9,1,2026-04-01 00:00:00,0.17096072448430422
1523,9,1,2027-04-01 00:00:00,0.17633725045086415
1524,9,1,2028-04-01 00:00:00,0.1801776261412641
1525,9,1,2029-04-01 00:00:00,0.18305790790906407
1526,9,1,2030-04-01 00:00:00,0.1852341208002907
1527,9,1,2031-04-01 00:00:00,0.18760235247603732
1528,9,1,2032-04-01 00:00:00,0.1899065778902773
1529,9,1,2033-04-01 00:00:00,0.19208279078150392
1530,9,1,2034-04-01 00:00:00,0.1943870161957439
1531,9,1,2035-04-01 00:00:00,0.1969472666560105
1532,9,1,2036-04-01 00:00:00,0.19950751711627715
1533,9,1,2037-04-01 00:00:00,0.20187574879202377
1534,9,1,2038-04-01 00:00:00,0.20417997420626374
1535,9,1,2039-04-01 00:00:00,0.20558811195941037
1536,9,1,2040-04-01 00:00:00,0.20750829980461039
1537,9,1,2041-04-01 00:00:00,0.20962050643433033
1538,9,1,2042-04-01 00:00:00,0.2115406942795303
1539,9,1,2043-04-01 00:00:00,0.21301283829418363
1540,9,1,2044-04-01 00:00:00,0.21358889464774358
1541,9,1,2045-04-01 00:00:00,0.21326886334021028
1542,9,1,2046-04-01 00:00:00,0.2134608821247303
1543,9,1,2047-04-01 00:00:00,0.21262880072514362
1544,9,1,2048-04-01 00:00:00,0.21045258783391702
1545,9,1,2049-04-01 00:00:00,0.2097485189573437
1546,9,1,2050-04-01 00:00:00,0.20962050643433033
1547,9,1,2051-04-01 00:00:00,0.2097485189573437
1548,9,1,2052-04-01 00:00:00,0.21147668801802363
1549,9,1,2053-04-01 00:00:00,0.21186072558706365
1550,9,1,2054-04-01 00:00:00,0.2119247318485703
1551,9,2,2023-11-01 00:00:00,0.16366401067254432
1552,9,2,2024-11-01 00:00:00,0.17812942577305077
1553,9,2,2025-11-01 00:00:00,0.1941949974112239
1554,9,2,2026-11-01 00:00:00,0.211796719325557
1555,9,2,2027-11-01 00:00:00,0.23093459151605003
1556,9,2,2028-11-01 00:00:00,0.24879233847640975
1557,9,2,2029-11-01 00:00:00,0.26812222945142283
1558,9,2,2030-11-01 00:00:00,0.28847622061054257
1559,9,2,2031-11-01 00:00:00,0.3083821679391156
1560,9,2,2032-11-01 00:00:00,0.32828811526768864
1561,9,2,2033-11-01 00:00:00,0.349858225395435
1562,9,2,2034-11-01 00:00:00,0.3729004795378347
1563,9,2,2035-11-01 00:00:00,0.3976709027409143
1564,9,2,2036-11-01 00:00:00,0.4239134699586473
1565,9,2,2037-11-01 00:00:00,0.4484278681157003
1566,9,2,2038-11-01 00:00:00,0.47217419113467324
1567,9,2,2039-11-01 00:00:00,0.4939363200469396
1568,9,2,2040-11-01 00:00:00,0.5169145679278326
1569,9,2,2041-11-01 00:00:00,0.5395727845011923
1570,9,2,2042-11-01 00:00:00,0.5630630824741386
1571,9,2,2043-11-01 00:00:00,0.5839931299868183
1572,9,2,2044-11-01 00:00:00,0.6046031461919646
1573,9,2,2045-11-01 00:00:00,0.6218208305372578
1574,9,2,2046-11-01 00:00:00,0.6387184835750176
1575,9,2,2047-11-01 00:00:00,0.6565122242738706
1576,9,2,2048-11-01 00:00:00,0.6734098773116304
1577,9,2,2049-11-01 00:00:00,0.6919716931485634
1578,9,2,2050-11-01 00:00:00,0.69722020659211
1579,9,2,2051-11-01 00:00:00,0.7022767012511366
1580,9,2,2052-11-01 00:00:00,0.7081012710482432
1581,9,2,2053-11-01 00:00:00,0.7134137907532965
1582,9,2,2024-04-01 00:00:00,0.16366401067254432
1583,9,2,2025-04-01 00:00:00,0.1749291126977175
1584,9,2,2026-04-01 00:00:00,0.18849844013713063
1585,9,2,2027-04-01 00:00:00,0.20417997420626374
1586,9,2,2028-04-01 00:00:00,0.21928545192183685
1587,9,2,2029-04-01 00:00:00,0.23471096094494331
1588,9,2,2030-04-01 00:00:00,0.2504565012755831
1589,9,2,2031-04-01 00:00:00,0.2675461730978628
1590,9,2,2032-04-01 00:00:00,0.2832917134285026
1591,9,2,2033-04-01 00:00:00,0.29929327880516904
1592,9,2,2034-04-01 00:00:00,0.3158709005353955
1593,9,2,2035-04-01 00:00:00,0.33609687917150183
1594,9,2,2036-04-01 00:00:00,0.35741096425322155
1595,9,2,2037-04-01 00:00:00,0.3787250493349413
1596,9,2,2038-04-01 00:00:00,0.3974788839563943
1597,9,2,2039-04-01 00:00:00,0.4151446121322341
1598,9,2,2040-04-01 00:00:00,0.43274633404656715
1599,9,2,2041-04-01 00:00:00,0.4520122187600736
1600,9,2,2042-04-01 00:00:00,0.4705100283355
1601,9,2,2043-04-01 00:00:00,0.48817575651133965
1602,9,2,2044-04-01 00:00:00,0.5036012655344462
1603,9,2,2045-04-01 00:00:00,0.5182586994194726
1604,9,2,2046-04-01 00:00:00,0.5337482147040857
1605,9,2,2047-04-01 00:00:00,0.5477655859740455
1606,9,2,2048-04-01 00:00:00,0.5594787318297653
1607,9,2,2049-04-01 00:00:00,0.5724079966541119
1608,9,2,2050-04-01 00:00:00,0.5864253679240716
1609,9,2,2051-04-01 00:00:00,0.5875774806311915
1610,9,2,2052-04-01 00:00:00,0.5916098751061116
1611,9,2,2053-04-01 00:00:00,0.5929540065977515
1612,9,2,2054-04-01 00:00:00,0.5968583885496581
1613,9,3,2023-11-01 00:00:00,0.16366401067254432
1614,9,3,2024-11-01 00:00:00,0.20085164860791713
1615,9,3,2025-11-01 00:00:00,0.24469593773998313
1616,9,3,2026-11-01 00:00:00,0.2897563458406759
1617,9,3,2027-11-01 00:00:00,0.33187246591206193
1618,9,3,2028-11-01 00:00:00,0.37149234178468804
1619,9,3,2029-11-01 00:00:00,0.416488743623874
1620,9,3,2030-11-01 00:00:00,0.46980595945892667
1621,9,3,2031-11-01 00:00:00,0.5249153506161659
1622,9,3,2032-11-01 00:00:00,0.5816248983110717
1623,9,3,2033-11-01 00:00:00,0.6395505649746042
1624,9,3,2034-11-01 00:00:00,0.6961321001464967
1625,9,3,2035-11-01 00:00:00,0.7529056541029092
1626,9,3,2036-11-01 00:00:00,0.8142876588878016
1627,9,3,2037-11-01 00:00:00,0.8775898515178941
1628,9,3,2038-11-01 00:00:00,0.9393558938718265
1629,9,3,2039-11-01 00:00:00,1.003426161639999
1630,9,3,2040-11-01 00:00:00,1.0680084795002247
1631,9,3,2041-11-01 00:00:00,1.1336148975445572
1632,9,3,2042-11-01 00:00:00,1.1926926769152095
1633,9,3,2043-11-01 00:00:00,1.2509383748862755
1634,9,3,2044-11-01 00:00:00,1.3078399413657014
1635,9,3,2045-11-01 00:00:00,1.3596850131861007
1636,9,3,2046-11-01 00:00:00,1.4116580975295132
1637,9,3,2047-11-01 00:00:00,1.4592787560904725
1638,9,3,2048-11-01 00:00:00,1.5030590389610319
1639,9,3,2049-11-01 00:00:00,1.557592373764711
1640,9,3,2050-11-01 00:00:00,1.5693695258819376
1641,9,3,2051-11-01 00:00:00,1.5821707781832708
1642,9,3,2052-11-01 00:00:00,1.596828212068297
1643,9,3,2053-11-01 00:00:00,1.613149808752497
1644,9,3,2024-04-01 00:00:00,0.16366401067254432
1645,9,3,2025-04-01 00:00:00,0.1968192541329972
1646,9,3,2026-04-01 00:00:00,0.23189468543865
1647,9,3,2027-04-01 00:00:00,0.26978639225059614
1648,9,3,2028-04-01 00:00:00,0.3028136231880357
1649,9,3,2029-04-01 00:00:00,0.33628889795602185
1650,9,3,2030-04-01 00:00:00,0.373988585983448
1651,9,3,2031-04-01 00:00:00,0.4207771631448206
1652,9,3,2032-04-01 00:00:00,0.46718170273715326
1653,9,3,2033-04-01 00:00:00,0.5156344426976993
1654,9,3,2034-04-01 00:00:00,0.562615038643592
1655,9,3,2035-04-01 00:00:00,0.6117078412192045
1656,9,3,2036-04-01 00:00:00,0.6602885937027638
1657,9,3,2037-04-01 00:00:00,0.7116856216926165
1658,9,3,2038-04-01 00:00:00,0.762506593328909
1659,9,3,2039-04-01 00:00:00,0.8118554209505484
1660,9,3,2040-04-01 00:00:00,0.8674128559383343
1661,9,3,2041-04-01 00:00:00,0.9238023723257068
1662,9,3,2042-04-01 00:00:00,0.9789757697444526
1663,9,3,2043-04-01 00:00:00,1.0272364909204788
1664,9,3,2044-04-01 00:00:00,1.0724249115441846
1665,9,3,2045-04-01 00:00:00,1.115629138061184
1666,9,3,2046-04-01 00:00:00,1.1617136463459834
1667,9,3,2047-04-01 00:00:00,1.2031897038023027
1668,9,3,2048-04-01 00:00:00,1.2371130224008355
1669,9,3,2049-04-01 00:00:00,1.2763488607044218
1670,9,3,2050-04-01 00:00:00,1.3200011310519677
1671,9,3,2051-04-01 00:00:00,1.3262097384181142
1672,9,3,2052-04-01 00:00:00,1.3360026964286342
1673,9,3,2053-04-01 00:00:00,1.343875466593954
1674,9,3,2054-04-01 00:00:00,1.3547565310500873
1675,10,1,2023-11-01 00:00:00,0.09236103535411867
1676,10,1,2024-11-01 00:00:00,0.09370516684575864
1677,10,1,2025-11-01 00:00:00,0.09562535469095862
1678,10,1,2026-11-01 00:00:00,0.09805759262821193
1679,10,1,2027-11-01 00:00:00,0.10048983056546525
1680,10,1,2028-11-01 00:00:00,0.10157793701107855
1681,10,1,2029-11-01 00:00:00,0.10292206850271851
1682,10,1,2030-11-01 00:00:00,0.10388216242531849
1683,10,1,2031-11-01 00:00:00,0.10522629391695851
1684,10,1,2032-11-01 00:00:00,0.10625039410106515
1685,10,1,2033-11-01 00:00:00,0.10778654437722512
1686,10,1,2034-11-01 00:00:00,0.10906666960735842
1687,10,1,2035-11-01 00:00:00,0.11041080109899842
1688,10,1,2036-11-01 00:00:00,0.11156291380611841
1689,10,1,2037-11-01 00:00:00,0.11258701399022508
1690,10,1,2038-11-01 00:00:00,0.11354710791282503
1691,10,1,2039-11-01 00:00:00,0.11457120809693168
1692,10,1,2040-11-01 00:00:00,0.11572332080405166
1693,10,1,2041-11-01 00:00:00,0.11661940846514499
1694,10,1,2042-11-01 00:00:00,0.11751549612623831
1695,10,1,2043-11-01 00:00:00,0.11802754621829163
1696,10,1,2044-11-01 00:00:00,0.1182835712643183
1697,10,1,2045-11-01 00:00:00,0.11796353995678502
1698,10,1,2046-11-01 00:00:00,0.11751549612623831
1699,10,1,2047-11-01 00:00:00,0.11681142724966499
1700,10,1,2048-11-01 00:00:00,0.11604335211158498
1701,10,1,2049-11-01 00:00:00,0.11617136463459837
1702,10,1,2050-11-01 00:00:00,0.11661940846514499
1703,10,1,2051-11-01 00:00:00,0.117195464818705
1704,10,1,2052-11-01 00:00:00,0.11789953369527832
1705,10,1,2053-11-01 00:00:00,0.11809155247979833
1706,10,1,2024-04-01 00:00:00,0.09236103535411867
1707,10,1,2025-04-01 00:00:00,0.09402519815329198
1708,10,1,2026-04-01 00:00:00,0.09645743609054529
1709,10,1,2027-04-01 00:00:00,0.0994657303813586
1710,10,1,2028-04-01 00:00:00,0.10164194327258523
1711,10,1,2029-04-01 00:00:00,0.10330610607175852
1712,10,1,2030-04-01 00:00:00,0.10458623130189183
1713,10,1,2031-04-01 00:00:00,0.10586635653202517
1714,10,1,2032-04-01 00:00:00,0.10714648176215844
1715,10,1,2033-04-01 00:00:00,0.10842660699229179
1716,10,1,2034-04-01 00:00:00,0.10977073848393178
1717,10,1,2035-04-01 00:00:00,0.11111486997557177
1718,10,1,2036-04-01 00:00:00,0.11258701399022503
1719,10,1,2037-04-01 00:00:00,0.11386713922035836
1720,10,1,2038-04-01 00:00:00,0.11521127071199835
1721,10,1,2039-04-01 00:00:00,0.11597934585007837
1722,10,1,2040-04-01 00:00:00,0.11713145855719831
1723,10,1,2041-04-01 00:00:00,0.1182835712643183
1724,10,1,2042-04-01 00:00:00,0.11937167770993166
1725,10,1,2043-04-01 00:00:00,0.12026776537102495
1726,10,1,2044-04-01 00:00:00,0.12052379041705165
1727,10,1,2045-04-01 00:00:00,0.1203317716325316
1728,10,1,2046-04-01 00:00:00,0.12045978415554495
1729,10,1,2047-04-01 00:00:00,0.11994773406349163
1730,10,1,2048-04-01 00:00:00,0.1187956213563716
1731,10,1,2049-04-01 00:00:00,0.11841158378733165
1732,10,1,2050-04-01 00:00:00,0.1182835712643183
1733,10,1,2051-04-01 00:00:00,0.11834757752582493
1734,10,1,2052-04-01 00:00:00,0.11937167770993162
1735,10,1,2053-04-01 00:00:00,0.11956369649445162
1736,10,1,2054-04-01 00:00:00,0.11962770275595827
1737,10,2,2023-11-01 00:00:00,0.09236103535411867
1738,10,2,2024-11-01 00:00:00,0.1005538368269719
1739,10,2,2025-11-01 00:00:00,0.10957871969941177
1740,10,2,2026-11-01 00:00:00,0.11956369649445162
1741,10,2,2027-11-01 00:00:00,0.13031674842757146
1742,10,2,2028-11-01 00:00:00,0.140365731484118
1743,10,2,2029-11-01 00:00:00,0.15124679594025114
1744,10,2,2030-11-01 00:00:00,0.1628319292729577
1745,10,2,2031-11-01 00:00:00,0.1740330250366242
1746,10,2,2032-11-01 00:00:00,0.18523412080029072
1747,10,2,2033-11-01 00:00:00,0.1973953104865572
1748,10,2,2034-11-01 00:00:00,0.21045258783391702
1749,10,2,2035-11-01 00:00:00,0.22440595284237008
1750,10,2,2036-11-01 00:00:00,0.23925540551191654
1751,10,2,2037-11-01 00:00:00,0.25308075799735635
1752,10,2,2038-11-01 00:00:00,0.2664580666522496
1753,10,2,2039-11-01 00:00:00,0.27881127512303605
1754,10,2,2040-11-01 00:00:00,0.29167653368587576
1755,10,2,2041-11-01 00:00:00,0.30447778598720904
1756,10,2,2042-11-01 00:00:00,0.3177270821190889
1757,10,2,2043-11-01 00:00:00,0.3295682404978219
1758,10,2,2044-11-01 00:00:00,0.34115337383052846
1759,10,2,2045-11-01 00:00:00,0.35094633184104823
1760,10,2,2046-11-01 00:00:00,0.36048326480554155
1761,10,2,2047-11-01 00:00:00,0.3705322478620881
1762,10,2,2048-11-01 00:00:00,0.3800051745650747
1763,10,2,2049-11-01 00:00:00,0.3905022014521678
1764,10,2,2050-11-01 00:00:00,0.39344648948147437
1765,10,2,2051-11-01 00:00:00,0.39632677124927423
1766,10,2,2052-11-01 00:00:00,0.3995910905861143
1767,10,2,2053-11-01 00:00:00,0.4025993848769277
1768,10,2,2024-04-01 00:00:00,0.09236103535411867
1769,10,2,2025-04-01 00:00:00,0.0986976552432786
1770,10,2,2026-04-01 00:00:00,0.10631440036257184
1771,10,2,2027-04-01 00:00:00,0.1151472644504917
1772,10,2,2028-04-01 00:00:00,0.12372410349238493
1773,10,2,2029-04-01 00:00:00,0.13249296131879806
1774,10,2,2030-04-01 00:00:00,0.1413898316682246
1775,10,2,2031-04-01 00:00:00,0.15099077089422452
1776,10,2,2032-04-01 00:00:00,0.159887641243651
1777,10,2,2033-04-01 00:00:00,0.16884851785458427
1778,10,2,2034-04-01 00:00:00,0.17825743829606414
1779,10,2,2035-04-01 00:00:00,0.18965055284425064
1780,10,2,2036-04-01 00:00:00,0.2017477362690104
1781,10,2,2037-04-01 00:00:00,0.21371690717075695
1782,10,2,2038-04-01 00:00:00,0.2242779403193568
1783,10,2,2039-04-01 00:00:00,0.2343269233759033
1784,10,2,2040-04-01 00:00:00,0.24418388764792986
1785,10,2,2041-04-01 00:00:00,0.2551289583655697
1786,10,2,2042-04-01 00:00:00,0.2654979727296495
1787,10,2,2043-04-01 00:00:00,0.27548294952468944
1788,10,2,2044-04-01 00:00:00,0.28425180735110256
1789,10,2,2045-04-01 00:00:00,0.2925086150854625
1790,10,2,2046-04-01 00:00:00,0.30121346665036897
1791,10,2,2047-04-01 00:00:00,0.3091502430771956
1792,10,2,2048-04-01 00:00:00,0.31567888175087544
1793,10,2,2049-04-01 00:00:00,0.32303960182414204
1794,10,2,2050-04-01 00:00:00,0.3309123719894619
1795,10,2,2051-04-01 00:00:00,0.33155243460452855
1796,10,2,2052-04-01 00:00:00,0.3338566600187685
1797,10,2,2053-04-01 00:00:00,0.3346247351568485
1798,10,2,2054-04-01 00:00:00,0.3368649543095818
1799,10,3,2023-11-01 00:00:00,0.09236103535411867
1800,10,3,2024-11-01 00:00:00,0.11341909538981172
1801,10,3,2025-11-01 00:00:00,0.13806150606987802
1802,10,3,2026-11-01 00:00:00,0.16347199188802433
1803,10,3,2027-11-01 00:00:00,0.18728232116850396
1804,10,3,2028-11-01 00:00:00,0.2096205064343304
1805,10,3,2029-11-01 00:00:00,0.23503099225247673
1806,10,3,2030-11-01 00:00:00,0.26511393516060944
1807,10,3,2031-11-01 00:00:00,0.296220978252849
1808,10,3,2032-11-01 00:00:00,0.328224109006182
1809,10,3,2033-11-01 00:00:00,0.3609313086360882
1810,10,3,2034-11-01 00:00:00,0.39287043312791425
1811,10,3,2035-11-01 00:00:00,0.424937570142754
1812,10,3,2036-11-01 00:00:00,0.4595009513563534
1813,10,3,2037-11-01 00:00:00,0.4952804515385796
1814,10,3,2038-11-01 00:00:00,0.5300998577982059
1815,10,3,2039-11-01 00:00:00,0.5662633955494719
1816,10,3,2040-11-01 00:00:00,0.6027469646082712
1817,10,3,2041-11-01 00:00:00,0.6397425837591241
1818,10,3,2042-11-01 00:00:00,0.673089846004097
1819,10,3,2043-11-01 00:00:00,0.7059890644185233
1820,10,3,2044-11-01 00:00:00,0.7380562014333626
1821,10,3,2045-11-01 00:00:00,0.7673710692034156
1822,10,3,2046-11-01 00:00:00,0.7966219307119619
1823,10,3,2047-11-01 00:00:00,0.8235045605447614
1824,10,3,2048-11-01 00:00:00,0.8482749837478412
1825,10,3,2049-11-01 00:00:00,0.8790619955325475
1826,10,3,2050-11-01 00:00:00,0.885654640467734
1827,10,3,2051-11-01 00:00:00,0.8928233417564806
1828,10,3,2052-11-01 00:00:00,0.9011441557523471
1829,10,3,2053-11-01 00:00:00,0.9102970511478004
1830,10,3,2024-04-01 00:00:00,0.09236103535411867
1831,10,3,2025-04-01 00:00:00,0.11105086371406508
1832,10,3,2026-04-01 00:00:00,0.13082879851962484
1833,10,3,2027-04-01 00:00:00,0.15227089612435782
1834,10,3,2028-04-01 00:00:00,0.17089671822279756
1835,10,3,2029-04-01 00:00:00,0.18977856536726395
1836,10,3,2030-04-01 00:00:00,0.21109265044898362
1837,10,3,2031-04-01 00:00:00,0.2373992239282233
1838,10,3,2032-04-01 00:00:00,0.2636417911459563
1839,10,3,2033-04-01 00:00:00,0.29103647107080916
1840,10,3,2034-04-01 00:00:00,0.3174710570730621
1841,10,3,2035-04-01 00:00:00,0.34518576830544845
1842,10,3,2036-04-01 00:00:00,0.3725804482303014
1843,10,3,2037-04-01 00:00:00,0.4016392909543276
1844,10,3,2038-04-01 00:00:00,0.430314096109314
1845,10,3,2039-04-01 00:00:00,0.45815681986471335
1846,10,3,2040-04-01 00:00:00,0.489455881741473
1847,10,3,2041-04-01 00:00:00,0.521395006233299
1848,10,3,2042-04-01 00:00:00,0.5524380430640321
1849,10,3,2043-04-01 00:00:00,0.5797047104658717
1850,10,3,2044-04-01 00:00:00,0.6051792025455247
1851,10,3,2045-04-01 00:00:00,0.6295655881795644
1852,10,3,2046-04-01 00:00:00,0.6556161366127773
1853,10,3,2047-04-01 00:00:00,0.6789784220627104
1854,10,3,2048-04-01 00:00:00,0.6981162942532035
1855,10,3,2049-04-01 00:00:00,0.7202624607345097
1856,10,3,2050-04-01 00:00:00,0.7449048714145762
1857,10,3,2051-04-01 00:00:00,0.7484252157974427
1858,10,3,2052-04-01 00:00:00,0.7539297542870158
1859,10,3,2053-04-01 00:00:00,0.7583461863309757
1860,10,3,2054-04-01 00:00:00,0.7645547936971225
1861,11,1,2023-11-01 00:00:00,0.023234272926919684
1862,11,1,2024-11-01 00:00:00,0.023554304234452993
1863,11,1,2025-11-01 00:00:00,0.024066354326506355
1864,11,1,2026-11-01 00:00:00,0.024642410680066323
1865,11,1,2027-11-01 00:00:00,0.025282473295132946
1866,11,1,2028-11-01 00:00:00,0.0256025046026663
1867,11,1,2029-11-01 00:00:00,0.025922535910199655
1868,11,1,2030-11-01 00:00:00,0.026178560956226313
1869,11,1,2031-11-01 00:00:00,0.026434586002252927
1870,11,1,2032-11-01 00:00:00,0.02675461730978628
1871,11,1,2033-11-01 00:00:00,0.02713865487882629
1872,11,1,2034-11-01 00:00:00,0.027458686186359646
1873,11,1,2035-11-01 00:00:00,0.02777871749389291
1874,11,1,2036-11-01 00:00:00,0.02809874880142627
1875,11,1,2037-11-01 00:00:00,0.028354773847452927
1876,11,1,2038-11-01 00:00:00,0.028610798893479582
1877,11,1,2039-11-01 00:00:00,0.02880281767799959
1878,11,1,2040-11-01 00:00:00,0.029122848985532898
1879,11,1,2041-11-01 00:00:00,0.02931486777005295
1880,11,1,2042-11-01 00:00:00,0.02957089281607956
1881,11,1,2043-11-01 00:00:00,0.02969890533909291
1882,11,1,2044-11-01 00:00:00,0.029762911600599566
1883,11,1,2045-11-01 00:00:00,0.029698905339092866
1884,11,1,2046-11-01 00:00:00,0.029570892816079605
1885,11,1,2047-11-01 00:00:00,0.029442880293066208
1886,11,1,2048-11-01 00:00:00,0.029186855247039598
1887,11,1,2049-11-01 00:00:00,0.029186855247039553
1888,11,1,2050-11-01 00:00:00,0.0293788740315596
1889,11,1,2051-11-01 00:00:00,0.029506886554572908
1890,11,1,2052-11-01 00:00:00,0.029634899077586214
1891,11,1,2053-11-01 00:00:00,0.02969890533909291
1892,11,1,2024-04-01 00:00:00,0.023234272926919684
1893,11,1,2025-04-01 00:00:00,0.023682316757466345
1894,11,1,2026-04-01 00:00:00,0.024258373111026313
1895,11,1,2027-04-01 00:00:00,0.025026448249106287
1896,11,1,2028-04-01 00:00:00,0.0256025046026663
1897,11,1,2029-04-01 00:00:00,0.025986542171706265
1898,11,1,2030-04-01 00:00:00,0.02630657347923962
1899,11,1,2031-04-01 00:00:00,0.02662660478677293
1900,11,1,2032-04-01 00:00:00,0.026946636094306288
1901,11,1,2033-04-01 00:00:00,0.027266667401839598
1902,11,1,2034-04-01 00:00:00,0.027586698709372907
1903,11,1,2035-04-01 00:00:00,0.027970736278412917
1904,11,1,2036-04-01 00:00:00,0.028354773847452927
1905,11,1,2037-04-01 00:00:00,0.028674805154986282
1906,11,1,2038-04-01 00:00:00,0.02899483646251959
1907,11,1,2039-04-01 00:00:00,0.029186855247039553
1908,11,1,2040-04-01 00:00:00,0.029442880293066253
1909,11,1,2041-04-01 00:00:00,0.02976291160059961
1910,11,1,2042-04-01 00:00:00,0.030018936646626224
1911,11,1,2043-04-01 00:00:00,0.030210955431146228
1912,11,1,2044-04-01 00:00:00,0.030338967954159534
1913,11,1,2045-04-01 00:00:00,0.030274961692652924
1914,11,1,2046-04-01 00:00:00,0.030338967954159534
1915,11,1,2047-04-01 00:00:00,0.030210955431146228
1916,11,1,2048-04-01 00:00:00,0.029890924123612918
1917,11,1,2049-04-01 00:00:00,0.029762911600599566
1918,11,1,2050-04-01 00:00:00,0.02976291160059961
1919,11,1,2051-04-01 00:00:00,0.029762911600599566
1920,11,1,2052-04-01 00:00:00,0.03001893664662627
1921,11,1,2053-04-01 00:00:00,0.030082942908132876
1922,11,1,2054-04-01 00:00:00,0.03008294290813292
1923,11,2,2023-11-01 00:00:00,0.023234272926919684
1924,11,2,2024-11-01 00:00:00,0.02528247329513299
1925,11,2,2025-11-01 00:00:00,0.027586698709372953
1926,11,2,2026-11-01 00:00:00,0.030082942908132876
1927,11,2,2027-11-01 00:00:00,0.03277120589141289
1928,11,2,2028-11-01 00:00:00,0.03533145635167947
1929,11,2,2029-11-01 00:00:00,0.03808372559646614
1930,11,2,2030-11-01 00:00:00,0.040964007364266024
1931,11,2,2031-11-01 00:00:00,0.0437802828705593
1932,11,2,2032-11-01 00:00:00,0.04659655837685268
1933,11,2,2033-11-01 00:00:00,0.04966885892917266
1934,11,2,2034-11-01 00:00:00,0.05293317826601255
1935,11,2,2035-11-01 00:00:00,0.05645352264887924
1936,11,2,2036-11-01 00:00:00,0.06016588581626584
1937,11,2,2037-11-01 00:00:00,0.06362222393762583
1938,11,2,2038-11-01 00:00:00,0.06701455579747903
1939,11,2,2039-11-01 00:00:00,0.07008685634979901
1940,11,2,2040-11-01 00:00:00,0.07335117568663892
1941,11,2,2041-11-01 00:00:00,0.07655148876197229
1942,11,2,2042-11-01 00:00:00,0.0799438206218254
1943,11,2,2043-11-01 00:00:00,0.08288810865113226
1944,11,2,2044-11-01 00:00:00,0.08583239668043875
1945,11,2,2045-11-01 00:00:00,0.0882646346176922
1946,11,2,2046-11-01 00:00:00,0.09063286629343868
1947,11,2,2047-11-01 00:00:00,0.09319311675370535
1948,11,2,2048-11-01 00:00:00,0.09562535469095862
1949,11,2,2049-11-01 00:00:00,0.09824961141273189
1950,11,2,2050-11-01 00:00:00,0.0989536802893053
1951,11,2,2051-11-01 00:00:00,0.09965774916587872
1952,11,2,2052-11-01 00:00:00,0.10055383682697194
1953,11,2,2053-11-01 00:00:00,0.10132191196505178
1954,11,2,2024-04-01 00:00:00,0.023234272926919684
1955,11,2,2025-04-01 00:00:00,0.02483442946458633
1956,11,2,2026-04-01 00:00:00,0.02675461730978628
1957,11,2,2027-04-01 00:00:00,0.02899483646251959
1958,11,2,2028-04-01 00:00:00,0.031171049353746205
1959,11,2,2029-04-01 00:00:00,0.03328325598346621
1960,11,2,2030-04-01 00:00:00,0.035523475136199474
1961,11,2,2031-04-01 00:00:00,0.03801971933495944
1962,11,2,2032-04-01 00:00:00,0.0401959322261861
1963,11,2,2033-04-01 00:00:00,0.04250015764042606
1964,11,2,2034-04-01 00:00:00,0.044804383054666025
1965,11,2,2035-04-01 00:00:00,0.04774867108397261
1966,11,2,2036-04-01 00:00:00,0.050692959113279284
1967,11,2,2037-04-01 00:00:00,0.053765259665599176
1968,11,2,2038-04-01 00:00:00,0.05645352264887915
1969,11,2,2039-04-01 00:00:00,0.05894976684763921
1970,11,2,2040-04-01 00:00:00,0.06144601104639909
1971,11,2,2041-04-01 00:00:00,0.06413427402967906
1972,11,2,2042-04-01 00:00:00,0.06675853075145242
1973,11,2,2043-04-01 00:00:00,0.0693187812117189
1974,11,2,2044-04-01 00:00:00,0.07149499410294556
1975,11,2,2045-04-01 00:00:00,0.07354319447115891
1976,11,2,2046-04-01 00:00:00,0.07578341362389227
1977,11,2,2047-04-01 00:00:00,0.07776760773059892
1978,11,2,2048-04-01 00:00:00,0.07943177052977217
1979,11,2,2049-04-01 00:00:00,0.08128795211346543
1980,11,2,2050-04-01 00:00:00,0.08320813995866548
1981,11,2,2051-04-01 00:00:00,0.08346416500469209
1982,11,2,2052-04-01 00:00:00,0.0839762150967455
1983,11,2,2053-04-01 00:00:00,0.0841682338812655
1984,11,2,2054-04-01 00:00:00,0.0846802839733189
1985,11,3,2023-11-01 00:00:00,0.023234272926919684
1986,11,3,2024-11-01 00:00:00,0.028482786370466234
1987,11,3,2025-11-01 00:00:00,0.03469139373661285
1988,11,3,2026-11-01 00:00:00,0.04115602614878603
1989,11,3,2027-11-01 00:00:00,0.04710860846890599
1990,11,3,2028-11-01 00:00:00,0.05274115948149254
1991,11,3,2029-11-01 00:00:00,0.05914178563215912
1992,11,3,2030-11-01 00:00:00,0.06669452448994573
1993,11,3,2031-11-01 00:00:00,0.07456729465526564
1994,11,3,2032-11-01 00:00:00,0.08256807734359886
1995,11,3,2033-11-01 00:00:00,0.09076087881645208
1996,11,3,2034-11-01 00:00:00,0.09882566776629209
1997,11,3,2035-11-01 00:00:00,0.10689045671613173
1998,11,3,2036-11-01 00:00:00,0.11565931454254515
1999,11,3,2037-11-01 00:00:00,0.12455618489197141
2000,11,3,2038-11-01 00:00:00,0.13338904897989126
2001,11,3,2039-11-01 00:00:00,0.14241393185233128
2002,11,3,2040-11-01 00:00:00,0.15163083350929152
2003,11,3,2041-11-01 00:00:00,0.1609117414277576
2004,11,3,2042-11-01 00:00:00,0.16936056794663745
2005,11,3,2043-11-01 00:00:00,0.17761737568099745
2006,11,3,2044-11-01 00:00:00,0.18568216463083728
2007,11,3,2045-11-01 00:00:00,0.19297887844259745
2008,11,3,2046-11-01 00:00:00,0.2004036047773705
2009,11,3,2047-11-01 00:00:00,0.20712426223557046
2010,11,3,2048-11-01 00:00:00,0.21339687586322345
2011,11,3,2049-11-01 00:00:00,0.22114163350553023
2012,11,3,2050-11-01 00:00:00,0.22280579630470349
2013,11,3,2051-11-01 00:00:00,0.22459797162688996
2014,11,3,2052-11-01 00:00:00,0.2266461719951036
2015,11,3,2053-11-01 00:00:00,0.22901440367084988
2016,11,3,2024-04-01 00:00:00,0.023234272926919684
2017,11,3,2025-04-01 00:00:00,0.027906730016906262
2018,11,3,2026-04-01 00:00:00,0.03296322467593285
2019,11,3,2027-04-01 00:00:00,0.038275744380986146
2020,11,3,2028-04-01 00:00:00,0.04301220773247938
2021,11,3,2029-04-01 00:00:00,0.0477486710839727
2022,11,3,2030-04-01 00:00:00,0.05306119078902595
2023,11,3,2031-04-01 00:00:00,0.059781848247225836
2024,11,3,2032-04-01 00:00:00,0.06631048692090571
2025,11,3,2033-04-01 00:00:00,0.07322316316362561
2026,11,3,2034-04-01 00:00:00,0.0798798143603188
2027,11,3,2035-04-01 00:00:00,0.08685649686454538
2028,11,3,2036-04-01 00:00:00,0.09376917310726536
2029,11,3,2037-04-01 00:00:00,0.10106588691902517
2030,11,3,2038-04-01 00:00:00,0.10829859446927836
2031,11,3,2039-04-01 00:00:00,0.11527527697350515
2032,11,3,2040-04-01 00:00:00,0.12314804713882478
2033,11,3,2041-04-01 00:00:00,0.13114882982715817
2034,11,3,2042-04-01 00:00:00,0.13902159999247818
2035,11,3,2043-04-01 00:00:00,0.14580626371218441
2036,11,3,2044-04-01 00:00:00,0.1522708961243576
2037,11,3,2045-04-01 00:00:00,0.15835149096749077
2038,11,3,2046-04-01 00:00:00,0.16494413590267754
2039,11,3,2047-04-01 00:00:00,0.17076870569978428
2040,11,3,2048-04-01 00:00:00,0.1756331815742908
2041,11,3,2049-04-01 00:00:00,0.18120172632537077
2042,11,3,2050-04-01 00:00:00,0.18741033369151713
2043,11,3,2051-04-01 00:00:00,0.18824241509110412
2044,11,3,2052-04-01 00:00:00,0.1896505528442506
2045,11,3,2053-04-01 00:00:00,0.19080266555137063
2046,11,3,2054-04-01 00:00:00,0.1922748095660237
2047,12,1,2023-11-01 00:00:00,0.03161909318429287
2048,12,1,2024-11-01 00:00:00,0.032131143276346225
2049,12,1,2025-11-01 00:00:00,0.032707199629906196
2050,12,1,2026-11-01 00:00:00,0.03353928102949282
2051,12,1,2027-11-01 00:00:00,0.03443536869058619
2052,12,1,2028-11-01 00:00:00,0.0347553999981195
2053,12,1,2029-11-01 00:00:00,0.035203443828666164
2054,12,1,2030-11-01 00:00:00,0.03558748139770613
2055,12,1,2031-11-01 00:00:00,0.03603552522825283
2056,12,1,2032-11-01 00:00:00,0.03635555653578614
2057,12,1,2033-11-01 00:00:00,0.03693161288934611
2058,12,1,2034-11-01 00:00:00,0.03731565045838612
2059,12,1,2035-11-01 00:00:00,0.037827700550439484
2060,12,1,2036-11-01 00:00:00,0.03821173811947945
2061,12,1,2037-11-01 00:00:00,0.03853176942701276
2062,12,1,2038-11-01 00:00:00,0.03885180073454611
2063,12,1,2039-11-01 00:00:00,0.039235838303586124
2064,12,1,2040-11-01 00:00:00,0.039555869611119475
2065,12,1,2041-11-01 00:00:00,0.0399399071801594
2066,12,1,2042-11-01 00:00:00,0.0401959322261861
2067,12,1,2043-11-01 00:00:00,0.040451957272212756
2068,12,1,2044-11-01 00:00:00,0.040451957272212756
2069,12,1,2045-11-01 00:00:00,0.0403879510107061
2070,12,1,2046-11-01 00:00:00,0.04025993848769275
2071,12,1,2047-11-01 00:00:00,0.03993990718015944
2072,12,1,2048-11-01 00:00:00,0.03974788839563944
2073,12,1,2049-11-01 00:00:00,0.03974788839563944
2074,12,1,2050-11-01 00:00:00,0.03993990718015944
2075,12,1,2051-11-01 00:00:00,0.0401319259646794
2076,12,1,2052-11-01 00:00:00,0.0403879510107061
2077,12,1,2053-11-01 00:00:00,0.040451957272212756
2078,12,1,2024-04-01 00:00:00,0.03161909318429287
2079,12,1,2025-04-01 00:00:00,0.03219514953785288
2080,12,1,2026-04-01 00:00:00,0.033027230937439506
2081,12,1,2027-04-01 00:00:00,0.034115337383052835
2082,12,1,2028-04-01 00:00:00,0.03481940625962615
2083,12,1,2029-04-01 00:00:00,0.03539546261318617
2084,12,1,2030-04-01 00:00:00,0.03577950018222613
2085,12,1,2031-04-01 00:00:00,0.03622754401277284
2086,12,1,2032-04-01 00:00:00,0.0366755878433195
2087,12,1,2033-04-01 00:00:00,0.03712363167386612
2088,12,1,2034-04-01 00:00:00,0.03757167550441282
2089,12,1,2035-04-01 00:00:00,0.03801971933495944
2090,12,1,2036-04-01 00:00:00,0.0385317694270128
2091,12,1,2037-04-01 00:00:00,0.03897981325755942
2092,12,1,2038-04-01 00:00:00,0.03942785708810612
2093,12,1,2039-04-01 00:00:00,0.03974788839563944
2094,12,1,2040-04-01 00:00:00,0.040131925964679446
2095,12,1,2041-04-01 00:00:00,0.04051596353371941
2096,12,1,2042-04-01 00:00:00,0.04090000110275942
2097,12,1,2043-04-01 00:00:00,0.04115602614878608
2098,12,1,2044-04-01 00:00:00,0.04128403867179943
2099,12,1,2045-04-01 00:00:00,0.04122003241029273
2100,12,1,2046-04-01 00:00:00,0.041220032410292776
2101,12,1,2047-04-01 00:00:00,0.041092019887279424
2102,12,1,2048-04-01 00:00:00,0.04064397605673276
2103,12,1,2049-04-01 00:00:00,0.04051596353371941
2104,12,1,2050-04-01 00:00:00,0.040451957272212756
2105,12,1,2051-04-01 00:00:00,0.04051596353371945
2106,12,1,2052-04-01 00:00:00,0.04083599484125272
2107,12,1,2053-04-01 00:00:00,0.04090000110275942
2108,12,1,2054-04-01 00:00:00,0.04090000110275942
2109,12,2,2023-11-01 00:00:00,0.03161909318429287
2110,12,2,2024-11-01 00:00:00,0.034435368690586145
2111,12,2,2025-11-01 00:00:00,0.037507669242906126
2112,12,2,2026-11-01 00:00:00,0.04090000110275942
2113,12,2,2027-11-01 00:00:00,0.04467637053165272
2114,12,2,2028-11-01 00:00:00,0.048004696129999316
2115,12,2,2029-11-01 00:00:00,0.051781065558892614
2116,12,2,2030-11-01 00:00:00,0.05568544751079922
2117,12,2,2031-11-01 00:00:00,0.05952582320119922
2118,12,2,2032-11-01 00:00:00,0.06343020515310574
2119,12,2,2033-11-01 00:00:00,0.06759061215103895
2120,12,2,2034-11-01 00:00:00,0.07200704419499897
2121,12,2,2035-11-01 00:00:00,0.0768075138079989
2122,12,2,2036-11-01 00:00:00,0.08192801472853214
2123,12,2,2037-11-01 00:00:00,0.08666447808002546
2124,12,2,2038-11-01 00:00:00,0.09120892264699869
2125,12,2,2039-11-01 00:00:00,0.09543333590643861
2126,12,2,2040-11-01 00:00:00,0.09991377421190532
2127,12,2,2041-11-01 00:00:00,0.10426619999435846
2128,12,2,2042-11-01 00:00:00,0.10874663829982517
2129,12,2,2043-11-01 00:00:00,0.11284303903625169
2130,12,2,2044-11-01 00:00:00,0.11681142724966499
2131,12,2,2045-11-01 00:00:00,0.1201397528480115
2132,12,2,2046-11-01 00:00:00,0.12340407218485158
2133,12,2,2047-11-01 00:00:00,0.12686041030621148
2134,12,2,2048-11-01 00:00:00,0.13012472964305136
2135,12,2,2049-11-01 00:00:00,0.13364507402591805
2136,12,2,2050-11-01 00:00:00,0.1347331804715313
2137,12,2,2051-11-01 00:00:00,0.1356932743941313
2138,12,2,2052-11-01 00:00:00,0.13678138083974456
2139,12,2,2053-11-01 00:00:00,0.13780548102385137
2140,12,2,2024-04-01 00:00:00,0.03161909318429287
2141,12,2,2025-04-01 00:00:00,0.03379530607551948
2142,12,2,2026-04-01 00:00:00,0.0364195627972928
2143,12,2,2027-04-01 00:00:00,0.03942785708810608
2144,12,2,2028-04-01 00:00:00,0.042308138855906015
2145,12,2,2029-04-01 00:00:00,0.045380439408225996
2146,12,2,2030-04-01 00:00:00,0.04838873369903932
2147,12,2,2031-04-01 00:00:00,0.05165305303587931
2148,12,2,2032-04-01 00:00:00,0.0547253535881992
2149,12,2,2033-04-01 00:00:00,0.057797654140519183
2150,12,2,2034-04-01 00:00:00,0.061061973477359074
2151,12,2,2035-04-01 00:00:00,0.06490234916775907
2152,12,2,2036-04-01 00:00:00,0.0690627561656923
2153,12,2,2037-04-01 00:00:00,0.073159156902119
2154,12,2,2038-04-01 00:00:00,0.0767435075464923
2155,12,2,2039-04-01 00:00:00,0.0801998456678521
2156,12,2,2040-04-01 00:00:00,0.0835921775277054
2157,12,2,2041-04-01 00:00:00,0.087304540695092
2158,12,2,2042-04-01 00:00:00,0.09088889133946539
2159,12,2,2043-04-01 00:00:00,0.09428122319931877
2160,12,2,2044-04-01 00:00:00,0.09728951749013205
2161,12,2,2045-04-01 00:00:00,0.10010579299642533
2162,12,2,2046-04-01 00:00:00,0.10311408728723861
2163,12,2,2047-04-01 00:00:00,0.1058663565320251
2164,12,2,2048-04-01 00:00:00,0.10810657568475855
2165,12,2,2049-04-01 00:00:00,0.11053881362201182
2166,12,2,2050-04-01 00:00:00,0.1132910828667985
2167,12,2,2051-04-01 00:00:00,0.11348310165131849
2168,12,2,2052-04-01 00:00:00,0.11425117678939833
2169,12,2,2053-04-01 00:00:00,0.11457120809693173
2170,12,2,2054-04-01 00:00:00,0.11533928323501157
2171,12,3,2023-11-01 00:00:00,0.03161909318429287
2172,12,3,2024-11-01 00:00:00,0.03878779447303946
2173,12,3,2025-11-01 00:00:00,0.04730062725342599
2174,12,3,2026-11-01 00:00:00,0.055941472556825925
2175,12,3,2027-11-01 00:00:00,0.06407026776817246
2176,12,3,2028-11-01 00:00:00,0.07175101914897226
2177,12,3,2029-11-01 00:00:00,0.0804558707138788
2178,12,3,2030-11-01 00:00:00,0.09076087881645199
2179,12,3,2031-11-01 00:00:00,0.10138591822655857
2180,12,3,2032-11-01 00:00:00,0.11239499520570508
2181,12,3,2033-11-01 00:00:00,0.1235320847078648
2182,12,3,2034-11-01 00:00:00,0.13447715542550467
2183,12,3,2035-11-01 00:00:00,0.14542222614314457
2184,12,3,2036-11-01 00:00:00,0.1572633845218777
2185,12,3,2037-11-01 00:00:00,0.16955258673115764
2186,12,3,2038-11-01 00:00:00,0.18145775137139736
2187,12,3,2039-11-01 00:00:00,0.19387496610369032
2188,12,3,2040-11-01 00:00:00,0.20635618709749007
2189,12,3,2041-11-01 00:00:00,0.21902942687581037
2190,12,3,2042-11-01 00:00:00,0.2304225414239967
2191,12,3,2043-11-01 00:00:00,0.24162363718766322
2192,12,3,2044-11-01 00:00:00,0.2526327141668099
2193,12,3,2045-11-01 00:00:00,0.2627457034848626
2194,12,3,2046-11-01 00:00:00,0.2727306802799028
2195,12,3,2047-11-01 00:00:00,0.2819475819368627
2196,12,3,2048-11-01 00:00:00,0.29039640845574255
2197,12,3,2049-11-01 00:00:00,0.30089343534283564
2198,12,3,2050-11-01 00:00:00,0.3031976607570757
2199,12,3,2051-11-01 00:00:00,0.3056939049558356
2200,12,3,2052-11-01 00:00:00,0.30851018046212886
2201,12,3,2053-11-01 00:00:00,0.3116464872759559
2202,12,3,2024-04-01 00:00:00,0.03161909318429287
2203,12,3,2025-04-01 00:00:00,0.03801971933495944
2204,12,3,2026-04-01 00:00:00,0.04480438305466598
2205,12,3,2027-04-01 00:00:00,0.052101096866425924
2206,12,3,2028-04-01 00:00:00,0.0585017230170925
2207,12,3,2029-04-01 00:00:00,0.06496635542926568
2208,12,3,2030-04-01 00:00:00,0.07226306924102559
2209,12,3,2031-04-01 00:00:00,0.08122394585195883
2210,12,3,2032-04-01 00:00:00,0.09024882872439859
2211,12,3,2033-04-01 00:00:00,0.09959374290437192
2212,12,3,2034-04-01 00:00:00,0.10868263203831856
2213,12,3,2035-04-01 00:00:00,0.11821956500281164
2214,12,3,2036-04-01 00:00:00,0.1275644791827847
2215,12,3,2037-04-01 00:00:00,0.13748544971631815
2216,12,3,2038-04-01 00:00:00,0.14727840772683784
2217,12,3,2039-04-01 00:00:00,0.1568153406913311
2218,12,3,2040-04-01 00:00:00,0.16756839262445117
2219,12,3,2041-04-01 00:00:00,0.17844945708058427
2220,12,3,2042-04-01 00:00:00,0.18907449649069039
2221,12,3,2043-04-01 00:00:00,0.1984834169321708
2222,12,3,2044-04-01 00:00:00,0.20718826849707705
2223,12,3,2045-04-01 00:00:00,0.2155730887544503
2224,12,3,2046-04-01 00:00:00,0.22440595284237014
2225,12,3,2047-04-01 00:00:00,0.23247074179220997
2226,12,3,2048-04-01 00:00:00,0.23899938046588975
2227,12,3,2049-04-01 00:00:00,0.24655211932367635
2228,12,3,2050-04-01 00:00:00,0.25500094584255656
2229,12,3,2051-04-01 00:00:00,0.25621706481118284
2230,12,3,2052-04-01 00:00:00,0.2581372526563832
2231,12,3,2053-04-01 00:00:00,0.2596093966710363
2232,12,3,2054-04-01 00:00:00,0.26178560956226316
2233,13,1,2023-11-01 00:00:00,0.11763126348469838
2234,13,1,2024-11-01 00:00:00,0.11933339752808275
2235,13,1,2025-11-01 00:00:00,0.12177158953617387
2236,13,1,2026-11-01 00:00:00,0.12485383226338341
2237,13,1,2027-11-01 00:00:00,0.12798207861338712
2238,13,1,2028-11-01 00:00:00,0.1293621872972123
2239,13,1,2029-11-01 00:00:00,0.13111032496339084
2240,13,1,2030-11-01 00:00:00,0.13239842640162766
2241,13,1,2031-11-01 00:00:00,0.1339625495766295
2242,13,1,2032-11-01 00:00:00,0.1353426582604547
2243,13,1,2033-11-01 00:00:00,0.13727481041780992
2244,13,1,2034-11-01 00:00:00,0.13888493721560594
2245,13,1,2035-11-01 00:00:00,0.14063307488178448
2246,13,1,2036-11-01 00:00:00,0.14215119443399216
2247,13,1,2037-11-01 00:00:00,0.14343929587222898
2248,13,1,2038-11-01 00:00:00,0.14463539006487747
2249,13,1,2039-11-01 00:00:00,0.14587748788032012
2250,13,1,2040-11-01 00:00:00,0.14734960380973364
2251,13,1,2041-11-01 00:00:00,0.1485456980023821
2252,13,1,2042-11-01 00:00:00,0.14964978494944225
2253,13,1,2043-11-01 00:00:00,0.15029383566856067
2254,13,1,2044-11-01 00:00:00,0.15061586102811986
2255,13,1,2045-11-01 00:00:00,0.15024783204576647
2256,13,1,2046-11-01 00:00:00,0.1496957885722364
2257,13,1,2047-11-01 00:00:00,0.14877571611635299
2258,13,1,2048-11-01 00:00:00,0.14780964003767535
2259,13,1,2049-11-01 00:00:00,0.14794765090605785
2260,13,1,2050-11-01 00:00:00,0.1485456980023821
2261,13,1,2051-11-01 00:00:00,0.14932775958988304
2262,13,1,2052-11-01 00:00:00,0.15015582480017814
2263,13,1,2053-11-01 00:00:00,0.15038584291414897
2264,13,1,2024-04-01 00:00:00,0.11763126348469838
2265,13,1,2025-04-01 00:00:00,0.11979343375602446
2266,13,1,2026-04-01 00:00:00,0.12287567648323401
2267,13,1,2027-04-01 00:00:00,0.12673998079794446
2268,13,1,2028-04-01 00:00:00,0.1295001981655948
2269,13,1,2029-04-01 00:00:00,0.13157036119133256
2270,13,1,2030-04-01 00:00:00,0.1331344843663344
2271,13,1,2031-04-01 00:00:00,0.13483661840971878
2272,13,1,2032-04-01 00:00:00,0.13649274883030899
2273,13,1,2033-04-01 00:00:00,0.13805687200531083
2274,13,1,2034-04-01 00:00:00,0.13971300242590104
2275,13,1,2035-04-01 00:00:00,0.1415531473376679
2276,13,1,2036-04-01 00:00:00,0.1433932922494348
2277,13,1,2037-04-01 00:00:00,0.14509542629281919
2278,13,1,2038-04-01 00:00:00,0.1467515567134094
2279,13,1,2039-04-01 00:00:00,0.14776363641488116
2280,13,1,2040-04-01 00:00:00,0.14914374509870634
2281,13,1,2041-04-01 00:00:00,0.15066186465091402
2282,13,1,2042-04-01 00:00:00,0.15204197333473918
2283,13,1,2043-04-01 00:00:00,0.15310005665900517
2284,13,1,2044-04-01 00:00:00,0.1535140892641527
2285,13,1,2045-04-01 00:00:00,0.15328407115018183
2286,13,1,2046-04-01 00:00:00,0.15342208201856436
2287,13,1,2047-04-01 00:00:00,0.15282403492224012
2288,13,1,2048-04-01 00:00:00,0.15125991174723827
2289,13,1,2049-04-01 00:00:00,0.15075387189650238
2290,13,1,2050-04-01 00:00:00,0.15066186465091402
2291,13,1,2051-04-01 00:00:00,0.15075387189650238
2292,13,1,2052-04-01 00:00:00,0.151995969711945
2293,13,1,2053-04-01 00:00:00,0.15227199144871006
2294,13,1,2054-04-01 00:00:00,0.15231799507150423
2295,13,2,2023-11-01 00:00:00,0.11763126348469838
2296,13,2,2024-11-01 00:00:00,0.12802808223618128
2297,13,2,2025-11-01 00:00:00,0.1395749915575185
2298,13,2,2026-11-01 00:00:00,0.1522259878259159
2299,13,2,2027-11-01 00:00:00,0.16598107104137336
2300,13,2,2028-11-01 00:00:00,0.1788160818009474
2301,13,2,2029-11-01 00:00:00,0.19270917588478745
2302,13,2,2030-11-01 00:00:00,0.2073383279333342
2303,13,2,2031-11-01 00:00:00,0.22164545462232177
2304,13,2,2032-11-01 00:00:00,0.23595258131130933
2305,13,2,2033-11-01 00:00:00,0.25145580219294533
2306,13,2,2034-11-01 00:00:00,0.26801710639884735
2307,13,2,2035-11-01 00:00:00,0.285820508420192
2308,13,2,2036-11-01 00:00:00,0.30468199376580263
2309,13,2,2037-11-01 00:00:00,0.3223013812959706
2310,13,2,2038-11-01 00:00:00,0.3393687253526085
2311,13,2,2039-11-01 00:00:00,0.35500995710262706
2312,13,2,2040-11-01 00:00:00,0.3715252576857349
2313,13,2,2041-11-01 00:00:00,0.3878105401548718
2314,13,2,2042-11-01 00:00:00,0.40469386972033305
2315,13,2,2043-11-01 00:00:00,0.4197370543740273
2316,13,2,2044-11-01 00:00:00,0.4345502209137508
2317,13,2,2045-11-01 00:00:00,0.44692519544538317
2318,13,2,2046-11-01 00:00:00,0.4590701518630446
2319,13,2,2047-11-01 00:00:00,0.47185915899982445
2320,13,2,2048-11-01 00:00:00,0.4840041154174859
2321,13,2,2049-11-01 00:00:00,0.4973451660277959
2322,13,2,2050-11-01 00:00:00,0.5011174630969181
2323,13,2,2051-11-01 00:00:00,0.5047517492976576
2324,13,2,2052-11-01 00:00:00,0.5089380789719272
2325,13,2,2053-11-01 00:00:00,0.5127563796638436
2326,13,2,2024-04-01 00:00:00,0.11763126348469838
2327,13,2,2025-04-01 00:00:00,0.12572790109647267
2328,13,2,2026-04-01 00:00:00,0.1354806691288372
2329,13,2,2027-04-01 00:00:00,0.1467515567134094
2330,13,2,2028-04-01 00:00:00,0.15760841169283402
2331,13,2,2029-04-01 00:00:00,0.16869528478622955
2332,13,2,2030-04-01 00:00:00,0.18001217599359592
2333,13,2,2031-04-01 00:00:00,0.19229514327963987
2334,13,2,2032-04-01 00:00:00,0.20361203448700624
2335,13,2,2033-04-01 00:00:00,0.2151129401855493
2336,13,2,2034-04-01 00:00:00,0.22702787848923991
2337,13,2,2035-04-01 00:00:00,0.24156502329219834
2338,13,2,2036-04-01 00:00:00,0.2568842296826577
2339,13,2,2037-04-01 00:00:00,0.27220343607311703
2340,13,2,2038-04-01 00:00:00,0.2856824975518095
2341,13,2,2039-04-01 00:00:00,0.298379497443001
2342,13,2,2040-04-01 00:00:00,0.3110304937113984
2343,13,2,2041-04-01 00:00:00,0.3248775841724443
2344,13,2,2042-04-01 00:00:00,0.33817263115996005
2345,13,2,2043-04-01 00:00:00,0.35086963105115154
2346,13,2,2044-04-01 00:00:00,0.36195650414454705
2347,13,2,2045-04-01 00:00:00,0.37249133376441246
2348,13,2,2046-04-01 00:00:00,0.38362421048060213
2349,13,2,2047-04-01 00:00:00,0.3936990038725259
2350,13,2,2048-04-01 00:00:00,0.40211766684385936
2351,13,2,2049-04-01 00:00:00,0.4114103986482822
2352,13,2,2050-04-01 00:00:00,0.4214851920402059
2353,13,2,2051-04-01 00:00:00,0.422313257250501
2354,13,2,2052-04-01 00:00:00,0.42521148548653387
2355,13,2,2053-04-01 00:00:00,0.42617756156521147
2356,13,2,2054-04-01 00:00:00,0.42898378255565595
2357,13,3,2023-11-01 00:00:00,0.11763126348469838
2358,13,3,2024-11-01 00:00:00,0.14435936832811244
2359,13,3,2025-11-01 00:00:00,0.17587184994212038
2360,13,3,2026-11-01 00:00:00,0.20825840038921767
2361,13,3,2027-11-01 00:00:00,0.23852878418778298
2362,13,3,2028-11-01 00:00:00,0.2670050266973756
2363,13,3,2029-11-01 00:00:00,0.2993455735216786
2364,13,3,2030-11-01 00:00:00,0.33766659130922416
2365,13,3,2031-11-01 00:00:00,0.3772757105350064
2366,13,3,2032-11-01 00:00:00,0.418034920330643
2367,13,3,2033-11-01 00:00:00,0.45966819895936883
2368,13,3,2034-11-01 00:00:00,0.5003354015094171
2369,13,3,2035-11-01 00:00:00,0.5411406149278478
2370,13,3,2036-11-01 00:00:00,0.585258089187459
2371,13,3,2037-11-01 00:00:00,0.6307556721308955
2372,13,3,2038-11-01 00:00:00,0.6751491681272714
2373,13,3,2039-11-01 00:00:00,0.721198794544238
2374,13,3,2040-11-01 00:00:00,0.7676164499435577
2375,13,3,2041-11-01 00:00:00,0.8147701633075843
2376,13,3,2042-11-01 00:00:00,0.8572315071466052
2377,13,3,2043-11-01 00:00:00,0.8990948038893019
2378,13,3,2044-11-01 00:00:00,0.9399920245533211
2379,13,3,2045-11-01 00:00:00,0.9772549590166005
2380,13,3,2046-11-01 00:00:00,1.0146099007254683
2381,13,3,2047-11-01 00:00:00,1.0488365960843324
2382,13,3,2048-11-01 00:00:00,1.0803030740755464
2383,13,3,2049-11-01 00:00:00,1.119498160696181
2384,13,3,2050-11-01 00:00:00,1.1279628272903086
2385,13,3,2051-11-01 00:00:00,1.1371635518491432
2386,13,3,2052-11-01 00:00:00,1.1476983814690085
2387,13,3,2053-11-01 00:00:00,1.1594293052815225
2388,13,3,2024-04-01 00:00:00,0.11763126348469838
2389,13,3,2025-04-01 00:00:00,0.14146114009207958
2390,13,3,2026-04-01 00:00:00,0.16667112538328593
2391,13,3,2027-04-01 00:00:00,0.1939052700774359
2392,13,3,2028-04-01 00:00:00,0.2176431394392288
2393,13,3,2029-04-01 00:00:00,0.24170303416058084
2394,13,3,2030-04-01 00:00:00,0.2687991679863483
2395,13,3,2031-04-01 00:00:00,0.30242781624888815
2396,13,3,2032-04-01 00:00:00,0.335780442774663
2397,13,3,2033-04-01 00:00:00,0.3706051852298514
2398,13,3,2034-04-01 00:00:00,0.40437184436077384
2399,13,3,2035-04-01 00:00:00,0.4396566230439039
2400,13,3,2036-04-01 00:00:00,0.47457337274468064
2401,13,3,2037-04-01 00:00:00,0.511514281848401
2402,13,3,2038-04-01 00:00:00,0.5480411583469736
2403,13,3,2039-04-01 00:00:00,0.5835099515212805
2404,13,3,2040-04-01 00:00:00,0.623441096106622
2405,13,3,2041-04-01 00:00:00,0.6639702877882877
2406,13,3,2042-04-01 00:00:00,0.7036254106368641
2407,13,3,2043-04-01 00:00:00,0.73831214222367
2408,13,3,2044-04-01 00:00:00,0.7707906999163556
2409,13,3,2045-04-01 00:00:00,0.8018431453024218
2410,13,3,2046-04-01 00:00:00,0.8349657537142259
2411,13,3,2047-04-01 00:00:00,0.8647761012848494
2412,13,3,2048-04-01 00:00:00,0.8891580213657607
2413,13,3,2049-04-01 00:00:00,0.9173582421385883
2414,13,3,2050-04-01 00:00:00,0.9487327128842137
2415,13,3,2051-04-01 00:00:00,0.9531950642952484
2416,13,3,2052-04-01 00:00:00,0.9602336185827567
2417,13,3,2053-04-01 00:00:00,0.96589206418644
2418,13,3,2054-04-01 00:00:00,0.9737126800614493
2419,14,1,2023-11-01 00:00:00,0.06638322769199051
2420,14,1,2024-11-01 00:00:00,0.06734930377066813
2421,14,1,2025-11-01 00:00:00,0.0687294124544933
2422,14,1,2026-11-01 00:00:00,0.07047755012067185
2423,14,1,2027-11-01 00:00:00,0.0722256877868504
2424,14,1,2028-11-01 00:00:00,0.07300774937435132
2425,14,1,2029-11-01 00:00:00,0.07397382545302893
2426,14,1,2030-11-01 00:00:00,0.0746638797949415
2427,14,1,2031-11-01 00:00:00,0.07562995587361913
2428,14,1,2032-11-01 00:00:00,0.07636601383832589
2429,14,1,2033-11-01 00:00:00,0.07747010078538602
2430,14,1,2034-11-01 00:00:00,0.07839017324126944
2431,14,1,2035-11-01 00:00:00,0.07935624931994709
2432,14,1,2036-11-01 00:00:00,0.08018431453024218
2433,14,1,2037-11-01 00:00:00,0.08092037249494896
2434,14,1,2038-11-01 00:00:00,0.08161042683686151
2435,14,1,2039-11-01 00:00:00,0.08234648480156827
2436,14,1,2040-11-01 00:00:00,0.08317455001186337
2437,14,1,2041-11-01 00:00:00,0.08381860073098178
2438,14,1,2042-11-01 00:00:00,0.08446265145010019
2439,14,1,2043-11-01 00:00:00,0.08483068043245356
2440,14,1,2044-11-01 00:00:00,0.08501469492363026
2441,14,1,2045-11-01 00:00:00,0.08478467680965944
2442,14,1,2046-11-01 00:00:00,0.08446265145010019
2443,14,1,2047-11-01 00:00:00,0.08395661159936431
2444,14,1,2048-11-01 00:00:00,0.08340456812583422
2445,14,1,2049-11-01 00:00:00,0.0834965753714226
2446,14,1,2050-11-01 00:00:00,0.08381860073098178
2447,14,1,2051-11-01 00:00:00,0.08423263333612935
2448,14,1,2052-11-01 00:00:00,0.08473867318686525
2449,14,1,2053-11-01 00:00:00,0.08487668405524776
2450,14,1,2024-04-01 00:00:00,0.06638322769199051
2451,14,1,2025-04-01 00:00:00,0.06757932188463898
2452,14,1,2026-04-01 00:00:00,0.06932745955081754
2453,14,1,2027-04-01 00:00:00,0.07148962982214364
2454,14,1,2028-04-01 00:00:00,0.0730537529971455
2455,14,1,2029-04-01 00:00:00,0.07424984718979397
2456,14,1,2030-04-01 00:00:00,0.07516991964567742
2457,14,1,2031-04-01 00:00:00,0.07608999210156087
2458,14,1,2032-04-01 00:00:00,0.07701006455744427
2459,14,1,2033-04-01 00:00:00,0.07793013701332775
2460,14,1,2034-04-01 00:00:00,0.07889621309200537
2461,14,1,2035-04-01 00:00:00,0.07986228917068298
2462,14,1,2036-04-01 00:00:00,0.08092037249494892
2463,14,1,2037-04-01 00:00:00,0.08184044495083238
2464,14,1,2038-04-01 00:00:00,0.08280652102951
2465,14,1,2039-04-01 00:00:00,0.08335856450304009
2466,14,1,2040-04-01 00:00:00,0.08418662971333515
2467,14,1,2041-04-01 00:00:00,0.08501469492363026
2468,14,1,2042-04-01 00:00:00,0.08579675651113122
2469,14,1,2043-04-01 00:00:00,0.0864408072302496
2470,14,1,2044-04-01 00:00:00,0.08662482172142631
2471,14,1,2045-04-01 00:00:00,0.08648681085304376
2472,14,1,2046-04-01 00:00:00,0.08657881809863212
2473,14,1,2047-04-01 00:00:00,0.08621078911627875
2474,14,1,2048-04-01 00:00:00,0.08538272390598362
2475,14,1,2049-04-01 00:00:00,0.08510670216921862
2476,14,1,2050-04-01 00:00:00,0.08501469492363026
2477,14,1,2051-04-01 00:00:00,0.08506069854642441
2478,14,1,2052-04-01 00:00:00,0.08579675651113118
2479,14,1,2053-04-01 00:00:00,0.08593476737951371
2480,14,1,2054-04-01 00:00:00,0.08598077100230787
2481,14,2,2023-11-01 00:00:00,0.06638322769199051
2482,14,2,2024-11-01 00:00:00,0.07227169140964457
2483,14,2,2025-11-01 00:00:00,0.07875820222362284
2484,14,2,2026-11-01 00:00:00,0.08593476737951371
2485,14,2,2027-11-01 00:00:00,0.09366337600893464
2486,14,2,2028-11-01 00:00:00,0.10088594478761968
2487,14,2,2029-11-01 00:00:00,0.10870656066262895
2488,14,2,2030-11-01 00:00:00,0.11703321638837416
2489,14,2,2031-11-01 00:00:00,0.12508385037735428
2490,14,2,2032-11-01 00:00:00,0.13313448436633443
2491,14,2,2033-11-01 00:00:00,0.14187517269722716
2492,14,2,2034-11-01 00:00:00,0.15125991174723827
2493,14,2,2035-11-01 00:00:00,0.1612887015163678
2494,14,2,2036-11-01 00:00:00,0.17196154200461575
2495,14,2,2037-11-01 00:00:00,0.18189832452815693
2496,14,2,2038-11-01 00:00:00,0.19151308169213901
2497,14,2,2039-11-01 00:00:00,0.2003917808914142
2498,14,2,2040-11-01 00:00:00,0.2096385090730428
2499,14,2,2041-11-01 00:00:00,0.2188392336318773
2500,14,2,2042-11-01 00:00:00,0.22836198355027099
2501,14,2,2043-11-01 00:00:00,0.23687265376719274
2502,14,2,2044-11-01 00:00:00,0.24519930949293792
2503,14,2,2045-11-01 00:00:00,0.2522378637804462
2504,14,2,2046-11-01 00:00:00,0.259092403576778
2505,14,2,2047-11-01 00:00:00,0.2663149723554631
2506,14,2,2048-11-01 00:00:00,0.2731235085290006
2507,14,2,2049-11-01 00:00:00,0.28066810266724473
2508,14,2,2050-11-01 00:00:00,0.28278426931577666
2509,14,2,2051-11-01 00:00:00,0.28485443234151436
2510,14,2,2052-11-01 00:00:00,0.28720061710401723
2511,14,2,2053-11-01 00:00:00,0.2893627873753434
2512,14,2,2024-04-01 00:00:00,0.06638322769199051
2513,14,2,2025-04-01 00:00:00,0.07093758634861358
2514,14,2,2026-04-01 00:00:00,0.07641201746112007
2515,14,2,2027-04-01 00:00:00,0.08276051740671583
2516,14,2,2028-04-01 00:00:00,0.08892500286113493
2517,14,2,2029-04-01 00:00:00,0.09522749918393648
2518,14,2,2030-04-01 00:00:00,0.10162200275232643
2519,14,2,2031-04-01 00:00:00,0.1085225461714523
2520,14,2,2032-04-01 00:00:00,0.1149170497398422
2521,14,2,2033-04-01 00:00:00,0.12135755693102633
2522,14,2,2034-04-01 00:00:00,0.12812008948176964
2523,14,2,2035-04-01 00:00:00,0.1363087343391323
2524,14,2,2036-04-01 00:00:00,0.14500341904723082
2525,14,2,2037-04-01 00:00:00,0.15360609650974105
2526,14,2,2038-04-01 00:00:00,0.16119669427077946
2527,14,2,2039-04-01 00:00:00,0.1684192630494645
2528,14,2,2040-04-01 00:00:00,0.17550382095976705
2529,14,2,2041-04-01 00:00:00,0.18337044045757048
2530,14,2,2042-04-01 00:00:00,0.19082302735022633
2531,14,2,2043-04-01 00:00:00,0.19799959250611726
2532,14,2,2044-04-01 00:00:00,0.20430208882891882
2533,14,2,2045-04-01 00:00:00,0.21023655616936707
2534,14,2,2046-04-01 00:00:00,0.21649304886937443
2535,14,2,2047-04-01 00:00:00,0.22219749809585182
2536,14,2,2048-04-01 00:00:00,0.22688986762085736
2537,14,2,2049-04-01 00:00:00,0.2321802842421872
2538,14,2,2050-04-01 00:00:00,0.23783872984587034
2539,14,2,2051-04-01 00:00:00,0.2382987660738121
2540,14,2,2052-04-01 00:00:00,0.2399548964944023
2541,14,2,2053-04-01 00:00:00,0.24050693996793232
2542,14,2,2054-04-01 00:00:00,0.2421170667657284
2543,14,3,2023-11-01 00:00:00,0.06638322769199051
2544,14,3,2024-11-01 00:00:00,0.08151841959127319
2545,14,3,2025-11-01 00:00:00,0.09922981436702949
2546,14,3,2026-11-01 00:00:00,0.11749325261631585
2547,14,3,2027-11-01 00:00:00,0.13460660029574792
2548,14,3,2028-11-01 00:00:00,0.15066186465091405
2549,14,3,2029-11-01 00:00:00,0.16892530290020047
2550,14,3,2030-11-01 00:00:00,0.19054700561346127
2551,14,3,2031-11-01 00:00:00,0.212904766291429
2552,14,3,2032-11-01 00:00:00,0.23590657768851517
2553,14,3,2033-11-01 00:00:00,0.25941442893633715
2554,14,3,2034-11-01 00:00:00,0.282370236710629
2555,14,3,2035-11-01 00:00:00,0.30541805173050945
2556,14,3,2036-11-01 00:00:00,0.33026000803936234
2557,14,3,2037-11-01 00:00:00,0.3559760331813046
2558,14,3,2038-11-01 00:00:00,0.38100200398133444
2559,14,3,2039-11-01 00:00:00,0.40699405086004165
2560,14,3,2040-11-01 00:00:00,0.43321611585271963
2561,14,3,2041-11-01 00:00:00,0.45980620982775133
2562,14,3,2042-11-01 00:00:00,0.48377409730351506
2563,14,3,2043-11-01 00:00:00,0.5074199594197196
2564,14,3,2044-11-01 00:00:00,0.5304677744395998
2565,14,3,2045-11-01 00:00:00,0.5515374336793307
2566,14,3,2046-11-01 00:00:00,0.5725610892962674
2567,14,3,2047-11-01 00:00:00,0.5918826108698196
2568,14,3,2048-11-01 00:00:00,0.6096860128911644
2569,14,3,2049-11-01 00:00:00,0.6318137554551613
2570,14,3,2050-11-01 00:00:00,0.6365521286029611
2571,14,3,2051-11-01 00:00:00,0.6417045343559084
2572,14,3,2052-11-01 00:00:00,0.6476850053191506
2573,14,3,2053-11-01 00:00:00,0.6542635233787173
2574,14,3,2024-04-01 00:00:00,0.06638322769199051
2575,14,3,2025-04-01 00:00:00,0.07981628554788882
2576,14,3,2026-04-01 00:00:00,0.09403140499128805
2577,14,3,2027-04-01 00:00:00,0.10944261862733572
2578,14,3,2028-04-01 00:00:00,0.12282967286043985
2579,14,3,2029-04-01 00:00:00,0.13640074158472063
2580,14,3,2030-04-01 00:00:00,0.15171994797518
2581,14,3,2031-04-01 00:00:00,0.1706274369435848
2582,14,3,2032-04-01 00:00:00,0.18948892228919545
2583,14,3,2033-04-01 00:00:00,0.20917847284510108
2584,14,3,2034-04-01 00:00:00,0.22817796905909418
2585,14,3,2035-04-01 00:00:00,0.24809753772897084
2586,14,3,2036-04-01 00:00:00,0.2677870882848765
2587,14,3,2037-04-01 00:00:00,0.2886727330334307
2588,14,3,2038-04-01 00:00:00,0.3092823560452199
2589,14,3,2039-04-01 00:00:00,0.3292939319606847
2590,14,3,2040-04-01 00:00:00,0.351789703507035
2591,14,3,2041-04-01 00:00:00,0.3747455112813268
2592,14,3,2042-04-01 00:00:00,0.39705726833650046
2593,14,3,2043-04-01 00:00:00,0.4166548116468178
2594,14,3,2044-04-01 00:00:00,0.4349642535188984
2595,14,3,2045-04-01 00:00:00,0.45249163380347807
2596,14,3,2046-04-01 00:00:00,0.4712151082807061
2597,14,3,2047-04-01 00:00:00,0.48800643060057897
2598,14,3,2048-04-01 00:00:00,0.5017615138160365
2599,14,3,2049-04-01 00:00:00,0.51767876730282
2600,14,3,2050-04-01 00:00:00,0.5353901620785765
2601,14,3,2051-04-01 00:00:00,0.5379203613322558
2602,14,3,2052-04-01 00:00:00,0.5418766728925546
2603,14,3,2053-04-01 00:00:00,0.5450509228653524
2604,14,3,2054-04-01 00:00:00,0.5495132742763873
2605,15,1,2023-11-01 00:00:00,0.01669931507428453
2606,15,1,2024-11-01 00:00:00,0.016929333188255378
2607,15,1,2025-11-01 00:00:00,0.01729736217060878
2608,15,1,2026-11-01 00:00:00,0.01771139477575631
2609,15,1,2027-11-01 00:00:00,0.01817143100369801
2610,15,1,2028-11-01 00:00:00,0.01840144911766889
2611,15,1,2029-11-01 00:00:00,0.01863146723163977
2612,15,1,2030-11-01 00:00:00,0.018815481722816454
2613,15,1,2031-11-01 00:00:00,0.018999496213993106
2614,15,1,2032-11-01 00:00:00,0.01922951432796399
2615,15,1,2033-11-01 00:00:00,0.01950553606472903
2616,15,1,2034-11-01 00:00:00,0.01973555417869991
2617,15,1,2035-11-01 00:00:00,0.01996557229267073
2618,15,1,2036-11-01 00:00:00,0.02019559040664161
2619,15,1,2037-11-01 00:00:00,0.020379604897818294
2620,15,1,2038-11-01 00:00:00,0.020563619388994977
2621,15,1,2039-11-01 00:00:00,0.0207016302573775
2622,15,1,2040-11-01 00:00:00,0.02093164837134835
2623,15,1,2041-11-01 00:00:00,0.021069659239730903
2624,15,1,2042-11-01 00:00:00,0.021253673730907554
2625,15,1,2043-11-01 00:00:00,0.021345680976495914
2626,15,1,2044-11-01 00:00:00,0.021391684599290077
2627,15,1,2045-11-01 00:00:00,0.02134568097649588
2628,15,1,2046-11-01 00:00:00,0.02125367373090759
2629,15,1,2047-11-01 00:00:00,0.021161666485319197
2630,15,1,2048-11-01 00:00:00,0.020977651994142543
2631,15,1,2049-11-01 00:00:00,0.02097765199414251
2632,15,1,2050-11-01 00:00:00,0.021115662862525066
2633,15,1,2051-11-01 00:00:00,0.02120767010811339
2634,15,1,2052-11-01 00:00:00,0.021299677353701717
2635,15,1,2053-11-01 00:00:00,0.021345680976495914
2636,15,1,2024-04-01 00:00:00,0.01669931507428453
2637,15,1,2025-04-01 00:00:00,0.017021340433843735
2638,15,1,2026-04-01 00:00:00,0.01743537303899127
2639,15,1,2027-04-01 00:00:00,0.017987416512521323
2640,15,1,2028-04-01 00:00:00,0.01840144911766889
2641,15,1,2029-04-01 00:00:00,0.0186774708544339
2642,15,1,2030-04-01 00:00:00,0.01890748896840478
2643,15,1,2031-04-01 00:00:00,0.01913750708237563
2644,15,1,2032-04-01 00:00:00,0.01936752519634651
2645,15,1,2033-04-01 00:00:00,0.019597543310317357
2646,15,1,2034-04-01 00:00:00,0.019827561424288206
2647,15,1,2035-04-01 00:00:00,0.02010358316105325
2648,15,1,2036-04-01 00:00:00,0.020379604897818294
2649,15,1,2037-04-01 00:00:00,0.020609623011789174
2650,15,1,2038-04-01 00:00:00,0.020839641125760023
2651,15,1,2039-04-01 00:00:00,0.02097765199414251
2652,15,1,2040-04-01 00:00:00,0.02116166648531923
2653,15,1,2041-04-01 00:00:00,0.021391684599290108
2654,15,1,2042-04-01 00:00:00,0.021575699090466763
2655,15,1,2043-04-01 00:00:00,0.021713709958849282
2656,15,1,2044-04-01 00:00:00,0.021805717204437608
2657,15,1,2045-04-01 00:00:00,0.02175971358164348
2658,15,1,2046-04-01 00:00:00,0.021805717204437608
2659,15,1,2047-04-01 00:00:00,0.021713709958849282
2660,15,1,2048-04-01 00:00:00,0.021483691844878437
2661,15,1,2049-04-01 00:00:00,0.021391684599290077
2662,15,1,2050-04-01 00:00:00,0.021391684599290108
2663,15,1,2051-04-01 00:00:00,0.021391684599290077
2664,15,1,2052-04-01 00:00:00,0.021575699090466794
2665,15,1,2053-04-01 00:00:00,0.021621702713260926
2666,15,1,2054-04-01 00:00:00,0.021621702713260957
2667,15,2,2023-11-01 00:00:00,0.01669931507428453
2668,15,2,2024-11-01 00:00:00,0.01817143100369804
2669,15,2,2025-11-01 00:00:00,0.019827561424288237
2670,15,2,2026-11-01 00:00:00,0.021621702713260926
2671,15,2,2027-11-01 00:00:00,0.0235538548706162
2672,15,2,2028-11-01 00:00:00,0.025393999782383048
2673,15,2,2029-11-01 00:00:00,0.027372155562532485
2674,15,2,2030-11-01 00:00:00,0.02944231858827018
2675,15,2,2031-11-01 00:00:00,0.03146647799121375
2676,15,2,2032-11-01 00:00:00,0.033490637394157384
2677,15,2,2033-11-01 00:00:00,0.03569881128827767
2678,15,2,2034-11-01 00:00:00,0.03804499605078041
2679,15,2,2035-11-01 00:00:00,0.04057519530445993
2680,15,2,2036-11-01 00:00:00,0.043243405426521914
2681,15,2,2037-11-01 00:00:00,0.045727601057407245
2682,15,2,2038-11-01 00:00:00,0.048165793065498314
2683,15,2,2039-11-01 00:00:00,0.0503739669596186
2684,15,2,2040-11-01 00:00:00,0.052720151722121335
2685,15,2,2041-11-01 00:00:00,0.055020332861830015
2686,15,2,2042-11-01 00:00:00,0.057458524869921014
2687,15,2,2043-11-01 00:00:00,0.059574691518453106
2688,15,2,2044-11-01 00:00:00,0.061690858166984934
2689,15,2,2045-11-01 00:00:00,0.06343899583316359
2690,15,2,2046-11-01 00:00:00,0.06514112987654785
2691,15,2,2047-11-01 00:00:00,0.06698127478831477
2692,15,2,2048-11-01 00:00:00,0.0687294124544933
2693,15,2,2049-11-01 00:00:00,0.07061556098905433
2694,15,2,2050-11-01 00:00:00,0.07112160083979029
2695,15,2,2051-11-01 00:00:00,0.07162764069052625
2696,15,2,2052-11-01 00:00:00,0.0722716914096446
2697,15,2,2053-11-01 00:00:00,0.07282373488317455
2698,15,2,2024-04-01 00:00:00,0.01669931507428453
2699,15,2,2025-04-01 00:00:00,0.017849405644138835
2700,15,2,2026-04-01 00:00:00,0.01922951432796399
2701,15,2,2027-04-01 00:00:00,0.020839641125760023
2702,15,2,2028-04-01 00:00:00,0.02240376430076186
2703,15,2,2029-04-01 00:00:00,0.023921883852969568
2704,15,2,2030-04-01 00:00:00,0.02553201065076557
2705,15,2,2031-04-01 00:00:00,0.02732615193973829
2706,15,2,2032-04-01 00:00:00,0.028890275114740162
2707,15,2,2033-04-01 00:00:00,0.03054640553533036
2708,15,2,2034-04-01 00:00:00,0.032202535955920555
2709,15,2,2035-04-01 00:00:00,0.034318702604452446
2710,15,2,2036-04-01 00:00:00,0.036434869252984406
2711,15,2,2037-04-01 00:00:00,0.03864304314710463
2712,15,2,2038-04-01 00:00:00,0.04057519530445987
2713,15,2,2039-04-01 00:00:00,0.04236933659343265
2714,15,2,2040-04-01 00:00:00,0.04416347788240531
2715,15,2,2041-04-01 00:00:00,0.04609563003976055
2716,15,2,2042-04-01 00:00:00,0.04798177857432166
2717,15,2,2043-04-01 00:00:00,0.049821923486088444
2718,15,2,2044-04-01 00:00:00,0.05138604666109031
2719,15,2,2045-04-01 00:00:00,0.05285816259050386
2720,15,2,2046-04-01 00:00:00,0.05446828938829993
2721,15,2,2047-04-01 00:00:00,0.05589440169491928
2722,15,2,2048-04-01 00:00:00,0.05709049588756771
2723,15,2,2049-04-01 00:00:00,0.05842460094859867
2724,15,2,2050-04-01 00:00:00,0.05980470963242389
2725,15,2,2051-04-01 00:00:00,0.05998872412360054
2726,15,2,2052-04-01 00:00:00,0.060356753105953974
2727,15,2,2053-04-01 00:00:00,0.0604947639743365
2728,15,2,2054-04-01 00:00:00,0.060862792956689934
2729,15,3,2023-11-01 00:00:00,0.01669931507428453
2730,15,3,2024-11-01 00:00:00,0.02047161214340662
2731,15,3,2025-11-01 00:00:00,0.024933963554441354
2732,15,3,2026-11-01 00:00:00,0.029580329456652704
2733,15,3,2027-11-01 00:00:00,0.033858666376510756
2734,15,3,2028-11-01 00:00:00,0.037906985182397886
2735,15,3,2029-11-01 00:00:00,0.04250734746181511
2736,15,3,2030-11-01 00:00:00,0.04793577495152746
2737,15,3,2031-11-01 00:00:00,0.05359422055521067
2738,15,3,2032-11-01 00:00:00,0.05934467340448219
2739,15,3,2033-11-01 00:00:00,0.06523313712213624
2740,15,3,2034-11-01 00:00:00,0.07102959359420204
2741,15,3,2035-11-01 00:00:00,0.07682605006626755
2742,15,3,2036-11-01 00:00:00,0.0831285463890693
2743,15,3,2037-11-01 00:00:00,0.08952304995745905
2744,15,3,2038-11-01 00:00:00,0.0958715499030548
2745,15,3,2039-11-01 00:00:00,0.1023580607170332
2746,15,3,2040-11-01 00:00:00,0.10898258239939425
2747,15,3,2041-11-01 00:00:00,0.1156531077045489
2748,15,3,2042-11-01 00:00:00,0.1217255859133796
2749,15,3,2043-11-01 00:00:00,0.12766005325382793
2750,15,3,2044-11-01 00:00:00,0.13345650972589357
2751,15,3,2045-11-01 00:00:00,0.1387009227244294
2752,15,3,2046-11-01 00:00:00,0.14403734296855325
2753,15,3,2047-11-01 00:00:00,0.14886772336194137
2754,15,3,2048-11-01 00:00:00,0.15337607839577008
2755,15,3,2049-11-01 00:00:00,0.1589425167538651
2756,15,3,2050-11-01 00:00:00,0.16013861094651352
2757,15,3,2051-11-01 00:00:00,0.1614267123847502
2758,15,3,2052-11-01 00:00:00,0.16289882831416394
2759,15,3,2053-11-01 00:00:00,0.1646009623575481
2760,15,3,2024-04-01 00:00:00,0.01669931507428453
2761,15,3,2025-04-01 00:00:00,0.020057579538259086
2762,15,3,2026-04-01 00:00:00,0.023691865738998688
2763,15,3,2027-04-01 00:00:00,0.027510166430915008
2764,15,3,2028-04-01 00:00:00,0.030914434517683727
2765,15,3,2029-04-01 00:00:00,0.034318702604452515
2766,15,3,2030-04-01 00:00:00,0.0381370032963688
2767,15,3,2031-04-01 00:00:00,0.042967383689756874
2768,15,3,2032-04-01 00:00:00,0.04765975321476242
2769,15,3,2033-04-01 00:00:00,0.05262814447653301
2770,15,3,2034-04-01 00:00:00,0.05741252124712688
2771,15,3,2035-04-01 00:00:00,0.06242691613169167
2772,15,3,2036-04-01 00:00:00,0.06739530739346233
2773,15,3,2037-04-01 00:00:00,0.0726397203919979
2774,15,3,2038-04-01 00:00:00,0.07783812976773934
2775,15,3,2039-04-01 00:00:00,0.08285252465230426
2776,15,3,2040-04-01 00:00:00,0.08851097025598727
2777,15,3,2041-04-01 00:00:00,0.09426142310525892
2778,15,3,2042-04-01 00:00:00,0.09991986870894219
2779,15,3,2043-04-01 00:00:00,0.10479625272512419
2780,15,3,2044-04-01 00:00:00,0.10944261862733555
2781,15,3,2045-04-01 00:00:00,0.11381296279278186
2782,15,3,2046-04-01 00:00:00,0.11855133594058173
2783,15,3,2047-04-01 00:00:00,0.12273766561485153
2784,15,3,2048-04-01 00:00:00,0.12623394094720858
2785,15,3,2049-04-01 00:00:00,0.13023625613030157
2786,15,3,2050-04-01 00:00:00,0.13469860754133614
2787,15,3,2051-04-01 00:00:00,0.1352966546376606
2788,15,3,2052-04-01 00:00:00,0.13630873433913226
2789,15,3,2053-04-01 00:00:00,0.1371367995494274
2790,15,3,2054-04-01 00:00:00,0.1381948828736932
2791,16,1,2023-11-01 00:00:00,0.02272578966032107
2792,16,1,2024-11-01 00:00:00,0.02309381864267447
2793,16,1,2025-11-01 00:00:00,0.023507851247822002
2794,16,1,2026-11-01 00:00:00,0.02410589834414622
2795,16,1,2027-11-01 00:00:00,0.024749949063264668
2796,16,1,2028-11-01 00:00:00,0.024979967177235517
2797,16,1,2029-11-01 00:00:00,0.025301992536794722
2798,16,1,2030-11-01 00:00:00,0.025578014273559734
2799,16,1,2031-11-01 00:00:00,0.025900039633118974
2800,16,1,2032-11-01 00:00:00,0.026130057747089822
2801,16,1,2033-11-01 00:00:00,0.026544090352237353
2802,16,1,2034-11-01 00:00:00,0.026820112089002396
2803,16,1,2035-11-01 00:00:00,0.0271881410713558
2804,16,1,2036-11-01 00:00:00,0.02746416280812081
2805,16,1,2037-11-01 00:00:00,0.02769418092209166
2806,16,1,2038-11-01 00:00:00,0.02792419903606254
2807,16,1,2039-11-01 00:00:00,0.028200220772827585
2808,16,1,2040-11-01 00:00:00,0.028430238886798465
2809,16,1,2041-11-01 00:00:00,0.02870626062356344
2810,16,1,2042-11-01 00:00:00,0.028890275114740162
2811,16,1,2043-11-01 00:00:00,0.029074289605916844
2812,16,1,2044-11-01 00:00:00,0.029074289605916844
2813,16,1,2045-11-01 00:00:00,0.02902828598312268
2814,16,1,2046-11-01 00:00:00,0.028936278737534325
2815,16,1,2047-11-01 00:00:00,0.028706260623563476
2816,16,1,2048-11-01 00:00:00,0.028568249755180953
2817,16,1,2049-11-01 00:00:00,0.028568249755180953
2818,16,1,2050-11-01 00:00:00,0.028706260623563476
2819,16,1,2051-11-01 00:00:00,0.028844271491945964
2820,16,1,2052-11-01 00:00:00,0.02902828598312268
2821,16,1,2053-11-01 00:00:00,0.029074289605916844
2822,16,1,2024-04-01 00:00:00,0.02272578966032107
2823,16,1,2025-04-01 00:00:00,0.023139822265468634
2824,16,1,2026-04-01 00:00:00,0.02373786936179285
2825,16,1,2027-04-01 00:00:00,0.024519930949293785
2826,16,1,2028-04-01 00:00:00,0.02502597080002968
2827,16,1,2029-04-01 00:00:00,0.025440003405177245
2828,16,1,2030-04-01 00:00:00,0.025716025141942257
2829,16,1,2031-04-01 00:00:00,0.026038050501501493
2830,16,1,2032-04-01 00:00:00,0.026360075861060702
2831,16,1,2033-04-01 00:00:00,0.026682101220619876
2832,16,1,2034-04-01 00:00:00,0.027004126580179116
2833,16,1,2035-04-01 00:00:00,0.02732615193973829
2834,16,1,2036-04-01 00:00:00,0.027694180922091693
2835,16,1,2037-04-01 00:00:00,0.028016206281650868
2836,16,1,2038-04-01 00:00:00,0.028338231641210104
2837,16,1,2039-04-01 00:00:00,0.028568249755180953
2838,16,1,2040-04-01 00:00:00,0.028844271491946
2839,16,1,2041-04-01 00:00:00,0.029120293228711007
2840,16,1,2042-04-01 00:00:00,0.029396314965476053
2841,16,1,2043-04-01 00:00:00,0.02958032945665274
2842,16,1,2044-04-01 00:00:00,0.029672336702241096
2843,16,1,2045-04-01 00:00:00,0.0296263330794469
2844,16,1,2046-04-01 00:00:00,0.029626333079446933
2845,16,1,2047-04-01 00:00:00,0.029534325833858576
2846,16,1,2048-04-01 00:00:00,0.029212300474299367
2847,16,1,2049-04-01 00:00:00,0.029120293228711007
2848,16,1,2050-04-01 00:00:00,0.029074289605916844
2849,16,1,2051-04-01 00:00:00,0.02912029322871104
2850,16,1,2052-04-01 00:00:00,0.029350311342681856
2851,16,1,2053-04-01 00:00:00,0.029396314965476053
2852,16,1,2054-04-01 00:00:00,0.029396314965476053
2853,16,2,2023-11-01 00:00:00,0.02272578966032107
2854,16,2,2024-11-01 00:00:00,0.024749949063264633
2855,16,2,2025-11-01 00:00:00,0.02695812295738492
2856,16,2,2026-11-01 00:00:00,0.029396314965476053
2857,16,2,2027-11-01 00:00:00,0.03211052871033223
2858,16,2,2028-11-01 00:00:00,0.034502717095629166
2859,16,2,2029-11-01 00:00:00,0.03721693084048534
2860,16,2,2030-11-01 00:00:00,0.040023151830929846
2861,16,2,2031-11-01 00:00:00,0.042783369198580216
2862,16,2,2032-11-01 00:00:00,0.045589590189024656
2863,16,2,2033-11-01 00:00:00,0.04857982567064581
2864,16,2,2034-11-01 00:00:00,0.05175407564344375
2865,16,2,2035-11-01 00:00:00,0.055204347353006666
2866,16,2,2036-11-01 00:00:00,0.05888463717654043
2867,16,2,2037-11-01 00:00:00,0.06228890526330922
2868,16,2,2038-11-01 00:00:00,0.06555516248169542
2869,16,2,2039-11-01 00:00:00,0.06859140158611077
2870,16,2,2040-11-01 00:00:00,0.0718116551817029
2871,16,2,2041-11-01 00:00:00,0.07493990153170652
2872,16,2,2042-11-01 00:00:00,0.07816015512729865
2873,16,2,2043-11-01 00:00:00,0.08110438698612561
2874,16,2,2044-11-01 00:00:00,0.08395661159936431
2875,16,2,2045-11-01 00:00:00,0.08634879998466118
2876,16,2,2046-11-01 00:00:00,0.08869498474716404
2877,16,2,2047-11-01 00:00:00,0.09117918037804931
2878,16,2,2048-11-01 00:00:00,0.09352536514055206
2879,16,2,2049-11-01 00:00:00,0.09605556439423157
2880,16,2,2050-11-01 00:00:00,0.09683762598173244
2881,16,2,2051-11-01 00:00:00,0.09752768032364506
2882,16,2,2052-11-01 00:00:00,0.09830974191114593
2883,16,2,2053-11-01 00:00:00,0.0990457998758528
2884,16,2,2024-04-01 00:00:00,0.02272578966032107
2885,16,2,2025-04-01 00:00:00,0.024289912835322905
2886,16,2,2026-04-01 00:00:00,0.026176061369883985
2887,16,2,2027-04-01 00:00:00,0.028338231641210073
2888,16,2,2028-04-01 00:00:00,0.030408394666947804
2889,16,2,2029-04-01 00:00:00,0.032616568561068086
2890,16,2,2030-04-01 00:00:00,0.03477873883239421
2891,16,2,2031-04-01 00:00:00,0.03712492359489702
2892,16,2,2032-04-01 00:00:00,0.039333097489017234
2893,16,2,2033-04-01 00:00:00,0.04154127138313752
2894,16,2,2034-04-01 00:00:00,0.04388745614564026
2895,16,2,2035-04-01 00:00:00,0.04664767351329063
2896,16,2,2036-04-01 00:00:00,0.04963790899491179
2897,16,2,2037-04-01 00:00:00,0.052582140853738885
2898,16,2,2038-04-01 00:00:00,0.055158343730212535
2899,16,2,2039-04-01 00:00:00,0.057642539361097735
2900,16,2,2040-04-01 00:00:00,0.060080731369188865
2901,16,2,2041-04-01 00:00:00,0.06274894149125085
2902,16,2,2042-04-01 00:00:00,0.06532514436772457
2903,16,2,2043-04-01 00:00:00,0.06776333637581576
2904,16,2,2044-04-01 00:00:00,0.06992550664714185
2905,16,2,2045-04-01 00:00:00,0.07194966605008542
2906,16,2,2046-04-01 00:00:00,0.07411183632141151
2907,16,2,2047-04-01 00:00:00,0.07608999210156082
2908,16,2,2048-04-01 00:00:00,0.07770011889935695
2909,16,2,2049-04-01 00:00:00,0.07944825656553547
2910,16,2,2050-04-01 00:00:00,0.08142641234568491
2911,16,2,2051-04-01 00:00:00,0.08156442321406743
2912,16,2,2052-04-01 00:00:00,0.0821164666875974
2913,16,2,2053-04-01 00:00:00,0.08234648480156831
2914,16,2,2054-04-01 00:00:00,0.08289852827509826
2915,16,3,2023-11-01 00:00:00,0.02272578966032107
2916,16,3,2024-11-01 00:00:00,0.027878195413268376
2917,16,3,2025-11-01 00:00:00,0.033996677244893275
2918,16,3,2026-11-01 00:00:00,0.040207166322106566
2919,16,3,2027-11-01 00:00:00,0.046049626416966416
2920,16,3,2028-11-01 00:00:00,0.05157006115226703
2921,16,3,2029-11-01 00:00:00,0.05782655385227445
2922,16,3,2030-11-01 00:00:00,0.06523313712213617
2923,16,3,2031-11-01 00:00:00,0.07286973850596881
2924,16,3,2032-11-01 00:00:00,0.08078236162656643
2925,16,3,2033-11-01 00:00:00,0.0887869919927523
2926,16,3,2034-11-01 00:00:00,0.09665361149055579
2927,16,3,2035-11-01 00:00:00,0.10452023098835929
2928,16,3,2036-11-01 00:00:00,0.11303090120528111
2929,16,3,2037-11-01 00:00:00,0.12186359678176226
2930,16,3,2038-11-01 00:00:00,0.13042027062147823
2931,16,3,2039-11-01 00:00:00,0.1393449734435475
2932,16,3,2040-11-01 00:00:00,0.14831567988841102
2933,16,3,2041-11-01 00:00:00,0.15742439720165746
2934,16,3,2042-11-01 00:00:00,0.16561304205902
2935,16,3,2043-11-01 00:00:00,0.17366367604800015
2936,16,3,2044-11-01 00:00:00,0.18157629916859788
2937,16,3,2045-11-01 00:00:00,0.18884487157007676
2938,16,3,2046-11-01 00:00:00,0.1960214367259679
2939,16,3,2047-11-01 00:00:00,0.2026459584083287
2940,16,3,2048-11-01 00:00:00,0.2087184366171594
2941,16,3,2049-11-01 00:00:00,0.21626303075540357
2942,16,3,2050-11-01 00:00:00,0.21791916117599383
2943,16,3,2051-11-01 00:00:00,0.21971330246496648
2944,16,3,2052-11-01 00:00:00,0.22173746186791005
2945,16,3,2053-11-01 00:00:00,0.2239916393848248
2946,16,3,2024-04-01 00:00:00,0.02272578966032107
2947,16,3,2025-04-01 00:00:00,0.02732615193973829
2948,16,3,2026-04-01 00:00:00,0.03220253595592052
2949,16,3,2027-04-01 00:00:00,0.03744694895445619
2950,16,3,2028-04-01 00:00:00,0.04204731123387341
2951,16,3,2029-04-01 00:00:00,0.046693677136084764
2952,16,3,2030-04-01 00:00:00,0.051938090134620404
2953,16,3,2031-04-01 00:00:00,0.05837859732580454
2954,16,3,2032-04-01 00:00:00,0.06486510813978275
2955,16,3,2033-04-01 00:00:00,0.07158163706773199
2956,16,3,2034-04-01 00:00:00,0.07811415150450451
2957,16,3,2035-04-01 00:00:00,0.08496869130083609
2958,16,3,2036-04-01 00:00:00,0.09168522022878514
2959,16,3,2037-04-01 00:00:00,0.09881578176188202
2960,16,3,2038-04-01 00:00:00,0.10585433604939024
2961,16,3,2039-04-01 00:00:00,0.11270887584572195
2962,16,3,2040-04-01 00:00:00,0.12043748447514303
2963,16,3,2041-04-01 00:00:00,0.12825810035015225
2964,16,3,2042-04-01 00:00:00,0.13589470173398457
2965,16,3,2043-04-01 00:00:00,0.1426572342847283
2966,16,3,2044-04-01 00:00:00,0.1489137269847355
2967,16,3,2045-04-01 00:00:00,0.15494020157077207
2968,16,3,2046-04-01 00:00:00,0.16128870151636782
2969,16,3,2047-04-01 00:00:00,0.16708515798843349
2970,16,3,2048-04-01 00:00:00,0.17177752751343897
2971,16,3,2049-04-01 00:00:00,0.1772059550031513
2972,16,3,2050-04-01 00:00:00,0.18327843321198228
2973,16,3,2051-04-01 00:00:00,0.18415250204507128
2974,16,3,2052-04-01 00:00:00,0.18553261072889676
2975,16,3,2053-04-01 00:00:00,0.18659069405316253
2976,16,3,2054-04-01 00:00:00,0.18815481722816454
2977,17,1,2023-11-01 00:00:00,0.2671479243974835
2978,17,1,2024-11-01 00:00:00,0.27101357680370447
2979,17,1,2025-11-01 00:00:00,0.27655086268288576
2980,17,1,2026-11-01 00:00:00,0.28355082785090746
2981,17,1,2027-11-01 00:00:00,0.29065527011098913
2982,17,1,2028-11-01 00:00:00,0.2937895828727899
2983,17,1,2029-11-01 00:00:00,0.29775971237107085
2984,17,1,2030-11-01 00:00:00,0.3006850709487515
2985,17,1,2031-11-01 00:00:00,0.3042372920787924
2986,17,1,2032-11-01 00:00:00,0.3073716048405931
2987,17,1,2033-11-01 00:00:00,0.31175964270711415
2988,17,1,2034-11-01 00:00:00,0.31541634092921506
2989,17,1,2035-11-01 00:00:00,0.31938647042749596
2990,17,1,2036-11-01 00:00:00,0.3228342144654768
2991,17,1,2037-11-01 00:00:00,0.3257595730431575
2992,17,1,2038-11-01 00:00:00,0.32847597743671814
2993,17,1,2039-11-01 00:00:00,0.33129685892233884
2994,17,1,2040-11-01 00:00:00,0.33464012586825964
2995,17,1,2041-11-01 00:00:00,0.3373565302618202
2996,17,1,2042-11-01 00:00:00,0.3398639804712609
2997,17,1,2043-11-01 00:00:00,0.34132665976010124
2998,17,1,2044-11-01 00:00:00,0.3420579994045214
2999,17,1,2045-11-01 00:00:00,0.34122218266804116
3000,17,1,2046-11-01 00:00:00,0.3399684575633209
3001,17,1,2047-11-01 00:00:00,0.3378789157221204
3002,17,1,2048-11-01 00:00:00,0.3356848967888599
3003,17,1,2049-11-01 00:00:00,0.3359983280650399
3004,17,1,2050-11-01 00:00:00,0.3373565302618202
3005,17,1,2051-11-01 00:00:00,0.3391326408268407
3006,17,1,2052-11-01 00:00:00,0.3410132284839211
3007,17,1,2053-11-01 00:00:00,0.3415356139442212
3008,17,1,2024-04-01 00:00:00,0.2671479243974835
3009,17,1,2025-04-01 00:00:00,0.2720583477243047
3010,17,1,2026-04-01 00:00:00,0.2790583128923264
3011,17,1,2027-04-01 00:00:00,0.2878343886253685
3012,17,1,2028-04-01 00:00:00,0.29410301414896994
3013,17,1,2029-04-01 00:00:00,0.2988044832916711
3014,17,1,2030-04-01 00:00:00,0.3023567044217119
3015,17,1,2031-04-01 00:00:00,0.3062223568279328
3016,17,1,2032-04-01 00:00:00,0.30998353214209373
3017,17,1,2033-04-01 00:00:00,0.3135357532721346
3018,17,1,2034-04-01 00:00:00,0.3172969285862955
3019,17,1,2035-04-01 00:00:00,0.3214760122686965
3020,17,1,2036-04-01 00:00:00,0.3256550959510975
3021,17,1,2037-04-01 00:00:00,0.32952074835731837
3022,17,1,2038-04-01 00:00:00,0.33328192367147924
3023,17,1,2039-04-01 00:00:00,0.3355804196967998
3024,17,1,2040-04-01 00:00:00,0.3387147324586006
3025,17,1,2041-04-01 00:00:00,0.3421624764965814
3026,17,1,2042-04-01 00:00:00,0.3452967892583821
3027,17,1,2043-04-01 00:00:00,0.3476997623757627
3028,17,1,2044-04-01 00:00:00,0.3486400562043029
3029,17,1,2045-04-01 00:00:00,0.3481176707440028
3030,17,1,2046-04-01 00:00:00,0.3484311020201829
3031,17,1,2047-04-01 00:00:00,0.34707289982340256
3032,17,1,2048-04-01 00:00:00,0.3435206786933617
3033,17,1,2049-04-01 00:00:00,0.34237143068070147
3034,17,1,2050-04-01 00:00:00,0.3421624764965814
3035,17,1,2051-04-01 00:00:00,0.34237143068070147
3036,17,1,2052-04-01 00:00:00,0.3451923121663221
3037,17,1,2053-04-01 00:00:00,0.3458191747186823
3038,17,1,2054-04-01 00:00:00,0.3459236518107423
3039,17,2,2023-11-01 00:00:00,0.2671479243974835
3040,17,2,2024-11-01 00:00:00,0.29075974720304915
3041,17,2,2025-11-01 00:00:00,0.3169834973101154
3042,17,2,2026-11-01 00:00:00,0.34571469762662227
3043,17,2,2027-11-01 00:00:00,0.37695334815256965
3044,17,2,2028-11-01 00:00:00,0.4061024568373166
3045,17,2,2029-11-01 00:00:00,0.4376545386394441
3046,17,2,2030-11-01 00:00:00,0.47087825391453203
3047,17,2,2031-11-01 00:00:00,0.5033706295451997
3048,17,2,2032-11-01 00:00:00,0.5358630051758675
3049,17,2,2033-11-01 00:00:00,0.5710717852000958
3050,17,2,2034-11-01 00:00:00,0.6086835383417047
3051,17,2,2035-11-01 00:00:00,0.6491161729689344
3052,17,2,2036-11-01 00:00:00,0.6919517807135447
3053,17,2,2037-11-01 00:00:00,0.7319665069725342
3054,17,2,2038-11-01 00:00:00,0.7707275081268034
3055,17,2,2039-11-01 00:00:00,0.8062497194272118
3056,17,2,2040-11-01 00:00:00,0.8437569954767608
3057,17,2,2041-11-01 00:00:00,0.8807418860660094
3058,17,2,2042-11-01 00:00:00,0.9190849788520387
3059,17,2,2043-11-01 00:00:00,0.9532489879556667
3060,17,2,2044-11-01 00:00:00,0.9868906115989947
3061,17,2,2045-11-01 00:00:00,1.0149949493631416
3062,17,2,2046-11-01 00:00:00,1.0425769016669881
3063,17,2,2047-11-01 00:00:00,1.0716215332596748
3064,17,2,2048-11-01 00:00:00,1.0992034855635213
3065,17,2,2049-11-01 00:00:00,1.1295018422609286
3066,17,2,2050-11-01 00:00:00,1.138068963809851
3067,17,2,2051-11-01 00:00:00,1.1463226540825926
3068,17,2,2052-11-01 00:00:00,1.155830069460055
3069,17,2,2053-11-01 00:00:00,1.164501668101037
3070,17,2,2024-04-01 00:00:00,0.2671479243974835
3071,17,2,2025-04-01 00:00:00,0.2855358926000479
3072,17,2,2026-04-01 00:00:00,0.30768503611677317
3073,17,2,2027-04-01 00:00:00,0.33328192367147924
3074,17,2,2028-04-01 00:00:00,0.35793851739764515
3075,17,2,2029-04-01 00:00:00,0.38311749658411115
3076,17,2,2030-04-01 00:00:00,0.4088188612308773
3077,17,2,2031-04-01 00:00:00,0.4367142448109039
3078,17,2,2032-04-01 00:00:00,0.46241560945766996
3079,17,2,2033-04-01 00:00:00,0.4885348824726762
3080,17,2,2034-04-01 00:00:00,0.5155944493162227
3081,17,2,2035-04-01 00:00:00,0.5486092104071905
3082,17,2,2036-04-01 00:00:00,0.5834000820631788
3083,17,2,2037-04-01 00:00:00,0.6181909537191671
3084,17,2,2038-04-01 00:00:00,0.6488027416927543
3085,17,2,2039-04-01 00:00:00,0.6776384191013212
3086,17,2,2040-04-01 00:00:00,0.706369619417828
3087,17,2,2041-04-01 00:00:00,0.7378172241278955
3088,17,2,2042-04-01 00:00:00,0.7680111037332428
3089,17,2,2043-04-01 00:00:00,0.7968467811418095
3090,17,2,2044-04-01 00:00:00,0.8220257603282756
3091,17,2,2045-04-01 00:00:00,0.8459510144100212
3092,17,2,2046-04-01 00:00:00,0.8712344706885473
3093,17,2,2047-04-01 00:00:00,0.8941149538496926
3094,17,2,2048-04-01 00:00:00,0.9132342616966772
3095,17,2,2049-04-01 00:00:00,0.9343386342928023
3096,17,2,2050-04-01 00:00:00,0.9572191174539477
3097,17,2,2051-04-01 00:00:00,0.9590997051110282
3098,17,2,2052-04-01 00:00:00,0.9656817619108098
3099,17,2,2053-04-01 00:00:00,0.9678757808440702
3100,17,2,2054-04-01 00:00:00,0.9742488834597317
3101,17,3,2023-11-01 00:00:00,0.2671479243974835
3102,17,3,2024-11-01 00:00:00,0.327849114884358
3103,17,3,2025-11-01 00:00:00,0.399415922945475
3104,17,3,2026-11-01 00:00:00,0.47296779575573256
3105,17,3,2027-11-01 00:00:00,0.5417137223312288
3106,17,3,2028-11-01 00:00:00,0.6063850423163842
3107,17,3,2029-11-01 00:00:00,0.6798324380345816
3108,17,3,2030-11-01 00:00:00,0.7668618557205825
3109,17,3,2031-11-01 00:00:00,0.8568166319842638
3110,17,3,2032-11-01 00:00:00,0.9493833355494459
3111,17,3,2033-11-01 00:00:00,1.0439351038637683
3112,17,3,2034-11-01 00:00:00,1.1362928532448304
3113,17,3,2035-11-01 00:00:00,1.2289640339020722
3114,17,3,2036-11-01 00:00:00,1.3291575651876362
3115,17,3,2037-11-01 00:00:00,1.432485409235001
3116,17,3,2038-11-01 00:00:00,1.5333058030729247
3117,17,3,2039-11-01 00:00:00,1.6378873722250098
3118,17,3,2040-11-01 00:00:00,1.7433047581135748
3119,17,3,2041-11-01 00:00:00,1.8503937774751003
3120,17,3,2042-11-01 00:00:00,1.9468261334465031
3121,17,3,2043-11-01 00:00:00,2.0419002872211256
3122,17,3,2044-11-01 00:00:00,2.1347804220624877
3123,17,3,2045-11-01 00:00:00,2.219406866631108
3124,17,3,2046-11-01 00:00:00,2.304242265383848
3125,17,3,2047-11-01 00:00:00,2.381973221876507
3126,17,3,2048-11-01 00:00:00,2.453435552845564
3127,17,3,2049-11-01 00:00:00,2.5424500352807047
3128,17,3,2050-11-01 00:00:00,2.5616738202197493
3129,17,3,2051-11-01 00:00:00,2.5825692386317542
3130,17,3,2052-11-01 00:00:00,2.6064944927135
3131,17,3,2053-11-01 00:00:00,2.6331361511888063
3132,17,3,2024-04-01 00:00:00,0.2671479243974835
3133,17,3,2025-04-01 00:00:00,0.32126705808457645
3134,17,3,2026-04-01 00:00:00,0.37852050453347
3135,17,3,2027-04-01 00:00:00,0.4403709430330047
3136,17,3,2028-04-01 00:00:00,0.4942811225359776
3137,17,3,2029-04-01 00:00:00,0.5489226416833706
3138,17,3,2030-04-01 00:00:00,0.6104596489067252
3139,17,3,2031-04-01 00:00:00,0.6868324032026033
3140,17,3,2032-04-01 00:00:00,0.7625782949461214
3141,17,3,2033-04-01 00:00:00,0.8416674536355603
3142,17,3,2034-04-01 00:00:00,0.9183536392076185
3143,17,3,2035-04-01 00:00:00,0.9984875688176574
3144,17,3,2036-04-01 00:00:00,1.0777856816912164
3145,17,3,2037-04-01 00:00:00,1.1616807866154164
3146,17,3,2038-04-01 00:00:00,1.2446355977110761
3147,17,3,2039-04-01 00:00:00,1.3251874356893554
3148,17,3,2040-04-01 00:00:00,1.415873551597457
3149,17,3,2041-04-01 00:00:00,1.5079178697023388
3150,17,3,2042-04-01 00:00:00,1.59797712305808
3151,17,3,2043-04-01 00:00:00,1.676752850471339
3152,17,3,2044-04-01 00:00:00,1.7505136774657166
3153,17,3,2045-04-01 00:00:00,1.8210357146062333
3154,17,3,2046-04-01 00:00:00,1.896259220889451
3155,17,3,2047-04-01 00:00:00,1.9639603765443472
3156,17,3,2048-04-01 00:00:00,2.0193332353361604
3157,17,3,2049-04-01 00:00:00,2.0833776927689556
3158,17,3,2050-04-01 00:00:00,2.1546310695538926
3159,17,3,2051-04-01 00:00:00,2.1647653474837147
3160,17,3,2052-04-01 00:00:00,2.1807503425688988
3161,17,3,2053-04-01 00:00:00,2.1936010248922817
3162,17,3,2054-04-01 00:00:00,2.211362130542486
3163,18,1,2023-11-01 00:00:00,0.15076044384261586
3164,18,1,2024-11-01 00:00:00,0.15295446277587635
3165,18,1,2025-11-01 00:00:00,0.1560887755376771
3166,18,1,2026-11-01 00:00:00,0.16005890503595807
3167,18,1,2027-11-01 00:00:00,0.16402903453423906
3168,18,1,2028-11-01 00:00:00,0.16580514509925945
3169,18,1,2029-11-01 00:00:00,0.16799916403251994
3170,18,1,2030-11-01 00:00:00,0.16956632041342032
3171,18,1,2031-11-01 00:00:00,0.17176033934668086
3172,18,1,2032-11-01 00:00:00,0.17343197281964126
3173,18,1,2033-11-01 00:00:00,0.17593942302908186
3174,18,1,2034-11-01 00:00:00,0.1780289648702823
3175,18,1,2035-11-01 00:00:00,0.18022298380354287
3176,18,1,2036-11-01 00:00:00,0.1821035714606233
3177,18,1,2037-11-01 00:00:00,0.18377520493358376
3178,18,1,2038-11-01 00:00:00,0.18534236131448406
3179,18,1,2039-11-01 00:00:00,0.18701399478744446
3180,18,1,2040-11-01 00:00:00,0.18889458244452492
3181,18,1,2041-11-01 00:00:00,0.19035726173336528
3182,18,1,2042-11-01 00:00:00,0.19181994102220562
3183,18,1,2043-11-01 00:00:00,0.19265575775868582
3184,18,1,2044-11-01 00:00:00,0.1930736661269259
3185,18,1,2045-11-01 00:00:00,0.19255128066662588
3186,18,1,2046-11-01 00:00:00,0.19181994102220562
3187,18,1,2047-11-01 00:00:00,0.19067069300954537
3188,18,1,2048-11-01 00:00:00,0.189416967904825
3189,18,1,2049-11-01 00:00:00,0.18962592208894516
3190,18,1,2050-11-01 00:00:00,0.19035726173336528
3191,18,1,2051-11-01 00:00:00,0.19129755556190553
3192,18,1,2052-11-01 00:00:00,0.1924468035745658
3193,18,1,2053-11-01 00:00:00,0.1927602348507459
3194,18,1,2024-04-01 00:00:00,0.15076044384261586
3195,18,1,2025-04-01 00:00:00,0.1534768482361765
3196,18,1,2026-04-01 00:00:00,0.15744697773445746
3197,18,1,2027-04-01 00:00:00,0.16235740106127866
3198,18,1,2028-04-01 00:00:00,0.1659096221913195
3199,18,1,2029-04-01 00:00:00,0.16862602658488013
3200,18,1,2030-04-01 00:00:00,0.1707155684260806
3201,18,1,2031-04-01 00:00:00,0.17280511026728113
3202,18,1,2032-04-01 00:00:00,0.17489465210848154
3203,18,1,2033-04-01 00:00:00,0.17698419394968212
3204,18,1,2034-04-01 00:00:00,0.17917821288294264
3205,18,1,2035-04-01 00:00:00,0.18137223181620318
3206,18,1,2036-04-01 00:00:00,0.18377520493358368
3207,18,1,2037-04-01 00:00:00,0.1858647467747842
3208,18,1,2038-04-01 00:00:00,0.18805876570804475
3209,18,1,2039-04-01 00:00:00,0.18931249081276508
3210,18,1,2040-04-01 00:00:00,0.19119307846984546
3211,18,1,2041-04-01 00:00:00,0.1930736661269259
3212,18,1,2042-04-01 00:00:00,0.19484977669194642
3213,18,1,2043-04-01 00:00:00,0.1963124559807867
3214,18,1,2044-04-01 00:00:00,0.19673036434902685
3215,18,1,2045-04-01 00:00:00,0.1964169330728467
3216,18,1,2046-04-01 00:00:00,0.19662588725696678
3217,18,1,2047-04-01 00:00:00,0.1957900705204866
3218,18,1,2048-04-01 00:00:00,0.1939094828634061
3219,18,1,2049-04-01 00:00:00,0.19328262031104598
3220,18,1,2050-04-01 00:00:00,0.1930736661269259
3221,18,1,2051-04-01 00:00:00,0.1931781432189859
3222,18,1,2052-04-01 00:00:00,0.19484977669194634
3223,18,1,2053-04-01 00:00:00,0.19516320796812642
3224,18,1,2054-04-01 00:00:00,0.19526768506018644
3225,18,2,2023-11-01 00:00:00,0.15076044384261586
3226,18,2,2024-11-01 00:00:00,0.16413351162629905
3227,18,2,2025-11-01 00:00:00,0.17886478160676256
3228,18,2,2026-11-01 00:00:00,0.19516320796812642
3229,18,2,2027-11-01 00:00:00,0.2127153594342106
3230,18,2,2028-11-01 00:00:00,0.2291182628876345
3231,18,2,2029-11-01 00:00:00,0.24687936853783868
3232,18,2,2030-11-01 00:00:00,0.2657897222007033
3233,18,2,2031-11-01 00:00:00,0.2840732133112076
3234,18,2,2032-11-01 00:00:00,0.302356704421712
3235,18,2,2033-11-01 00:00:00,0.32220735191311667
3236,18,2,2034-11-01 00:00:00,0.3435206786933617
3237,18,2,2035-11-01 00:00:00,0.3662966847624471
3238,18,2,2036-11-01 00:00:00,0.39053537012037287
3239,18,2,2037-11-01 00:00:00,0.4131024220053382
3240,18,2,2038-11-01 00:00:00,0.43493813424588357
3241,18,2,2039-11-01 00:00:00,0.45510221301346826
3242,18,2,2040-11-01 00:00:00,0.4761021085175332
3243,18,2,2041-11-01 00:00:00,0.4969975269295383
3244,18,2,2042-11-01 00:00:00,0.5186242849859636
3245,18,2,2043-11-01 00:00:00,0.537952547017068
3246,18,2,2044-11-01 00:00:00,0.5568629006799325
3247,18,2,2045-11-01 00:00:00,0.5728478957651161
3248,18,2,2046-11-01 00:00:00,0.58841498248206
3249,18,2,2047-11-01 00:00:00,0.604817885935484
3250,18,2,2048-11-01 00:00:00,0.6202804955603678
3251,18,2,2049-11-01 00:00:00,0.6374147386582116
3252,18,2,2050-11-01 00:00:00,0.6422206848929728
3253,18,2,2051-11-01 00:00:00,0.6469221540356738
3254,18,2,2052-11-01 00:00:00,0.6522504857307352
3255,18,2,2053-11-01 00:00:00,0.6571609090575565
3256,18,2,2024-04-01 00:00:00,0.15076044384261586
3257,18,2,2025-04-01 00:00:00,0.16110367595655833
3258,18,2,2026-04-01 00:00:00,0.1735364499117013
3259,18,2,2027-04-01 00:00:00,0.18795428861598473
3260,18,2,2028-04-01 00:00:00,0.2019542189520281
3261,18,2,2029-04-01 00:00:00,0.2162675805642514
3262,18,2,2030-04-01 00:00:00,0.23078989636059485
3263,18,2,2031-04-01 00:00:00,0.24646146016959866
3264,18,2,2032-04-01 00:00:00,0.2609837759659421
3265,18,2,2033-04-01 00:00:00,0.2756105688543456
3266,18,2,2034-04-01 00:00:00,0.29096870138716924
3267,18,2,2035-04-01 00:00:00,0.30956562377385366
3268,18,2,2036-04-01 00:00:00,0.3293117941731983
3269,18,2,2037-04-01 00:00:00,0.348849010388423
3270,18,2,2038-04-01 00:00:00,0.36608773057832705
3271,18,2,2039-04-01 00:00:00,0.382490634031751
3272,18,2,2040-04-01 00:00:00,0.39858010620899487
3273,18,2,2041-04-01 00:00:00,0.41644568895125905
3274,18,2,2042-04-01 00:00:00,0.43337097786498296
3275,18,2,2043-04-01 00:00:00,0.44966940422634705
3276,18,2,2044-04-01 00:00:00,0.46398276583857034
3277,18,2,2045-04-01 00:00:00,0.4774603107143136
3278,18,2,2046-04-01 00:00:00,0.49166919523447683
3279,18,2,2047-04-01 00:00:00,0.5046243546499201
3280,18,2,2048-04-01 00:00:00,0.5152810180400426
3281,18,2,2049-04-01 00:00:00,0.5272958836269455
3282,18,2,2050-04-01 00:00:00,0.5401465659503284
3283,18,2,2051-04-01 00:00:00,0.5411913368709287
3284,18,2,2052-04-01 00:00:00,0.5449525121850896
3285,18,2,2053-04-01 00:00:00,0.5462062372898098
3286,18,2,2054-04-01 00:00:00,0.5498629355119108
3287,18,3,2023-11-01 00:00:00,0.15076044384261586
3288,18,3,2024-11-01 00:00:00,0.18513340713036405
3289,18,3,2025-11-01 00:00:00,0.2253570875734736
3290,18,3,2026-11-01 00:00:00,0.2668344931213035
3291,18,3,2027-11-01 00:00:00,0.3056999713676327
3292,18,3,2028-11-01 00:00:00,0.3421624764965815
3293,18,3,2029-11-01 00:00:00,0.3836398820444114
3294,18,3,2030-11-01 00:00:00,0.4327441153126228
3295,18,3,2031-11-01 00:00:00,0.4835199820537949
3296,18,3,2032-11-01 00:00:00,0.5357585280838074
3297,18,3,2033-11-01 00:00:00,0.5891463221264801
3298,18,3,2034-11-01 00:00:00,0.6412803910644324
3299,18,3,2035-11-01 00:00:00,0.6936234141865052
3300,18,3,2036-11-01 00:00:00,0.7500410438989183
3301,18,3,2037-11-01 00:00:00,0.8084437383604722
3302,18,3,2038-11-01 00:00:00,0.865279276441126
3303,18,3,2039-11-01 00:00:00,0.9243088334550399
3304,18,3,2040-11-01 00:00:00,0.9838607759292536
3305,18,3,2041-11-01 00:00:00,1.0442485351399482
3306,18,3,2042-11-01 00:00:00,1.0986811001032213
3307,18,3,2043-11-01 00:00:00,1.1523823254220742
3308,18,3,2044-11-01 00:00:00,1.2047253485441463
3309,18,3,2045-11-01 00:00:00,1.252575856707638
3310,18,3,2046-11-01 00:00:00,1.3003218877790692
3311,18,3,2047-11-01 00:00:00,1.3442022664442794
3312,18,3,2048-11-01 00:00:00,1.3846349010715093
3313,18,3,2049-11-01 00:00:00,1.4348883823523815
3314,18,3,2050-11-01 00:00:00,1.445649522834564
3315,18,3,2051-11-01 00:00:00,1.4573509571452867
3316,18,3,2052-11-01 00:00:00,1.4709329791130898
3317,18,3,2053-11-01 00:00:00,1.4858732032776734
3318,18,3,2024-04-01 00:00:00,0.15076044384261586
3319,18,3,2025-04-01 00:00:00,0.18126775472414314
3320,18,3,2026-04-01 00:00:00,0.21355117617069086
3321,18,3,2027-04-01 00:00:00,0.2485510020107991
3322,18,3,2028-04-01 00:00:00,0.2789538358002664
3323,18,3,2029-04-01 00:00:00,0.3097745779579737
3324,18,3,2030-04-01 00:00:00,0.34456544961396196
3325,18,3,2031-04-01 00:00:00,0.38750553445063224
3326,18,3,2032-04-01 00:00:00,0.4303411421952425
3327,18,3,2033-04-01 00:00:00,0.47505733759693297
3328,18,3,2034-04-01 00:00:00,0.5182063766177232
3329,18,3,2035-04-01 00:00:00,0.5634449574797141
3330,18,3,2036-04-01 00:00:00,0.6081611528814047
3331,18,3,2037-04-01 00:00:00,0.655593752676656
3332,18,3,2038-04-01 00:00:00,0.7023994899195473
3333,18,3,2039-04-01 00:00:00,0.7478470249656577
3334,18,3,2040-04-01 00:00:00,0.7989363229830101
3335,18,3,2041-04-01 00:00:00,0.8510703919209622
3336,18,3,2042-04-01 00:00:00,0.9017417815700746
3337,18,3,2043-04-01 00:00:00,0.946249022787645
3338,18,3,2044-04-01 00:00:00,0.9878309054275352
3339,18,3,2045-04-01 00:00:00,1.0276366775024046
3340,18,3,2046-04-01 00:00:00,1.0701588539708347
3341,18,3,2047-04-01 00:00:00,1.1082929925727438
3342,18,3,2048-04-01 00:00:00,1.1395316430986913
3343,18,3,2049-04-01 00:00:00,1.1756807169514596
3344,18,3,2050-04-01 00:00:00,1.2159043973945696
3345,18,3,2051-04-01 00:00:00,1.2216506374578706
3346,18,3,2052-04-01 00:00:00,1.2306356673750327
3347,18,3,2053-04-01 00:00:00,1.2378445867271743
3348,18,3,2054-04-01 00:00:00,1.2479788646569971
3349,19,1,2023-11-01 00:00:00,0.03792518441778905
3350,19,1,2024-11-01 00:00:00,0.038447569878089144
3351,19,1,2025-11-01 00:00:00,0.0392833866145694
3352,19,1,2026-11-01 00:00:00,0.04022368044310958
3353,19,1,2027-11-01 00:00:00,0.041268451363709775
3354,19,1,2028-11-01 00:00:00,0.04179083682400994
3355,19,1,2029-11-01 00:00:00,0.04231322228431011
3356,19,1,2030-11-01 00:00:00,0.0427311306525502
3357,19,1,2031-11-01 00:00:00,0.04314903902079022
3358,19,1,2032-11-01 00:00:00,0.04367142448109038
3359,19,1,2033-11-01 00:00:00,0.04429828703345056
3360,19,1,2034-11-01 00:00:00,0.04482067249375073
3361,19,1,2035-11-01 00:00:00,0.04534305795405075
3362,19,1,2036-11-01 00:00:00,0.045865443414350913
3363,19,1,2037-11-01 00:00:00,0.046283351782591006
3364,19,1,2038-11-01 00:00:00,0.0467012601508311
3365,19,1,2039-11-01 00:00:00,0.04701469142701119
3366,19,1,2040-11-01 00:00:00,0.04753707688731128
3367,19,1,2041-11-01 00:00:00,0.04785050816349144
3368,19,1,2042-11-01 00:00:00,0.04826841653173146
3369,19,1,2043-11-01 00:00:00,0.04847737071585154
3370,19,1,2044-11-01 00:00:00,0.04858184780791154
3371,19,1,2045-11-01 00:00:00,0.04847737071585147
3372,19,1,2046-11-01 00:00:00,0.04826841653173153
3373,19,1,2047-11-01 00:00:00,0.048059462347611374
3374,19,1,2048-11-01 00:00:00,0.04764155397937136
3375,19,1,2049-11-01 00:00:00,0.04764155397937128
3376,19,1,2050-11-01 00:00:00,0.04795498525555145
3377,19,1,2051-11-01 00:00:00,0.048163939439671455
3378,19,1,2052-11-01 00:00:00,0.04837289362379146
3379,19,1,2053-11-01 00:00:00,0.04847737071585154
3380,19,1,2024-04-01 00:00:00,0.03792518441778905
3381,19,1,2025-04-01 00:00:00,0.03865652406220923
3382,19,1,2026-04-01 00:00:00,0.03959681789074941
3383,19,1,2027-04-01 00:00:00,0.04085054299546968
3384,19,1,2028-04-01 00:00:00,0.04179083682400994
3385,19,1,2029-04-01 00:00:00,0.04241769937637004
3386,19,1,2030-04-01 00:00:00,0.04294008483667021
3387,19,1,2031-04-01 00:00:00,0.043462470296970306
3388,19,1,2032-04-01 00:00:00,0.04398485575727047
3389,19,1,2033-04-01 00:00:00,0.04450724121757057
3390,19,1,2034-04-01 00:00:00,0.04502962667787066
3391,19,1,2035-04-01 00:00:00,0.045656489230230836
3392,19,1,2036-04-01 00:00:00,0.046283351782591006
3393,19,1,2037-04-01 00:00:00,0.04680573724289118
3394,19,1,2038-04-01 00:00:00,0.04732812270319127
3395,19,1,2039-04-01 00:00:00,0.04764155397937128
3396,19,1,2040-04-01 00:00:00,0.04805946234761145
3397,19,1,2041-04-01 00:00:00,0.04858184780791162
3398,19,1,2042-04-01 00:00:00,0.04899975617615163
3399,19,1,2043-04-01 00:00:00,0.04931318745233172
3400,19,1,2044-04-01 00:00:00,0.04952214163645173
3401,19,1,2045-04-01 00:00:00,0.049417664544391796
3402,19,1,2046-04-01 00:00:00,0.04952214163645173
3403,19,1,2047-04-01 00:00:00,0.04931318745233172
3404,19,1,2048-04-01 00:00:00,0.048790801992031625
3405,19,1,2049-04-01 00:00:00,0.04858184780791154
3406,19,1,2050-04-01 00:00:00,0.04858184780791162
3407,19,1,2051-04-01 00:00:00,0.04858184780791154
3408,19,1,2052-04-01 00:00:00,0.04899975617615171
3409,19,1,2053-04-01 00:00:00,0.04910423326821164
3410,19,1,2054-04-01 00:00:00,0.049104233268211714
3411,19,2,2023-11-01 00:00:00,0.03792518441778905
3412,19,2,2024-11-01 00:00:00,0.041268451363709845
3413,19,2,2025-11-01 00:00:00,0.045029626677870735
3414,19,2,2026-11-01 00:00:00,0.04910423326821164
3415,19,2,2027-11-01 00:00:00,0.053492271134732775
3416,19,2,2028-11-01 00:00:00,0.057671354817133674
3417,19,2,2029-11-01 00:00:00,0.062163869775714815
3418,19,2,2030-11-01 00:00:00,0.06686533891841581
3419,19,2,2031-11-01 00:00:00,0.07146233096905688
3420,19,2,2032-11-01 00:00:00,0.0760593230196981
3421,19,2,2033-11-01 00:00:00,0.08107422343857934
3422,19,2,2034-11-01 00:00:00,0.08640255513364051
3423,19,2,2035-11-01 00:00:00,0.092148795196942
3424,19,2,2036-11-01 00:00:00,0.09820846653642343
3425,19,2,2037-11-01 00:00:00,0.10385022950766483
3426,19,2,2038-11-01 00:00:00,0.109387515386846
3427,19,2,2039-11-01 00:00:00,0.11440241580572724
3428,19,2,2040-11-01 00:00:00,0.11973074750078842
3429,19,2,2041-11-01 00:00:00,0.12495460210378981
3430,19,2,2042-11-01 00:00:00,0.13049188798297084
3431,19,2,2043-11-01 00:00:00,0.13529783421773237
3432,19,2,2044-11-01 00:00:00,0.1401037804524933
3433,19,2,2045-11-01 00:00:00,0.1440739099507745
3434,19,2,2046-11-01 00:00:00,0.14793956235699515
3435,19,2,2047-11-01 00:00:00,0.1521186460393962
3436,19,2,2048-11-01 00:00:00,0.1560887755376771
3437,19,2,2049-11-01 00:00:00,0.1603723363121381
3438,19,2,2050-11-01 00:00:00,0.16152158432479852
3439,19,2,2051-11-01 00:00:00,0.1626708323374589
3440,19,2,2052-11-01 00:00:00,0.16413351162629913
3441,19,2,2053-11-01 00:00:00,0.16538723673101918
3442,19,2,2024-04-01 00:00:00,0.03792518441778905
3443,19,2,2025-04-01 00:00:00,0.04053711171928967
3444,19,2,2026-04-01 00:00:00,0.04367142448109038
3445,19,2,2027-04-01 00:00:00,0.04732812270319127
3446,19,2,2028-04-01 00:00:00,0.050880343833232075
3447,19,2,2029-04-01 00:00:00,0.05432808787121295
3448,19,2,2030-04-01 00:00:00,0.05798478609331376
3449,19,2,2031-04-01 00:00:00,0.06205939268365474
3450,19,2,2032-04-01 00:00:00,0.06561161381369562
3451,19,2,2033-04-01 00:00:00,0.06937278912785651
3452,19,2,2034-04-01 00:00:00,0.07313396444201739
3453,19,2,2035-04-01 00:00:00,0.07793991067677848
3454,19,2,2036-04-01 00:00:00,0.0827458569115397
3455,19,2,2037-04-01 00:00:00,0.08776075733042078
3456,19,2,2038-04-01 00:00:00,0.09214879519694184
3457,19,2,2039-04-01 00:00:00,0.09622340178728297
3458,19,2,2040-04-01 00:00:00,0.1002980083776238
3459,19,2,2041-04-01 00:00:00,0.10468604624414486
3460,19,2,2042-04-01 00:00:00,0.10896960701860599
3461,19,2,2043-04-01 00:00:00,0.11314869070100675
3462,19,2,2044-04-01 00:00:00,0.11670091183104764
3463,19,2,2045-04-01 00:00:00,0.1200441787769685
3464,19,2,2046-04-01 00:00:00,0.12370087699906947
3465,19,2,2047-04-01 00:00:00,0.12693966685293026
3466,19,2,2048-04-01 00:00:00,0.1296560712464908
3467,19,2,2049-04-01 00:00:00,0.13268590691623144
3468,19,2,2050-04-01 00:00:00,0.13582021967803232
3469,19,2,2051-04-01 00:00:00,0.13623812804627233
3470,19,2,2052-04-01 00:00:00,0.13707394478275264
3471,19,2,2053-04-01 00:00:00,0.13738737605893275
3472,19,2,2054-04-01 00:00:00,0.13822319279541306
3473,19,3,2023-11-01 00:00:00,0.03792518441778905
3474,19,3,2024-11-01 00:00:00,0.046492305966711014
3475,19,3,2025-11-01 00:00:00,0.05662658389653349
3476,19,3,2026-11-01 00:00:00,0.06717877019459591
3477,19,3,2027-11-01 00:00:00,0.07689513975617829
3478,19,3,2028-11-01 00:00:00,0.08608912385746043
3479,19,3,2029-11-01 00:00:00,0.09653683306346292
3480,19,3,2030-11-01 00:00:00,0.10886512992654591
3481,19,3,2031-11-01 00:00:00,0.12171581224992901
3482,19,3,2032-11-01 00:00:00,0.1347754487574321
3483,19,3,2033-11-01 00:00:00,0.14814851654111533
3484,19,3,2034-11-01 00:00:00,0.16131263014067865
3485,19,3,2035-11-01 00:00:00,0.17447674374024139
3486,19,3,2036-11-01 00:00:00,0.18879010535246513
3487,19,3,2037-11-01 00:00:00,0.20331242114880815
3488,19,3,2038-11-01 00:00:00,0.21773025985309152
3489,19,3,2039-11-01 00:00:00,0.2324615298335553
3490,19,3,2040-11-01 00:00:00,0.24750623109019945
3491,19,3,2041-11-01 00:00:00,0.26265540943890237
3492,19,3,2042-11-01 00:00:00,0.27644638559082557
3493,19,3,2043-11-01 00:00:00,0.28992393046656895
3494,19,3,2044-11-01 00:00:00,0.303088044066132
3495,19,3,2045-11-01 00:00:00,0.3149984325609753
3496,19,3,2046-11-01 00:00:00,0.32711777523993785
3497,19,3,2047-11-01 00:00:00,0.33808786990624057
3498,19,3,2048-11-01 00:00:00,0.3483266249281226
3499,19,3,2049-11-01 00:00:00,0.360968353067386
3500,19,3,2050-11-01 00:00:00,0.36368475746094653
3501,19,3,2051-11-01 00:00:00,0.366610116038627
3502,19,3,2052-11-01 00:00:00,0.3699533829845483
3503,19,3,2053-11-01 00:00:00,0.37381903539076866
3504,19,3,2024-04-01 00:00:00,0.03792518441778905
3505,19,3,2025-04-01 00:00:00,0.04555201213817083
3506,19,3,2026-04-01 00:00:00,0.05380570241091279
3507,19,3,2027-04-01 00:00:00,0.062477301051894904
3508,19,3,2028-04-01 00:00:00,0.07020860586433669
3509,19,3,2029-04-01 00:00:00,0.07793991067677862
3510,19,3,2030-04-01 00:00:00,0.08661150931776067
3511,19,3,2031-04-01 00:00:00,0.09758160398406325
3512,19,3,2032-04-01 00:00:00,0.10823826737418574
3513,19,3,2033-04-01 00:00:00,0.11952179331666841
3514,19,3,2034-04-01 00:00:00,0.1303874108909109
3515,19,3,2035-04-01 00:00:00,0.14177541392545365
3516,19,3,2036-04-01 00:00:00,0.15305893986793648
3517,19,3,2037-04-01 00:00:00,0.16496932836277917
3518,19,3,2038-04-01 00:00:00,0.17677523976556192
3519,19,3,2039-04-01 00:00:00,0.18816324280010496
3520,19,3,2040-04-01 00:00:00,0.20101392512348762
3521,19,3,2041-04-01 00:00:00,0.21407356163099103
3522,19,3,2042-04-01 00:00:00,0.22692424395437427
3523,19,3,2043-04-01 00:00:00,0.23799881571273634
3524,19,3,2044-04-01 00:00:00,0.24855100201079874
3525,19,3,2045-04-01 00:00:00,0.258476325756501
3526,19,3,2046-04-01 00:00:00,0.26923746623868383
3527,19,3,2047-04-01 00:00:00,0.27874488161614636
3528,19,3,2048-04-01 00:00:00,0.28668514061270817
3529,19,3,2049-04-01 00:00:00,0.2957746476219304
3530,19,3,2050-04-01 00:00:00,0.3059089255517525
3531,19,3,2051-04-01 00:00:00,0.3072671277485334
3532,19,3,2052-04-01 00:00:00,0.3095656237738536
3533,19,3,2053-04-01 00:00:00,0.3114462114309341
3534,19,3,2054-04-01 00:00:00,0.3138491845483143
3535,20,1,2023-11-01 00:00:00,0.051611683477652257
3536,20,1,2024-11-01 00:00:00,0.05244750021413251
3537,20,1,2025-11-01 00:00:00,0.053387794042672694
3538,20,1,2026-11-01 00:00:00,0.05474599623945297
3539,20,1,2027-11-01 00:00:00,0.056208675528293395
3540,20,1,2028-11-01 00:00:00,0.05673106098859349
3541,20,1,2029-11-01 00:00:00,0.057462400633013666
3542,20,1,2030-11-01 00:00:00,0.05808926318537377
3543,20,1,2031-11-01 00:00:00,0.05882060282979402
3544,20,1,2032-11-01 00:00:00,0.059342988290094115
3545,20,1,2033-11-01 00:00:00,0.0602832821186343
3546,20,1,2034-11-01 00:00:00,0.060910144670994475
3547,20,1,2035-11-01 00:00:00,0.06174596140747473
3548,20,1,2036-11-01 00:00:00,0.062372823959834824
3549,20,1,2037-11-01 00:00:00,0.06289520942013492
3550,20,1,2038-11-01 00:00:00,0.0634175948804351
3551,20,1,2039-11-01 00:00:00,0.06404445743279526
3552,20,1,2040-11-01 00:00:00,0.06456684289309543
3553,20,1,2041-11-01 00:00:00,0.06519370544545545
3554,20,1,2042-11-01 00:00:00,0.06561161381369562
3555,20,1,2043-11-01 00:00:00,0.06602952218193571
3556,20,1,2044-11-01 00:00:00,0.06602952218193571
3557,20,1,2045-11-01 00:00:00,0.0659250450898757
3558,20,1,2046-11-01 00:00:00,0.06571609090575563
3559,20,1,2047-11-01 00:00:00,0.06519370544545552
3560,20,1,2048-11-01 00:00:00,0.06488027416927544
3561,20,1,2049-11-01 00:00:00,0.06488027416927544
3562,20,1,2050-11-01 00:00:00,0.06519370544545552
3563,20,1,2051-11-01 00:00:00,0.06550713672163554
3564,20,1,2052-11-01 00:00:00,0.0659250450898757
3565,20,1,2053-11-01 00:00:00,0.06602952218193571
3566,20,1,2024-04-01 00:00:00,0.051611683477652257
3567,20,1,2025-04-01 00:00:00,0.052551977306192516
3568,20,1,2026-04-01 00:00:00,0.05391017950297279
3569,20,1,2027-04-01 00:00:00,0.05568629006799323
3570,20,1,2028-04-01 00:00:00,0.056835538080653496
3571,20,1,2029-04-01 00:00:00,0.057775831909193755
3572,20,1,2030-04-01 00:00:00,0.058402694461553856
3573,20,1,2031-04-01 00:00:00,0.059134034105974106
3574,20,1,2032-04-01 00:00:00,0.05986537375039428
3575,20,1,2033-04-01 00:00:00,0.060596713394814386
3576,20,1,2034-04-01 00:00:00,0.06132805303923464
3577,20,1,2035-04-01 00:00:00,0.06205939268365474
3578,20,1,2036-04-01 00:00:00,0.06289520942013499
3579,20,1,2037-04-01 00:00:00,0.0636265490645551
3580,20,1,2038-04-01 00:00:00,0.06435788870897535
3581,20,1,2039-04-01 00:00:00,0.06488027416927544
3582,20,1,2040-04-01 00:00:00,0.06550713672163562
3583,20,1,2041-04-01 00:00:00,0.06613399927399571
3584,20,1,2042-04-01 00:00:00,0.06676086182635589
3585,20,1,2043-04-01 00:00:00,0.06717877019459598
3586,20,1,2044-04-01 00:00:00,0.06738772437871605
3587,20,1,2045-04-01 00:00:00,0.06728324728665598
3588,20,1,2046-04-01 00:00:00,0.06728324728665605
3589,20,1,2047-04-01 00:00:00,0.06707429310253597
3590,20,1,2048-04-01 00:00:00,0.06634295345811579
3591,20,1,2049-04-01 00:00:00,0.06613399927399571
3592,20,1,2050-04-01 00:00:00,0.06602952218193571
3593,20,1,2051-04-01 00:00:00,0.06613399927399578
3594,20,1,2052-04-01 00:00:00,0.0666563847342958
3595,20,1,2053-04-01 00:00:00,0.06676086182635589
3596,20,1,2054-04-01 00:00:00,0.06676086182635589
3597,20,2,2023-11-01 00:00:00,0.051611683477652257
3598,20,2,2024-11-01 00:00:00,0.056208675528293325
3599,20,2,2025-11-01 00:00:00,0.061223575947174556
3600,20,2,2026-11-01 00:00:00,0.06676086182635589
3601,20,2,2027-11-01 00:00:00,0.0729250102578974
3602,20,2,2028-11-01 00:00:00,0.07835781904501864
3603,20,2,2029-11-01 00:00:00,0.08452196747656014
3604,20,2,2030-11-01 00:00:00,0.09089507009222166
3605,20,2,2031-11-01 00:00:00,0.09716369561582323
3606,20,2,2032-11-01 00:00:00,0.1035367982314846
3607,20,2,2033-11-01 00:00:00,0.11032780921538612
3608,20,2,2034-11-01 00:00:00,0.11753672856752796
3609,20,2,2035-11-01 00:00:00,0.12537251047202982
3610,20,2,2036-11-01 00:00:00,0.1337306778368318
3611,20,2,2037-11-01 00:00:00,0.1414619826492737
3612,20,2,2038-11-01 00:00:00,0.14887985618553543
3613,20,2,2039-11-01 00:00:00,0.15577534426149703
3614,20,2,2040-11-01 00:00:00,0.16308874070569893
3615,20,2,2041-11-01 00:00:00,0.1701931829657804
3616,20,2,2042-11-01 00:00:00,0.17750657940998232
3617,20,2,2043-11-01 00:00:00,0.18419311330182378
3618,20,2,2044-11-01 00:00:00,0.19067069300954537
3619,20,2,2045-11-01 00:00:00,0.19610350179666647
3620,20,2,2046-11-01 00:00:00,0.20143183349172794
3621,20,2,2047-11-01 00:00:00,0.2070735964629692
3622,20,2,2048-11-01 00:00:00,0.21240192815803036
3623,20,2,2049-11-01 00:00:00,0.21814816822133185
3624,20,2,2050-11-01 00:00:00,0.21992427878635215
3625,20,2,2051-11-01 00:00:00,0.22149143516725256
3626,20,2,2052-11-01 00:00:00,0.22326754573227287
3627,20,2,2053-11-01 00:00:00,0.2249391792052335
3628,20,2,2024-04-01 00:00:00,0.051611683477652257
3629,20,2,2025-04-01 00:00:00,0.05516390460769306
3630,20,2,2026-04-01 00:00:00,0.05944746538215412
3631,20,2,2027-04-01 00:00:00,0.06435788870897527
3632,20,2,2028-04-01 00:00:00,0.06905935785167634
3633,20,2,2029-04-01 00:00:00,0.07407425827055758
3634,20,2,2030-04-01 00:00:00,0.07898468159737881
3635,20,2,2031-04-01 00:00:00,0.08431301329244013
3636,20,2,2032-04-01 00:00:00,0.08932791371132122
3637,20,2,2033-04-01 00:00:00,0.09434281413020246
3638,20,2,2034-04-01 00:00:00,0.09967114582526362
3639,20,2,2035-04-01 00:00:00,0.1059397713488652
3640,20,2,2036-04-01 00:00:00,0.11273078233276673
3641,20,2,2037-04-01 00:00:00,0.11941731622460848
3642,20,2,2038-04-01 00:00:00,0.1252680333799699
3643,20,2,2039-04-01 00:00:00,0.130909796351211
3644,20,2,2040-04-01 00:00:00,0.13644708223039234
3645,20,2,2041-04-01 00:00:00,0.14250675356987375
3646,20,2,2042-04-01 00:00:00,0.14835747072523534
3647,20,2,2043-04-01 00:00:00,0.1538947566044168
3648,20,2,2044-04-01 00:00:00,0.15880517993123797
3649,20,2,2045-04-01 00:00:00,0.16340217198187904
3650,20,2,2046-04-01 00:00:00,0.16831259530870019
3651,20,2,2047-04-01 00:00:00,0.17280511026728101
3652,20,2,2048-04-01 00:00:00,0.17646180848938214
3653,20,2,2049-04-01 00:00:00,0.18043193798766302
3654,20,2,2050-04-01 00:00:00,0.18492445294624416
3655,20,2,2051-04-01 00:00:00,0.18523788422242426
3656,20,2,2052-04-01 00:00:00,0.18649160932714431
3657,20,2,2053-04-01 00:00:00,0.18701399478744454
3658,20,2,2054-04-01 00:00:00,0.1882677198921646
3659,20,3,2023-11-01 00:00:00,0.051611683477652257
3660,20,3,2024-11-01 00:00:00,0.06331311778837509
3661,20,3,2025-11-01 00:00:00,0.07720857103235837
3662,20,3,2026-11-01 00:00:00,0.09131297846046181
3663,20,3,2027-11-01 00:00:00,0.10458156915208493
3664,20,3,2028-11-01 00:00:00,0.1171188201992878
3665,20,3,2029-11-01 00:00:00,0.13132770471945118
3666,20,3,2030-11-01 00:00:00,0.14814851654111516
3667,20,3,2031-11-01 00:00:00,0.1654917138230794
3668,20,3,2032-11-01 00:00:00,0.18346177365740365
3669,20,3,2033-11-01 00:00:00,0.20164078767584778
3670,20,3,2034-11-01 00:00:00,0.21950637041811213
3671,20,3,2035-11-01 00:00:00,0.23737195316037646
3672,20,3,2036-11-01 00:00:00,0.256700215191481
3673,20,3,2037-11-01 00:00:00,0.27675981686700596
3674,20,3,2038-11-01 00:00:00,0.2961925559901704
3675,20,3,2039-11-01 00:00:00,0.3164611118498149
3676,20,3,2040-11-01 00:00:00,0.33683414480151963
3677,20,3,2041-11-01 00:00:00,0.35752060902940536
3678,20,3,2042-11-01 00:00:00,0.3761175314160895
3679,20,3,2043-11-01 00:00:00,0.3944010225265938
3680,20,3,2044-11-01 00:00:00,0.4123710823609184
3681,20,3,2045-11-01 00:00:00,0.4288784629064015
3682,20,3,2046-11-01 00:00:00,0.44517688926776605
3683,20,3,2047-11-01 00:00:00,0.4602215905244096
3684,20,3,2048-11-01 00:00:00,0.4740125666763328
3685,20,3,2049-11-01 00:00:00,0.49114680977417674
3686,20,3,2050-11-01 00:00:00,0.4949079850883378
3687,20,3,2051-11-01 00:00:00,0.4989825916786786
3688,20,3,2052-11-01 00:00:00,0.5035795837293197
3689,20,3,2053-11-01 00:00:00,0.5086989612402616
3690,20,3,2024-04-01 00:00:00,0.051611683477652257
3691,20,3,2025-04-01 00:00:00,0.06205939268365474
3692,20,3,2026-04-01 00:00:00,0.07313396444201732
3693,20,3,2027-04-01 00:00:00,0.08504435293686023
3694,20,3,2028-04-01 00:00:00,0.09549206214286272
3695,20,3,2029-04-01 00:00:00,0.10604424844092514
3696,20,3,2030-04-01 00:00:00,0.11795463693576798
3697,20,3,2031-04-01 00:00:00,0.1325814298241715
3698,20,3,2032-04-01 00:00:00,0.14731269980463482
3699,20,3,2033-04-01 00:00:00,0.1625663552453987
3700,20,3,2034-04-01 00:00:00,0.1774021023179224
3701,20,3,2035-04-01 00:00:00,0.1929691890348659
3702,20,3,2036-04-01 00:00:00,0.2082228444756293
3703,20,3,2037-04-01 00:00:00,0.22441679374493356
3704,20,3,2038-04-01 00:00:00,0.2404017888301171
3705,20,3,2039-04-01 00:00:00,0.2559688755470609
3706,20,3,2040-04-01 00:00:00,0.27352102701314546
3707,20,3,2041-04-01 00:00:00,0.29128213266334957
3708,20,3,2042-04-01 00:00:00,0.30862532994531305
3709,20,3,2043-04-01 00:00:00,0.3239834624781376
3710,20,3,2044-04-01 00:00:00,0.3381923469983005
3711,20,3,2045-04-01 00:00:00,0.3518788460581638
3712,20,3,2046-04-01 00:00:00,0.36629668476244714
3713,20,3,2047-04-01 00:00:00,0.3794607983620102
3714,20,3,2048-04-01 00:00:00,0.3901174617521325
3715,20,3,2049-04-01 00:00:00,0.40244575861521553
3716,20,3,2050-04-01 00:00:00,0.41623673476713935
3717,20,3,2051-04-01 00:00:00,0.4182217995162792
3718,20,3,2052-04-01 00:00:00,0.4213561122780807
3719,20,3,2053-04-01 00:00:00,0.4237590853954608
3720,20,3,2054-04-01 00:00:00,0.42731130652550203
3721,21,1,2023-11-01 00:00:00,0.3944381652562307
3722,21,1,2024-11-01 00:00:00,0.40014571790170606
3723,21,1,2025-11-01 00:00:00,0.4083214014209005
3724,21,1,2026-11-01 00:00:00,0.41865669945459916
3725,21,1,2027-11-01 00:00:00,0.42914625566790526
3726,21,1,2028-11-01 00:00:00,0.43377400105612857
3727,21,1,2029-11-01 00:00:00,0.43963581188121137
3728,21,1,2030-11-01 00:00:00,0.44395504091021976
3729,21,1,2031-11-01 00:00:00,0.44919981901687284
3730,21,1,2032-11-01 00:00:00,0.4538275644050961
3731,21,1,2033-11-01 00:00:00,0.46030640794860866
3732,21,1,2034-11-01 00:00:00,0.46570544423486915
3733,21,1,2035-11-01 00:00:00,0.47156725505995195
3734,21,1,2036-11-01 00:00:00,0.4766577749869976
3735,21,1,2037-11-01 00:00:00,0.48097700401600596
3736,21,1,2038-11-01 00:00:00,0.4849877166857995
3737,21,1,2039-11-01 00:00:00,0.4891526875352004
3738,21,1,2040-11-01 00:00:00,0.4940889492826386
3739,21,1,2041-11-01 00:00:00,0.4980996619524321
3740,21,1,2042-11-01 00:00:00,0.5018018582630107
3741,21,1,2043-11-01 00:00:00,0.5039614727775149
3742,21,1,2044-11-01 00:00:00,0.505041280034767
3743,21,1,2045-11-01 00:00:00,0.5038072145979074
3744,21,1,2046-11-01 00:00:00,0.5019561164426182
3745,21,1,2047-11-01 00:00:00,0.49887095285046934
3746,21,1,2048-11-01 00:00:00,0.49563153107871305
3747,21,1,2049-11-01 00:00:00,0.4960943056175353
3748,21,1,2050-11-01 00:00:00,0.4980996619524321
3749,21,1,2051-11-01 00:00:00,0.5007220510057586
3750,21,1,2052-11-01 00:00:00,0.5034986982386926
3751,21,1,2053-11-01 00:00:00,0.5042699891367297
3752,21,1,2024-04-01 00:00:00,0.3944381652562307
3753,21,1,2025-04-01 00:00:00,0.40168829969778047
3754,21,1,2026-04-01 00:00:00,0.4120235977314792
3755,21,1,2027-04-01 00:00:00,0.42498128481850433
3756,21,1,2028-04-01 00:00:00,0.43423677559495083
3757,21,1,2029-04-01 00:00:00,0.4411783936772858
3758,21,1,2030-04-01 00:00:00,0.44642317178393887
3759,21,1,2031-04-01 00:00:00,0.4521307244294142
3760,21,1,2032-04-01 00:00:00,0.45768401889528215
3761,21,1,2033-04-01 00:00:00,0.46292879700193523
3762,21,1,2034-04-01 00:00:00,0.4684820914678031
3763,21,1,2035-04-01 00:00:00,0.47465241865210084
3764,21,1,2036-04-01 00:00:00,0.48082274583639856
3765,21,1,2037-04-01 00:00:00,0.4865302984818739
3766,21,1,2038-04-01 00:00:00,0.4920835929477418
3767,21,1,2039-04-01 00:00:00,0.49547727289910554
3768,21,1,2040-04-01 00:00:00,0.5001050182873289
3769,21,1,2041-04-01 00:00:00,0.5051955382143745
3770,21,1,2042-04-01 00:00:00,0.5098232836025977
3771,21,1,2043-04-01 00:00:00,0.513371221733569
3772,21,1,2044-04-01 00:00:00,0.5147595453500359
3773,21,1,2045-04-01 00:00:00,0.5139882544519987
3774,21,1,2046-04-01 00:00:00,0.5144510289908211
3775,21,1,2047-04-01 00:00:00,0.5124456726559242
3776,21,1,2048-04-01 00:00:00,0.5072008945492712
3777,21,1,2049-04-01 00:00:00,0.5055040545735894
3778,21,1,2050-04-01 00:00:00,0.5051955382143745
3779,21,1,2051-04-01 00:00:00,0.5055040545735894
3780,21,1,2052-04-01 00:00:00,0.5096690254229903
3781,21,1,2053-04-01 00:00:00,0.510594574500635
3782,21,1,2054-04-01 00:00:00,0.5107488326802424
3783,21,2,2023-11-01 00:00:00,0.3944381652562307
3784,21,2,2024-11-01 00:00:00,0.42930051384751267
3785,21,2,2025-11-01 00:00:00,0.4680193169289808
3786,21,2,2026-11-01 00:00:00,0.5104403163210276
3787,21,2,2027-11-01 00:00:00,0.5565635120236528
3788,21,2,2028-11-01 00:00:00,0.5996015441341292
3789,21,2,2029-11-01 00:00:00,0.646187514375577
3790,21,2,2030-11-01 00:00:00,0.6952416154907437
3791,21,2,2031-11-01 00:00:00,0.7432159093486583
3792,21,2,2032-11-01 00:00:00,0.791190203206573
3793,21,2,2033-11-01 00:00:00,0.8431752097342811
3794,21,2,2034-11-01 00:00:00,0.8987081543929605
3795,21,2,2035-11-01 00:00:00,0.9584060699010408
3796,21,2,2036-11-01 00:00:00,1.0216519235400923
3797,21,2,2037-11-01 00:00:00,1.0807328063297428
3798,21,2,2038-11-01 00:00:00,1.1379625909641038
3799,21,2,2039-11-01 00:00:00,1.1904103720306345
3800,21,2,2040-11-01 00:00:00,1.2457890585097064
3801,21,2,2041-11-01 00:00:00,1.300396454090741
3802,21,2,2042-11-01 00:00:00,1.3570092060066723
3803,21,2,2043-11-01 00:00:00,1.407451630738306
3804,21,2,2044-11-01 00:00:00,1.4571227645719025
3805,21,2,2045-11-01 00:00:00,1.4986182148863048
3806,21,2,2046-11-01 00:00:00,1.5393423743026695
3807,21,2,2047-11-01 00:00:00,1.5822261482335385
3808,21,2,2048-11-01 00:00:00,1.6229503076499032
3809,21,2,2049-11-01 00:00:00,1.6676851797360617
3810,21,2,2050-11-01 00:00:00,1.6803343504638721
3811,21,2,2051-11-01 00:00:00,1.69252074665286
3812,21,2,2052-11-01 00:00:00,1.7065582409971372
3813,21,2,2053-11-01 00:00:00,1.7193616699045549
3814,21,2,2024-04-01 00:00:00,0.3944381652562307
3815,21,2,2025-04-01 00:00:00,0.42158760486714053
3816,21,2,2026-04-01 00:00:00,0.4542903389439184
3817,21,2,2027-04-01 00:00:00,0.4920835929477418
3818,21,2,2028-04-01 00:00:00,0.5284885233350982
3819,21,2,2029-04-01 00:00:00,0.565664744620492
3820,21,2,2030-04-01 00:00:00,0.6036122568039228
3821,21,2,2031-04-01 00:00:00,0.64479919075911
3822,21,2,2032-04-01 00:00:00,0.6827467029425408
3823,21,2,2033-04-01 00:00:00,0.7213112478444015
3824,21,2,2034-04-01 00:00:00,0.7612641163627292
3825,21,2,2035-04-01 00:00:00,0.810009701118681
3826,21,2,2036-04-01 00:00:00,0.8613776749279595
3827,21,2,2037-04-01 00:00:00,0.9127456487372377
3828,21,2,2038-04-01 00:00:00,0.9579432953622184
3829,21,2,2039-04-01 00:00:00,1.0005185529338725
3830,21,2,2040-04-01 00:00:00,1.0429395523259193
3831,21,2,2041-04-01 00:00:00,1.0893712643877596
3832,21,2,2042-04-01 00:00:00,1.1339518782943105
3833,21,2,2043-04-01 00:00:00,1.1765271358659646
3834,21,2,2044-04-01 00:00:00,1.2137033571513582
3835,21,2,2045-04-01 00:00:00,1.2490284802814626
3836,21,2,2046-04-01 00:00:00,1.2863589597464637
3837,21,2,2047-04-01 00:00:00,1.3201415010804936
3838,21,2,2048-04-01 00:00:00,1.3483707479486555
3839,21,2,2049-04-01 00:00:00,1.3795309002293592
3840,21,2,2050-04-01 00:00:00,1.413313441563389
3841,21,2,2051-04-01 00:00:00,1.4160900887963228
3842,21,2,2052-04-01 00:00:00,1.4258083541115918
3843,21,2,2053-04-01 00:00:00,1.429047775883348
3844,21,2,2054-04-01 00:00:00,1.438457524839402
3845,21,3,2023-11-01 00:00:00,0.3944381652562307
3846,21,3,2024-11-01 00:00:00,0.4840621676081548
3847,21,3,2025-11-01 00:00:00,0.5897290206392529
3848,21,3,2026-11-01 00:00:00,0.6983267790828926
3849,21,3,2027-11-01 00:00:00,0.7998286612645898
3850,21,3,2028-11-01 00:00:00,0.8953144744415967
3851,21,3,2029-11-01 00:00:00,1.0037579747056287
3852,21,3,2030-11-01 00:00:00,1.1322550383186287
3853,21,3,2031-11-01 00:00:00,1.2650713309606367
3854,21,3,2032-11-01 00:00:00,1.4017440780928307
3855,21,3,2033-11-01 00:00:00,1.5413477306375662
3856,21,3,2034-11-01 00:00:00,1.6777119614105456
3857,21,3,2035-11-01 00:00:00,1.814538966722347
3858,21,3,2036-11-01 00:00:00,1.9624725609658844
3859,21,3,2037-11-01 00:00:00,2.1150339005976453
3860,21,3,2038-11-01 00:00:00,2.263893043918827
3861,21,3,2039-11-01 00:00:00,2.4183054817058776
3862,21,3,2040-11-01 00:00:00,2.573951984929787
3863,21,3,2041-11-01 00:00:00,2.7320666190274157
3864,21,3,2042-11-01 00:00:00,2.874446918805085
3865,21,3,2043-11-01 00:00:00,3.014821862247858
3866,21,3,2044-11-01 00:00:00,3.1519573839188744
3867,21,3,2045-11-01 00:00:00,3.2769065094009027
3868,21,3,2046-11-01 00:00:00,3.4021641512421463
3869,21,3,2047-11-01 00:00:00,3.5169322368700837
3870,21,3,2048-11-01 00:00:00,3.6224448317215745
3871,21,3,2049-11-01 00:00:00,3.753872800747115
3872,21,3,2050-11-01 00:00:00,3.782256305794885
3873,21,3,2051-11-01 00:00:00,3.813107941716373
3874,21,3,2052-11-01 00:00:00,3.8484330648464775
3875,21,3,2053-11-01 00:00:00,3.8877689006463756
3876,21,3,2024-04-01 00:00:00,0.3944381652562307
3877,21,3,2025-04-01 00:00:00,0.4743439022928859
3878,21,3,2026-04-01 00:00:00,0.5588773847177644
3879,21,3,2027-04-01 00:00:00,0.6501982270453704
3880,21,3,2028-04-01 00:00:00,0.7297954477228109
3881,21,3,2029-04-01 00:00:00,0.8104724756575034
3882,21,3,2030-04-01 00:00:00,0.901330543446287
3883,21,3,2031-04-01 00:00:00,1.0140932727393275
3884,21,3,2032-04-01 00:00:00,1.1259304529547234
3885,21,3,2033-04-01 00:00:00,1.2427038949175575
3886,21,3,2034-04-01 00:00:00,1.3559293987494203
3887,21,3,2035-04-01 00:00:00,1.4742454225083286
3888,21,3,2036-04-01 00:00:00,1.5913273808303776
3889,21,3,2037-04-01 00:00:00,1.715196699055154
3890,21,3,2038-04-01 00:00:00,1.8376776936634633
3891,21,3,2039-04-01 00:00:00,1.9566107501408017
3892,21,3,2040-04-01 00:00:00,2.090506850040062
3893,21,3,2041-04-01 00:00:00,2.226408306274219
3894,21,3,2042-04-01 00:00:00,2.3593788570958343
3895,21,3,2043-04-01 00:00:00,2.4756895245198463
3896,21,3,2044-04-01 00:00:00,2.5845957993227007
3897,21,3,2045-04-01 00:00:00,2.6887200705577246
3898,21,3,2046-04-01 00:00:00,2.799785959875083
3899,21,3,2047-04-01 00:00:00,2.8997452602607057
3900,21,3,2048-04-01 00:00:00,2.98150209545265
3901,21,3,2049-04-01 00:00:00,3.0760623595520125
3902,21,3,2050-04-01 00:00:00,3.1812664380442883
3903,21,3,2051-04-01 00:00:00,3.19622948146621
3904,21,3,2052-04-01 00:00:00,3.219830982946149
3905,21,3,2053-04-01 00:00:00,3.2388047390378647
3906,21,3,2054-04-01 00:00:00,3.2650286295711295
3907,22,1,2023-11-01 00:00:00,0.22259455317353963
3908,22,1,2024-11-01 00:00:00,0.2258339749452959
3909,22,1,2025-11-01 00:00:00,0.2304617203335192
3910,22,1,2026-11-01 00:00:00,0.23632353115860205
3911,22,1,2027-11-01 00:00:00,0.2421853419836849
3912,22,1,2028-11-01 00:00:00,0.2448077310370114
3913,22,1,2029-11-01 00:00:00,0.24804715280876766
3914,22,1,2030-11-01 00:00:00,0.25036102550287925
3915,22,1,2031-11-01 00:00:00,0.2536004472746356
3916,22,1,2032-11-01 00:00:00,0.2560685781483547
3917,22,1,2033-11-01 00:00:00,0.2597707744589333
3918,22,1,2034-11-01 00:00:00,0.2628559380510821
3919,22,1,2035-11-01 00:00:00,0.26609535982283844
3920,22,1,2036-11-01 00:00:00,0.2688720070557724
3921,22,1,2037-11-01 00:00:00,0.2713401379294916
3922,22,1,2038-11-01 00:00:00,0.2736540106236031
3923,22,1,2039-11-01 00:00:00,0.27612214149732217
3924,22,1,2040-11-01 00:00:00,0.27889878873025614
3925,22,1,2041-11-01 00:00:00,0.2810584032447604
3926,22,1,2042-11-01 00:00:00,0.2832180177592646
3927,22,1,2043-11-01 00:00:00,0.2844520831961241
3928,22,1,2044-11-01 00:00:00,0.28506911591455386
3929,22,1,2045-11-01 00:00:00,0.2842978250165168
3930,22,1,2046-11-01 00:00:00,0.2832180177592646
3931,22,1,2047-11-01 00:00:00,0.2815211777835827
3932,22,1,2048-11-01 00:00:00,0.2796700796282933
3933,22,1,2049-11-01 00:00:00,0.27997859598750835
3934,22,1,2050-11-01 00:00:00,0.2810584032447604
3935,22,1,2051-11-01 00:00:00,0.2824467268612274
3936,22,1,2052-11-01 00:00:00,0.2841435668369093
3937,22,1,2053-11-01 00:00:00,0.2846063413757316
3938,22,1,2024-04-01 00:00:00,0.22259455317353963
3939,22,1,2025-04-01 00:00:00,0.22660526584333313
3940,22,1,2026-04-01 00:00:00,0.23246707666841598
3941,22,1,2027-04-01 00:00:00,0.2397172111099658
3942,22,1,2028-04-01 00:00:00,0.24496198921661885
3943,22,1,2029-04-01 00:00:00,0.24897270188641232
3944,22,1,2030-04-01 00:00:00,0.2520578654785612
3945,22,1,2031-04-01 00:00:00,0.25514302907071007
3946,22,1,2032-04-01 00:00:00,0.2582281926628588
3947,22,1,2033-04-01 00:00:00,0.26131335625500773
3948,22,1,2034-04-01 00:00:00,0.2645527780267641
3949,22,1,2035-04-01 00:00:00,0.26779219979852037
3950,22,1,2036-04-01 00:00:00,0.27134013792949147
3951,22,1,2037-04-01 00:00:00,0.27442530152164035
3952,22,1,2038-04-01 00:00:00,0.27766472329339664
3953,22,1,2039-04-01 00:00:00,0.27951582144868603
3954,22,1,2040-04-01 00:00:00,0.2822924686816199
3955,22,1,2041-04-01 00:00:00,0.28506911591455386
3956,22,1,2042-04-01 00:00:00,0.2876915049678805
3957,22,1,2043-04-01 00:00:00,0.2898511194823846
3958,22,1,2044-04-01 00:00:00,0.29046815220081446
3959,22,1,2045-04-01 00:00:00,0.290005377661992
3960,22,1,2046-04-01 00:00:00,0.29031389402120694
3961,22,1,2047-04-01 00:00:00,0.28907982858434744
3962,22,1,2048-04-01 00:00:00,0.28630318135141336
3963,22,1,2049-04-01 00:00:00,0.2853776322737688
3964,22,1,2050-04-01 00:00:00,0.28506911591455386
3965,22,1,2051-04-01 00:00:00,0.28522337409416126
3966,22,1,2052-04-01 00:00:00,0.2876915049678804
3967,22,1,2053-04-01 00:00:00,0.28815427950670275
3968,22,1,2054-04-01 00:00:00,0.28830853768631015
3969,22,2,2023-11-01 00:00:00,0.22259455317353963
3970,22,2,2024-11-01 00:00:00,0.2423396001632923
3971,22,2,2025-11-01 00:00:00,0.2640900034879417
3972,22,2,2026-11-01 00:00:00,0.28815427950670275
3973,22,2,2027-11-01 00:00:00,0.31406965368075307
3974,22,2,2028-11-01 00:00:00,0.33828818787912157
3975,22,2,2029-11-01 00:00:00,0.36451207841238675
3976,22,2,2030-11-01 00:00:00,0.392432808921334
3977,22,2,2031-11-01 00:00:00,0.41942799035263645
3978,22,2,2032-11-01 00:00:00,0.4464231717839389
3979,22,2,2033-11-01 00:00:00,0.475732225909353
3980,22,2,2034-11-01 00:00:00,0.5072008945492712
3981,22,2,2035-11-01 00:00:00,0.5408291777036937
3982,22,2,2036-11-01 00:00:00,0.5766170753726203
3983,22,2,2037-11-01 00:00:00,0.6099368421678278
3984,22,2,2038-11-01 00:00:00,0.6421768017057836
3985,22,2,2039-11-01 00:00:00,0.67194863037002
3986,22,2,2040-11-01 00:00:00,0.7029545244711157
3987,22,2,2041-11-01 00:00:00,0.7338061603926045
3988,22,2,2042-11-01 00:00:00,0.7657376035713452
3989,22,2,2043-11-01 00:00:00,0.7942753667987218
3990,22,2,2044-11-01 00:00:00,0.822196097307669
3991,22,2,2045-11-01 00:00:00,0.8457975987876074
3992,22,2,2046-11-01 00:00:00,0.8687820675491167
3993,22,2,2047-11-01 00:00:00,0.8930006017474853
3994,22,2,2048-11-01 00:00:00,0.9158308123293869
3995,22,2,2049-11-01 00:00:00,0.9411291537850073
3996,22,2,2050-11-01 00:00:00,0.9482250300469496
3997,22,2,2051-11-01 00:00:00,0.9551666481292843
3998,22,2,2052-11-01 00:00:00,0.9630338152892641
3999,22,2,2053-11-01 00:00:00,0.9702839497308141
4000,22,2,2024-04-01 00:00:00,0.22259455317353963
4001,22,2,2025-04-01 00:00:00,0.2378661129546765
4002,22,2,2026-04-01 00:00:00,0.25622283632796217
4003,22,2,2027-04-01 00:00:00,0.27751046511378924
4004,22,2,2028-04-01 00:00:00,0.2981810611811866
4005,22,2,2029-04-01 00:00:00,0.3193144317874061
4006,22,2,2030-04-01 00:00:00,0.3407563187528406
4007,22,2,2031-04-01 00:00:00,0.3638950456939571
4008,22,2,2032-04-01 00:00:00,0.3853369326593915
4009,22,2,2033-04-01 00:00:00,0.40693307780443355
4010,22,2,2034-04-01 00:00:00,0.42960903020672764
4011,22,2,2035-04-01 00:00:00,0.45706698617685243
4012,22,2,2036-04-01 00:00:00,0.48622178212265893
4013,22,2,2037-04-01 00:00:00,0.5150680617092508
4014,22,2,2038-04-01 00:00:00,0.5405206613444787
4015,22,2,2039-04-01 00:00:00,0.5647391955428472
4016,22,2,2040-04-01 00:00:00,0.5884949552023936
4017,22,2,2041-04-01 00:00:00,0.6148731039152662
4018,22,2,2042-04-01 00:00:00,0.6398629290116716
4019,22,2,2043-04-01 00:00:00,0.663927205030433
4020,22,2,2044-04-01 00:00:00,0.6850605756366525
4021,22,2,2045-04-01 00:00:00,0.7049598808060127
4022,22,2,2046-04-01 00:00:00,0.7259389932326246
4023,22,2,2047-04-01 00:00:00,0.7450670075039476
4024,22,2,2048-04-01 00:00:00,0.7608013418239067
4025,22,2,2049-04-01 00:00:00,0.7785410324787627
4026,22,2,2050-04-01 00:00:00,0.797514788570478
4027,22,2,2051-04-01 00:00:00,0.7990573703665526
4028,22,2,2052-04-01 00:00:00,0.8046106648324205
4029,22,2,2053-04-01 00:00:00,0.8064617629877097
4030,22,2,2054-04-01 00:00:00,0.8118607992739703
4031,22,3,2023-11-01 00:00:00,0.22259455317353963
4032,22,3,2024-11-01 00:00:00,0.2733454942643883
4033,22,3,2025-11-01 00:00:00,0.33273489341325363
4034,22,3,2026-11-01 00:00:00,0.39397539071740834
4035,22,3,2027-11-01 00:00:00,0.451359433531377
4036,22,3,2028-11-01 00:00:00,0.5051955382143746
4037,22,3,2029-11-01 00:00:00,0.5664360355185294
4038,22,3,2030-11-01 00:00:00,0.638937379934027
4039,22,3,2031-11-01 00:00:00,0.713906855223244
4040,22,3,2032-11-01 00:00:00,0.7910359450269656
4041,22,3,2033-11-01 00:00:00,0.8698618748063687
4042,22,3,2034-11-01 00:00:00,0.9468367064304822
4043,22,3,2035-11-01 00:00:00,1.0241200544138116
4044,22,3,2036-11-01 00:00:00,1.1074194714018302
4045,22,3,2037-11-01 00:00:00,1.1936497938023907
4046,22,3,2038-11-01 00:00:00,1.2775662435088397
4047,22,3,2039-11-01 00:00:00,1.3647221149870445
4048,22,3,2040-11-01 00:00:00,1.4526492773632862
4049,22,3,2041-11-01 00:00:00,1.5418105051763884
4050,22,3,2042-11-01 00:00:00,1.6221790167518662
4051,22,3,2043-11-01 00:00:00,1.701467721070092
4052,22,3,2044-11-01 00:00:00,1.77875106905342
4053,22,3,2045-11-01 00:00:00,1.8494013153136288
4054,22,3,2046-11-01 00:00:00,1.9198973033942301
4055,22,3,2047-11-01 00:00:00,1.9846857388293557
4056,22,3,2048-11-01 00:00:00,2.0443836543374365
4057,22,3,2049-11-01 00:00:00,2.1185818387286166
4058,22,3,2050-11-01 00:00:00,2.1344704312281833
4059,22,3,2051-11-01 00:00:00,2.151747347344217
4060,22,3,2052-11-01 00:00:00,2.171800910693184
4061,22,3,2053-11-01 00:00:00,2.1938598303770482
4062,22,3,2024-04-01 00:00:00,0.22259455317353963
4063,22,3,2025-04-01 00:00:00,0.2676379416189129
4064,22,3,2026-04-01 00:00:00,0.31530371911761274
4065,22,3,2027-04-01 00:00:00,0.36698020928610586
4066,22,3,2028-04-01 00:00:00,0.4118693395518717
4067,22,3,2029-04-01 00:00:00,0.45737550253606724
4068,22,3,2030-04-01 00:00:00,0.5087434763453456
4069,22,3,2031-04-01 00:00:00,0.5721435881640046
4070,22,3,2032-04-01 00:00:00,0.6353894418030561
4071,22,3,2033-04-01 00:00:00,0.7014119426750414
4072,22,3,2034-04-01 00:00:00,0.7651205708529151
4073,22,3,2035-04-01 00:00:00,0.8319143626229379
4074,22,3,2036-04-01 00:00:00,0.8979368634949234
4075,22,3,2037-04-01 00:00:00,0.9679700770367022
4076,22,3,2038-04-01 00:00:00,1.0370777415008368
4077,22,3,2039-04-01 00:00:00,1.1041800496300738
4078,22,3,2040-04-01 00:00:00,1.1796122994581133
4079,22,3,2041-04-01 00:00:00,1.256587131082227
4080,22,3,2042-04-01 00:00:00,1.331402348191837
4081,22,3,2043-04-01 00:00:00,1.3971163327046074
4082,22,3,2044-04-01 00:00:00,1.4585110881883698
4083,22,3,2045-04-01 00:00:00,1.5172834546188054
4084,22,3,2046-04-01 00:00:00,1.5800665337190345
4085,22,3,2047-04-01 00:00:00,1.6363707692757512
4086,22,3,2048-04-01 00:00:00,1.6824939649783766
4087,22,3,2049-04-01 00:00:00,1.7358672951225513
4088,22,3,2050-04-01 00:00:00,1.7952566942714172
4089,22,3,2051-04-01 00:00:00,1.8037408941498263
4090,22,3,2052-04-01 00:00:00,1.817007097596066
4091,22,3,2053-04-01 00:00:00,1.8276509119889794
4092,22,3,2054-04-01 00:00:00,1.842613955410902
4093,23,1,2023-11-01 00:00:00,0.055995719197501695
4094,23,1,2024-11-01 00:00:00,0.05676701009553887
4095,23,1,2025-11-01 00:00:00,0.05800107553239849
4096,23,1,2026-11-01 00:00:00,0.059389399148865415
4097,23,1,2027-11-01 00:00:00,0.060931980944939755
4098,23,1,2028-11-01 00:00:00,0.06170327184297703
4099,23,1,2029-11-01 00:00:00,0.06247456274101431
4100,23,1,2030-11-01 00:00:00,0.06309159545944407
4101,23,1,2031-11-01 00:00:00,0.06370862817787372
4102,23,1,2032-11-01 00:00:00,0.064479919075911
4103,23,1,2033-11-01 00:00:00,0.06540546815355569
4104,23,1,2034-11-01 00:00:00,0.06617675905159297
4105,23,1,2035-11-01 00:00:00,0.06694804994963002
4106,23,1,2036-11-01 00:00:00,0.0677193408476673
4107,23,1,2037-11-01 00:00:00,0.06833637356609706
4108,23,1,2038-11-01 00:00:00,0.06895340628452681
4109,23,1,2039-11-01 00:00:00,0.06941618082334916
4110,23,1,2040-11-01 00:00:00,0.07018747172138633
4111,23,1,2041-11-01 00:00:00,0.07065024626020878
4112,23,1,2042-11-01 00:00:00,0.07126727897863844
4113,23,1,2043-11-01 00:00:00,0.07157579533785337
4114,23,1,2044-11-01 00:00:00,0.07173005351746078
4115,23,1,2045-11-01 00:00:00,0.07157579533785326
4116,23,1,2046-11-01 00:00:00,0.07126727897863855
4117,23,1,2047-11-01 00:00:00,0.0709587626194235
4118,23,1,2048-11-01 00:00:00,0.07034172990099385
4119,23,1,2049-11-01 00:00:00,0.07034172990099374
4120,23,1,2050-11-01 00:00:00,0.0708045044398162
4121,23,1,2051-11-01 00:00:00,0.07111302079903102
4122,23,1,2052-11-01 00:00:00,0.07142153715824584
4123,23,1,2053-11-01 00:00:00,0.07157579533785337
4124,23,1,2024-04-01 00:00:00,0.055995719197501695
4125,23,1,2025-04-01 00:00:00,0.0570755264547538
4126,23,1,2026-04-01 00:00:00,0.05846385007122073
4127,23,1,2027-04-01 00:00:00,0.06031494822651
4128,23,1,2028-04-01 00:00:00,0.06170327184297703
4129,23,1,2029-04-01 00:00:00,0.06262882092062161
4130,23,1,2030-04-01 00:00:00,0.06340011181865889
4131,23,1,2031-04-01 00:00:00,0.06417140271669607
4132,23,1,2032-04-01 00:00:00,0.06494269361473334
4133,23,1,2033-04-01 00:00:00,0.06571398451277051
4134,23,1,2034-04-01 00:00:00,0.06648527541080768
4135,23,1,2035-04-01 00:00:00,0.06741082448845237
4136,23,1,2036-04-01 00:00:00,0.06833637356609706
4137,23,1,2037-04-01 00:00:00,0.06910766446413434
4138,23,1,2038-04-01 00:00:00,0.06987895536217151
4139,23,1,2039-04-01 00:00:00,0.07034172990099374
4140,23,1,2040-04-01 00:00:00,0.0709587626194236
4141,23,1,2041-04-01 00:00:00,0.07173005351746088
4142,23,1,2042-04-01 00:00:00,0.07234708623589053
4143,23,1,2043-04-01 00:00:00,0.07280986077471288
4144,23,1,2044-04-01 00:00:00,0.0731183771339277
4145,23,1,2045-04-01 00:00:00,0.07296411895432041
4146,23,1,2046-04-01 00:00:00,0.0731183771339277
4147,23,1,2047-04-01 00:00:00,0.07280986077471288
4148,23,1,2048-04-01 00:00:00,0.07203856987667571
4149,23,1,2049-04-01 00:00:00,0.07173005351746078
4150,23,1,2050-04-01 00:00:00,0.07173005351746088
4151,23,1,2051-04-01 00:00:00,0.07173005351746078
4152,23,1,2052-04-01 00:00:00,0.07234708623589065
4153,23,1,2053-04-01 00:00:00,0.07250134441549795
4154,23,1,2054-04-01 00:00:00,0.07250134441549806
4155,23,2,2023-11-01 00:00:00,0.055995719197501695
4156,23,2,2024-11-01 00:00:00,0.060931980944939866
4157,23,2,2025-11-01 00:00:00,0.06648527541080779
4158,23,2,2026-11-01 00:00:00,0.07250134441549795
4159,23,2,2027-11-01 00:00:00,0.07898018795901067
4160,23,2,2028-11-01 00:00:00,0.08515051514330825
4161,23,2,2029-11-01 00:00:00,0.09178361686642839
4162,23,2,2030-11-01 00:00:00,0.09872523494876312
4163,23,2,2031-11-01 00:00:00,0.10551259485149056
4164,23,2,2032-11-01 00:00:00,0.11229995475421822
4165,23,2,2033-11-01 00:00:00,0.11970434737537552
4166,23,2,2034-11-01 00:00:00,0.12757151453535495
4167,23,2,2035-11-01 00:00:00,0.13605571441376446
4168,23,2,2036-11-01 00:00:00,0.14500268883099612
4169,23,2,2037-11-01 00:00:00,0.15333263052979812
4170,23,2,2038-11-01 00:00:00,0.16150831404899235
4171,23,2,2039-11-01 00:00:00,0.16891270667014968
4172,23,2,2040-11-01 00:00:00,0.1767798738301291
4173,23,2,2041-11-01 00:00:00,0.18449278281050144
4174,23,2,2042-11-01 00:00:00,0.19266846632969548
4175,23,2,2043-11-01 00:00:00,0.19976434259163842
4176,23,2,2044-11-01 00:00:00,0.20686021885358044
4177,23,2,2045-11-01 00:00:00,0.21272202967866363
4178,23,2,2046-11-01 00:00:00,0.21842958232413864
4179,23,2,2047-11-01 00:00:00,0.22459990950843645
4180,23,2,2048-11-01 00:00:00,0.2304617203335192
4181,23,2,2049-11-01 00:00:00,0.2367863056974243
4182,23,2,2050-11-01 00:00:00,0.23848314567310636
4183,23,2,2051-11-01 00:00:00,0.24017998564878842
4184,23,2,2052-11-01 00:00:00,0.24233960016329242
4185,23,2,2053-11-01 00:00:00,0.24419069831858137
4186,23,2,2024-04-01 00:00:00,0.055995719197501695
4187,23,2,2025-04-01 00:00:00,0.05985217368768776
4188,23,2,2026-04-01 00:00:00,0.064479919075911
4189,23,2,2027-04-01 00:00:00,0.06987895536217151
4190,23,2,2028-04-01 00:00:00,0.07512373346882449
4191,23,2,2029-04-01 00:00:00,0.08021425339587018
4192,23,2,2030-04-01 00:00:00,0.08561328968213058
4193,23,2,2031-04-01 00:00:00,0.09162935868682086
4194,23,2,2032-04-01 00:00:00,0.09687413679347395
4195,23,2,2033-04-01 00:00:00,0.10242743125934188
4196,23,2,2034-04-01 00:00:00,0.10798072572520981
4197,23,2,2035-04-01 00:00:00,0.11507660198715207
4198,23,2,2036-04-01 00:00:00,0.12217247824909455
4199,23,2,2037-04-01 00:00:00,0.12957687087025163
4200,23,2,2038-04-01 00:00:00,0.13605571441376424
4201,23,2,2039-04-01 00:00:00,0.14207178341845475
4202,23,2,2040-04-01 00:00:00,0.1480878524231448
4203,23,2,2041-04-01 00:00:00,0.1545666959666574
4204,23,2,2042-04-01 00:00:00,0.1608912813305627
4205,23,2,2043-04-01 00:00:00,0.16706160851486007
4206,23,2,2044-04-01 00:00:00,0.17230638662151318
4207,23,2,2045-04-01 00:00:00,0.17724264836895146
4208,23,2,2046-04-01 00:00:00,0.18264168465521208
4209,23,2,2047-04-01 00:00:00,0.1874236882230428
4210,23,2,2048-04-01 00:00:00,0.1914344008928362
4211,23,2,2049-04-01 00:00:00,0.1959078881014519
4212,23,2,2050-04-01 00:00:00,0.20053563348967535
4213,23,2,2051-04-01 00:00:00,0.201152666208105
4214,23,2,2052-04-01 00:00:00,0.20238673164496473
4215,23,2,2053-04-01 00:00:00,0.20284950618378708
4216,23,2,2054-04-01 00:00:00,0.2040835716206468
4217,23,3,2023-11-01 00:00:00,0.055995719197501695
4218,23,3,2024-11-01 00:00:00,0.06864488992531188
4219,23,3,2025-11-01 00:00:00,0.0836079333472339
4220,23,3,2026-11-01 00:00:00,0.09918800948758547
4221,23,3,2027-11-01 00:00:00,0.11353402019107774
4222,23,3,2028-11-01 00:00:00,0.1271087399965326
4223,23,3,2029-11-01 00:00:00,0.14253455795727688
4224,23,3,2030-11-01 00:00:00,0.1607370231509552
4225,23,3,2031-11-01 00:00:00,0.1797107792426707
4226,23,3,2032-11-01 00:00:00,0.19899305169360101
4227,23,3,2033-11-01 00:00:00,0.2187380986833537
4228,23,3,2034-11-01 00:00:00,0.23817462931389174
4229,23,3,2035-11-01 00:00:00,0.25761115994442896
4230,23,3,2036-11-01 00:00:00,0.2787445305506491
4231,23,3,2037-11-01 00:00:00,0.30018641751608294
4232,23,3,2038-11-01 00:00:00,0.32147404630190995
4233,23,3,2039-11-01 00:00:00,0.34322444962655974
4234,23,3,2040-11-01 00:00:00,0.36543762749003234
4235,23,3,2041-11-01 00:00:00,0.38780506353311045
4236,23,3,2042-11-01 00:00:00,0.4081671432412928
4237,23,3,2043-11-01 00:00:00,0.42806644841065317
4238,23,3,2044-11-01 00:00:00,0.4475029790411908
4239,23,3,2045-11-01 00:00:00,0.4650884115164399
4240,23,3,2046-11-01 00:00:00,0.48298236035090275
4241,23,3,2047-11-01 00:00:00,0.4991794692096844
4242,23,3,2048-11-01 00:00:00,0.5142967708112132
4243,23,3,2049-11-01 00:00:00,0.5329620105437143
4244,23,3,2050-11-01 00:00:00,0.5369727232135076
4245,23,3,2051-11-01 00:00:00,0.5412919522425156
4246,23,3,2052-11-01 00:00:00,0.5462282139899546
4247,23,3,2053-11-01 00:00:00,0.5519357666354291
4248,23,3,2024-04-01 00:00:00,0.055995719197501695
4249,23,3,2025-04-01 00:00:00,0.06725656630884495
4250,23,3,2026-04-01 00:00:00,0.0794429624978329
4251,23,3,2027-04-01 00:00:00,0.09224639140525072
4252,23,3,2028-04-01 00:00:00,0.1036614966962014
4253,23,3,2029-04-01 00:00:00,0.11507660198715229
4254,23,3,2030-04-01 00:00:00,0.12788003089457
4255,23,3,2031-04-01 00:00:00,0.14407713975335143
4256,23,3,2032-04-01 00:00:00,0.1598114740733105
4257,23,3,2033-04-01 00:00:00,0.17647135747091428
4258,23,3,2034-04-01 00:00:00,0.19251420815008818
4259,23,3,2035-04-01 00:00:00,0.20932834972729947
4260,23,3,2036-04-01 00:00:00,0.22598823312490346
4261,23,3,2037-04-01 00:00:00,0.2435736656001517
4262,23,3,2038-04-01 00:00:00,0.26100483989579265
4263,23,3,2039-04-01 00:00:00,0.2778189814730044
4264,23,3,2040-04-01 00:00:00,0.29679273756471924
4265,23,3,2041-04-01 00:00:00,0.31607501001564997
4266,23,3,2042-04-01 00:00:00,0.3350487661073657
4267,23,3,2043-04-01 00:00:00,0.3514001331457538
4268,23,3,2044-04-01 00:00:00,0.36698020928610536
4269,23,3,2045-04-01 00:00:00,0.38163473634881223
4270,23,3,2046-04-01 00:00:00,0.39752332884837926
4271,23,3,2047-04-01 00:00:00,0.4115608231926569
4272,23,3,2048-04-01 00:00:00,0.4232844448428224
4273,23,3,2049-04-01 00:00:00,0.43670490646867
4274,23,3,2050-04-01 00:00:00,0.45166794989059145
4275,23,3,2051-04-01 00:00:00,0.453673306225489
4276,23,3,2052-04-01 00:00:00,0.4570669861768523
4277,23,3,2053-04-01 00:00:00,0.45984363340978635
4278,23,3,2054-04-01 00:00:00,0.46339157154075694
4279,24,1,2023-11-01 00:00:00,0.0762035407260766
4280,24,1,2024-11-01 00:00:00,0.07743760616293623
4281,24,1,2025-11-01 00:00:00,0.07882592977940316
4282,24,1,2026-11-01 00:00:00,0.08083128611429984
4283,24,1,2027-11-01 00:00:00,0.08299090062880415
4284,24,1,2028-11-01 00:00:00,0.08376219152684132
4285,24,1,2029-11-01 00:00:00,0.08484199878409342
4286,24,1,2030-11-01 00:00:00,0.085767547861738
4287,24,1,2031-11-01 00:00:00,0.08684735511899021
4288,24,1,2032-11-01 00:00:00,0.08761864601702739
4289,24,1,2033-11-01 00:00:00,0.0890069696334943
4290,24,1,2034-11-01 00:00:00,0.089932518711139
4291,24,1,2035-11-01 00:00:00,0.09116658414799862
4292,24,1,2036-11-01 00:00:00,0.0920921332256432
4293,24,1,2037-11-01 00:00:00,0.09286342412368037
4294,24,1,2038-11-01 00:00:00,0.09363471502171765
4295,24,1,2039-11-01 00:00:00,0.09456026409936234
4296,24,1,2040-11-01 00:00:00,0.09533155499739962
4297,24,1,2041-11-01 00:00:00,0.09625710407504409
4298,24,1,2042-11-01 00:00:00,0.09687413679347395
4299,24,1,2043-11-01 00:00:00,0.09749116951190372
4300,24,1,2044-11-01 00:00:00,0.09749116951190372
4301,24,1,2045-11-01 00:00:00,0.0973369113322963
4302,24,1,2046-11-01 00:00:00,0.09702839497308137
4303,24,1,2047-11-01 00:00:00,0.0962571040750442
4304,24,1,2048-11-01 00:00:00,0.09579432953622186
4305,24,1,2049-11-01 00:00:00,0.09579432953622186
4306,24,1,2050-11-01 00:00:00,0.0962571040750442
4307,24,1,2051-11-01 00:00:00,0.09671987861386644
4308,24,1,2052-11-01 00:00:00,0.0973369113322963
4309,24,1,2053-11-01 00:00:00,0.09749116951190372
4310,24,1,2024-04-01 00:00:00,0.0762035407260766
4311,24,1,2025-04-01 00:00:00,0.07759186434254364
4312,24,1,2026-04-01 00:00:00,0.07959722067744032
4313,24,1,2027-04-01 00:00:00,0.08221960973076686
4314,24,1,2028-04-01 00:00:00,0.08391644970644872
4315,24,1,2029-04-01 00:00:00,0.08530477332291576
4316,24,1,2030-04-01 00:00:00,0.08623032240056035
4317,24,1,2031-04-01 00:00:00,0.08731012965781255
4318,24,1,2032-04-01 00:00:00,0.08838993691506467
4319,24,1,2033-04-01 00:00:00,0.08946974417231665
4320,24,1,2034-04-01 00:00:00,0.09054955142956886
4321,24,1,2035-04-01 00:00:00,0.09162935868682086
4322,24,1,2036-04-01 00:00:00,0.09286342412368048
4323,24,1,2037-04-01 00:00:00,0.09394323138093247
4324,24,1,2038-04-01 00:00:00,0.09502303863818469
4325,24,1,2039-04-01 00:00:00,0.09579432953622186
4326,24,1,2040-04-01 00:00:00,0.09671987861386655
4327,24,1,2041-04-01 00:00:00,0.09764542769151113
4328,24,1,2042-04-01 00:00:00,0.09857097676915581
4329,24,1,2043-04-01 00:00:00,0.09918800948758558
4330,24,1,2044-04-01 00:00:00,0.09949652584680051
4331,24,1,2045-04-01 00:00:00,0.099342267667193
4332,24,1,2046-04-01 00:00:00,0.09934226766719309
4333,24,1,2047-04-01 00:00:00,0.09903375130797816
4334,24,1,2048-04-01 00:00:00,0.09795394405072606
4335,24,1,2049-04-01 00:00:00,0.09764542769151113
4336,24,1,2050-04-01 00:00:00,0.09749116951190372
4337,24,1,2051-04-01 00:00:00,0.09764542769151124
4338,24,1,2052-04-01 00:00:00,0.0984167185895483
4339,24,1,2053-04-01 00:00:00,0.09857097676915581
4340,24,1,2054-04-01 00:00:00,0.09857097676915581
4341,24,2,2023-11-01 00:00:00,0.0762035407260766
4342,24,2,2024-11-01 00:00:00,0.08299090062880404
4343,24,2,2025-11-01 00:00:00,0.09039529324996134
4344,24,2,2026-11-01 00:00:00,0.09857097676915581
4345,24,2,2027-11-01 00:00:00,0.10767220936599499
4346,24,2,2028-11-01 00:00:00,0.11569363470558193
4347,24,2,2029-11-01 00:00:00,0.1247948673024211
4348,24,2,2030-11-01 00:00:00,0.1342046162584751
4349,24,2,2031-11-01 00:00:00,0.14346010703492176
4350,24,2,2032-11-01 00:00:00,0.15286985599097555
4351,24,2,2033-11-01 00:00:00,0.16289663766545917
4352,24,2,2034-11-01 00:00:00,0.1735404520583729
4353,24,2,2035-11-01 00:00:00,0.1851098155289311
4354,24,2,2036-11-01 00:00:00,0.19745046989752646
4355,24,2,2037-11-01 00:00:00,0.20886557518847734
4356,24,2,2038-11-01 00:00:00,0.21981790594060568
4357,24,2,2039-11-01 00:00:00,0.22999894579469685
4358,24,2,2040-11-01 00:00:00,0.2407970183672181
4359,24,2,2041-11-01 00:00:00,0.25128657458052384
4360,24,2,2042-11-01 00:00:00,0.2620846471530451
4361,24,2,2043-11-01 00:00:00,0.2719571706479212
4362,24,2,2044-11-01 00:00:00,0.2815211777835827
4363,24,2,2045-11-01 00:00:00,0.28954260312316943
4364,24,2,2046-11-01 00:00:00,0.2974097702831493
4365,24,2,2047-11-01 00:00:00,0.3057397119819511
4366,24,2,2048-11-01 00:00:00,0.31360687914193053
4367,24,2,2049-11-01 00:00:00,0.32209107902034007
4368,24,2,2050-11-01 00:00:00,0.32471346807366636
4369,24,2,2051-11-01 00:00:00,0.3270273407677781
4370,24,2,2052-11-01 00:00:00,0.3296497298211044
4371,24,2,2053-11-01 00:00:00,0.3321178606948239
4372,24,2,2024-04-01 00:00:00,0.0762035407260766
4373,24,2,2025-04-01 00:00:00,0.08144831883272959
4374,24,2,2026-04-01 00:00:00,0.08777290419663479
4375,24,2,2027-04-01 00:00:00,0.09502303863818458
4376,24,2,2028-04-01 00:00:00,0.10196465672051942
4377,24,2,2029-04-01 00:00:00,0.10936904934167674
4378,24,2,2030-04-01 00:00:00,0.11661918378322662
4379,24,2,2031-04-01 00:00:00,0.12448635094320627
4380,24,2,2032-04-01 00:00:00,0.13189074356436337
4381,24,2,2033-04-01 00:00:00,0.13929513618552067
4382,24,2,2034-04-01 00:00:00,0.1471623033455001
4383,24,2,2035-04-01 00:00:00,0.15641779412194678
4384,24,2,2036-04-01 00:00:00,0.16644457579643043
4385,24,2,2037-04-01 00:00:00,0.17631709929130698
4386,24,2,2038-04-01 00:00:00,0.18495555734932378
4387,24,2,2039-04-01 00:00:00,0.19328549904812536
4388,24,2,2040-04-01 00:00:00,0.20146118256731982
4389,24,2,2041-04-01 00:00:00,0.21040815698455148
4390,24,2,2042-04-01 00:00:00,0.2190466150425685
4391,24,2,2043-04-01 00:00:00,0.2272222985617632
4392,24,2,2044-04-01 00:00:00,0.234472433003313
4393,24,2,2045-04-01 00:00:00,0.24125979290604044
4394,24,2,2046-04-01 00:00:00,0.2485099273475902
4395,24,2,2047-04-01 00:00:00,0.2551430290707099
4396,24,2,2048-04-01 00:00:00,0.2605420653569707
4397,24,2,2049-04-01 00:00:00,0.2664038761820535
4398,24,2,2050-04-01 00:00:00,0.2730369779051736
4399,24,2,2051-04-01 00:00:00,0.273499752443996
4400,24,2,2052-04-01 00:00:00,0.27535085059928494
4401,24,2,2053-04-01 00:00:00,0.2761221414973223
4402,24,2,2054-04-01 00:00:00,0.2779732396526112
4403,24,3,2023-11-01 00:00:00,0.0762035407260766
4404,24,3,2024-11-01 00:00:00,0.09348045684211025
4405,24,3,2025-11-01 00:00:00,0.11399679472990007
4406,24,3,2026-11-01 00:00:00,0.13482164897690496
4407,24,3,2027-11-01 00:00:00,0.1544124377870501
4408,24,3,2028-11-01 00:00:00,0.17292341933994304
4409,24,3,2029-11-01 00:00:00,0.19390253176655523
4410,24,3,2030-11-01 00:00:00,0.21873809868335348
4411,24,3,2031-11-01 00:00:00,0.2443449564981891
4412,24,3,2032-11-01 00:00:00,0.2708773633906692
4413,24,3,2033-11-01 00:00:00,0.29771828664236394
4414,24,3,2034-11-01 00:00:00,0.32409643535523674
4415,24,3,2035-11-01 00:00:00,0.35047458406810955
4416,24,3,2036-11-01 00:00:00,0.37901234729548633
4417,24,3,2037-11-01 00:00:00,0.40862991778011554
4418,24,3,2038-11-01 00:00:00,0.4373219391870996
4419,24,3,2039-11-01 00:00:00,0.467248026030943
4420,24,3,2040-11-01 00:00:00,0.49732837105439415
4421,24,3,2041-11-01 00:00:00,0.5278714906166689
4422,24,3,2042-11-01 00:00:00,0.5553294465867933
4423,24,3,2043-11-01 00:00:00,0.5823246280180957
4424,24,3,2044-11-01 00:00:00,0.6088570349105763
4425,24,3,2045-11-01 00:00:00,0.633229827288551
4426,24,3,2046-11-01 00:00:00,0.6572941033073131
4427,24,3,2047-11-01 00:00:00,0.6795072811707847
4428,24,3,2048-11-01 00:00:00,0.699869360878967
4429,24,3,2049-11-01 00:00:00,0.7251677023345874
4430,24,3,2050-11-01 00:00:00,0.7307209968004555
4431,24,3,2051-11-01 00:00:00,0.7367370658051456
4432,24,3,2052-11-01 00:00:00,0.743524425707873
4433,24,3,2053-11-01 00:00:00,0.7510830765086388
4434,24,3,2024-04-01 00:00:00,0.0762035407260766
4435,24,3,2025-04-01 00:00:00,0.09162935868682086
4436,24,3,2026-04-01 00:00:00,0.1079807257252097
4437,24,3,2027-04-01 00:00:00,0.12556615820045827
4438,24,3,2028-04-01 00:00:00,0.14099197616120251
4439,24,3,2029-04-01 00:00:00,0.15657205230155408
4440,24,3,2030-04-01 00:00:00,0.17415748477680254
4441,24,3,2031-04-01 00:00:00,0.1957536299218446
4442,24,3,2032-04-01 00:00:00,0.21750403324649373
4443,24,3,2033-04-01 00:00:00,0.2400257274691807
4444,24,3,2034-04-01 00:00:00,0.2619303889734378
4445,24,3,2035-04-01 00:00:00,0.2849148577349464
4446,24,3,2036-04-01 00:00:00,0.30743655195763275
4447,24,3,2037-04-01 00:00:00,0.33134656979678695
4448,24,3,2038-04-01 00:00:00,0.35494807127672523
4449,24,3,2039-04-01 00:00:00,0.37793254003823434
4450,24,3,2040-04-01 00:00:00,0.4038479142122852
4451,24,3,2041-04-01 00:00:00,0.4300718047455503
4452,24,3,2042-04-01 00:00:00,0.4556786625603848
4453,24,3,2043-04-01 00:00:00,0.47835461496268017
4454,24,3,2044-04-01 00:00:00,0.4993337273892917
4455,24,3,2045-04-01 00:00:00,0.5195415489178667
4456,24,3,2046-04-01 00:00:00,0.5408291777036938
4457,24,3,2047-04-01 00:00:00,0.5602657083342314
4458,24,3,2048-04-01 00:00:00,0.5760000426541902
4459,24,3,2049-04-01 00:00:00,0.5942025078478685
4460,24,3,2050-04-01 00:00:00,0.6145645875560517
4461,24,3,2051-04-01 00:00:00,0.6174954929685922
4462,24,3,2052-04-01 00:00:00,0.6221232383568166
4463,24,3,2053-04-01 00:00:00,0.6256711764877871
4464,24,3,2054-04-01 00:00:00,0.6309159545944407
4465,25,1,2023-11-01 00:00:00,0.2634854125307438
4466,25,1,2024-11-01 00:00:00,0.2672980680894601
4467,25,1,2025-11-01 00:00:00,0.27275943956545906
4468,25,1,2026-11-01 00:00:00,0.27966343746908046
4469,25,1,2027-11-01 00:00:00,0.286670480117532
4470,25,1,2028-11-01 00:00:00,0.2897618224624371
4471,25,1,2029-11-01 00:00:00,0.2936775227659835
4472,25,1,2030-11-01 00:00:00,0.2965627756212283
4473,25,1,2031-11-01 00:00:00,0.30006629694545406
4474,25,1,2032-11-01 00:00:00,0.30315763929035916
4475,25,1,2033-11-01 00:00:00,0.30748551857322626
4476,25,1,2034-11-01 00:00:00,0.3110920846422822
4477,25,1,2035-11-01 00:00:00,0.31500778494582865
4478,25,1,2036-11-01 00:00:00,0.3184082615252242
4479,25,1,2037-11-01 00:00:00,0.321293514380469
4480,25,1,2038-11-01 00:00:00,0.32397267774605343
4481,25,1,2039-11-01 00:00:00,0.326754885856468
4482,25,1,2040-11-01 00:00:00,0.33005231769103344
4483,25,1,2041-11-01 00:00:00,0.3327314810566178
4484,25,1,2042-11-01 00:00:00,0.3352045549325419
4485,25,1,2043-11-01 00:00:00,0.3366471813601643
4486,25,1,2044-11-01 00:00:00,0.3373684945739755
4487,25,1,2045-11-01 00:00:00,0.33654413661533406
4488,25,1,2046-11-01 00:00:00,0.33530759967737206
4489,25,1,2047-11-01 00:00:00,0.33324670478076873
4490,25,1,2048-11-01 00:00:00,0.33108276513933516
4491,25,1,2049-11-01 00:00:00,0.33139189937382557
4492,25,1,2050-11-01 00:00:00,0.3327314810566178
4493,25,1,2051-11-01 00:00:00,0.33448324171873073
4494,25,1,2052-11-01 00:00:00,0.3363380471256738
4495,25,1,2053-11-01 00:00:00,0.3368532708498246
4496,25,1,2024-04-01 00:00:00,0.2634854125307438
4497,25,1,2025-04-01 00:00:00,0.26832851553776177
4498,25,1,2026-04-01 00:00:00,0.27523251344138316
4499,25,1,2027-04-01 00:00:00,0.2838882720071174
4500,25,1,2028-04-01 00:00:00,0.29007095669692756
4501,25,1,2029-04-01 00:00:00,0.29470797021428524
4502,25,1,2030-04-01 00:00:00,0.298211491538511
4503,25,1,2031-04-01 00:00:00,0.30202414709722725
4504,25,1,2032-04-01 00:00:00,0.3057337579111134
4505,25,1,2033-04-01 00:00:00,0.30923727923533917
4506,25,1,2034-04-01 00:00:00,0.31294689004922527
4507,25,1,2035-04-01 00:00:00,0.31706867984243203
4508,25,1,2036-04-01 00:00:00,0.32119046963563885
4509,25,1,2037-04-01 00:00:00,0.3250031251943551
4510,25,1,2038-04-01 00:00:00,0.3287127360082412
4511,25,1,2039-04-01 00:00:00,0.3309797203945049
4512,25,1,2040-04-01 00:00:00,0.33407106273941006
4513,25,1,2041-04-01 00:00:00,0.33747153931880564
4514,25,1,2042-04-01 00:00:00,0.3405628816637107
4515,25,1,2043-04-01 00:00:00,0.34293291079480465
4516,25,1,2044-04-01 00:00:00,0.3438603134982761
4517,25,1,2045-04-01 00:00:00,0.3433450897741253
4518,25,1,2046-04-01 00:00:00,0.34365422400861584
4519,25,1,2047-04-01 00:00:00,0.3423146423258236
4520,25,1,2048-04-01 00:00:00,0.3388111210015979
4521,25,1,2049-04-01 00:00:00,0.337677628808466
4522,25,1,2050-04-01 00:00:00,0.33747153931880564
4523,25,1,2051-04-01 00:00:00,0.337677628808466
4524,25,1,2052-04-01 00:00:00,0.34045983691888054
4525,25,1,2053-04-01 00:00:00,0.3410781053878616
4526,25,1,2054-04-01 00:00:00,0.34118115013269174
4527,25,2,2023-11-01 00:00:00,0.2634854125307438
4528,25,2,2024-11-01 00:00:00,0.28677352486236213
4529,25,2,2025-11-01 00:00:00,0.31263775581473474
4530,25,2,2026-11-01 00:00:00,0.34097506064303146
4531,25,2,2027-11-01 00:00:00,0.3717854393472521
4532,25,2,2028-11-01 00:00:00,0.40053492315486944
4533,25,2,2029-11-01 00:00:00,0.43165443609358073
4534,25,2,2030-11-01 00:00:00,0.4644226649495747
4535,25,2,2031-11-01 00:00:00,0.49646958059175744
4536,25,2,2032-11-01 00:00:00,0.5285164962339401
4537,25,2,2033-11-01 00:00:00,0.5632425752417073
4538,25,2,2034-11-01 00:00:00,0.6003386833805684
4539,25,2,2035-11-01 00:00:00,0.6402169996298441
4540,25,2,2036-11-01 00:00:00,0.6824653450102137
4541,25,2,2037-11-01 00:00:00,0.7219314822801687
4542,25,2,2038-11-01 00:00:00,0.7601610826121615
4543,25,2,2039-11-01 00:00:00,0.7951962958544193
4544,25,2,2040-11-01 00:00:00,0.8321893592484502
4545,25,2,2041-11-01 00:00:00,0.8686671989183302
4546,25,2,2042-11-01 00:00:00,0.9064846202710025
4547,25,2,2043-11-01 00:00:00,0.9401802518304679
4548,25,2,2044-11-01 00:00:00,0.9733606596657826
4549,25,2,2045-11-01 00:00:00,1.0010796960250983
4550,25,2,2046-11-01 00:00:00,1.028283508660263
4551,25,2,2047-11-01 00:00:00,1.05692994772305
4552,25,2,2048-11-01 00:00:00,1.0841337603582148
4553,25,2,2049-11-01 00:00:00,1.1140167363589641
4554,25,2,2050-11-01 00:00:00,1.1224664054350382
4555,25,2,2051-11-01 00:00:00,1.1306069402766215
4556,25,2,2052-11-01 00:00:00,1.1399840120561668
4557,25,2,2053-11-01 00:00:00,1.148536725877071
4558,25,2,2024-04-01 00:00:00,0.2634854125307438
4559,25,2,2025-04-01 00:00:00,0.28162128762085364
4560,25,2,2026-04-01 00:00:00,0.30346677352484963
4561,25,2,2027-04-01 00:00:00,0.3287127360082412
4562,25,2,2028-04-01 00:00:00,0.3530312957881612
4563,25,2,2029-04-01 00:00:00,0.3778650792922322
4564,25,2,2030-04-01 00:00:00,0.40321408652045393
4565,25,2,2031-04-01 00:00:00,0.43072703339010915
4566,25,2,2032-04-01 00:00:00,0.4560760406183309
4567,25,2,2033-04-01 00:00:00,0.4818372268258733
4568,25,2,2034-04-01 00:00:00,0.5085258157368873
4569,25,2,2035-04-01 00:00:00,0.5410879551032208
4570,25,2,2036-04-01 00:00:00,0.5754018551316674
4571,25,2,2037-04-01 00:00:00,0.6097157551601139
4572,25,2,2038-04-01 00:00:00,0.6399078653953536
4573,25,2,2039-04-01 00:00:00,0.6683482149684804
4574,25,2,2040-04-01 00:00:00,0.6966855197967771
4575,25,2,2041-04-01 00:00:00,0.7277019879906582
4576,25,2,2042-04-01 00:00:00,0.7574819192465773
4577,25,2,2043-04-01 00:00:00,0.785922268819704
4578,25,2,2044-04-01 00:00:00,0.8107560523237749
4579,25,2,2045-04-01 00:00:00,0.8343532988898837
4580,25,2,2046-04-01 00:00:00,0.8592901271387848
4581,25,2,2047-04-01 00:00:00,0.881856926256592
4582,25,2,2048-04-01 00:00:00,0.900714114560513
4583,25,2,2049-04-01 00:00:00,0.9215291530162073
4584,25,2,2050-04-01 00:00:00,0.9440959521340144
4585,25,2,2051-04-01 00:00:00,0.9459507575409575
4586,25,2,2052-04-01 00:00:00,0.9524425764652582
4587,25,2,2053-04-01 00:00:00,0.9546065161066918
4588,25,2,2054-04-01 00:00:00,0.9608922455413321
4589,25,3,2023-11-01 00:00:00,0.2634854125307438
4590,25,3,2024-11-01 00:00:00,0.3233544092770724
4591,25,3,2025-11-01 00:00:00,0.39394005948573857
4592,25,3,2026-11-01 00:00:00,0.46648355984617806
4593,25,3,2027-11-01 00:00:00,0.5342870019444297
4594,25,3,2028-11-01 00:00:00,0.5980716989943047
4595,25,3,2029-11-01 00:00:00,0.6705121546099139
4596,25,3,2030-11-01 00:00:00,0.7563484270534454
4597,25,3,2031-11-01 00:00:00,0.8450699523522214
4598,25,3,2032-11-01 00:00:00,0.9363675962717517
4599,25,3,2033-11-01 00:00:00,1.0296230903430552
4600,25,3,2034-11-01 00:00:00,1.1207146447729253
4601,25,3,2035-11-01 00:00:00,1.2121153334372856
4602,25,3,2036-11-01 00:00:00,1.3109352437294184
4603,25,3,2037-11-01 00:00:00,1.4128464963664564
4604,25,3,2038-11-01 00:00:00,1.5122846751275698
4605,25,3,2039-11-01 00:00:00,1.61543246470257
4606,25,3,2040-11-01 00:00:00,1.719404612236211
4607,25,3,2041-11-01 00:00:00,1.825025475687135
4608,25,3,2042-11-01 00:00:00,1.9201357751653814
4609,25,3,2043-11-01 00:00:00,2.0139064929608357
4610,25,3,2044-11-01 00:00:00,2.105513271114857
4611,25,3,2045-11-01 00:00:00,2.1889795144272943
4612,25,3,2046-11-01 00:00:00,2.272651847229392
4613,25,3,2047-11-01 00:00:00,2.3493171373830384
4614,25,3,2048-11-01 00:00:00,2.419799742846874
4615,25,3,2049-11-01 00:00:00,2.5075938654421788
4616,25,3,2050-11-01 00:00:00,2.52655409849093
4617,25,3,2051-11-01 00:00:00,2.547163047456964
4618,25,3,2052-11-01 00:00:00,2.5707602940230725
4619,25,3,2053-11-01 00:00:00,2.597036703954766
4620,25,3,2024-04-01 00:00:00,0.2634854125307438
4621,25,3,2025-04-01 00:00:00,0.3168625903527717
4622,25,3,2026-04-01 00:00:00,0.37333111051970463
4623,25,3,2027-04-01 00:00:00,0.4343335994591651
4624,25,3,2028-04-01 00:00:00,0.48750468779153266
4625,25,3,2029-04-01 00:00:00,0.5413970893377114
4626,25,3,2030-04-01 00:00:00,0.6020904440426813
4627,25,3,2031-04-01 00:00:00,0.6774161525135353
4628,25,3,2032-04-01 00:00:00,0.7521235925154083
4629,25,3,2033-04-01 00:00:00,0.8301284643518468
4630,25,3,2034-04-01 00:00:00,0.9057633070571913
4631,25,3,2035-04-01 00:00:00,0.9847986263419314
4632,25,3,2036-04-01 00:00:00,1.06300958766803
4633,25,3,2037-04-01 00:00:00,1.1457545177666564
4634,25,3,2038-04-01 00:00:00,1.227572045161811
4635,25,3,2039-04-01 00:00:00,1.307019543425872
4636,25,3,2040-04-01 00:00:00,1.3964623819384594
4637,25,3,2041-04-01 00:00:00,1.487244802133839
4638,25,3,2042-04-01 00:00:00,1.5760693721774448
4639,25,3,2043-04-01 00:00:00,1.653765109779393
4640,25,3,2044-04-01 00:00:00,1.7265146996294927
4641,25,3,2045-04-01 00:00:00,1.7960699023898572
4642,25,3,2046-04-01 00:00:00,1.8702621186675794
4643,25,3,2047-04-01 00:00:00,1.9370351133175292
4644,25,3,2048-04-01 00:00:00,1.991648828077519
4645,25,3,2049-04-01 00:00:00,2.0548152566584132
4646,25,3,2050-04-01 00:00:00,2.125091772632589
4647,25,3,2051-04-01 00:00:00,2.135087112881115
4648,25,3,2052-04-01 00:00:00,2.1508529588401313
4649,25,3,2053-04-01 00:00:00,2.163527462454242
4650,25,3,2054-04-01 00:00:00,2.181045069075371
4651,26,1,2023-11-01 00:00:00,0.1486935667899348
4652,26,1,2024-11-01 00:00:00,0.15085750643136836
4653,26,1,2025-11-01 00:00:00,0.15394884877627346
4654,26,1,2026-11-01 00:00:00,0.15786454907981992
4655,26,1,2027-11-01 00:00:00,0.16178024938336638
4656,26,1,2028-11-01 00:00:00,0.16353201004547926
4657,26,1,2029-11-01 00:00:00,0.16569594968691279
4658,26,1,2030-11-01 00:00:00,0.16724162085936534
4659,26,1,2031-11-01 00:00:00,0.16940556050079894
4660,26,1,2032-11-01 00:00:00,0.17105427641808166
4661,26,1,2033-11-01 00:00:00,0.1735273502940057
4662,26,1,2034-11-01 00:00:00,0.17558824519060906
4663,26,1,2035-11-01 00:00:00,0.17775218483204266
4664,26,1,2036-11-01 00:00:00,0.17960699023898571
4665,26,1,2037-11-01 00:00:00,0.18125570615626846
4666,26,1,2038-11-01 00:00:00,0.18280137732872095
4667,26,1,2039-11-01 00:00:00,0.18445009324600367
4668,26,1,2040-11-01 00:00:00,0.18630489865294672
4669,26,1,2041-11-01 00:00:00,0.1877475250805691
4670,26,1,2042-11-01 00:00:00,0.1891901515081915
4671,26,1,2043-11-01 00:00:00,0.19001450946683282
4672,26,1,2044-11-01 00:00:00,0.19042668844615349
4673,26,1,2045-11-01 00:00:00,0.18991146472200277
4674,26,1,2046-11-01 00:00:00,0.1891901515081915
4675,26,1,2047-11-01 00:00:00,0.18805665931505963
4676,26,1,2048-11-01 00:00:00,0.18682012237709755
4677,26,1,2049-11-01 00:00:00,0.187026211866758
4678,26,1,2050-11-01 00:00:00,0.1877475250805691
4679,26,1,2051-11-01 00:00:00,0.18867492778404066
4680,26,1,2052-11-01 00:00:00,0.18980841997717254
4681,26,1,2053-11-01 00:00:00,0.19011755421166304
4682,26,1,2024-04-01 00:00:00,0.1486935667899348
4683,26,1,2025-04-01 00:00:00,0.15137273015551922
4684,26,1,2026-04-01 00:00:00,0.15528843045906568
4685,26,1,2027-04-01 00:00:00,0.1601315334660837
4686,26,1,2028-04-01 00:00:00,0.16363505479030946
4687,26,1,2029-04-01 00:00:00,0.16631421815589384
4688,26,1,2030-04-01 00:00:00,0.16837511305249722
4689,26,1,2031-04-01 00:00:00,0.17043600794910063
4690,26,1,2032-04-01 00:00:00,0.17249690284570396
4691,26,1,2033-04-01 00:00:00,0.17455779774230742
4692,26,1,2034-04-01 00:00:00,0.176721737383741
4693,26,1,2035-04-01 00:00:00,0.17888567702517455
4694,26,1,2036-04-01 00:00:00,0.1812557061562684
4695,26,1,2037-04-01 00:00:00,0.1833166010528718
4696,26,1,2038-04-01 00:00:00,0.1854805406943054
4697,26,1,2039-04-01 00:00:00,0.18671707763226747
4698,26,1,2040-04-01 00:00:00,0.18857188303921044
4699,26,1,2041-04-01 00:00:00,0.19042668844615349
4700,26,1,2042-04-01 00:00:00,0.19217844910826648
4701,26,1,2043-04-01 00:00:00,0.19362107553588878
4702,26,1,2044-04-01 00:00:00,0.19403325451520953
4703,26,1,2045-04-01 00:00:00,0.19372412028071892
4704,26,1,2046-04-01 00:00:00,0.1939302097703793
4705,26,1,2047-04-01 00:00:00,0.19310585181173795
4706,26,1,2048-04-01 00:00:00,0.19125104640479484
4707,26,1,2049-04-01 00:00:00,0.19063277793581387
4708,26,1,2050-04-01 00:00:00,0.19042668844615349
4709,26,1,2051-04-01 00:00:00,0.19052973319098365
4710,26,1,2052-04-01 00:00:00,0.1921784491082664
4711,26,1,2053-04-01 00:00:00,0.19248758334275692
4712,26,1,2054-04-01 00:00:00,0.19259062808758706
4713,26,2,2023-11-01 00:00:00,0.1486935667899348
4714,26,2,2024-11-01 00:00:00,0.16188329412819655
4715,26,2,2025-11-01 00:00:00,0.17641260314925047
4716,26,2,2026-11-01 00:00:00,0.19248758334275692
4717,26,2,2027-11-01 00:00:00,0.20979910047422543
4718,26,2,2028-11-01 00:00:00,0.22597712541256207
4719,26,2,2029-11-01 00:00:00,0.24349473203369085
4720,26,2,2030-11-01 00:00:00,0.2621458308479517
4721,26,2,2031-11-01 00:00:00,0.28017866119323137
4722,26,2,2032-11-01 00:00:00,0.29821149153851106
4723,26,2,2033-11-01 00:00:00,0.3177899930562433
4724,26,2,2034-11-01 00:00:00,0.3388111210015979
4725,26,2,2035-11-01 00:00:00,0.36127487537457476
4726,26,2,2036-11-01 00:00:00,0.3851812561751741
4727,26,2,2037-11-01 00:00:00,0.4074389210584908
4728,26,2,2038-11-01 00:00:00,0.4289752727279964
4729,26,2,2039-11-01 00:00:00,0.44886290848021904
4730,26,2,2040-11-01 00:00:00,0.46957490219108305
4731,26,2,2041-11-01 00:00:00,0.49018385115711716
4732,26,2,2042-11-01 00:00:00,0.5115141133369624
4733,26,2,2043-11-01 00:00:00,0.5305773911305435
4734,26,2,2044-11-01 00:00:00,0.5492284899448042
4735,26,2,2045-11-01 00:00:00,0.5649943359038201
4736,26,2,2046-11-01 00:00:00,0.5803480028835156
4737,26,2,2047-11-01 00:00:00,0.5965260278218523
4738,26,2,2048-11-01 00:00:00,0.6117766500567174
4739,26,2,2049-11-01 00:00:00,0.6286759882088652
4740,26,2,2050-11-01 00:00:00,0.6334160464710529
4741,26,2,2051-11-01 00:00:00,0.6380530599884104
4742,26,2,2052-11-01 00:00:00,0.6433083419747493
4743,26,2,2053-11-01 00:00:00,0.6481514449817674
4744,26,2,2024-04-01 00:00:00,0.1486935667899348
4745,26,2,2025-04-01 00:00:00,0.15889499652812164
4746,26,2,2026-04-01 00:00:00,0.17115732116291182
4747,26,2,2027-04-01 00:00:00,0.18537749594947522
4748,26,2,2028-04-01 00:00:00,0.19918549175671801
4749,26,2,2029-04-01 00:00:00,0.21330262179845116
4750,26,2,2030-04-01 00:00:00,0.22762584132984473
4751,26,2,2031-04-01 00:00:00,0.24308255305437027
4752,26,2,2032-04-01 00:00:00,0.2574057725857638
4753,26,2,2033-04-01 00:00:00,0.2718320368619876
4754,26,2,2034-04-01 00:00:00,0.2869796143520225
4755,26,2,2035-04-01 00:00:00,0.30532157893179274
4756,26,2,2036-04-01 00:00:00,0.3247970357046947
4757,26,2,2037-04-01 00:00:00,0.3440664029879365
4758,26,2,2038-04-01 00:00:00,0.3610687858849145
4759,26,2,2039-04-01 00:00:00,0.3772468108232511
4760,26,2,2040-04-01 00:00:00,0.3931157015270973
4761,26,2,2041-04-01 00:00:00,0.41073635289305627
4762,26,2,2042-04-01 00:00:00,0.42742960155554366
4763,26,2,2043-04-01 00:00:00,0.4435045817490503
4764,26,2,2044-04-01 00:00:00,0.4576217117907834
4765,26,2,2045-04-01 00:00:00,0.47091448387387536
4766,26,2,2046-04-01 00:00:00,0.4849285691707783
4767,26,2,2047-04-01 00:00:00,0.49770611752971944
4768,26,2,2048-04-01 00:00:00,0.5082166815023967
4769,26,2,2049-04-01 00:00:00,0.5200668271578662
4770,26,2,2050-04-01 00:00:00,0.532741330771977
4771,26,2,2051-04-01 00:00:00,0.5337717782202788
4772,26,2,2052-04-01 00:00:00,0.5374813890341649
4773,26,2,2053-04-01 00:00:00,0.5387179259721269
4774,26,2,2054-04-01 00:00:00,0.5423244920411828
4775,26,3,2023-11-01 00:00:00,0.1486935667899348
4776,26,3,2024-11-01 00:00:00,0.18259528783906065
4777,26,3,2025-11-01 00:00:00,0.22226751459867597
4778,26,3,2026-11-01 00:00:00,0.2631762782962533
4779,26,3,2027-11-01 00:00:00,0.3015089233730764
4780,26,3,2028-11-01 00:00:00,0.3374715393188057
4781,26,3,2029-11-01 00:00:00,0.37838030301638315
4782,26,3,2030-11-01 00:00:00,0.4268113330865626
4783,26,3,2031-11-01 00:00:00,0.47689107907402506
4784,26,3,2032-11-01 00:00:00,0.52841345148911
4785,26,3,2033-11-01 00:00:00,0.5810693160973267
4786,26,3,2034-11-01 00:00:00,0.6324886437675812
4787,26,3,2035-11-01 00:00:00,0.6841140609274965
4788,26,3,2036-11-01 00:00:00,0.7397582231357879
4789,26,3,2037-11-01 00:00:00,0.7973602354958528
4790,26,3,2038-11-01 00:00:00,0.8534165766834654
4791,26,3,2039-11-01 00:00:00,0.911636857512511
4792,26,3,2040-11-01 00:00:00,0.9703723620657072
4793,26,3,2041-11-01 00:00:00,1.0299322245775455
4794,26,3,2042-11-01 00:00:00,1.083618536634064
4795,26,3,2043-11-01 00:00:00,1.1365835354767715
4796,26,3,2044-11-01 00:00:00,1.1882089526366861
4797,26,3,2045-11-01 00:00:00,1.2354034457689038
4798,26,3,2046-11-01 00:00:00,1.2824948941562915
4799,26,3,2047-11-01 00:00:00,1.3257736869849626
4800,26,3,2048-11-01 00:00:00,1.3656520032342385
4801,26,3,2049-11-01 00:00:00,1.4152165254975502
4802,26,3,2050-11-01 00:00:00,1.4258301342150577
4803,26,3,2051-11-01 00:00:00,1.4373711456360367
4804,26,3,2052-11-01 00:00:00,1.4507669624639585
4805,26,3,2053-11-01 00:00:00,1.465502360974673
4806,26,3,2024-04-01 00:00:00,0.1486935667899348
4807,26,3,2025-04-01 00:00:00,0.17878263228034438
4808,26,3,2026-04-01 00:00:00,0.21062345843286684
4809,26,3,2027-04-01 00:00:00,0.24514344795097362
4810,26,3,2028-04-01 00:00:00,0.275129468696553
4811,26,3,2029-04-01 00:00:00,0.305527668421453
4812,26,3,2030-04-01 00:00:00,0.3398415684498995
4813,26,3,2031-04-01 00:00:00,0.38219295857509933
4814,26,3,2032-04-01 00:00:00,0.424441303955469
4815,26,3,2033-04-01 00:00:00,0.46854445474278145
4816,26,3,2034-04-01 00:00:00,0.5111019343576414
4817,26,3,2035-04-01 00:00:00,0.5557203088691051
4818,26,3,2036-04-01 00:00:00,0.5998234596564177
4819,26,3,2037-04-01 00:00:00,0.6466057738093146
4820,26,3,2038-04-01 00:00:00,0.6927698194932308
4821,26,3,2039-04-01 00:00:00,0.7375942834943543
4822,26,3,2040-04-01 00:00:00,0.7879831637163074
4823,26,3,2041-04-01 00:00:00,0.8394024913865619
4824,26,3,2042-04-01 00:00:00,0.8893791926291944
4825,26,3,2043-04-01 00:00:00,0.9332762539268465
4826,26,3,2044-04-01 00:00:00,0.9742880623692542
4827,26,3,2045-04-01 00:00:00,1.013548110149549
4828,26,3,2046-04-01 00:00:00,1.0554873212954279
4829,26,3,2047-04-01 00:00:00,1.09309865315844
4830,26,3,2048-04-01 00:00:00,1.1239090318626608
4831,26,3,2049-04-01 00:00:00,1.1595625135738992
4832,26,3,2050-04-01 00:00:00,1.1992347403335148
4833,26,3,2051-04-01 00:00:00,1.204902201299174
4834,26,3,2052-04-01 00:00:00,1.2137640493545683
4835,26,3,2053-04-01 00:00:00,1.22087413674785
4836,26,3,2054-04-01 00:00:00,1.2308694769963768
4837,27,1,2023-11-01 00:00:00,0.03740524237335161
4838,27,1,2024-11-01 00:00:00,0.03792046609750243
4839,27,1,2025-11-01 00:00:00,0.038744824056143844
4840,27,1,2026-11-01 00:00:00,0.039672226759615334
4841,27,1,2027-11-01 00:00:00,0.04070267420791697
4842,27,1,2028-11-01 00:00:00,0.041217897932067864
4843,27,1,2029-11-01 00:00:00,0.04173312165621876
4844,27,1,2030-11-01 00:00:00,0.04214530063553942
4845,27,1,2031-11-01 00:00:00,0.04255747961486002
4846,27,1,2032-11-01 00:00:00,0.043072703339010913
4847,27,1,2033-11-01 00:00:00,0.04369097180799195
4848,27,1,2034-11-01 00:00:00,0.04420619553214285
4849,27,1,2035-11-01 00:00:00,0.044721419256293596
4850,27,1,2036-11-01 00:00:00,0.04523664298044448
4851,27,1,2037-11-01 00:00:00,0.045648821959765155
4852,27,1,2038-11-01 00:00:00,0.04606100093908583
4853,27,1,2039-11-01 00:00:00,0.04637013517357635
4854,27,1,2040-11-01 00:00:00,0.046885358897727165
4855,27,1,2041-11-01 00:00:00,0.04719449313221776
4856,27,1,2042-11-01 00:00:00,0.04760667211153836
4857,27,1,2043-11-01 00:00:00,0.047812761601198725
4858,27,1,2044-11-01 00:00:00,0.04791580634602888
4859,27,1,2045-11-01 00:00:00,0.047812761601198656
4860,27,1,2046-11-01 00:00:00,0.04760667211153843
4861,27,1,2047-11-01 00:00:00,0.04740058262187798
4862,27,1,2048-11-01 00:00:00,0.04698840364255739
4863,27,1,2049-11-01 00:00:00,0.04698840364255732
4864,27,1,2050-11-01 00:00:00,0.04729753787704791
4865,27,1,2051-11-01 00:00:00,0.047503627366708205
4866,27,1,2052-11-01 00:00:00,0.0477097168563685
4867,27,1,2053-11-01 00:00:00,0.047812761601198725
4868,27,1,2024-04-01 00:00:00,0.03740524237335161
4869,27,1,2025-04-01 00:00:00,0.038126555587162804
4870,27,1,2026-04-01 00:00:00,0.039053958290634294
4871,27,1,2027-04-01 00:00:00,0.040290495228596304
4872,27,1,2028-04-01 00:00:00,0.041217897932067864
4873,27,1,2029-04-01 00:00:00,0.041836166401048834
4874,27,1,2030-04-01 00:00:00,0.04235139012519972
4875,27,1,2031-04-01 00:00:00,0.042866613849350546
4876,27,1,2032-04-01 00:00:00,0.04338183757350143
4877,27,1,2033-04-01 00:00:00,0.04389706129765225
4878,27,1,2034-04-01 00:00:00,0.044412285021803076
4879,27,1,2035-04-01 00:00:00,0.045030553490784116
4880,27,1,2036-04-01 00:00:00,0.045648821959765155
4881,27,1,2037-04-01 00:00:00,0.04616404568391605
4882,27,1,2038-04-01 00:00:00,0.04667926940806687
4883,27,1,2039-04-01 00:00:00,0.04698840364255732
4884,27,1,2040-04-01 00:00:00,0.04740058262187806
4885,27,1,2041-04-01 00:00:00,0.04791580634602895
4886,27,1,2042-04-01 00:00:00,0.04832798532534955
4887,27,1,2043-04-01 00:00:00,0.04863711955984007
4888,27,1,2044-04-01 00:00:00,0.04884320904950037
4889,27,1,2045-04-01 00:00:00,0.04874016430467029
4890,27,1,2046-04-01 00:00:00,0.04884320904950037
4891,27,1,2047-04-01 00:00:00,0.04863711955984007
4892,27,1,2048-04-01 00:00:00,0.04812189583568925
4893,27,1,2049-04-01 00:00:00,0.04791580634602888
4894,27,1,2050-04-01 00:00:00,0.04791580634602895
4895,27,1,2051-04-01 00:00:00,0.04791580634602888
4896,27,1,2052-04-01 00:00:00,0.04832798532534962
4897,27,1,2053-04-01 00:00:00,0.048431030070179695
4898,27,1,2054-04-01 00:00:00,0.04843103007017977
4899,27,2,2023-11-01 00:00:00,0.03740524237335161
4900,27,2,2024-11-01 00:00:00,0.040702674207917046
4901,27,2,2025-11-01 00:00:00,0.044412285021803145
4902,27,2,2026-11-01 00:00:00,0.048431030070179695
4903,27,2,2027-11-01 00:00:00,0.05275890935304691
4904,27,2,2028-11-01 00:00:00,0.05688069914625361
4905,27,2,2029-11-01 00:00:00,0.061311623173950974
4906,27,2,2030-11-01 00:00:00,0.06594863669130849
4907,27,2,2031-11-01 00:00:00,0.07048260546383593
4908,27,2,2032-11-01 00:00:00,0.07501657423636353
4909,27,2,2033-11-01 00:00:00,0.07996272198821171
4910,27,2,2034-11-01 00:00:00,0.08521800397455026
4911,27,2,2035-11-01 00:00:00,0.09088546494020971
4912,27,2,2036-11-01 00:00:00,0.09686206014035954
4913,27,2,2037-11-01 00:00:00,0.10242647636118876
4914,27,2,2038-11-01 00:00:00,0.10788784783718762
4915,27,2,2039-11-01 00:00:00,0.11283399558903581
4916,27,2,2040-11-01 00:00:00,0.11808927757537437
4917,27,2,2041-11-01 00:00:00,0.12324151481688299
4918,27,2,2042-11-01 00:00:00,0.1287028862928817
4919,27,2,2043-11-01 00:00:00,0.1334429445550699
4920,27,2,2044-11-01 00:00:00,0.13818300281725748
4921,27,2,2045-11-01 00:00:00,0.14209870312080417
4922,27,2,2046-11-01 00:00:00,0.1459113586795202
4923,27,2,2047-11-01 00:00:00,0.15003314847272706
4924,27,2,2048-11-01 00:00:00,0.15394884877627346
4925,27,2,2049-11-01 00:00:00,0.15817368331431036
4926,27,2,2050-11-01 00:00:00,0.1593071755074424
4927,27,2,2051-11-01 00:00:00,0.16044066770057439
4928,27,2,2052-11-01 00:00:00,0.1618832941281966
4929,27,2,2053-11-01 00:00:00,0.1631198310661584
4930,27,2,2024-04-01 00:00:00,0.03740524237335161
4931,27,2,2025-04-01 00:00:00,0.039981360994105854
4932,27,2,2026-04-01 00:00:00,0.043072703339010913
4933,27,2,2027-04-01 00:00:00,0.04667926940806687
4934,27,2,2028-04-01 00:00:00,0.0501827907322926
4935,27,2,2029-04-01 00:00:00,0.053583267311688255
4936,27,2,2030-04-01 00:00:00,0.05718983338074413
4937,27,2,2031-04-01 00:00:00,0.06120857842912075
4938,27,2,2032-04-01 00:00:00,0.06471209975334656
4939,27,2,2033-04-01 00:00:00,0.06842171056723266
4940,27,2,2034-04-01 00:00:00,0.07213132138111876
4941,27,2,2035-04-01 00:00:00,0.0768713796433065
4942,27,2,2036-04-01 00:00:00,0.08161143790549438
4943,27,2,2037-04-01 00:00:00,0.08655758565734242
4944,27,2,2038-04-01 00:00:00,0.09088546494020958
4945,27,2,2039-04-01 00:00:00,0.09490420998858634
4946,27,2,2040-04-01 00:00:00,0.09892295503696281
4947,27,2,2041-04-01 00:00:00,0.10325083431982995
4948,27,2,2042-04-01 00:00:00,0.10747566885786702
4949,27,2,2043-04-01 00:00:00,0.11159745865107358
4950,27,2,2044-04-01 00:00:00,0.11510097997529938
4951,27,2,2045-04-01 00:00:00,0.11839841180986489
4952,27,2,2046-04-01 00:00:00,0.12200497787892091
4953,27,2,2047-04-01 00:00:00,0.1251993649686562
4954,27,2,2048-04-01 00:00:00,0.12787852833424052
4955,27,2,2049-04-01 00:00:00,0.13086682593431534
4956,27,2,2050-04-01 00:00:00,0.13395816827922055
4957,27,2,2051-04-01 00:00:00,0.13437034725854116
4958,27,2,2052-04-01 00:00:00,0.13519470521718263
4959,27,2,2053-04-01 00:00:00,0.13550383945167316
4960,27,2,2054-04-01 00:00:00,0.13632819741031466
4961,27,3,2023-11-01 00:00:00,0.03740524237335161
4962,27,3,2024-11-01 00:00:00,0.04585491144942545
4963,27,3,2025-11-01 00:00:00,0.05585025169795197
4964,27,3,2026-11-01 00:00:00,0.06625777092579901
4965,27,3,2027-11-01 00:00:00,0.07584093219500486
4966,27,3,2028-11-01 00:00:00,0.08490886974005975
4967,27,3,2029-11-01 00:00:00,0.09521334422307672
4968,27,3,2030-11-01 00:00:00,0.1073726241130368
4969,27,3,2031-11-01 00:00:00,0.1200471277271477
4970,27,3,2032-11-01 00:00:00,0.13292772083091892
4971,27,3,2033-11-01 00:00:00,0.14611744816918065
4972,27,3,2034-11-01 00:00:00,0.15910108601778222
4973,27,3,2035-11-01 00:00:00,0.1720847238663832
4974,27,3,2036-11-01 00:00:00,0.1862018539081168
4975,27,3,2037-11-01 00:00:00,0.20052507343950995
4976,27,3,2038-11-01 00:00:00,0.2147452482260733
4977,27,3,2039-11-01 00:00:00,0.2292745572471275
4978,27,3,2040-11-01 00:00:00,0.24411300050267248
4979,27,3,2041-11-01 00:00:00,0.2590544885030464
4980,27,3,2042-11-01 00:00:00,0.2726563948206287
4981,27,3,2043-11-01 00:00:00,0.2859491669037208
4982,27,3,2044-11-01 00:00:00,0.2989328047523221
4983,27,3,2045-11-01 00:00:00,0.3106799056629619
4984,27,3,2046-11-01 00:00:00,0.32263309606326124
4985,27,3,2047-11-01 00:00:00,0.3334527942704292
4986,27,3,2048-11-01 00:00:00,0.34355117926378537
4987,27,3,2049-11-01 00:00:00,0.3560195933882363
4988,27,3,2050-11-01 00:00:00,0.3586987567538206
4989,27,3,2051-11-01 00:00:00,0.36158400960906506
4990,27,3,2052-11-01 00:00:00,0.364881441443631
4991,27,3,2053-11-01 00:00:00,0.36869409700234673
4992,27,3,2024-04-01 00:00:00,0.03740524237335161
4993,27,3,2025-04-01 00:00:00,0.04492750874595396
4994,27,3,2026-04-01 00:00:00,0.05306804358753736
4995,27,3,2027-04-01 00:00:00,0.061620757408441494
4996,27,3,2028-04-01 00:00:00,0.069246068525874
4997,27,3,2029-04-01 00:00:00,0.07687137964330665
4998,27,3,2030-04-01 00:00:00,0.08542409346421072
4999,27,3,2031-04-01 00:00:00,0.0962437916713785
5000,27,3,2032-04-01 00:00:00,0.10675435564405576
5001,27,3,2033-04-01 00:00:00,0.11788318808571406
5002,27,3,2034-04-01 00:00:00,0.12859984154805162
5003,27,3,2035-04-01 00:00:00,0.13983171873454014
5004,27,3,2036-04-01 00:00:00,0.1509605511761986
5005,27,3,2037-04-01 00:00:00,0.16270765208683782
5006,27,3,2038-04-01 00:00:00,0.17435170825264693
5007,27,3,2039-04-01 00:00:00,0.18558358543913575
5008,27,3,2040-04-01 00:00:00,0.19825808905324624
5009,27,3,2041-04-01 00:00:00,0.21113868215701773
5010,27,3,2042-04-01 00:00:00,0.22381318577112877
5011,27,3,2043-04-01 00:00:00,0.2347359287231262
5012,27,3,2044-04-01 00:00:00,0.24514344795097323
5013,27,3,2045-04-01 00:00:00,0.25493269870983926
5014,27,3,2046-04-01 00:00:00,0.26554630742734703
5015,27,3,2047-04-01 00:00:00,0.27492337920689275
5016,27,3,2048-04-01 00:00:00,0.2827547798139855
5017,27,3,2049-04-01 00:00:00,0.29171967261421033
5018,27,3,2050-04-01 00:00:00,0.3017150128627365
5019,27,3,2051-04-01 00:00:00,0.30305459454552924
5020,27,3,2052-04-01 00:00:00,0.3053215789317927
5021,27,3,2053-04-01 00:00:00,0.3071763843387358
5022,27,3,2054-04-01 00:00:00,0.3095464134698293
5023,28,1,2023-11-01 00:00:00,0.05090410394610379
5024,28,1,2024-11-01 00:00:00,0.0517284619047452
5025,28,1,2025-11-01 00:00:00,0.05265586460821669
5026,28,1,2026-11-01 00:00:00,0.05399544629100885
5027,28,1,2027-11-01 00:00:00,0.055438072718631305
5028,28,1,2028-11-01 00:00:00,0.05595329644278212
5029,28,1,2029-11-01 00:00:00,0.056674609656593315
5030,28,1,2030-11-01 00:00:00,0.05729287812557428
5031,28,1,2031-11-01 00:00:00,0.05801419133938555
5032,28,1,2032-11-01 00:00:00,0.058529415063536365
5033,28,1,2033-11-01 00:00:00,0.059456817767007855
5034,28,1,2034-11-01 00:00:00,0.060075086235988895
5035,28,1,2035-11-01 00:00:00,0.06089944419463031
5036,28,1,2036-11-01 00:00:00,0.06151771266361127
5037,28,1,2037-11-01 00:00:00,0.0620329363877621
5038,28,1,2038-11-01 00:00:00,0.06254816011191298
5039,28,1,2039-11-01 00:00:00,0.06316642858089402
5040,28,1,2040-11-01 00:00:00,0.06368165230504493
5041,28,1,2041-11-01 00:00:00,0.06429992077402581
5042,28,1,2042-11-01 00:00:00,0.06471209975334656
5043,28,1,2043-11-01 00:00:00,0.06512427873266723
5044,28,1,2044-11-01 00:00:00,0.06512427873266723
5045,28,1,2045-11-01 00:00:00,0.06502123398783707
5046,28,1,2046-11-01 00:00:00,0.06481514449817671
5047,28,1,2047-11-01 00:00:00,0.06429992077402588
5048,28,1,2048-11-01 00:00:00,0.06399078653953537
5049,28,1,2049-11-01 00:00:00,0.06399078653953537
5050,28,1,2050-11-01 00:00:00,0.06429992077402588
5051,28,1,2051-11-01 00:00:00,0.06460905500851634
5052,28,1,2052-11-01 00:00:00,0.06502123398783707
5053,28,1,2053-11-01 00:00:00,0.06512427873266723
5054,28,1,2024-04-01 00:00:00,0.05090410394610379
5055,28,1,2025-04-01 00:00:00,0.05183150664957535
5056,28,1,2026-04-01 00:00:00,0.05317108833236751
5057,28,1,2027-04-01 00:00:00,0.05492284899448041
5058,28,1,2028-04-01 00:00:00,0.05605634118761227
5059,28,1,2029-04-01 00:00:00,0.056983743891083835
5060,28,1,2030-04-01 00:00:00,0.0576020123600648
5061,28,1,2031-04-01 00:00:00,0.05832332557387607
5062,28,1,2032-04-01 00:00:00,0.05904463878768726
5063,28,1,2033-04-01 00:00:00,0.059765952001498375
5064,28,1,2034-04-01 00:00:00,0.06048726521530964
5065,28,1,2035-04-01 00:00:00,0.06120857842912075
5066,28,1,2036-04-01 00:00:00,0.062032936387762166
5067,28,1,2037-04-01 00:00:00,0.06275424960157329
5068,28,1,2038-04-01 00:00:00,0.06347556281538455
5069,28,1,2039-04-01 00:00:00,0.06399078653953537
5070,28,1,2040-04-01 00:00:00,0.06460905500851641
5071,28,1,2041-04-01 00:00:00,0.06522732347749738
5072,28,1,2042-04-01 00:00:00,0.06584559194647842
5073,28,1,2043-04-01 00:00:00,0.06625777092579908
5074,28,1,2044-04-01 00:00:00,0.06646386041545946
5075,28,1,2045-04-01 00:00:00,0.06636081567062924
5076,28,1,2046-04-01 00:00:00,0.0663608156706293
5077,28,1,2047-04-01 00:00:00,0.06615472618096895
5078,28,1,2048-04-01 00:00:00,0.06543341296715775
5079,28,1,2049-04-01 00:00:00,0.06522732347749738
5080,28,1,2050-04-01 00:00:00,0.06512427873266723
5081,28,1,2051-04-01 00:00:00,0.06522732347749745
5082,28,1,2052-04-01 00:00:00,0.0657425472016482
5083,28,1,2053-04-01 00:00:00,0.06584559194647842
5084,28,1,2054-04-01 00:00:00,0.06584559194647842
5085,28,2,2023-11-01 00:00:00,0.05090410394610379
5086,28,2,2024-11-01 00:00:00,0.05543807271863123
5087,28,2,2025-11-01 00:00:00,0.060384220470479415
5088,28,2,2026-11-01 00:00:00,0.06584559194647842
5089,28,2,2027-11-01 00:00:00,0.07192523189145847
5090,28,2,2028-11-01 00:00:00,0.07728355862262724
5091,28,2,2029-11-01 00:00:00,0.0833631985676073
5092,28,2,2030-11-01 00:00:00,0.08964892800224764
5093,28,2,2031-11-01 00:00:00,0.0958316126920579
5094,28,2,2032-11-01 00:00:00,0.1021173421266981
5095,28,2,2033-11-01 00:00:00,0.10881525054065903
5096,28,2,2034-11-01 00:00:00,0.11592533793394087
5097,28,2,2035-11-01 00:00:00,0.12365369379620358
5098,28,2,2036-11-01 00:00:00,0.13189727338261714
5099,28,2,2037-11-01 00:00:00,0.13952258450004978
5100,28,2,2038-11-01 00:00:00,0.14683876138299176
5101,28,2,2039-11-01 00:00:00,0.15363971454178293
5102,28,2,2040-11-01 00:00:00,0.16085284667989497
5103,28,2,2041-11-01 00:00:00,0.1678598893283463
5104,28,2,2042-11-01 00:00:00,0.17507302146645834
5105,28,2,2043-11-01 00:00:00,0.18166788513558907
5106,28,2,2044-11-01 00:00:00,0.18805665931505963
5107,28,2,2045-11-01 00:00:00,0.19341498604622825
5108,28,2,2046-11-01 00:00:00,0.19867026803256713
5109,28,2,2047-11-01 00:00:00,0.2042346842533962
5110,28,2,2048-11-01 00:00:00,0.20948996623973476
5111,28,2,2049-11-01 00:00:00,0.2151574272053942
5112,28,2,2050-11-01 00:00:00,0.21690918786750696
5113,28,2,2051-11-01 00:00:00,0.21845485903995956
5114,28,2,2052-11-01 00:00:00,0.2202066197020723
5115,28,2,2053-11-01 00:00:00,0.22185533561935528
5116,28,2,2024-04-01 00:00:00,0.05090410394610379
5117,28,2,2025-04-01 00:00:00,0.05440762527032952
5118,28,2,2026-04-01 00:00:00,0.05863245980836651
5119,28,2,2027-04-01 00:00:00,0.06347556281538448
5120,28,2,2028-04-01 00:00:00,0.06811257633274206
5121,28,2,2029-04-01 00:00:00,0.07305872408459026
5122,28,2,2030-04-01 00:00:00,0.07790182709160828
5123,28,2,2031-04-01 00:00:00,0.08315710907794699
5124,28,2,2032-04-01 00:00:00,0.08810325682979503
5125,28,2,2033-04-01 00:00:00,0.09304940458164321
5126,28,2,2034-04-01 00:00:00,0.09830468656798177
5127,28,2,2035-04-01 00:00:00,0.10448737125779205
5128,28,2,2036-04-01 00:00:00,0.11118527967175298
5129,28,2,2037-04-01 00:00:00,0.11778014334088399
5130,28,2,2038-04-01 00:00:00,0.12355064905137352
5131,28,2,2039-04-01 00:00:00,0.12911506527220246
5132,28,2,2040-04-01 00:00:00,0.13457643674820144
5133,28,2,2041-04-01 00:00:00,0.14055303194835128
5134,28,2,2042-04-01 00:00:00,0.14632353765884096
5135,28,2,2043-04-01 00:00:00,0.1517849091348401
5136,28,2,2044-04-01 00:00:00,0.15662801214185806
5137,28,2,2045-04-01 00:00:00,0.1611619809143855
5138,28,2,2046-04-01 00:00:00,0.16600508392140345
5139,28,2,2047-04-01 00:00:00,0.17043600794910052
5140,28,2,2048-04-01 00:00:00,0.1740425740181567
5141,28,2,2049-04-01 00:00:00,0.1779582743217031
5142,28,2,2050-04-01 00:00:00,0.18238919834940048
5143,28,2,2051-04-01 00:00:00,0.18269833258389098
5144,28,2,2052-04-01 00:00:00,0.18393486952185278
5145,28,2,2053-04-01 00:00:00,0.18445009324600375
5146,28,2,2054-04-01 00:00:00,0.18568663018396553
5147,28,3,2023-11-01 00:00:00,0.05090410394610379
5148,28,3,2024-11-01 00:00:00,0.06244511536708284
5149,28,3,2025-11-01 00:00:00,0.07615006642949539
5150,28,3,2026-11-01 00:00:00,0.09006110698156837
5151,28,3,2027-11-01 00:00:00,0.10314778957499988
5152,28,3,2028-11-01 00:00:00,0.11551315895462012
5153,28,3,2029-11-01 00:00:00,0.1295272442515232
5154,28,3,2030-11-01 00:00:00,0.1461174481691805
5155,28,3,2031-11-01 00:00:00,0.16322287581098877
5156,28,3,2032-11-01 00:00:00,0.18094657192177793
5157,28,3,2033-11-01 00:00:00,0.19887635752222727
5158,28,3,2034-11-01 00:00:00,0.21649700888818635
5159,28,3,2035-11-01 00:00:00,0.23411766025414546
5160,28,3,2036-11-01 00:00:00,0.2531809380477268
5161,28,3,2037-11-01 00:00:00,0.2729655290551195
5162,28,3,2038-11-01 00:00:00,0.29213185159353094
5163,28,3,2039-11-01 00:00:00,0.31212253209058355
5164,28,3,2040-11-01 00:00:00,0.3322162573324665
5165,28,3,2041-11-01 00:00:00,0.35261911680884084
5166,28,3,2042-11-01 00:00:00,0.3709610813886108
5167,28,3,2043-11-01 00:00:00,0.3889939117338905
5168,28,3,2044-11-01 00:00:00,0.4067176078446799
5169,28,3,2045-11-01 00:00:00,0.422998677527846
5170,28,3,2046-11-01 00:00:00,0.43907365772135304
5171,28,3,2047-11-01 00:00:00,0.4539121009768975
5172,28,3,2048-11-01 00:00:00,0.4675140072944798
5173,28,3,2049-11-01 00:00:00,0.48441334544662745
5174,28,3,2050-11-01 00:00:00,0.4881229562605137
5175,28,3,2051-11-01 00:00:00,0.4921417013088902
5176,28,3,2052-11-01 00:00:00,0.49667567008141766
5177,28,3,2053-11-01 00:00:00,0.5017248625780967
5178,28,3,2024-04-01 00:00:00,0.05090410394610379
5179,28,3,2025-04-01 00:00:00,0.06120857842912075
5180,28,3,2026-04-01 00:00:00,0.07213132138111869
5181,28,3,2027-04-01 00:00:00,0.08387842229175811
5182,28,3,2028-04-01 00:00:00,0.09418289677477508
5183,28,3,2029-04-01 00:00:00,0.10459041600262212
5184,28,3,2030-04-01 00:00:00,0.11633751691326147
5185,28,3,2031-04-01 00:00:00,0.13076378118948528
5186,28,3,2032-04-01 00:00:00,0.14529309021053902
5187,28,3,2033-04-01 00:00:00,0.16033762295574402
5188,28,3,2034-04-01 00:00:00,0.17496997672162826
5189,28,3,2035-04-01 00:00:00,0.19032364370132335
5190,28,3,2036-04-01 00:00:00,0.2053681764465279
5191,28,3,2037-04-01 00:00:00,0.2213401118952046
5192,28,3,2038-04-01 00:00:00,0.23710595785422028
5193,28,3,2039-04-01 00:00:00,0.25245962483391565
5194,28,3,2040-04-01 00:00:00,0.26977114196538454
5195,28,3,2041-04-01 00:00:00,0.28728874858651327
5196,28,3,2042-04-01 00:00:00,0.3043941762283208
5197,28,3,2043-04-01 00:00:00,0.3195417537183566
5198,28,3,2044-04-01 00:00:00,0.33355583901525926
5199,28,3,2045-04-01 00:00:00,0.34705470058801147
5200,28,3,2046-04-01 00:00:00,0.36127487537457487
5201,28,3,2047-04-01 00:00:00,0.37425851322317616
5202,28,3,2048-04-01 00:00:00,0.38476907719585324
5203,28,3,2049-04-01 00:00:00,0.39692835708581337
5204,28,3,2050-04-01 00:00:00,0.41053026340339627
5205,28,3,2051-04-01 00:00:00,0.41248811355516884
5206,28,3,2052-04-01 00:00:00,0.41557945590007467
5207,28,3,2053-04-01 00:00:00,0.4179494850311682
5208,28,3,2054-04-01 00:00:00,0.42145300635539423
5209,29,1,2023-11-01 00:00:00,0.08955200583969407
5210,29,1,2024-11-01 00:00:00,0.0908478307188762
5211,29,1,2025-11-01 00:00:00,0.0927040123025695
5212,29,1,2026-11-01 00:00:00,0.0950505060027101
5213,29,1,2027-11-01 00:00:00,0.09743202199688264
5214,29,1,2028-11-01 00:00:00,0.09848269081784113
5215,29,1,2029-11-01 00:00:00,0.09981353799105519
5216,29,1,2030-11-01 00:00:00,0.10079416222394977
5217,29,1,2031-11-01 00:00:00,0.10198492022103604
5218,29,1,2032-11-01 00:00:00,0.10303558904199452
5219,29,1,2033-11-01 00:00:00,0.10450652539133638
5220,29,1,2034-11-01 00:00:00,0.1057323056824546
5221,29,1,2035-11-01 00:00:00,0.10706315285566867
5222,29,1,2036-11-01 00:00:00,0.10821888855872298
5223,29,1,2037-11-01 00:00:00,0.10919951279161756
5224,29,1,2038-11-01 00:00:00,0.11011009243644825
5225,29,1,2039-11-01 00:00:00,0.11105569437531088
5226,29,1,2040-11-01 00:00:00,0.11217640778433326
5227,29,1,2041-11-01 00:00:00,0.11308698742916393
5228,29,1,2042-11-01 00:00:00,0.11392752248593072
5229,29,1,2043-11-01 00:00:00,0.114417834602378
5230,29,1,2044-11-01 00:00:00,0.11466299066060165
5231,29,1,2045-11-01 00:00:00,0.11438281230834603
5232,29,1,2046-11-01 00:00:00,0.11396254477996265
5233,29,1,2047-11-01 00:00:00,0.11326209889932369
5234,29,1,2048-11-01 00:00:00,0.11252663072465274
5235,29,1,2049-11-01 00:00:00,0.11263169760674857
5236,29,1,2050-11-01 00:00:00,0.11308698742916393
5237,29,1,2051-11-01 00:00:00,0.11368236642770707
5238,29,1,2052-11-01 00:00:00,0.11431276772028215
5239,29,1,2053-11-01 00:00:00,0.11448787919044189
5240,29,1,2024-04-01 00:00:00,0.08955200583969407
5241,29,1,2025-04-01 00:00:00,0.09119805365919569
5242,29,1,2026-04-01 00:00:00,0.09354454735933629
5243,29,1,2027-04-01 00:00:00,0.09648642005802001
5244,29,1,2028-04-01 00:00:00,0.09858775769993695
5245,29,1,2029-04-01 00:00:00,0.10016376093137468
5246,29,1,2030-04-01 00:00:00,0.10135451892846095
5247,29,1,2031-04-01 00:00:00,0.10265034380764307
5248,29,1,2032-04-01 00:00:00,0.10391114639279325
5249,29,1,2033-04-01 00:00:00,0.10510190438987951
5250,29,1,2034-04-01 00:00:00,0.10636270697502968
5251,29,1,2035-04-01 00:00:00,0.10776359873630766
5252,29,1,2036-04-01 00:00:00,0.10916449049758563
5253,29,1,2037-04-01 00:00:00,0.11046031537676773
5254,29,1,2038-04-01 00:00:00,0.1117211179619179
5255,29,1,2039-04-01 00:00:00,0.11249160843062078
5256,29,1,2040-04-01 00:00:00,0.11354227725157927
5257,29,1,2041-04-01 00:00:00,0.1146980129546336
5258,29,1,2042-04-01 00:00:00,0.11574868177559205
5259,29,1,2043-04-01 00:00:00,0.1165541945383269
5260,29,1,2044-04-01 00:00:00,0.11686939518461444
5261,29,1,2045-04-01 00:00:00,0.1166942837144547
5262,29,1,2046-04-01 00:00:00,0.11679935059655054
5263,29,1,2047-04-01 00:00:00,0.1163440607741352
5264,29,1,2048-04-01 00:00:00,0.11515330277704894
5265,29,1,2049-04-01 00:00:00,0.1147680575426975
5266,29,1,2050-04-01 00:00:00,0.1146980129546336
5267,29,1,2051-04-01 00:00:00,0.1147680575426975
5268,29,1,2052-04-01 00:00:00,0.11571365948156011
5269,29,1,2053-04-01 00:00:00,0.11592379324575182
5270,29,1,2054-04-01 00:00:00,0.11595881553978377
5271,29,2,2023-11-01 00:00:00,0.08955200583969407
5272,29,2,2024-11-01 00:00:00,0.09746704429091459
5273,29,2,2025-11-01 00:00:00,0.10625764009293384
5274,29,2,2026-11-01 00:00:00,0.11588877095171987
5275,29,2,2027-11-01 00:00:00,0.12636043686727266
5276,29,2,2028-11-01 00:00:00,0.13613165690218648
5277,29,2,2029-11-01 00:00:00,0.14670838969983516
5278,29,2,2030-11-01 00:00:00,0.157845479201995
5279,29,2,2031-11-01 00:00:00,0.16873741264593117
5280,29,2,2032-11-01 00:00:00,0.1796293460898674
5281,29,2,2033-11-01 00:00:00,0.19143185917863426
5282,29,2,2034-11-01 00:00:00,0.20403988503013595
5283,29,2,2035-11-01 00:00:00,0.21759351282050032
5284,29,2,2036-11-01 00:00:00,0.2319526533735995
5285,29,2,2037-11-01 00:00:00,0.24536619198783602
5286,29,2,2038-11-01 00:00:00,0.2583594630736891
5287,29,2,2039-11-01 00:00:00,0.2702670430445519
5288,29,2,2040-11-01 00:00:00,0.28284004660202167
5289,29,2,2041-11-01 00:00:00,0.2952379386893316
5290,29,2,2042-11-01 00:00:00,0.308091120599057
5291,29,2,2043-11-01 00:00:00,0.31954341074750436
5292,29,2,2044-11-01 00:00:00,0.330820589425792
5293,29,2,2045-11-01 00:00:00,0.3402415865203864
5294,29,2,2046-11-01 00:00:00,0.34948747214482095
5295,29,2,2047-11-01 00:00:00,0.3592236698857028
5296,29,2,2048-11-01 00:00:00,0.3684695555101374
5297,29,2,2049-11-01 00:00:00,0.37862602077940266
5298,29,2,2050-11-01 00:00:00,0.38149784889002253
5299,29,2,2051-11-01 00:00:00,0.3842646101185465
5300,29,2,2052-11-01 00:00:00,0.38745163887545386
5301,29,2,2053-11-01 00:00:00,0.39035848928010564
5302,29,2,2024-04-01 00:00:00,0.08955200583969407
5303,29,2,2025-04-01 00:00:00,0.09571592958931713
5304,29,2,2026-04-01 00:00:00,0.10314065592409036
5305,29,2,2027-04-01 00:00:00,0.1117211179619179
5306,29,2,2028-04-01 00:00:00,0.1199863793534579
5307,29,2,2029-04-01 00:00:00,0.12842675221515767
5308,29,2,2030-04-01 00:00:00,0.1370422365470172
5309,29,2,2031-04-01 00:00:00,0.1463931890535476
5310,29,2,2032-04-01 00:00:00,0.1550086733854071
5311,29,2,2033-04-01 00:00:00,0.1637642468933944
5312,29,2,2034-04-01 00:00:00,0.17283502104766924
5313,29,2,2035-04-01 00:00:00,0.18390206596176517
5314,29,2,2036-04-01 00:00:00,0.19556448987440428
5315,29,2,2037-04-01 00:00:00,0.20722691378704336
5316,29,2,2038-04-01 00:00:00,0.21748844593840447
5317,29,2,2039-04-01 00:00:00,0.22715459909122243
5318,29,2,2040-04-01 00:00:00,0.23678572995000846
5319,29,2,2041-04-01 00:00:00,0.24732744045362517
5320,29,2,2042-04-01 00:00:00,0.2574488834288585
5321,29,2,2043-04-01 00:00:00,0.26711503658167646
5322,29,2,2044-04-01 00:00:00,0.27555540944337625
5323,29,2,2045-04-01 00:00:00,0.28357551477669257
5324,29,2,2046-04-01 00:00:00,0.2920509099324243
5325,29,2,2047-04-01 00:00:00,0.29972079232542115
5326,29,2,2048-04-01 00:00:00,0.30612987213326787
5327,29,2,2049-04-01 00:00:00,0.3132043755277216
5328,29,2,2050-04-01 00:00:00,0.3208742579207185
5329,29,2,2051-04-01 00:00:00,0.3215046592132935
5330,29,2,2052-04-01 00:00:00,0.32371106373730635
5331,29,2,2053-04-01 00:00:00,0.32444653191197725
5332,29,2,2054-04-01 00:00:00,0.32658289184792616
5333,29,3,2023-11-01 00:00:00,0.08955200583969407
5334,29,3,2024-11-01 00:00:00,0.10989995867225655
5335,29,3,2025-11-01 00:00:00,0.13389023008414175
5336,29,3,2026-11-01 00:00:00,0.158545925082634
5337,29,3,2027-11-01 00:00:00,0.18159059455565654
5338,29,3,2028-11-01 00:00:00,0.2032693945614331
5339,29,3,2029-11-01 00:00:00,0.22789006726589334
5340,29,3,2030-11-01 00:00:00,0.25706363819450706
5341,29,3,2031-11-01 00:00:00,0.2872178333560153
5342,29,3,2032-11-01 00:00:00,0.3182475858683223
5343,29,3,2033-11-01 00:00:00,0.3499427619672363
5344,29,3,2034-11-01 00:00:00,0.3809024698914794
5345,29,3,2035-11-01 00:00:00,0.41196724469781826
5346,29,3,2036-11-01 00:00:00,0.4455536246744576
5347,29,3,2037-11-01 00:00:00,0.48019067347205535
5348,29,3,2038-11-01 00:00:00,0.5139871872128863
5349,29,3,2039-11-01 00:00:00,0.5490445035388675
5350,29,3,2040-11-01 00:00:00,0.5843819982171042
5351,29,3,2041-11-01 00:00:00,0.6202798495998522
5352,29,3,2042-11-01 00:00:00,0.6526054269913412
5353,29,3,2043-11-01 00:00:00,0.6844757145604149
5354,29,3,2044-11-01 00:00:00,0.7156105339548178
5355,29,3,2045-11-01 00:00:00,0.7439785921206966
5356,29,3,2046-11-01 00:00:00,0.7724166948746394
5357,29,3,2047-11-01 00:00:00,0.7984732816344096
5358,29,3,2048-11-01 00:00:00,0.8224285307522629
5359,29,3,2049-11-01 00:00:00,0.8522675252674835
5360,29,3,2050-11-01 00:00:00,0.8587116273693621
5361,29,3,2051-11-01 00:00:00,0.865716086175752
5362,29,3,2052-11-01 00:00:00,0.8737361915090683
5363,29,3,2053-11-01 00:00:00,0.8826668764872154
5364,29,3,2024-04-01 00:00:00,0.08955200583969407
5365,29,3,2025-04-01 00:00:00,0.10769355414824375
5366,29,3,2026-04-01 00:00:00,0.12688577127775189
5367,29,3,2027-04-01 00:00:00,0.1476189693446658
5368,29,3,2028-04-01 00:00:00,0.1656904730651516
5369,29,3,2029-04-01 00:00:00,0.18400713284386103
5370,29,3,2030-04-01 00:00:00,0.2046352640286791
5371,29,3,2031-04-01 00:00:00,0.23023656096603395
5372,29,3,2032-04-01 00:00:00,0.2556277241391971
5373,29,3,2033-04-01 00:00:00,0.28213960072138267
5374,29,3,2034-04-01 00:00:00,0.3078459645408334
5375,29,3,2035-04-01 00:00:00,0.33470806406333836
5376,29,3,2036-04-01 00:00:00,0.3612899852335878
5377,29,3,2037-04-01 00:00:00,0.389412887341243
5378,29,3,2038-04-01 00:00:00,0.41722058880261065
5379,29,3,2039-04-01 00:00:00,0.4442227775012435
5380,29,3,2040-04-01 00:00:00,0.4746221287209754
5381,29,3,2041-04-01 00:00:00,0.5054767697631227
5382,29,3,2042-04-01 00:00:00,0.5356659872186628
5383,29,3,2043-04-01 00:00:00,0.5620727969187526
5384,29,3,2044-04-01 00:00:00,0.5867985365053087
5385,29,3,2045-04-01 00:00:00,0.6104385849768744
5386,29,3,2046-04-01 00:00:00,0.6356546366798778
5387,29,3,2047-04-01 00:00:00,0.6583490832125808
5388,29,3,2048-04-01 00:00:00,0.676910899049514
5389,29,3,2049-04-01 00:00:00,0.6983795652910988
5390,29,3,2050-04-01 00:00:00,0.722264769820888
5391,29,3,2051-04-01 00:00:00,0.7256619323419872
5392,29,3,2052-04-01 00:00:00,0.7310203433288753
5393,29,3,2053-04-01 00:00:00,0.7353280854948052
5394,29,3,2054-04-01 00:00:00,0.7412818754802365
5395,30,1,2023-11-01 00:00:00,0.05053717028810268
5396,30,1,2024-11-01 00:00:00,0.0512726384627736
5397,30,1,2025-11-01 00:00:00,0.05232330728373208
5398,30,1,2026-11-01 00:00:00,0.05365415445694616
5399,30,1,2027-11-01 00:00:00,0.054985001630160235
5400,30,1,2028-11-01 00:00:00,0.055580380628703366
5401,30,1,2029-11-01 00:00:00,0.056315848803374285
5402,30,1,2030-11-01 00:00:00,0.05684118321385352
5403,30,1,2031-11-01 00:00:00,0.05757665138852447
5404,30,1,2032-11-01 00:00:00,0.05813700809303566
5405,30,1,2033-11-01 00:00:00,0.058977543149802435
5406,30,1,2034-11-01 00:00:00,0.0596779890304414
5407,30,1,2035-11-01 00:00:00,0.06041345720511235
5408,30,1,2036-11-01 00:00:00,0.06104385849768743
5409,30,1,2037-11-01 00:00:00,0.06160421520219864
5410,30,1,2038-11-01 00:00:00,0.06212954961267785
5411,30,1,2039-11-01 00:00:00,0.06268990631718904
5412,30,1,2040-11-01 00:00:00,0.06332030760976412
5413,30,1,2041-11-01 00:00:00,0.06381061972621142
5414,30,1,2042-11-01 00:00:00,0.06430093184265871
5415,30,1,2043-11-01 00:00:00,0.06458111019491429
5416,30,1,2044-11-01 00:00:00,0.06472119937104209
5417,30,1,2045-11-01 00:00:00,0.06454608790088237
5418,30,1,2046-11-01 00:00:00,0.06430093184265871
5419,30,1,2047-11-01 00:00:00,0.06391568660830727
5420,30,1,2048-11-01 00:00:00,0.06349541907992386
5421,30,1,2049-11-01 00:00:00,0.06356546366798779
5422,30,1,2050-11-01 00:00:00,0.06381061972621142
5423,30,1,2051-11-01 00:00:00,0.06412582037249898
5424,30,1,2052-11-01 00:00:00,0.06451106560685041
5425,30,1,2053-11-01 00:00:00,0.06461613248894627
5426,30,1,2024-04-01 00:00:00,0.05053717028810268
5427,30,1,2025-04-01 00:00:00,0.05144774993293335
5428,30,1,2026-04-01 00:00:00,0.05277859710614743
5429,30,1,2027-04-01 00:00:00,0.054424644925649045
5430,30,1,2028-04-01 00:00:00,0.05561540292273532
5431,30,1,2029-04-01 00:00:00,0.05652598256756599
5432,30,1,2030-04-01 00:00:00,0.057226428448204976
5433,30,1,2031-04-01 00:00:00,0.05792687432884397
5434,30,1,2032-04-01 00:00:00,0.05862732020948292
5435,30,1,2033-04-01 00:00:00,0.05932776609012193
5436,30,1,2034-04-01 00:00:00,0.06006323426479286
5437,30,1,2035-04-01 00:00:00,0.0607987024394638
5438,30,1,2036-04-01 00:00:00,0.06160421520219861
5439,30,1,2037-04-01 00:00:00,0.0623046610828376
5440,30,1,2038-04-01 00:00:00,0.06304012925750854
5441,30,1,2039-04-01 00:00:00,0.06346039678589195
5442,30,1,2040-04-01 00:00:00,0.064090798078467
5443,30,1,2041-04-01 00:00:00,0.06472119937104209
5444,30,1,2042-04-01 00:00:00,0.06531657836958525
5445,30,1,2043-04-01 00:00:00,0.06580689048603253
5446,30,1,2044-04-01 00:00:00,0.06594697966216034
5447,30,1,2045-04-01 00:00:00,0.06584191278006446
5448,30,1,2046-04-01 00:00:00,0.06591195736812837
5449,30,1,2047-04-01 00:00:00,0.06563177901587279
5450,30,1,2048-04-01 00:00:00,0.06500137772329767
5451,30,1,2049-04-01 00:00:00,0.064791243959106
5452,30,1,2050-04-01 00:00:00,0.06472119937104209
5453,30,1,2051-04-01 00:00:00,0.06475622166507403
5454,30,1,2052-04-01 00:00:00,0.06531657836958522
5455,30,1,2053-04-01 00:00:00,0.06542164525168108
5456,30,1,2054-04-01 00:00:00,0.06545666754571303
5457,30,2,2023-11-01 00:00:00,0.05053717028810268
5458,30,2,2024-11-01 00:00:00,0.055020023924192175
5459,30,2,2025-11-01 00:00:00,0.05995816738269701
5460,30,2,2026-11-01 00:00:00,0.06542164525168108
5461,30,2,2027-11-01 00:00:00,0.07130539064904855
5462,30,2,2028-11-01 00:00:00,0.07680389081206457
5463,30,2,2029-11-01 00:00:00,0.08275768079749592
5464,30,2,2030-11-01 00:00:00,0.08909671601727875
5465,30,2,2031-11-01 00:00:00,0.09522561747286985
5466,30,2,2032-11-01 00:00:00,0.10135451892846097
5467,30,2,2033-11-01 00:00:00,0.10800875479453131
5468,30,2,2034-11-01 00:00:00,0.11515330277704894
5469,30,2,2035-11-01 00:00:00,0.12278816287601384
5470,30,2,2036-11-01 00:00:00,0.13091333509142605
5471,30,2,2037-11-01 00:00:00,0.13847815060232707
5472,30,2,2038-11-01 00:00:00,0.1457978100550045
5473,30,2,2039-11-01 00:00:00,0.15255711280317066
5474,30,2,2040-11-01 00:00:00,0.15959659390359243
5475,30,2,2041-11-01 00:00:00,0.16660105270998232
5476,30,2,2042-11-01 00:00:00,0.17385066757459583
5477,30,2,2043-11-01 00:00:00,0.18032979197050636
5478,30,2,2044-11-01 00:00:00,0.18666882719028915
5479,30,2,2045-11-01 00:00:00,0.19202723817717735
5480,30,2,2046-11-01 00:00:00,0.19724555998793786
5481,30,2,2047-11-01 00:00:00,0.2027440601509539
5482,30,2,2048-11-01 00:00:00,0.2079273596676824
5483,30,2,2049-11-01 00:00:00,0.213671015888922
5484,30,2,2050-11-01 00:00:00,0.21528204141439167
5485,30,2,2051-11-01 00:00:00,0.21685804464582933
5486,30,2,2052-11-01 00:00:00,0.2186441816414588
5487,30,2,2053-11-01 00:00:00,0.22029022946096047
5488,30,2,2024-04-01 00:00:00,0.05053717028810268
5489,30,2,2025-04-01 00:00:00,0.05400437739726566
5490,30,2,2026-04-01 00:00:00,0.058172030387067614
5491,30,2,2027-04-01 00:00:00,0.0630051069634766
5492,30,2,2028-04-01 00:00:00,0.0676980943637578
5493,30,2,2029-04-01 00:00:00,0.07249614864613481
5494,30,2,2030-04-01 00:00:00,0.07736424751657574
5495,30,2,2031-04-01 00:00:00,0.08261759162136814
5496,30,2,2032-04-01 00:00:00,0.08748569049180906
5497,30,2,2033-04-01 00:00:00,0.09238881165628196
5498,30,2,2034-04-01 00:00:00,0.0975370888789785
5499,30,2,2035-04-01 00:00:00,0.10377105721666545
5500,30,2,2036-04-01 00:00:00,0.11039027078870382
5501,30,2,2037-04-01 00:00:00,0.11693943977267834
5502,30,2,2038-04-01 00:00:00,0.12271811828794996
5503,30,2,2039-04-01 00:00:00,0.12821661845096596
5504,30,2,2040-04-01 00:00:00,0.13361005173188617
5505,30,2,2041-04-01 00:00:00,0.13959886401134947
5506,30,2,2042-04-01 00:00:00,0.1452724756445252
5507,30,2,2043-04-01 00:00:00,0.15073595351350932
5508,30,2,2044-04-01 00:00:00,0.15553400779588633
5509,30,2,2045-04-01 00:00:00,0.1600518837260078
5510,30,2,2046-04-01 00:00:00,0.16481491571435283
5511,30,2,2047-04-01 00:00:00,0.16915768017431457
5512,30,2,2048-04-01 00:00:00,0.17272995416557338
5513,30,2,2049-04-01 00:00:00,0.17675751797924755
5514,30,2,2050-04-01 00:00:00,0.18106526014517726
5515,30,2,2051-04-01 00:00:00,0.1814154830854968
5516,30,2,2052-04-01 00:00:00,0.18267628567064695
5517,30,2,2053-04-01 00:00:00,0.18309655319903032
5518,30,2,2054-04-01 00:00:00,0.18432233349014857
5519,30,3,2023-11-01 00:00:00,0.05053717028810268
5520,30,3,2024-11-01 00:00:00,0.06205950502461397
5521,30,3,2025-11-01 00:00:00,0.0755430882269144
5522,30,3,2026-11-01 00:00:00,0.08944693895759823
5523,30,3,2027-11-01 00:00:00,0.10247523233748332
5524,30,3,2028-11-01 00:00:00,0.11469801295463361
5525,30,3,2029-11-01 00:00:00,0.12860186368531745
5526,30,3,2030-11-01 00:00:00,0.14506234188033348
5527,30,3,2031-11-01 00:00:00,0.16208317677986078
5528,30,3,2032-11-01 00:00:00,0.17959432379583545
5529,30,3,2033-11-01 00:00:00,0.19749071604616147
5530,30,3,2034-11-01 00:00:00,0.21496684076810404
5531,30,3,2035-11-01 00:00:00,0.2325130100781107
5532,30,3,2036-11-01 00:00:00,0.2514250488553632
5533,30,3,2037-11-01 00:00:00,0.2710025112192228
5534,30,3,2038-11-01 00:00:00,0.29005463917260327
5535,30,3,2039-11-01 00:00:00,0.30984223530065447
5536,30,3,2040-11-01 00:00:00,0.32980494289886536
5537,30,3,2041-11-01 00:00:00,0.3500478288493321
5538,30,3,2042-11-01 00:00:00,0.36829444403997763
5539,30,3,2043-11-01 00:00:00,0.3862959031723996
5540,30,3,2044-11-01 00:00:00,0.403842072482406
5541,30,3,2045-11-01 00:00:00,0.41988228314903875
5542,30,3,2046-11-01 00:00:00,0.43588747152163954
5543,30,3,2047-11-01 00:00:00,0.45059683501505815
5544,30,3,2048-11-01 00:00:00,0.4641504628054226
5545,30,3,2049-11-01 00:00:00,0.4809961862347902
5546,30,3,2050-11-01 00:00:00,0.48460348252008095
5547,30,3,2051-11-01 00:00:00,0.48852597945165926
5548,30,3,2052-11-01 00:00:00,0.4930788776758126
5549,30,3,2053-11-01 00:00:00,0.4980870657223814
5550,30,3,2024-04-01 00:00:00,0.05053717028810268
5551,30,3,2025-04-01 00:00:00,0.06076368014543185
5552,30,3,2026-04-01 00:00:00,0.07158556900130415
5553,30,3,2027-04-01 00:00:00,0.08331803750200711
5554,30,3,2028-04-01 00:00:00,0.09350952506530434
5555,30,3,2029-04-01 00:00:00,0.10384110180472934
5556,30,3,2030-04-01 00:00:00,0.11550352571736841
5557,30,3,2031-04-01 00:00:00,0.12989768856449954
5558,30,3,2032-04-01 00:00:00,0.14425682911759874
5559,30,3,2033-04-01 00:00:00,0.15924637096327296
5560,30,3,2034-04-01 00:00:00,0.17371057839846796
5561,30,3,2035-04-01 00:00:00,0.18887523171430198
5562,30,3,2036-04-01 00:00:00,0.20386477355997626
5563,30,3,2037-04-01 00:00:00,0.21976489505048116
5564,30,3,2038-04-01 00:00:00,0.23545488277679447
5565,30,3,2039-04-01 00:00:00,0.25068958068069225
5566,30,3,2040-04-01 00:00:00,0.26781548246231546
5567,30,3,2041-04-01 00:00:00,0.285291607184258
5568,30,3,2042-04-01 00:00:00,0.3022774197897535
5569,30,3,2043-04-01 00:00:00,0.31719691704736375
5570,30,3,2044-04-01 00:00:00,0.3311357900720796
5571,30,3,2045-04-01 00:00:00,0.34447928409825224
5572,30,3,2046-04-01 00:00:00,0.3587333577692556
5573,30,3,2047-04-01 00:00:00,0.37151649509091705
5574,30,3,2048-04-01 00:00:00,0.3819881610064699
5575,30,3,2049-04-01 00:00:00,0.3941058747415242
5576,30,3,2050-04-01 00:00:00,0.40758945794382473
5577,30,3,2051-04-01 00:00:00,0.40951568411558187
5578,30,3,2052-04-01 00:00:00,0.41252760140232947
5579,30,3,2053-04-01 00:00:00,0.41494413969053395
5580,30,3,2054-04-01 00:00:00,0.4183413022116331
5581,31,1,2023-11-01 00:00:00,0.012713092733597563
5582,31,1,2024-11-01 00:00:00,0.0128882042037573
5583,31,1,2025-11-01 00:00:00,0.013168382556012912
5584,31,1,2026-11-01 00:00:00,0.013483583202300442
5585,31,1,2027-11-01 00:00:00,0.013833806142619915
5586,31,1,2028-11-01 00:00:00,0.014008917612779675
5587,31,1,2029-11-01 00:00:00,0.014184029082939436
5588,31,1,2030-11-01 00:00:00,0.01432411825906723
5589,31,1,2031-11-01 00:00:00,0.014464207435194998
5590,31,1,2032-11-01 00:00:00,0.01463931890535476
5591,31,1,2033-11-01 00:00:00,0.014849452669546463
5592,31,1,2034-11-01 00:00:00,0.015024564139706223
5593,31,1,2035-11-01 00:00:00,0.015199675609865935
5594,31,1,2036-11-01 00:00:00,0.015374787080025695
5595,31,1,2037-11-01 00:00:00,0.01551487625615349
5596,31,1,2038-11-01 00:00:00,0.015654965432281284
5597,31,1,2039-11-01 00:00:00,0.015760032314377136
5598,31,1,2040-11-01 00:00:00,0.015935143784536872
5599,31,1,2041-11-01 00:00:00,0.016040210666632748
5600,31,1,2042-11-01 00:00:00,0.016180299842760516
5601,31,1,2043-11-01 00:00:00,0.016250344430824425
5602,31,1,2044-11-01 00:00:00,0.01628536672485637
5603,31,1,2045-11-01 00:00:00,0.0162503444308244
5604,31,1,2046-11-01 00:00:00,0.01618029984276054
5605,31,1,2047-11-01 00:00:00,0.016110255254696608
5606,31,1,2048-11-01 00:00:00,0.015970166078568836
5607,31,1,2049-11-01 00:00:00,0.015970166078568812
5608,31,1,2050-11-01 00:00:00,0.01607523296066469
5609,31,1,2051-11-01 00:00:00,0.016145277548728573
5610,31,1,2052-11-01 00:00:00,0.016215322136792457
5611,31,1,2053-11-01 00:00:00,0.016250344430824425
5612,31,1,2024-04-01 00:00:00,0.012713092733597563
5613,31,1,2025-04-01 00:00:00,0.01295824879182121
5614,31,1,2026-04-01 00:00:00,0.01327344943810874
5615,31,1,2027-04-01 00:00:00,0.01369371696649212
5616,31,1,2028-04-01 00:00:00,0.014008917612779675
5617,31,1,2029-04-01 00:00:00,0.014219051376971353
5618,31,1,2030-04-01 00:00:00,0.014394162847131114
5619,31,1,2031-04-01 00:00:00,0.01456927431729085
5620,31,1,2032-04-01 00:00:00,0.01474438578745061
5621,31,1,2033-04-01 00:00:00,0.014919497257610347
5622,31,1,2034-04-01 00:00:00,0.015094608727770083
5623,31,1,2035-04-01 00:00:00,0.015304742491961787
5624,31,1,2036-04-01 00:00:00,0.01551487625615349
5625,31,1,2037-04-01 00:00:00,0.01568998772631325
5626,31,1,2038-04-01 00:00:00,0.015865099196472988
5627,31,1,2039-04-01 00:00:00,0.015970166078568812
5628,31,1,2040-04-01 00:00:00,0.016110255254696632
5629,31,1,2041-04-01 00:00:00,0.016285366724856393
5630,31,1,2042-04-01 00:00:00,0.01642545590098416
5631,31,1,2043-04-01 00:00:00,0.016530522783080013
5632,31,1,2044-04-01 00:00:00,0.016600567371143897
5633,31,1,2045-04-01 00:00:00,0.01656554507711198
5634,31,1,2046-04-01 00:00:00,0.016600567371143897
5635,31,1,2047-04-01 00:00:00,0.016530522783080013
5636,31,1,2048-04-01 00:00:00,0.016355411312920277
5637,31,1,2049-04-01 00:00:00,0.01628536672485637
5638,31,1,2050-04-01 00:00:00,0.016285366724856393
5639,31,1,2051-04-01 00:00:00,0.01628536672485637
5640,31,1,2052-04-01 00:00:00,0.016425455900984185
5641,31,1,2053-04-01 00:00:00,0.016460478195016105
5642,31,1,2054-04-01 00:00:00,0.01646047819501613
5643,31,2,2023-11-01 00:00:00,0.012713092733597563
5644,31,2,2024-11-01 00:00:00,0.013833806142619939
5645,31,2,2025-11-01 00:00:00,0.015094608727770109
5646,31,2,2026-11-01 00:00:00,0.016460478195016105
5647,31,2,2027-11-01 00:00:00,0.017931414544358
5648,31,2,2028-11-01 00:00:00,0.019332306305635937
5649,31,2,2029-11-01 00:00:00,0.020838264949009776
5650,31,2,2030-11-01 00:00:00,0.02241426818044745
5651,31,2,2031-11-01 00:00:00,0.023955249117853208
5652,31,2,2032-11-01 00:00:00,0.025496230055259014
5653,31,2,2033-11-01 00:00:00,0.02717730016879259
5654,31,2,2034-11-01 00:00:00,0.028963437164421964
5655,31,2,2035-11-01 00:00:00,0.03088966333617921
5656,31,2,2036-11-01 00:00:00,0.03292095639003226
5657,31,2,2037-11-01 00:00:00,0.03481216026775753
5658,31,2,2038-11-01 00:00:00,0.0366683418514508
5659,31,2,2039-11-01 00:00:00,0.03834941196498437
5660,31,2,2040-11-01 00:00:00,0.04013554896061375
5661,31,2,2041-11-01 00:00:00,0.041886663662211256
5662,31,2,2042-11-01 00:00:00,0.043742845245904466
5663,31,2,2043-11-01 00:00:00,0.04535387077137426
5664,31,2,2044-11-01 00:00:00,0.04696489629684385
5665,31,2,2045-11-01 00:00:00,0.048295743470058
5666,31,2,2046-11-01 00:00:00,0.049591568349240035
5667,31,2,2047-11-01 00:00:00,0.05099246011051803
5668,31,2,2048-11-01 00:00:00,0.05232330728373208
5669,31,2,2049-11-01 00:00:00,0.053759221339041985
5670,31,2,2050-11-01 00:00:00,0.054144466573393474
5671,31,2,2051-11-01 00:00:00,0.05452971180774496
5672,31,2,2052-11-01 00:00:00,0.0550200239241922
5673,31,2,2053-11-01 00:00:00,0.05544029145257551
5674,31,2,2024-04-01 00:00:00,0.012713092733597563
5675,31,2,2025-04-01 00:00:00,0.013588650084396295
5676,31,2,2026-04-01 00:00:00,0.01463931890535476
5677,31,2,2027-04-01 00:00:00,0.015865099196472988
5678,31,2,2028-04-01 00:00:00,0.017055857193559246
5679,31,2,2029-04-01 00:00:00,0.018211592896613588
5680,31,2,2030-04-01 00:00:00,0.01943737318773179
5681,31,2,2031-04-01 00:00:00,0.02080324265497781
5682,31,2,2032-04-01 00:00:00,0.021994000652064093
5683,31,2,2033-04-01 00:00:00,0.023254803237214263
5684,31,2,2034-04-01 00:00:00,0.024515605822364433
5685,31,2,2035-04-01 00:00:00,0.02612663134783407
5686,31,2,2036-04-01 00:00:00,0.027737656873303762
5687,31,2,2037-04-01 00:00:00,0.029418726986837288
5688,31,2,2038-04-01 00:00:00,0.03088966333617916
5689,31,2,2039-04-01 00:00:00,0.03225553280342523
5690,31,2,2040-04-01 00:00:00,0.0336214022706712
5691,31,2,2041-04-01 00:00:00,0.03509233862001307
5692,31,2,2042-04-01 00:00:00,0.036528252675323024
5693,31,2,2043-04-01 00:00:00,0.03792914443660091
5694,31,2,2044-04-01 00:00:00,0.0391199024336872
5695,31,2,2045-04-01 00:00:00,0.0402406158427096
5696,31,2,2046-04-01 00:00:00,0.04146639613382785
5697,31,2,2047-04-01 00:00:00,0.04255208724881828
5698,31,2,2048-04-01 00:00:00,0.04346266689364893
5699,31,2,2049-04-01 00:00:00,0.04447831342057543
5700,31,2,2050-04-01 00:00:00,0.04552898224153394
5701,31,2,2051-04-01 00:00:00,0.045669071417661716
5702,31,2,2052-04-01 00:00:00,0.04594924976991735
5703,31,2,2053-04-01 00:00:00,0.046054316652013205
5704,31,2,2054-04-01 00:00:00,0.04633449500426884
5705,31,3,2023-11-01 00:00:00,0.012713092733597563
5706,31,3,2024-11-01 00:00:00,0.015584920844217373
5707,31,3,2025-11-01 00:00:00,0.018982083365316465
5708,31,3,2026-11-01 00:00:00,0.022519335062543302
5709,31,3,2027-11-01 00:00:00,0.0257764084075146
5710,31,3,2028-11-01 00:00:00,0.02885837028232611
5711,31,3,2029-11-01 00:00:00,0.03236059968552103
5712,31,3,2030-11-01 00:00:00,0.03649323038129106
5713,31,3,2031-11-01 00:00:00,0.04080097254722082
5714,31,3,2032-11-01 00:00:00,0.04517875930121447
5715,31,3,2033-11-01 00:00:00,0.04966161293730397
5716,31,3,2034-11-01 00:00:00,0.054074421985329635
5717,31,3,2035-11-01 00:00:00,0.058487231033355104
5718,31,3,2036-11-01 00:00:00,0.06328528531573226
5719,31,3,2037-11-01 00:00:00,0.06815338418617305
5720,31,3,2038-11-01 00:00:00,0.07298646076258201
5721,31,3,2039-11-01 00:00:00,0.07792460422108695
5722,31,3,2040-11-01 00:00:00,0.08296781456168782
5723,31,3,2041-11-01 00:00:00,0.08804604719632021
5724,31,3,2042-11-01 00:00:00,0.09266899000853748
5725,31,3,2043-11-01 00:00:00,0.097186865938659
5726,31,3,2044-11-01 00:00:00,0.10159967498668457
5727,31,3,2045-11-01 00:00:00,0.10559221650632693
5728,31,3,2046-11-01 00:00:00,0.10965480261403292
5729,31,3,2047-11-01 00:00:00,0.11333214348738763
5730,31,3,2048-11-01 00:00:00,0.11676432830251851
5731,31,3,2049-11-01 00:00:00,0.12100202588038449
5732,31,3,2050-11-01 00:00:00,0.12191260552521513
5733,31,3,2051-11-01 00:00:00,0.12289322975810961
5734,31,3,2052-11-01 00:00:00,0.12401394316713216
5735,31,3,2053-11-01 00:00:00,0.1253097680463141
5736,31,3,2024-04-01 00:00:00,0.012713092733597563
5737,31,3,2025-04-01 00:00:00,0.015269720197929843
5738,31,3,2026-04-01 00:00:00,0.018036481426453827
5739,31,3,2027-04-01 00:00:00,0.020943331831105628
5740,31,3,2028-04-01 00:00:00,0.02353498158946985
5741,31,3,2029-04-01 00:00:00,0.026126631347834123
5742,31,3,2030-04-01 00:00:00,0.0290334817524859
5743,31,3,2031-04-01 00:00:00,0.032710822625840554
5744,31,3,2032-04-01 00:00:00,0.03628309661709936
5745,31,3,2033-04-01 00:00:00,0.04006550437254986
5746,31,3,2034-04-01 00:00:00,0.04370782295187255
5747,31,3,2035-04-01 00:00:00,0.047525253001355024
5748,31,3,2036-04-01 00:00:00,0.05130766075680558
5749,31,3,2037-04-01 00:00:00,0.05530020227644774
5750,31,3,2038-04-01 00:00:00,0.059257721502057985
5751,31,3,2039-04-01 00:00:00,0.06307515155154056
5752,31,3,2040-04-01 00:00:00,0.06738289371747017
5753,31,3,2041-04-01 00:00:00,0.07176068047146392
5754,31,3,2042-04-01 00:00:00,0.07606842263739373
5755,31,3,2043-04-01 00:00:00,0.07978078580478015
5756,31,3,2044-04-01 00:00:00,0.08331803750200699
5757,31,3,2045-04-01 00:00:00,0.08664515543504213
5758,31,3,2046-04-01 00:00:00,0.090252451720333
5759,31,3,2047-04-01 00:00:00,0.09343948047724046
5760,31,3,2048-04-01 00:00:00,0.09610117482366856
5761,31,3,2049-04-01 00:00:00,0.09914811440444816
5762,31,3,2050-04-01 00:00:00,0.10254527692554713
5763,31,3,2051-04-01 00:00:00,0.10300056674796265
5764,31,3,2052-04-01 00:00:00,0.10377105721666542
5765,31,3,2053-04-01 00:00:00,0.10440145850924054
5766,31,3,2054-04-01 00:00:00,0.10520697127197523
5767,32,1,2023-11-01 00:00:00,0.01730101325178289
5768,32,1,2024-11-01 00:00:00,0.017581191604038503
5769,32,1,2025-11-01 00:00:00,0.017896392250326035
5770,32,1,2026-11-01 00:00:00,0.018351682072741356
5771,32,1,2027-11-01 00:00:00,0.018841994189188672
5772,32,1,2028-11-01 00:00:00,0.01901710565934841
5773,32,1,2029-11-01 00:00:00,0.019262261717572053
5774,32,1,2030-11-01 00:00:00,0.019472395481763733
5775,32,1,2031-11-01 00:00:00,0.019717551539987402
5776,32,1,2032-11-01 00:00:00,0.019892663010147138
5777,32,1,2033-11-01 00:00:00,0.020207863656434667
5778,32,1,2034-11-01 00:00:00,0.02041799742062637
5779,32,1,2035-11-01 00:00:00,0.020698175772881983
5780,32,1,2036-11-01 00:00:00,0.02090830953707366
5781,32,1,2037-11-01 00:00:00,0.021083421007233396
5782,32,1,2038-11-01 00:00:00,0.021258532477393156
5783,32,1,2039-11-01 00:00:00,0.02146866624158486
5784,32,1,2040-11-01 00:00:00,0.02164377771174462
5785,32,1,2041-11-01 00:00:00,0.021853911475936277
5786,32,1,2042-11-01 00:00:00,0.021994000652064093
5787,32,1,2043-11-01 00:00:00,0.02213408982819189
5788,32,1,2044-11-01 00:00:00,0.02213408982819189
5789,32,1,2045-11-01 00:00:00,0.022099067534159945
5790,32,1,2046-11-01 00:00:00,0.022029022946096037
5791,32,1,2047-11-01 00:00:00,0.0218539114759363
5792,32,1,2048-11-01 00:00:00,0.02174884459384045
5793,32,1,2049-11-01 00:00:00,0.02174884459384045
5794,32,1,2050-11-01 00:00:00,0.0218539114759363
5795,32,1,2051-11-01 00:00:00,0.021958978358032125
5796,32,1,2052-11-01 00:00:00,0.022099067534159945
5797,32,1,2053-11-01 00:00:00,0.02213408982819189
5798,32,1,2024-04-01 00:00:00,0.01730101325178289
5799,32,1,2025-04-01 00:00:00,0.017616213898070446
5800,32,1,2026-04-01 00:00:00,0.018071503720485767
5801,32,1,2027-04-01 00:00:00,0.018666882719028912
5802,32,1,2028-04-01 00:00:00,0.01905212795338035
5803,32,1,2029-04-01 00:00:00,0.019367328599667905
5804,32,1,2030-04-01 00:00:00,0.01957746236385958
5805,32,1,2031-04-01 00:00:00,0.019822618422083254
5806,32,1,2032-04-01 00:00:00,0.0200677744803069
5807,32,1,2033-04-01 00:00:00,0.02031293053853052
5808,32,1,2034-04-01 00:00:00,0.02055808659675419
5809,32,1,2035-04-01 00:00:00,0.02080324265497781
5810,32,1,2036-04-01 00:00:00,0.021083421007233424
5811,32,1,2037-04-01 00:00:00,0.021328577065457044
5812,32,1,2038-04-01 00:00:00,0.021573733123680713
5813,32,1,2039-04-01 00:00:00,0.02174884459384045
5814,32,1,2040-04-01 00:00:00,0.021958978358032153
5815,32,1,2041-04-01 00:00:00,0.02216911212222383
5816,32,1,2042-04-01 00:00:00,0.022379245886415534
5817,32,1,2043-04-01 00:00:00,0.022519335062543326
5818,32,1,2044-04-01 00:00:00,0.022589379650607234
5819,32,1,2045-04-01 00:00:00,0.02255435735657527
5820,32,1,2046-04-01 00:00:00,0.022554357356575294
5821,32,1,2047-04-01 00:00:00,0.022484312768511386
5822,32,1,2048-04-01 00:00:00,0.022239156710287738
5823,32,1,2049-04-01 00:00:00,0.02216911212222383
5824,32,1,2050-04-01 00:00:00,0.02213408982819189
5825,32,1,2051-04-01 00:00:00,0.022169112122223854
5826,32,1,2052-04-01 00:00:00,0.022344223592383566
5827,32,1,2053-04-01 00:00:00,0.022379245886415534
5828,32,1,2054-04-01 00:00:00,0.022379245886415534
5829,32,2,2023-11-01 00:00:00,0.01730101325178289
5830,32,2,2024-11-01 00:00:00,0.018841994189188648
5831,32,2,2025-11-01 00:00:00,0.020523064302722223
5832,32,2,2026-11-01 00:00:00,0.022379245886415534
5833,32,2,2027-11-01 00:00:00,0.02444556123430055
5834,32,2,2028-11-01 00:00:00,0.02626672052396189
5835,32,2,2029-11-01 00:00:00,0.028333035871846907
5836,32,2,2030-11-01 00:00:00,0.030469395807795802
5837,32,2,2031-11-01 00:00:00,0.032570733449712785
5838,32,2,2032-11-01 00:00:00,0.034707093385661636
5839,32,2,2033-11-01 00:00:00,0.0369835424977383
5840,32,2,2034-11-01 00:00:00,0.039400080785942836
5841,32,2,2035-11-01 00:00:00,0.042026752838339024
5842,32,2,2036-11-01 00:00:00,0.04482853636089495
5843,32,2,2037-11-01 00:00:00,0.047420186119259224
5844,32,2,2038-11-01 00:00:00,0.049906768995527595
5845,32,2,2039-11-01 00:00:00,0.05221824040163623
5846,32,2,2040-11-01 00:00:00,0.05466980098387273
5847,32,2,2041-11-01 00:00:00,0.0570513169780452
5848,32,2,2042-11-01 00:00:00,0.0595028775602817
5849,32,2,2043-11-01 00:00:00,0.061744304378326405
5850,32,2,2044-11-01 00:00:00,0.06391568660830727
5851,32,2,2045-11-01 00:00:00,0.06573684589796856
5852,32,2,2046-11-01 00:00:00,0.06752298289359804
5853,32,2,2047-11-01 00:00:00,0.06941418677132327
5854,32,2,2048-11-01 00:00:00,0.07120032376695265
5855,32,2,2049-11-01 00:00:00,0.07312654993870989
5856,32,2,2050-11-01 00:00:00,0.07372192893725298
5857,32,2,2051-11-01 00:00:00,0.07424726334773224
5858,32,2,2052-11-01 00:00:00,0.07484264234627533
5859,32,2,2053-11-01 00:00:00,0.07540299905078661
5860,32,2,2024-04-01 00:00:00,0.01730101325178289
5861,32,2,2025-04-01 00:00:00,0.01849177124886915
5862,32,2,2026-04-01 00:00:00,0.01992768530417908
5863,32,2,2027-04-01 00:00:00,0.02157373312368069
5864,32,2,2028-04-01 00:00:00,0.023149736355118387
5865,32,2,2029-04-01 00:00:00,0.02483080646865196
5866,32,2,2030-04-01 00:00:00,0.026476854288153592
5867,32,2,2031-04-01 00:00:00,0.02826299128378302
5868,32,2,2032-04-01 00:00:00,0.029944061397316545
5869,32,2,2033-04-01 00:00:00,0.03162513151085012
5870,32,2,2034-04-01 00:00:00,0.0334112685064795
5871,32,2,2035-04-01 00:00:00,0.03551260614839648
5872,32,2,2036-04-01 00:00:00,0.037789055260473145
5873,32,2,2037-04-01 00:00:00,0.04003048207851795
5874,32,2,2038-04-01 00:00:00,0.04199173054430711
5875,32,2,2039-04-01 00:00:00,0.04388293442203229
5876,32,2,2040-04-01 00:00:00,0.0457391160057256
5877,32,2,2041-04-01 00:00:00,0.04777040905957865
5878,32,2,2042-04-01 00:00:00,0.04973165752536786
5879,32,2,2043-04-01 00:00:00,0.051587839109061215
5880,32,2,2044-04-01 00:00:00,0.053233886928562825
5881,32,2,2045-04-01 00:00:00,0.05477486786596858
5882,32,2,2046-04-01 00:00:00,0.05642091568547019
5883,32,2,2047-04-01 00:00:00,0.05792687432884393
5884,32,2,2048-04-01 00:00:00,0.05915265461996223
5885,32,2,2049-04-01 00:00:00,0.060483501793176284
5886,32,2,2050-04-01 00:00:00,0.061989460436550126
5887,32,2,2051-04-01 00:00:00,0.062094527318645974
5888,32,2,2052-04-01 00:00:00,0.06251479484702928
5889,32,2,2053-04-01 00:00:00,0.06268990631718907
5890,32,2,2054-04-01 00:00:00,0.06311017384557237
5891,32,3,2023-11-01 00:00:00,0.01730101325178289
5892,32,3,2024-11-01 00:00:00,0.021223510183361216
5893,32,3,2025-11-01 00:00:00,0.02588147528961045
5894,32,3,2026-11-01 00:00:00,0.030609484983923622
5895,32,3,2027-11-01 00:00:00,0.03505731632598116
5896,32,3,2028-11-01 00:00:00,0.03925999160981502
5897,32,3,2029-11-01 00:00:00,0.044023023598160106
5898,32,3,2030-11-01 00:00:00,0.04966161293730392
5899,32,3,2031-11-01 00:00:00,0.055475313746607524
5900,32,3,2032-11-01 00:00:00,0.06149914832010278
5901,32,3,2033-11-01 00:00:00,0.06759302748166188
5902,32,3,2034-11-01 00:00:00,0.07358183976112521
5903,32,3,2035-11-01 00:00:00,0.07957065204058855
5904,32,3,2036-11-01 00:00:00,0.08604977643649914
5905,32,3,2037-11-01 00:00:00,0.09277405689063344
5906,32,3,2038-11-01 00:00:00,0.09928820358057593
5907,32,3,2039-11-01 00:00:00,0.10608252862277397
5908,32,3,2040-11-01 00:00:00,0.11291187595900401
5909,32,3,2041-11-01 00:00:00,0.11984629017733021
5910,32,3,2042-11-01 00:00:00,0.12608025851501709
5911,32,3,2043-11-01 00:00:00,0.1322091599706082
5912,32,3,2044-11-01 00:00:00,0.13823299454410354
5913,32,3,2045-11-01 00:00:00,0.14376651700115126
5914,32,3,2046-11-01 00:00:00,0.14922999487013552
5915,32,3,2047-11-01 00:00:00,0.1542732052107362
5916,32,3,2048-11-01 00:00:00,0.1588961480229535
5917,32,3,2049-11-01 00:00:00,0.1646398042441931
5918,32,3,2050-11-01 00:00:00,0.16590060682934332
5919,32,3,2051-11-01 00:00:00,0.16726647629658928
5920,32,3,2052-11-01 00:00:00,0.16880745723399504
5921,32,3,2053-11-01 00:00:00,0.17052354964156077
5922,32,3,2024-04-01 00:00:00,0.01730101325178289
5923,32,3,2025-04-01 00:00:00,0.02080324265497781
5924,32,3,2026-04-01 00:00:00,0.024515605822364405
5925,32,3,2027-04-01 00:00:00,0.02850814734200664
5926,32,3,2028-04-01 00:00:00,0.03201037674520156
5927,32,3,2029-04-01 00:00:00,0.0355476284424284
5928,32,3,2030-04-01 00:00:00,0.039540169962070604
5929,32,3,2031-04-01 00:00:00,0.044443291126543515
5930,32,3,2032-04-01 00:00:00,0.04938143458504828
5931,32,3,2033-04-01 00:00:00,0.054494689513712946
5932,32,3,2034-04-01 00:00:00,0.059467855266249786
5933,32,3,2035-04-01 00:00:00,0.06468617707701015
5934,32,3,2036-04-01 00:00:00,0.06979943200567465
5935,32,3,2037-04-01 00:00:00,0.07522788758062691
5936,32,3,2038-04-01 00:00:00,0.08058629856751505
5937,32,3,2039-04-01 00:00:00,0.0858046203782755
5938,32,3,2040-04-01 00:00:00,0.0916883657756431
5939,32,3,2041-04-01 00:00:00,0.09764215576107442
5940,32,3,2042-04-01 00:00:00,0.10345585657037777
5941,32,3,2043-04-01 00:00:00,0.1086041337930746
5942,32,3,2044-04-01 00:00:00,0.11336716578141953
5943,32,3,2045-04-01 00:00:00,0.11795508629960488
5944,32,3,2046-04-01 00:00:00,0.12278816287601386
5945,32,3,2047-04-01 00:00:00,0.12720097192403942
5946,32,3,2048-04-01 00:00:00,0.13077324591529818
5947,32,3,2049-04-01 00:00:00,0.1349058766110682
5948,32,3,2050-04-01 00:00:00,0.13952881942328568
5949,32,3,2051-04-01 00:00:00,0.1401942430098925
5950,32,3,2052-04-01 00:00:00,0.14124491183085122
5951,32,3,2053-04-01 00:00:00,0.1420504245935859
5952,32,3,2054-04-01 00:00:00,0.1432411825906723
