id,id_dr,scenario,date,value
1,1,1,2023-11-01 00:00:00,0
2,1,1,2024-11-01 00:00:00,0
3,1,1,2025-11-01 00:00:00,0
4,1,1,2026-11-01 00:00:00,0
5,1,1,2027-11-01 00:00:00,0
6,1,1,2028-11-01 00:00:00,0
7,1,1,2029-11-01 00:00:00,0
8,1,1,2030-11-01 00:00:00,0
9,1,1,2031-11-01 00:00:00,0
10,1,1,2032-11-01 00:00:00,0
11,1,1,2033-11-01 00:00:00,0
12,1,1,2034-11-01 00:00:00,0
13,1,1,2035-11-01 00:00:00,0
14,1,1,2036-11-01 00:00:00,0
15,1,1,2037-11-01 00:00:00,0
16,1,1,2038-11-01 00:00:00,0
17,1,1,2039-11-01 00:00:00,0
18,1,1,2040-11-01 00:00:00,0
19,1,1,2041-11-01 00:00:00,0
20,1,1,2042-11-01 00:00:00,0
21,1,1,2043-11-01 00:00:00,0
22,1,1,2044-11-01 00:00:00,0
23,1,1,2045-11-01 00:00:00,0
24,1,1,2046-11-01 00:00:00,0
25,1,1,2047-11-01 00:00:00,0
26,1,1,2048-11-01 00:00:00,0
27,1,1,2049-11-01 00:00:00,0
28,1,1,2050-11-01 00:00:00,0
29,1,1,2051-11-01 00:00:00,0
30,1,1,2052-11-01 00:00:00,0
31,1,1,2053-11-01 00:00:00,0
32,1,1,2024-04-01 00:00:00,0
33,1,1,2025-04-01 00:00:00,0
34,1,1,2026-04-01 00:00:00,0
35,1,1,2027-04-01 00:00:00,0
36,1,1,2028-04-01 00:00:00,0
37,1,1,2029-04-01 00:00:00,0
38,1,1,2030-04-01 00:00:00,0
39,1,1,2031-04-01 00:00:00,0
40,1,1,2032-04-01 00:00:00,0
41,1,1,2033-04-01 00:00:00,0
42,1,1,2034-04-01 00:00:00,0
43,1,1,2035-04-01 00:00:00,0
44,1,1,2036-04-01 00:00:00,0
45,1,1,2037-04-01 00:00:00,0
46,1,1,2038-04-01 00:00:00,0
47,1,1,2039-04-01 00:00:00,0
48,1,1,2040-04-01 00:00:00,0
49,1,1,2041-04-01 00:00:00,0
50,1,1,2042-04-01 00:00:00,0
51,1,1,2043-04-01 00:00:00,0
52,1,1,2044-04-01 00:00:00,0
53,1,1,2045-04-01 00:00:00,0
54,1,1,2046-04-01 00:00:00,0
55,1,1,2047-04-01 00:00:00,0
56,1,1,2048-04-01 00:00:00,0
57,1,1,2049-04-01 00:00:00,0
58,1,1,2050-04-01 00:00:00,0
59,1,1,2051-04-01 00:00:00,0
60,1,1,2052-04-01 00:00:00,0
61,1,1,2053-04-01 00:00:00,0
62,1,1,2054-04-01 00:00:00,0
63,1,2,2023-11-01 00:00:00,0
64,1,2,2024-11-01 00:00:00,0
65,1,2,2025-11-01 00:00:00,0
66,1,2,2026-11-01 00:00:00,0
67,1,2,2027-11-01 00:00:00,0
68,1,2,2028-11-01 00:00:00,0
69,1,2,2029-11-01 00:00:00,0
70,1,2,2030-11-01 00:00:00,0
71,1,2,2031-11-01 00:00:00,0
72,1,2,2032-11-01 00:00:00,0
73,1,2,2033-11-01 00:00:00,0
74,1,2,2034-11-01 00:00:00,0
75,1,2,2035-11-01 00:00:00,0
76,1,2,2036-11-01 00:00:00,0
77,1,2,2037-11-01 00:00:00,0
78,1,2,2038-11-01 00:00:00,0
79,1,2,2039-11-01 00:00:00,0
80,1,2,2040-11-01 00:00:00,0
81,1,2,2041-11-01 00:00:00,0
82,1,2,2042-11-01 00:00:00,0
83,1,2,2043-11-01 00:00:00,0
84,1,2,2044-11-01 00:00:00,0
85,1,2,2045-11-01 00:00:00,0
86,1,2,2046-11-01 00:00:00,0
87,1,2,2047-11-01 00:00:00,0
88,1,2,2048-11-01 00:00:00,0
89,1,2,2049-11-01 00:00:00,0
90,1,2,2050-11-01 00:00:00,0
91,1,2,2051-11-01 00:00:00,0
92,1,2,2052-11-01 00:00:00,0
93,1,2,2053-11-01 00:00:00,0
94,1,2,2024-04-01 00:00:00,0
95,1,2,2025-04-01 00:00:00,0
96,1,2,2026-04-01 00:00:00,0
97,1,2,2027-04-01 00:00:00,0
98,1,2,2028-04-01 00:00:00,0
99,1,2,2029-04-01 00:00:00,0
100,1,2,2030-04-01 00:00:00,0
101,1,2,2031-04-01 00:00:00,0
102,1,2,2032-04-01 00:00:00,0
103,1,2,2033-04-01 00:00:00,0
104,1,2,2034-04-01 00:00:00,0
105,1,2,2035-04-01 00:00:00,0
106,1,2,2036-04-01 00:00:00,0
107,1,2,2037-04-01 00:00:00,0
108,1,2,2038-04-01 00:00:00,0
109,1,2,2039-04-01 00:00:00,0
110,1,2,2040-04-01 00:00:00,0
111,1,2,2041-04-01 00:00:00,0
112,1,2,2042-04-01 00:00:00,0
113,1,2,2043-04-01 00:00:00,0
114,1,2,2044-04-01 00:00:00,0
115,1,2,2045-04-01 00:00:00,0
116,1,2,2046-04-01 00:00:00,0
117,1,2,2047-04-01 00:00:00,0
118,1,2,2048-04-01 00:00:00,0
119,1,2,2049-04-01 00:00:00,0
120,1,2,2050-04-01 00:00:00,0
121,1,2,2051-04-01 00:00:00,0
122,1,2,2052-04-01 00:00:00,0
123,1,2,2053-04-01 00:00:00,0
124,1,2,2054-04-01 00:00:00,0
125,1,3,2023-11-01 00:00:00,0
126,1,3,2024-11-01 00:00:00,0
127,1,3,2025-11-01 00:00:00,0
128,1,3,2026-11-01 00:00:00,0
129,1,3,2027-11-01 00:00:00,0
130,1,3,2028-11-01 00:00:00,0
131,1,3,2029-11-01 00:00:00,0
132,1,3,2030-11-01 00:00:00,0
133,1,3,2031-11-01 00:00:00,0
134,1,3,2032-11-01 00:00:00,0
135,1,3,2033-11-01 00:00:00,0
136,1,3,2034-11-01 00:00:00,0
137,1,3,2035-11-01 00:00:00,0
138,1,3,2036-11-01 00:00:00,0
139,1,3,2037-11-01 00:00:00,0
140,1,3,2038-11-01 00:00:00,0
141,1,3,2039-11-01 00:00:00,0
142,1,3,2040-11-01 00:00:00,0
143,1,3,2041-11-01 00:00:00,0
144,1,3,2042-11-01 00:00:00,0
145,1,3,2043-11-01 00:00:00,0
146,1,3,2044-11-01 00:00:00,0
147,1,3,2045-11-01 00:00:00,0
148,1,3,2046-11-01 00:00:00,0
149,1,3,2047-11-01 00:00:00,0
150,1,3,2048-11-01 00:00:00,0
151,1,3,2049-11-01 00:00:00,0
152,1,3,2050-11-01 00:00:00,0
153,1,3,2051-11-01 00:00:00,0
154,1,3,2052-11-01 00:00:00,0
155,1,3,2053-11-01 00:00:00,0
156,1,3,2024-04-01 00:00:00,0
157,1,3,2025-04-01 00:00:00,0
158,1,3,2026-04-01 00:00:00,0
159,1,3,2027-04-01 00:00:00,0
160,1,3,2028-04-01 00:00:00,0
161,1,3,2029-04-01 00:00:00,0
162,1,3,2030-04-01 00:00:00,0
163,1,3,2031-04-01 00:00:00,0
164,1,3,2032-04-01 00:00:00,0
165,1,3,2033-04-01 00:00:00,0
166,1,3,2034-04-01 00:00:00,0
167,1,3,2035-04-01 00:00:00,0
168,1,3,2036-04-01 00:00:00,0
169,1,3,2037-04-01 00:00:00,0
170,1,3,2038-04-01 00:00:00,0
171,1,3,2039-04-01 00:00:00,0
172,1,3,2040-04-01 00:00:00,0
173,1,3,2041-04-01 00:00:00,0
174,1,3,2042-04-01 00:00:00,0
175,1,3,2043-04-01 00:00:00,0
176,1,3,2044-04-01 00:00:00,0
177,1,3,2045-04-01 00:00:00,0
178,1,3,2046-04-01 00:00:00,0
179,1,3,2047-04-01 00:00:00,0
180,1,3,2048-04-01 00:00:00,0
181,1,3,2049-04-01 00:00:00,0
182,1,3,2050-04-01 00:00:00,0
183,1,3,2051-04-01 00:00:00,0
184,1,3,2052-04-01 00:00:00,0
185,1,3,2053-04-01 00:00:00,0
186,1,3,2054-04-01 00:00:00,0
187,2,1,2023-11-01 00:00:00,0
188,2,1,2024-11-01 00:00:00,0
189,2,1,2025-11-01 00:00:00,0
190,2,1,2026-11-01 00:00:00,0
191,2,1,2027-11-01 00:00:00,0
192,2,1,2028-11-01 00:00:00,0
193,2,1,2029-11-01 00:00:00,0
194,2,1,2030-11-01 00:00:00,0
195,2,1,2031-11-01 00:00:00,0
196,2,1,2032-11-01 00:00:00,0
197,2,1,2033-11-01 00:00:00,0
198,2,1,2034-11-01 00:00:00,0
199,2,1,2035-11-01 00:00:00,0
200,2,1,2036-11-01 00:00:00,0
201,2,1,2037-11-01 00:00:00,0
202,2,1,2038-11-01 00:00:00,0
203,2,1,2039-11-01 00:00:00,0
204,2,1,2040-11-01 00:00:00,0
205,2,1,2041-11-01 00:00:00,0
206,2,1,2042-11-01 00:00:00,0
207,2,1,2043-11-01 00:00:00,0
208,2,1,2044-11-01 00:00:00,0
209,2,1,2045-11-01 00:00:00,0
210,2,1,2046-11-01 00:00:00,0
211,2,1,2047-11-01 00:00:00,0
212,2,1,2048-11-01 00:00:00,0
213,2,1,2049-11-01 00:00:00,0
214,2,1,2050-11-01 00:00:00,0
215,2,1,2051-11-01 00:00:00,0
216,2,1,2052-11-01 00:00:00,0
217,2,1,2053-11-01 00:00:00,0
218,2,1,2024-04-01 00:00:00,0
219,2,1,2025-04-01 00:00:00,0
220,2,1,2026-04-01 00:00:00,0
221,2,1,2027-04-01 00:00:00,0
222,2,1,2028-04-01 00:00:00,0
223,2,1,2029-04-01 00:00:00,0
224,2,1,2030-04-01 00:00:00,0
225,2,1,2031-04-01 00:00:00,0
226,2,1,2032-04-01 00:00:00,0
227,2,1,2033-04-01 00:00:00,0
228,2,1,2034-04-01 00:00:00,0
229,2,1,2035-04-01 00:00:00,0
230,2,1,2036-04-01 00:00:00,0
231,2,1,2037-04-01 00:00:00,0
232,2,1,2038-04-01 00:00:00,0
233,2,1,2039-04-01 00:00:00,0
234,2,1,2040-04-01 00:00:00,0
235,2,1,2041-04-01 00:00:00,0
236,2,1,2042-04-01 00:00:00,0
237,2,1,2043-04-01 00:00:00,0
238,2,1,2044-04-01 00:00:00,0
239,2,1,2045-04-01 00:00:00,0
240,2,1,2046-04-01 00:00:00,0
241,2,1,2047-04-01 00:00:00,0
242,2,1,2048-04-01 00:00:00,0
243,2,1,2049-04-01 00:00:00,0
244,2,1,2050-04-01 00:00:00,0
245,2,1,2051-04-01 00:00:00,0
246,2,1,2052-04-01 00:00:00,0
247,2,1,2053-04-01 00:00:00,0
248,2,1,2054-04-01 00:00:00,0
249,2,2,2023-11-01 00:00:00,0
250,2,2,2024-11-01 00:00:00,0
251,2,2,2025-11-01 00:00:00,0
252,2,2,2026-11-01 00:00:00,0
253,2,2,2027-11-01 00:00:00,0
254,2,2,2028-11-01 00:00:00,0
255,2,2,2029-11-01 00:00:00,0
256,2,2,2030-11-01 00:00:00,0
257,2,2,2031-11-01 00:00:00,0
258,2,2,2032-11-01 00:00:00,0
259,2,2,2033-11-01 00:00:00,0
260,2,2,2034-11-01 00:00:00,0
261,2,2,2035-11-01 00:00:00,0
262,2,2,2036-11-01 00:00:00,0
263,2,2,2037-11-01 00:00:00,0
264,2,2,2038-11-01 00:00:00,0
265,2,2,2039-11-01 00:00:00,0
266,2,2,2040-11-01 00:00:00,0
267,2,2,2041-11-01 00:00:00,0
268,2,2,2042-11-01 00:00:00,0
269,2,2,2043-11-01 00:00:00,0
270,2,2,2044-11-01 00:00:00,0
271,2,2,2045-11-01 00:00:00,0
272,2,2,2046-11-01 00:00:00,0
273,2,2,2047-11-01 00:00:00,0
274,2,2,2048-11-01 00:00:00,0
275,2,2,2049-11-01 00:00:00,0
276,2,2,2050-11-01 00:00:00,0
277,2,2,2051-11-01 00:00:00,0
278,2,2,2052-11-01 00:00:00,0
279,2,2,2053-11-01 00:00:00,0
280,2,2,2024-04-01 00:00:00,0
281,2,2,2025-04-01 00:00:00,0
282,2,2,2026-04-01 00:00:00,0
283,2,2,2027-04-01 00:00:00,0
284,2,2,2028-04-01 00:00:00,0
285,2,2,2029-04-01 00:00:00,0
286,2,2,2030-04-01 00:00:00,0
287,2,2,2031-04-01 00:00:00,0
288,2,2,2032-04-01 00:00:00,0
289,2,2,2033-04-01 00:00:00,0
290,2,2,2034-04-01 00:00:00,0
291,2,2,2035-04-01 00:00:00,0
292,2,2,2036-04-01 00:00:00,0
293,2,2,2037-04-01 00:00:00,0
294,2,2,2038-04-01 00:00:00,0
295,2,2,2039-04-01 00:00:00,0
296,2,2,2040-04-01 00:00:00,0
297,2,2,2041-04-01 00:00:00,0
298,2,2,2042-04-01 00:00:00,0
299,2,2,2043-04-01 00:00:00,0
300,2,2,2044-04-01 00:00:00,0
301,2,2,2045-04-01 00:00:00,0
302,2,2,2046-04-01 00:00:00,0
303,2,2,2047-04-01 00:00:00,0
304,2,2,2048-04-01 00:00:00,0
305,2,2,2049-04-01 00:00:00,0
306,2,2,2050-04-01 00:00:00,0
307,2,2,2051-04-01 00:00:00,0
308,2,2,2052-04-01 00:00:00,0
309,2,2,2053-04-01 00:00:00,0
310,2,2,2054-04-01 00:00:00,0
311,2,3,2023-11-01 00:00:00,0
312,2,3,2024-11-01 00:00:00,0
313,2,3,2025-11-01 00:00:00,0
314,2,3,2026-11-01 00:00:00,0
315,2,3,2027-11-01 00:00:00,0
316,2,3,2028-11-01 00:00:00,0
317,2,3,2029-11-01 00:00:00,0
318,2,3,2030-11-01 00:00:00,0
319,2,3,2031-11-01 00:00:00,0
320,2,3,2032-11-01 00:00:00,0
321,2,3,2033-11-01 00:00:00,0
322,2,3,2034-11-01 00:00:00,0
323,2,3,2035-11-01 00:00:00,0
324,2,3,2036-11-01 00:00:00,0
325,2,3,2037-11-01 00:00:00,0
326,2,3,2038-11-01 00:00:00,0
327,2,3,2039-11-01 00:00:00,0
328,2,3,2040-11-01 00:00:00,0
329,2,3,2041-11-01 00:00:00,0
330,2,3,2042-11-01 00:00:00,0
331,2,3,2043-11-01 00:00:00,0
332,2,3,2044-11-01 00:00:00,0
333,2,3,2045-11-01 00:00:00,0
334,2,3,2046-11-01 00:00:00,0
335,2,3,2047-11-01 00:00:00,0
336,2,3,2048-11-01 00:00:00,0
337,2,3,2049-11-01 00:00:00,0
338,2,3,2050-11-01 00:00:00,0
339,2,3,2051-11-01 00:00:00,0
340,2,3,2052-11-01 00:00:00,0
341,2,3,2053-11-01 00:00:00,0
342,2,3,2024-04-01 00:00:00,0
343,2,3,2025-04-01 00:00:00,0
344,2,3,2026-04-01 00:00:00,0
345,2,3,2027-04-01 00:00:00,0
346,2,3,2028-04-01 00:00:00,0
347,2,3,2029-04-01 00:00:00,0
348,2,3,2030-04-01 00:00:00,0
349,2,3,2031-04-01 00:00:00,0
350,2,3,2032-04-01 00:00:00,0
351,2,3,2033-04-01 00:00:00,0
352,2,3,2034-04-01 00:00:00,0
353,2,3,2035-04-01 00:00:00,0
354,2,3,2036-04-01 00:00:00,0
355,2,3,2037-04-01 00:00:00,0
356,2,3,2038-04-01 00:00:00,0
357,2,3,2039-04-01 00:00:00,0
358,2,3,2040-04-01 00:00:00,0
359,2,3,2041-04-01 00:00:00,0
360,2,3,2042-04-01 00:00:00,0
361,2,3,2043-04-01 00:00:00,0
362,2,3,2044-04-01 00:00:00,0
363,2,3,2045-04-01 00:00:00,0
364,2,3,2046-04-01 00:00:00,0
365,2,3,2047-04-01 00:00:00,0
366,2,3,2048-04-01 00:00:00,0
367,2,3,2049-04-01 00:00:00,0
368,2,3,2050-04-01 00:00:00,0
369,2,3,2051-04-01 00:00:00,0
370,2,3,2052-04-01 00:00:00,0
371,2,3,2053-04-01 00:00:00,0
372,2,3,2054-04-01 00:00:00,0
373,3,1,2023-11-01 00:00:00,0.20380939066816706
374,3,1,2024-11-01 00:00:00,0.20545457568305728
375,3,1,2025-11-01 00:00:00,0.20813203364846689
376,3,1,2026-11-01 00:00:00,0.2015190350592022
377,3,1,2027-11-01 00:00:00,0.20519650744542745
378,3,1,2028-11-01 00:00:00,0.21000302837128323
379,3,1,2029-11-01 00:00:00,0.21558375401002855
380,3,1,2030-11-01 00:00:00,0.21909993374773515
381,3,1,2031-11-01 00:00:00,0.22374516202507228
382,3,1,2032-11-01 00:00:00,0.22700327352514904
383,3,1,2033-11-01 00:00:00,0.23074526297078174
384,3,1,2034-11-01 00:00:00,0.23300336005004285
385,3,1,2035-11-01 00:00:00,0.2349711303619704
386,3,1,2036-11-01 00:00:00,0.23677760802537928
387,3,1,2037-11-01 00:00:00,0.23874537833730683
388,3,1,2038-11-01 00:00:00,0.240874441297753
389,3,1,2039-11-01 00:00:00,0.24339060661464396
390,3,1,2040-11-01 00:00:00,0.2460035475206461
391,3,1,2041-11-01 00:00:00,0.24751969841672142
392,3,1,2042-11-01 00:00:00,0.24951972725835267
393,3,1,2043-11-01 00:00:00,0.25068103432768696
394,3,1,2044-11-01 00:00:00,0.25122942933265036
395,3,1,2045-11-01 00:00:00,0.2525197705207996
396,3,1,2046-11-01 00:00:00,0.2528423558178369
397,3,1,2047-11-01 00:00:00,0.2521326681643548
398,3,1,2048-11-01 00:00:00,0.25068103432768696
399,3,1,2049-11-01 00:00:00,0.2502294149118347
400,3,1,2050-11-01 00:00:00,0.2509713610950205
401,3,1,2051-11-01 00:00:00,0.25245525346139214
402,3,1,2052-11-01 00:00:00,0.2544875408327271
403,3,1,2053-11-01 00:00:00,0.25516496995650545
404,3,1,2024-04-01 00:00:00,0.20380939066816706
405,3,1,2025-04-01 00:00:00,0.20751912158409602
406,3,1,2026-04-01 00:00:00,0.20500295626720508
407,3,1,2027-04-01 00:00:00,0.206325555985058
408,3,1,2028-04-01 00:00:00,0.21248693515847047
409,3,1,2029-04-01 00:00:00,0.2201322066982545
410,3,1,2030-04-01 00:00:00,0.2268742394063341
411,3,1,2031-04-01 00:00:00,0.23361627211441371
412,3,1,2032-04-01 00:00:00,0.23997120246604856
413,3,1,2033-04-01 00:00:00,0.244939016040423
414,3,1,2034-04-01 00:00:00,0.24897133225338927
415,3,1,2035-04-01 00:00:00,0.252229443753466
416,3,1,2036-04-01 00:00:00,0.25600369172880244
417,3,1,2037-04-01 00:00:00,0.25990697382295375
418,3,1,2038-04-01 00:00:00,0.26422961680325363
419,3,1,2039-04-01 00:00:00,0.267649020951849
420,3,1,2040-04-01 00:00:00,0.2702619618578512
421,3,1,2041-04-01 00:00:00,0.27397169277378014
422,3,1,2042-04-01 00:00:00,0.27848788693230236
423,3,1,2043-04-01 00:00:00,0.28161696431356414
424,3,1,2044-04-01 00:00:00,0.283552476095788
425,3,1,2045-04-01 00:00:00,0.2846170075760111
426,3,1,2046-04-01 00:00:00,0.2865525193582349
427,3,1,2047-04-01 00:00:00,0.288810616437496
428,3,1,2048-04-01 00:00:00,0.2907783867494235
429,3,1,2049-04-01 00:00:00,0.29242357176431377
430,3,1,2050-04-01 00:00:00,0.29326229353661076
431,3,1,2051-04-01 00:00:00,0.2918751767593504
432,3,1,2052-04-01 00:00:00,0.2946816688435749
433,3,1,2053-04-01 00:00:00,0.29635911238816887
434,3,1,2054-04-01 00:00:00,0.2970365415119472
435,3,2,2023-11-01 00:00:00,0.20380939066816706
436,3,2,2024-11-01 00:00:00,0.2107127160247653
437,3,2,2025-11-01 00:00:00,0.21929348492595754
438,3,2,2026-11-01 00:00:00,0.22984202413907728
439,3,2,2027-11-01 00:00:00,0.23990668540664112
440,3,2,2028-11-01 00:00:00,0.25216492669405854
441,3,2,2029-11-01 00:00:00,0.2642941338626611
442,3,2,2030-11-01 00:00:00,0.2765523751500786
443,3,2,2031-11-01 00:00:00,0.29035902586327506
444,3,2,2032-11-01 00:00:00,0.30323017921506334
445,3,2,2033-11-01 00:00:00,0.3178110346411494
446,3,2,2034-11-01 00:00:00,0.3306176709335302
447,3,2,2035-11-01 00:00:00,0.34290817075065144
448,3,2,2036-11-01 00:00:00,0.3552954461568838
449,3,2,2037-11-01 00:00:00,0.367231102147264
450,3,2,2038-11-01 00:00:00,0.3783925534247546
451,3,2,2039-11-01 00:00:00,0.3890056096972818
452,3,2,2040-11-01 00:00:00,0.40036061215299484
453,3,2,2041-11-01 00:00:00,0.41000591253441016
454,3,2,2042-11-01 00:00:00,0.4196189543861218
455,3,2,2043-11-01 00:00:00,0.4291352206487221
456,3,2,2044-11-01 00:00:00,0.43726437013406216
457,3,2,2045-11-01 00:00:00,0.44584513903525436
458,3,2,2046-11-01 00:00:00,0.4528129814512601
459,3,2,2047-11-01 00:00:00,0.4608776138771926
460,3,2,2048-11-01 00:00:00,0.4677486807040871
461,3,2,2049-11-01 00:00:00,0.4744907134121667
462,3,2,2050-11-01 00:00:00,0.47768430785283605
463,3,2,2051-11-01 00:00:00,0.48087790229350524
464,3,2,2052-11-01 00:00:00,0.4842973064421007
465,3,2,2053-11-01 00:00:00,0.48632959381343566
466,3,2,2024-04-01 00:00:00,0.20380939066816706
467,3,2,2025-04-01 00:00:00,0.21168047191587722
468,3,2,2026-04-01 00:00:00,0.2235193523171462
469,3,2,2027-04-01 00:00:00,0.23632598860952705
470,3,2,2028-04-01 00:00:00,0.2511971708029467
471,3,2,2029-04-01 00:00:00,0.26687481623895953
472,3,2,2030-04-01 00:00:00,0.2823266519670462
473,3,2,2031-04-01 00:00:00,0.2981655900515778
474,3,2,2032-04-01 00:00:00,0.31513357667573977
475,3,2,2033-04-01 00:00:00,0.330649929463234
476,3,2,2034-04-01 00:00:00,0.346069506661617
477,3,2,2035-04-01 00:00:00,0.3611664985629627
478,3,2,2036-04-01 00:00:00,0.37900546548912545
479,3,2,2037-04-01 00:00:00,0.3954250571083241
480,3,2,2038-04-01 00:00:00,0.41113496107404074
481,3,2,2039-04-01 00:00:00,0.4246190264901999
482,3,2,2040-04-01 00:00:00,0.4367804921885062
483,3,2,2041-04-01 00:00:00,0.45142586467399964
484,3,2,2042-04-01 00:00:00,0.4665551151050491
485,3,2,2043-04-01 00:00:00,0.4813940387687649
486,3,2,2044-04-01 00:00:00,0.4925554900462556
487,3,2,2045-04-01 00:00:00,0.5017491710118187
488,3,2,2046-04-01 00:00:00,0.5132332075863466
489,3,2,2047-04-01 00:00:00,0.5260075853490238
490,3,2,2048-04-01 00:00:00,0.5381367925176263
491,3,2,2049-04-01 00:00:00,0.5487498487901535
492,3,2,2050-04-01 00:00:00,0.5576209444586794
493,3,2,2051-04-01 00:00:00,0.5554273644388257
494,3,2,2052-04-01 00:00:00,0.5573951347507532
495,3,2,2053-04-01 00:00:00,0.5582338565230502
496,3,2,2054-04-01 00:00:00,0.5579757882854203
497,3,3,2023-11-01 00:00:00,0.20380939066816706
498,3,3,2024-11-01 00:00:00,0.22732585882218634
499,3,3,2025-11-01 00:00:00,0.25516496995650545
500,3,3,2026-11-01 00:00:00,0.2874880167196431
501,3,3,2027-11-01 00:00:00,0.32045623407685525
502,3,3,2028-11-01 00:00:00,0.3553277046865876
503,3,3,2029-11-01 00:00:00,0.3898120729398751
504,3,3,2030-11-01 00:00:00,0.4245545094307925
505,3,3,2031-11-01 00:00:00,0.4623292477138604
506,3,3,2032-11-01 00:00:00,0.5009749662989292
507,3,3,2033-11-01 00:00:00,0.5413303869582956
508,3,3,2034-11-01 00:00:00,0.5770728378700285
509,3,3,2035-11-01 00:00:00,0.610137830816352
510,3,3,2036-11-01 00:00:00,0.6434931505300089
511,3,3,2037-11-01 00:00:00,0.6793646355605568
512,3,3,2038-11-01 00:00:00,0.7136877111653258
513,3,3,2039-11-01 00:00:00,0.7494624206067625
514,3,3,2040-11-01 00:00:00,0.7853339056373103
515,3,3,2041-11-01 00:00:00,0.8173666256331145
516,3,3,2042-11-01 00:00:00,0.8487219165051402
517,3,3,2043-11-01 00:00:00,0.8793997782533876
518,3,3,2044-11-01 00:00:00,0.9071743723282992
519,3,3,2045-11-01 00:00:00,0.9321102157892825
520,3,3,2046-11-01 00:00:00,0.9521105042055952
521,3,3,2047-11-01 00:00:00,0.9666591011019776
522,3,3,2048-11-01 00:00:00,0.9828851415429538
523,3,3,2049-11-01 00:00:00,1.0039499614394898
524,3,3,2050-11-01 00:00:00,1.0024015520137106
525,3,3,2051-11-01 00:00:00,0.9992079575730413
526,3,3,2052-11-01 00:00:00,0.9969176019640765
527,3,3,2053-11-01 00:00:00,0.9993369916918562
528,3,3,2024-04-01 00:00:00,0.20380939066816706
529,3,3,2025-04-01 00:00:00,0.22880975118855795
530,3,3,2026-04-01 00:00:00,0.25993923235265753
531,3,3,2027-04-01 00:00:00,0.29445585913564876
532,3,3,2028-04-01 00:00:00,0.3348435383247189
533,3,3,2029-04-01 00:00:00,0.37790867547919865
534,3,3,2030-04-01 00:00:00,0.42000605674256647
535,3,3,2031-04-01 00:00:00,0.4619421453574156
536,3,3,2032-04-01 00:00:00,0.5060718139921185
537,3,3,2033-04-01 00:00:00,0.551685374993193
538,3,3,2034-04-01 00:00:00,0.5949440633258951
539,3,3,2035-04-01 00:00:00,0.6359123960496323
540,3,3,2036-04-01 00:00:00,0.6776549334862592
541,3,3,2037-04-01 00:00:00,0.7173974420812547
542,3,3,2038-04-01 00:00:00,0.7600109598198822
543,3,3,2039-04-01 00:00:00,0.798656678404951
544,3,3,2040-04-01 00:00:00,0.8346249390246101
545,3,3,2041-04-01 00:00:00,0.8764319935206443
546,3,3,2042-04-01 00:00:00,0.916884189769122
547,3,3,2043-04-01 00:00:00,0.9548202207007086
548,3,3,2044-04-01 00:00:00,0.9831432097805836
549,3,3,2045-04-01 00:00:00,1.0099177894346796
550,3,3,2046-04-01 00:00:00,1.0323697261084757
551,3,3,2047-04-01 00:00:00,1.0538216483614564
552,3,3,2048-04-01 00:00:00,1.0702089814509512
553,3,3,2049-04-01 00:00:00,1.0894028066246706
554,3,3,2050-04-01 00:00:00,1.106467568837944
555,3,3,2051-04-01 00:00:00,1.0939512593128966
556,3,3,2052-04-01 00:00:00,1.0810478474314047
557,3,3,2053-04-01 00:00:00,1.0748542097282885
558,3,3,2054-04-01 00:00:00,1.070725117926211
559,4,1,2023-11-01 00:00:00,0
560,4,1,2024-11-01 00:00:00,0
561,4,1,2025-11-01 00:00:00,0
562,4,1,2026-11-01 00:00:00,0
563,4,1,2027-11-01 00:00:00,0
564,4,1,2028-11-01 00:00:00,0
565,4,1,2029-11-01 00:00:00,0
566,4,1,2030-11-01 00:00:00,0
567,4,1,2031-11-01 00:00:00,0
568,4,1,2032-11-01 00:00:00,0
569,4,1,2033-11-01 00:00:00,0
570,4,1,2034-11-01 00:00:00,0
571,4,1,2035-11-01 00:00:00,0
572,4,1,2036-11-01 00:00:00,0
573,4,1,2037-11-01 00:00:00,0
574,4,1,2038-11-01 00:00:00,0
575,4,1,2039-11-01 00:00:00,0
576,4,1,2040-11-01 00:00:00,0
577,4,1,2041-11-01 00:00:00,0
578,4,1,2042-11-01 00:00:00,0
579,4,1,2043-11-01 00:00:00,0
580,4,1,2044-11-01 00:00:00,0
581,4,1,2045-11-01 00:00:00,0
582,4,1,2046-11-01 00:00:00,0
583,4,1,2047-11-01 00:00:00,0
584,4,1,2048-11-01 00:00:00,0
585,4,1,2049-11-01 00:00:00,0
586,4,1,2050-11-01 00:00:00,0
587,4,1,2051-11-01 00:00:00,0
588,4,1,2052-11-01 00:00:00,0
589,4,1,2053-11-01 00:00:00,0
590,4,1,2024-04-01 00:00:00,0
591,4,1,2025-04-01 00:00:00,0
592,4,1,2026-04-01 00:00:00,0
593,4,1,2027-04-01 00:00:00,0
594,4,1,2028-04-01 00:00:00,0
595,4,1,2029-04-01 00:00:00,0
596,4,1,2030-04-01 00:00:00,0
597,4,1,2031-04-01 00:00:00,0
598,4,1,2032-04-01 00:00:00,0
599,4,1,2033-04-01 00:00:00,0
600,4,1,2034-04-01 00:00:00,0
601,4,1,2035-04-01 00:00:00,0
602,4,1,2036-04-01 00:00:00,0
603,4,1,2037-04-01 00:00:00,0
604,4,1,2038-04-01 00:00:00,0
605,4,1,2039-04-01 00:00:00,0
606,4,1,2040-04-01 00:00:00,0
607,4,1,2041-04-01 00:00:00,0
608,4,1,2042-04-01 00:00:00,0
609,4,1,2043-04-01 00:00:00,0
610,4,1,2044-04-01 00:00:00,0
611,4,1,2045-04-01 00:00:00,0
612,4,1,2046-04-01 00:00:00,0
613,4,1,2047-04-01 00:00:00,0
614,4,1,2048-04-01 00:00:00,0
615,4,1,2049-04-01 00:00:00,0
616,4,1,2050-04-01 00:00:00,0
617,4,1,2051-04-01 00:00:00,0
618,4,1,2052-04-01 00:00:00,0
619,4,1,2053-04-01 00:00:00,0
620,4,1,2054-04-01 00:00:00,0
621,4,2,2023-11-01 00:00:00,0
622,4,2,2024-11-01 00:00:00,0
623,4,2,2025-11-01 00:00:00,0
624,4,2,2026-11-01 00:00:00,0
625,4,2,2027-11-01 00:00:00,0
626,4,2,2028-11-01 00:00:00,0
627,4,2,2029-11-01 00:00:00,0
628,4,2,2030-11-01 00:00:00,0
629,4,2,2031-11-01 00:00:00,0
630,4,2,2032-11-01 00:00:00,0
631,4,2,2033-11-01 00:00:00,0
632,4,2,2034-11-01 00:00:00,0
633,4,2,2035-11-01 00:00:00,0
634,4,2,2036-11-01 00:00:00,0
635,4,2,2037-11-01 00:00:00,0
636,4,2,2038-11-01 00:00:00,0
637,4,2,2039-11-01 00:00:00,0
638,4,2,2040-11-01 00:00:00,0
639,4,2,2041-11-01 00:00:00,0
640,4,2,2042-11-01 00:00:00,0
641,4,2,2043-11-01 00:00:00,0
642,4,2,2044-11-01 00:00:00,0
643,4,2,2045-11-01 00:00:00,0
644,4,2,2046-11-01 00:00:00,0
645,4,2,2047-11-01 00:00:00,0
646,4,2,2048-11-01 00:00:00,0
647,4,2,2049-11-01 00:00:00,0
648,4,2,2050-11-01 00:00:00,0
649,4,2,2051-11-01 00:00:00,0
650,4,2,2052-11-01 00:00:00,0
651,4,2,2053-11-01 00:00:00,0
652,4,2,2024-04-01 00:00:00,0
653,4,2,2025-04-01 00:00:00,0
654,4,2,2026-04-01 00:00:00,0
655,4,2,2027-04-01 00:00:00,0
656,4,2,2028-04-01 00:00:00,0
657,4,2,2029-04-01 00:00:00,0
658,4,2,2030-04-01 00:00:00,0
659,4,2,2031-04-01 00:00:00,0
660,4,2,2032-04-01 00:00:00,0
661,4,2,2033-04-01 00:00:00,0
662,4,2,2034-04-01 00:00:00,0
663,4,2,2035-04-01 00:00:00,0
664,4,2,2036-04-01 00:00:00,0
665,4,2,2037-04-01 00:00:00,0
666,4,2,2038-04-01 00:00:00,0
667,4,2,2039-04-01 00:00:00,0
668,4,2,2040-04-01 00:00:00,0
669,4,2,2041-04-01 00:00:00,0
670,4,2,2042-04-01 00:00:00,0
671,4,2,2043-04-01 00:00:00,0
672,4,2,2044-04-01 00:00:00,0
673,4,2,2045-04-01 00:00:00,0
674,4,2,2046-04-01 00:00:00,0
675,4,2,2047-04-01 00:00:00,0
676,4,2,2048-04-01 00:00:00,0
677,4,2,2049-04-01 00:00:00,0
678,4,2,2050-04-01 00:00:00,0
679,4,2,2051-04-01 00:00:00,0
680,4,2,2052-04-01 00:00:00,0
681,4,2,2053-04-01 00:00:00,0
682,4,2,2054-04-01 00:00:00,0
683,4,3,2023-11-01 00:00:00,0
684,4,3,2024-11-01 00:00:00,0
685,4,3,2025-11-01 00:00:00,0
686,4,3,2026-11-01 00:00:00,0
687,4,3,2027-11-01 00:00:00,0
688,4,3,2028-11-01 00:00:00,0
689,4,3,2029-11-01 00:00:00,0
690,4,3,2030-11-01 00:00:00,0
691,4,3,2031-11-01 00:00:00,0
692,4,3,2032-11-01 00:00:00,0
693,4,3,2033-11-01 00:00:00,0
694,4,3,2034-11-01 00:00:00,0
695,4,3,2035-11-01 00:00:00,0
696,4,3,2036-11-01 00:00:00,0
697,4,3,2037-11-01 00:00:00,0
698,4,3,2038-11-01 00:00:00,0
699,4,3,2039-11-01 00:00:00,0
700,4,3,2040-11-01 00:00:00,0
701,4,3,2041-11-01 00:00:00,0
702,4,3,2042-11-01 00:00:00,0
703,4,3,2043-11-01 00:00:00,0
704,4,3,2044-11-01 00:00:00,0
705,4,3,2045-11-01 00:00:00,0
706,4,3,2046-11-01 00:00:00,0
707,4,3,2047-11-01 00:00:00,0
708,4,3,2048-11-01 00:00:00,0
709,4,3,2049-11-01 00:00:00,0
710,4,3,2050-11-01 00:00:00,0
711,4,3,2051-11-01 00:00:00,0
712,4,3,2052-11-01 00:00:00,0
713,4,3,2053-11-01 00:00:00,0
714,4,3,2024-04-01 00:00:00,0
715,4,3,2025-04-01 00:00:00,0
716,4,3,2026-04-01 00:00:00,0
717,4,3,2027-04-01 00:00:00,0
718,4,3,2028-04-01 00:00:00,0
719,4,3,2029-04-01 00:00:00,0
720,4,3,2030-04-01 00:00:00,0
721,4,3,2031-04-01 00:00:00,0
722,4,3,2032-04-01 00:00:00,0
723,4,3,2033-04-01 00:00:00,0
724,4,3,2034-04-01 00:00:00,0
725,4,3,2035-04-01 00:00:00,0
726,4,3,2036-04-01 00:00:00,0
727,4,3,2037-04-01 00:00:00,0
728,4,3,2038-04-01 00:00:00,0
729,4,3,2039-04-01 00:00:00,0
730,4,3,2040-04-01 00:00:00,0
731,4,3,2041-04-01 00:00:00,0
732,4,3,2042-04-01 00:00:00,0
733,4,3,2043-04-01 00:00:00,0
734,4,3,2044-04-01 00:00:00,0
735,4,3,2045-04-01 00:00:00,0
736,4,3,2046-04-01 00:00:00,0
737,4,3,2047-04-01 00:00:00,0
738,4,3,2048-04-01 00:00:00,0
739,4,3,2049-04-01 00:00:00,0
740,4,3,2050-04-01 00:00:00,0
741,4,3,2051-04-01 00:00:00,0
742,4,3,2052-04-01 00:00:00,0
743,4,3,2053-04-01 00:00:00,0
744,4,3,2054-04-01 00:00:00,0
745,5,1,2023-11-01 00:00:00,0
746,5,1,2024-11-01 00:00:00,0
747,5,1,2025-11-01 00:00:00,0
748,5,1,2026-11-01 00:00:00,0
749,5,1,2027-11-01 00:00:00,0
750,5,1,2028-11-01 00:00:00,0
751,5,1,2029-11-01 00:00:00,0
752,5,1,2030-11-01 00:00:00,0
753,5,1,2031-11-01 00:00:00,0
754,5,1,2032-11-01 00:00:00,0
755,5,1,2033-11-01 00:00:00,0
756,5,1,2034-11-01 00:00:00,0
757,5,1,2035-11-01 00:00:00,0
758,5,1,2036-11-01 00:00:00,0
759,5,1,2037-11-01 00:00:00,0
760,5,1,2038-11-01 00:00:00,0
761,5,1,2039-11-01 00:00:00,0
762,5,1,2040-11-01 00:00:00,0
763,5,1,2041-11-01 00:00:00,0
764,5,1,2042-11-01 00:00:00,0
765,5,1,2043-11-01 00:00:00,0
766,5,1,2044-11-01 00:00:00,0
767,5,1,2045-11-01 00:00:00,0
768,5,1,2046-11-01 00:00:00,0
769,5,1,2047-11-01 00:00:00,0
770,5,1,2048-11-01 00:00:00,0
771,5,1,2049-11-01 00:00:00,0
772,5,1,2050-11-01 00:00:00,0
773,5,1,2051-11-01 00:00:00,0
774,5,1,2052-11-01 00:00:00,0
775,5,1,2053-11-01 00:00:00,0
776,5,1,2024-04-01 00:00:00,0
777,5,1,2025-04-01 00:00:00,0
778,5,1,2026-04-01 00:00:00,0
779,5,1,2027-04-01 00:00:00,0
780,5,1,2028-04-01 00:00:00,0
781,5,1,2029-04-01 00:00:00,0
782,5,1,2030-04-01 00:00:00,0
783,5,1,2031-04-01 00:00:00,0
784,5,1,2032-04-01 00:00:00,0
785,5,1,2033-04-01 00:00:00,0
786,5,1,2034-04-01 00:00:00,0
787,5,1,2035-04-01 00:00:00,0
788,5,1,2036-04-01 00:00:00,0
789,5,1,2037-04-01 00:00:00,0
790,5,1,2038-04-01 00:00:00,0
791,5,1,2039-04-01 00:00:00,0
792,5,1,2040-04-01 00:00:00,0
793,5,1,2041-04-01 00:00:00,0
794,5,1,2042-04-01 00:00:00,0
795,5,1,2043-04-01 00:00:00,0
796,5,1,2044-04-01 00:00:00,0
797,5,1,2045-04-01 00:00:00,0
798,5,1,2046-04-01 00:00:00,0
799,5,1,2047-04-01 00:00:00,0
800,5,1,2048-04-01 00:00:00,0
801,5,1,2049-04-01 00:00:00,0
802,5,1,2050-04-01 00:00:00,0
803,5,1,2051-04-01 00:00:00,0
804,5,1,2052-04-01 00:00:00,0
805,5,1,2053-04-01 00:00:00,0
806,5,1,2054-04-01 00:00:00,0
807,5,2,2023-11-01 00:00:00,0
808,5,2,2024-11-01 00:00:00,0
809,5,2,2025-11-01 00:00:00,0
810,5,2,2026-11-01 00:00:00,0
811,5,2,2027-11-01 00:00:00,0
812,5,2,2028-11-01 00:00:00,0
813,5,2,2029-11-01 00:00:00,0
814,5,2,2030-11-01 00:00:00,0
815,5,2,2031-11-01 00:00:00,0
816,5,2,2032-11-01 00:00:00,0
817,5,2,2033-11-01 00:00:00,0
818,5,2,2034-11-01 00:00:00,0
819,5,2,2035-11-01 00:00:00,0
820,5,2,2036-11-01 00:00:00,0
821,5,2,2037-11-01 00:00:00,0
822,5,2,2038-11-01 00:00:00,0
823,5,2,2039-11-01 00:00:00,0
824,5,2,2040-11-01 00:00:00,0
825,5,2,2041-11-01 00:00:00,0
826,5,2,2042-11-01 00:00:00,0
827,5,2,2043-11-01 00:00:00,0
828,5,2,2044-11-01 00:00:00,0
829,5,2,2045-11-01 00:00:00,0
830,5,2,2046-11-01 00:00:00,0
831,5,2,2047-11-01 00:00:00,0
832,5,2,2048-11-01 00:00:00,0
833,5,2,2049-11-01 00:00:00,0
834,5,2,2050-11-01 00:00:00,0
835,5,2,2051-11-01 00:00:00,0
836,5,2,2052-11-01 00:00:00,0
837,5,2,2053-11-01 00:00:00,0
838,5,2,2024-04-01 00:00:00,0
839,5,2,2025-04-01 00:00:00,0
840,5,2,2026-04-01 00:00:00,0
841,5,2,2027-04-01 00:00:00,0
842,5,2,2028-04-01 00:00:00,0
843,5,2,2029-04-01 00:00:00,0
844,5,2,2030-04-01 00:00:00,0
845,5,2,2031-04-01 00:00:00,0
846,5,2,2032-04-01 00:00:00,0
847,5,2,2033-04-01 00:00:00,0
848,5,2,2034-04-01 00:00:00,0
849,5,2,2035-04-01 00:00:00,0
850,5,2,2036-04-01 00:00:00,0
851,5,2,2037-04-01 00:00:00,0
852,5,2,2038-04-01 00:00:00,0
853,5,2,2039-04-01 00:00:00,0
854,5,2,2040-04-01 00:00:00,0
855,5,2,2041-04-01 00:00:00,0
856,5,2,2042-04-01 00:00:00,0
857,5,2,2043-04-01 00:00:00,0
858,5,2,2044-04-01 00:00:00,0
859,5,2,2045-04-01 00:00:00,0
860,5,2,2046-04-01 00:00:00,0
861,5,2,2047-04-01 00:00:00,0
862,5,2,2048-04-01 00:00:00,0
863,5,2,2049-04-01 00:00:00,0
864,5,2,2050-04-01 00:00:00,0
865,5,2,2051-04-01 00:00:00,0
866,5,2,2052-04-01 00:00:00,0
867,5,2,2053-04-01 00:00:00,0
868,5,2,2054-04-01 00:00:00,0
869,5,3,2023-11-01 00:00:00,0
870,5,3,2024-11-01 00:00:00,0
871,5,3,2025-11-01 00:00:00,0
872,5,3,2026-11-01 00:00:00,0
873,5,3,2027-11-01 00:00:00,0
874,5,3,2028-11-01 00:00:00,0
875,5,3,2029-11-01 00:00:00,0
876,5,3,2030-11-01 00:00:00,0
877,5,3,2031-11-01 00:00:00,0
878,5,3,2032-11-01 00:00:00,0
879,5,3,2033-11-01 00:00:00,0
880,5,3,2034-11-01 00:00:00,0
881,5,3,2035-11-01 00:00:00,0
882,5,3,2036-11-01 00:00:00,0
883,5,3,2037-11-01 00:00:00,0
884,5,3,2038-11-01 00:00:00,0
885,5,3,2039-11-01 00:00:00,0
886,5,3,2040-11-01 00:00:00,0
887,5,3,2041-11-01 00:00:00,0
888,5,3,2042-11-01 00:00:00,0
889,5,3,2043-11-01 00:00:00,0
890,5,3,2044-11-01 00:00:00,0
891,5,3,2045-11-01 00:00:00,0
892,5,3,2046-11-01 00:00:00,0
893,5,3,2047-11-01 00:00:00,0
894,5,3,2048-11-01 00:00:00,0
895,5,3,2049-11-01 00:00:00,0
896,5,3,2050-11-01 00:00:00,0
897,5,3,2051-11-01 00:00:00,0
898,5,3,2052-11-01 00:00:00,0
899,5,3,2053-11-01 00:00:00,0
900,5,3,2024-04-01 00:00:00,0
901,5,3,2025-04-01 00:00:00,0
902,5,3,2026-04-01 00:00:00,0
903,5,3,2027-04-01 00:00:00,0
904,5,3,2028-04-01 00:00:00,0
905,5,3,2029-04-01 00:00:00,0
906,5,3,2030-04-01 00:00:00,0
907,5,3,2031-04-01 00:00:00,0
908,5,3,2032-04-01 00:00:00,0
909,5,3,2033-04-01 00:00:00,0
910,5,3,2034-04-01 00:00:00,0
911,5,3,2035-04-01 00:00:00,0
912,5,3,2036-04-01 00:00:00,0
913,5,3,2037-04-01 00:00:00,0
914,5,3,2038-04-01 00:00:00,0
915,5,3,2039-04-01 00:00:00,0
916,5,3,2040-04-01 00:00:00,0
917,5,3,2041-04-01 00:00:00,0
918,5,3,2042-04-01 00:00:00,0
919,5,3,2043-04-01 00:00:00,0
920,5,3,2044-04-01 00:00:00,0
921,5,3,2045-04-01 00:00:00,0
922,5,3,2046-04-01 00:00:00,0
923,5,3,2047-04-01 00:00:00,0
924,5,3,2048-04-01 00:00:00,0
925,5,3,2049-04-01 00:00:00,0
926,5,3,2050-04-01 00:00:00,0
927,5,3,2051-04-01 00:00:00,0
928,5,3,2052-04-01 00:00:00,0
929,5,3,2053-04-01 00:00:00,0
930,5,3,2054-04-01 00:00:00,0
931,6,1,2023-11-01 00:00:00,0
932,6,1,2024-11-01 00:00:00,0
933,6,1,2025-11-01 00:00:00,0
934,6,1,2026-11-01 00:00:00,0
935,6,1,2027-11-01 00:00:00,0
936,6,1,2028-11-01 00:00:00,0
937,6,1,2029-11-01 00:00:00,0
938,6,1,2030-11-01 00:00:00,0
939,6,1,2031-11-01 00:00:00,0
940,6,1,2032-11-01 00:00:00,0
941,6,1,2033-11-01 00:00:00,0
942,6,1,2034-11-01 00:00:00,0
943,6,1,2035-11-01 00:00:00,0
944,6,1,2036-11-01 00:00:00,0
945,6,1,2037-11-01 00:00:00,0
946,6,1,2038-11-01 00:00:00,0
947,6,1,2039-11-01 00:00:00,0
948,6,1,2040-11-01 00:00:00,0
949,6,1,2041-11-01 00:00:00,0
950,6,1,2042-11-01 00:00:00,0
951,6,1,2043-11-01 00:00:00,0
952,6,1,2044-11-01 00:00:00,0
953,6,1,2045-11-01 00:00:00,0
954,6,1,2046-11-01 00:00:00,0
955,6,1,2047-11-01 00:00:00,0
956,6,1,2048-11-01 00:00:00,0
957,6,1,2049-11-01 00:00:00,0
958,6,1,2050-11-01 00:00:00,0
959,6,1,2051-11-01 00:00:00,0
960,6,1,2052-11-01 00:00:00,0
961,6,1,2053-11-01 00:00:00,0
962,6,1,2024-04-01 00:00:00,0
963,6,1,2025-04-01 00:00:00,0
964,6,1,2026-04-01 00:00:00,0
965,6,1,2027-04-01 00:00:00,0
966,6,1,2028-04-01 00:00:00,0
967,6,1,2029-04-01 00:00:00,0
968,6,1,2030-04-01 00:00:00,0
969,6,1,2031-04-01 00:00:00,0
970,6,1,2032-04-01 00:00:00,0
971,6,1,2033-04-01 00:00:00,0
972,6,1,2034-04-01 00:00:00,0
973,6,1,2035-04-01 00:00:00,0
974,6,1,2036-04-01 00:00:00,0
975,6,1,2037-04-01 00:00:00,0
976,6,1,2038-04-01 00:00:00,0
977,6,1,2039-04-01 00:00:00,0
978,6,1,2040-04-01 00:00:00,0
979,6,1,2041-04-01 00:00:00,0
980,6,1,2042-04-01 00:00:00,0
981,6,1,2043-04-01 00:00:00,0
982,6,1,2044-04-01 00:00:00,0
983,6,1,2045-04-01 00:00:00,0
984,6,1,2046-04-01 00:00:00,0
985,6,1,2047-04-01 00:00:00,0
986,6,1,2048-04-01 00:00:00,0
987,6,1,2049-04-01 00:00:00,0
988,6,1,2050-04-01 00:00:00,0
989,6,1,2051-04-01 00:00:00,0
990,6,1,2052-04-01 00:00:00,0
991,6,1,2053-04-01 00:00:00,0
992,6,1,2054-04-01 00:00:00,0
993,6,2,2023-11-01 00:00:00,0
994,6,2,2024-11-01 00:00:00,0
995,6,2,2025-11-01 00:00:00,0
996,6,2,2026-11-01 00:00:00,0
997,6,2,2027-11-01 00:00:00,0
998,6,2,2028-11-01 00:00:00,0
999,6,2,2029-11-01 00:00:00,0
1000,6,2,2030-11-01 00:00:00,0
1001,6,2,2031-11-01 00:00:00,0
1002,6,2,2032-11-01 00:00:00,0
1003,6,2,2033-11-01 00:00:00,0
1004,6,2,2034-11-01 00:00:00,0
1005,6,2,2035-11-01 00:00:00,0
1006,6,2,2036-11-01 00:00:00,0
1007,6,2,2037-11-01 00:00:00,0
1008,6,2,2038-11-01 00:00:00,0
1009,6,2,2039-11-01 00:00:00,0
1010,6,2,2040-11-01 00:00:00,0
1011,6,2,2041-11-01 00:00:00,0
1012,6,2,2042-11-01 00:00:00,0
1013,6,2,2043-11-01 00:00:00,0
1014,6,2,2044-11-01 00:00:00,0
1015,6,2,2045-11-01 00:00:00,0
1016,6,2,2046-11-01 00:00:00,0
1017,6,2,2047-11-01 00:00:00,0
1018,6,2,2048-11-01 00:00:00,0
1019,6,2,2049-11-01 00:00:00,0
1020,6,2,2050-11-01 00:00:00,0
1021,6,2,2051-11-01 00:00:00,0
1022,6,2,2052-11-01 00:00:00,0
1023,6,2,2053-11-01 00:00:00,0
1024,6,2,2024-04-01 00:00:00,0
1025,6,2,2025-04-01 00:00:00,0
1026,6,2,2026-04-01 00:00:00,0
1027,6,2,2027-04-01 00:00:00,0
1028,6,2,2028-04-01 00:00:00,0
1029,6,2,2029-04-01 00:00:00,0
1030,6,2,2030-04-01 00:00:00,0
1031,6,2,2031-04-01 00:00:00,0
1032,6,2,2032-04-01 00:00:00,0
1033,6,2,2033-04-01 00:00:00,0
1034,6,2,2034-04-01 00:00:00,0
1035,6,2,2035-04-01 00:00:00,0
1036,6,2,2036-04-01 00:00:00,0
1037,6,2,2037-04-01 00:00:00,0
1038,6,2,2038-04-01 00:00:00,0
1039,6,2,2039-04-01 00:00:00,0
1040,6,2,2040-04-01 00:00:00,0
1041,6,2,2041-04-01 00:00:00,0
1042,6,2,2042-04-01 00:00:00,0
1043,6,2,2043-04-01 00:00:00,0
1044,6,2,2044-04-01 00:00:00,0
1045,6,2,2045-04-01 00:00:00,0
1046,6,2,2046-04-01 00:00:00,0
1047,6,2,2047-04-01 00:00:00,0
1048,6,2,2048-04-01 00:00:00,0
1049,6,2,2049-04-01 00:00:00,0
1050,6,2,2050-04-01 00:00:00,0
1051,6,2,2051-04-01 00:00:00,0
1052,6,2,2052-04-01 00:00:00,0
1053,6,2,2053-04-01 00:00:00,0
1054,6,2,2054-04-01 00:00:00,0
1055,6,3,2023-11-01 00:00:00,0
1056,6,3,2024-11-01 00:00:00,0
1057,6,3,2025-11-01 00:00:00,0
1058,6,3,2026-11-01 00:00:00,0
1059,6,3,2027-11-01 00:00:00,0
1060,6,3,2028-11-01 00:00:00,0
1061,6,3,2029-11-01 00:00:00,0
1062,6,3,2030-11-01 00:00:00,0
1063,6,3,2031-11-01 00:00:00,0
1064,6,3,2032-11-01 00:00:00,0
1065,6,3,2033-11-01 00:00:00,0
1066,6,3,2034-11-01 00:00:00,0
1067,6,3,2035-11-01 00:00:00,0
1068,6,3,2036-11-01 00:00:00,0
1069,6,3,2037-11-01 00:00:00,0
1070,6,3,2038-11-01 00:00:00,0
1071,6,3,2039-11-01 00:00:00,0
1072,6,3,2040-11-01 00:00:00,0
1073,6,3,2041-11-01 00:00:00,0
1074,6,3,2042-11-01 00:00:00,0
1075,6,3,2043-11-01 00:00:00,0
1076,6,3,2044-11-01 00:00:00,0
1077,6,3,2045-11-01 00:00:00,0
1078,6,3,2046-11-01 00:00:00,0
1079,6,3,2047-11-01 00:00:00,0
1080,6,3,2048-11-01 00:00:00,0
1081,6,3,2049-11-01 00:00:00,0
1082,6,3,2050-11-01 00:00:00,0
1083,6,3,2051-11-01 00:00:00,0
1084,6,3,2052-11-01 00:00:00,0
1085,6,3,2053-11-01 00:00:00,0
1086,6,3,2024-04-01 00:00:00,0
1087,6,3,2025-04-01 00:00:00,0
1088,6,3,2026-04-01 00:00:00,0
1089,6,3,2027-04-01 00:00:00,0
1090,6,3,2028-04-01 00:00:00,0
1091,6,3,2029-04-01 00:00:00,0
1092,6,3,2030-04-01 00:00:00,0
1093,6,3,2031-04-01 00:00:00,0
1094,6,3,2032-04-01 00:00:00,0
1095,6,3,2033-04-01 00:00:00,0
1096,6,3,2034-04-01 00:00:00,0
1097,6,3,2035-04-01 00:00:00,0
1098,6,3,2036-04-01 00:00:00,0
1099,6,3,2037-04-01 00:00:00,0
1100,6,3,2038-04-01 00:00:00,0
1101,6,3,2039-04-01 00:00:00,0
1102,6,3,2040-04-01 00:00:00,0
1103,6,3,2041-04-01 00:00:00,0
1104,6,3,2042-04-01 00:00:00,0
1105,6,3,2043-04-01 00:00:00,0
1106,6,3,2044-04-01 00:00:00,0
1107,6,3,2045-04-01 00:00:00,0
1108,6,3,2046-04-01 00:00:00,0
1109,6,3,2047-04-01 00:00:00,0
1110,6,3,2048-04-01 00:00:00,0
1111,6,3,2049-04-01 00:00:00,0
1112,6,3,2050-04-01 00:00:00,0
1113,6,3,2051-04-01 00:00:00,0
1114,6,3,2052-04-01 00:00:00,0
1115,6,3,2053-04-01 00:00:00,0
1116,6,3,2054-04-01 00:00:00,0
1117,7,1,2023-11-01 00:00:00,0.09067677679557287
1118,7,1,2024-11-01 00:00:00,0.09140873558262165
1119,7,1,2025-11-01 00:00:00,0.09259996262821085
1120,7,1,2026-11-01 00:00:00,0.08965777534693634
1121,7,1,2027-11-01 00:00:00,0.09129391851798656
1122,7,1,2028-11-01 00:00:00,0.09343238634681535
1123,7,1,2029-11-01 00:00:00,0.09591530536954947
1124,7,1,2030-11-01 00:00:00,0.09747968787520275
1125,7,1,2031-11-01 00:00:00,0.0995463950386346
1126,7,1,2032-11-01 00:00:00,0.1009959604796528
1127,7,1,2033-11-01 00:00:00,0.10266080791686179
1128,7,1,2034-11-01 00:00:00,0.10366545723241895
1129,7,1,2035-11-01 00:00:00,0.10454093735026161
1130,7,1,2036-11-01 00:00:00,0.10534465680270734
1131,7,1,2037-11-01 00:00:00,0.10622013692055
1132,7,1,2038-11-01 00:00:00,0.10716737770378959
1133,7,1,2039-11-01 00:00:00,0.10828684408398186
1134,7,1,2040-11-01 00:00:00,0.10944936686341228
1135,7,1,2041-11-01 00:00:00,0.11012391711814351
1136,7,1,2042-11-01 00:00:00,0.11101374936906555
1137,7,1,2043-11-01 00:00:00,0.11153042615992351
1138,7,1,2044-11-01 00:00:00,0.11177441242227311
1139,7,1,2045-11-01 00:00:00,0.11234849774544864
1140,7,1,2046-11-01 00:00:00,0.11249201907624251
1141,7,1,2047-11-01 00:00:00,0.11217627214849597
1142,7,1,2048-11-01 00:00:00,0.11153042615992351
1143,7,1,2049-11-01 00:00:00,0.11132949629681207
1144,7,1,2050-11-01 00:00:00,0.111659595357638
1145,7,1,2051-11-01 00:00:00,0.11231979347928986
1146,7,1,2052-11-01 00:00:00,0.1132239778632913
1147,7,1,2053-11-01 00:00:00,0.11352537265795844
1148,7,1,2024-04-01 00:00:00,0.09067677679557287
1149,7,1,2025-04-01 00:00:00,0.09232727209970248
1150,7,1,2026-04-01 00:00:00,0.09120780571951022
1151,7,1,2027-04-01 00:00:00,0.09179624317576514
1152,7,1,2028-04-01 00:00:00,0.09453750059392824
1153,7,1,2029-04-01 00:00:00,0.09793895613374315
1154,7,1,2030-04-01 00:00:00,0.10093855194733524
1155,7,1,2031-04-01 00:00:00,0.10393814776092732
1156,7,1,2032-04-01 00:00:00,0.10676551797756674
1157,7,1,2033-04-01 00:00:00,0.10897574647179248
1158,7,1,2034-04-01 00:00:00,0.11076976310671598
1159,7,1,2035-04-01 00:00:00,0.11221932854773414
1160,7,1,2036-04-01 00:00:00,0.11389852811802252
1161,7,1,2037-04-01 00:00:00,0.11563513622062846
1162,7,1,2038-04-01 00:00:00,0.11755832205326644
1163,7,1,2039-04-01 00:00:00,0.11907964815968157
1164,7,1,2040-04-01 00:00:00,0.12024217093911199
1165,7,1,2041-04-01 00:00:00,0.1218926662432416
1166,7,1,2042-04-01 00:00:00,0.12390196487435591
1167,7,1,2043-04-01 00:00:00,0.12529412178305654
1168,7,1,2044-04-01 00:00:00,0.12615524976781983
1169,7,1,2045-04-01 00:00:00,0.1266288701594396
1170,7,1,2046-04-01 00:00:00,0.1274899981442029
1171,7,1,2047-04-01 00:00:00,0.12849464745976005
1172,7,1,2048-04-01 00:00:00,0.12937012757760272
1173,7,1,2049-04-01 00:00:00,0.1301020863646515
1174,7,1,2050-04-01 00:00:00,0.13047524182471557
1175,7,1,2051-04-01 00:00:00,0.1298581001023019
1176,7,1,2052-04-01 00:00:00,0.13110673568020864
1177,7,1,2053-04-01 00:00:00,0.1318530466003368
1178,7,1,2054-04-01 00:00:00,0.13215444139500396
1179,7,2,2023-11-01 00:00:00,0.09067677679557287
1180,7,2,2024-11-01 00:00:00,0.09374813327456188
1181,7,2,2025-11-01 00:00:00,0.09756580067367908
1182,7,2,2026-11-01 00:00:00,0.10225894819063892
1183,7,2,2027-11-01 00:00:00,0.10673681371140796
1184,7,2,2028-11-01 00:00:00,0.11219062428157536
1185,7,2,2029-11-01 00:00:00,0.11758702631942523
1186,7,2,2030-11-01 00:00:00,0.12304083688959264
1187,7,2,2031-11-01 00:00:00,0.12918354984757066
1188,7,2,2032-11-01 00:00:00,0.13491005094624645
1189,7,2,2033-11-01 00:00:00,0.14139721509812977
1190,7,2,2034-11-01 00:00:00,0.14709501193064678
1191,7,2,2035-11-01 00:00:00,0.15256317463389357
1192,7,2,2036-11-01 00:00:00,0.15807439373637855
1193,7,2,2037-11-01 00:00:00,0.16338468297575207
1194,7,2,2038-11-01 00:00:00,0.16835052102122028
1195,7,2,2039-11-01 00:00:00,0.17307237280433893
1196,7,2,2040-11-01 00:00:00,0.17812432364828346
1197,7,2,2041-11-01 00:00:00,0.18241561143902044
1198,7,2,2042-11-01 00:00:00,0.18669254709667807
1199,7,2,2043-11-01 00:00:00,0.1909264263550975
1200,7,2,2044-11-01 00:00:00,0.19454316389110327
1201,7,2,2045-11-01 00:00:00,0.19836083129022045
1202,7,2,2046-11-01 00:00:00,0.20146089203536824
1203,7,2,2047-11-01 00:00:00,0.2050489253052152
1204,7,2,2048-11-01 00:00:00,0.20810592965112484
1205,7,2,2049-11-01 00:00:00,0.21110552546471692
1206,7,2,2050-11-01 00:00:00,0.21252638663957632
1207,7,2,2051-11-01 00:00:00,0.2139472478144357
1208,7,2,2052-11-01 00:00:00,0.21546857392085084
1209,7,2,2053-11-01 00:00:00,0.21637275830485225
1210,7,2,2024-04-01 00:00:00,0.09067677679557287
1211,7,2,2025-04-01 00:00:00,0.09417869726694353
1212,7,2,2026-04-01 00:00:00,0.0994459301070789
1213,7,2,2027-04-01 00:00:00,0.10514372693959591
1214,7,2,2028-04-01 00:00:00,0.11176006028919373
1215,7,2,2029-04-01 00:00:00,0.11873519696577627
1216,7,2,2030-04-01 00:00:00,0.12560986871080307
1217,7,2,2031-04-01 00:00:00,0.13265676605278254
1218,7,2,2032-04-01 00:00:00,0.1402059880525406
1219,7,2,2033-04-01 00:00:00,0.14710936406372618
1220,7,2,2034-04-01 00:00:00,0.1539696836756736
1221,7,2,2035-04-01 00:00:00,0.16068648195682714
1222,7,2,2036-04-01 00:00:00,0.16862321154972865
1223,7,2,2037-04-01 00:00:00,0.1759284472871371
1224,7,2,2038-04-01 00:00:00,0.18291793609679904
1225,7,2,2039-04-01 00:00:00,0.18891712772398317
1226,7,2,2040-04-01 00:00:00,0.19432788189491243
1227,7,2,2041-04-01 00:00:00,0.20084375031295454
1228,7,2,2042-04-01 00:00:00,0.20757490072718748
1229,7,2,2043-04-01 00:00:00,0.2141768819437059
1230,7,2,2044-04-01 00:00:00,0.21914271998917415
1231,7,2,2045-04-01 00:00:00,0.2232330779167997
1232,7,2,2046-04-01 00:00:00,0.22834243729306178
1233,7,2,2047-04-01 00:00:00,0.2340258819924994
1234,7,2,2048-04-01 00:00:00,0.23942228403034926
1235,7,2,2049-04-01 00:00:00,0.24414413581346792
1236,7,2,2050-04-01 00:00:00,0.2480909724102996
1237,7,2,2051-04-01 00:00:00,0.2471150273609012
1238,7,2,2052-04-01 00:00:00,0.24799050747874385
1239,7,2,2053-04-01 00:00:00,0.24836366293880796
1240,7,2,2054-04-01 00:00:00,0.24824884587417284
1241,7,3,2023-11-01 00:00:00,0.09067677679557287
1242,7,3,2024-11-01 00:00:00,0.10113948181044667
1243,7,3,2025-11-01 00:00:00,0.11352537265795844
1244,7,3,2026-11-01 00:00:00,0.12790621000350513
1245,7,3,2027-11-01 00:00:00,0.1425740900106396
1246,7,3,2028-11-01 00:00:00,0.15808874586945795
1247,7,3,2029-11-01 00:00:00,0.1734311761313236
1248,7,3,2030-11-01 00:00:00,0.18888842345782442
1249,7,3,2031-11-01 00:00:00,0.20569477129378766
1250,7,3,2032-11-01 00:00:00,0.22288862672289442
1251,7,3,2033-11-01 00:00:00,0.2408431452052087
1252,7,3,2034-11-01 00:00:00,0.2567453086571705
1253,7,3,2035-11-01 00:00:00,0.2714562450635431
1254,7,3,2036-11-01 00:00:00,0.2862963506676302
1255,7,3,2037-11-01 00:00:00,0.3022559226519096
1256,7,3,2038-11-01 00:00:00,0.3175265922483783
1257,7,3,2039-11-01 00:00:00,0.33344310783341957
1258,7,3,2040-11-01 00:00:00,0.3494026798176989
1259,7,3,2041-11-01 00:00:00,0.3636543479655311
1260,7,3,2042-11-01 00:00:00,0.3776046213186962
1261,7,3,2043-11-01 00:00:00,0.3912534998771941
1262,7,3,2044-11-01 00:00:00,0.4036106864585471
1263,7,3,2045-11-01 00:00:00,0.4147048853289139
1264,7,3,2046-11-01 00:00:00,0.42360320783813443
1265,7,3,2047-11-01 00:00:00,0.43007601985693844
1266,7,3,2048-11-01 00:00:00,0.4372951427958705
1267,7,3,2049-11-01 00:00:00,0.4466670856967109
1268,7,3,2050-11-01 00:00:00,0.4459781833089002
1269,7,3,2051-11-01 00:00:00,0.4445573221340408
1270,7,3,2052-11-01 00:00:00,0.4435383206854043
1271,7,3,2053-11-01 00:00:00,0.44461473066635837
1272,7,3,2024-04-01 00:00:00,0.09067677679557287
1273,7,3,2025-04-01 00:00:00,0.10179967993209853
1274,7,3,2026-04-01 00:00:00,0.11564948835370785
1275,7,3,2027-04-01 00:00:00,0.13100627074865293
1276,7,3,2028-04-01 00:00:00,0.1489751413640466
1277,7,3,2029-04-01 00:00:00,0.16813523902502947
1278,7,3,2030-04-01 00:00:00,0.1868647726936307
1279,7,3,2031-04-01 00:00:00,0.20552254569683498
1280,7,3,2032-04-01 00:00:00,0.22515626374943767
1281,7,3,2033-04-01 00:00:00,0.24545017992369222
1282,7,3,2034-04-01 00:00:00,0.2646963903831514
1283,7,3,2035-04-01 00:00:00,0.28292359939397405
1284,7,3,2036-04-01 00:00:00,0.301495259598702
1285,7,3,2037-04-01 00:00:00,0.3191770875525079
1286,7,3,2038-04-01 00:00:00,0.3381362553503794
1287,7,3,2039-04-01 00:00:00,0.3553301107794861
1288,7,3,2040-04-01 00:00:00,0.3713327391630037
1289,7,3,2041-04-01 00:00:00,0.3899331036338904
1290,7,3,2042-04-01 00:00:00,0.40793067851544285
1291,7,3,2043-04-01 00:00:00,0.424808787016803
1292,7,3,2044-04-01 00:00:00,0.43740995986050557
1293,7,3,2045-04-01 00:00:00,0.44932223031639756
1294,7,3,2046-04-01 00:00:00,0.45931131493965155
1295,7,3,2047-04-01 00:00:00,0.46885548343744454
1296,7,3,2048-04-01 00:00:00,0.4761463670417736
1297,7,3,2049-04-01 00:00:00,0.4846858862240094
1298,7,3,2050-04-01 00:00:00,0.4922781646230056
1299,7,3,2051-04-01 00:00:00,0.48670953698820313
1300,7,3,2052-04-01 00:00:00,0.48096868375644797
1301,7,3,2053-04-01 00:00:00,0.4782130742052055
1302,7,3,2054-04-01 00:00:00,0.47637600117104384
1303,8,1,2023-11-01 00:00:00,0
1304,8,1,2024-11-01 00:00:00,0
1305,8,1,2025-11-01 00:00:00,0
1306,8,1,2026-11-01 00:00:00,0
1307,8,1,2027-11-01 00:00:00,0
1308,8,1,2028-11-01 00:00:00,0
1309,8,1,2029-11-01 00:00:00,0
1310,8,1,2030-11-01 00:00:00,0
1311,8,1,2031-11-01 00:00:00,0
1312,8,1,2032-11-01 00:00:00,0
1313,8,1,2033-11-01 00:00:00,0
1314,8,1,2034-11-01 00:00:00,0
1315,8,1,2035-11-01 00:00:00,0
1316,8,1,2036-11-01 00:00:00,0
1317,8,1,2037-11-01 00:00:00,0
1318,8,1,2038-11-01 00:00:00,0
1319,8,1,2039-11-01 00:00:00,0
1320,8,1,2040-11-01 00:00:00,0
1321,8,1,2041-11-01 00:00:00,0
1322,8,1,2042-11-01 00:00:00,0
1323,8,1,2043-11-01 00:00:00,0
1324,8,1,2044-11-01 00:00:00,0
1325,8,1,2045-11-01 00:00:00,0
1326,8,1,2046-11-01 00:00:00,0
1327,8,1,2047-11-01 00:00:00,0
1328,8,1,2048-11-01 00:00:00,0
1329,8,1,2049-11-01 00:00:00,0
1330,8,1,2050-11-01 00:00:00,0
1331,8,1,2051-11-01 00:00:00,0
1332,8,1,2052-11-01 00:00:00,0
1333,8,1,2053-11-01 00:00:00,0
1334,8,1,2024-04-01 00:00:00,0
1335,8,1,2025-04-01 00:00:00,0
1336,8,1,2026-04-01 00:00:00,0
1337,8,1,2027-04-01 00:00:00,0
1338,8,1,2028-04-01 00:00:00,0
1339,8,1,2029-04-01 00:00:00,0
1340,8,1,2030-04-01 00:00:00,0
1341,8,1,2031-04-01 00:00:00,0
1342,8,1,2032-04-01 00:00:00,0
1343,8,1,2033-04-01 00:00:00,0
1344,8,1,2034-04-01 00:00:00,0
1345,8,1,2035-04-01 00:00:00,0
1346,8,1,2036-04-01 00:00:00,0
1347,8,1,2037-04-01 00:00:00,0
1348,8,1,2038-04-01 00:00:00,0
1349,8,1,2039-04-01 00:00:00,0
1350,8,1,2040-04-01 00:00:00,0
1351,8,1,2041-04-01 00:00:00,0
1352,8,1,2042-04-01 00:00:00,0
1353,8,1,2043-04-01 00:00:00,0
1354,8,1,2044-04-01 00:00:00,0
1355,8,1,2045-04-01 00:00:00,0
1356,8,1,2046-04-01 00:00:00,0
1357,8,1,2047-04-01 00:00:00,0
1358,8,1,2048-04-01 00:00:00,0
1359,8,1,2049-04-01 00:00:00,0
1360,8,1,2050-04-01 00:00:00,0
1361,8,1,2051-04-01 00:00:00,0
1362,8,1,2052-04-01 00:00:00,0
1363,8,1,2053-04-01 00:00:00,0
1364,8,1,2054-04-01 00:00:00,0
1365,8,2,2023-11-01 00:00:00,0
1366,8,2,2024-11-01 00:00:00,0
1367,8,2,2025-11-01 00:00:00,0
1368,8,2,2026-11-01 00:00:00,0
1369,8,2,2027-11-01 00:00:00,0
1370,8,2,2028-11-01 00:00:00,0
1371,8,2,2029-11-01 00:00:00,0
1372,8,2,2030-11-01 00:00:00,0
1373,8,2,2031-11-01 00:00:00,0
1374,8,2,2032-11-01 00:00:00,0
1375,8,2,2033-11-01 00:00:00,0
1376,8,2,2034-11-01 00:00:00,0
1377,8,2,2035-11-01 00:00:00,0
1378,8,2,2036-11-01 00:00:00,0
1379,8,2,2037-11-01 00:00:00,0
1380,8,2,2038-11-01 00:00:00,0
1381,8,2,2039-11-01 00:00:00,0
1382,8,2,2040-11-01 00:00:00,0
1383,8,2,2041-11-01 00:00:00,0
1384,8,2,2042-11-01 00:00:00,0
1385,8,2,2043-11-01 00:00:00,0
1386,8,2,2044-11-01 00:00:00,0
1387,8,2,2045-11-01 00:00:00,0
1388,8,2,2046-11-01 00:00:00,0
1389,8,2,2047-11-01 00:00:00,0
1390,8,2,2048-11-01 00:00:00,0
1391,8,2,2049-11-01 00:00:00,0
1392,8,2,2050-11-01 00:00:00,0
1393,8,2,2051-11-01 00:00:00,0
1394,8,2,2052-11-01 00:00:00,0
1395,8,2,2053-11-01 00:00:00,0
1396,8,2,2024-04-01 00:00:00,0
1397,8,2,2025-04-01 00:00:00,0
1398,8,2,2026-04-01 00:00:00,0
1399,8,2,2027-04-01 00:00:00,0
1400,8,2,2028-04-01 00:00:00,0
1401,8,2,2029-04-01 00:00:00,0
1402,8,2,2030-04-01 00:00:00,0
1403,8,2,2031-04-01 00:00:00,0
1404,8,2,2032-04-01 00:00:00,0
1405,8,2,2033-04-01 00:00:00,0
1406,8,2,2034-04-01 00:00:00,0
1407,8,2,2035-04-01 00:00:00,0
1408,8,2,2036-04-01 00:00:00,0
1409,8,2,2037-04-01 00:00:00,0
1410,8,2,2038-04-01 00:00:00,0
1411,8,2,2039-04-01 00:00:00,0
1412,8,2,2040-04-01 00:00:00,0
1413,8,2,2041-04-01 00:00:00,0
1414,8,2,2042-04-01 00:00:00,0
1415,8,2,2043-04-01 00:00:00,0
1416,8,2,2044-04-01 00:00:00,0
1417,8,2,2045-04-01 00:00:00,0
1418,8,2,2046-04-01 00:00:00,0
1419,8,2,2047-04-01 00:00:00,0
1420,8,2,2048-04-01 00:00:00,0
1421,8,2,2049-04-01 00:00:00,0
1422,8,2,2050-04-01 00:00:00,0
1423,8,2,2051-04-01 00:00:00,0
1424,8,2,2052-04-01 00:00:00,0
1425,8,2,2053-04-01 00:00:00,0
1426,8,2,2054-04-01 00:00:00,0
1427,8,3,2023-11-01 00:00:00,0
1428,8,3,2024-11-01 00:00:00,0
1429,8,3,2025-11-01 00:00:00,0
1430,8,3,2026-11-01 00:00:00,0
1431,8,3,2027-11-01 00:00:00,0
1432,8,3,2028-11-01 00:00:00,0
1433,8,3,2029-11-01 00:00:00,0
1434,8,3,2030-11-01 00:00:00,0
1435,8,3,2031-11-01 00:00:00,0
1436,8,3,2032-11-01 00:00:00,0
1437,8,3,2033-11-01 00:00:00,0
1438,8,3,2034-11-01 00:00:00,0
1439,8,3,2035-11-01 00:00:00,0
1440,8,3,2036-11-01 00:00:00,0
1441,8,3,2037-11-01 00:00:00,0
1442,8,3,2038-11-01 00:00:00,0
1443,8,3,2039-11-01 00:00:00,0
1444,8,3,2040-11-01 00:00:00,0
1445,8,3,2041-11-01 00:00:00,0
1446,8,3,2042-11-01 00:00:00,0
1447,8,3,2043-11-01 00:00:00,0
1448,8,3,2044-11-01 00:00:00,0
1449,8,3,2045-11-01 00:00:00,0
1450,8,3,2046-11-01 00:00:00,0
1451,8,3,2047-11-01 00:00:00,0
1452,8,3,2048-11-01 00:00:00,0
1453,8,3,2049-11-01 00:00:00,0
1454,8,3,2050-11-01 00:00:00,0
1455,8,3,2051-11-01 00:00:00,0
1456,8,3,2052-11-01 00:00:00,0
1457,8,3,2053-11-01 00:00:00,0
1458,8,3,2024-04-01 00:00:00,0
1459,8,3,2025-04-01 00:00:00,0
1460,8,3,2026-04-01 00:00:00,0
1461,8,3,2027-04-01 00:00:00,0
1462,8,3,2028-04-01 00:00:00,0
1463,8,3,2029-04-01 00:00:00,0
1464,8,3,2030-04-01 00:00:00,0
1465,8,3,2031-04-01 00:00:00,0
1466,8,3,2032-04-01 00:00:00,0
1467,8,3,2033-04-01 00:00:00,0
1468,8,3,2034-04-01 00:00:00,0
1469,8,3,2035-04-01 00:00:00,0
1470,8,3,2036-04-01 00:00:00,0
1471,8,3,2037-04-01 00:00:00,0
1472,8,3,2038-04-01 00:00:00,0
1473,8,3,2039-04-01 00:00:00,0
1474,8,3,2040-04-01 00:00:00,0
1475,8,3,2041-04-01 00:00:00,0
1476,8,3,2042-04-01 00:00:00,0
1477,8,3,2043-04-01 00:00:00,0
1478,8,3,2044-04-01 00:00:00,0
1479,8,3,2045-04-01 00:00:00,0
1480,8,3,2046-04-01 00:00:00,0
1481,8,3,2047-04-01 00:00:00,0
1482,8,3,2048-04-01 00:00:00,0
1483,8,3,2049-04-01 00:00:00,0
1484,8,3,2050-04-01 00:00:00,0
1485,8,3,2051-04-01 00:00:00,0
1486,8,3,2052-04-01 00:00:00,0
1487,8,3,2053-04-01 00:00:00,0
1488,8,3,2054-04-01 00:00:00,0
1489,9,1,2023-11-01 00:00:00,0
1490,9,1,2024-11-01 00:00:00,0
1491,9,1,2025-11-01 00:00:00,0
1492,9,1,2026-11-01 00:00:00,0
1493,9,1,2027-11-01 00:00:00,0
1494,9,1,2028-11-01 00:00:00,0
1495,9,1,2029-11-01 00:00:00,0
1496,9,1,2030-11-01 00:00:00,0
1497,9,1,2031-11-01 00:00:00,0
1498,9,1,2032-11-01 00:00:00,0
1499,9,1,2033-11-01 00:00:00,0
1500,9,1,2034-11-01 00:00:00,0
1501,9,1,2035-11-01 00:00:00,0
1502,9,1,2036-11-01 00:00:00,0
1503,9,1,2037-11-01 00:00:00,0
1504,9,1,2038-11-01 00:00:00,0
1505,9,1,2039-11-01 00:00:00,0
1506,9,1,2040-11-01 00:00:00,0
1507,9,1,2041-11-01 00:00:00,0
1508,9,1,2042-11-01 00:00:00,0
1509,9,1,2043-11-01 00:00:00,0
1510,9,1,2044-11-01 00:00:00,0
1511,9,1,2045-11-01 00:00:00,0
1512,9,1,2046-11-01 00:00:00,0
1513,9,1,2047-11-01 00:00:00,0
1514,9,1,2048-11-01 00:00:00,0
1515,9,1,2049-11-01 00:00:00,0
1516,9,1,2050-11-01 00:00:00,0
1517,9,1,2051-11-01 00:00:00,0
1518,9,1,2052-11-01 00:00:00,0
1519,9,1,2053-11-01 00:00:00,0
1520,9,1,2024-04-01 00:00:00,0
1521,9,1,2025-04-01 00:00:00,0
1522,9,1,2026-04-01 00:00:00,0
1523,9,1,2027-04-01 00:00:00,0
1524,9,1,2028-04-01 00:00:00,0
1525,9,1,2029-04-01 00:00:00,0
1526,9,1,2030-04-01 00:00:00,0
1527,9,1,2031-04-01 00:00:00,0
1528,9,1,2032-04-01 00:00:00,0
1529,9,1,2033-04-01 00:00:00,0
1530,9,1,2034-04-01 00:00:00,0
1531,9,1,2035-04-01 00:00:00,0
1532,9,1,2036-04-01 00:00:00,0
1533,9,1,2037-04-01 00:00:00,0
1534,9,1,2038-04-01 00:00:00,0
1535,9,1,2039-04-01 00:00:00,0
1536,9,1,2040-04-01 00:00:00,0
1537,9,1,2041-04-01 00:00:00,0
1538,9,1,2042-04-01 00:00:00,0
1539,9,1,2043-04-01 00:00:00,0
1540,9,1,2044-04-01 00:00:00,0
1541,9,1,2045-04-01 00:00:00,0
1542,9,1,2046-04-01 00:00:00,0
1543,9,1,2047-04-01 00:00:00,0
1544,9,1,2048-04-01 00:00:00,0
1545,9,1,2049-04-01 00:00:00,0
1546,9,1,2050-04-01 00:00:00,0
1547,9,1,2051-04-01 00:00:00,0
1548,9,1,2052-04-01 00:00:00,0
1549,9,1,2053-04-01 00:00:00,0
1550,9,1,2054-04-01 00:00:00,0
1551,9,2,2023-11-01 00:00:00,0
1552,9,2,2024-11-01 00:00:00,0
1553,9,2,2025-11-01 00:00:00,0
1554,9,2,2026-11-01 00:00:00,0
1555,9,2,2027-11-01 00:00:00,0
1556,9,2,2028-11-01 00:00:00,0
1557,9,2,2029-11-01 00:00:00,0
1558,9,2,2030-11-01 00:00:00,0
1559,9,2,2031-11-01 00:00:00,0
1560,9,2,2032-11-01 00:00:00,0
1561,9,2,2033-11-01 00:00:00,0
1562,9,2,2034-11-01 00:00:00,0
1563,9,2,2035-11-01 00:00:00,0
1564,9,2,2036-11-01 00:00:00,0
1565,9,2,2037-11-01 00:00:00,0
1566,9,2,2038-11-01 00:00:00,0
1567,9,2,2039-11-01 00:00:00,0
1568,9,2,2040-11-01 00:00:00,0
1569,9,2,2041-11-01 00:00:00,0
1570,9,2,2042-11-01 00:00:00,0
1571,9,2,2043-11-01 00:00:00,0
1572,9,2,2044-11-01 00:00:00,0
1573,9,2,2045-11-01 00:00:00,0
1574,9,2,2046-11-01 00:00:00,0
1575,9,2,2047-11-01 00:00:00,0
1576,9,2,2048-11-01 00:00:00,0
1577,9,2,2049-11-01 00:00:00,0
1578,9,2,2050-11-01 00:00:00,0
1579,9,2,2051-11-01 00:00:00,0
1580,9,2,2052-11-01 00:00:00,0
1581,9,2,2053-11-01 00:00:00,0
1582,9,2,2024-04-01 00:00:00,0
1583,9,2,2025-04-01 00:00:00,0
1584,9,2,2026-04-01 00:00:00,0
1585,9,2,2027-04-01 00:00:00,0
1586,9,2,2028-04-01 00:00:00,0
1587,9,2,2029-04-01 00:00:00,0
1588,9,2,2030-04-01 00:00:00,0
1589,9,2,2031-04-01 00:00:00,0
1590,9,2,2032-04-01 00:00:00,0
1591,9,2,2033-04-01 00:00:00,0
1592,9,2,2034-04-01 00:00:00,0
1593,9,2,2035-04-01 00:00:00,0
1594,9,2,2036-04-01 00:00:00,0
1595,9,2,2037-04-01 00:00:00,0
1596,9,2,2038-04-01 00:00:00,0
1597,9,2,2039-04-01 00:00:00,0
1598,9,2,2040-04-01 00:00:00,0
1599,9,2,2041-04-01 00:00:00,0
1600,9,2,2042-04-01 00:00:00,0
1601,9,2,2043-04-01 00:00:00,0
1602,9,2,2044-04-01 00:00:00,0
1603,9,2,2045-04-01 00:00:00,0
1604,9,2,2046-04-01 00:00:00,0
1605,9,2,2047-04-01 00:00:00,0
1606,9,2,2048-04-01 00:00:00,0
1607,9,2,2049-04-01 00:00:00,0
1608,9,2,2050-04-01 00:00:00,0
1609,9,2,2051-04-01 00:00:00,0
1610,9,2,2052-04-01 00:00:00,0
1611,9,2,2053-04-01 00:00:00,0
1612,9,2,2054-04-01 00:00:00,0
1613,9,3,2023-11-01 00:00:00,0
1614,9,3,2024-11-01 00:00:00,0
1615,9,3,2025-11-01 00:00:00,0
1616,9,3,2026-11-01 00:00:00,0
1617,9,3,2027-11-01 00:00:00,0
1618,9,3,2028-11-01 00:00:00,0
1619,9,3,2029-11-01 00:00:00,0
1620,9,3,2030-11-01 00:00:00,0
1621,9,3,2031-11-01 00:00:00,0
1622,9,3,2032-11-01 00:00:00,0
1623,9,3,2033-11-01 00:00:00,0
1624,9,3,2034-11-01 00:00:00,0
1625,9,3,2035-11-01 00:00:00,0
1626,9,3,2036-11-01 00:00:00,0
1627,9,3,2037-11-01 00:00:00,0
1628,9,3,2038-11-01 00:00:00,0
1629,9,3,2039-11-01 00:00:00,0
1630,9,3,2040-11-01 00:00:00,0
1631,9,3,2041-11-01 00:00:00,0
1632,9,3,2042-11-01 00:00:00,0
1633,9,3,2043-11-01 00:00:00,0
1634,9,3,2044-11-01 00:00:00,0
1635,9,3,2045-11-01 00:00:00,0
1636,9,3,2046-11-01 00:00:00,0
1637,9,3,2047-11-01 00:00:00,0
1638,9,3,2048-11-01 00:00:00,0
1639,9,3,2049-11-01 00:00:00,0
1640,9,3,2050-11-01 00:00:00,0
1641,9,3,2051-11-01 00:00:00,0
1642,9,3,2052-11-01 00:00:00,0
1643,9,3,2053-11-01 00:00:00,0
1644,9,3,2024-04-01 00:00:00,0
1645,9,3,2025-04-01 00:00:00,0
1646,9,3,2026-04-01 00:00:00,0
1647,9,3,2027-04-01 00:00:00,0
1648,9,3,2028-04-01 00:00:00,0
1649,9,3,2029-04-01 00:00:00,0
1650,9,3,2030-04-01 00:00:00,0
1651,9,3,2031-04-01 00:00:00,0
1652,9,3,2032-04-01 00:00:00,0
1653,9,3,2033-04-01 00:00:00,0
1654,9,3,2034-04-01 00:00:00,0
1655,9,3,2035-04-01 00:00:00,0
1656,9,3,2036-04-01 00:00:00,0
1657,9,3,2037-04-01 00:00:00,0
1658,9,3,2038-04-01 00:00:00,0
1659,9,3,2039-04-01 00:00:00,0
1660,9,3,2040-04-01 00:00:00,0
1661,9,3,2041-04-01 00:00:00,0
1662,9,3,2042-04-01 00:00:00,0
1663,9,3,2043-04-01 00:00:00,0
1664,9,3,2044-04-01 00:00:00,0
1665,9,3,2045-04-01 00:00:00,0
1666,9,3,2046-04-01 00:00:00,0
1667,9,3,2047-04-01 00:00:00,0
1668,9,3,2048-04-01 00:00:00,0
1669,9,3,2049-04-01 00:00:00,0
1670,9,3,2050-04-01 00:00:00,0
1671,9,3,2051-04-01 00:00:00,0
1672,9,3,2052-04-01 00:00:00,0
1673,9,3,2053-04-01 00:00:00,0
1674,9,3,2054-04-01 00:00:00,0
1675,10,1,2023-11-01 00:00:00,0
1676,10,1,2024-11-01 00:00:00,0
1677,10,1,2025-11-01 00:00:00,0
1678,10,1,2026-11-01 00:00:00,0
1679,10,1,2027-11-01 00:00:00,0
1680,10,1,2028-11-01 00:00:00,0
1681,10,1,2029-11-01 00:00:00,0
1682,10,1,2030-11-01 00:00:00,0
1683,10,1,2031-11-01 00:00:00,0
1684,10,1,2032-11-01 00:00:00,0
1685,10,1,2033-11-01 00:00:00,0
1686,10,1,2034-11-01 00:00:00,0
1687,10,1,2035-11-01 00:00:00,0
1688,10,1,2036-11-01 00:00:00,0
1689,10,1,2037-11-01 00:00:00,0
1690,10,1,2038-11-01 00:00:00,0
1691,10,1,2039-11-01 00:00:00,0
1692,10,1,2040-11-01 00:00:00,0
1693,10,1,2041-11-01 00:00:00,0
1694,10,1,2042-11-01 00:00:00,0
1695,10,1,2043-11-01 00:00:00,0
1696,10,1,2044-11-01 00:00:00,0
1697,10,1,2045-11-01 00:00:00,0
1698,10,1,2046-11-01 00:00:00,0
1699,10,1,2047-11-01 00:00:00,0
1700,10,1,2048-11-01 00:00:00,0
1701,10,1,2049-11-01 00:00:00,0
1702,10,1,2050-11-01 00:00:00,0
1703,10,1,2051-11-01 00:00:00,0
1704,10,1,2052-11-01 00:00:00,0
1705,10,1,2053-11-01 00:00:00,0
1706,10,1,2024-04-01 00:00:00,0
1707,10,1,2025-04-01 00:00:00,0
1708,10,1,2026-04-01 00:00:00,0
1709,10,1,2027-04-01 00:00:00,0
1710,10,1,2028-04-01 00:00:00,0
1711,10,1,2029-04-01 00:00:00,0
1712,10,1,2030-04-01 00:00:00,0
1713,10,1,2031-04-01 00:00:00,0
1714,10,1,2032-04-01 00:00:00,0
1715,10,1,2033-04-01 00:00:00,0
1716,10,1,2034-04-01 00:00:00,0
1717,10,1,2035-04-01 00:00:00,0
1718,10,1,2036-04-01 00:00:00,0
1719,10,1,2037-04-01 00:00:00,0
1720,10,1,2038-04-01 00:00:00,0
1721,10,1,2039-04-01 00:00:00,0
1722,10,1,2040-04-01 00:00:00,0
1723,10,1,2041-04-01 00:00:00,0
1724,10,1,2042-04-01 00:00:00,0
1725,10,1,2043-04-01 00:00:00,0
1726,10,1,2044-04-01 00:00:00,0
1727,10,1,2045-04-01 00:00:00,0
1728,10,1,2046-04-01 00:00:00,0
1729,10,1,2047-04-01 00:00:00,0
1730,10,1,2048-04-01 00:00:00,0
1731,10,1,2049-04-01 00:00:00,0
1732,10,1,2050-04-01 00:00:00,0
1733,10,1,2051-04-01 00:00:00,0
1734,10,1,2052-04-01 00:00:00,0
1735,10,1,2053-04-01 00:00:00,0
1736,10,1,2054-04-01 00:00:00,0
1737,10,2,2023-11-01 00:00:00,0
1738,10,2,2024-11-01 00:00:00,0
1739,10,2,2025-11-01 00:00:00,0
1740,10,2,2026-11-01 00:00:00,0
1741,10,2,2027-11-01 00:00:00,0
1742,10,2,2028-11-01 00:00:00,0
1743,10,2,2029-11-01 00:00:00,0
1744,10,2,2030-11-01 00:00:00,0
1745,10,2,2031-11-01 00:00:00,0
1746,10,2,2032-11-01 00:00:00,0
1747,10,2,2033-11-01 00:00:00,0
1748,10,2,2034-11-01 00:00:00,0
1749,10,2,2035-11-01 00:00:00,0
1750,10,2,2036-11-01 00:00:00,0
1751,10,2,2037-11-01 00:00:00,0
1752,10,2,2038-11-01 00:00:00,0
1753,10,2,2039-11-01 00:00:00,0
1754,10,2,2040-11-01 00:00:00,0
1755,10,2,2041-11-01 00:00:00,0
1756,10,2,2042-11-01 00:00:00,0
1757,10,2,2043-11-01 00:00:00,0
1758,10,2,2044-11-01 00:00:00,0
1759,10,2,2045-11-01 00:00:00,0
1760,10,2,2046-11-01 00:00:00,0
1761,10,2,2047-11-01 00:00:00,0
1762,10,2,2048-11-01 00:00:00,0
1763,10,2,2049-11-01 00:00:00,0
1764,10,2,2050-11-01 00:00:00,0
1765,10,2,2051-11-01 00:00:00,0
1766,10,2,2052-11-01 00:00:00,0
1767,10,2,2053-11-01 00:00:00,0
1768,10,2,2024-04-01 00:00:00,0
1769,10,2,2025-04-01 00:00:00,0
1770,10,2,2026-04-01 00:00:00,0
1771,10,2,2027-04-01 00:00:00,0
1772,10,2,2028-04-01 00:00:00,0
1773,10,2,2029-04-01 00:00:00,0
1774,10,2,2030-04-01 00:00:00,0
1775,10,2,2031-04-01 00:00:00,0
1776,10,2,2032-04-01 00:00:00,0
1777,10,2,2033-04-01 00:00:00,0
1778,10,2,2034-04-01 00:00:00,0
1779,10,2,2035-04-01 00:00:00,0
1780,10,2,2036-04-01 00:00:00,0
1781,10,2,2037-04-01 00:00:00,0
1782,10,2,2038-04-01 00:00:00,0
1783,10,2,2039-04-01 00:00:00,0
1784,10,2,2040-04-01 00:00:00,0
1785,10,2,2041-04-01 00:00:00,0
1786,10,2,2042-04-01 00:00:00,0
1787,10,2,2043-04-01 00:00:00,0
1788,10,2,2044-04-01 00:00:00,0
1789,10,2,2045-04-01 00:00:00,0
1790,10,2,2046-04-01 00:00:00,0
1791,10,2,2047-04-01 00:00:00,0
1792,10,2,2048-04-01 00:00:00,0
1793,10,2,2049-04-01 00:00:00,0
1794,10,2,2050-04-01 00:00:00,0
1795,10,2,2051-04-01 00:00:00,0
1796,10,2,2052-04-01 00:00:00,0
1797,10,2,2053-04-01 00:00:00,0
1798,10,2,2054-04-01 00:00:00,0
1799,10,3,2023-11-01 00:00:00,0
1800,10,3,2024-11-01 00:00:00,0
1801,10,3,2025-11-01 00:00:00,0
1802,10,3,2026-11-01 00:00:00,0
1803,10,3,2027-11-01 00:00:00,0
1804,10,3,2028-11-01 00:00:00,0
1805,10,3,2029-11-01 00:00:00,0
1806,10,3,2030-11-01 00:00:00,0
1807,10,3,2031-11-01 00:00:00,0
1808,10,3,2032-11-01 00:00:00,0
1809,10,3,2033-11-01 00:00:00,0
1810,10,3,2034-11-01 00:00:00,0
1811,10,3,2035-11-01 00:00:00,0
1812,10,3,2036-11-01 00:00:00,0
1813,10,3,2037-11-01 00:00:00,0
1814,10,3,2038-11-01 00:00:00,0
1815,10,3,2039-11-01 00:00:00,0
1816,10,3,2040-11-01 00:00:00,0
1817,10,3,2041-11-01 00:00:00,0
1818,10,3,2042-11-01 00:00:00,0
1819,10,3,2043-11-01 00:00:00,0
1820,10,3,2044-11-01 00:00:00,0
1821,10,3,2045-11-01 00:00:00,0
1822,10,3,2046-11-01 00:00:00,0
1823,10,3,2047-11-01 00:00:00,0
1824,10,3,2048-11-01 00:00:00,0
1825,10,3,2049-11-01 00:00:00,0
1826,10,3,2050-11-01 00:00:00,0
1827,10,3,2051-11-01 00:00:00,0
1828,10,3,2052-11-01 00:00:00,0
1829,10,3,2053-11-01 00:00:00,0
1830,10,3,2024-04-01 00:00:00,0
1831,10,3,2025-04-01 00:00:00,0
1832,10,3,2026-04-01 00:00:00,0
1833,10,3,2027-04-01 00:00:00,0
1834,10,3,2028-04-01 00:00:00,0
1835,10,3,2029-04-01 00:00:00,0
1836,10,3,2030-04-01 00:00:00,0
1837,10,3,2031-04-01 00:00:00,0
1838,10,3,2032-04-01 00:00:00,0
1839,10,3,2033-04-01 00:00:00,0
1840,10,3,2034-04-01 00:00:00,0
1841,10,3,2035-04-01 00:00:00,0
1842,10,3,2036-04-01 00:00:00,0
1843,10,3,2037-04-01 00:00:00,0
1844,10,3,2038-04-01 00:00:00,0
1845,10,3,2039-04-01 00:00:00,0
1846,10,3,2040-04-01 00:00:00,0
1847,10,3,2041-04-01 00:00:00,0
1848,10,3,2042-04-01 00:00:00,0
1849,10,3,2043-04-01 00:00:00,0
1850,10,3,2044-04-01 00:00:00,0
1851,10,3,2045-04-01 00:00:00,0
1852,10,3,2046-04-01 00:00:00,0
1853,10,3,2047-04-01 00:00:00,0
1854,10,3,2048-04-01 00:00:00,0
1855,10,3,2049-04-01 00:00:00,0
1856,10,3,2050-04-01 00:00:00,0
1857,10,3,2051-04-01 00:00:00,0
1858,10,3,2052-04-01 00:00:00,0
1859,10,3,2053-04-01 00:00:00,0
1860,10,3,2054-04-01 00:00:00,0
1861,11,1,2023-11-01 00:00:00,0.12156022018653564
1862,11,1,2024-11-01 00:00:00,0.12254147552517339
1863,11,1,2025-11-01 00:00:00,0.12413842048805443
1864,11,1,2026-11-01 00:00:00,0.12019415883274583
1865,11,1,2027-11-01 00:00:00,0.12238755311911256
1866,11,1,2028-11-01 00:00:00,0.1252543579319954
1867,11,1,2029-11-01 00:00:00,0.12858292996306073
1868,11,1,2030-11-01 00:00:00,0.13068012274563945
1869,11,1,2031-11-01 00:00:00,0.1334507260547343
1870,11,1,2032-11-01 00:00:00,0.1353939964312522
1871,11,1,2033-11-01 00:00:00,0.13762587131913412
1872,11,1,2034-11-01 00:00:00,0.13897269237216633
1873,11,1,2035-11-01 00:00:00,0.14014635071838014
1874,11,1,2036-11-01 00:00:00,0.1412238075608059
1875,11,1,2037-11-01 00:00:00,0.14239746590701968
1876,11,1,2038-11-01 00:00:00,0.14366732575702146
1877,11,1,2039-11-01 00:00:00,0.1451680692161145
1878,11,1,2040-11-01 00:00:00,0.14672653357748036
1879,11,1,2041-11-01 00:00:00,0.1476308277130877
1880,11,1,2042-11-01 00:00:00,0.14882372636005906
1881,11,1,2043-11-01 00:00:00,0.14951637718733277
1882,11,1,2044-11-01 00:00:00,0.149843462300212
1883,11,1,2045-11-01 00:00:00,0.15061307433051616
1884,11,1,2046-11-01 00:00:00,0.15080547733809216
1885,11,1,2047-11-01 00:00:00,0.1503821907214249
1886,11,1,2048-11-01 00:00:00,0.14951637718733277
1887,11,1,2049-11-01 00:00:00,0.14924701297672632
1888,11,1,2050-11-01 00:00:00,0.14968953989415118
1889,11,1,2051-11-01 00:00:00,0.15057459372900095
1890,11,1,2052-11-01 00:00:00,0.15178673267672993
1891,11,1,2053-11-01 00:00:00,0.15219077899263958
1892,11,1,2024-04-01 00:00:00,0.12156022018653564
1893,11,1,2025-04-01 00:00:00,0.12377285477365998
1894,11,1,2026-04-01 00:00:00,0.12227211131456694
1895,11,1,2027-04-01 00:00:00,0.12306096364562867
1896,11,1,2028-04-01 00:00:00,0.12673586109033086
1897,11,1,2029-04-01 00:00:00,0.13129581236988275
1898,11,1,2030-04-01 00:00:00,0.13531703522822178
1899,11,1,2031-04-01 00:00:00,0.1393382580865608
1900,11,1,2032-04-01 00:00:00,0.14312859733580857
1901,11,1,2033-04-01 00:00:00,0.14609160365247945
1902,11,1,2034-04-01 00:00:00,0.14849664124717982
1903,11,1,2035-04-01 00:00:00,0.15043991162369771
1904,11,1,2036-04-01 00:00:00,0.15269102681233726
1905,11,1,2037-04-01 00:00:00,0.15501910320400722
1906,11,1,2038-04-01 00:00:00,0.157597303505526
1907,11,1,2039-04-01 00:00:00,0.15963677538583193
1908,11,1,2040-04-01 00:00:00,0.1611952397471978
1909,11,1,2041-04-01 00:00:00,0.16340787433432213
1910,11,1,2042-04-01 00:00:00,0.16610151644038654
1911,11,1,2043-04-01 00:00:00,0.16796782561387402
1912,11,1,2044-04-01 00:00:00,0.1691222436593302
1913,11,1,2045-04-01 00:00:00,0.16975717358433112
1914,11,1,2046-04-01 00:00:00,0.17091159162978728
1915,11,1,2047-04-01 00:00:00,0.1722584126828195
1916,11,1,2048-04-01 00:00:00,0.17343207102903327
1917,11,1,2049-04-01 00:00:00,0.17441332636767104
1918,11,1,2050-04-01 00:00:00,0.1749135741873687
1919,11,1,2051-04-01 00:00:00,0.17408624125479177
1920,11,1,2052-04-01 00:00:00,0.17576014742070323
1921,11,1,2053-04-01 00:00:00,0.17676064306009862
1922,11,1,2054-04-01 00:00:00,0.17716468937600827
1923,11,2,2023-11-01 00:00:00,0.12156022018653564
1924,11,2,2024-11-01 00:00:00,0.12567764454866268
1925,11,2,2025-11-01 00:00:00,0.13079556455018507
1926,11,2,2026-11-01 00:00:00,0.13708714289792123
1927,11,2,2027-11-01 00:00:00,0.1430901167342934
1928,11,2,2028-11-01 00:00:00,0.1504014310221825
1929,11,2,2029-11-01 00:00:00,0.15763578410704124
1930,11,2,2030-11-01 00:00:00,0.16494709839493038
1931,11,2,2031-11-01 00:00:00,0.17318194711918444
1932,11,2,2032-11-01 00:00:00,0.18085882712146803
1933,11,2,2033-11-01 00:00:00,0.18955544306390457
1934,11,2,2034-11-01 00:00:00,0.19719384246467295
1935,11,2,2035-11-01 00:00:00,0.20452439705331968
1936,11,2,2036-11-01 00:00:00,0.21191267254423923
1937,11,2,2037-11-01 00:00:00,0.21903158382455234
1938,11,2,2038-11-01 00:00:00,0.22568872788668298
1939,11,2,2039-11-01 00:00:00,0.23201878683593435
1940,11,2,2040-11-01 00:00:00,0.2387913727026106
1941,11,2,2041-11-01 00:00:00,0.2445442226291339
1942,11,2,2042-11-01 00:00:00,0.25027783225489963
1943,11,2,2043-11-01 00:00:00,0.2559537209783925
1944,11,2,2044-11-01 00:00:00,0.26080227676930845
1945,11,2,2045-11-01 00:00:00,0.26592019677083084
1946,11,2,2046-11-01 00:00:00,0.27007610173447305
1947,11,2,2047-11-01 00:00:00,0.2748861769238738
1948,11,2,2048-11-01 00:00:00,0.27898436098524326
1949,11,2,2049-11-01 00:00:00,0.28300558384358226
1950,11,2,2050-11-01 00:00:00,0.28491037361858496
1951,11,2,2051-11-01 00:00:00,0.28681516339358765
1952,11,2,2052-11-01 00:00:00,0.28885463527389355
1953,11,2,2053-11-01 00:00:00,0.2900667742216225
1954,11,2,2024-04-01 00:00:00,0.12156022018653564
1955,11,2,2025-04-01 00:00:00,0.12625485357139077
1956,11,2,2026-04-01 00:00:00,0.13331604394943108
1957,11,2,2027-04-01 00:00:00,0.14095444335019947
1958,11,2,2028-04-01 00:00:00,0.14982422199945442
1959,11,2,2029-04-01 00:00:00,0.15917500816764948
1960,11,2,2030-04-01 00:00:00,0.1683911122305413
1961,11,2,2031-04-01 00:00:00,0.17783809990252436
1962,11,2,2032-04-01 00:00:00,0.18795849810102352
1963,11,2,2033-04-01 00:00:00,0.19721308276543056
1964,11,2,2034-04-01 00:00:00,0.20640994652756478
1965,11,2,2035-04-01 00:00:00,0.21541440728212297
1966,11,2,2036-04-01 00:00:00,0.22605429360107743
1967,11,2,2037-04-01 00:00:00,0.23584760668669735
1968,11,2,2038-04-01 00:00:00,0.24521763315565
1969,11,2,2039-04-01 00:00:00,0.25326007887232804
1970,11,2,2040-04-01 00:00:00,0.26051367225794436
1971,11,2,2041-04-01 00:00:00,0.26924876880189613
1972,11,2,2042-04-01 00:00:00,0.27827246985721193
1973,11,2,2043-04-01 00:00:00,0.2871230082057093
1974,11,2,2044-04-01 00:00:00,0.29378015226783993
1975,11,2,2045-04-01 00:00:00,0.29926363798375677
1976,11,2,2046-04-01 00:00:00,0.3061131850534634
1977,11,2,2047-04-01 00:00:00,0.31373234415347423
1978,11,2,2048-04-01 00:00:00,0.32096669723833293
1979,11,2,2049-04-01 00:00:00,0.32729675618758436
1980,11,2,2050-04-01 00:00:00,0.3325878388959252
1981,11,2,2051-04-01 00:00:00,0.3312794984444081
1982,11,2,2052-04-01 00:00:00,0.33245315679062193
1983,11,2,2053-04-01 00:00:00,0.33295340461031964
1984,11,2,2054-04-01 00:00:00,0.33279948220425876
1985,11,3,2023-11-01 00:00:00,0.12156022018653564
1986,11,3,2024-11-01 00:00:00,0.13558639943882822
1987,11,3,2025-11-01 00:00:00,0.15219077899263958
1988,11,3,2026-11-01 00:00:00,0.17146956035175778
1989,11,3,2027-11-01 00:00:00,0.19113314772602802
1990,11,3,2028-11-01 00:00:00,0.21193191284499685
1991,11,3,2029-11-01 00:00:00,0.23249979435487445
1992,11,3,2030-11-01 00:00:00,0.25322159827081286
1993,11,3,2031-11-01 00:00:00,0.27575199045796595
1994,11,3,2032-11-01 00:00:00,0.29880187076557435
1995,11,3,2033-11-01 00:00:00,0.3228714870133356
1996,11,3,2034-11-01 00:00:00,0.3441897402527597
1997,11,3,2035-11-01 00:00:00,0.3639110485293028
1998,11,3,2036-11-01 00:00:00,0.3838055195126643
1999,11,3,2037-11-01 00:00:00,0.4052007339551188
2000,11,3,2038-11-01 00:00:00,0.42567241396120836
2001,11,3,2039-11-01 00:00:00,0.4470099075013901
2002,11,3,2040-11-01 00:00:00,0.4684051219438446
2003,11,3,2041-11-01 00:00:00,0.48751074059614435
2004,11,3,2042-11-01 00:00:00,0.5062123129325345
2005,11,3,2043-11-01 00:00:00,0.524509838953015
2006,11,3,2044-11-01 00:00:00,0.5410757379053112
2007,11,3,2045-11-01 00:00:00,0.5559484903909382
2008,11,3,2046-11-01 00:00:00,0.5678774768606519
2009,11,3,2047-11-01 00:00:00,0.576554852502331
2010,11,3,2048-11-01 00:00:00,0.5862327237834053
2011,11,3,2049-11-01 00:00:00,0.5987966401781201
2012,11,3,2050-11-01 00:00:00,0.5978731057417551
2013,11,3,2051-11-01 00:00:00,0.5959683159667524
2014,11,3,2052-11-01 00:00:00,0.5946022546129626
2015,11,3,2053-11-01 00:00:00,0.5960452771697828
2016,11,3,2024-04-01 00:00:00,0.12156022018653564
2017,11,3,2025-04-01 00:00:00,0.13647145327367796
2018,11,3,2026-04-01 00:00:00,0.15503834350476484
2019,11,3,2027-04-01 00:00:00,0.17562546531540002
2020,11,3,2028-04-01 00:00:00,0.19971432186391894
2021,11,3,2029-04-01 00:00:00,0.22540012337531895
2022,11,3,2030-04-01 00:00:00,0.2505087158639908
2023,11,3,2031-04-01 00:00:00,0.27552110684887465
2024,11,3,2032-04-01 00:00:00,0.30184183828527555
2025,11,3,2033-04-01 00:00:00,0.3290476235565262
2026,11,3,2034-04-01 00:00:00,0.3548488668724718
2027,11,3,2035-04-01 00:00:00,0.3792840488346276
2028,11,3,2036-04-01 00:00:00,0.4041809980149658
2029,11,3,2037-04-01 00:00:00,0.4278850485483327
2030,11,3,2038-04-01 00:00:00,0.4533014858491262
2031,11,3,2039-04-01 00:00:00,0.4763513661567346
2032,11,3,2040-04-01 00:00:00,0.497804301501462
2033,11,3,2041-04-01 00:00:00,0.5227397312833154
2034,11,3,2042-04-01 00:00:00,0.5468670684333495
2035,11,3,2043-04-01 00:00:00,0.5694936621242906
2036,11,3,2044-04-01 00:00:00,0.586386646189466
2037,11,3,2045-04-01 00:00:00,0.6023560958182765
2038,11,3,2046-04-01 00:00:00,0.6157473451455682
2039,11,3,2047-04-01 00:00:00,0.6285421451493742
2040,11,3,2048-04-01 00:00:00,0.6383162179342365
2041,11,3,2049-04-01 00:00:00,0.6497641968850103
2042,11,3,2050-04-01 00:00:00,0.6599423159857822
2043,11,3,2051-04-01 00:00:00,0.6524770792918323
2044,11,3,2052-04-01 00:00:00,0.6447809589887912
2045,11,3,2053-04-01 00:00:00,0.6410868212433314
2046,11,3,2054-04-01 00:00:00,0.6386240627463582
2047,12,1,2023-11-01 00:00:00,0
2048,12,1,2024-11-01 00:00:00,0
2049,12,1,2025-11-01 00:00:00,0
2050,12,1,2026-11-01 00:00:00,0
2051,12,1,2027-11-01 00:00:00,0
2052,12,1,2028-11-01 00:00:00,0
2053,12,1,2029-11-01 00:00:00,0
2054,12,1,2030-11-01 00:00:00,0
2055,12,1,2031-11-01 00:00:00,0
2056,12,1,2032-11-01 00:00:00,0
2057,12,1,2033-11-01 00:00:00,0
2058,12,1,2034-11-01 00:00:00,0
2059,12,1,2035-11-01 00:00:00,0
2060,12,1,2036-11-01 00:00:00,0
2061,12,1,2037-11-01 00:00:00,0
2062,12,1,2038-11-01 00:00:00,0
2063,12,1,2039-11-01 00:00:00,0
2064,12,1,2040-11-01 00:00:00,0
2065,12,1,2041-11-01 00:00:00,0
2066,12,1,2042-11-01 00:00:00,0
2067,12,1,2043-11-01 00:00:00,0
2068,12,1,2044-11-01 00:00:00,0
2069,12,1,2045-11-01 00:00:00,0
2070,12,1,2046-11-01 00:00:00,0
2071,12,1,2047-11-01 00:00:00,0
2072,12,1,2048-11-01 00:00:00,0
2073,12,1,2049-11-01 00:00:00,0
2074,12,1,2050-11-01 00:00:00,0
2075,12,1,2051-11-01 00:00:00,0
2076,12,1,2052-11-01 00:00:00,0
2077,12,1,2053-11-01 00:00:00,0
2078,12,1,2024-04-01 00:00:00,0
2079,12,1,2025-04-01 00:00:00,0
2080,12,1,2026-04-01 00:00:00,0
2081,12,1,2027-04-01 00:00:00,0
2082,12,1,2028-04-01 00:00:00,0
2083,12,1,2029-04-01 00:00:00,0
2084,12,1,2030-04-01 00:00:00,0
2085,12,1,2031-04-01 00:00:00,0
2086,12,1,2032-04-01 00:00:00,0
2087,12,1,2033-04-01 00:00:00,0
2088,12,1,2034-04-01 00:00:00,0
2089,12,1,2035-04-01 00:00:00,0
2090,12,1,2036-04-01 00:00:00,0
2091,12,1,2037-04-01 00:00:00,0
2092,12,1,2038-04-01 00:00:00,0
2093,12,1,2039-04-01 00:00:00,0
2094,12,1,2040-04-01 00:00:00,0
2095,12,1,2041-04-01 00:00:00,0
2096,12,1,2042-04-01 00:00:00,0
2097,12,1,2043-04-01 00:00:00,0
2098,12,1,2044-04-01 00:00:00,0
2099,12,1,2045-04-01 00:00:00,0
2100,12,1,2046-04-01 00:00:00,0
2101,12,1,2047-04-01 00:00:00,0
2102,12,1,2048-04-01 00:00:00,0
2103,12,1,2049-04-01 00:00:00,0
2104,12,1,2050-04-01 00:00:00,0
2105,12,1,2051-04-01 00:00:00,0
2106,12,1,2052-04-01 00:00:00,0
2107,12,1,2053-04-01 00:00:00,0
2108,12,1,2054-04-01 00:00:00,0
2109,12,2,2023-11-01 00:00:00,0
2110,12,2,2024-11-01 00:00:00,0
2111,12,2,2025-11-01 00:00:00,0
2112,12,2,2026-11-01 00:00:00,0
2113,12,2,2027-11-01 00:00:00,0
2114,12,2,2028-11-01 00:00:00,0
2115,12,2,2029-11-01 00:00:00,0
2116,12,2,2030-11-01 00:00:00,0
2117,12,2,2031-11-01 00:00:00,0
2118,12,2,2032-11-01 00:00:00,0
2119,12,2,2033-11-01 00:00:00,0
2120,12,2,2034-11-01 00:00:00,0
2121,12,2,2035-11-01 00:00:00,0
2122,12,2,2036-11-01 00:00:00,0
2123,12,2,2037-11-01 00:00:00,0
2124,12,2,2038-11-01 00:00:00,0
2125,12,2,2039-11-01 00:00:00,0
2126,12,2,2040-11-01 00:00:00,0
2127,12,2,2041-11-01 00:00:00,0
2128,12,2,2042-11-01 00:00:00,0
2129,12,2,2043-11-01 00:00:00,0
2130,12,2,2044-11-01 00:00:00,0
2131,12,2,2045-11-01 00:00:00,0
2132,12,2,2046-11-01 00:00:00,0
2133,12,2,2047-11-01 00:00:00,0
2134,12,2,2048-11-01 00:00:00,0
2135,12,2,2049-11-01 00:00:00,0
2136,12,2,2050-11-01 00:00:00,0
2137,12,2,2051-11-01 00:00:00,0
2138,12,2,2052-11-01 00:00:00,0
2139,12,2,2053-11-01 00:00:00,0
2140,12,2,2024-04-01 00:00:00,0
2141,12,2,2025-04-01 00:00:00,0
2142,12,2,2026-04-01 00:00:00,0
2143,12,2,2027-04-01 00:00:00,0
2144,12,2,2028-04-01 00:00:00,0
2145,12,2,2029-04-01 00:00:00,0
2146,12,2,2030-04-01 00:00:00,0
2147,12,2,2031-04-01 00:00:00,0
2148,12,2,2032-04-01 00:00:00,0
2149,12,2,2033-04-01 00:00:00,0
2150,12,2,2034-04-01 00:00:00,0
2151,12,2,2035-04-01 00:00:00,0
2152,12,2,2036-04-01 00:00:00,0
2153,12,2,2037-04-01 00:00:00,0
2154,12,2,2038-04-01 00:00:00,0
2155,12,2,2039-04-01 00:00:00,0
2156,12,2,2040-04-01 00:00:00,0
2157,12,2,2041-04-01 00:00:00,0
2158,12,2,2042-04-01 00:00:00,0
2159,12,2,2043-04-01 00:00:00,0
2160,12,2,2044-04-01 00:00:00,0
2161,12,2,2045-04-01 00:00:00,0
2162,12,2,2046-04-01 00:00:00,0
2163,12,2,2047-04-01 00:00:00,0
2164,12,2,2048-04-01 00:00:00,0
2165,12,2,2049-04-01 00:00:00,0
2166,12,2,2050-04-01 00:00:00,0
2167,12,2,2051-04-01 00:00:00,0
2168,12,2,2052-04-01 00:00:00,0
2169,12,2,2053-04-01 00:00:00,0
2170,12,2,2054-04-01 00:00:00,0
2171,12,3,2023-11-01 00:00:00,0
2172,12,3,2024-11-01 00:00:00,0
2173,12,3,2025-11-01 00:00:00,0
2174,12,3,2026-11-01 00:00:00,0
2175,12,3,2027-11-01 00:00:00,0
2176,12,3,2028-11-01 00:00:00,0
2177,12,3,2029-11-01 00:00:00,0
2178,12,3,2030-11-01 00:00:00,0
2179,12,3,2031-11-01 00:00:00,0
2180,12,3,2032-11-01 00:00:00,0
2181,12,3,2033-11-01 00:00:00,0
2182,12,3,2034-11-01 00:00:00,0
2183,12,3,2035-11-01 00:00:00,0
2184,12,3,2036-11-01 00:00:00,0
2185,12,3,2037-11-01 00:00:00,0
2186,12,3,2038-11-01 00:00:00,0
2187,12,3,2039-11-01 00:00:00,0
2188,12,3,2040-11-01 00:00:00,0
2189,12,3,2041-11-01 00:00:00,0
2190,12,3,2042-11-01 00:00:00,0
2191,12,3,2043-11-01 00:00:00,0
2192,12,3,2044-11-01 00:00:00,0
2193,12,3,2045-11-01 00:00:00,0
2194,12,3,2046-11-01 00:00:00,0
2195,12,3,2047-11-01 00:00:00,0
2196,12,3,2048-11-01 00:00:00,0
2197,12,3,2049-11-01 00:00:00,0
2198,12,3,2050-11-01 00:00:00,0
2199,12,3,2051-11-01 00:00:00,0
2200,12,3,2052-11-01 00:00:00,0
2201,12,3,2053-11-01 00:00:00,0
2202,12,3,2024-04-01 00:00:00,0
2203,12,3,2025-04-01 00:00:00,0
2204,12,3,2026-04-01 00:00:00,0
2205,12,3,2027-04-01 00:00:00,0
2206,12,3,2028-04-01 00:00:00,0
2207,12,3,2029-04-01 00:00:00,0
2208,12,3,2030-04-01 00:00:00,0
2209,12,3,2031-04-01 00:00:00,0
2210,12,3,2032-04-01 00:00:00,0
2211,12,3,2033-04-01 00:00:00,0
2212,12,3,2034-04-01 00:00:00,0
2213,12,3,2035-04-01 00:00:00,0
2214,12,3,2036-04-01 00:00:00,0
2215,12,3,2037-04-01 00:00:00,0
2216,12,3,2038-04-01 00:00:00,0
2217,12,3,2039-04-01 00:00:00,0
2218,12,3,2040-04-01 00:00:00,0
2219,12,3,2041-04-01 00:00:00,0
2220,12,3,2042-04-01 00:00:00,0
2221,12,3,2043-04-01 00:00:00,0
2222,12,3,2044-04-01 00:00:00,0
2223,12,3,2045-04-01 00:00:00,0
2224,12,3,2046-04-01 00:00:00,0
2225,12,3,2047-04-01 00:00:00,0
2226,12,3,2048-04-01 00:00:00,0
2227,12,3,2049-04-01 00:00:00,0
2228,12,3,2050-04-01 00:00:00,0
2229,12,3,2051-04-01 00:00:00,0
2230,12,3,2052-04-01 00:00:00,0
2231,12,3,2053-04-01 00:00:00,0
2232,12,3,2054-04-01 00:00:00,0
2233,13,1,2023-11-01 00:00:00,0
2234,13,1,2024-11-01 00:00:00,0
2235,13,1,2025-11-01 00:00:00,0
2236,13,1,2026-11-01 00:00:00,0
2237,13,1,2027-11-01 00:00:00,0
2238,13,1,2028-11-01 00:00:00,0
2239,13,1,2029-11-01 00:00:00,0
2240,13,1,2030-11-01 00:00:00,0
2241,13,1,2031-11-01 00:00:00,0
2242,13,1,2032-11-01 00:00:00,0
2243,13,1,2033-11-01 00:00:00,0
2244,13,1,2034-11-01 00:00:00,0
2245,13,1,2035-11-01 00:00:00,0
2246,13,1,2036-11-01 00:00:00,0
2247,13,1,2037-11-01 00:00:00,0
2248,13,1,2038-11-01 00:00:00,0
2249,13,1,2039-11-01 00:00:00,0
2250,13,1,2040-11-01 00:00:00,0
2251,13,1,2041-11-01 00:00:00,0
2252,13,1,2042-11-01 00:00:00,0
2253,13,1,2043-11-01 00:00:00,0
2254,13,1,2044-11-01 00:00:00,0
2255,13,1,2045-11-01 00:00:00,0
2256,13,1,2046-11-01 00:00:00,0
2257,13,1,2047-11-01 00:00:00,0
2258,13,1,2048-11-01 00:00:00,0
2259,13,1,2049-11-01 00:00:00,0
2260,13,1,2050-11-01 00:00:00,0
2261,13,1,2051-11-01 00:00:00,0
2262,13,1,2052-11-01 00:00:00,0
2263,13,1,2053-11-01 00:00:00,0
2264,13,1,2024-04-01 00:00:00,0
2265,13,1,2025-04-01 00:00:00,0
2266,13,1,2026-04-01 00:00:00,0
2267,13,1,2027-04-01 00:00:00,0
2268,13,1,2028-04-01 00:00:00,0
2269,13,1,2029-04-01 00:00:00,0
2270,13,1,2030-04-01 00:00:00,0
2271,13,1,2031-04-01 00:00:00,0
2272,13,1,2032-04-01 00:00:00,0
2273,13,1,2033-04-01 00:00:00,0
2274,13,1,2034-04-01 00:00:00,0
2275,13,1,2035-04-01 00:00:00,0
2276,13,1,2036-04-01 00:00:00,0
2277,13,1,2037-04-01 00:00:00,0
2278,13,1,2038-04-01 00:00:00,0
2279,13,1,2039-04-01 00:00:00,0
2280,13,1,2040-04-01 00:00:00,0
2281,13,1,2041-04-01 00:00:00,0
2282,13,1,2042-04-01 00:00:00,0
2283,13,1,2043-04-01 00:00:00,0
2284,13,1,2044-04-01 00:00:00,0
2285,13,1,2045-04-01 00:00:00,0
2286,13,1,2046-04-01 00:00:00,0
2287,13,1,2047-04-01 00:00:00,0
2288,13,1,2048-04-01 00:00:00,0
2289,13,1,2049-04-01 00:00:00,0
2290,13,1,2050-04-01 00:00:00,0
2291,13,1,2051-04-01 00:00:00,0
2292,13,1,2052-04-01 00:00:00,0
2293,13,1,2053-04-01 00:00:00,0
2294,13,1,2054-04-01 00:00:00,0
2295,13,2,2023-11-01 00:00:00,0
2296,13,2,2024-11-01 00:00:00,0
2297,13,2,2025-11-01 00:00:00,0
2298,13,2,2026-11-01 00:00:00,0
2299,13,2,2027-11-01 00:00:00,0
2300,13,2,2028-11-01 00:00:00,0
2301,13,2,2029-11-01 00:00:00,0
2302,13,2,2030-11-01 00:00:00,0
2303,13,2,2031-11-01 00:00:00,0
2304,13,2,2032-11-01 00:00:00,0
2305,13,2,2033-11-01 00:00:00,0
2306,13,2,2034-11-01 00:00:00,0
2307,13,2,2035-11-01 00:00:00,0
2308,13,2,2036-11-01 00:00:00,0
2309,13,2,2037-11-01 00:00:00,0
2310,13,2,2038-11-01 00:00:00,0
2311,13,2,2039-11-01 00:00:00,0
2312,13,2,2040-11-01 00:00:00,0
2313,13,2,2041-11-01 00:00:00,0
2314,13,2,2042-11-01 00:00:00,0
2315,13,2,2043-11-01 00:00:00,0
2316,13,2,2044-11-01 00:00:00,0
2317,13,2,2045-11-01 00:00:00,0
2318,13,2,2046-11-01 00:00:00,0
2319,13,2,2047-11-01 00:00:00,0
2320,13,2,2048-11-01 00:00:00,0
2321,13,2,2049-11-01 00:00:00,0
2322,13,2,2050-11-01 00:00:00,0
2323,13,2,2051-11-01 00:00:00,0
2324,13,2,2052-11-01 00:00:00,0
2325,13,2,2053-11-01 00:00:00,0
2326,13,2,2024-04-01 00:00:00,0
2327,13,2,2025-04-01 00:00:00,0
2328,13,2,2026-04-01 00:00:00,0
2329,13,2,2027-04-01 00:00:00,0
2330,13,2,2028-04-01 00:00:00,0
2331,13,2,2029-04-01 00:00:00,0
2332,13,2,2030-04-01 00:00:00,0
2333,13,2,2031-04-01 00:00:00,0
2334,13,2,2032-04-01 00:00:00,0
2335,13,2,2033-04-01 00:00:00,0
2336,13,2,2034-04-01 00:00:00,0
2337,13,2,2035-04-01 00:00:00,0
2338,13,2,2036-04-01 00:00:00,0
2339,13,2,2037-04-01 00:00:00,0
2340,13,2,2038-04-01 00:00:00,0
2341,13,2,2039-04-01 00:00:00,0
2342,13,2,2040-04-01 00:00:00,0
2343,13,2,2041-04-01 00:00:00,0
2344,13,2,2042-04-01 00:00:00,0
2345,13,2,2043-04-01 00:00:00,0
2346,13,2,2044-04-01 00:00:00,0
2347,13,2,2045-04-01 00:00:00,0
2348,13,2,2046-04-01 00:00:00,0
2349,13,2,2047-04-01 00:00:00,0
2350,13,2,2048-04-01 00:00:00,0
2351,13,2,2049-04-01 00:00:00,0
2352,13,2,2050-04-01 00:00:00,0
2353,13,2,2051-04-01 00:00:00,0
2354,13,2,2052-04-01 00:00:00,0
2355,13,2,2053-04-01 00:00:00,0
2356,13,2,2054-04-01 00:00:00,0
2357,13,3,2023-11-01 00:00:00,0
2358,13,3,2024-11-01 00:00:00,0
2359,13,3,2025-11-01 00:00:00,0
2360,13,3,2026-11-01 00:00:00,0
2361,13,3,2027-11-01 00:00:00,0
2362,13,3,2028-11-01 00:00:00,0
2363,13,3,2029-11-01 00:00:00,0
2364,13,3,2030-11-01 00:00:00,0
2365,13,3,2031-11-01 00:00:00,0
2366,13,3,2032-11-01 00:00:00,0
2367,13,3,2033-11-01 00:00:00,0
2368,13,3,2034-11-01 00:00:00,0
2369,13,3,2035-11-01 00:00:00,0
2370,13,3,2036-11-01 00:00:00,0
2371,13,3,2037-11-01 00:00:00,0
2372,13,3,2038-11-01 00:00:00,0
2373,13,3,2039-11-01 00:00:00,0
2374,13,3,2040-11-01 00:00:00,0
2375,13,3,2041-11-01 00:00:00,0
2376,13,3,2042-11-01 00:00:00,0
2377,13,3,2043-11-01 00:00:00,0
2378,13,3,2044-11-01 00:00:00,0
2379,13,3,2045-11-01 00:00:00,0
2380,13,3,2046-11-01 00:00:00,0
2381,13,3,2047-11-01 00:00:00,0
2382,13,3,2048-11-01 00:00:00,0
2383,13,3,2049-11-01 00:00:00,0
2384,13,3,2050-11-01 00:00:00,0
2385,13,3,2051-11-01 00:00:00,0
2386,13,3,2052-11-01 00:00:00,0
2387,13,3,2053-11-01 00:00:00,0
2388,13,3,2024-04-01 00:00:00,0
2389,13,3,2025-04-01 00:00:00,0
2390,13,3,2026-04-01 00:00:00,0
2391,13,3,2027-04-01 00:00:00,0
2392,13,3,2028-04-01 00:00:00,0
2393,13,3,2029-04-01 00:00:00,0
2394,13,3,2030-04-01 00:00:00,0
2395,13,3,2031-04-01 00:00:00,0
2396,13,3,2032-04-01 00:00:00,0
2397,13,3,2033-04-01 00:00:00,0
2398,13,3,2034-04-01 00:00:00,0
2399,13,3,2035-04-01 00:00:00,0
2400,13,3,2036-04-01 00:00:00,0
2401,13,3,2037-04-01 00:00:00,0
2402,13,3,2038-04-01 00:00:00,0
2403,13,3,2039-04-01 00:00:00,0
2404,13,3,2040-04-01 00:00:00,0
2405,13,3,2041-04-01 00:00:00,0
2406,13,3,2042-04-01 00:00:00,0
2407,13,3,2043-04-01 00:00:00,0
2408,13,3,2044-04-01 00:00:00,0
2409,13,3,2045-04-01 00:00:00,0
2410,13,3,2046-04-01 00:00:00,0
2411,13,3,2047-04-01 00:00:00,0
2412,13,3,2048-04-01 00:00:00,0
2413,13,3,2049-04-01 00:00:00,0
2414,13,3,2050-04-01 00:00:00,0
2415,13,3,2051-04-01 00:00:00,0
2416,13,3,2052-04-01 00:00:00,0
2417,13,3,2053-04-01 00:00:00,0
2418,13,3,2054-04-01 00:00:00,0
2419,14,1,2023-11-01 00:00:00,0
2420,14,1,2024-11-01 00:00:00,0
2421,14,1,2025-11-01 00:00:00,0
2422,14,1,2026-11-01 00:00:00,0
2423,14,1,2027-11-01 00:00:00,0
2424,14,1,2028-11-01 00:00:00,0
2425,14,1,2029-11-01 00:00:00,0
2426,14,1,2030-11-01 00:00:00,0
2427,14,1,2031-11-01 00:00:00,0
2428,14,1,2032-11-01 00:00:00,0
2429,14,1,2033-11-01 00:00:00,0
2430,14,1,2034-11-01 00:00:00,0
2431,14,1,2035-11-01 00:00:00,0
2432,14,1,2036-11-01 00:00:00,0
2433,14,1,2037-11-01 00:00:00,0
2434,14,1,2038-11-01 00:00:00,0
2435,14,1,2039-11-01 00:00:00,0
2436,14,1,2040-11-01 00:00:00,0
2437,14,1,2041-11-01 00:00:00,0
2438,14,1,2042-11-01 00:00:00,0
2439,14,1,2043-11-01 00:00:00,0
2440,14,1,2044-11-01 00:00:00,0
2441,14,1,2045-11-01 00:00:00,0
2442,14,1,2046-11-01 00:00:00,0
2443,14,1,2047-11-01 00:00:00,0
2444,14,1,2048-11-01 00:00:00,0
2445,14,1,2049-11-01 00:00:00,0
2446,14,1,2050-11-01 00:00:00,0
2447,14,1,2051-11-01 00:00:00,0
2448,14,1,2052-11-01 00:00:00,0
2449,14,1,2053-11-01 00:00:00,0
2450,14,1,2024-04-01 00:00:00,0
2451,14,1,2025-04-01 00:00:00,0
2452,14,1,2026-04-01 00:00:00,0
2453,14,1,2027-04-01 00:00:00,0
2454,14,1,2028-04-01 00:00:00,0
2455,14,1,2029-04-01 00:00:00,0
2456,14,1,2030-04-01 00:00:00,0
2457,14,1,2031-04-01 00:00:00,0
2458,14,1,2032-04-01 00:00:00,0
2459,14,1,2033-04-01 00:00:00,0
2460,14,1,2034-04-01 00:00:00,0
2461,14,1,2035-04-01 00:00:00,0
2462,14,1,2036-04-01 00:00:00,0
2463,14,1,2037-04-01 00:00:00,0
2464,14,1,2038-04-01 00:00:00,0
2465,14,1,2039-04-01 00:00:00,0
2466,14,1,2040-04-01 00:00:00,0
2467,14,1,2041-04-01 00:00:00,0
2468,14,1,2042-04-01 00:00:00,0
2469,14,1,2043-04-01 00:00:00,0
2470,14,1,2044-04-01 00:00:00,0
2471,14,1,2045-04-01 00:00:00,0
2472,14,1,2046-04-01 00:00:00,0
2473,14,1,2047-04-01 00:00:00,0
2474,14,1,2048-04-01 00:00:00,0
2475,14,1,2049-04-01 00:00:00,0
2476,14,1,2050-04-01 00:00:00,0
2477,14,1,2051-04-01 00:00:00,0
2478,14,1,2052-04-01 00:00:00,0
2479,14,1,2053-04-01 00:00:00,0
2480,14,1,2054-04-01 00:00:00,0
2481,14,2,2023-11-01 00:00:00,0
2482,14,2,2024-11-01 00:00:00,0
2483,14,2,2025-11-01 00:00:00,0
2484,14,2,2026-11-01 00:00:00,0
2485,14,2,2027-11-01 00:00:00,0
2486,14,2,2028-11-01 00:00:00,0
2487,14,2,2029-11-01 00:00:00,0
2488,14,2,2030-11-01 00:00:00,0
2489,14,2,2031-11-01 00:00:00,0
2490,14,2,2032-11-01 00:00:00,0
2491,14,2,2033-11-01 00:00:00,0
2492,14,2,2034-11-01 00:00:00,0
2493,14,2,2035-11-01 00:00:00,0
2494,14,2,2036-11-01 00:00:00,0
2495,14,2,2037-11-01 00:00:00,0
2496,14,2,2038-11-01 00:00:00,0
2497,14,2,2039-11-01 00:00:00,0
2498,14,2,2040-11-01 00:00:00,0
2499,14,2,2041-11-01 00:00:00,0
2500,14,2,2042-11-01 00:00:00,0
2501,14,2,2043-11-01 00:00:00,0
2502,14,2,2044-11-01 00:00:00,0
2503,14,2,2045-11-01 00:00:00,0
2504,14,2,2046-11-01 00:00:00,0
2505,14,2,2047-11-01 00:00:00,0
2506,14,2,2048-11-01 00:00:00,0
2507,14,2,2049-11-01 00:00:00,0
2508,14,2,2050-11-01 00:00:00,0
2509,14,2,2051-11-01 00:00:00,0
2510,14,2,2052-11-01 00:00:00,0
2511,14,2,2053-11-01 00:00:00,0
2512,14,2,2024-04-01 00:00:00,0
2513,14,2,2025-04-01 00:00:00,0
2514,14,2,2026-04-01 00:00:00,0
2515,14,2,2027-04-01 00:00:00,0
2516,14,2,2028-04-01 00:00:00,0
2517,14,2,2029-04-01 00:00:00,0
2518,14,2,2030-04-01 00:00:00,0
2519,14,2,2031-04-01 00:00:00,0
2520,14,2,2032-04-01 00:00:00,0
2521,14,2,2033-04-01 00:00:00,0
2522,14,2,2034-04-01 00:00:00,0
2523,14,2,2035-04-01 00:00:00,0
2524,14,2,2036-04-01 00:00:00,0
2525,14,2,2037-04-01 00:00:00,0
2526,14,2,2038-04-01 00:00:00,0
2527,14,2,2039-04-01 00:00:00,0
2528,14,2,2040-04-01 00:00:00,0
2529,14,2,2041-04-01 00:00:00,0
2530,14,2,2042-04-01 00:00:00,0
2531,14,2,2043-04-01 00:00:00,0
2532,14,2,2044-04-01 00:00:00,0
2533,14,2,2045-04-01 00:00:00,0
2534,14,2,2046-04-01 00:00:00,0
2535,14,2,2047-04-01 00:00:00,0
2536,14,2,2048-04-01 00:00:00,0
2537,14,2,2049-04-01 00:00:00,0
2538,14,2,2050-04-01 00:00:00,0
2539,14,2,2051-04-01 00:00:00,0
2540,14,2,2052-04-01 00:00:00,0
2541,14,2,2053-04-01 00:00:00,0
2542,14,2,2054-04-01 00:00:00,0
2543,14,3,2023-11-01 00:00:00,0
2544,14,3,2024-11-01 00:00:00,0
2545,14,3,2025-11-01 00:00:00,0
2546,14,3,2026-11-01 00:00:00,0
2547,14,3,2027-11-01 00:00:00,0
2548,14,3,2028-11-01 00:00:00,0
2549,14,3,2029-11-01 00:00:00,0
2550,14,3,2030-11-01 00:00:00,0
2551,14,3,2031-11-01 00:00:00,0
2552,14,3,2032-11-01 00:00:00,0
2553,14,3,2033-11-01 00:00:00,0
2554,14,3,2034-11-01 00:00:00,0
2555,14,3,2035-11-01 00:00:00,0
2556,14,3,2036-11-01 00:00:00,0
2557,14,3,2037-11-01 00:00:00,0
2558,14,3,2038-11-01 00:00:00,0
2559,14,3,2039-11-01 00:00:00,0
2560,14,3,2040-11-01 00:00:00,0
2561,14,3,2041-11-01 00:00:00,0
2562,14,3,2042-11-01 00:00:00,0
2563,14,3,2043-11-01 00:00:00,0
2564,14,3,2044-11-01 00:00:00,0
2565,14,3,2045-11-01 00:00:00,0
2566,14,3,2046-11-01 00:00:00,0
2567,14,3,2047-11-01 00:00:00,0
2568,14,3,2048-11-01 00:00:00,0
2569,14,3,2049-11-01 00:00:00,0
2570,14,3,2050-11-01 00:00:00,0
2571,14,3,2051-11-01 00:00:00,0
2572,14,3,2052-11-01 00:00:00,0
2573,14,3,2053-11-01 00:00:00,0
2574,14,3,2024-04-01 00:00:00,0
2575,14,3,2025-04-01 00:00:00,0
2576,14,3,2026-04-01 00:00:00,0
2577,14,3,2027-04-01 00:00:00,0
2578,14,3,2028-04-01 00:00:00,0
2579,14,3,2029-04-01 00:00:00,0
2580,14,3,2030-04-01 00:00:00,0
2581,14,3,2031-04-01 00:00:00,0
2582,14,3,2032-04-01 00:00:00,0
2583,14,3,2033-04-01 00:00:00,0
2584,14,3,2034-04-01 00:00:00,0
2585,14,3,2035-04-01 00:00:00,0
2586,14,3,2036-04-01 00:00:00,0
2587,14,3,2037-04-01 00:00:00,0
2588,14,3,2038-04-01 00:00:00,0
2589,14,3,2039-04-01 00:00:00,0
2590,14,3,2040-04-01 00:00:00,0
2591,14,3,2041-04-01 00:00:00,0
2592,14,3,2042-04-01 00:00:00,0
2593,14,3,2043-04-01 00:00:00,0
2594,14,3,2044-04-01 00:00:00,0
2595,14,3,2045-04-01 00:00:00,0
2596,14,3,2046-04-01 00:00:00,0
2597,14,3,2047-04-01 00:00:00,0
2598,14,3,2048-04-01 00:00:00,0
2599,14,3,2049-04-01 00:00:00,0
2600,14,3,2050-04-01 00:00:00,0
2601,14,3,2051-04-01 00:00:00,0
2602,14,3,2052-04-01 00:00:00,0
2603,14,3,2053-04-01 00:00:00,0
2604,14,3,2054-04-01 00:00:00,0
2605,15,1,2023-11-01 00:00:00,0.08736974140655786
2606,15,1,2024-11-01 00:00:00,0.08807500522607899
2607,15,1,2025-11-01 00:00:00,0.08922278752059375
2608,15,1,2026-11-01 00:00:00,0.0863879035401657
2609,15,1,2027-11-01 00:00:00,0.08796437560733057
2610,15,1,2028-11-01 00:00:00,0.09002485225651972
2611,15,1,2029-11-01 00:00:00,0.09241721776195413
2612,15,1,2030-11-01 00:00:00,0.09392454631740124
2613,15,1,2031-11-01 00:00:00,0.09591587945487264
2614,15,1,2032-11-01 00:00:00,0.09731257839157134
2615,15,1,2033-11-01 00:00:00,0.0989167078634233
2616,15,1,2034-11-01 00:00:00,0.0998847170274719
2617,15,1,2035-11-01 00:00:00,0.10072826787042855
2618,15,1,2036-11-01 00:00:00,0.10150267520166742
2619,15,1,2037-11-01 00:00:00,0.10234622604462405
2620,15,1,2038-11-01 00:00:00,0.10325892039929845
2621,15,1,2039-11-01 00:00:00,0.10433755918209546
2622,15,1,2040-11-01 00:00:00,0.10545768407192313
2623,15,1,2041-11-01 00:00:00,0.10610763308207004
2624,15,1,2042-11-01 00:00:00,0.10696501262737021
2625,15,1,2043-11-01 00:00:00,0.10746284591173806
2626,15,1,2044-11-01 00:00:00,0.10769793385157844
2627,15,1,2045-11-01 00:00:00,0.1082510819453205
2628,15,1,2046-11-01 00:00:00,0.10838936896875602
2629,15,1,2047-11-01 00:00:00,0.10808513751719788
2630,15,1,2048-11-01 00:00:00,0.10746284591173806
2631,15,1,2049-11-01 00:00:00,0.10726924407892835
2632,15,1,2050-11-01 00:00:00,0.10758730423283003
2633,15,1,2051-11-01 00:00:00,0.10822342454063341
2634,15,1,2052-11-01 00:00:00,0.10909463278827715
2635,15,1,2053-11-01 00:00:00,0.10938503553749171
2636,15,1,2024-04-01 00:00:00,0.08736974140655786
2637,15,1,2025-04-01 00:00:00,0.08896004217606628
2638,15,1,2026-04-01 00:00:00,0.08788140339326926
2639,15,1,2027-04-01 00:00:00,0.08844838018935487
2640,15,1,2028-04-01 00:00:00,0.0910896623369732
2641,15,1,2029-04-01 00:00:00,0.09436706479239487
2642,15,1,2030-04-01 00:00:00,0.09725726358219712
2643,15,1,2031-04-01 00:00:00,0.10014746237199938
2644,15,1,2032-04-01 00:00:00,0.10287171673367901
2645,15,1,2033-04-01 00:00:00,0.10500133689458593
2646,15,1,2034-04-01 00:00:00,0.10672992468752986
2647,15,1,2035-04-01 00:00:00,0.10812662362422854
2648,15,1,2036-04-01 00:00:00,0.10974458179842406
2649,15,1,2037-04-01 00:00:00,0.11141785478199377
2650,15,1,2038-04-01 00:00:00,0.11327090089602966
2651,15,1,2039-04-01 00:00:00,0.11473674334444611
2652,15,1,2040-04-01 00:00:00,0.11585686823427378
2653,15,1,2041-04-01 00:00:00,0.11744716900378221
2654,15,1,2042-04-01 00:00:00,0.1193831873318794
2655,15,1,2043-04-01 00:00:00,0.12072457145920389
2656,15,1,2044-04-01 00:00:00,0.12155429359981698
2657,15,1,2045-04-01 00:00:00,0.12201064077715418
2658,15,1,2046-04-01 00:00:00,0.12284036291776725
2659,15,1,2047-04-01 00:00:00,0.12380837208181586
2660,15,1,2048-04-01 00:00:00,0.12465192292477249
2661,15,1,2049-04-01 00:00:00,0.1253571867442936
2662,15,1,2050-04-01 00:00:00,0.12571673300522596
2663,15,1,2051-04-01 00:00:00,0.12512209880445324
2664,15,1,2052-04-01 00:00:00,0.1263251959083422
2665,15,1,2053-04-01 00:00:00,0.1270442884302069
2666,15,1,2054-04-01 00:00:00,0.12733469117942145
2667,15,2,2023-11-01 00:00:00,0.08736974140655786
2668,15,2,2024-11-01 00:00:00,0.09032908370807785
2669,15,2,2025-11-01 00:00:00,0.09400751853146255
2670,15,2,2026-11-01 00:00:00,0.09852950419780386
2671,15,2,2027-11-01 00:00:00,0.1028440593289919
2672,15,2,2028-11-01 00:00:00,0.10809896621954145
2673,15,2,2029-11-01 00:00:00,0.11329855830071678
2674,15,2,2030-11-01 00:00:00,0.11855346519126632
2675,15,2,2031-11-01 00:00:00,0.12447214979430633
2676,15,2,2032-11-01 00:00:00,0.12998980202938334
2677,15,2,2033-11-01 00:00:00,0.13624037548866857
2678,15,2,2034-11-01 00:00:00,0.1417303703190585
2679,15,2,2035-11-01 00:00:00,0.1469991059119516
2680,15,2,2036-11-01 00:00:00,0.15230932761187532
2681,15,2,2037-11-01 00:00:00,0.15742594747898936
2682,15,2,2038-11-01 00:00:00,0.16221067848985812
2683,15,2,2039-11-01 00:00:00,0.16676032156088655
2684,15,2,2040-11-01 00:00:00,0.17162802478581665
2685,15,2,2041-11-01 00:00:00,0.17576280678653852
2686,15,2,2042-11-01 00:00:00,0.17988376008491688
2687,15,2,2043-11-01 00:00:00,0.18396322727626452
2688,15,2,2044-11-01 00:00:00,0.1874480602668395
2689,15,2,2045-11-01 00:00:00,0.19112649509022417
2690,15,2,2046-11-01 00:00:00,0.19411349479643128
2691,15,2,2047-11-01 00:00:00,0.19757067038231912
2692,15,2,2048-11-01 00:00:00,0.20051618398149557
2693,15,2,2049-11-01 00:00:00,0.20340638277129783
2694,15,2,2050-11-01 00:00:00,0.20477542430330942
2695,15,2,2051-11-01 00:00:00,0.20614446583532098
2696,15,2,2052-11-01 00:00:00,0.20761030828373744
2697,15,2,2053-11-01 00:00:00,0.20848151653138117
2698,15,2,2024-04-01 00:00:00,0.08736974140655786
2699,15,2,2025-04-01 00:00:00,0.09074394477838442
2700,15,2,2026-04-01 00:00:00,0.09581907853846779
2701,15,2,2027-04-01 00:00:00,0.1013090733688577
2702,15,2,2028-04-01 00:00:00,0.1076841051492349
2703,15,2,2029-04-01 00:00:00,0.1144048544882009
2704,15,2,2030-04-01 00:00:00,0.12102880291076201
2705,15,2,2031-04-01 00:00:00,0.12781869576144578
2706,15,2,2032-04-01 00:00:00,0.13509259319415381
2707,15,2,2033-04-01 00:00:00,0.14174419902140203
2708,15,2,2034-04-01 00:00:00,0.1483543187416196
2709,15,2,2035-04-01 00:00:00,0.15482615143840167
2710,15,2,2036-04-01 00:00:00,0.16247342383438562
2711,15,2,2037-04-01 00:00:00,0.1695122333272533
2712,15,2,2038-04-01 00:00:00,0.17624681136856282
2713,15,2,2039-04-01 00:00:00,0.18202720894816732
2714,15,2,2040-04-01 00:00:00,0.1872406297316862
2715,15,2,2041-04-01 00:00:00,0.19351886059565854
2716,15,2,2042-04-01 00:00:00,0.20000452199478416
2717,15,2,2043-04-01 00:00:00,0.2063657250728178
2718,15,2,2044-04-01 00:00:00,0.2111504560836866
2719,15,2,2045-04-01 00:00:00,0.21509163625159874
2720,15,2,2046-04-01 00:00:00,0.22001465428590306
2721,15,2,2047-04-01 00:00:00,0.22549082041394944
2722,15,2,2048-04-01 00:00:00,0.23069041249512476
2723,15,2,2049-04-01 00:00:00,0.2352400555661532
2724,15,2,2050-04-01 00:00:00,0.23904294871062984
2725,15,2,2051-04-01 00:00:00,0.23810259695126834
2726,15,2,2052-04-01 00:00:00,0.23894614779422496
2727,15,2,2053-04-01 00:00:00,0.2393056940551573
2728,15,2,2054-04-01 00:00:00,0.2391950644364089
2729,15,3,2023-11-01 00:00:00,0.08736974140655786
2730,15,3,2024-11-01 00:00:00,0.09745086541500685
2731,15,3,2025-11-01 00:00:00,0.10938503553749171
2732,15,3,2026-11-01 00:00:00,0.12324139528573025
2733,15,3,2027-11-01 00:00:00,0.1373743290808398
2734,15,3,2028-11-01 00:00:00,0.1523231563142189
2735,15,3,2029-11-01 00:00:00,0.16710603911947536
2736,15,3,2030-11-01 00:00:00,0.18199955154348024
2737,15,3,2031-11-01 00:00:00,0.19819296198777892
2738,15,3,2032-11-01 00:00:00,0.21475974739535356
2739,15,3,2033-11-01 00:00:00,0.23205945402713635
2740,15,3,2034-11-01 00:00:00,0.2473816562237913
2741,15,3,2035-11-01 00:00:00,0.2615560761259315
2742,15,3,2036-11-01 00:00:00,0.2758549543491637
2743,15,3,2037-11-01 00:00:00,0.29123247135519287
2744,15,3,2038-11-01 00:00:00,0.3059462106487316
2745,15,3,2039-11-01 00:00:00,0.3212822415477301
2746,15,3,2040-11-01 00:00:00,0.3366597585537593
2747,15,3,2041-11-01 00:00:00,0.3503916599809058
2748,15,3,2042-11-01 00:00:00,0.36383315865883786
2749,15,3,2043-11-01 00:00:00,0.37698425458755525
2750,15,3,2044-11-01 00:00:00,0.38889076730535305
2751,15,3,2045-11-01 00:00:00,0.39958035421691823
2752,15,3,2046-11-01 00:00:00,0.4081541496699201
2753,15,3,2047-11-01 00:00:00,0.41439089442686183
2754,15,3,2048-11-01 00:00:00,0.42134673170566816
2755,15,3,2049-11-01 00:00:00,0.4303768743360073
2756,15,3,2050-11-01 00:00:00,0.4297130966235168
2757,15,3,2051-11-01 00:00:00,0.4283440550915052
2758,15,3,2052-11-01 00:00:00,0.4273622172251131
2759,15,3,2053-11-01 00:00:00,0.4283993699008794
2760,15,3,2024-04-01 00:00:00,0.08736974140655786
2761,15,3,2025-04-01 00:00:00,0.09808698572281022
2762,15,3,2026-04-01 00:00:00,0.11143168348433732
2763,15,3,2027-04-01 00:00:00,0.12622839499193736
2764,15,3,2028-04-01 00:00:00,0.14354193032606372
2765,15,3,2029-04-01 00:00:00,0.1620032479547049
2766,15,3,2030-04-01 00:00:00,0.18004970451303945
2767,15,3,2031-04-01 00:00:00,0.1980270175596563
2768,15,3,2032-04-01 00:00:00,0.21694468236563466
2769,15,3,2033-04-01 00:00:00,0.23649846747941639
2770,15,3,2034-04-01 00:00:00,0.25504275732211884
2771,15,3,2035-04-01 00:00:00,0.27260520929842913
2772,15,3,2036-04-01 00:00:00,0.29049955013098466
2773,15,3,2037-04-01 00:00:00,0.30753651141823996
2774,15,3,2038-04-01 00:00:00,0.32580422721407143
2775,15,3,2039-04-01 00:00:00,0.34237101262164604
2776,15,3,2040-04-01 00:00:00,0.35779001573470587
2777,15,3,2041-04-01 00:00:00,0.3757120139719485
2778,15,3,2042-04-01 00:00:00,0.393053206710762
2779,15,3,2043-04-01 00:00:00,0.40931576066677844
2780,15,3,2044-04-01 00:00:00,0.4214573613244166
2781,15,3,2045-04-01 00:00:00,0.43293518426956423
2782,15,3,2046-04-01 00:00:00,0.442559961100676
2783,15,3,2047-04-01 00:00:00,0.4517560481591378
2784,15,3,2048-04-01 00:00:00,0.45878102894966183
2785,15,3,2049-04-01 00:00:00,0.46700910684407493
2786,15,3,2050-04-01 00:00:00,0.47432449038381364
2787,15,3,2051-04-01 00:00:00,0.4689589538745157
2788,15,3,2052-04-01 00:00:00,0.46342747293709513
2789,15,3,2053-04-01 00:00:00,0.46077236208713324
2790,15,3,2054-04-01 00:00:00,0.4590022881871587
2791,16,1,2023-11-01 00:00:00,0
2792,16,1,2024-11-01 00:00:00,0
2793,16,1,2025-11-01 00:00:00,0
2794,16,1,2026-11-01 00:00:00,0
2795,16,1,2027-11-01 00:00:00,0
2796,16,1,2028-11-01 00:00:00,0
2797,16,1,2029-11-01 00:00:00,0
2798,16,1,2030-11-01 00:00:00,0
2799,16,1,2031-11-01 00:00:00,0
2800,16,1,2032-11-01 00:00:00,0
2801,16,1,2033-11-01 00:00:00,0
2802,16,1,2034-11-01 00:00:00,0
2803,16,1,2035-11-01 00:00:00,0
2804,16,1,2036-11-01 00:00:00,0
2805,16,1,2037-11-01 00:00:00,0
2806,16,1,2038-11-01 00:00:00,0
2807,16,1,2039-11-01 00:00:00,0
2808,16,1,2040-11-01 00:00:00,0
2809,16,1,2041-11-01 00:00:00,0
2810,16,1,2042-11-01 00:00:00,0
2811,16,1,2043-11-01 00:00:00,0
2812,16,1,2044-11-01 00:00:00,0
2813,16,1,2045-11-01 00:00:00,0
2814,16,1,2046-11-01 00:00:00,0
2815,16,1,2047-11-01 00:00:00,0
2816,16,1,2048-11-01 00:00:00,0
2817,16,1,2049-11-01 00:00:00,0
2818,16,1,2050-11-01 00:00:00,0
2819,16,1,2051-11-01 00:00:00,0
2820,16,1,2052-11-01 00:00:00,0
2821,16,1,2053-11-01 00:00:00,0
2822,16,1,2024-04-01 00:00:00,0
2823,16,1,2025-04-01 00:00:00,0
2824,16,1,2026-04-01 00:00:00,0
2825,16,1,2027-04-01 00:00:00,0
2826,16,1,2028-04-01 00:00:00,0
2827,16,1,2029-04-01 00:00:00,0
2828,16,1,2030-04-01 00:00:00,0
2829,16,1,2031-04-01 00:00:00,0
2830,16,1,2032-04-01 00:00:00,0
2831,16,1,2033-04-01 00:00:00,0
2832,16,1,2034-04-01 00:00:00,0
2833,16,1,2035-04-01 00:00:00,0
2834,16,1,2036-04-01 00:00:00,0
2835,16,1,2037-04-01 00:00:00,0
2836,16,1,2038-04-01 00:00:00,0
2837,16,1,2039-04-01 00:00:00,0
2838,16,1,2040-04-01 00:00:00,0
2839,16,1,2041-04-01 00:00:00,0
2840,16,1,2042-04-01 00:00:00,0
2841,16,1,2043-04-01 00:00:00,0
2842,16,1,2044-04-01 00:00:00,0
2843,16,1,2045-04-01 00:00:00,0
2844,16,1,2046-04-01 00:00:00,0
2845,16,1,2047-04-01 00:00:00,0
2846,16,1,2048-04-01 00:00:00,0
2847,16,1,2049-04-01 00:00:00,0
2848,16,1,2050-04-01 00:00:00,0
2849,16,1,2051-04-01 00:00:00,0
2850,16,1,2052-04-01 00:00:00,0
2851,16,1,2053-04-01 00:00:00,0
2852,16,1,2054-04-01 00:00:00,0
2853,16,2,2023-11-01 00:00:00,0
2854,16,2,2024-11-01 00:00:00,0
2855,16,2,2025-11-01 00:00:00,0
2856,16,2,2026-11-01 00:00:00,0
2857,16,2,2027-11-01 00:00:00,0
2858,16,2,2028-11-01 00:00:00,0
2859,16,2,2029-11-01 00:00:00,0
2860,16,2,2030-11-01 00:00:00,0
2861,16,2,2031-11-01 00:00:00,0
2862,16,2,2032-11-01 00:00:00,0
2863,16,2,2033-11-01 00:00:00,0
2864,16,2,2034-11-01 00:00:00,0
2865,16,2,2035-11-01 00:00:00,0
2866,16,2,2036-11-01 00:00:00,0
2867,16,2,2037-11-01 00:00:00,0
2868,16,2,2038-11-01 00:00:00,0
2869,16,2,2039-11-01 00:00:00,0
2870,16,2,2040-11-01 00:00:00,0
2871,16,2,2041-11-01 00:00:00,0
2872,16,2,2042-11-01 00:00:00,0
2873,16,2,2043-11-01 00:00:00,0
2874,16,2,2044-11-01 00:00:00,0
2875,16,2,2045-11-01 00:00:00,0
2876,16,2,2046-11-01 00:00:00,0
2877,16,2,2047-11-01 00:00:00,0
2878,16,2,2048-11-01 00:00:00,0
2879,16,2,2049-11-01 00:00:00,0
2880,16,2,2050-11-01 00:00:00,0
2881,16,2,2051-11-01 00:00:00,0
2882,16,2,2052-11-01 00:00:00,0
2883,16,2,2053-11-01 00:00:00,0
2884,16,2,2024-04-01 00:00:00,0
2885,16,2,2025-04-01 00:00:00,0
2886,16,2,2026-04-01 00:00:00,0
2887,16,2,2027-04-01 00:00:00,0
2888,16,2,2028-04-01 00:00:00,0
2889,16,2,2029-04-01 00:00:00,0
2890,16,2,2030-04-01 00:00:00,0
2891,16,2,2031-04-01 00:00:00,0
2892,16,2,2032-04-01 00:00:00,0
2893,16,2,2033-04-01 00:00:00,0
2894,16,2,2034-04-01 00:00:00,0
2895,16,2,2035-04-01 00:00:00,0
2896,16,2,2036-04-01 00:00:00,0
2897,16,2,2037-04-01 00:00:00,0
2898,16,2,2038-04-01 00:00:00,0
2899,16,2,2039-04-01 00:00:00,0
2900,16,2,2040-04-01 00:00:00,0
2901,16,2,2041-04-01 00:00:00,0
2902,16,2,2042-04-01 00:00:00,0
2903,16,2,2043-04-01 00:00:00,0
2904,16,2,2044-04-01 00:00:00,0
2905,16,2,2045-04-01 00:00:00,0
2906,16,2,2046-04-01 00:00:00,0
2907,16,2,2047-04-01 00:00:00,0
2908,16,2,2048-04-01 00:00:00,0
2909,16,2,2049-04-01 00:00:00,0
2910,16,2,2050-04-01 00:00:00,0
2911,16,2,2051-04-01 00:00:00,0
2912,16,2,2052-04-01 00:00:00,0
2913,16,2,2053-04-01 00:00:00,0
2914,16,2,2054-04-01 00:00:00,0
2915,16,3,2023-11-01 00:00:00,0
2916,16,3,2024-11-01 00:00:00,0
2917,16,3,2025-11-01 00:00:00,0
2918,16,3,2026-11-01 00:00:00,0
2919,16,3,2027-11-01 00:00:00,0
2920,16,3,2028-11-01 00:00:00,0
2921,16,3,2029-11-01 00:00:00,0
2922,16,3,2030-11-01 00:00:00,0
2923,16,3,2031-11-01 00:00:00,0
2924,16,3,2032-11-01 00:00:00,0
2925,16,3,2033-11-01 00:00:00,0
2926,16,3,2034-11-01 00:00:00,0
2927,16,3,2035-11-01 00:00:00,0
2928,16,3,2036-11-01 00:00:00,0
2929,16,3,2037-11-01 00:00:00,0
2930,16,3,2038-11-01 00:00:00,0
2931,16,3,2039-11-01 00:00:00,0
2932,16,3,2040-11-01 00:00:00,0
2933,16,3,2041-11-01 00:00:00,0
2934,16,3,2042-11-01 00:00:00,0
2935,16,3,2043-11-01 00:00:00,0
2936,16,3,2044-11-01 00:00:00,0
2937,16,3,2045-11-01 00:00:00,0
2938,16,3,2046-11-01 00:00:00,0
2939,16,3,2047-11-01 00:00:00,0
2940,16,3,2048-11-01 00:00:00,0
2941,16,3,2049-11-01 00:00:00,0
2942,16,3,2050-11-01 00:00:00,0
2943,16,3,2051-11-01 00:00:00,0
2944,16,3,2052-11-01 00:00:00,0
2945,16,3,2053-11-01 00:00:00,0
2946,16,3,2024-04-01 00:00:00,0
2947,16,3,2025-04-01 00:00:00,0
2948,16,3,2026-04-01 00:00:00,0
2949,16,3,2027-04-01 00:00:00,0
2950,16,3,2028-04-01 00:00:00,0
2951,16,3,2029-04-01 00:00:00,0
2952,16,3,2030-04-01 00:00:00,0
2953,16,3,2031-04-01 00:00:00,0
2954,16,3,2032-04-01 00:00:00,0
2955,16,3,2033-04-01 00:00:00,0
2956,16,3,2034-04-01 00:00:00,0
2957,16,3,2035-04-01 00:00:00,0
2958,16,3,2036-04-01 00:00:00,0
2959,16,3,2037-04-01 00:00:00,0
2960,16,3,2038-04-01 00:00:00,0
2961,16,3,2039-04-01 00:00:00,0
2962,16,3,2040-04-01 00:00:00,0
2963,16,3,2041-04-01 00:00:00,0
2964,16,3,2042-04-01 00:00:00,0
2965,16,3,2043-04-01 00:00:00,0
2966,16,3,2044-04-01 00:00:00,0
2967,16,3,2045-04-01 00:00:00,0
2968,16,3,2046-04-01 00:00:00,0
2969,16,3,2047-04-01 00:00:00,0
2970,16,3,2048-04-01 00:00:00,0
2971,16,3,2049-04-01 00:00:00,0
2972,16,3,2050-04-01 00:00:00,0
2973,16,3,2051-04-01 00:00:00,0
2974,16,3,2052-04-01 00:00:00,0
2975,16,3,2053-04-01 00:00:00,0
2976,16,3,2054-04-01 00:00:00,0
2977,17,1,2023-11-01 00:00:00,0
2978,17,1,2024-11-01 00:00:00,0
2979,17,1,2025-11-01 00:00:00,0
2980,17,1,2026-11-01 00:00:00,0
2981,17,1,2027-11-01 00:00:00,0
2982,17,1,2028-11-01 00:00:00,0
2983,17,1,2029-11-01 00:00:00,0
2984,17,1,2030-11-01 00:00:00,0
2985,17,1,2031-11-01 00:00:00,0
2986,17,1,2032-11-01 00:00:00,0
2987,17,1,2033-11-01 00:00:00,0
2988,17,1,2034-11-01 00:00:00,0
2989,17,1,2035-11-01 00:00:00,0
2990,17,1,2036-11-01 00:00:00,0
2991,17,1,2037-11-01 00:00:00,0
2992,17,1,2038-11-01 00:00:00,0
2993,17,1,2039-11-01 00:00:00,0
2994,17,1,2040-11-01 00:00:00,0
2995,17,1,2041-11-01 00:00:00,0
2996,17,1,2042-11-01 00:00:00,0
2997,17,1,2043-11-01 00:00:00,0
2998,17,1,2044-11-01 00:00:00,0
2999,17,1,2045-11-01 00:00:00,0
3000,17,1,2046-11-01 00:00:00,0
3001,17,1,2047-11-01 00:00:00,0
3002,17,1,2048-11-01 00:00:00,0
3003,17,1,2049-11-01 00:00:00,0
3004,17,1,2050-11-01 00:00:00,0
3005,17,1,2051-11-01 00:00:00,0
3006,17,1,2052-11-01 00:00:00,0
3007,17,1,2053-11-01 00:00:00,0
3008,17,1,2024-04-01 00:00:00,0
3009,17,1,2025-04-01 00:00:00,0
3010,17,1,2026-04-01 00:00:00,0
3011,17,1,2027-04-01 00:00:00,0
3012,17,1,2028-04-01 00:00:00,0
3013,17,1,2029-04-01 00:00:00,0
3014,17,1,2030-04-01 00:00:00,0
3015,17,1,2031-04-01 00:00:00,0
3016,17,1,2032-04-01 00:00:00,0
3017,17,1,2033-04-01 00:00:00,0
3018,17,1,2034-04-01 00:00:00,0
3019,17,1,2035-04-01 00:00:00,0
3020,17,1,2036-04-01 00:00:00,0
3021,17,1,2037-04-01 00:00:00,0
3022,17,1,2038-04-01 00:00:00,0
3023,17,1,2039-04-01 00:00:00,0
3024,17,1,2040-04-01 00:00:00,0
3025,17,1,2041-04-01 00:00:00,0
3026,17,1,2042-04-01 00:00:00,0
3027,17,1,2043-04-01 00:00:00,0
3028,17,1,2044-04-01 00:00:00,0
3029,17,1,2045-04-01 00:00:00,0
3030,17,1,2046-04-01 00:00:00,0
3031,17,1,2047-04-01 00:00:00,0
3032,17,1,2048-04-01 00:00:00,0
3033,17,1,2049-04-01 00:00:00,0
3034,17,1,2050-04-01 00:00:00,0
3035,17,1,2051-04-01 00:00:00,0
3036,17,1,2052-04-01 00:00:00,0
3037,17,1,2053-04-01 00:00:00,0
3038,17,1,2054-04-01 00:00:00,0
3039,17,2,2023-11-01 00:00:00,0
3040,17,2,2024-11-01 00:00:00,0
3041,17,2,2025-11-01 00:00:00,0
3042,17,2,2026-11-01 00:00:00,0
3043,17,2,2027-11-01 00:00:00,0
3044,17,2,2028-11-01 00:00:00,0
3045,17,2,2029-11-01 00:00:00,0
3046,17,2,2030-11-01 00:00:00,0
3047,17,2,2031-11-01 00:00:00,0
3048,17,2,2032-11-01 00:00:00,0
3049,17,2,2033-11-01 00:00:00,0
3050,17,2,2034-11-01 00:00:00,0
3051,17,2,2035-11-01 00:00:00,0
3052,17,2,2036-11-01 00:00:00,0
3053,17,2,2037-11-01 00:00:00,0
3054,17,2,2038-11-01 00:00:00,0
3055,17,2,2039-11-01 00:00:00,0
3056,17,2,2040-11-01 00:00:00,0
3057,17,2,2041-11-01 00:00:00,0
3058,17,2,2042-11-01 00:00:00,0
3059,17,2,2043-11-01 00:00:00,0
3060,17,2,2044-11-01 00:00:00,0
3061,17,2,2045-11-01 00:00:00,0
3062,17,2,2046-11-01 00:00:00,0
3063,17,2,2047-11-01 00:00:00,0
3064,17,2,2048-11-01 00:00:00,0
3065,17,2,2049-11-01 00:00:00,0
3066,17,2,2050-11-01 00:00:00,0
3067,17,2,2051-11-01 00:00:00,0
3068,17,2,2052-11-01 00:00:00,0
3069,17,2,2053-11-01 00:00:00,0
3070,17,2,2024-04-01 00:00:00,0
3071,17,2,2025-04-01 00:00:00,0
3072,17,2,2026-04-01 00:00:00,0
3073,17,2,2027-04-01 00:00:00,0
3074,17,2,2028-04-01 00:00:00,0
3075,17,2,2029-04-01 00:00:00,0
3076,17,2,2030-04-01 00:00:00,0
3077,17,2,2031-04-01 00:00:00,0
3078,17,2,2032-04-01 00:00:00,0
3079,17,2,2033-04-01 00:00:00,0
3080,17,2,2034-04-01 00:00:00,0
3081,17,2,2035-04-01 00:00:00,0
3082,17,2,2036-04-01 00:00:00,0
3083,17,2,2037-04-01 00:00:00,0
3084,17,2,2038-04-01 00:00:00,0
3085,17,2,2039-04-01 00:00:00,0
3086,17,2,2040-04-01 00:00:00,0
3087,17,2,2041-04-01 00:00:00,0
3088,17,2,2042-04-01 00:00:00,0
3089,17,2,2043-04-01 00:00:00,0
3090,17,2,2044-04-01 00:00:00,0
3091,17,2,2045-04-01 00:00:00,0
3092,17,2,2046-04-01 00:00:00,0
3093,17,2,2047-04-01 00:00:00,0
3094,17,2,2048-04-01 00:00:00,0
3095,17,2,2049-04-01 00:00:00,0
3096,17,2,2050-04-01 00:00:00,0
3097,17,2,2051-04-01 00:00:00,0
3098,17,2,2052-04-01 00:00:00,0
3099,17,2,2053-04-01 00:00:00,0
3100,17,2,2054-04-01 00:00:00,0
3101,17,3,2023-11-01 00:00:00,0
3102,17,3,2024-11-01 00:00:00,0
3103,17,3,2025-11-01 00:00:00,0
3104,17,3,2026-11-01 00:00:00,0
3105,17,3,2027-11-01 00:00:00,0
3106,17,3,2028-11-01 00:00:00,0
3107,17,3,2029-11-01 00:00:00,0
3108,17,3,2030-11-01 00:00:00,0
3109,17,3,2031-11-01 00:00:00,0
3110,17,3,2032-11-01 00:00:00,0
3111,17,3,2033-11-01 00:00:00,0
3112,17,3,2034-11-01 00:00:00,0
3113,17,3,2035-11-01 00:00:00,0
3114,17,3,2036-11-01 00:00:00,0
3115,17,3,2037-11-01 00:00:00,0
3116,17,3,2038-11-01 00:00:00,0
3117,17,3,2039-11-01 00:00:00,0
3118,17,3,2040-11-01 00:00:00,0
3119,17,3,2041-11-01 00:00:00,0
3120,17,3,2042-11-01 00:00:00,0
3121,17,3,2043-11-01 00:00:00,0
3122,17,3,2044-11-01 00:00:00,0
3123,17,3,2045-11-01 00:00:00,0
3124,17,3,2046-11-01 00:00:00,0
3125,17,3,2047-11-01 00:00:00,0
3126,17,3,2048-11-01 00:00:00,0
3127,17,3,2049-11-01 00:00:00,0
3128,17,3,2050-11-01 00:00:00,0
3129,17,3,2051-11-01 00:00:00,0
3130,17,3,2052-11-01 00:00:00,0
3131,17,3,2053-11-01 00:00:00,0
3132,17,3,2024-04-01 00:00:00,0
3133,17,3,2025-04-01 00:00:00,0
3134,17,3,2026-04-01 00:00:00,0
3135,17,3,2027-04-01 00:00:00,0
3136,17,3,2028-04-01 00:00:00,0
3137,17,3,2029-04-01 00:00:00,0
3138,17,3,2030-04-01 00:00:00,0
3139,17,3,2031-04-01 00:00:00,0
3140,17,3,2032-04-01 00:00:00,0
3141,17,3,2033-04-01 00:00:00,0
3142,17,3,2034-04-01 00:00:00,0
3143,17,3,2035-04-01 00:00:00,0
3144,17,3,2036-04-01 00:00:00,0
3145,17,3,2037-04-01 00:00:00,0
3146,17,3,2038-04-01 00:00:00,0
3147,17,3,2039-04-01 00:00:00,0
3148,17,3,2040-04-01 00:00:00,0
3149,17,3,2041-04-01 00:00:00,0
3150,17,3,2042-04-01 00:00:00,0
3151,17,3,2043-04-01 00:00:00,0
3152,17,3,2044-04-01 00:00:00,0
3153,17,3,2045-04-01 00:00:00,0
3154,17,3,2046-04-01 00:00:00,0
3155,17,3,2047-04-01 00:00:00,0
3156,17,3,2048-04-01 00:00:00,0
3157,17,3,2049-04-01 00:00:00,0
3158,17,3,2050-04-01 00:00:00,0
3159,17,3,2051-04-01 00:00:00,0
3160,17,3,2052-04-01 00:00:00,0
3161,17,3,2053-04-01 00:00:00,0
3162,17,3,2054-04-01 00:00:00,0
3163,18,1,2023-11-01 00:00:00,0
3164,18,1,2024-11-01 00:00:00,0
3165,18,1,2025-11-01 00:00:00,0
3166,18,1,2026-11-01 00:00:00,0
3167,18,1,2027-11-01 00:00:00,0
3168,18,1,2028-11-01 00:00:00,0
3169,18,1,2029-11-01 00:00:00,0
3170,18,1,2030-11-01 00:00:00,0
3171,18,1,2031-11-01 00:00:00,0
3172,18,1,2032-11-01 00:00:00,0
3173,18,1,2033-11-01 00:00:00,0
3174,18,1,2034-11-01 00:00:00,0
3175,18,1,2035-11-01 00:00:00,0
3176,18,1,2036-11-01 00:00:00,0
3177,18,1,2037-11-01 00:00:00,0
3178,18,1,2038-11-01 00:00:00,0
3179,18,1,2039-11-01 00:00:00,0
3180,18,1,2040-11-01 00:00:00,0
3181,18,1,2041-11-01 00:00:00,0
3182,18,1,2042-11-01 00:00:00,0
3183,18,1,2043-11-01 00:00:00,0
3184,18,1,2044-11-01 00:00:00,0
3185,18,1,2045-11-01 00:00:00,0
3186,18,1,2046-11-01 00:00:00,0
3187,18,1,2047-11-01 00:00:00,0
3188,18,1,2048-11-01 00:00:00,0
3189,18,1,2049-11-01 00:00:00,0
3190,18,1,2050-11-01 00:00:00,0
3191,18,1,2051-11-01 00:00:00,0
3192,18,1,2052-11-01 00:00:00,0
3193,18,1,2053-11-01 00:00:00,0
3194,18,1,2024-04-01 00:00:00,0
3195,18,1,2025-04-01 00:00:00,0
3196,18,1,2026-04-01 00:00:00,0
3197,18,1,2027-04-01 00:00:00,0
3198,18,1,2028-04-01 00:00:00,0
3199,18,1,2029-04-01 00:00:00,0
3200,18,1,2030-04-01 00:00:00,0
3201,18,1,2031-04-01 00:00:00,0
3202,18,1,2032-04-01 00:00:00,0
3203,18,1,2033-04-01 00:00:00,0
3204,18,1,2034-04-01 00:00:00,0
3205,18,1,2035-04-01 00:00:00,0
3206,18,1,2036-04-01 00:00:00,0
3207,18,1,2037-04-01 00:00:00,0
3208,18,1,2038-04-01 00:00:00,0
3209,18,1,2039-04-01 00:00:00,0
3210,18,1,2040-04-01 00:00:00,0
3211,18,1,2041-04-01 00:00:00,0
3212,18,1,2042-04-01 00:00:00,0
3213,18,1,2043-04-01 00:00:00,0
3214,18,1,2044-04-01 00:00:00,0
3215,18,1,2045-04-01 00:00:00,0
3216,18,1,2046-04-01 00:00:00,0
3217,18,1,2047-04-01 00:00:00,0
3218,18,1,2048-04-01 00:00:00,0
3219,18,1,2049-04-01 00:00:00,0
3220,18,1,2050-04-01 00:00:00,0
3221,18,1,2051-04-01 00:00:00,0
3222,18,1,2052-04-01 00:00:00,0
3223,18,1,2053-04-01 00:00:00,0
3224,18,1,2054-04-01 00:00:00,0
3225,18,2,2023-11-01 00:00:00,0
3226,18,2,2024-11-01 00:00:00,0
3227,18,2,2025-11-01 00:00:00,0
3228,18,2,2026-11-01 00:00:00,0
3229,18,2,2027-11-01 00:00:00,0
3230,18,2,2028-11-01 00:00:00,0
3231,18,2,2029-11-01 00:00:00,0
3232,18,2,2030-11-01 00:00:00,0
3233,18,2,2031-11-01 00:00:00,0
3234,18,2,2032-11-01 00:00:00,0
3235,18,2,2033-11-01 00:00:00,0
3236,18,2,2034-11-01 00:00:00,0
3237,18,2,2035-11-01 00:00:00,0
3238,18,2,2036-11-01 00:00:00,0
3239,18,2,2037-11-01 00:00:00,0
3240,18,2,2038-11-01 00:00:00,0
3241,18,2,2039-11-01 00:00:00,0
3242,18,2,2040-11-01 00:00:00,0
3243,18,2,2041-11-01 00:00:00,0
3244,18,2,2042-11-01 00:00:00,0
3245,18,2,2043-11-01 00:00:00,0
3246,18,2,2044-11-01 00:00:00,0
3247,18,2,2045-11-01 00:00:00,0
3248,18,2,2046-11-01 00:00:00,0
3249,18,2,2047-11-01 00:00:00,0
3250,18,2,2048-11-01 00:00:00,0
3251,18,2,2049-11-01 00:00:00,0
3252,18,2,2050-11-01 00:00:00,0
3253,18,2,2051-11-01 00:00:00,0
3254,18,2,2052-11-01 00:00:00,0
3255,18,2,2053-11-01 00:00:00,0
3256,18,2,2024-04-01 00:00:00,0
3257,18,2,2025-04-01 00:00:00,0
3258,18,2,2026-04-01 00:00:00,0
3259,18,2,2027-04-01 00:00:00,0
3260,18,2,2028-04-01 00:00:00,0
3261,18,2,2029-04-01 00:00:00,0
3262,18,2,2030-04-01 00:00:00,0
3263,18,2,2031-04-01 00:00:00,0
3264,18,2,2032-04-01 00:00:00,0
3265,18,2,2033-04-01 00:00:00,0
3266,18,2,2034-04-01 00:00:00,0
3267,18,2,2035-04-01 00:00:00,0
3268,18,2,2036-04-01 00:00:00,0
3269,18,2,2037-04-01 00:00:00,0
3270,18,2,2038-04-01 00:00:00,0
3271,18,2,2039-04-01 00:00:00,0
3272,18,2,2040-04-01 00:00:00,0
3273,18,2,2041-04-01 00:00:00,0
3274,18,2,2042-04-01 00:00:00,0
3275,18,2,2043-04-01 00:00:00,0
3276,18,2,2044-04-01 00:00:00,0
3277,18,2,2045-04-01 00:00:00,0
3278,18,2,2046-04-01 00:00:00,0
3279,18,2,2047-04-01 00:00:00,0
3280,18,2,2048-04-01 00:00:00,0
3281,18,2,2049-04-01 00:00:00,0
3282,18,2,2050-04-01 00:00:00,0
3283,18,2,2051-04-01 00:00:00,0
3284,18,2,2052-04-01 00:00:00,0
3285,18,2,2053-04-01 00:00:00,0
3286,18,2,2054-04-01 00:00:00,0
3287,18,3,2023-11-01 00:00:00,0
3288,18,3,2024-11-01 00:00:00,0
3289,18,3,2025-11-01 00:00:00,0
3290,18,3,2026-11-01 00:00:00,0
3291,18,3,2027-11-01 00:00:00,0
3292,18,3,2028-11-01 00:00:00,0
3293,18,3,2029-11-01 00:00:00,0
3294,18,3,2030-11-01 00:00:00,0
3295,18,3,2031-11-01 00:00:00,0
3296,18,3,2032-11-01 00:00:00,0
3297,18,3,2033-11-01 00:00:00,0
3298,18,3,2034-11-01 00:00:00,0
3299,18,3,2035-11-01 00:00:00,0
3300,18,3,2036-11-01 00:00:00,0
3301,18,3,2037-11-01 00:00:00,0
3302,18,3,2038-11-01 00:00:00,0
3303,18,3,2039-11-01 00:00:00,0
3304,18,3,2040-11-01 00:00:00,0
3305,18,3,2041-11-01 00:00:00,0
3306,18,3,2042-11-01 00:00:00,0
3307,18,3,2043-11-01 00:00:00,0
3308,18,3,2044-11-01 00:00:00,0
3309,18,3,2045-11-01 00:00:00,0
3310,18,3,2046-11-01 00:00:00,0
3311,18,3,2047-11-01 00:00:00,0
3312,18,3,2048-11-01 00:00:00,0
3313,18,3,2049-11-01 00:00:00,0
3314,18,3,2050-11-01 00:00:00,0
3315,18,3,2051-11-01 00:00:00,0
3316,18,3,2052-11-01 00:00:00,0
3317,18,3,2053-11-01 00:00:00,0
3318,18,3,2024-04-01 00:00:00,0
3319,18,3,2025-04-01 00:00:00,0
3320,18,3,2026-04-01 00:00:00,0
3321,18,3,2027-04-01 00:00:00,0
3322,18,3,2028-04-01 00:00:00,0
3323,18,3,2029-04-01 00:00:00,0
3324,18,3,2030-04-01 00:00:00,0
3325,18,3,2031-04-01 00:00:00,0
3326,18,3,2032-04-01 00:00:00,0
3327,18,3,2033-04-01 00:00:00,0
3328,18,3,2034-04-01 00:00:00,0
3329,18,3,2035-04-01 00:00:00,0
3330,18,3,2036-04-01 00:00:00,0
3331,18,3,2037-04-01 00:00:00,0
3332,18,3,2038-04-01 00:00:00,0
3333,18,3,2039-04-01 00:00:00,0
3334,18,3,2040-04-01 00:00:00,0
3335,18,3,2041-04-01 00:00:00,0
3336,18,3,2042-04-01 00:00:00,0
3337,18,3,2043-04-01 00:00:00,0
3338,18,3,2044-04-01 00:00:00,0
3339,18,3,2045-04-01 00:00:00,0
3340,18,3,2046-04-01 00:00:00,0
3341,18,3,2047-04-01 00:00:00,0
3342,18,3,2048-04-01 00:00:00,0
3343,18,3,2049-04-01 00:00:00,0
3344,18,3,2050-04-01 00:00:00,0
3345,18,3,2051-04-01 00:00:00,0
3346,18,3,2052-04-01 00:00:00,0
3347,18,3,2053-04-01 00:00:00,0
3348,18,3,2054-04-01 00:00:00,0
3349,19,1,2023-11-01 00:00:00,0.19842212334090067
3350,19,1,2024-11-01 00:00:00,0.20002382139256036
3351,19,1,2025-11-01 00:00:00,0.20263050645702613
3352,19,1,2026-11-01 00:00:00,0.1961923084062372
3353,19,1,2027-11-01 00:00:00,0.19977257463935885
3354,19,1,2028-11-01 00:00:00,0.20445204541773715
3355,19,1,2029-11-01 00:00:00,0.20988525645572004
3356,19,1,2030-11-01 00:00:00,0.21330849346809075
3357,19,1,2031-11-01 00:00:00,0.21783093502571813
3358,19,1,2032-11-01 00:00:00,0.22100292528488732
3359,19,1,2033-11-01 00:00:00,0.22464600320630937
3360,19,1,2034-11-01 00:00:00,0.22684441229682267
3361,19,1,2035-11-01 00:00:00,0.22876016878998426
3362,19,1,2036-11-01 00:00:00,0.23051889606239492
3363,19,1,2037-11-01 00:00:00,0.2324346525555565
3364,19,1,2038-11-01 00:00:00,0.23450743826946904
3365,19,1,2039-11-01 00:00:00,0.23695709411318386
3366,19,1,2040-11-01 00:00:00,0.23950096748934926
3367,19,1,2041-11-01 00:00:00,0.24097704216440818
3368,19,1,2042-11-01 00:00:00,0.24292420450171995
3369,19,1,2043-11-01 00:00:00,0.2440548148911268
3370,19,1,2044-11-01 00:00:00,0.24458871424168002
3371,19,1,2045-11-01 00:00:00,0.24584494800768764
3372,19,1,2046-11-01 00:00:00,0.24615900644918953
3373,19,1,2047-11-01 00:00:00,0.24546807787788535
3374,19,1,2048-11-01 00:00:00,0.2440548148911268
3375,19,1,2049-11-01 00:00:00,0.24361513307302413
3376,19,1,2050-11-01 00:00:00,0.2443374674884785
3377,19,1,2051-11-01 00:00:00,0.24578213631938728
3378,19,1,2052-11-01 00:00:00,0.24776070450084922
3379,19,1,2053-11-01 00:00:00,0.2484202272280032
3380,19,1,2024-04-01 00:00:00,0.19842212334090067
3381,19,1,2025-04-01 00:00:00,0.2020337954181725
3382,19,1,2026-04-01 00:00:00,0.1995841395744577
3383,19,1,2027-04-01 00:00:00,0.2008717791846155
3384,19,1,2028-04-01 00:00:00,0.2068702954173018
3385,19,1,2029-04-01 00:00:00,0.21431348048089682
3386,19,1,2030-04-01 00:00:00,0.22087730190828656
3387,19,1,2031-04-01 00:00:00,0.2274411233356763
3388,19,1,2032-04-01 00:00:00,0.2336280746332637
3389,19,1,2033-04-01 00:00:00,0.238464574632393
3390,19,1,2034-04-01 00:00:00,0.24239030515116675
3391,19,1,2035-04-01 00:00:00,0.24556229541033592
3392,19,1,2036-04-01 00:00:00,0.24923677917590817
3393,19,1,2037-04-01 00:00:00,0.25303688631808113
3394,19,1,2038-04-01 00:00:00,0.2572452694342066
3395,19,1,2039-04-01 00:00:00,0.26057428891412676
3396,19,1,2040-04-01 00:00:00,0.26311816229029217
3397,19,1,2041-04-01 00:00:00,0.26672983436756403
3398,19,1,2042-04-01 00:00:00,0.27112665254859064
3399,19,1,2043-04-01 00:00:00,0.27417301943115907
3400,19,1,2044-04-01 00:00:00,0.27605737008017045
3401,19,1,2045-04-01 00:00:00,0.27709376293712673
3402,19,1,2046-04-01 00:00:00,0.2789781135861381
3403,19,1,2047-04-01 00:00:00,0.28117652267665144
3404,19,1,2048-04-01 00:00:00,0.28309227916981305
3405,19,1,2049-04-01 00:00:00,0.2846939772214727
3406,19,1,2050-04-01 00:00:00,0.28551052916937764
3407,19,1,2051-04-01 00:00:00,0.2841600778709195
3408,19,1,2052-04-01 00:00:00,0.286892386311986
3409,19,1,2053-04-01 00:00:00,0.28852549020779594
3410,19,1,2054-04-01 00:00:00,0.2891850129349499
3411,19,2,2023-11-01 00:00:00,0.19842212334090067
3412,19,2,2024-11-01 00:00:00,0.20514297398904133
3413,19,2,2025-11-01 00:00:00,0.2134969285329919
3414,19,2,2026-11-01 00:00:00,0.22376663957010404
3415,19,2,2027-11-01 00:00:00,0.23356526294496335
3416,19,2,2028-11-01 00:00:00,0.24549948372203556
3417,19,2,2029-11-01 00:00:00,0.257308081122507
3418,19,2,2030-11-01 00:00:00,0.2692423018995792
3419,19,2,2031-11-01 00:00:00,0.28268400319586057
3420,19,2,2032-11-01 00:00:00,0.29521493501178636
3421,19,2,2033-11-01 00:00:00,0.3094103765676723
3422,19,2,2034-11-01 00:00:00,0.3218784966952977
3423,19,2,2035-11-01 00:00:00,0.33384412331652014
3424,19,2,2036-11-01 00:00:00,0.3459039674701931
3425,19,2,2037-11-01 00:00:00,0.3575241298057634
3426,19,2,2038-11-01 00:00:00,0.36839055188172914
3427,19,2,2039-11-01 00:00:00,0.3787230746071417
3428,19,2,2040-11-01 00:00:00,0.38977793174800857
3429,19,2,2041-11-01 00:00:00,0.3991682791489154
3430,19,2,2042-11-01 00:00:00,0.4085272207056721
3431,19,2,2043-11-01 00:00:00,0.4177919447299781
3432,19,2,2044-11-01 00:00:00,0.42570621745582604
3433,19,2,2045-11-01 00:00:00,0.4340601719997766
3434,19,2,2046-11-01 00:00:00,0.4408438343362176
3435,19,2,2047-11-01 00:00:00,0.4486952953737651
3436,19,2,2048-11-01 00:00:00,0.4553847401777556
3437,19,2,2049-11-01 00:00:00,0.4619485616051453
3438,19,2,2050-11-01 00:00:00,0.46505774017601414
3439,19,2,2051-11-01 00:00:00,0.46816691874688293
3440,19,2,2052-11-01 00:00:00,0.4714959382268031
3441,19,2,2053-11-01 00:00:00,0.47347450640826505
3442,19,2,2024-04-01 00:00:00,0.19842212334090067
3443,19,2,2025-04-01 00:00:00,0.20608514931354707
3444,19,2,2026-04-01 00:00:00,0.21761109411666682
3445,19,2,2027-04-01 00:00:00,0.23007921424429226
3446,19,2,2028-04-01 00:00:00,0.24455730839752987
3447,19,2,2029-04-01 00:00:00,0.2598205486545222
3448,19,2,2030-04-01 00:00:00,0.2748639480024632
3449,19,2,2031-04-01 00:00:00,0.29028421748020655
3450,19,2,2032-04-01 00:00:00,0.3068036915032065
3451,19,2,2033-04-01 00:00:00,0.3219099025394479
3452,19,2,2034-04-01 00:00:00,0.33692189604323874
3453,19,2,2035-04-01 00:00:00,0.3516198311055277
3454,19,2,2036-04-01 00:00:00,0.36898726292058276
3455,19,2,2037-04-01 00:00:00,0.3849728375930295
3456,19,2,2038-04-01 00:00:00,0.4002674836941721
3457,19,2,2039-04-01 00:00:00,0.4133951265489515
3458,19,2,2040-04-01 00:00:00,0.42523512979357314
3459,19,2,2041-04-01 00:00:00,0.4394933830377594
3460,19,2,2042-04-01 00:00:00,0.45422272394419855
3461,19,2,2043-04-01 00:00:00,0.46866941225328596
3462,19,2,2044-04-01 00:00:00,0.47953583432925173
3463,19,2,2045-04-01 00:00:00,0.48848649991205584
3464,19,2,2046-04-01 00:00:00,0.4996669804295235
3465,19,2,2047-04-01 00:00:00,0.5121036947129988
3466,19,2,2048-04-01 00:00:00,0.5239122921134702
3467,19,2,2049-04-01 00:00:00,0.5342448148388829
3468,19,2,2050-04-01 00:00:00,0.5428814219801851
3469,19,2,2051-04-01 00:00:00,0.5407458245779722
3470,19,2,2052-04-01 00:00:00,0.5426615810711337
3471,19,2,2053-04-01 00:00:00,0.5434781330190387
3472,19,2,2054-04-01 00:00:00,0.5432268862658371
3473,19,3,2023-11-01 00:00:00,0.19842212334090067
3474,19,3,2024-11-01 00:00:00,0.22131698372638922
3475,19,3,2025-11-01 00:00:00,0.2484202272280032
3476,19,3,2026-11-01 00:00:00,0.2798888830664937
3477,19,3,2027-11-01 00:00:00,0.31198565578798787
3478,19,3,2028-11-01 00:00:00,0.3459353733143433
3479,19,3,2029-11-01 00:00:00,0.37950822071089646
3480,19,3,2030-11-01 00:00:00,0.41333231486065114
3481,19,3,2031-11-01 00:00:00,0.45010855836052366
3482,19,3,2032-11-01 00:00:00,0.4877327596524514
3483,19,3,2033-11-01 00:00:00,0.5270214706843391
3484,19,3,2034-11-01 00:00:00,0.5618191460027496
3485,19,3,2035-11-01 00:00:00,0.5940101362566944
3486,19,3,2036-11-01 00:00:00,0.6264837791079909
3487,19,3,2037-11-01 00:00:00,0.6614070778030022
3488,19,3,2038-11-01 00:00:00,0.6948228959788045
3489,19,3,2039-11-01 00:00:00,0.7296519771413652
3490,19,3,2040-11-01 00:00:00,0.7645752758363765
3491,19,3,2041-11-01 00:00:00,0.7957612790775153
3492,19,3,2042-11-01 00:00:00,0.8262877595915
3493,19,3,2043-11-01 00:00:00,0.8561547173783307
3494,19,3,2044-11-01 00:00:00,0.8831951491916444
3495,19,3,2045-11-01 00:00:00,0.9074718667197412
3496,19,3,2046-11-01 00:00:00,0.9269434900928589
3497,19,3,2047-11-01 00:00:00,0.9411075258045948
3498,19,3,2048-11-01 00:00:00,0.9569046654121404
3499,19,3,2049-11-01 00:00:00,0.9774126816422145
3500,19,3,2050-11-01 00:00:00,0.9759052011230054
3501,19,3,2051-11-01 00:00:00,0.9727960225521365
3502,19,3,2052-11-01 00:00:00,0.970566207617473
3503,19,3,2053-11-01 00:00:00,0.9729216459287373
3504,19,3,2024-04-01 00:00:00,0.19842212334090067
3505,19,3,2025-04-01 00:00:00,0.222761652557298
3506,19,3,2026-04-01 00:00:00,0.25306829216223137
3507,19,3,2027-04-01 00:00:00,0.2866725454029347
3508,19,3,2028-04-01 00:00:00,0.3259926622789726
3509,19,3,2029-04-01 00:00:00,0.36791946421947636
3510,19,3,2030-04-01 00:00:00,0.4089040908354743
3511,19,3,2031-04-01 00:00:00,0.44973168823072135
3512,19,3,2032-04-01 00:00:00,0.4926948830281813
3513,19,3,2033-04-01 00:00:00,0.5371027466565501
3514,19,3,2034-04-01 00:00:00,0.579217983661955
3515,19,3,2035-04-01 00:00:00,0.6191034057326963
3516,19,3,2036-04-01 00:00:00,0.6597425680630422
3517,19,3,2037-04-01 00:00:00,0.6984345680560763
3518,19,3,2038-04-01 00:00:00,0.7399216881784774
3519,19,3,2039-04-01 00:00:00,0.777545889470405
3520,19,3,2040-04-01 00:00:00,0.812563405697867
3521,19,3,2041-04-01 00:00:00,0.8532653797165132
3522,19,3,2042-04-01 00:00:00,0.8926483082808516
3523,19,3,2043-04-01 00:00:00,0.929581581001475
3524,19,3,2044-04-01 00:00:00,0.9571559121653418
3525,19,3,2045-04-01 00:00:00,0.9832227628099995
3526,19,3,2046-04-01 00:00:00,1.0050812303385317
3527,19,3,2047-04-01 00:00:00,1.0259661166984082
3528,19,3,2048-04-01 00:00:00,1.0419202855267047
3529,19,3,2049-04-01 00:00:00,1.0606067627960678
3530,19,3,2050-04-01 00:00:00,1.0772204543515185
3531,19,3,2051-04-01 00:00:00,1.0650349868212448
3532,19,3,2052-04-01 00:00:00,1.0524726491611687
3533,19,3,2053-04-01 00:00:00,1.0464427270843322
3534,19,3,2054-04-01 00:00:00,1.042422779033108
3535,20,1,2023-11-01 00:00:00,0
3536,20,1,2024-11-01 00:00:00,0
3537,20,1,2025-11-01 00:00:00,0
3538,20,1,2026-11-01 00:00:00,0
3539,20,1,2027-11-01 00:00:00,0
3540,20,1,2028-11-01 00:00:00,0
3541,20,1,2029-11-01 00:00:00,0
3542,20,1,2030-11-01 00:00:00,0
3543,20,1,2031-11-01 00:00:00,0
3544,20,1,2032-11-01 00:00:00,0
3545,20,1,2033-11-01 00:00:00,0
3546,20,1,2034-11-01 00:00:00,0
3547,20,1,2035-11-01 00:00:00,0
3548,20,1,2036-11-01 00:00:00,0
3549,20,1,2037-11-01 00:00:00,0
3550,20,1,2038-11-01 00:00:00,0
3551,20,1,2039-11-01 00:00:00,0
3552,20,1,2040-11-01 00:00:00,0
3553,20,1,2041-11-01 00:00:00,0
3554,20,1,2042-11-01 00:00:00,0
3555,20,1,2043-11-01 00:00:00,0
3556,20,1,2044-11-01 00:00:00,0
3557,20,1,2045-11-01 00:00:00,0
3558,20,1,2046-11-01 00:00:00,0
3559,20,1,2047-11-01 00:00:00,0
3560,20,1,2048-11-01 00:00:00,0
3561,20,1,2049-11-01 00:00:00,0
3562,20,1,2050-11-01 00:00:00,0
3563,20,1,2051-11-01 00:00:00,0
3564,20,1,2052-11-01 00:00:00,0
3565,20,1,2053-11-01 00:00:00,0
3566,20,1,2024-04-01 00:00:00,0
3567,20,1,2025-04-01 00:00:00,0
3568,20,1,2026-04-01 00:00:00,0
3569,20,1,2027-04-01 00:00:00,0
3570,20,1,2028-04-01 00:00:00,0
3571,20,1,2029-04-01 00:00:00,0
3572,20,1,2030-04-01 00:00:00,0
3573,20,1,2031-04-01 00:00:00,0
3574,20,1,2032-04-01 00:00:00,0
3575,20,1,2033-04-01 00:00:00,0
3576,20,1,2034-04-01 00:00:00,0
3577,20,1,2035-04-01 00:00:00,0
3578,20,1,2036-04-01 00:00:00,0
3579,20,1,2037-04-01 00:00:00,0
3580,20,1,2038-04-01 00:00:00,0
3581,20,1,2039-04-01 00:00:00,0
3582,20,1,2040-04-01 00:00:00,0
3583,20,1,2041-04-01 00:00:00,0
3584,20,1,2042-04-01 00:00:00,0
3585,20,1,2043-04-01 00:00:00,0
3586,20,1,2044-04-01 00:00:00,0
3587,20,1,2045-04-01 00:00:00,0
3588,20,1,2046-04-01 00:00:00,0
3589,20,1,2047-04-01 00:00:00,0
3590,20,1,2048-04-01 00:00:00,0
3591,20,1,2049-04-01 00:00:00,0
3592,20,1,2050-04-01 00:00:00,0
3593,20,1,2051-04-01 00:00:00,0
3594,20,1,2052-04-01 00:00:00,0
3595,20,1,2053-04-01 00:00:00,0
3596,20,1,2054-04-01 00:00:00,0
3597,20,2,2023-11-01 00:00:00,0
3598,20,2,2024-11-01 00:00:00,0
3599,20,2,2025-11-01 00:00:00,0
3600,20,2,2026-11-01 00:00:00,0
3601,20,2,2027-11-01 00:00:00,0
3602,20,2,2028-11-01 00:00:00,0
3603,20,2,2029-11-01 00:00:00,0
3604,20,2,2030-11-01 00:00:00,0
3605,20,2,2031-11-01 00:00:00,0
3606,20,2,2032-11-01 00:00:00,0
3607,20,2,2033-11-01 00:00:00,0
3608,20,2,2034-11-01 00:00:00,0
3609,20,2,2035-11-01 00:00:00,0
3610,20,2,2036-11-01 00:00:00,0
3611,20,2,2037-11-01 00:00:00,0
3612,20,2,2038-11-01 00:00:00,0
3613,20,2,2039-11-01 00:00:00,0
3614,20,2,2040-11-01 00:00:00,0
3615,20,2,2041-11-01 00:00:00,0
3616,20,2,2042-11-01 00:00:00,0
3617,20,2,2043-11-01 00:00:00,0
3618,20,2,2044-11-01 00:00:00,0
3619,20,2,2045-11-01 00:00:00,0
3620,20,2,2046-11-01 00:00:00,0
3621,20,2,2047-11-01 00:00:00,0
3622,20,2,2048-11-01 00:00:00,0
3623,20,2,2049-11-01 00:00:00,0
3624,20,2,2050-11-01 00:00:00,0
3625,20,2,2051-11-01 00:00:00,0
3626,20,2,2052-11-01 00:00:00,0
3627,20,2,2053-11-01 00:00:00,0
3628,20,2,2024-04-01 00:00:00,0
3629,20,2,2025-04-01 00:00:00,0
3630,20,2,2026-04-01 00:00:00,0
3631,20,2,2027-04-01 00:00:00,0
3632,20,2,2028-04-01 00:00:00,0
3633,20,2,2029-04-01 00:00:00,0
3634,20,2,2030-04-01 00:00:00,0
3635,20,2,2031-04-01 00:00:00,0
3636,20,2,2032-04-01 00:00:00,0
3637,20,2,2033-04-01 00:00:00,0
3638,20,2,2034-04-01 00:00:00,0
3639,20,2,2035-04-01 00:00:00,0
3640,20,2,2036-04-01 00:00:00,0
3641,20,2,2037-04-01 00:00:00,0
3642,20,2,2038-04-01 00:00:00,0
3643,20,2,2039-04-01 00:00:00,0
3644,20,2,2040-04-01 00:00:00,0
3645,20,2,2041-04-01 00:00:00,0
3646,20,2,2042-04-01 00:00:00,0
3647,20,2,2043-04-01 00:00:00,0
3648,20,2,2044-04-01 00:00:00,0
3649,20,2,2045-04-01 00:00:00,0
3650,20,2,2046-04-01 00:00:00,0
3651,20,2,2047-04-01 00:00:00,0
3652,20,2,2048-04-01 00:00:00,0
3653,20,2,2049-04-01 00:00:00,0
3654,20,2,2050-04-01 00:00:00,0
3655,20,2,2051-04-01 00:00:00,0
3656,20,2,2052-04-01 00:00:00,0
3657,20,2,2053-04-01 00:00:00,0
3658,20,2,2054-04-01 00:00:00,0
3659,20,3,2023-11-01 00:00:00,0
3660,20,3,2024-11-01 00:00:00,0
3661,20,3,2025-11-01 00:00:00,0
3662,20,3,2026-11-01 00:00:00,0
3663,20,3,2027-11-01 00:00:00,0
3664,20,3,2028-11-01 00:00:00,0
3665,20,3,2029-11-01 00:00:00,0
3666,20,3,2030-11-01 00:00:00,0
3667,20,3,2031-11-01 00:00:00,0
3668,20,3,2032-11-01 00:00:00,0
3669,20,3,2033-11-01 00:00:00,0
3670,20,3,2034-11-01 00:00:00,0
3671,20,3,2035-11-01 00:00:00,0
3672,20,3,2036-11-01 00:00:00,0
3673,20,3,2037-11-01 00:00:00,0
3674,20,3,2038-11-01 00:00:00,0
3675,20,3,2039-11-01 00:00:00,0
3676,20,3,2040-11-01 00:00:00,0
3677,20,3,2041-11-01 00:00:00,0
3678,20,3,2042-11-01 00:00:00,0
3679,20,3,2043-11-01 00:00:00,0
3680,20,3,2044-11-01 00:00:00,0
3681,20,3,2045-11-01 00:00:00,0
3682,20,3,2046-11-01 00:00:00,0
3683,20,3,2047-11-01 00:00:00,0
3684,20,3,2048-11-01 00:00:00,0
3685,20,3,2049-11-01 00:00:00,0
3686,20,3,2050-11-01 00:00:00,0
3687,20,3,2051-11-01 00:00:00,0
3688,20,3,2052-11-01 00:00:00,0
3689,20,3,2053-11-01 00:00:00,0
3690,20,3,2024-04-01 00:00:00,0
3691,20,3,2025-04-01 00:00:00,0
3692,20,3,2026-04-01 00:00:00,0
3693,20,3,2027-04-01 00:00:00,0
3694,20,3,2028-04-01 00:00:00,0
3695,20,3,2029-04-01 00:00:00,0
3696,20,3,2030-04-01 00:00:00,0
3697,20,3,2031-04-01 00:00:00,0
3698,20,3,2032-04-01 00:00:00,0
3699,20,3,2033-04-01 00:00:00,0
3700,20,3,2034-04-01 00:00:00,0
3701,20,3,2035-04-01 00:00:00,0
3702,20,3,2036-04-01 00:00:00,0
3703,20,3,2037-04-01 00:00:00,0
3704,20,3,2038-04-01 00:00:00,0
3705,20,3,2039-04-01 00:00:00,0
3706,20,3,2040-04-01 00:00:00,0
3707,20,3,2041-04-01 00:00:00,0
3708,20,3,2042-04-01 00:00:00,0
3709,20,3,2043-04-01 00:00:00,0
3710,20,3,2044-04-01 00:00:00,0
3711,20,3,2045-04-01 00:00:00,0
3712,20,3,2046-04-01 00:00:00,0
3713,20,3,2047-04-01 00:00:00,0
3714,20,3,2048-04-01 00:00:00,0
3715,20,3,2049-04-01 00:00:00,0
3716,20,3,2050-04-01 00:00:00,0
3717,20,3,2051-04-01 00:00:00,0
3718,20,3,2052-04-01 00:00:00,0
3719,20,3,2053-04-01 00:00:00,0
3720,20,3,2054-04-01 00:00:00,0
3721,21,1,2023-11-01 00:00:00,0
3722,21,1,2024-11-01 00:00:00,0
3723,21,1,2025-11-01 00:00:00,0
3724,21,1,2026-11-01 00:00:00,0
3725,21,1,2027-11-01 00:00:00,0
3726,21,1,2028-11-01 00:00:00,0
3727,21,1,2029-11-01 00:00:00,0
3728,21,1,2030-11-01 00:00:00,0
3729,21,1,2031-11-01 00:00:00,0
3730,21,1,2032-11-01 00:00:00,0
3731,21,1,2033-11-01 00:00:00,0
3732,21,1,2034-11-01 00:00:00,0
3733,21,1,2035-11-01 00:00:00,0
3734,21,1,2036-11-01 00:00:00,0
3735,21,1,2037-11-01 00:00:00,0
3736,21,1,2038-11-01 00:00:00,0
3737,21,1,2039-11-01 00:00:00,0
3738,21,1,2040-11-01 00:00:00,0
3739,21,1,2041-11-01 00:00:00,0
3740,21,1,2042-11-01 00:00:00,0
3741,21,1,2043-11-01 00:00:00,0
3742,21,1,2044-11-01 00:00:00,0
3743,21,1,2045-11-01 00:00:00,0
3744,21,1,2046-11-01 00:00:00,0
3745,21,1,2047-11-01 00:00:00,0
3746,21,1,2048-11-01 00:00:00,0
3747,21,1,2049-11-01 00:00:00,0
3748,21,1,2050-11-01 00:00:00,0
3749,21,1,2051-11-01 00:00:00,0
3750,21,1,2052-11-01 00:00:00,0
3751,21,1,2053-11-01 00:00:00,0
3752,21,1,2024-04-01 00:00:00,0
3753,21,1,2025-04-01 00:00:00,0
3754,21,1,2026-04-01 00:00:00,0
3755,21,1,2027-04-01 00:00:00,0
3756,21,1,2028-04-01 00:00:00,0
3757,21,1,2029-04-01 00:00:00,0
3758,21,1,2030-04-01 00:00:00,0
3759,21,1,2031-04-01 00:00:00,0
3760,21,1,2032-04-01 00:00:00,0
3761,21,1,2033-04-01 00:00:00,0
3762,21,1,2034-04-01 00:00:00,0
3763,21,1,2035-04-01 00:00:00,0
3764,21,1,2036-04-01 00:00:00,0
3765,21,1,2037-04-01 00:00:00,0
3766,21,1,2038-04-01 00:00:00,0
3767,21,1,2039-04-01 00:00:00,0
3768,21,1,2040-04-01 00:00:00,0
3769,21,1,2041-04-01 00:00:00,0
3770,21,1,2042-04-01 00:00:00,0
3771,21,1,2043-04-01 00:00:00,0
3772,21,1,2044-04-01 00:00:00,0
3773,21,1,2045-04-01 00:00:00,0
3774,21,1,2046-04-01 00:00:00,0
3775,21,1,2047-04-01 00:00:00,0
3776,21,1,2048-04-01 00:00:00,0
3777,21,1,2049-04-01 00:00:00,0
3778,21,1,2050-04-01 00:00:00,0
3779,21,1,2051-04-01 00:00:00,0
3780,21,1,2052-04-01 00:00:00,0
3781,21,1,2053-04-01 00:00:00,0
3782,21,1,2054-04-01 00:00:00,0
3783,21,2,2023-11-01 00:00:00,0
3784,21,2,2024-11-01 00:00:00,0
3785,21,2,2025-11-01 00:00:00,0
3786,21,2,2026-11-01 00:00:00,0
3787,21,2,2027-11-01 00:00:00,0
3788,21,2,2028-11-01 00:00:00,0
3789,21,2,2029-11-01 00:00:00,0
3790,21,2,2030-11-01 00:00:00,0
3791,21,2,2031-11-01 00:00:00,0
3792,21,2,2032-11-01 00:00:00,0
3793,21,2,2033-11-01 00:00:00,0
3794,21,2,2034-11-01 00:00:00,0
3795,21,2,2035-11-01 00:00:00,0
3796,21,2,2036-11-01 00:00:00,0
3797,21,2,2037-11-01 00:00:00,0
3798,21,2,2038-11-01 00:00:00,0
3799,21,2,2039-11-01 00:00:00,0
3800,21,2,2040-11-01 00:00:00,0
3801,21,2,2041-11-01 00:00:00,0
3802,21,2,2042-11-01 00:00:00,0
3803,21,2,2043-11-01 00:00:00,0
3804,21,2,2044-11-01 00:00:00,0
3805,21,2,2045-11-01 00:00:00,0
3806,21,2,2046-11-01 00:00:00,0
3807,21,2,2047-11-01 00:00:00,0
3808,21,2,2048-11-01 00:00:00,0
3809,21,2,2049-11-01 00:00:00,0
3810,21,2,2050-11-01 00:00:00,0
3811,21,2,2051-11-01 00:00:00,0
3812,21,2,2052-11-01 00:00:00,0
3813,21,2,2053-11-01 00:00:00,0
3814,21,2,2024-04-01 00:00:00,0
3815,21,2,2025-04-01 00:00:00,0
3816,21,2,2026-04-01 00:00:00,0
3817,21,2,2027-04-01 00:00:00,0
3818,21,2,2028-04-01 00:00:00,0
3819,21,2,2029-04-01 00:00:00,0
3820,21,2,2030-04-01 00:00:00,0
3821,21,2,2031-04-01 00:00:00,0
3822,21,2,2032-04-01 00:00:00,0
3823,21,2,2033-04-01 00:00:00,0
3824,21,2,2034-04-01 00:00:00,0
3825,21,2,2035-04-01 00:00:00,0
3826,21,2,2036-04-01 00:00:00,0
3827,21,2,2037-04-01 00:00:00,0
3828,21,2,2038-04-01 00:00:00,0
3829,21,2,2039-04-01 00:00:00,0
3830,21,2,2040-04-01 00:00:00,0
3831,21,2,2041-04-01 00:00:00,0
3832,21,2,2042-04-01 00:00:00,0
3833,21,2,2043-04-01 00:00:00,0
3834,21,2,2044-04-01 00:00:00,0
3835,21,2,2045-04-01 00:00:00,0
3836,21,2,2046-04-01 00:00:00,0
3837,21,2,2047-04-01 00:00:00,0
3838,21,2,2048-04-01 00:00:00,0
3839,21,2,2049-04-01 00:00:00,0
3840,21,2,2050-04-01 00:00:00,0
3841,21,2,2051-04-01 00:00:00,0
3842,21,2,2052-04-01 00:00:00,0
3843,21,2,2053-04-01 00:00:00,0
3844,21,2,2054-04-01 00:00:00,0
3845,21,3,2023-11-01 00:00:00,0
3846,21,3,2024-11-01 00:00:00,0
3847,21,3,2025-11-01 00:00:00,0
3848,21,3,2026-11-01 00:00:00,0
3849,21,3,2027-11-01 00:00:00,0
3850,21,3,2028-11-01 00:00:00,0
3851,21,3,2029-11-01 00:00:00,0
3852,21,3,2030-11-01 00:00:00,0
3853,21,3,2031-11-01 00:00:00,0
3854,21,3,2032-11-01 00:00:00,0
3855,21,3,2033-11-01 00:00:00,0
3856,21,3,2034-11-01 00:00:00,0
3857,21,3,2035-11-01 00:00:00,0
3858,21,3,2036-11-01 00:00:00,0
3859,21,3,2037-11-01 00:00:00,0
3860,21,3,2038-11-01 00:00:00,0
3861,21,3,2039-11-01 00:00:00,0
3862,21,3,2040-11-01 00:00:00,0
3863,21,3,2041-11-01 00:00:00,0
3864,21,3,2042-11-01 00:00:00,0
3865,21,3,2043-11-01 00:00:00,0
3866,21,3,2044-11-01 00:00:00,0
3867,21,3,2045-11-01 00:00:00,0
3868,21,3,2046-11-01 00:00:00,0
3869,21,3,2047-11-01 00:00:00,0
3870,21,3,2048-11-01 00:00:00,0
3871,21,3,2049-11-01 00:00:00,0
3872,21,3,2050-11-01 00:00:00,0
3873,21,3,2051-11-01 00:00:00,0
3874,21,3,2052-11-01 00:00:00,0
3875,21,3,2053-11-01 00:00:00,0
3876,21,3,2024-04-01 00:00:00,0
3877,21,3,2025-04-01 00:00:00,0
3878,21,3,2026-04-01 00:00:00,0
3879,21,3,2027-04-01 00:00:00,0
3880,21,3,2028-04-01 00:00:00,0
3881,21,3,2029-04-01 00:00:00,0
3882,21,3,2030-04-01 00:00:00,0
3883,21,3,2031-04-01 00:00:00,0
3884,21,3,2032-04-01 00:00:00,0
3885,21,3,2033-04-01 00:00:00,0
3886,21,3,2034-04-01 00:00:00,0
3887,21,3,2035-04-01 00:00:00,0
3888,21,3,2036-04-01 00:00:00,0
3889,21,3,2037-04-01 00:00:00,0
3890,21,3,2038-04-01 00:00:00,0
3891,21,3,2039-04-01 00:00:00,0
3892,21,3,2040-04-01 00:00:00,0
3893,21,3,2041-04-01 00:00:00,0
3894,21,3,2042-04-01 00:00:00,0
3895,21,3,2043-04-01 00:00:00,0
3896,21,3,2044-04-01 00:00:00,0
3897,21,3,2045-04-01 00:00:00,0
3898,21,3,2046-04-01 00:00:00,0
3899,21,3,2047-04-01 00:00:00,0
3900,21,3,2048-04-01 00:00:00,0
3901,21,3,2049-04-01 00:00:00,0
3902,21,3,2050-04-01 00:00:00,0
3903,21,3,2051-04-01 00:00:00,0
3904,21,3,2052-04-01 00:00:00,0
3905,21,3,2053-04-01 00:00:00,0
3906,21,3,2054-04-01 00:00:00,0
3907,22,1,2023-11-01 00:00:00,0
3908,22,1,2024-11-01 00:00:00,0
3909,22,1,2025-11-01 00:00:00,0
3910,22,1,2026-11-01 00:00:00,0
3911,22,1,2027-11-01 00:00:00,0
3912,22,1,2028-11-01 00:00:00,0
3913,22,1,2029-11-01 00:00:00,0
3914,22,1,2030-11-01 00:00:00,0
3915,22,1,2031-11-01 00:00:00,0
3916,22,1,2032-11-01 00:00:00,0
3917,22,1,2033-11-01 00:00:00,0
3918,22,1,2034-11-01 00:00:00,0
3919,22,1,2035-11-01 00:00:00,0
3920,22,1,2036-11-01 00:00:00,0
3921,22,1,2037-11-01 00:00:00,0
3922,22,1,2038-11-01 00:00:00,0
3923,22,1,2039-11-01 00:00:00,0
3924,22,1,2040-11-01 00:00:00,0
3925,22,1,2041-11-01 00:00:00,0
3926,22,1,2042-11-01 00:00:00,0
3927,22,1,2043-11-01 00:00:00,0
3928,22,1,2044-11-01 00:00:00,0
3929,22,1,2045-11-01 00:00:00,0
3930,22,1,2046-11-01 00:00:00,0
3931,22,1,2047-11-01 00:00:00,0
3932,22,1,2048-11-01 00:00:00,0
3933,22,1,2049-11-01 00:00:00,0
3934,22,1,2050-11-01 00:00:00,0
3935,22,1,2051-11-01 00:00:00,0
3936,22,1,2052-11-01 00:00:00,0
3937,22,1,2053-11-01 00:00:00,0
3938,22,1,2024-04-01 00:00:00,0
3939,22,1,2025-04-01 00:00:00,0
3940,22,1,2026-04-01 00:00:00,0
3941,22,1,2027-04-01 00:00:00,0
3942,22,1,2028-04-01 00:00:00,0
3943,22,1,2029-04-01 00:00:00,0
3944,22,1,2030-04-01 00:00:00,0
3945,22,1,2031-04-01 00:00:00,0
3946,22,1,2032-04-01 00:00:00,0
3947,22,1,2033-04-01 00:00:00,0
3948,22,1,2034-04-01 00:00:00,0
3949,22,1,2035-04-01 00:00:00,0
3950,22,1,2036-04-01 00:00:00,0
3951,22,1,2037-04-01 00:00:00,0
3952,22,1,2038-04-01 00:00:00,0
3953,22,1,2039-04-01 00:00:00,0
3954,22,1,2040-04-01 00:00:00,0
3955,22,1,2041-04-01 00:00:00,0
3956,22,1,2042-04-01 00:00:00,0
3957,22,1,2043-04-01 00:00:00,0
3958,22,1,2044-04-01 00:00:00,0
3959,22,1,2045-04-01 00:00:00,0
3960,22,1,2046-04-01 00:00:00,0
3961,22,1,2047-04-01 00:00:00,0
3962,22,1,2048-04-01 00:00:00,0
3963,22,1,2049-04-01 00:00:00,0
3964,22,1,2050-04-01 00:00:00,0
3965,22,1,2051-04-01 00:00:00,0
3966,22,1,2052-04-01 00:00:00,0
3967,22,1,2053-04-01 00:00:00,0
3968,22,1,2054-04-01 00:00:00,0
3969,22,2,2023-11-01 00:00:00,0
3970,22,2,2024-11-01 00:00:00,0
3971,22,2,2025-11-01 00:00:00,0
3972,22,2,2026-11-01 00:00:00,0
3973,22,2,2027-11-01 00:00:00,0
3974,22,2,2028-11-01 00:00:00,0
3975,22,2,2029-11-01 00:00:00,0
3976,22,2,2030-11-01 00:00:00,0
3977,22,2,2031-11-01 00:00:00,0
3978,22,2,2032-11-01 00:00:00,0
3979,22,2,2033-11-01 00:00:00,0
3980,22,2,2034-11-01 00:00:00,0
3981,22,2,2035-11-01 00:00:00,0
3982,22,2,2036-11-01 00:00:00,0
3983,22,2,2037-11-01 00:00:00,0
3984,22,2,2038-11-01 00:00:00,0
3985,22,2,2039-11-01 00:00:00,0
3986,22,2,2040-11-01 00:00:00,0
3987,22,2,2041-11-01 00:00:00,0
3988,22,2,2042-11-01 00:00:00,0
3989,22,2,2043-11-01 00:00:00,0
3990,22,2,2044-11-01 00:00:00,0
3991,22,2,2045-11-01 00:00:00,0
3992,22,2,2046-11-01 00:00:00,0
3993,22,2,2047-11-01 00:00:00,0
3994,22,2,2048-11-01 00:00:00,0
3995,22,2,2049-11-01 00:00:00,0
3996,22,2,2050-11-01 00:00:00,0
3997,22,2,2051-11-01 00:00:00,0
3998,22,2,2052-11-01 00:00:00,0
3999,22,2,2053-11-01 00:00:00,0
4000,22,2,2024-04-01 00:00:00,0
4001,22,2,2025-04-01 00:00:00,0
4002,22,2,2026-04-01 00:00:00,0
4003,22,2,2027-04-01 00:00:00,0
4004,22,2,2028-04-01 00:00:00,0
4005,22,2,2029-04-01 00:00:00,0
4006,22,2,2030-04-01 00:00:00,0
4007,22,2,2031-04-01 00:00:00,0
4008,22,2,2032-04-01 00:00:00,0
4009,22,2,2033-04-01 00:00:00,0
4010,22,2,2034-04-01 00:00:00,0
4011,22,2,2035-04-01 00:00:00,0
4012,22,2,2036-04-01 00:00:00,0
4013,22,2,2037-04-01 00:00:00,0
4014,22,2,2038-04-01 00:00:00,0
4015,22,2,2039-04-01 00:00:00,0
4016,22,2,2040-04-01 00:00:00,0
4017,22,2,2041-04-01 00:00:00,0
4018,22,2,2042-04-01 00:00:00,0
4019,22,2,2043-04-01 00:00:00,0
4020,22,2,2044-04-01 00:00:00,0
4021,22,2,2045-04-01 00:00:00,0
4022,22,2,2046-04-01 00:00:00,0
4023,22,2,2047-04-01 00:00:00,0
4024,22,2,2048-04-01 00:00:00,0
4025,22,2,2049-04-01 00:00:00,0
4026,22,2,2050-04-01 00:00:00,0
4027,22,2,2051-04-01 00:00:00,0
4028,22,2,2052-04-01 00:00:00,0
4029,22,2,2053-04-01 00:00:00,0
4030,22,2,2054-04-01 00:00:00,0
4031,22,3,2023-11-01 00:00:00,0
4032,22,3,2024-11-01 00:00:00,0
4033,22,3,2025-11-01 00:00:00,0
4034,22,3,2026-11-01 00:00:00,0
4035,22,3,2027-11-01 00:00:00,0
4036,22,3,2028-11-01 00:00:00,0
4037,22,3,2029-11-01 00:00:00,0
4038,22,3,2030-11-01 00:00:00,0
4039,22,3,2031-11-01 00:00:00,0
4040,22,3,2032-11-01 00:00:00,0
4041,22,3,2033-11-01 00:00:00,0
4042,22,3,2034-11-01 00:00:00,0
4043,22,3,2035-11-01 00:00:00,0
4044,22,3,2036-11-01 00:00:00,0
4045,22,3,2037-11-01 00:00:00,0
4046,22,3,2038-11-01 00:00:00,0
4047,22,3,2039-11-01 00:00:00,0
4048,22,3,2040-11-01 00:00:00,0
4049,22,3,2041-11-01 00:00:00,0
4050,22,3,2042-11-01 00:00:00,0
4051,22,3,2043-11-01 00:00:00,0
4052,22,3,2044-11-01 00:00:00,0
4053,22,3,2045-11-01 00:00:00,0
4054,22,3,2046-11-01 00:00:00,0
4055,22,3,2047-11-01 00:00:00,0
4056,22,3,2048-11-01 00:00:00,0
4057,22,3,2049-11-01 00:00:00,0
4058,22,3,2050-11-01 00:00:00,0
4059,22,3,2051-11-01 00:00:00,0
4060,22,3,2052-11-01 00:00:00,0
4061,22,3,2053-11-01 00:00:00,0
4062,22,3,2024-04-01 00:00:00,0
4063,22,3,2025-04-01 00:00:00,0
4064,22,3,2026-04-01 00:00:00,0
4065,22,3,2027-04-01 00:00:00,0
4066,22,3,2028-04-01 00:00:00,0
4067,22,3,2029-04-01 00:00:00,0
4068,22,3,2030-04-01 00:00:00,0
4069,22,3,2031-04-01 00:00:00,0
4070,22,3,2032-04-01 00:00:00,0
4071,22,3,2033-04-01 00:00:00,0
4072,22,3,2034-04-01 00:00:00,0
4073,22,3,2035-04-01 00:00:00,0
4074,22,3,2036-04-01 00:00:00,0
4075,22,3,2037-04-01 00:00:00,0
4076,22,3,2038-04-01 00:00:00,0
4077,22,3,2039-04-01 00:00:00,0
4078,22,3,2040-04-01 00:00:00,0
4079,22,3,2041-04-01 00:00:00,0
4080,22,3,2042-04-01 00:00:00,0
4081,22,3,2043-04-01 00:00:00,0
4082,22,3,2044-04-01 00:00:00,0
4083,22,3,2045-04-01 00:00:00,0
4084,22,3,2046-04-01 00:00:00,0
4085,22,3,2047-04-01 00:00:00,0
4086,22,3,2048-04-01 00:00:00,0
4087,22,3,2049-04-01 00:00:00,0
4088,22,3,2050-04-01 00:00:00,0
4089,22,3,2051-04-01 00:00:00,0
4090,22,3,2052-04-01 00:00:00,0
4091,22,3,2053-04-01 00:00:00,0
4092,22,3,2054-04-01 00:00:00,0
4093,23,1,2023-11-01 00:00:00,0.2929659979704024
4094,23,1,2024-11-01 00:00:00,0.2953308706985585
4095,23,1,2025-11-01 00:00:00,0.2991795851384989
4096,23,1,2026-11-01 00:00:00,0.2896737241723811
4097,23,1,2027-11-01 00:00:00,0.29495991027061247
4098,23,1,2028-11-01 00:00:00,0.30186904824110783
4099,23,1,2029-11-01 00:00:00,0.30989106749544143
4100,23,1,2030-11-01 00:00:00,0.3149454033262066
4101,23,1,2031-11-01 00:00:00,0.32162269102923563
4102,23,1,2032-11-01 00:00:00,0.32630606643205473
4103,23,1,2033-11-01 00:00:00,0.3316849926372726
4104,23,1,2034-11-01 00:00:00,0.3349308963818006
4105,23,1,2035-11-01 00:00:00,0.33775946964488934
4106,23,1,2036-11-01 00:00:00,0.3403561926405118
4107,23,1,2037-11-01 00:00:00,0.34318476590360053
4108,23,1,2038-11-01 00:00:00,0.3462451894341555
4109,23,1,2039-11-01 00:00:00,0.34986205360662964
4110,23,1,2040-11-01 00:00:00,0.3536180279395835
4111,23,1,2041-11-01 00:00:00,0.3557974204537666
4112,23,1,2042-11-01 00:00:00,0.35867236377034856
4113,23,1,2043-11-01 00:00:00,0.36034168569610586
4114,23,1,2044-11-01 00:00:00,0.36112997660549123
4115,23,1,2045-11-01 00:00:00,0.36298477874522156
4116,23,1,2046-11-01 00:00:00,0.3634484792801541
4117,23,1,2047-11-01 00:00:00,0.36242833810330244
4118,23,1,2048-11-01 00:00:00,0.36034168569610586
4119,23,1,2049-11-01 00:00:00,0.35969250494720023
4120,23,1,2050-11-01 00:00:00,0.3607590161775452
4121,23,1,2051-11-01 00:00:00,0.36289203863823505
4122,23,1,2052-11-01 00:00:00,0.3658133520083103
4123,23,1,2053-11-01 00:00:00,0.36678712313166867
4124,23,1,2024-04-01 00:00:00,0.2929659979704024
4125,23,1,2025-04-01 00:00:00,0.298298554122127
4126,23,1,2026-04-01 00:00:00,0.2946816899496529
4127,23,1,2027-04-01 00:00:00,0.2965828621428765
4128,23,1,2028-04-01 00:00:00,0.30543954236008874
4129,23,1,2029-04-01 00:00:00,0.31642924503799075
4130,23,1,2030-04-01 00:00:00,0.32612058621808165
4131,23,1,2031-04-01 00:00:00,0.33581192739817256
4132,23,1,2032-04-01 00:00:00,0.3449468279363443
4133,23,1,2033-04-01 00:00:00,0.352087816174306
4134,23,1,2034-04-01 00:00:00,0.35788407286096324
4135,23,1,2035-04-01 00:00:00,0.36256744826378223
4136,23,1,2036-04-01 00:00:00,0.3679927445224934
4137,23,1,2037-04-01 00:00:00,0.3736035209951776
4138,23,1,2038-04-01 00:00:00,0.3798171081632741
4139,23,1,2039-04-01 00:00:00,0.3847323338335594
4140,23,1,2040-04-01 00:00:00,0.3884883081665133
4141,23,1,2041-04-01 00:00:00,0.393820864318238
4142,23,1,2042-04-01 00:00:00,0.400312671807294
4143,23,1,2043-04-01 00:00:00,0.40481056699614004
4144,23,1,2044-04-01 00:00:00,0.40759277020573553
4145,23,1,2045-04-01 00:00:00,0.40912298197101304
4146,23,1,2046-04-01 00:00:00,0.4119051851806085
4147,23,1,2047-04-01 00:00:00,0.4151510889251365
4148,23,1,2048-04-01 00:00:00,0.41797966218822524
4149,23,1,2049-04-01 00:00:00,0.4203445349163814
4150,23,1,2050-04-01 00:00:00,0.42155015630720605
4151,23,1,2051-04-01 00:00:00,0.41955624400699604
4152,23,1,2052-04-01 00:00:00,0.4235904386609094
4153,23,1,2053-04-01 00:00:00,0.42600168144255884
4154,23,1,2054-04-01 00:00:00,0.42697545256591724
4155,23,2,2023-11-01 00:00:00,0.2929659979704024
4156,23,2,2024-11-01 00:00:00,0.3028891894179595
4157,23,2,2025-11-01 00:00:00,0.3152236236471661
4158,23,2,2026-11-01 00:00:00,0.3303866311394614
4159,23,2,2027-11-01 00:00:00,0.3448540878293578
4160,23,2,2028-11-01 00:00:00,0.3624747081567957
4161,23,2,2029-11-01 00:00:00,0.37990984827026064
4162,23,2,2030-11-01 00:00:00,0.3975304685976986
4163,23,2,2031-11-01 00:00:00,0.4173768514928129
4164,23,2,2032-11-01 00:00:00,0.4358785028366227
4165,23,2,2033-11-01 00:00:00,0.4568377670155752
4166,23,2,2034-11-01 00:00:00,0.4752466782523985
4167,23,2,2035-11-01 00:00:00,0.49291366863332975
4168,23,2,2036-11-01 00:00:00,0.5107197691747407
4169,23,2,2037-11-01 00:00:00,0.527876688967246
4170,23,2,2038-11-01 00:00:00,0.5439207274759132
4171,23,2,2039-11-01 00:00:00,0.5591764750751951
4172,23,2,2040-11-01 00:00:00,0.5754987339048218
4173,23,2,2041-11-01 00:00:00,0.5893633798993058
4174,23,2,2042-11-01 00:00:00,0.6031816558402967
4175,23,2,2043-11-01 00:00:00,0.6168608216208077
4176,23,2,2044-11-01 00:00:00,0.6285460751011087
4177,23,2,2045-11-01 00:00:00,0.6408805093303153
4178,23,2,2046-11-01 00:00:00,0.6508964408848589
4179,23,2,2047-11-01 00:00:00,0.6624889542581733
4180,23,2,2048-11-01 00:00:00,0.6723657756522372
4181,23,2,2049-11-01 00:00:00,0.6820571168323281
4182,23,2,2050-11-01 00:00:00,0.6866477521281606
4183,23,2,2051-11-01 00:00:00,0.691238387423993
4184,23,2,2052-11-01 00:00:00,0.6961536130942784
4185,23,2,2053-11-01 00:00:00,0.6990749264643535
4186,23,2,2024-04-01 00:00:00,0.2929659979704024
4187,23,2,2025-04-01 00:00:00,0.3042802910227573
4188,23,2,2026-04-01 00:00:00,0.32129810065478287
4189,23,2,2027-04-01 00:00:00,0.3397070118916062
4190,23,2,2028-04-01 00:00:00,0.361083606551998
4191,23,2,2029-04-01 00:00:00,0.3836194525497213
4192,23,2,2030-04-01 00:00:00,0.4058307081729917
4193,23,2,2031-04-01 00:00:00,0.4285984044381813
4194,23,2,2032-04-01 00:00:00,0.4529890525756348
4195,23,2,2033-04-01 00:00:00,0.4752930483058918
4196,23,2,2034-04-01 00:00:00,0.497457933875669
4197,23,2,2035-04-01 00:00:00,0.5191591189105136
4198,23,2,2036-04-01 00:00:00,0.5448017584922851
4199,23,2,2037-04-01 00:00:00,0.5684041157203533
4200,23,2,2038-04-01 00:00:00,0.5909863317715699
4201,23,2,2039-04-01 00:00:00,0.6103690141317516
4202,23,2,2040-04-01 00:00:00,0.6278505242987098
4203,23,2,2041-04-01 00:00:00,0.6489025285846487
4204,23,2,2042-04-01 00:00:00,0.6706500836729866
4205,23,2,2043-04-01 00:00:00,0.6919803082798851
4206,23,2,2044-04-01 00:00:00,0.7080243467885524
4207,23,2,2045-04-01 00:00:00,0.7212398120341308
4208,23,2,2046-04-01 00:00:00,0.7377475510777306
4209,23,2,2047-04-01 00:00:00,0.7561100922610606
4210,23,2,2048-04-01 00:00:00,0.7735452323745255
4211,23,2,2049-04-01 00:00:00,0.7888009799738074
4212,23,2,2050-04-01 00:00:00,0.8015527446844533
4213,23,2,2051-04-01 00:00:00,0.7983995810469118
4214,23,2,2052-04-01 00:00:00,0.8012281543100004
4215,23,2,2053-04-01 00:00:00,0.8024337757008252
4216,23,2,2054-04-01 00:00:00,0.802062815272879
4217,23,3,2023-11-01 00:00:00,0.2929659979704024
4218,23,3,2024-11-01 00:00:00,0.3267697669669873
4219,23,3,2025-11-01 00:00:00,0.36678712313166867
4220,23,3,2026-11-01 00:00:00,0.41324991673191297
4221,23,3,2027-11-01 00:00:00,0.4606401114020224
4222,23,3,2028-11-01 00:00:00,0.510766139228234
4223,23,3,2029-11-01 00:00:00,0.5603357264125265
4224,23,3,2030-11-01 00:00:00,0.6102762740247651
4225,23,3,2031-11-01 00:00:00,0.6645756066653699
4226,23,3,2032-11-01 00:00:00,0.7201269307502927
4227,23,3,2033-11-01 00:00:00,0.7781358676703581
4228,23,3,2034-11-01 00:00:00,0.8295138869408876
4229,23,3,2035-11-01 00:00:00,0.8770431917714767
4230,23,3,2036-11-01 00:00:00,0.9249898270835053
4231,23,3,2037-11-01 00:00:00,0.9765533265680079
4232,23,3,2038-11-01 00:00:00,1.0258910634848342
4233,23,3,2039-11-01 00:00:00,1.077315452808857
4234,23,3,2040-11-01 00:00:00,1.1288789522933595
4235,23,3,2041-11-01 00:00:00,1.1749244154121645
4236,23,3,2042-11-01 00:00:00,1.219996107407611
4237,23,3,2043-11-01 00:00:00,1.2640940282796993
4238,23,3,2044-11-01 00:00:00,1.3040186443373942
4239,23,3,2045-11-01 00:00:00,1.3398626956876822
4240,23,3,2046-11-01 00:00:00,1.368612128853502
4241,23,3,2047-11-01 00:00:00,1.3895250229789615
4242,23,3,2048-11-01 00:00:00,1.41284915988607
4243,23,3,2049-11-01 00:00:00,1.4431288048171673
4244,23,3,2050-11-01 00:00:00,1.4409030422494908
4245,23,3,2051-11-01 00:00:00,1.4363124069536584
4246,23,3,2052-11-01 00:00:00,1.4330201331556371
4247,23,3,2053-11-01 00:00:00,1.4364978871676315
4248,23,3,2024-04-01 00:00:00,0.2929659979704024
4249,23,3,2025-04-01 00:00:00,0.32890278942767714
4250,23,3,2026-04-01 00:00:00,0.37364989104867086
4251,23,3,2027-04-01 00:00:00,0.42326584828645664
4252,23,3,2028-04-01 00:00:00,0.4813211552600153
4253,23,3,2029-04-01 00:00:00,0.5432251766735144
4254,23,3,2030-04-01 00:00:00,0.6037380964822157
4255,23,3,2031-04-01 00:00:00,0.6640191660234507
4256,23,3,2032-04-01 00:00:00,0.7274533992022274
4257,23,3,2033-04-01 00:00:00,0.7930206548416938
4258,23,3,2034-04-01 00:00:00,0.8552028965761524
4259,23,3,2035-04-01 00:00:00,0.9140928645125898
4260,23,3,2036-04-01 00:00:00,0.9740957137328652
4261,23,3,2037-04-01 00:00:00,1.0312236196365587
4262,23,3,2038-04-01 00:00:00,1.0924784603011521
4263,23,3,2039-04-01 00:00:00,1.1480297843860752
4264,23,3,2040-04-01 00:00:00,1.1997323940310576
4265,23,3,2041-04-01 00:00:00,1.2598279833583195
4266,23,3,2042-04-01 00:00:00,1.3179760304388648
4267,23,3,2043-04-01 00:00:00,1.3725072133469358
4268,23,3,2044-04-01 00:00:00,1.413220120314016
4269,23,3,2045-04-01 00:00:00,1.45170726471342
4270,23,3,2046-04-01 00:00:00,1.4839808219447272
4271,23,3,2047-04-01 00:00:00,1.5148169075177438
4272,23,3,2048-04-01 00:00:00,1.5383728946923185
4273,23,3,2049-04-01 00:00:00,1.565963076520807
4274,23,3,2050-04-01 00:00:00,1.5904928348187404
4275,23,3,2051-04-01 00:00:00,1.5725012540633563
4276,23,3,2052-04-01 00:00:00,1.5539532326660532
4277,23,3,2053-04-01 00:00:00,1.5450501823953477
4278,23,3,2054-04-01 00:00:00,1.5391148155482108
4279,24,1,2023-11-01 00:00:00,0
4280,24,1,2024-11-01 00:00:00,0
4281,24,1,2025-11-01 00:00:00,0
4282,24,1,2026-11-01 00:00:00,0
4283,24,1,2027-11-01 00:00:00,0
4284,24,1,2028-11-01 00:00:00,0
4285,24,1,2029-11-01 00:00:00,0
4286,24,1,2030-11-01 00:00:00,0
4287,24,1,2031-11-01 00:00:00,0
4288,24,1,2032-11-01 00:00:00,0
4289,24,1,2033-11-01 00:00:00,0
4290,24,1,2034-11-01 00:00:00,0
4291,24,1,2035-11-01 00:00:00,0
4292,24,1,2036-11-01 00:00:00,0
4293,24,1,2037-11-01 00:00:00,0
4294,24,1,2038-11-01 00:00:00,0
4295,24,1,2039-11-01 00:00:00,0
4296,24,1,2040-11-01 00:00:00,0
4297,24,1,2041-11-01 00:00:00,0
4298,24,1,2042-11-01 00:00:00,0
4299,24,1,2043-11-01 00:00:00,0
4300,24,1,2044-11-01 00:00:00,0
4301,24,1,2045-11-01 00:00:00,0
4302,24,1,2046-11-01 00:00:00,0
4303,24,1,2047-11-01 00:00:00,0
4304,24,1,2048-11-01 00:00:00,0
4305,24,1,2049-11-01 00:00:00,0
4306,24,1,2050-11-01 00:00:00,0
4307,24,1,2051-11-01 00:00:00,0
4308,24,1,2052-11-01 00:00:00,0
4309,24,1,2053-11-01 00:00:00,0
4310,24,1,2024-04-01 00:00:00,0
4311,24,1,2025-04-01 00:00:00,0
4312,24,1,2026-04-01 00:00:00,0
4313,24,1,2027-04-01 00:00:00,0
4314,24,1,2028-04-01 00:00:00,0
4315,24,1,2029-04-01 00:00:00,0
4316,24,1,2030-04-01 00:00:00,0
4317,24,1,2031-04-01 00:00:00,0
4318,24,1,2032-04-01 00:00:00,0
4319,24,1,2033-04-01 00:00:00,0
4320,24,1,2034-04-01 00:00:00,0
4321,24,1,2035-04-01 00:00:00,0
4322,24,1,2036-04-01 00:00:00,0
4323,24,1,2037-04-01 00:00:00,0
4324,24,1,2038-04-01 00:00:00,0
4325,24,1,2039-04-01 00:00:00,0
4326,24,1,2040-04-01 00:00:00,0
4327,24,1,2041-04-01 00:00:00,0
4328,24,1,2042-04-01 00:00:00,0
4329,24,1,2043-04-01 00:00:00,0
4330,24,1,2044-04-01 00:00:00,0
4331,24,1,2045-04-01 00:00:00,0
4332,24,1,2046-04-01 00:00:00,0
4333,24,1,2047-04-01 00:00:00,0
4334,24,1,2048-04-01 00:00:00,0
4335,24,1,2049-04-01 00:00:00,0
4336,24,1,2050-04-01 00:00:00,0
4337,24,1,2051-04-01 00:00:00,0
4338,24,1,2052-04-01 00:00:00,0
4339,24,1,2053-04-01 00:00:00,0
4340,24,1,2054-04-01 00:00:00,0
4341,24,2,2023-11-01 00:00:00,0
4342,24,2,2024-11-01 00:00:00,0
4343,24,2,2025-11-01 00:00:00,0
4344,24,2,2026-11-01 00:00:00,0
4345,24,2,2027-11-01 00:00:00,0
4346,24,2,2028-11-01 00:00:00,0
4347,24,2,2029-11-01 00:00:00,0
4348,24,2,2030-11-01 00:00:00,0
4349,24,2,2031-11-01 00:00:00,0
4350,24,2,2032-11-01 00:00:00,0
4351,24,2,2033-11-01 00:00:00,0
4352,24,2,2034-11-01 00:00:00,0
4353,24,2,2035-11-01 00:00:00,0
4354,24,2,2036-11-01 00:00:00,0
4355,24,2,2037-11-01 00:00:00,0
4356,24,2,2038-11-01 00:00:00,0
4357,24,2,2039-11-01 00:00:00,0
4358,24,2,2040-11-01 00:00:00,0
4359,24,2,2041-11-01 00:00:00,0
4360,24,2,2042-11-01 00:00:00,0
4361,24,2,2043-11-01 00:00:00,0
4362,24,2,2044-11-01 00:00:00,0
4363,24,2,2045-11-01 00:00:00,0
4364,24,2,2046-11-01 00:00:00,0
4365,24,2,2047-11-01 00:00:00,0
4366,24,2,2048-11-01 00:00:00,0
4367,24,2,2049-11-01 00:00:00,0
4368,24,2,2050-11-01 00:00:00,0
4369,24,2,2051-11-01 00:00:00,0
4370,24,2,2052-11-01 00:00:00,0
4371,24,2,2053-11-01 00:00:00,0
4372,24,2,2024-04-01 00:00:00,0
4373,24,2,2025-04-01 00:00:00,0
4374,24,2,2026-04-01 00:00:00,0
4375,24,2,2027-04-01 00:00:00,0
4376,24,2,2028-04-01 00:00:00,0
4377,24,2,2029-04-01 00:00:00,0
4378,24,2,2030-04-01 00:00:00,0
4379,24,2,2031-04-01 00:00:00,0
4380,24,2,2032-04-01 00:00:00,0
4381,24,2,2033-04-01 00:00:00,0
4382,24,2,2034-04-01 00:00:00,0
4383,24,2,2035-04-01 00:00:00,0
4384,24,2,2036-04-01 00:00:00,0
4385,24,2,2037-04-01 00:00:00,0
4386,24,2,2038-04-01 00:00:00,0
4387,24,2,2039-04-01 00:00:00,0
4388,24,2,2040-04-01 00:00:00,0
4389,24,2,2041-04-01 00:00:00,0
4390,24,2,2042-04-01 00:00:00,0
4391,24,2,2043-04-01 00:00:00,0
4392,24,2,2044-04-01 00:00:00,0
4393,24,2,2045-04-01 00:00:00,0
4394,24,2,2046-04-01 00:00:00,0
4395,24,2,2047-04-01 00:00:00,0
4396,24,2,2048-04-01 00:00:00,0
4397,24,2,2049-04-01 00:00:00,0
4398,24,2,2050-04-01 00:00:00,0
4399,24,2,2051-04-01 00:00:00,0
4400,24,2,2052-04-01 00:00:00,0
4401,24,2,2053-04-01 00:00:00,0
4402,24,2,2054-04-01 00:00:00,0
4403,24,3,2023-11-01 00:00:00,0
4404,24,3,2024-11-01 00:00:00,0
4405,24,3,2025-11-01 00:00:00,0
4406,24,3,2026-11-01 00:00:00,0
4407,24,3,2027-11-01 00:00:00,0
4408,24,3,2028-11-01 00:00:00,0
4409,24,3,2029-11-01 00:00:00,0
4410,24,3,2030-11-01 00:00:00,0
4411,24,3,2031-11-01 00:00:00,0
4412,24,3,2032-11-01 00:00:00,0
4413,24,3,2033-11-01 00:00:00,0
4414,24,3,2034-11-01 00:00:00,0
4415,24,3,2035-11-01 00:00:00,0
4416,24,3,2036-11-01 00:00:00,0
4417,24,3,2037-11-01 00:00:00,0
4418,24,3,2038-11-01 00:00:00,0
4419,24,3,2039-11-01 00:00:00,0
4420,24,3,2040-11-01 00:00:00,0
4421,24,3,2041-11-01 00:00:00,0
4422,24,3,2042-11-01 00:00:00,0
4423,24,3,2043-11-01 00:00:00,0
4424,24,3,2044-11-01 00:00:00,0
4425,24,3,2045-11-01 00:00:00,0
4426,24,3,2046-11-01 00:00:00,0
4427,24,3,2047-11-01 00:00:00,0
4428,24,3,2048-11-01 00:00:00,0
4429,24,3,2049-11-01 00:00:00,0
4430,24,3,2050-11-01 00:00:00,0
4431,24,3,2051-11-01 00:00:00,0
4432,24,3,2052-11-01 00:00:00,0
4433,24,3,2053-11-01 00:00:00,0
4434,24,3,2024-04-01 00:00:00,0
4435,24,3,2025-04-01 00:00:00,0
4436,24,3,2026-04-01 00:00:00,0
4437,24,3,2027-04-01 00:00:00,0
4438,24,3,2028-04-01 00:00:00,0
4439,24,3,2029-04-01 00:00:00,0
4440,24,3,2030-04-01 00:00:00,0
4441,24,3,2031-04-01 00:00:00,0
4442,24,3,2032-04-01 00:00:00,0
4443,24,3,2033-04-01 00:00:00,0
4444,24,3,2034-04-01 00:00:00,0
4445,24,3,2035-04-01 00:00:00,0
4446,24,3,2036-04-01 00:00:00,0
4447,24,3,2037-04-01 00:00:00,0
4448,24,3,2038-04-01 00:00:00,0
4449,24,3,2039-04-01 00:00:00,0
4450,24,3,2040-04-01 00:00:00,0
4451,24,3,2041-04-01 00:00:00,0
4452,24,3,2042-04-01 00:00:00,0
4453,24,3,2043-04-01 00:00:00,0
4454,24,3,2044-04-01 00:00:00,0
4455,24,3,2045-04-01 00:00:00,0
4456,24,3,2046-04-01 00:00:00,0
4457,24,3,2047-04-01 00:00:00,0
4458,24,3,2048-04-01 00:00:00,0
4459,24,3,2049-04-01 00:00:00,0
4460,24,3,2050-04-01 00:00:00,0
4461,24,3,2051-04-01 00:00:00,0
4462,24,3,2052-04-01 00:00:00,0
4463,24,3,2053-04-01 00:00:00,0
4464,24,3,2054-04-01 00:00:00,0
4465,25,1,2023-11-01 00:00:00,0
4466,25,1,2024-11-01 00:00:00,0
4467,25,1,2025-11-01 00:00:00,0
4468,25,1,2026-11-01 00:00:00,0
4469,25,1,2027-11-01 00:00:00,0
4470,25,1,2028-11-01 00:00:00,0
4471,25,1,2029-11-01 00:00:00,0
4472,25,1,2030-11-01 00:00:00,0
4473,25,1,2031-11-01 00:00:00,0
4474,25,1,2032-11-01 00:00:00,0
4475,25,1,2033-11-01 00:00:00,0
4476,25,1,2034-11-01 00:00:00,0
4477,25,1,2035-11-01 00:00:00,0
4478,25,1,2036-11-01 00:00:00,0
4479,25,1,2037-11-01 00:00:00,0
4480,25,1,2038-11-01 00:00:00,0
4481,25,1,2039-11-01 00:00:00,0
4482,25,1,2040-11-01 00:00:00,0
4483,25,1,2041-11-01 00:00:00,0
4484,25,1,2042-11-01 00:00:00,0
4485,25,1,2043-11-01 00:00:00,0
4486,25,1,2044-11-01 00:00:00,0
4487,25,1,2045-11-01 00:00:00,0
4488,25,1,2046-11-01 00:00:00,0
4489,25,1,2047-11-01 00:00:00,0
4490,25,1,2048-11-01 00:00:00,0
4491,25,1,2049-11-01 00:00:00,0
4492,25,1,2050-11-01 00:00:00,0
4493,25,1,2051-11-01 00:00:00,0
4494,25,1,2052-11-01 00:00:00,0
4495,25,1,2053-11-01 00:00:00,0
4496,25,1,2024-04-01 00:00:00,0
4497,25,1,2025-04-01 00:00:00,0
4498,25,1,2026-04-01 00:00:00,0
4499,25,1,2027-04-01 00:00:00,0
4500,25,1,2028-04-01 00:00:00,0
4501,25,1,2029-04-01 00:00:00,0
4502,25,1,2030-04-01 00:00:00,0
4503,25,1,2031-04-01 00:00:00,0
4504,25,1,2032-04-01 00:00:00,0
4505,25,1,2033-04-01 00:00:00,0
4506,25,1,2034-04-01 00:00:00,0
4507,25,1,2035-04-01 00:00:00,0
4508,25,1,2036-04-01 00:00:00,0
4509,25,1,2037-04-01 00:00:00,0
4510,25,1,2038-04-01 00:00:00,0
4511,25,1,2039-04-01 00:00:00,0
4512,25,1,2040-04-01 00:00:00,0
4513,25,1,2041-04-01 00:00:00,0
4514,25,1,2042-04-01 00:00:00,0
4515,25,1,2043-04-01 00:00:00,0
4516,25,1,2044-04-01 00:00:00,0
4517,25,1,2045-04-01 00:00:00,0
4518,25,1,2046-04-01 00:00:00,0
4519,25,1,2047-04-01 00:00:00,0
4520,25,1,2048-04-01 00:00:00,0
4521,25,1,2049-04-01 00:00:00,0
4522,25,1,2050-04-01 00:00:00,0
4523,25,1,2051-04-01 00:00:00,0
4524,25,1,2052-04-01 00:00:00,0
4525,25,1,2053-04-01 00:00:00,0
4526,25,1,2054-04-01 00:00:00,0
4527,25,2,2023-11-01 00:00:00,0
4528,25,2,2024-11-01 00:00:00,0
4529,25,2,2025-11-01 00:00:00,0
4530,25,2,2026-11-01 00:00:00,0
4531,25,2,2027-11-01 00:00:00,0
4532,25,2,2028-11-01 00:00:00,0
4533,25,2,2029-11-01 00:00:00,0
4534,25,2,2030-11-01 00:00:00,0
4535,25,2,2031-11-01 00:00:00,0
4536,25,2,2032-11-01 00:00:00,0
4537,25,2,2033-11-01 00:00:00,0
4538,25,2,2034-11-01 00:00:00,0
4539,25,2,2035-11-01 00:00:00,0
4540,25,2,2036-11-01 00:00:00,0
4541,25,2,2037-11-01 00:00:00,0
4542,25,2,2038-11-01 00:00:00,0
4543,25,2,2039-11-01 00:00:00,0
4544,25,2,2040-11-01 00:00:00,0
4545,25,2,2041-11-01 00:00:00,0
4546,25,2,2042-11-01 00:00:00,0
4547,25,2,2043-11-01 00:00:00,0
4548,25,2,2044-11-01 00:00:00,0
4549,25,2,2045-11-01 00:00:00,0
4550,25,2,2046-11-01 00:00:00,0
4551,25,2,2047-11-01 00:00:00,0
4552,25,2,2048-11-01 00:00:00,0
4553,25,2,2049-11-01 00:00:00,0
4554,25,2,2050-11-01 00:00:00,0
4555,25,2,2051-11-01 00:00:00,0
4556,25,2,2052-11-01 00:00:00,0
4557,25,2,2053-11-01 00:00:00,0
4558,25,2,2024-04-01 00:00:00,0
4559,25,2,2025-04-01 00:00:00,0
4560,25,2,2026-04-01 00:00:00,0
4561,25,2,2027-04-01 00:00:00,0
4562,25,2,2028-04-01 00:00:00,0
4563,25,2,2029-04-01 00:00:00,0
4564,25,2,2030-04-01 00:00:00,0
4565,25,2,2031-04-01 00:00:00,0
4566,25,2,2032-04-01 00:00:00,0
4567,25,2,2033-04-01 00:00:00,0
4568,25,2,2034-04-01 00:00:00,0
4569,25,2,2035-04-01 00:00:00,0
4570,25,2,2036-04-01 00:00:00,0
4571,25,2,2037-04-01 00:00:00,0
4572,25,2,2038-04-01 00:00:00,0
4573,25,2,2039-04-01 00:00:00,0
4574,25,2,2040-04-01 00:00:00,0
4575,25,2,2041-04-01 00:00:00,0
4576,25,2,2042-04-01 00:00:00,0
4577,25,2,2043-04-01 00:00:00,0
4578,25,2,2044-04-01 00:00:00,0
4579,25,2,2045-04-01 00:00:00,0
4580,25,2,2046-04-01 00:00:00,0
4581,25,2,2047-04-01 00:00:00,0
4582,25,2,2048-04-01 00:00:00,0
4583,25,2,2049-04-01 00:00:00,0
4584,25,2,2050-04-01 00:00:00,0
4585,25,2,2051-04-01 00:00:00,0
4586,25,2,2052-04-01 00:00:00,0
4587,25,2,2053-04-01 00:00:00,0
4588,25,2,2054-04-01 00:00:00,0
4589,25,3,2023-11-01 00:00:00,0
4590,25,3,2024-11-01 00:00:00,0
4591,25,3,2025-11-01 00:00:00,0
4592,25,3,2026-11-01 00:00:00,0
4593,25,3,2027-11-01 00:00:00,0
4594,25,3,2028-11-01 00:00:00,0
4595,25,3,2029-11-01 00:00:00,0
4596,25,3,2030-11-01 00:00:00,0
4597,25,3,2031-11-01 00:00:00,0
4598,25,3,2032-11-01 00:00:00,0
4599,25,3,2033-11-01 00:00:00,0
4600,25,3,2034-11-01 00:00:00,0
4601,25,3,2035-11-01 00:00:00,0
4602,25,3,2036-11-01 00:00:00,0
4603,25,3,2037-11-01 00:00:00,0
4604,25,3,2038-11-01 00:00:00,0
4605,25,3,2039-11-01 00:00:00,0
4606,25,3,2040-11-01 00:00:00,0
4607,25,3,2041-11-01 00:00:00,0
4608,25,3,2042-11-01 00:00:00,0
4609,25,3,2043-11-01 00:00:00,0
4610,25,3,2044-11-01 00:00:00,0
4611,25,3,2045-11-01 00:00:00,0
4612,25,3,2046-11-01 00:00:00,0
4613,25,3,2047-11-01 00:00:00,0
4614,25,3,2048-11-01 00:00:00,0
4615,25,3,2049-11-01 00:00:00,0
4616,25,3,2050-11-01 00:00:00,0
4617,25,3,2051-11-01 00:00:00,0
4618,25,3,2052-11-01 00:00:00,0
4619,25,3,2053-11-01 00:00:00,0
4620,25,3,2024-04-01 00:00:00,0
4621,25,3,2025-04-01 00:00:00,0
4622,25,3,2026-04-01 00:00:00,0
4623,25,3,2027-04-01 00:00:00,0
4624,25,3,2028-04-01 00:00:00,0
4625,25,3,2029-04-01 00:00:00,0
4626,25,3,2030-04-01 00:00:00,0
4627,25,3,2031-04-01 00:00:00,0
4628,25,3,2032-04-01 00:00:00,0
4629,25,3,2033-04-01 00:00:00,0
4630,25,3,2034-04-01 00:00:00,0
4631,25,3,2035-04-01 00:00:00,0
4632,25,3,2036-04-01 00:00:00,0
4633,25,3,2037-04-01 00:00:00,0
4634,25,3,2038-04-01 00:00:00,0
4635,25,3,2039-04-01 00:00:00,0
4636,25,3,2040-04-01 00:00:00,0
4637,25,3,2041-04-01 00:00:00,0
4638,25,3,2042-04-01 00:00:00,0
4639,25,3,2043-04-01 00:00:00,0
4640,25,3,2044-04-01 00:00:00,0
4641,25,3,2045-04-01 00:00:00,0
4642,25,3,2046-04-01 00:00:00,0
4643,25,3,2047-04-01 00:00:00,0
4644,25,3,2048-04-01 00:00:00,0
4645,25,3,2049-04-01 00:00:00,0
4646,25,3,2050-04-01 00:00:00,0
4647,25,3,2051-04-01 00:00:00,0
4648,25,3,2052-04-01 00:00:00,0
4649,25,3,2053-04-01 00:00:00,0
4650,25,3,2054-04-01 00:00:00,0
4651,26,1,2023-11-01 00:00:00,0
4652,26,1,2024-11-01 00:00:00,0
4653,26,1,2025-11-01 00:00:00,0
4654,26,1,2026-11-01 00:00:00,0
4655,26,1,2027-11-01 00:00:00,0
4656,26,1,2028-11-01 00:00:00,0
4657,26,1,2029-11-01 00:00:00,0
4658,26,1,2030-11-01 00:00:00,0
4659,26,1,2031-11-01 00:00:00,0
4660,26,1,2032-11-01 00:00:00,0
4661,26,1,2033-11-01 00:00:00,0
4662,26,1,2034-11-01 00:00:00,0
4663,26,1,2035-11-01 00:00:00,0
4664,26,1,2036-11-01 00:00:00,0
4665,26,1,2037-11-01 00:00:00,0
4666,26,1,2038-11-01 00:00:00,0
4667,26,1,2039-11-01 00:00:00,0
4668,26,1,2040-11-01 00:00:00,0
4669,26,1,2041-11-01 00:00:00,0
4670,26,1,2042-11-01 00:00:00,0
4671,26,1,2043-11-01 00:00:00,0
4672,26,1,2044-11-01 00:00:00,0
4673,26,1,2045-11-01 00:00:00,0
4674,26,1,2046-11-01 00:00:00,0
4675,26,1,2047-11-01 00:00:00,0
4676,26,1,2048-11-01 00:00:00,0
4677,26,1,2049-11-01 00:00:00,0
4678,26,1,2050-11-01 00:00:00,0
4679,26,1,2051-11-01 00:00:00,0
4680,26,1,2052-11-01 00:00:00,0
4681,26,1,2053-11-01 00:00:00,0
4682,26,1,2024-04-01 00:00:00,0
4683,26,1,2025-04-01 00:00:00,0
4684,26,1,2026-04-01 00:00:00,0
4685,26,1,2027-04-01 00:00:00,0
4686,26,1,2028-04-01 00:00:00,0
4687,26,1,2029-04-01 00:00:00,0
4688,26,1,2030-04-01 00:00:00,0
4689,26,1,2031-04-01 00:00:00,0
4690,26,1,2032-04-01 00:00:00,0
4691,26,1,2033-04-01 00:00:00,0
4692,26,1,2034-04-01 00:00:00,0
4693,26,1,2035-04-01 00:00:00,0
4694,26,1,2036-04-01 00:00:00,0
4695,26,1,2037-04-01 00:00:00,0
4696,26,1,2038-04-01 00:00:00,0
4697,26,1,2039-04-01 00:00:00,0
4698,26,1,2040-04-01 00:00:00,0
4699,26,1,2041-04-01 00:00:00,0
4700,26,1,2042-04-01 00:00:00,0
4701,26,1,2043-04-01 00:00:00,0
4702,26,1,2044-04-01 00:00:00,0
4703,26,1,2045-04-01 00:00:00,0
4704,26,1,2046-04-01 00:00:00,0
4705,26,1,2047-04-01 00:00:00,0
4706,26,1,2048-04-01 00:00:00,0
4707,26,1,2049-04-01 00:00:00,0
4708,26,1,2050-04-01 00:00:00,0
4709,26,1,2051-04-01 00:00:00,0
4710,26,1,2052-04-01 00:00:00,0
4711,26,1,2053-04-01 00:00:00,0
4712,26,1,2054-04-01 00:00:00,0
4713,26,2,2023-11-01 00:00:00,0
4714,26,2,2024-11-01 00:00:00,0
4715,26,2,2025-11-01 00:00:00,0
4716,26,2,2026-11-01 00:00:00,0
4717,26,2,2027-11-01 00:00:00,0
4718,26,2,2028-11-01 00:00:00,0
4719,26,2,2029-11-01 00:00:00,0
4720,26,2,2030-11-01 00:00:00,0
4721,26,2,2031-11-01 00:00:00,0
4722,26,2,2032-11-01 00:00:00,0
4723,26,2,2033-11-01 00:00:00,0
4724,26,2,2034-11-01 00:00:00,0
4725,26,2,2035-11-01 00:00:00,0
4726,26,2,2036-11-01 00:00:00,0
4727,26,2,2037-11-01 00:00:00,0
4728,26,2,2038-11-01 00:00:00,0
4729,26,2,2039-11-01 00:00:00,0
4730,26,2,2040-11-01 00:00:00,0
4731,26,2,2041-11-01 00:00:00,0
4732,26,2,2042-11-01 00:00:00,0
4733,26,2,2043-11-01 00:00:00,0
4734,26,2,2044-11-01 00:00:00,0
4735,26,2,2045-11-01 00:00:00,0
4736,26,2,2046-11-01 00:00:00,0
4737,26,2,2047-11-01 00:00:00,0
4738,26,2,2048-11-01 00:00:00,0
4739,26,2,2049-11-01 00:00:00,0
4740,26,2,2050-11-01 00:00:00,0
4741,26,2,2051-11-01 00:00:00,0
4742,26,2,2052-11-01 00:00:00,0
4743,26,2,2053-11-01 00:00:00,0
4744,26,2,2024-04-01 00:00:00,0
4745,26,2,2025-04-01 00:00:00,0
4746,26,2,2026-04-01 00:00:00,0
4747,26,2,2027-04-01 00:00:00,0
4748,26,2,2028-04-01 00:00:00,0
4749,26,2,2029-04-01 00:00:00,0
4750,26,2,2030-04-01 00:00:00,0
4751,26,2,2031-04-01 00:00:00,0
4752,26,2,2032-04-01 00:00:00,0
4753,26,2,2033-04-01 00:00:00,0
4754,26,2,2034-04-01 00:00:00,0
4755,26,2,2035-04-01 00:00:00,0
4756,26,2,2036-04-01 00:00:00,0
4757,26,2,2037-04-01 00:00:00,0
4758,26,2,2038-04-01 00:00:00,0
4759,26,2,2039-04-01 00:00:00,0
4760,26,2,2040-04-01 00:00:00,0
4761,26,2,2041-04-01 00:00:00,0
4762,26,2,2042-04-01 00:00:00,0
4763,26,2,2043-04-01 00:00:00,0
4764,26,2,2044-04-01 00:00:00,0
4765,26,2,2045-04-01 00:00:00,0
4766,26,2,2046-04-01 00:00:00,0
4767,26,2,2047-04-01 00:00:00,0
4768,26,2,2048-04-01 00:00:00,0
4769,26,2,2049-04-01 00:00:00,0
4770,26,2,2050-04-01 00:00:00,0
4771,26,2,2051-04-01 00:00:00,0
4772,26,2,2052-04-01 00:00:00,0
4773,26,2,2053-04-01 00:00:00,0
4774,26,2,2054-04-01 00:00:00,0
4775,26,3,2023-11-01 00:00:00,0
4776,26,3,2024-11-01 00:00:00,0
4777,26,3,2025-11-01 00:00:00,0
4778,26,3,2026-11-01 00:00:00,0
4779,26,3,2027-11-01 00:00:00,0
4780,26,3,2028-11-01 00:00:00,0
4781,26,3,2029-11-01 00:00:00,0
4782,26,3,2030-11-01 00:00:00,0
4783,26,3,2031-11-01 00:00:00,0
4784,26,3,2032-11-01 00:00:00,0
4785,26,3,2033-11-01 00:00:00,0
4786,26,3,2034-11-01 00:00:00,0
4787,26,3,2035-11-01 00:00:00,0
4788,26,3,2036-11-01 00:00:00,0
4789,26,3,2037-11-01 00:00:00,0
4790,26,3,2038-11-01 00:00:00,0
4791,26,3,2039-11-01 00:00:00,0
4792,26,3,2040-11-01 00:00:00,0
4793,26,3,2041-11-01 00:00:00,0
4794,26,3,2042-11-01 00:00:00,0
4795,26,3,2043-11-01 00:00:00,0
4796,26,3,2044-11-01 00:00:00,0
4797,26,3,2045-11-01 00:00:00,0
4798,26,3,2046-11-01 00:00:00,0
4799,26,3,2047-11-01 00:00:00,0
4800,26,3,2048-11-01 00:00:00,0
4801,26,3,2049-11-01 00:00:00,0
4802,26,3,2050-11-01 00:00:00,0
4803,26,3,2051-11-01 00:00:00,0
4804,26,3,2052-11-01 00:00:00,0
4805,26,3,2053-11-01 00:00:00,0
4806,26,3,2024-04-01 00:00:00,0
4807,26,3,2025-04-01 00:00:00,0
4808,26,3,2026-04-01 00:00:00,0
4809,26,3,2027-04-01 00:00:00,0
4810,26,3,2028-04-01 00:00:00,0
4811,26,3,2029-04-01 00:00:00,0
4812,26,3,2030-04-01 00:00:00,0
4813,26,3,2031-04-01 00:00:00,0
4814,26,3,2032-04-01 00:00:00,0
4815,26,3,2033-04-01 00:00:00,0
4816,26,3,2034-04-01 00:00:00,0
4817,26,3,2035-04-01 00:00:00,0
4818,26,3,2036-04-01 00:00:00,0
4819,26,3,2037-04-01 00:00:00,0
4820,26,3,2038-04-01 00:00:00,0
4821,26,3,2039-04-01 00:00:00,0
4822,26,3,2040-04-01 00:00:00,0
4823,26,3,2041-04-01 00:00:00,0
4824,26,3,2042-04-01 00:00:00,0
4825,26,3,2043-04-01 00:00:00,0
4826,26,3,2044-04-01 00:00:00,0
4827,26,3,2045-04-01 00:00:00,0
4828,26,3,2046-04-01 00:00:00,0
4829,26,3,2047-04-01 00:00:00,0
4830,26,3,2048-04-01 00:00:00,0
4831,26,3,2049-04-01 00:00:00,0
4832,26,3,2050-04-01 00:00:00,0
4833,26,3,2051-04-01 00:00:00,0
4834,26,3,2052-04-01 00:00:00,0
4835,26,3,2053-04-01 00:00:00,0
4836,26,3,2054-04-01 00:00:00,0
4837,27,1,2023-11-01 00:00:00,0.19570182003703349
4838,27,1,2024-11-01 00:00:00,0.1972815593250817
4839,27,1,2025-11-01 00:00:00,0.1998525075781798
4840,27,1,2026-11-01 00:00:00,0.19350257514582908
4841,27,1,2027-11-01 00:00:00,0.19703375708381923
4842,27,1,2028-11-01 00:00:00,0.2016490738273327
4843,27,1,2029-11-01 00:00:00,0.20700779729463353
4844,27,1,2030-11-01 00:00:00,0.21038410283183467
4845,27,1,2031-11-01 00:00:00,0.21484454317455906
4846,27,1,2032-11-01 00:00:00,0.21797304647049773
4847,27,1,2033-11-01 00:00:00,0.2215661789688035
4848,27,1,2034-11-01 00:00:00,0.2237344485798501
4849,27,1,2035-11-01 00:00:00,0.2256239406694764
4850,27,1,2036-11-01 00:00:00,0.22735855635831367
4851,27,1,2037-11-01 00:00:00,0.22924804844794
4852,27,1,2038-11-01 00:00:00,0.23129241693835534
4853,27,1,2039-11-01 00:00:00,0.2337084887906644
4854,27,1,2040-11-01 00:00:00,0.2362174864834469
4855,27,1,2041-11-01 00:00:00,0.23767332465086388
4856,27,1,2042-11-01 00:00:00,0.23959379202064798
4857,27,1,2043-11-01 00:00:00,0.24070890210632906
4858,27,1,2044-11-01 00:00:00,0.2412354818690118
4859,27,1,2045-11-01 00:00:00,0.24247449307532418
4860,27,1,2046-11-01 00:00:00,0.24278424587690223
4861,27,1,2047-11-01 00:00:00,0.24210278971343047
4862,27,1,2048-11-01 00:00:00,0.24070890210632906
4863,27,1,2049-11-01 00:00:00,0.24027524818411974
4864,27,1,2050-11-01 00:00:00,0.24098767962774936
4865,27,1,2051-11-01 00:00:00,0.24241254251500857
4866,27,1,2052-11-01 00:00:00,0.24436398516495048
4867,27,1,2053-11-01 00:00:00,0.24501446604826443
4868,27,1,2024-04-01 00:00:00,0.19570182003703349
4869,27,1,2025-04-01 00:00:00,0.19926397725518144
4870,27,1,2026-04-01 00:00:00,0.1968479054028724
4871,27,1,2027-04-01 00:00:00,0.19811789188934253
4872,27,1,2028-04-01 00:00:00,0.20403417039948396
4873,27,1,2029-04-01 00:00:00,0.2113753117968845
4874,27,1,2030-04-01 00:00:00,0.2178491453498665
4875,27,1,2031-04-01 00:00:00,0.22432297890284844
4876,27,1,2032-04-01 00:00:00,0.2304251090939367
4877,27,1,2033-04-01 00:00:00,0.23519530223823923
4878,27,1,2034-04-01 00:00:00,0.23906721225796526
4879,27,1,2035-04-01 00:00:00,0.24219571555390387
4880,27,1,2036-04-01 00:00:00,0.2458198233323675
4881,27,1,2037-04-01 00:00:00,0.24956783223146228
4882,27,1,2038-04-01 00:00:00,0.2537185197726086
4883,27,1,2039-04-01 00:00:00,0.2570018994693363
4884,27,1,2040-04-01 00:00:00,0.2595108971621188
4885,27,1,2041-04-01 00:00:00,0.2630730543802668
4886,27,1,2042-04-01 00:00:00,0.26740959360235994
4887,27,1,2043-04-01 00:00:00,0.27041419577766734
4888,27,1,2044-04-01 00:00:00,0.27227271258713587
4889,27,1,2045-04-01 00:00:00,0.27329489683234354
4890,27,1,2046-04-01 00:00:00,0.275153413641812
4891,27,1,2047-04-01 00:00:00,0.2773216832528586
4892,27,1,2048-04-01 00:00:00,0.27921117534248496
4893,27,1,2049-04-01 00:00:00,0.2807909146305332
4894,27,1,2050-04-01 00:00:00,0.28159627191463615
4895,27,1,2051-04-01 00:00:00,0.2802643348678504
4896,27,1,2052-04-01 00:00:00,0.28295918424157973
4897,27,1,2053-04-01 00:00:00,0.2845698988097858
4898,27,1,2054-04-01 00:00:00,0.28522037969309977
4899,27,2,2023-11-01 00:00:00,0.19570182003703349
4900,27,2,2024-11-01 00:00:00,0.20233052999080445
4901,27,2,2025-11-01 00:00:00,0.21056995451278152
4902,27,2,2026-11-01 00:00:00,0.22069887112438485
4903,27,2,2027-11-01 00:00:00,0.2303631585336211
4904,27,2,2028-11-01 00:00:00,0.24213376499358827
4905,27,2,2029-11-01 00:00:00,0.2537804703329243
4906,27,2,2030-11-01 00:00:00,0.2655510767928914
4907,27,2,2031-11-01 00:00:00,0.27880849670043345
4908,27,2,2032-11-01 00:00:00,0.29116763348339897
4909,27,2,2033-11-01 00:00:00,0.30516846011472837
4910,27,2,2034-11-01 00:00:00,0.3174656463373783
4911,27,2,2035-11-01 00:00:00,0.3292672280775033
4912,27,2,2036-11-01 00:00:00,0.34116173565810176
4913,27,2,2037-11-01 00:00:00,0.3526225893164909
4914,27,2,2038-11-01 00:00:00,0.36334003625109257
4915,27,2,2039-11-01 00:00:00,0.37353090342301154
4916,27,2,2040-11-01 00:00:00,0.38443420203856005
4917,27,2,2041-11-01 00:00:00,0.3936958108057448
4918,27,2,2042-11-01 00:00:00,0.40292644429277175
4919,27,2,2043-11-01 00:00:00,0.41206415193932516
4920,27,2,2044-11-01 00:00:00,0.41986992253909294
4921,27,2,2045-11-01 00:00:00,0.42810934706106996
4922,27,2,2046-11-01 00:00:00,0.4348000075751566
4923,27,2,2047-11-01 00:00:00,0.44254382761460864
4924,27,2,2048-11-01 00:00:00,0.44914156228822183
4925,27,2,2049-11-01 00:00:00,0.4556153958412038
4926,27,2,2050-11-01 00:00:00,0.45868194857682687
4927,27,2,2051-11-01 00:00:00,0.4617485013124498
4928,27,2,2052-11-01 00:00:00,0.46503188100917753
4929,27,2,2053-11-01 00:00:00,0.46698332365911943
4930,27,2,2024-04-01 00:00:00,0.19570182003703349
4931,27,2,2025-04-01 00:00:00,0.20325978839553874
4932,27,2,2026-04-01 00:00:00,0.21462771621345444
4933,27,2,2027-04-01 00:00:00,0.22692490243610436
4934,27,2,2028-04-01 00:00:00,0.24120450658885403
4935,27,2,2029-04-01 00:00:00,0.2562584927455489
4936,27,2,2030-04-01 00:00:00,0.2710956519411391
4937,27,2,2031-04-01 00:00:00,0.2863045144986231
4938,27,2,2032-04-01 00:00:00,0.30259751186163025
4939,27,2,2033-04-01 00:00:00,0.3174966216175361
4940,27,2,2034-04-01 00:00:00,0.33230280553296854
4941,27,2,2035-04-01 00:00:00,0.34679923664682283
4942,27,2,2036-04-01 00:00:00,0.3639285665740909
4943,27,2,2037-04-01 00:00:00,0.3796949841744154
4944,27,2,2038-04-01 00:00:00,0.3947799456112681
4945,27,2,2039-04-01 00:00:00,0.40772761271723196
4946,27,2,2040-04-01 00:00:00,0.41940529333672577
4947,27,2,2041-04-01 00:00:00,0.4334680705283708
4948,27,2,2042-04-01 00:00:00,0.4479954769223829
4949,27,2,2043-04-01 00:00:00,0.46224410579497477
4950,27,2,2044-04-01 00:00:00,0.47296155272957646
4951,27,2,2045-04-01 00:00:00,0.48178950757455186
4952,27,2,2046-04-01 00:00:00,0.4928167073107316
4953,27,2,2047-04-01 00:00:00,0.5050829182532238
4954,27,2,2048-04-01 00:00:00,0.5167296235925597
4955,27,2,2049-04-01 00:00:00,0.5269204907644788
4956,27,2,2050-04-01 00:00:00,0.535438692807876
4957,27,2,2051-04-01 00:00:00,0.533332373757145
4958,27,2,2052-04-01 00:00:00,0.5352218658467713
4959,27,2,2053-04-01 00:00:00,0.5360272231308745
4960,27,2,2054-04-01 00:00:00,0.535779420889612
4961,27,3,2023-11-01 00:00:00,0.19570182003703349
4962,27,3,2024-11-01 00:00:00,0.2182827992720758
4963,27,3,2025-11-01 00:00:00,0.24501446604826443
4964,27,3,2026-11-01 00:00:00,0.27605169676638847
4965,27,3,2027-11-01 00:00:00,0.30770843308766865
4966,27,3,2028-11-01 00:00:00,0.34119271093825954
4967,27,3,2029-11-01 00:00:00,0.37430528542695674
4968,27,3,2030-11-01 00:00:00,0.4076656621569164
4969,27,3,2031-11-01 00:00:00,0.44393771522171
4970,27,3,2032-11-01 00:00:00,0.4810461008507645
4971,27,3,2033-11-01 00:00:00,0.5197961763281828
4972,27,3,2034-11-01 00:00:00,0.5541167867430344
4973,27,3,2035-11-01 00:00:00,0.5858664489047881
4974,27,3,2036-11-01 00:00:00,0.6178948885879619
4975,27,3,2037-11-01 00:00:00,0.6523394001234449
4976,27,3,2038-11-01 00:00:00,0.6852970982113531
4977,27,3,2039-11-01 00:00:00,0.7196486839063626
4978,27,3,2040-11-01 00:00:00,0.7540931954418455
4979,27,3,2041-11-01 00:00:00,0.7848516486385493
4980,27,3,2042-11-01 00:00:00,0.8149596209519391
4981,27,3,2043-11-01 00:00:00,0.8444171123820149
4982,27,3,2044-11-01 00:00:00,0.871086828597888
4983,27,3,2045-11-01 00:00:00,0.8950307201598737
4984,27,3,2046-11-01 00:00:00,0.9142353938577149
4985,27,3,2047-11-01 00:00:00,0.9282052452088867
4986,27,3,2048-11-01 00:00:00,0.9437858111282642
4987,27,3,2049-11-01 00:00:00,0.9640126690713131
4988,27,3,2050-11-01 00:00:00,0.9625258556237383
4989,27,3,2051-11-01 00:00:00,0.9594593028881152
4990,27,3,2052-11-01 00:00:00,0.9572600579969109
4991,27,3,2053-11-01 00:00:00,0.9595832040087465
4992,27,3,2024-04-01 00:00:00,0.19570182003703349
4993,27,3,2025-04-01 00:00:00,0.21970766215933502
4994,27,3,2026-04-01 00:00:00,0.24959880751162009
4995,27,3,2027-04-01 00:00:00,0.2827423572804751
4996,27,3,2028-04-01 00:00:00,0.3215234080380512
4997,27,3,2029-04-01 00:00:00,0.36287540704872545
4998,27,3,2030-04-01 00:00:00,0.4032981476546654
4999,27,3,2031-04-01 00:00:00,0.44356601185981626
5000,27,3,2032-04-01 00:00:00,0.4859401951156982
5001,27,3,2033-04-01 00:00:00,0.5297392412588393
5002,27,3,2034-04-01 00:00:00,0.5712770919504604
5003,27,3,2035-04-01 00:00:00,0.610615697750877
5004,27,3,2036-04-01 00:00:00,0.650697710275081
5005,27,3,2037-04-01 00:00:00,0.688859255429501
5006,27,3,2038-04-01 00:00:00,0.7297776005179659
5007,27,3,2039-04-01 00:00:00,0.7668859861470204
5008,27,3,2040-04-01 00:00:00,0.8014234235229768
5009,27,3,2041-04-01 00:00:00,0.8415673866074964
5010,27,3,2042-04-01 00:00:00,0.8804103879253883
5011,27,3,2043-04-01 00:00:00,0.916837317390971
5012,27,3,2044-04-01 00:00:00,0.9440336133695266
5013,27,3,2045-04-01 00:00:00,0.9697430959005077
5014,27,3,2046-04-01 00:00:00,0.9913018908903422
5015,27,3,2047-04-01 00:00:00,1.0119004521952848
5016,27,3,2048-04-01 00:00:00,1.0276358945154516
5017,27,3,2049-04-01 00:00:00,1.0460661862093474
5018,27,3,2050-04-01 00:00:00,1.062452109412828
5019,27,3,2051-04-01 00:00:00,1.0504337007115985
5020,27,3,2052-04-01 00:00:00,1.0380435886484751
5021,27,3,2053-04-01 00:00:00,1.032096334858176
5022,27,3,2054-04-01 00:00:00,1.0281314989979766
5023,28,1,2023-11-01 00:00:00,0
5024,28,1,2024-11-01 00:00:00,0
5025,28,1,2025-11-01 00:00:00,0
5026,28,1,2026-11-01 00:00:00,0
5027,28,1,2027-11-01 00:00:00,0
5028,28,1,2028-11-01 00:00:00,0
5029,28,1,2029-11-01 00:00:00,0
5030,28,1,2030-11-01 00:00:00,0
5031,28,1,2031-11-01 00:00:00,0
5032,28,1,2032-11-01 00:00:00,0
5033,28,1,2033-11-01 00:00:00,0
5034,28,1,2034-11-01 00:00:00,0
5035,28,1,2035-11-01 00:00:00,0
5036,28,1,2036-11-01 00:00:00,0
5037,28,1,2037-11-01 00:00:00,0
5038,28,1,2038-11-01 00:00:00,0
5039,28,1,2039-11-01 00:00:00,0
5040,28,1,2040-11-01 00:00:00,0
5041,28,1,2041-11-01 00:00:00,0
5042,28,1,2042-11-01 00:00:00,0
5043,28,1,2043-11-01 00:00:00,0
5044,28,1,2044-11-01 00:00:00,0
5045,28,1,2045-11-01 00:00:00,0
5046,28,1,2046-11-01 00:00:00,0
5047,28,1,2047-11-01 00:00:00,0
5048,28,1,2048-11-01 00:00:00,0
5049,28,1,2049-11-01 00:00:00,0
5050,28,1,2050-11-01 00:00:00,0
5051,28,1,2051-11-01 00:00:00,0
5052,28,1,2052-11-01 00:00:00,0
5053,28,1,2053-11-01 00:00:00,0
5054,28,1,2024-04-01 00:00:00,0
5055,28,1,2025-04-01 00:00:00,0
5056,28,1,2026-04-01 00:00:00,0
5057,28,1,2027-04-01 00:00:00,0
5058,28,1,2028-04-01 00:00:00,0
5059,28,1,2029-04-01 00:00:00,0
5060,28,1,2030-04-01 00:00:00,0
5061,28,1,2031-04-01 00:00:00,0
5062,28,1,2032-04-01 00:00:00,0
5063,28,1,2033-04-01 00:00:00,0
5064,28,1,2034-04-01 00:00:00,0
5065,28,1,2035-04-01 00:00:00,0
5066,28,1,2036-04-01 00:00:00,0
5067,28,1,2037-04-01 00:00:00,0
5068,28,1,2038-04-01 00:00:00,0
5069,28,1,2039-04-01 00:00:00,0
5070,28,1,2040-04-01 00:00:00,0
5071,28,1,2041-04-01 00:00:00,0
5072,28,1,2042-04-01 00:00:00,0
5073,28,1,2043-04-01 00:00:00,0
5074,28,1,2044-04-01 00:00:00,0
5075,28,1,2045-04-01 00:00:00,0
5076,28,1,2046-04-01 00:00:00,0
5077,28,1,2047-04-01 00:00:00,0
5078,28,1,2048-04-01 00:00:00,0
5079,28,1,2049-04-01 00:00:00,0
5080,28,1,2050-04-01 00:00:00,0
5081,28,1,2051-04-01 00:00:00,0
5082,28,1,2052-04-01 00:00:00,0
5083,28,1,2053-04-01 00:00:00,0
5084,28,1,2054-04-01 00:00:00,0
5085,28,2,2023-11-01 00:00:00,0
5086,28,2,2024-11-01 00:00:00,0
5087,28,2,2025-11-01 00:00:00,0
5088,28,2,2026-11-01 00:00:00,0
5089,28,2,2027-11-01 00:00:00,0
5090,28,2,2028-11-01 00:00:00,0
5091,28,2,2029-11-01 00:00:00,0
5092,28,2,2030-11-01 00:00:00,0
5093,28,2,2031-11-01 00:00:00,0
5094,28,2,2032-11-01 00:00:00,0
5095,28,2,2033-11-01 00:00:00,0
5096,28,2,2034-11-01 00:00:00,0
5097,28,2,2035-11-01 00:00:00,0
5098,28,2,2036-11-01 00:00:00,0
5099,28,2,2037-11-01 00:00:00,0
5100,28,2,2038-11-01 00:00:00,0
5101,28,2,2039-11-01 00:00:00,0
5102,28,2,2040-11-01 00:00:00,0
5103,28,2,2041-11-01 00:00:00,0
5104,28,2,2042-11-01 00:00:00,0
5105,28,2,2043-11-01 00:00:00,0
5106,28,2,2044-11-01 00:00:00,0
5107,28,2,2045-11-01 00:00:00,0
5108,28,2,2046-11-01 00:00:00,0
5109,28,2,2047-11-01 00:00:00,0
5110,28,2,2048-11-01 00:00:00,0
5111,28,2,2049-11-01 00:00:00,0
5112,28,2,2050-11-01 00:00:00,0
5113,28,2,2051-11-01 00:00:00,0
5114,28,2,2052-11-01 00:00:00,0
5115,28,2,2053-11-01 00:00:00,0
5116,28,2,2024-04-01 00:00:00,0
5117,28,2,2025-04-01 00:00:00,0
5118,28,2,2026-04-01 00:00:00,0
5119,28,2,2027-04-01 00:00:00,0
5120,28,2,2028-04-01 00:00:00,0
5121,28,2,2029-04-01 00:00:00,0
5122,28,2,2030-04-01 00:00:00,0
5123,28,2,2031-04-01 00:00:00,0
5124,28,2,2032-04-01 00:00:00,0
5125,28,2,2033-04-01 00:00:00,0
5126,28,2,2034-04-01 00:00:00,0
5127,28,2,2035-04-01 00:00:00,0
5128,28,2,2036-04-01 00:00:00,0
5129,28,2,2037-04-01 00:00:00,0
5130,28,2,2038-04-01 00:00:00,0
5131,28,2,2039-04-01 00:00:00,0
5132,28,2,2040-04-01 00:00:00,0
5133,28,2,2041-04-01 00:00:00,0
5134,28,2,2042-04-01 00:00:00,0
5135,28,2,2043-04-01 00:00:00,0
5136,28,2,2044-04-01 00:00:00,0
5137,28,2,2045-04-01 00:00:00,0
5138,28,2,2046-04-01 00:00:00,0
5139,28,2,2047-04-01 00:00:00,0
5140,28,2,2048-04-01 00:00:00,0
5141,28,2,2049-04-01 00:00:00,0
5142,28,2,2050-04-01 00:00:00,0
5143,28,2,2051-04-01 00:00:00,0
5144,28,2,2052-04-01 00:00:00,0
5145,28,2,2053-04-01 00:00:00,0
5146,28,2,2054-04-01 00:00:00,0
5147,28,3,2023-11-01 00:00:00,0
5148,28,3,2024-11-01 00:00:00,0
5149,28,3,2025-11-01 00:00:00,0
5150,28,3,2026-11-01 00:00:00,0
5151,28,3,2027-11-01 00:00:00,0
5152,28,3,2028-11-01 00:00:00,0
5153,28,3,2029-11-01 00:00:00,0
5154,28,3,2030-11-01 00:00:00,0
5155,28,3,2031-11-01 00:00:00,0
5156,28,3,2032-11-01 00:00:00,0
5157,28,3,2033-11-01 00:00:00,0
5158,28,3,2034-11-01 00:00:00,0
5159,28,3,2035-11-01 00:00:00,0
5160,28,3,2036-11-01 00:00:00,0
5161,28,3,2037-11-01 00:00:00,0
5162,28,3,2038-11-01 00:00:00,0
5163,28,3,2039-11-01 00:00:00,0
5164,28,3,2040-11-01 00:00:00,0
5165,28,3,2041-11-01 00:00:00,0
5166,28,3,2042-11-01 00:00:00,0
5167,28,3,2043-11-01 00:00:00,0
5168,28,3,2044-11-01 00:00:00,0
5169,28,3,2045-11-01 00:00:00,0
5170,28,3,2046-11-01 00:00:00,0
5171,28,3,2047-11-01 00:00:00,0
5172,28,3,2048-11-01 00:00:00,0
5173,28,3,2049-11-01 00:00:00,0
5174,28,3,2050-11-01 00:00:00,0
5175,28,3,2051-11-01 00:00:00,0
5176,28,3,2052-11-01 00:00:00,0
5177,28,3,2053-11-01 00:00:00,0
5178,28,3,2024-04-01 00:00:00,0
5179,28,3,2025-04-01 00:00:00,0
5180,28,3,2026-04-01 00:00:00,0
5181,28,3,2027-04-01 00:00:00,0
5182,28,3,2028-04-01 00:00:00,0
5183,28,3,2029-04-01 00:00:00,0
5184,28,3,2030-04-01 00:00:00,0
5185,28,3,2031-04-01 00:00:00,0
5186,28,3,2032-04-01 00:00:00,0
5187,28,3,2033-04-01 00:00:00,0
5188,28,3,2034-04-01 00:00:00,0
5189,28,3,2035-04-01 00:00:00,0
5190,28,3,2036-04-01 00:00:00,0
5191,28,3,2037-04-01 00:00:00,0
5192,28,3,2038-04-01 00:00:00,0
5193,28,3,2039-04-01 00:00:00,0
5194,28,3,2040-04-01 00:00:00,0
5195,28,3,2041-04-01 00:00:00,0
5196,28,3,2042-04-01 00:00:00,0
5197,28,3,2043-04-01 00:00:00,0
5198,28,3,2044-04-01 00:00:00,0
5199,28,3,2045-04-01 00:00:00,0
5200,28,3,2046-04-01 00:00:00,0
5201,28,3,2047-04-01 00:00:00,0
5202,28,3,2048-04-01 00:00:00,0
5203,28,3,2049-04-01 00:00:00,0
5204,28,3,2050-04-01 00:00:00,0
5205,28,3,2051-04-01 00:00:00,0
5206,28,3,2052-04-01 00:00:00,0
5207,28,3,2053-04-01 00:00:00,0
5208,28,3,2054-04-01 00:00:00,0
5209,29,1,2023-11-01 00:00:00,0
5210,29,1,2024-11-01 00:00:00,0
5211,29,1,2025-11-01 00:00:00,0
5212,29,1,2026-11-01 00:00:00,0
5213,29,1,2027-11-01 00:00:00,0
5214,29,1,2028-11-01 00:00:00,0
5215,29,1,2029-11-01 00:00:00,0
5216,29,1,2030-11-01 00:00:00,0
5217,29,1,2031-11-01 00:00:00,0
5218,29,1,2032-11-01 00:00:00,0
5219,29,1,2033-11-01 00:00:00,0
5220,29,1,2034-11-01 00:00:00,0
5221,29,1,2035-11-01 00:00:00,0
5222,29,1,2036-11-01 00:00:00,0
5223,29,1,2037-11-01 00:00:00,0
5224,29,1,2038-11-01 00:00:00,0
5225,29,1,2039-11-01 00:00:00,0
5226,29,1,2040-11-01 00:00:00,0
5227,29,1,2041-11-01 00:00:00,0
5228,29,1,2042-11-01 00:00:00,0
5229,29,1,2043-11-01 00:00:00,0
5230,29,1,2044-11-01 00:00:00,0
5231,29,1,2045-11-01 00:00:00,0
5232,29,1,2046-11-01 00:00:00,0
5233,29,1,2047-11-01 00:00:00,0
5234,29,1,2048-11-01 00:00:00,0
5235,29,1,2049-11-01 00:00:00,0
5236,29,1,2050-11-01 00:00:00,0
5237,29,1,2051-11-01 00:00:00,0
5238,29,1,2052-11-01 00:00:00,0
5239,29,1,2053-11-01 00:00:00,0
5240,29,1,2024-04-01 00:00:00,0
5241,29,1,2025-04-01 00:00:00,0
5242,29,1,2026-04-01 00:00:00,0
5243,29,1,2027-04-01 00:00:00,0
5244,29,1,2028-04-01 00:00:00,0
5245,29,1,2029-04-01 00:00:00,0
5246,29,1,2030-04-01 00:00:00,0
5247,29,1,2031-04-01 00:00:00,0
5248,29,1,2032-04-01 00:00:00,0
5249,29,1,2033-04-01 00:00:00,0
5250,29,1,2034-04-01 00:00:00,0
5251,29,1,2035-04-01 00:00:00,0
5252,29,1,2036-04-01 00:00:00,0
5253,29,1,2037-04-01 00:00:00,0
5254,29,1,2038-04-01 00:00:00,0
5255,29,1,2039-04-01 00:00:00,0
5256,29,1,2040-04-01 00:00:00,0
5257,29,1,2041-04-01 00:00:00,0
5258,29,1,2042-04-01 00:00:00,0
5259,29,1,2043-04-01 00:00:00,0
5260,29,1,2044-04-01 00:00:00,0
5261,29,1,2045-04-01 00:00:00,0
5262,29,1,2046-04-01 00:00:00,0
5263,29,1,2047-04-01 00:00:00,0
5264,29,1,2048-04-01 00:00:00,0
5265,29,1,2049-04-01 00:00:00,0
5266,29,1,2050-04-01 00:00:00,0
5267,29,1,2051-04-01 00:00:00,0
5268,29,1,2052-04-01 00:00:00,0
5269,29,1,2053-04-01 00:00:00,0
5270,29,1,2054-04-01 00:00:00,0
5271,29,2,2023-11-01 00:00:00,0
5272,29,2,2024-11-01 00:00:00,0
5273,29,2,2025-11-01 00:00:00,0
5274,29,2,2026-11-01 00:00:00,0
5275,29,2,2027-11-01 00:00:00,0
5276,29,2,2028-11-01 00:00:00,0
5277,29,2,2029-11-01 00:00:00,0
5278,29,2,2030-11-01 00:00:00,0
5279,29,2,2031-11-01 00:00:00,0
5280,29,2,2032-11-01 00:00:00,0
5281,29,2,2033-11-01 00:00:00,0
5282,29,2,2034-11-01 00:00:00,0
5283,29,2,2035-11-01 00:00:00,0
5284,29,2,2036-11-01 00:00:00,0
5285,29,2,2037-11-01 00:00:00,0
5286,29,2,2038-11-01 00:00:00,0
5287,29,2,2039-11-01 00:00:00,0
5288,29,2,2040-11-01 00:00:00,0
5289,29,2,2041-11-01 00:00:00,0
5290,29,2,2042-11-01 00:00:00,0
5291,29,2,2043-11-01 00:00:00,0
5292,29,2,2044-11-01 00:00:00,0
5293,29,2,2045-11-01 00:00:00,0
5294,29,2,2046-11-01 00:00:00,0
5295,29,2,2047-11-01 00:00:00,0
5296,29,2,2048-11-01 00:00:00,0
5297,29,2,2049-11-01 00:00:00,0
5298,29,2,2050-11-01 00:00:00,0
5299,29,2,2051-11-01 00:00:00,0
5300,29,2,2052-11-01 00:00:00,0
5301,29,2,2053-11-01 00:00:00,0
5302,29,2,2024-04-01 00:00:00,0
5303,29,2,2025-04-01 00:00:00,0
5304,29,2,2026-04-01 00:00:00,0
5305,29,2,2027-04-01 00:00:00,0
5306,29,2,2028-04-01 00:00:00,0
5307,29,2,2029-04-01 00:00:00,0
5308,29,2,2030-04-01 00:00:00,0
5309,29,2,2031-04-01 00:00:00,0
5310,29,2,2032-04-01 00:00:00,0
5311,29,2,2033-04-01 00:00:00,0
5312,29,2,2034-04-01 00:00:00,0
5313,29,2,2035-04-01 00:00:00,0
5314,29,2,2036-04-01 00:00:00,0
5315,29,2,2037-04-01 00:00:00,0
5316,29,2,2038-04-01 00:00:00,0
5317,29,2,2039-04-01 00:00:00,0
5318,29,2,2040-04-01 00:00:00,0
5319,29,2,2041-04-01 00:00:00,0
5320,29,2,2042-04-01 00:00:00,0
5321,29,2,2043-04-01 00:00:00,0
5322,29,2,2044-04-01 00:00:00,0
5323,29,2,2045-04-01 00:00:00,0
5324,29,2,2046-04-01 00:00:00,0
5325,29,2,2047-04-01 00:00:00,0
5326,29,2,2048-04-01 00:00:00,0
5327,29,2,2049-04-01 00:00:00,0
5328,29,2,2050-04-01 00:00:00,0
5329,29,2,2051-04-01 00:00:00,0
5330,29,2,2052-04-01 00:00:00,0
5331,29,2,2053-04-01 00:00:00,0
5332,29,2,2054-04-01 00:00:00,0
5333,29,3,2023-11-01 00:00:00,0
5334,29,3,2024-11-01 00:00:00,0
5335,29,3,2025-11-01 00:00:00,0
5336,29,3,2026-11-01 00:00:00,0
5337,29,3,2027-11-01 00:00:00,0
5338,29,3,2028-11-01 00:00:00,0
5339,29,3,2029-11-01 00:00:00,0
5340,29,3,2030-11-01 00:00:00,0
5341,29,3,2031-11-01 00:00:00,0
5342,29,3,2032-11-01 00:00:00,0
5343,29,3,2033-11-01 00:00:00,0
5344,29,3,2034-11-01 00:00:00,0
5345,29,3,2035-11-01 00:00:00,0
5346,29,3,2036-11-01 00:00:00,0
5347,29,3,2037-11-01 00:00:00,0
5348,29,3,2038-11-01 00:00:00,0
5349,29,3,2039-11-01 00:00:00,0
5350,29,3,2040-11-01 00:00:00,0
5351,29,3,2041-11-01 00:00:00,0
5352,29,3,2042-11-01 00:00:00,0
5353,29,3,2043-11-01 00:00:00,0
5354,29,3,2044-11-01 00:00:00,0
5355,29,3,2045-11-01 00:00:00,0
5356,29,3,2046-11-01 00:00:00,0
5357,29,3,2047-11-01 00:00:00,0
5358,29,3,2048-11-01 00:00:00,0
5359,29,3,2049-11-01 00:00:00,0
5360,29,3,2050-11-01 00:00:00,0
5361,29,3,2051-11-01 00:00:00,0
5362,29,3,2052-11-01 00:00:00,0
5363,29,3,2053-11-01 00:00:00,0
5364,29,3,2024-04-01 00:00:00,0
5365,29,3,2025-04-01 00:00:00,0
5366,29,3,2026-04-01 00:00:00,0
5367,29,3,2027-04-01 00:00:00,0
5368,29,3,2028-04-01 00:00:00,0
5369,29,3,2029-04-01 00:00:00,0
5370,29,3,2030-04-01 00:00:00,0
5371,29,3,2031-04-01 00:00:00,0
5372,29,3,2032-04-01 00:00:00,0
5373,29,3,2033-04-01 00:00:00,0
5374,29,3,2034-04-01 00:00:00,0
5375,29,3,2035-04-01 00:00:00,0
5376,29,3,2036-04-01 00:00:00,0
5377,29,3,2037-04-01 00:00:00,0
5378,29,3,2038-04-01 00:00:00,0
5379,29,3,2039-04-01 00:00:00,0
5380,29,3,2040-04-01 00:00:00,0
5381,29,3,2041-04-01 00:00:00,0
5382,29,3,2042-04-01 00:00:00,0
5383,29,3,2043-04-01 00:00:00,0
5384,29,3,2044-04-01 00:00:00,0
5385,29,3,2045-04-01 00:00:00,0
5386,29,3,2046-04-01 00:00:00,0
5387,29,3,2047-04-01 00:00:00,0
5388,29,3,2048-04-01 00:00:00,0
5389,29,3,2049-04-01 00:00:00,0
5390,29,3,2050-04-01 00:00:00,0
5391,29,3,2051-04-01 00:00:00,0
5392,29,3,2052-04-01 00:00:00,0
5393,29,3,2053-04-01 00:00:00,0
5394,29,3,2054-04-01 00:00:00,0
5395,30,1,2023-11-01 00:00:00,0
5396,30,1,2024-11-01 00:00:00,0
5397,30,1,2025-11-01 00:00:00,0
5398,30,1,2026-11-01 00:00:00,0
5399,30,1,2027-11-01 00:00:00,0
5400,30,1,2028-11-01 00:00:00,0
5401,30,1,2029-11-01 00:00:00,0
5402,30,1,2030-11-01 00:00:00,0
5403,30,1,2031-11-01 00:00:00,0
5404,30,1,2032-11-01 00:00:00,0
5405,30,1,2033-11-01 00:00:00,0
5406,30,1,2034-11-01 00:00:00,0
5407,30,1,2035-11-01 00:00:00,0
5408,30,1,2036-11-01 00:00:00,0
5409,30,1,2037-11-01 00:00:00,0
5410,30,1,2038-11-01 00:00:00,0
5411,30,1,2039-11-01 00:00:00,0
5412,30,1,2040-11-01 00:00:00,0
5413,30,1,2041-11-01 00:00:00,0
5414,30,1,2042-11-01 00:00:00,0
5415,30,1,2043-11-01 00:00:00,0
5416,30,1,2044-11-01 00:00:00,0
5417,30,1,2045-11-01 00:00:00,0
5418,30,1,2046-11-01 00:00:00,0
5419,30,1,2047-11-01 00:00:00,0
5420,30,1,2048-11-01 00:00:00,0
5421,30,1,2049-11-01 00:00:00,0
5422,30,1,2050-11-01 00:00:00,0
5423,30,1,2051-11-01 00:00:00,0
5424,30,1,2052-11-01 00:00:00,0
5425,30,1,2053-11-01 00:00:00,0
5426,30,1,2024-04-01 00:00:00,0
5427,30,1,2025-04-01 00:00:00,0
5428,30,1,2026-04-01 00:00:00,0
5429,30,1,2027-04-01 00:00:00,0
5430,30,1,2028-04-01 00:00:00,0
5431,30,1,2029-04-01 00:00:00,0
5432,30,1,2030-04-01 00:00:00,0
5433,30,1,2031-04-01 00:00:00,0
5434,30,1,2032-04-01 00:00:00,0
5435,30,1,2033-04-01 00:00:00,0
5436,30,1,2034-04-01 00:00:00,0
5437,30,1,2035-04-01 00:00:00,0
5438,30,1,2036-04-01 00:00:00,0
5439,30,1,2037-04-01 00:00:00,0
5440,30,1,2038-04-01 00:00:00,0
5441,30,1,2039-04-01 00:00:00,0
5442,30,1,2040-04-01 00:00:00,0
5443,30,1,2041-04-01 00:00:00,0
5444,30,1,2042-04-01 00:00:00,0
5445,30,1,2043-04-01 00:00:00,0
5446,30,1,2044-04-01 00:00:00,0
5447,30,1,2045-04-01 00:00:00,0
5448,30,1,2046-04-01 00:00:00,0
5449,30,1,2047-04-01 00:00:00,0
5450,30,1,2048-04-01 00:00:00,0
5451,30,1,2049-04-01 00:00:00,0
5452,30,1,2050-04-01 00:00:00,0
5453,30,1,2051-04-01 00:00:00,0
5454,30,1,2052-04-01 00:00:00,0
5455,30,1,2053-04-01 00:00:00,0
5456,30,1,2054-04-01 00:00:00,0
5457,30,2,2023-11-01 00:00:00,0
5458,30,2,2024-11-01 00:00:00,0
5459,30,2,2025-11-01 00:00:00,0
5460,30,2,2026-11-01 00:00:00,0
5461,30,2,2027-11-01 00:00:00,0
5462,30,2,2028-11-01 00:00:00,0
5463,30,2,2029-11-01 00:00:00,0
5464,30,2,2030-11-01 00:00:00,0
5465,30,2,2031-11-01 00:00:00,0
5466,30,2,2032-11-01 00:00:00,0
5467,30,2,2033-11-01 00:00:00,0
5468,30,2,2034-11-01 00:00:00,0
5469,30,2,2035-11-01 00:00:00,0
5470,30,2,2036-11-01 00:00:00,0
5471,30,2,2037-11-01 00:00:00,0
5472,30,2,2038-11-01 00:00:00,0
5473,30,2,2039-11-01 00:00:00,0
5474,30,2,2040-11-01 00:00:00,0
5475,30,2,2041-11-01 00:00:00,0
5476,30,2,2042-11-01 00:00:00,0
5477,30,2,2043-11-01 00:00:00,0
5478,30,2,2044-11-01 00:00:00,0
5479,30,2,2045-11-01 00:00:00,0
5480,30,2,2046-11-01 00:00:00,0
5481,30,2,2047-11-01 00:00:00,0
5482,30,2,2048-11-01 00:00:00,0
5483,30,2,2049-11-01 00:00:00,0
5484,30,2,2050-11-01 00:00:00,0
5485,30,2,2051-11-01 00:00:00,0
5486,30,2,2052-11-01 00:00:00,0
5487,30,2,2053-11-01 00:00:00,0
5488,30,2,2024-04-01 00:00:00,0
5489,30,2,2025-04-01 00:00:00,0
5490,30,2,2026-04-01 00:00:00,0
5491,30,2,2027-04-01 00:00:00,0
5492,30,2,2028-04-01 00:00:00,0
5493,30,2,2029-04-01 00:00:00,0
5494,30,2,2030-04-01 00:00:00,0
5495,30,2,2031-04-01 00:00:00,0
5496,30,2,2032-04-01 00:00:00,0
5497,30,2,2033-04-01 00:00:00,0
5498,30,2,2034-04-01 00:00:00,0
5499,30,2,2035-04-01 00:00:00,0
5500,30,2,2036-04-01 00:00:00,0
5501,30,2,2037-04-01 00:00:00,0
5502,30,2,2038-04-01 00:00:00,0
5503,30,2,2039-04-01 00:00:00,0
5504,30,2,2040-04-01 00:00:00,0
5505,30,2,2041-04-01 00:00:00,0
5506,30,2,2042-04-01 00:00:00,0
5507,30,2,2043-04-01 00:00:00,0
5508,30,2,2044-04-01 00:00:00,0
5509,30,2,2045-04-01 00:00:00,0
5510,30,2,2046-04-01 00:00:00,0
5511,30,2,2047-04-01 00:00:00,0
5512,30,2,2048-04-01 00:00:00,0
5513,30,2,2049-04-01 00:00:00,0
5514,30,2,2050-04-01 00:00:00,0
5515,30,2,2051-04-01 00:00:00,0
5516,30,2,2052-04-01 00:00:00,0
5517,30,2,2053-04-01 00:00:00,0
5518,30,2,2054-04-01 00:00:00,0
5519,30,3,2023-11-01 00:00:00,0
5520,30,3,2024-11-01 00:00:00,0
5521,30,3,2025-11-01 00:00:00,0
5522,30,3,2026-11-01 00:00:00,0
5523,30,3,2027-11-01 00:00:00,0
5524,30,3,2028-11-01 00:00:00,0
5525,30,3,2029-11-01 00:00:00,0
5526,30,3,2030-11-01 00:00:00,0
5527,30,3,2031-11-01 00:00:00,0
5528,30,3,2032-11-01 00:00:00,0
5529,30,3,2033-11-01 00:00:00,0
5530,30,3,2034-11-01 00:00:00,0
5531,30,3,2035-11-01 00:00:00,0
5532,30,3,2036-11-01 00:00:00,0
5533,30,3,2037-11-01 00:00:00,0
5534,30,3,2038-11-01 00:00:00,0
5535,30,3,2039-11-01 00:00:00,0
5536,30,3,2040-11-01 00:00:00,0
5537,30,3,2041-11-01 00:00:00,0
5538,30,3,2042-11-01 00:00:00,0
5539,30,3,2043-11-01 00:00:00,0
5540,30,3,2044-11-01 00:00:00,0
5541,30,3,2045-11-01 00:00:00,0
5542,30,3,2046-11-01 00:00:00,0
5543,30,3,2047-11-01 00:00:00,0
5544,30,3,2048-11-01 00:00:00,0
5545,30,3,2049-11-01 00:00:00,0
5546,30,3,2050-11-01 00:00:00,0
5547,30,3,2051-11-01 00:00:00,0
5548,30,3,2052-11-01 00:00:00,0
5549,30,3,2053-11-01 00:00:00,0
5550,30,3,2024-04-01 00:00:00,0
5551,30,3,2025-04-01 00:00:00,0
5552,30,3,2026-04-01 00:00:00,0
5553,30,3,2027-04-01 00:00:00,0
5554,30,3,2028-04-01 00:00:00,0
5555,30,3,2029-04-01 00:00:00,0
5556,30,3,2030-04-01 00:00:00,0
5557,30,3,2031-04-01 00:00:00,0
5558,30,3,2032-04-01 00:00:00,0
5559,30,3,2033-04-01 00:00:00,0
5560,30,3,2034-04-01 00:00:00,0
5561,30,3,2035-04-01 00:00:00,0
5562,30,3,2036-04-01 00:00:00,0
5563,30,3,2037-04-01 00:00:00,0
5564,30,3,2038-04-01 00:00:00,0
5565,30,3,2039-04-01 00:00:00,0
5566,30,3,2040-04-01 00:00:00,0
5567,30,3,2041-04-01 00:00:00,0
5568,30,3,2042-04-01 00:00:00,0
5569,30,3,2043-04-01 00:00:00,0
5570,30,3,2044-04-01 00:00:00,0
5571,30,3,2045-04-01 00:00:00,0
5572,30,3,2046-04-01 00:00:00,0
5573,30,3,2047-04-01 00:00:00,0
5574,30,3,2048-04-01 00:00:00,0
5575,30,3,2049-04-01 00:00:00,0
5576,30,3,2050-04-01 00:00:00,0
5577,30,3,2051-04-01 00:00:00,0
5578,30,3,2052-04-01 00:00:00,0
5579,30,3,2053-04-01 00:00:00,0
5580,30,3,2054-04-01 00:00:00,0
5581,31,1,2023-11-01 00:00:00,0.0665140827435761
5582,31,1,2024-11-01 00:00:00,0.067050996042076
5583,31,1,2025-11-01 00:00:00,0.06792479611610525
5584,31,1,2026-11-01 00:00:00,0.06576661521037036
5585,31,1,2027-11-01 00:00:00,0.06696677434819366
5586,31,1,2028-11-01 00:00:00,0.0685354033967522
5587,31,1,2029-11-01 00:00:00,0.07035669752695775
5588,31,1,2030-11-01 00:00:00,0.0715042181061046
5589,31,1,2031-11-01 00:00:00,0.07302020859598668
5590,31,1,2032-11-01 00:00:00,0.0740835074812512
5591,31,1,2033-11-01 00:00:00,0.07530472204254508
5592,31,1,2034-11-01 00:00:00,0.07604166186401555
5593,31,1,2035-11-01 00:00:00,0.07668385227986838
5594,31,1,2036-11-01 00:00:00,0.07727340413704474
5595,31,1,2037-11-01 00:00:00,0.07791559455289755
5596,31,1,2038-11-01 00:00:00,0.07861042352742684
5597,31,1,2039-11-01 00:00:00,0.07943158504277963
5598,31,1,2040-11-01 00:00:00,0.0802843296933383
5599,31,1,2041-11-01 00:00:00,0.08077913214489703
5600,31,1,2042-11-01 00:00:00,0.08143185027248515
5601,31,1,2043-11-01 00:00:00,0.08181084789495566
5602,31,1,2044-11-01 00:00:00,0.08198981899445562
5603,31,1,2045-11-01 00:00:00,0.08241092746386733
5604,31,1,2046-11-01 00:00:00,0.08251620458122023
5605,31,1,2047-11-01 00:00:00,0.08228459492304381
5606,31,1,2048-11-01 00:00:00,0.08181084789495566
5607,31,1,2049-11-01 00:00:00,0.08166345993066157
5608,31,1,2050-11-01 00:00:00,0.08190559730057329
5609,31,1,2051-11-01 00:00:00,0.08238987204039674
5610,31,1,2052-11-01 00:00:00,0.08305311787972014
5611,31,1,2053-11-01 00:00:00,0.08327419982616127
5612,31,1,2024-04-01 00:00:00,0.0665140827435761
5613,31,1,2025-04-01 00:00:00,0.0677247695931347
5614,31,1,2026-04-01 00:00:00,0.06690360807778191
5615,31,1,2027-04-01 00:00:00,0.0673352442589289
5616,31,1,2028-04-01 00:00:00,0.0693460372003697
5617,31,1,2029-04-01 00:00:00,0.07184110488163395
5618,31,1,2030-04-01 00:00:00,0.07404139663431002
5619,31,1,2031-04-01 00:00:00,0.0762416883869861
5620,31,1,2032-04-01 00:00:00,0.07831564759883866
5621,31,1,2033-04-01 00:00:00,0.07993691520607366
5622,31,1,2034-04-01 00:00:00,0.08125287917298518
5623,31,1,2035-04-01 00:00:00,0.08231617805824969
5624,31,1,2036-04-01 00:00:00,0.08354792033127888
5625,31,1,2037-04-01 00:00:00,0.08482177345124922
5626,31,1,2038-04-01 00:00:00,0.08623248682377839
5627,31,1,2039-04-01 00:00:00,0.08734842426771935
5628,31,1,2040-04-01 00:00:00,0.08820116891827803
5629,31,1,2041-04-01 00:00:00,0.08941185576783664
5630,31,1,2042-04-01 00:00:00,0.09088573541077753
5631,31,1,2043-04-01 00:00:00,0.09190692344910088
5632,31,1,2044-04-01 00:00:00,0.09253858615321842
5633,31,1,2045-04-01 00:00:00,0.09288600064048307
5634,31,1,2046-04-01 00:00:00,0.09351766334460059
5635,31,1,2047-04-01 00:00:00,0.09425460316607104
5636,31,1,2048-04-01 00:00:00,0.09489679358192386
5637,31,1,2049-04-01 00:00:00,0.09543370688042377
5638,31,1,2050-04-01 00:00:00,0.09570742738554136
5639,31,1,2051-04-01 00:00:00,0.0952547357809238
5640,31,1,2052-04-01 00:00:00,0.09617064670189422
5641,31,1,2053-04-01 00:00:00,0.09671808771212942
5642,31,1,2054-04-01 00:00:00,0.09693916965857055
5643,31,2,2023-11-01 00:00:00,0.0665140827435761
5644,31,2,2024-11-01 00:00:00,0.06876701305492862
5645,31,2,2025-11-01 00:00:00,0.07156738437651636
5646,31,2,2026-11-01 00:00:00,0.07500994611395691
5647,31,2,2027-11-01 00:00:00,0.07829459217536808
5648,31,2,2028-11-01 00:00:00,0.0822951226347791
5649,31,2,2029-11-01 00:00:00,0.08625354224724897
5650,31,2,2030-11-01 00:00:00,0.09025407270666001
5651,31,2,2031-11-01 00:00:00,0.09475993332936507
5652,31,2,2032-11-01 00:00:00,0.09896049031174665
5653,31,2,2033-11-01 00:00:00,0.10371901601609872
5654,31,2,2034-11-01 00:00:00,0.10789851757500972
5655,31,2,2035-11-01 00:00:00,0.11190957574615605
5656,31,2,2036-11-01 00:00:00,0.11595221705250826
5657,31,2,2037-11-01 00:00:00,0.11984747039456638
5658,31,2,2038-11-01 00:00:00,0.12349005865497747
5659,31,2,2039-11-01 00:00:00,0.12695367581588862
5660,31,2,2040-11-01 00:00:00,0.13065943034671146
5661,31,2,2041-11-01 00:00:00,0.13380721615556382
5662,31,2,2042-11-01 00:00:00,0.13694447425268091
5663,31,2,2043-11-01 00:00:00,0.1400501492145921
5664,31,2,2044-11-01 00:00:00,0.14270313257188574
5665,31,2,2045-11-01 00:00:00,0.14550350389347347
5666,31,2,2046-11-01 00:00:00,0.14777748962829657
5667,31,2,2047-11-01 00:00:00,0.15040941756211962
5668,31,2,2048-11-01 00:00:00,0.15265182016173687
5669,31,2,2049-11-01 00:00:00,0.15485211191441292
5670,31,2,2050-11-01 00:00:00,0.15589435537620688
5671,31,2,2051-11-01 00:00:00,0.1569365988380008
5672,31,2,2052-11-01 00:00:00,0.15805253628194174
5673,31,2,2053-11-01 00:00:00,0.15871578212126516
5674,31,2,2024-04-01 00:00:00,0.0665140827435761
5675,31,2,2025-04-01 00:00:00,0.0690828444069874
5676,31,2,2026-04-01 00:00:00,0.07294651461383964
5677,31,2,2027-04-01 00:00:00,0.07712601617275064
5678,31,2,2028-04-01 00:00:00,0.08197929128272034
5679,31,2,2029-04-01 00:00:00,0.08709575918607235
5680,31,2,2030-04-01 00:00:00,0.0921385331072773
5681,31,2,2031-04-01 00:00:00,0.09730763956930578
5682,31,2,2032-04-01 00:00:00,0.10284521594206947
5683,31,2,2033-04-01 00:00:00,0.10790904528674503
5684,31,2,2034-04-01 00:00:00,0.1129412914962147
5685,31,2,2035-04-01 00:00:00,0.11786826058833143
5686,31,2,2036-04-01 00:00:00,0.12369008517794802
5687,31,2,2037-04-01 00:00:00,0.12904869045121176
5688,31,2,2038-04-01 00:00:00,0.13417568606629907
5689,31,2,2039-04-01 00:00:00,0.1385762695716512
5690,31,2,2040-04-01 00:00:00,0.14254521689585636
5691,31,2,2041-04-01 00:00:00,0.147324798023679
5692,31,2,2042-04-01 00:00:00,0.15226229482753104
5693,31,2,2043-04-01 00:00:00,0.15710504222576546
5694,31,2,2044-04-01 00:00:00,0.16074763048617655
5695,31,2,2045-04-01 00:00:00,0.16374802833073482
5696,31,2,2046-04-01 00:00:00,0.16749589370849885
5697,31,2,2047-04-01 00:00:00,0.17166486755567456
5698,31,2,2048-04-01 00:00:00,0.17562328716814443
5699,31,2,2049-04-01 00:00:00,0.17908690432905558
5700,31,2,2050-04-01 00:00:00,0.18198202505626093
5701,31,2,2051-04-01 00:00:00,0.18126614065826105
5702,31,2,2052-04-01 00:00:00,0.18190833107411386
5703,31,2,2053-04-01 00:00:00,0.18218205157923148
5704,31,2,2054-04-01 00:00:00,0.18209782988534914
5705,31,3,2023-11-01 00:00:00,0.0665140827435761
5706,31,3,2024-11-01 00:00:00,0.07418878459860412
5707,31,3,2025-11-01 00:00:00,0.08327419982616127
5708,31,3,2026-11-01 00:00:00,0.09382296698492407
5709,31,3,2027-11-01 00:00:00,0.10458228837839269
5710,31,3,2028-11-01 00:00:00,0.11596274476424356
5711,31,3,2029-11-01 00:00:00,0.12721686860927092
5712,31,3,2030-11-01 00:00:00,0.13855521414818062
5713,31,3,2031-11-01 00:00:00,0.15088316459020776
5714,31,3,2032-11-01 00:00:00,0.16349536324908784
5715,31,3,2033-11-01 00:00:00,0.17666553062993837
5716,31,3,2034-11-01 00:00:00,0.1883302352326421
5717,31,3,2035-11-01 00:00:00,0.1991211397613166
5718,31,3,2036-11-01 00:00:00,0.21000679369560873
5719,31,3,2037-11-01 00:00:00,0.22171360914525368
5720,31,3,2038-11-01 00:00:00,0.23291509443160457
5721,31,3,2039-11-01 00:00:00,0.24459032674604364
5722,31,3,2040-11-01 00:00:00,0.25629714219568855
5723,31,3,2041-11-01 00:00:00,0.2667511599488337
5724,31,3,2042-11-01 00:00:00,0.27698409575553773
5725,31,3,2043-11-01 00:00:00,0.2869959496158006
5726,31,3,2044-11-01 00:00:00,0.2960603094198872
5727,31,3,2045-11-01 00:00:00,0.30419823059126805
5728,31,3,2046-11-01 00:00:00,0.3107254118671492
5729,31,3,2047-11-01 00:00:00,0.315473409859766
5730,31,3,2048-11-01 00:00:00,0.320768848862618
5731,31,3,2049-11-01 00:00:00,0.3276434446257638
5732,31,3,2050-11-01 00:00:00,0.32713811446246976
5733,31,3,2051-11-01 00:00:00,0.32609587100067583
5734,31,3,2052-11-01 00:00:00,0.32534840346747007
5735,31,3,2053-11-01 00:00:00,0.326137981847617
5736,31,3,2024-04-01 00:00:00,0.0665140827435761
5737,31,3,2025-04-01 00:00:00,0.07467305933842756
5738,31,3,2026-04-01 00:00:00,0.08483230116298453
5739,31,3,2027-04-01 00:00:00,0.09609695271974718
5740,31,3,2028-04-01 00:00:00,0.109277647812333
5741,31,3,2029-04-01 00:00:00,0.1233321429789481
5742,31,3,2030-04-01 00:00:00,0.1370708067935044
5743,31,3,2031-04-01 00:00:00,0.15075683204938425
5744,31,3,2032-04-01 00:00:00,0.16515874170326397
5745,31,3,2033-04-01 00:00:00,0.18004492609696718
5746,31,3,2034-04-01 00:00:00,0.194162587533994
5747,31,3,2035-04-01 00:00:00,0.2075327814378151
5748,31,3,2036-04-01 00:00:00,0.22115564042328317
5749,31,3,2037-04-01 00:00:00,0.23412578128116315
5750,31,3,2038-04-01 00:00:00,0.24803288848348415
5751,31,3,2039-04-01 00:00:00,0.26064508714236423
5752,31,3,2040-04-01 00:00:00,0.27238348572721505
5753,31,3,2041-04-01 00:00:00,0.2860274001361537
5754,31,3,2042-04-01 00:00:00,0.2992291506522101
5755,31,3,2043-04-01 00:00:00,0.3116097396529138
5756,31,3,2044-04-01 00:00:00,0.32085307055650025
5757,31,3,2045-04-01 00:00:00,0.3295910712967928
5758,31,3,2046-04-01 00:00:00,0.33691835866455616
5759,31,3,2047-04-01 00:00:00,0.34391928696852553
5760,31,3,2048-04-01 00:00:00,0.3492673645300539
5761,31,3,2049-04-01 00:00:00,0.3555313530125528
5762,31,3,2050-04-01 00:00:00,0.3611005125205224
5763,31,3,2051-04-01 00:00:00,0.357015760367229
5764,31,3,2052-04-01 00:00:00,0.35280467567311213
5765,31,3,2053-04-01 00:00:00,0.350783355019936
5766,31,3,2054-04-01 00:00:00,0.34943580791781864
5767,32,1,2023-11-01 00:00:00,0
5768,32,1,2024-11-01 00:00:00,0
5769,32,1,2025-11-01 00:00:00,0
5770,32,1,2026-11-01 00:00:00,0
5771,32,1,2027-11-01 00:00:00,0
5772,32,1,2028-11-01 00:00:00,0
5773,32,1,2029-11-01 00:00:00,0
5774,32,1,2030-11-01 00:00:00,0
5775,32,1,2031-11-01 00:00:00,0
5776,32,1,2032-11-01 00:00:00,0
5777,32,1,2033-11-01 00:00:00,0
5778,32,1,2034-11-01 00:00:00,0
5779,32,1,2035-11-01 00:00:00,0
5780,32,1,2036-11-01 00:00:00,0
5781,32,1,2037-11-01 00:00:00,0
5782,32,1,2038-11-01 00:00:00,0
5783,32,1,2039-11-01 00:00:00,0
5784,32,1,2040-11-01 00:00:00,0
5785,32,1,2041-11-01 00:00:00,0
5786,32,1,2042-11-01 00:00:00,0
5787,32,1,2043-11-01 00:00:00,0
5788,32,1,2044-11-01 00:00:00,0
5789,32,1,2045-11-01 00:00:00,0
5790,32,1,2046-11-01 00:00:00,0
5791,32,1,2047-11-01 00:00:00,0
5792,32,1,2048-11-01 00:00:00,0
5793,32,1,2049-11-01 00:00:00,0
5794,32,1,2050-11-01 00:00:00,0
5795,32,1,2051-11-01 00:00:00,0
5796,32,1,2052-11-01 00:00:00,0
5797,32,1,2053-11-01 00:00:00,0
5798,32,1,2024-04-01 00:00:00,0
5799,32,1,2025-04-01 00:00:00,0
5800,32,1,2026-04-01 00:00:00,0
5801,32,1,2027-04-01 00:00:00,0
5802,32,1,2028-04-01 00:00:00,0
5803,32,1,2029-04-01 00:00:00,0
5804,32,1,2030-04-01 00:00:00,0
5805,32,1,2031-04-01 00:00:00,0
5806,32,1,2032-04-01 00:00:00,0
5807,32,1,2033-04-01 00:00:00,0
5808,32,1,2034-04-01 00:00:00,0
5809,32,1,2035-04-01 00:00:00,0
5810,32,1,2036-04-01 00:00:00,0
5811,32,1,2037-04-01 00:00:00,0
5812,32,1,2038-04-01 00:00:00,0
5813,32,1,2039-04-01 00:00:00,0
5814,32,1,2040-04-01 00:00:00,0
5815,32,1,2041-04-01 00:00:00,0
5816,32,1,2042-04-01 00:00:00,0
5817,32,1,2043-04-01 00:00:00,0
5818,32,1,2044-04-01 00:00:00,0
5819,32,1,2045-04-01 00:00:00,0
5820,32,1,2046-04-01 00:00:00,0
5821,32,1,2047-04-01 00:00:00,0
5822,32,1,2048-04-01 00:00:00,0
5823,32,1,2049-04-01 00:00:00,0
5824,32,1,2050-04-01 00:00:00,0
5825,32,1,2051-04-01 00:00:00,0
5826,32,1,2052-04-01 00:00:00,0
5827,32,1,2053-04-01 00:00:00,0
5828,32,1,2054-04-01 00:00:00,0
5829,32,2,2023-11-01 00:00:00,0
5830,32,2,2024-11-01 00:00:00,0
5831,32,2,2025-11-01 00:00:00,0
5832,32,2,2026-11-01 00:00:00,0
5833,32,2,2027-11-01 00:00:00,0
5834,32,2,2028-11-01 00:00:00,0
5835,32,2,2029-11-01 00:00:00,0
5836,32,2,2030-11-01 00:00:00,0
5837,32,2,2031-11-01 00:00:00,0
5838,32,2,2032-11-01 00:00:00,0
5839,32,2,2033-11-01 00:00:00,0
5840,32,2,2034-11-01 00:00:00,0
5841,32,2,2035-11-01 00:00:00,0
5842,32,2,2036-11-01 00:00:00,0
5843,32,2,2037-11-01 00:00:00,0
5844,32,2,2038-11-01 00:00:00,0
5845,32,2,2039-11-01 00:00:00,0
5846,32,2,2040-11-01 00:00:00,0
5847,32,2,2041-11-01 00:00:00,0
5848,32,2,2042-11-01 00:00:00,0
5849,32,2,2043-11-01 00:00:00,0
5850,32,2,2044-11-01 00:00:00,0
5851,32,2,2045-11-01 00:00:00,0
5852,32,2,2046-11-01 00:00:00,0
5853,32,2,2047-11-01 00:00:00,0
5854,32,2,2048-11-01 00:00:00,0
5855,32,2,2049-11-01 00:00:00,0
5856,32,2,2050-11-01 00:00:00,0
5857,32,2,2051-11-01 00:00:00,0
5858,32,2,2052-11-01 00:00:00,0
5859,32,2,2053-11-01 00:00:00,0
5860,32,2,2024-04-01 00:00:00,0
5861,32,2,2025-04-01 00:00:00,0
5862,32,2,2026-04-01 00:00:00,0
5863,32,2,2027-04-01 00:00:00,0
5864,32,2,2028-04-01 00:00:00,0
5865,32,2,2029-04-01 00:00:00,0
5866,32,2,2030-04-01 00:00:00,0
5867,32,2,2031-04-01 00:00:00,0
5868,32,2,2032-04-01 00:00:00,0
5869,32,2,2033-04-01 00:00:00,0
5870,32,2,2034-04-01 00:00:00,0
5871,32,2,2035-04-01 00:00:00,0
5872,32,2,2036-04-01 00:00:00,0
5873,32,2,2037-04-01 00:00:00,0
5874,32,2,2038-04-01 00:00:00,0
5875,32,2,2039-04-01 00:00:00,0
5876,32,2,2040-04-01 00:00:00,0
5877,32,2,2041-04-01 00:00:00,0
5878,32,2,2042-04-01 00:00:00,0
5879,32,2,2043-04-01 00:00:00,0
5880,32,2,2044-04-01 00:00:00,0
5881,32,2,2045-04-01 00:00:00,0
5882,32,2,2046-04-01 00:00:00,0
5883,32,2,2047-04-01 00:00:00,0
5884,32,2,2048-04-01 00:00:00,0
5885,32,2,2049-04-01 00:00:00,0
5886,32,2,2050-04-01 00:00:00,0
5887,32,2,2051-04-01 00:00:00,0
5888,32,2,2052-04-01 00:00:00,0
5889,32,2,2053-04-01 00:00:00,0
5890,32,2,2054-04-01 00:00:00,0
5891,32,3,2023-11-01 00:00:00,0
5892,32,3,2024-11-01 00:00:00,0
5893,32,3,2025-11-01 00:00:00,0
5894,32,3,2026-11-01 00:00:00,0
5895,32,3,2027-11-01 00:00:00,0
5896,32,3,2028-11-01 00:00:00,0
5897,32,3,2029-11-01 00:00:00,0
5898,32,3,2030-11-01 00:00:00,0
5899,32,3,2031-11-01 00:00:00,0
5900,32,3,2032-11-01 00:00:00,0
5901,32,3,2033-11-01 00:00:00,0
5902,32,3,2034-11-01 00:00:00,0
5903,32,3,2035-11-01 00:00:00,0
5904,32,3,2036-11-01 00:00:00,0
5905,32,3,2037-11-01 00:00:00,0
5906,32,3,2038-11-01 00:00:00,0
5907,32,3,2039-11-01 00:00:00,0
5908,32,3,2040-11-01 00:00:00,0
5909,32,3,2041-11-01 00:00:00,0
5910,32,3,2042-11-01 00:00:00,0
5911,32,3,2043-11-01 00:00:00,0
5912,32,3,2044-11-01 00:00:00,0
5913,32,3,2045-11-01 00:00:00,0
5914,32,3,2046-11-01 00:00:00,0
5915,32,3,2047-11-01 00:00:00,0
5916,32,3,2048-11-01 00:00:00,0
5917,32,3,2049-11-01 00:00:00,0
5918,32,3,2050-11-01 00:00:00,0
5919,32,3,2051-11-01 00:00:00,0
5920,32,3,2052-11-01 00:00:00,0
5921,32,3,2053-11-01 00:00:00,0
5922,32,3,2024-04-01 00:00:00,0
5923,32,3,2025-04-01 00:00:00,0
5924,32,3,2026-04-01 00:00:00,0
5925,32,3,2027-04-01 00:00:00,0
5926,32,3,2028-04-01 00:00:00,0
5927,32,3,2029-04-01 00:00:00,0
5928,32,3,2030-04-01 00:00:00,0
5929,32,3,2031-04-01 00:00:00,0
5930,32,3,2032-04-01 00:00:00,0
5931,32,3,2033-04-01 00:00:00,0
5932,32,3,2034-04-01 00:00:00,0
5933,32,3,2035-04-01 00:00:00,0
5934,32,3,2036-04-01 00:00:00,0
5935,32,3,2037-04-01 00:00:00,0
5936,32,3,2038-04-01 00:00:00,0
5937,32,3,2039-04-01 00:00:00,0
5938,32,3,2040-04-01 00:00:00,0
5939,32,3,2041-04-01 00:00:00,0
5940,32,3,2042-04-01 00:00:00,0
5941,32,3,2043-04-01 00:00:00,0
5942,32,3,2044-04-01 00:00:00,0
5943,32,3,2045-04-01 00:00:00,0
5944,32,3,2046-04-01 00:00:00,0
5945,32,3,2047-04-01 00:00:00,0
5946,32,3,2048-04-01 00:00:00,0
5947,32,3,2049-04-01 00:00:00,0
5948,32,3,2050-04-01 00:00:00,0
5949,32,3,2051-04-01 00:00:00,0
5950,32,3,2052-04-01 00:00:00,0
5951,32,3,2053-04-01 00:00:00,0
5952,32,3,2054-04-01 00:00:00,0
